The number of OMP threads per trainer is set to 6
Namespace(cache_server_addr='127.0.0.1', cache_server_port=32451, graph_name='ogbn-products', id=None, ip_config='ip_config4.txt', part_config=None, n_classes=None, num_gpus=8, num_epochs=20, num_hidden=64, fan_out='5,10,15', batch_size=1000, batch_size_eval=100000, log_every=20, eval_every=51, lr=0.003, dropout=0.5, local_rank=None, standalone=False, sparse_lr=0.01, presampling=True, hot_threshold=0.1, emb_cache_rate=0.2)
Namespace(cache_server_addr='127.0.0.1', cache_server_port=32451, graph_name='ogbn-products', id=None, ip_config='ip_config4.txt', part_config=None, n_classes=None, num_gpus=8, num_epochs=20, num_hidden=64, fan_out='5,10,15', batch_size=1000, batch_size_eval=100000, log_every=20, eval_every=51, lr=0.003, dropout=0.5, local_rank=None, standalone=False, sparse_lr=0.01, presampling=True, hot_threshold=0.1, emb_cache_rate=0.2)
Namespace(cache_server_addr='127.0.0.1', cache_server_port=32451, graph_name='ogbn-products', id=None, ip_config='ip_config4.txt', part_config=None, n_classes=None, num_gpus=8, num_epochs=20, num_hidden=64, fan_out='5,10,15', batch_size=1000, batch_size_eval=100000, log_every=20, eval_every=51, lr=0.003, dropout=0.5, local_rank=None, standalone=False, sparse_lr=0.01, presampling=True, hot_threshold=0.1, emb_cache_rate=0.2)
Namespace(cache_server_addr='127.0.0.1', cache_server_port=32451, graph_name='ogbn-products', id=None, ip_config='ip_config4.txt', part_config=None, n_classes=None, num_gpus=8, num_epochs=20, num_hidden=64, fan_out='5,10,15', batch_size=1000, batch_size_eval=100000, log_every=20, eval_every=51, lr=0.003, dropout=0.5, local_rank=None, standalone=False, sparse_lr=0.01, presampling=True, hot_threshold=0.1, emb_cache_rate=0.2)
Namespace(cache_server_addr='127.0.0.1', cache_server_port=32451, graph_name='ogbn-products', id=None, ip_config='ip_config4.txt', part_config=None, n_classes=None, num_gpus=8, num_epochs=20, num_hidden=64, fan_out='5,10,15', batch_size=1000, batch_size_eval=100000, log_every=20, eval_every=51, lr=0.003, dropout=0.5, local_rank=None, standalone=False, sparse_lr=0.01, presampling=True, hot_threshold=0.1, emb_cache_rate=0.2)
Namespace(cache_server_addr='127.0.0.1', cache_server_port=32451, graph_name='ogbn-products', id=None, ip_config='ip_config4.txt', part_config=None, n_classes=None, num_gpus=8, num_epochs=20, num_hidden=64, fan_out='5,10,15', batch_size=1000, batch_size_eval=100000, log_every=20, eval_every=51, lr=0.003, dropout=0.5, local_rank=None, standalone=False, sparse_lr=0.01, presampling=True, hot_threshold=0.1, emb_cache_rate=0.2)
Namespace(cache_server_addr='127.0.0.1', cache_server_port=32451, graph_name='ogbn-products', id=None, ip_config='ip_config4.txt', part_config=None, n_classes=None, num_gpus=8, num_epochs=20, num_hidden=64, fan_out='5,10,15', batch_size=1000, batch_size_eval=100000, log_every=20, eval_every=51, lr=0.003, dropout=0.5, local_rank=None, standalone=False, sparse_lr=0.01, presampling=True, hot_threshold=0.1, emb_cache_rate=0.2)
Namespace(cache_server_addr='127.0.0.1', cache_server_port=32451, graph_name='ogbn-products', id=None, ip_config='ip_config4.txt', part_config=None, n_classes=None, num_gpus=8, num_epochs=20, num_hidden=64, fan_out='5,10,15', batch_size=1000, batch_size_eval=100000, log_every=20, eval_every=51, lr=0.003, dropout=0.5, local_rank=None, standalone=False, sparse_lr=0.01, presampling=True, hot_threshold=0.1, emb_cache_rate=0.2)
Namespace(cache_server_addr='127.0.0.1', cache_server_port=32451, graph_name='ogbn-products', id=None, ip_config='ip_config4.txt', part_config=None, n_classes=None, num_gpus=8, num_epochs=20, num_hidden=64, fan_out='5,10,15', batch_size=1000, batch_size_eval=100000, log_every=20, eval_every=51, lr=0.003, dropout=0.5, local_rank=None, standalone=False, sparse_lr=0.01, presampling=True, hot_threshold=0.1, emb_cache_rate=0.2)
Namespace(cache_server_addr='127.0.0.1', cache_server_port=32451, graph_name='ogbn-products', id=None, ip_config='ip_config4.txt', part_config=None, n_classes=None, num_gpus=8, num_epochs=20, num_hidden=64, fan_out='5,10,15', batch_size=1000, batch_size_eval=100000, log_every=20, eval_every=51, lr=0.003, dropout=0.5, local_rank=None, standalone=False, sparse_lr=0.01, presampling=True, hot_threshold=0.1, emb_cache_rate=0.2)
Namespace(cache_server_addr='127.0.0.1', cache_server_port=32451, graph_name='ogbn-products', id=None, ip_config='ip_config4.txt', part_config=None, n_classes=None, num_gpus=8, num_epochs=20, num_hidden=64, fan_out='5,10,15', batch_size=1000, batch_size_eval=100000, log_every=20, eval_every=51, lr=0.003, dropout=0.5, local_rank=None, standalone=False, sparse_lr=0.01, presampling=True, hot_threshold=0.1, emb_cache_rate=0.2)
Namespace(cache_server_addr='127.0.0.1', cache_server_port=32451, graph_name='ogbn-products', id=None, ip_config='ip_config4.txt', part_config=None, n_classes=None, num_gpus=8, num_epochs=20, num_hidden=64, fan_out='5,10,15', batch_size=1000, batch_size_eval=100000, log_every=20, eval_every=51, lr=0.003, dropout=0.5, local_rank=None, standalone=False, sparse_lr=0.01, presampling=True, hot_threshold=0.1, emb_cache_rate=0.2)
Namespace(cache_server_addr='127.0.0.1', cache_server_port=32451, graph_name='ogbn-products', id=None, ip_config='ip_config4.txt', part_config=None, n_classes=None, num_gpus=8, num_epochs=20, num_hidden=64, fan_out='5,10,15', batch_size=1000, batch_size_eval=100000, log_every=20, eval_every=51, lr=0.003, dropout=0.5, local_rank=None, standalone=False, sparse_lr=0.01, presampling=True, hot_threshold=0.1, emb_cache_rate=0.2)
Namespace(cache_server_addr='127.0.0.1', cache_server_port=32451, graph_name='ogbn-products', id=None, ip_config='ip_config4.txt', part_config=None, n_classes=None, num_gpus=8, num_epochs=20, num_hidden=64, fan_out='5,10,15', batch_size=1000, batch_size_eval=100000, log_every=20, eval_every=51, lr=0.003, dropout=0.5, local_rank=None, standalone=False, sparse_lr=0.01, presampling=True, hot_threshold=0.1, emb_cache_rate=0.2)
Namespace(cache_server_addr='127.0.0.1', cache_server_port=32451, graph_name='ogbn-products', id=None, ip_config='ip_config4.txt', part_config=None, n_classes=None, num_gpus=8, num_epochs=20, num_hidden=64, fan_out='5,10,15', batch_size=1000, batch_size_eval=100000, log_every=20, eval_every=51, lr=0.003, dropout=0.5, local_rank=None, standalone=False, sparse_lr=0.01, presampling=True, hot_threshold=0.1, emb_cache_rate=0.2)
Namespace(cache_server_addr='127.0.0.1', cache_server_port=32451, graph_name='ogbn-products', id=None, ip_config='ip_config4.txt', part_config=None, n_classes=None, num_gpus=8, num_epochs=20, num_hidden=64, fan_out='5,10,15', batch_size=1000, batch_size_eval=100000, log_every=20, eval_every=51, lr=0.003, dropout=0.5, local_rank=None, standalone=False, sparse_lr=0.01, presampling=True, hot_threshold=0.1, emb_cache_rate=0.2)
Namespace(cache_server_addr='127.0.0.1', cache_server_port=32451, graph_name='ogbn-products', id=None, ip_config='ip_config4.txt', part_config=None, n_classes=None, num_gpus=8, num_epochs=20, num_hidden=64, fan_out='5,10,15', batch_size=1000, batch_size_eval=100000, log_every=20, eval_every=51, lr=0.003, dropout=0.5, local_rank=None, standalone=False, sparse_lr=0.01, presampling=True, hot_threshold=0.1, emb_cache_rate=0.2)
Namespace(cache_server_addr='127.0.0.1', cache_server_port=32451, graph_name='ogbn-products', id=None, ip_config='ip_config4.txt', part_config=None, n_classes=None, num_gpus=8, num_epochs=20, num_hidden=64, fan_out='5,10,15', batch_size=1000, batch_size_eval=100000, log_every=20, eval_every=51, lr=0.003, dropout=0.5, local_rank=None, standalone=False, sparse_lr=0.01, presampling=True, hot_threshold=0.1, emb_cache_rate=0.2)
Namespace(cache_server_addr='127.0.0.1', cache_server_port=32451, graph_name='ogbn-products', id=None, ip_config='ip_config4.txt', part_config=None, n_classes=None, num_gpus=8, num_epochs=20, num_hidden=64, fan_out='5,10,15', batch_size=1000, batch_size_eval=100000, log_every=20, eval_every=51, lr=0.003, dropout=0.5, local_rank=None, standalone=False, sparse_lr=0.01, presampling=True, hot_threshold=0.1, emb_cache_rate=0.2)
Namespace(cache_server_addr='127.0.0.1', cache_server_port=32451, graph_name='ogbn-products', id=None, ip_config='ip_config4.txt', part_config=None, n_classes=None, num_gpus=8, num_epochs=20, num_hidden=64, fan_out='5,10,15', batch_size=1000, batch_size_eval=100000, log_every=20, eval_every=51, lr=0.003, dropout=0.5, local_rank=None, standalone=False, sparse_lr=0.01, presampling=True, hot_threshold=0.1, emb_cache_rate=0.2)
Namespace(cache_server_addr='127.0.0.1', cache_server_port=32451, graph_name='ogbn-products', id=None, ip_config='ip_config4.txt', part_config=None, n_classes=None, num_gpus=8, num_epochs=20, num_hidden=64, fan_out='5,10,15', batch_size=1000, batch_size_eval=100000, log_every=20, eval_every=51, lr=0.003, dropout=0.5, local_rank=None, standalone=False, sparse_lr=0.01, presampling=True, hot_threshold=0.1, emb_cache_rate=0.2)
Namespace(cache_server_addr='127.0.0.1', cache_server_port=32451, graph_name='ogbn-products', id=None, ip_config='ip_config4.txt', part_config=None, n_classes=None, num_gpus=8, num_epochs=20, num_hidden=64, fan_out='5,10,15', batch_size=1000, batch_size_eval=100000, log_every=20, eval_every=51, lr=0.003, dropout=0.5, local_rank=None, standalone=False, sparse_lr=0.01, presampling=True, hot_threshold=0.1, emb_cache_rate=0.2)
Namespace(cache_server_addr='127.0.0.1', cache_server_port=32451, graph_name='ogbn-products', id=None, ip_config='ip_config4.txt', part_config=None, n_classes=None, num_gpus=8, num_epochs=20, num_hidden=64, fan_out='5,10,15', batch_size=1000, batch_size_eval=100000, log_every=20, eval_every=51, lr=0.003, dropout=0.5, local_rank=None, standalone=False, sparse_lr=0.01, presampling=True, hot_threshold=0.1, emb_cache_rate=0.2)
Namespace(cache_server_addr='127.0.0.1', cache_server_port=32451, graph_name='ogbn-products', id=None, ip_config='ip_config4.txt', part_config=None, n_classes=None, num_gpus=8, num_epochs=20, num_hidden=64, fan_out='5,10,15', batch_size=1000, batch_size_eval=100000, log_every=20, eval_every=51, lr=0.003, dropout=0.5, local_rank=None, standalone=False, sparse_lr=0.01, presampling=True, hot_threshold=0.1, emb_cache_rate=0.2)
Namespace(cache_server_addr='127.0.0.1', cache_server_port=32451, graph_name='ogbn-products', id=None, ip_config='ip_config4.txt', part_config=None, n_classes=None, num_gpus=8, num_epochs=20, num_hidden=64, fan_out='5,10,15', batch_size=1000, batch_size_eval=100000, log_every=20, eval_every=51, lr=0.003, dropout=0.5, local_rank=None, standalone=False, sparse_lr=0.01, presampling=True, hot_threshold=0.1, emb_cache_rate=0.2)
Namespace(cache_server_addr='127.0.0.1', cache_server_port=32451, graph_name='ogbn-products', id=None, ip_config='ip_config4.txt', part_config=None, n_classes=None, num_gpus=8, num_epochs=20, num_hidden=64, fan_out='5,10,15', batch_size=1000, batch_size_eval=100000, log_every=20, eval_every=51, lr=0.003, dropout=0.5, local_rank=None, standalone=False, sparse_lr=0.01, presampling=True, hot_threshold=0.1, emb_cache_rate=0.2)
Namespace(cache_server_addr='127.0.0.1', cache_server_port=32451, graph_name='ogbn-products', id=None, ip_config='ip_config4.txt', part_config=None, n_classes=None, num_gpus=8, num_epochs=20, num_hidden=64, fan_out='5,10,15', batch_size=1000, batch_size_eval=100000, log_every=20, eval_every=51, lr=0.003, dropout=0.5, local_rank=None, standalone=False, sparse_lr=0.01, presampling=True, hot_threshold=0.1, emb_cache_rate=0.2)
Namespace(cache_server_addr='127.0.0.1', cache_server_port=32451, graph_name='ogbn-products', id=None, ip_config='ip_config4.txt', part_config=None, n_classes=None, num_gpus=8, num_epochs=20, num_hidden=64, fan_out='5,10,15', batch_size=1000, batch_size_eval=100000, log_every=20, eval_every=51, lr=0.003, dropout=0.5, local_rank=None, standalone=False, sparse_lr=0.01, presampling=True, hot_threshold=0.1, emb_cache_rate=0.2)
Namespace(cache_server_addr='127.0.0.1', cache_server_port=32451, graph_name='ogbn-products', id=None, ip_config='ip_config4.txt', part_config=None, n_classes=None, num_gpus=8, num_epochs=20, num_hidden=64, fan_out='5,10,15', batch_size=1000, batch_size_eval=100000, log_every=20, eval_every=51, lr=0.003, dropout=0.5, local_rank=None, standalone=False, sparse_lr=0.01, presampling=True, hot_threshold=0.1, emb_cache_rate=0.2)
Namespace(cache_server_addr='127.0.0.1', cache_server_port=32451, graph_name='ogbn-products', id=None, ip_config='ip_config4.txt', part_config=None, n_classes=None, num_gpus=8, num_epochs=20, num_hidden=64, fan_out='5,10,15', batch_size=1000, batch_size_eval=100000, log_every=20, eval_every=51, lr=0.003, dropout=0.5, local_rank=None, standalone=False, sparse_lr=0.01, presampling=True, hot_threshold=0.1, emb_cache_rate=0.2)
Namespace(cache_server_addr='127.0.0.1', cache_server_port=32451, graph_name='ogbn-products', id=None, ip_config='ip_config4.txt', part_config=None, n_classes=None, num_gpus=8, num_epochs=20, num_hidden=64, fan_out='5,10,15', batch_size=1000, batch_size_eval=100000, log_every=20, eval_every=51, lr=0.003, dropout=0.5, local_rank=None, standalone=False, sparse_lr=0.01, presampling=True, hot_threshold=0.1, emb_cache_rate=0.2)
Namespace(cache_server_addr='127.0.0.1', cache_server_port=32451, graph_name='ogbn-products', id=None, ip_config='ip_config4.txt', part_config=None, n_classes=None, num_gpus=8, num_epochs=20, num_hidden=64, fan_out='5,10,15', batch_size=1000, batch_size_eval=100000, log_every=20, eval_every=51, lr=0.003, dropout=0.5, local_rank=None, standalone=False, sparse_lr=0.01, presampling=True, hot_threshold=0.1, emb_cache_rate=0.2)
Client [46906] waits on 172.31.25.229:56153
Client [48014] waits on 172.31.20.203:43381
Client [46902] waits on 172.31.25.229:60039
Client [48013] waits on 172.31.20.203:40527
Machine (2) group (0) client (22) connect to server successfuly!
Machine (2) group (0) client (25) connect to server successfuly!
Machine (1) group (0) client (63) connect to server successfuly!
Machine (1) group (0) client (61) connect to server successfuly!
Client [46905] waits on 172.31.25.229:50665
Machine (1) group (0) client (59) connect to server successfuly!
Client [48010] waits on 172.31.20.203:41403
Machine (2) group (0) client (23) connect to server successfuly!
Client [48011] waits on 172.31.20.203:38233
Client [48026] waits on 172.31.20.203:37775
Client [46527] waits on 172.31.16.179:38405
Client [48012] waits on 172.31.20.203:58505
Client [46546] waits on 172.31.16.179:33041
Client [48020] waits on 172.31.20.203:51771
Client [46526] waits on 172.31.16.179:52711
Client [46529] waits on 172.31.16.179:49787
Client [46552] waits on 172.31.16.179:48539
Client [46535] waits on 172.31.16.179:34105
Client [74069] waits on 172.31.20.34:46845
Client [46525] waits on 172.31.16.179:59349
Client [46528] waits on 172.31.16.179:35787
Client [48037] waits on 172.31.20.203:51435
Client [74086] waits on 172.31.20.34:53295
Client [74075] waits on 172.31.20.34:51021
Client [74063] waits on 172.31.20.34:37509
Client [74062] waits on 172.31.20.34:56267
Client [74059] waits on 172.31.20.34:39989
Client [46903] waits on 172.31.25.229:34545
Client [74061] waits on 172.31.20.34:55257
Client [74060] waits on 172.31.20.34:51411
Client [46923] waits on 172.31.25.229:35877
Machine (1) group (0) client (51) connect to server successfuly!
Client [46929] waits on 172.31.25.229:42475
Machine (1) group (0) client (55) connect to server successfuly!
Client [46912] waits on 172.31.25.229:42253
Machine (1) group (0) client (54) connect to server successfuly!
Machine (0) group (0) client (35) connect to server successfuly!
Machine (0) group (0) client (45) connect to server successfuly!
Machine (3) group (0) client (9) connect to server successfuly!
Machine (3) group (0) client (0) connect to server successfuly!Machine (3) group (0) client (1) connect to server successfuly!

Machine (3) group (0) client (13) connect to server successfuly!
Client [46904] waits on 172.31.25.229:38107
Machine (1) group (0) client (52) connect to server successfuly!
Machine (3) group (0) client (3) connect to server successfuly!
Machine (3) group (0) client (10) connect to server successfuly!
Machine (2) group (0) client (31) connect to server successfuly!
Machine (2) group (0) client (19) connect to server successfuly!
Machine (2) group (0) client (30) connect to server successfuly!
Machine (2) group (0) client (20) connect to server successfuly!
Machine (2) group (0) client (29) connect to server successfuly!
Machine (0) group (0) client (40) connect to server successfuly!
Machine (0) group (0) client (39) connect to server successfuly!
Machine (0) group (0) client (37) connect to server successfuly!
Machine (0) group (0) client (36) connect to server successfuly!
Machine (0) group (0) client (38) connect to server successfuly!
Machine (0) group (0) client (41) connect to server successfuly!
Machine (1) group (0) client (49) connect to server successfuly!
Machine (3) group (0) client (4) connect to server successfuly!
Machine (3) group (0) client (6) connect to server successfuly!
rank: 19
rank: 5
rank: 17
rank: 26
rank: 25
rank: 14
rank: 29
rank: 9
rank: 3
rank: 15
rank: 2rank:
 0
rank: 27
rank: 6
rank: 22
rank: rank: 21
7
rank: 16
rank: 11
rank: 10
rank: 12
rank: rank:28
 30
rank: 20
rank: 4
rank: 1rank: 23

rank: 31
rank: 8
rank: 24
rank: 18
rank: 13
part 3, train: 6144 (local: 6144), val: 1228 (local: 1228), test: 69159 (local: 69159)
part 1, train: 6144 (local: 6144), val: 1229 (local: 1229), test: 69159 (local: 69159)
part 0, train: 6145 (local: 6145), val: 1229 (local: 1229), test: 69159 (local: 69159)
part 7, train: 6144 (local: 6144), val: 1229 (local: 1229), test: 69159 (local: 69159)
part 5, train: 6144 (local: 6144), val: 1229 (local: 1229), test: 69159 (local: 69159)
part 2, train: 6144 (local: 6144), val: 1229 (local: 1229), test: 69159 (local: 69159)
part 4, train: 6145 (local: 6145), val: 1229 (local: 1229), test: 69160 (local: 69160)
part 6, train: 6144 (local: 6144), val: 1229 (local: 1229), test: 69159 (local: 69159)
part 15, train: 6144 (local: 5997), val: 1229 (local: 1183), test: 69159 (local: 67378)
part 9, train: 6145 (local: 5999), val: 1229 (local: 1179), test: 69160 (local: 67441)
part 12, train: 6144 (local: 6007), val: 1229 (local: 1179), test: 69159 (local: 67364)
part 11, train: 6144 (local: 5995), val: 1229 (local: 1187), test: 69159 (local: 67372)
part 28, train: 6144 (local: 5925), val: 1229 (local: 1199), test: 69159 (local: 67341)
part 13, train: 6144 (local: 5992), val: 1229 (local: 1188), test: 69159 (local: 67368)
part 8, train: 6144 (local: 6014), val: 1228 (local: 1178), test: 69159 (local: 67487)
part 10, train: 6144 (local: 5989), val: 1229 (local: 1192), test: 69159 (local: 67473)
part 14, train: 6145 (local: 5984), val: 1229 (local: 1185), test: 69159 (local: 67363)
part 19, train: 6144 (local: 6054), val: 1229 (local: 1208), test: 69159 (local: 69004)
part 30, train: 6145 (local: 5929), val: 1229 (local: 1204), test: 69159 (local: 67382)
part 16, train: 6144 (local: 6031), val: 1229 (local: 1204), test: 69159 (local: 68977)
part 29, train: 6144 (local: 5933), val: 1229 (local: 1201), test: 69159 (local: 67290)
part 31, train: 6144 (local: 5950), val: 1229 (local: 1200), test: 69159 (local: 67401)
part 22, train: 6145 (local: 6005), val: 1229 (local: 1212), test: 69160 (local: 68995)
part 25, train: 6144 (local: 5939), val: 1228 (local: 1202), test: 69159 (local: 67328)
part 23, train: 6144 (local: 6034), val: 1229 (local: 1216), test: 69159 (local: 69009)
part 20, train: 6144 (local: 6041), val: 1229 (local: 1212), test: 69159 (local: 68985)
part 24, train: 6144 (local: 5946), val: 1228 (local: 1204), test: 69159 (local: 67407)
part 26, train: 6144 (local: 5958), val: 1229 (local: 1203), test: 69159 (local: 67364)
part 27, train: 6144 (local: 5952), val: 1229 (local: 1200), test: 69159 (local: 67348)
part 17, train: 6145 (local: 6050), val: 1229 (local: 1203), test: 69159 (local: 68985)
part 21, train: 6144 (local: 6038), val: 1229 (local: 1211), test: 69159 (local: 68973)
part 18, train: 6144 (local: 6057), val: 1228 (local: 1206), test: 69159 (local: 68995)
#labels: 47
#labels: 47
#labels: 47
#labels: 47
#labels: 47
#labels: 47
#labels: 47
#labels: 47
#labels: 47
#labels: 47
#labels: 47
#labels: 47
#labels: 47
#labels: 47
#labels: 47
#labels: 47
#labels: 47
#labels: 47
#labels: 47
#labels: 47
#labels: 47
#labels: 47
#labels: 47
#labels: 47
#labels: 47
#labels: 47
#labels: 47
#labels: 47
#labels: 47
#labels: 47
#labels: 47
#labels: 47
Presampling done, max: 0.996 min: 0.004 avg: 0.126
Presampling done, max: 0.996 min: 0.004 avg: 0.126
Presampling done, max: 0.996 min: 0.004 avg: 0.126
Presampling done, max: 0.996 min: 0.004 avg: 0.126
Presampling done, max: 0.996 min: 0.004 avg: 0.126
Presampling done, max: 0.996 min: 0.004 avg: 0.126
Presampling done, max: 0.996 min: 0.004 avg: 0.126
Presampling done, max: 0.996 min: 0.004 avg: 0.126Presampling done, max: 0.996 min: 0.004 avg: 0.126

Presampling done, max: 0.996 min: 0.004 avg: 0.126
Presampling done, max: 0.996 min: 0.004 avg: 0.126
Presampling done, max: 0.996 min: 0.004 avg: 0.126
Presampling done, max: 0.996 min: 0.004 avg: 0.126
Presampling done, max: 0.996 min: 0.004 avg: 0.126
Presampling done, max: 0.996 min: 0.004 avg: 0.126Presampling done, max: 0.996 min: 0.004 avg: 0.126

Presampling done, max: 0.996 min: 0.004 avg: 0.126
Presampling done, max: 0.996 min: 0.004 avg: 0.126
Presampling done, max: 0.996 min: 0.004 avg: 0.126
Presampling done, max: 0.996 min: 0.004 avg: 0.126
#hot_nodes = 1038135
Create distemb
Presampling done, max: 0.996 min: 0.004 avg: 0.126
#hot_nodes = 1038135
Create distemb
Presampling done, max: 0.996 min: 0.004 avg: 0.126
Presampling done, max: 0.996 min: 0.004 avg: 0.126
#hot_nodes = 1038135
Create distemb
#hot_nodes = 1038135
Create distemb
Presampling done, max: 0.996 min: 0.004 avg: 0.126
Presampling done, max: 0.996 min: 0.004 avg: 0.126
Presampling done, max: 0.996 min: 0.004 avg: 0.126
Presampling done, max: 0.996 min: 0.004 avg: 0.126
#hot_nodes = 1038135
Create distemb
#hot_nodes = 1038135
Create distemb
#hot_nodes = 1038135
Create distemb
Presampling done, max: 0.996 min: 0.004 avg: 0.126
#hot_nodes = 1038135
Create distemb
#hot_nodes = 1038135
Create distemb
#hot_nodes = 1038135
Create distemb
#hot_nodes = 1038135
Create distemb
#hot_nodes = 1038135
Create distemb
#hot_nodes = 1038135
Create distemb
Presampling done, max: 0.996 min: 0.004 avg: 0.126
#hot_nodes = 1038135
Create distemb
#hot_nodes = 1038135
Create distemb
#hot_nodes = 1038135
Create distemb
#hot_nodes = 1038135
Create distemb
#hot_nodes = 1038135
Create distemb
#hot_nodes = 1038135
Create distemb
Presampling done, max: 0.996 min: 0.004 avg: 0.126
#hot_nodes = 1038135
Create distemb
#hot_nodes = 1038135
Create distemb
#hot_nodes = 1038135
Create distemb
#hot_nodes = 1038135
Create distemb
#hot_nodes = 1038135
Create distemb
#hot_nodes = 1038135
Create distemb
#hot_nodes = 1038135
Create distemb
Presampling done, max: 0.996 min: 0.004 avg: 0.126
#hot_nodes = 1038135
Create distemb
Presampling done, max: 0.996 min: 0.004 avg: 0.126
#hot_nodes = 1038135
Create distemb
#hot_nodes = 1038135
Create distemb
#hot_nodes = 1038135
Create distemb
#hot_nodes = 1038135
Create distemb
#hot_nodes = 1038135
Create distemb
Client 4 build_connection start.
Client 4 build_connection succeed.
Client 7 build_connection start.
Client 7 build_connection succeed.
Client 0 build_connection start.
Client 0 build_connection succeed.
Client 7 build_connection start.
Client 6 build_connection start.
Client 5 build_connection start.
Client 7 build_connection succeed.
Client 5 build_connection succeed.
Client 4 build_connection start.
Client 1 build_connection start.
Client 6 build_connection succeed.
Client 4 build_connection succeed.
Client 1 build_connection succeed.
Client 4 build_connection start.
Client 7 build_connection start.
Client 4 build_connection succeed.
Client 7 build_connection succeed.
Client 0 build_connection start.
Client 3 build_connection start.
Client 0 build_connection succeed.
Client 3 build_connection succeed.
Client 2 build_connection start.
Client 1 build_connection start.
Client 2 build_connection succeed.
Client 1 build_connection succeed.
Client 3 build_connection start.
Client 3 build_connection succeed.
Client 0 build_connection start.
Client 0 build_connection succeed.
Client 7 build_connection start.
Client 5 build_connection start.
Client 6 build_connection start.
Client 7 build_connection succeed.
Client 3 build_connection start.
Client 3 build_connection start.
Client 5 build_connection succeed.
Client 6 build_connection succeed.
Client 3 build_connection succeed.
Client 3 build_connection succeed.
Client 5 build_connection start.
Client 2 build_connection start.
Client 5 build_connection succeed.
Client 2 build_connection succeed.
Client 5 build_connection start.
Client 5 build_connection succeed.
Client 2 build_connection start.
Client 2 build_connection succeed.
Client 1 build_connection start.
Client 1 build_connection succeed.
Client 0 build_connection start.
Client 4 build_connection start.
Client 6 build_connection start.
Client 0 build_connection succeed.
Client 6 build_connection succeed.
Client 4 build_connection succeed.
Client 2 build_connection start.
Client 2 build_connection succeed.
Client 6 build_connection start.
Client 6 build_connection succeed.
Client 1 build_connection start.
Client 1 build_connection succeed.
Client register_cache succeed.Client register_cache succeed.

Client register_cache succeed.
Client register_cache succeed.
Client register_cache succeed.
Client register_cache succeed.
Client register_cache succeed.
Create model
Create model
Create model
Create model
Client register_cache succeed.
Create modelCreate model

Create model
Create model
Client register_cache succeed.
Client register_cache succeed.
Client register_cache succeed.
Client register_cache succeed.
Client register_cache succeed.
Client register_cache succeed.
Client register_cache succeed.Create model

Create model
Create model
Client register_cache succeed.
Create model
Create model
Create model
Create model
Create model
Client register_cache succeed.
Client register_cache succeed.
Client register_cache succeed.
Client register_cache succeed.
Client register_cache succeed.
Create modelCreate modelCreate model


Create model
Client register_cache succeed.
Client register_cache succeed.Create model

Client register_cache succeed.
Create model
Create modelCreate model

Client register_cache succeed.
Client register_cache succeed.
Client register_cache succeed.Client register_cache succeed.

Client register_cache succeed.
Create model
Create model
Client register_cache succeed.
Client register_cache succeed.
Create model
Create model
Client register_cache succeed.
Create model
Create model
Create model
Create model
Create model optimizer
Create emb optimizer
Create model optimizer
Create model optimizer
Create model optimizer
Create emb optimizer
Create model optimizer
Create model optimizer
Create emb optimizer
Create model optimizer
Create model optimizer
Create emb optimizer
Create emb optimizer
Create model optimizer
Create model optimizer
Create model optimizer
Create emb optimizer
Create model optimizer
Create model optimizer
Create emb optimizer
Create model optimizer
Create model optimizerCreate model optimizer
Create emb optimizer

Create emb optimizer
Create model optimizer
Create model optimizer
Create emb optimizer
Create model optimizer
Create emb optimizer
Create model optimizer
Create model optimizer
Create emb optimizer
Create emb optimizer
Create emb optimizer
Create emb optimizer
Create model optimizer
Create emb optimizerCreate emb optimizer

Create model optimizer
Create model optimizer
Create model optimizer
Create emb optimizer
Create emb optimizer
Create model optimizer
Create emb optimizer
Create emb optimizer
Create emb optimizer
Create emb optimizer
Create model optimizer
Create emb optimizer
Create emb optimizer
Create model optimizer
Create emb optimizer
Create model optimizer
Create model optimizer
Create emb optimizer
Create emb optimizer
Create emb optimizer
Create emb optimizer
Create model optimizer
Create model optimizer
Create emb optimizer
Create emb optimizer
Start train
Start train
Start train
Start train
Start trainStart train

Start train
Start train
Start train
Start train
Start train
Start train
Start train
Start train
Start train
Start train
Start train
Start train
Start trainStart train

Start train
Start train
Start train
Start train
Start train
Start train
Start train
Start train
Start train
Start train
Start train
Start train
Part 15 | Epoch 00000 | Step 00000 | Loss 6.4796 | Train Acc 0.0060 | Speed (samples/sec) nan | GPU 543.1 MB | time 2.663 s
Part 28 | Epoch 00000 | Step 00000 | Loss 5.8886 | Train Acc 0.0020 | Speed (samples/sec) nan | GPU 536.3 MB | time 2.663 s
Part 23 | Epoch 00000 | Step 00000 | Loss 6.8096 | Train Acc 0.0030 | Speed (samples/sec) nan | GPU 538.1 MB | time 2.663 s
Part 27 | Epoch 00000 | Step 00000 | Loss 5.9205 | Train Acc 0.0070 | Speed (samples/sec) nan | GPU 541.1 MB | time 2.663 s
Part 17 | Epoch 00000 | Step 00000 | Loss 6.8889 | Train Acc 0.0010 | Speed (samples/sec) nan | GPU 527.4 MB | time 2.663 s
Part 9 | Epoch 00000 | Step 00000 | Loss 6.4296 | Train Acc 0.0080 | Speed (samples/sec) nan | GPU 542.7 MB | time 2.663 s
Part 12 | Epoch 00000 | Step 00000 | Loss 6.4319 | Train Acc 0.0010 | Speed (samples/sec) nan | GPU 549.8 MB | time 2.663 s
Part 20 | Epoch 00000 | Step 00000 | Loss 6.7966 | Train Acc 0.0000 | Speed (samples/sec) nan | GPU 530.9 MB | time 2.663 s
Part 24 | Epoch 00000 | Step 00000 | Loss 5.7949 | Train Acc 0.0040 | Speed (samples/sec) nan | GPU 537.2 MB | time 2.663 s
Part 26 | Epoch 00000 | Step 00000 | Loss 5.8815 | Train Acc 0.0060 | Speed (samples/sec) nan | GPU 537.7 MB | time 2.663 s
Part 3 | Epoch 00000 | Step 00000 | Loss 6.2743 | Train Acc 0.0080 | Speed (samples/sec) nan | GPU 535.3 MB | time 2.663 s
Part 22 | Epoch 00000 | Step 00000 | Loss 6.8882 | Train Acc 0.0010 | Speed (samples/sec) nan | GPU 527.7 MB | time 2.663 s
Part 16 | Epoch 00000 | Step 00000 | Loss 6.8866 | Train Acc 0.0020 | Speed (samples/sec) nan | GPU 538.2 MB | time 2.663 s
Part 19 | Epoch 00000 | Step 00000 | Loss 6.9524 | Train Acc 0.0020 | Speed (samples/sec) nan | GPU 537.1 MB | time 2.663 s
Part 8 | Epoch 00000 | Step 00000 | Loss 6.3231 | Train Acc 0.0030 | Speed (samples/sec) nan | GPU 543.8 MB | time 2.663 s
Part 30 | Epoch 00000 | Step 00000 | Loss 5.8344 | Train Acc 0.0030 | Speed (samples/sec) nan | GPU 537.2 MB | time 2.663 s
Part 31 | Epoch 00000 | Step 00000 | Loss 5.7756 | Train Acc 0.0070 | Speed (samples/sec) nan | GPU 540.9 MB | time 2.663 s
Part 25 | Epoch 00000 | Step 00000 | Loss 5.7956 | Train Acc 0.0060 | Speed (samples/sec) nan | GPU 538.2 MB | time 2.663 s
Part 11 | Epoch 00000 | Step 00000 | Loss 6.4336 | Train Acc 0.0050 | Speed (samples/sec) nan | GPU 538.8 MB | time 2.663 s
Part 29 | Epoch 00000 | Step 00000 | Loss 5.8319 | Train Acc 0.0080 | Speed (samples/sec) nan | GPU 537.5 MB | time 2.663 s
Part 1 | Epoch 00000 | Step 00000 | Loss 6.2850 | Train Acc 0.0040 | Speed (samples/sec) nan | GPU 544.0 MB | time 2.663 s
Part 21 | Epoch 00000 | Step 00000 | Loss 6.8486 | Train Acc 0.0000 | Speed (samples/sec) nan | GPU 528.6 MB | time 2.663 s
Part 0 | Epoch 00000 | Step 00000 | Loss 6.4071 | Train Acc 0.0030 | Speed (samples/sec) nan | GPU 532.2 MB | time 2.663 s
Part 14 | Epoch 00000 | Step 00000 | Loss 6.3782 | Train Acc 0.0040 | Speed (samples/sec) nan | GPU 549.1 MB | time 2.663 s
Part 10 | Epoch 00000 | Step 00000 | Loss 6.3719 | Train Acc 0.0060 | Speed (samples/sec) nan | GPU 543.3 MB | time 2.663 s
Part 6 | Epoch 00000 | Step 00000 | Loss 6.2843 | Train Acc 0.0070 | Speed (samples/sec) nan | GPU 535.7 MB | time 2.663 s
Part 18 | Epoch 00000 | Step 00000 | Loss 6.9679 | Train Acc 0.0010 | Speed (samples/sec) nan | GPU 539.2 MB | time 2.663 s
Part 13 | Epoch 00000 | Step 00000 | Loss 6.5481 | Train Acc 0.0010 | Speed (samples/sec) nan | GPU 544.6 MB | time 2.663 s
Part 7 | Epoch 00000 | Step 00000 | Loss 6.3600 | Train Acc 0.0010 | Speed (samples/sec) nan | GPU 536.6 MB | time 2.663 s
Part 5 | Epoch 00000 | Step 00000 | Loss 6.3430 | Train Acc 0.0090 | Speed (samples/sec) nan | GPU 545.0 MB | time 2.663 s
Part 2 | Epoch 00000 | Step 00000 | Loss 6.3936 | Train Acc 0.0030 | Speed (samples/sec) nan | GPU 536.7 MB | time 2.663 s
Part 4 | Epoch 00000 | Step 00000 | Loss 6.2556 | Train Acc 0.0090 | Speed (samples/sec) nan | GPU 537.1 MB | time 2.663 s
Avg train acc 0.0041
=====================
Part 0, Epoch Time(s): 5.0071
Sampling Time(s): 0.2800
Loading Time(s): 0.6614
Forward Time(s): 0.6373
Backward Time(s): 0.1733
Update Time(s): 0.0552
Emb Update Time(s): 3.1885
#seeds: 6145
#inputs: 1924597
==========================================
Part 7, Epoch Time(s): 5.0071
Sampling Time(s): 0.3017
Loading Time(s): 0.7188
Forward Time(s): 0.5477
Backward Time(s): 0.1832
Update Time(s): 0.0566
Emb Update Time(s): 3.1882
#seeds: 6144
#inputs: 1932868
==========================================
Part 4, Epoch Time(s): 5.0067
Sampling Time(s): 0.3023
Loading Time(s): 0.6848
Forward Time(s): 0.5755
Backward Time(s): 0.1863
Update Time(s): 0.0565
Emb Update Time(s): 3.1866
#seeds: 6145
#inputs: 1931949
==========================================
Part 5, Epoch Time(s): 5.0074
Sampling Time(s): 0.3237
Loading Time(s): 0.6351
Forward Time(s): 0.6129
Backward Time(s): 0.1796
Update Time(s): 0.0566
Emb Update Time(s): 3.1881
#seeds: 6144
#inputs: 1942171
==========================================
Part 3, Epoch Time(s): 5.0072
Sampling Time(s): 0.3550
Loading Time(s): 0.6235
Forward Time(s): 0.6001
Backward Time(s): 0.1742
Update Time(s): 0.0561
Emb Update Time(s): 3.1880
#seeds: 6144
#inputs: 1925673
==========================================
Part 1, Epoch Time(s): 5.0068
Sampling Time(s): 0.4224
Loading Time(s): 0.6525
Forward Time(s): 0.4990
Backward Time(s): 0.1793
Update Time(s): 0.0566
Emb Update Time(s): 3.1865
#seeds: 6144
#inputs: 1927357
=====================

=====================
Part 2, Epoch Time(s): 5.0073
Sampling Time(s): 0.3703
Loading Time(s): 0.7249
Forward Time(s): 0.4789
Backward Time(s): 0.1780
Update Time(s): 0.0559
Emb Update Time(s): 3.1880
#seeds: 6144
#inputs: 1940353
=====================



=====================
Part 6, Epoch Time(s): 5.0070
Sampling Time(s): 0.3010
Loading Time(s): 0.6595
Forward Time(s): 0.6198
Backward Time(s): 0.1728
Update Time(s): 0.0551
Emb Update Time(s): 3.1879
#seeds: 6144
#inputs: 1918986
=====================

=====================
Part 19, Epoch Time(s): 5.0073
Sampling Time(s): 0.3510
Loading Time(s): 0.6975
Forward Time(s): 0.5356
Backward Time(s): 0.1702
Update Time(s): 0.0593
Emb Update Time(s): 3.1839
#seeds: 6144
#inputs: 1926178
==========================================
Part 21, Epoch Time(s): 5.0069
Sampling Time(s): 0.3682
Loading Time(s): 0.7328
Forward Time(s): 0.4935
Backward Time(s): 0.1580
Update Time(s): 0.0578
Emb Update Time(s): 3.1862
#seeds: 6144
#inputs: 1930990
==========================================
Part 17, Epoch Time(s): 5.0071
Sampling Time(s): 0.4070
Loading Time(s): 0.7323
Forward Time(s): 0.4404
Backward Time(s): 0.1734
Update Time(s): 0.0574
Emb Update Time(s): 3.1868
#seeds: 6145
#inputs: 1937810
==========================================
Part 20, Epoch Time(s): 5.0070
Sampling Time(s): 0.2851
Loading Time(s): 0.6803
Forward Time(s): 0.6110
Backward Time(s): 0.1763
Update Time(s): 0.0571
Emb Update Time(s): 3.1871
#seeds: 6144
#inputs: 1926152
==========================================
Part 22, Epoch Time(s): 5.0069
Sampling Time(s): 0.3056
Loading Time(s): 0.6990
Forward Time(s): 0.5592
Backward Time(s): 0.1876
Update Time(s): 0.0572
Emb Update Time(s): 3.1883
#seeds: 6145
#inputs: 1929100
==========================================
Part 16, Epoch Time(s): 5.0069
Sampling Time(s): 0.3360
Loading Time(s): 0.6705
Forward Time(s): 0.5719
Backward Time(s): 0.1735
Update Time(s): 0.0581
Emb Update Time(s): 3.1870
#seeds: 6144
#inputs: 1939367
=====================

=====================
Part 18, Epoch Time(s): 5.0067
Sampling Time(s): 0.3118
Loading Time(s): 0.6583
Forward Time(s): 0.6109
Backward Time(s): 0.1694
Update Time(s): 0.0568
Emb Update Time(s): 3.1887
#seeds: 6144
#inputs: 1911609
==========================================
Part 23, Epoch Time(s): 5.0068
Sampling Time(s): 0.2838
Loading Time(s): 0.7087
Forward Time(s): 0.5824
Backward Time(s): 0.1761
Update Time(s): 0.0559
Emb Update Time(s): 3.1902
#seeds: 6144
#inputs: 1944363
=====================





=====================
Part 10, Epoch Time(s): 5.0070
Sampling Time(s): 0.3279
Loading Time(s): 0.7157
Forward Time(s): 0.5229
Backward Time(s): 0.1840
Update Time(s): 0.0546
Emb Update Time(s): 3.1913
#seeds: 6144
#inputs: 2047403
==========================================
Part 11, Epoch Time(s): 5.0069
Sampling Time(s): 0.2731
Loading Time(s): 0.7302
Forward Time(s): 0.5667
Backward Time(s): 0.1809
Update Time(s): 0.0545
Emb Update Time(s): 3.1914
#seeds: 6144
#inputs: 2031537
==========================================
Part 9, Epoch Time(s): 5.0072
Sampling Time(s): 0.2936
Loading Time(s): 0.7152
Forward Time(s): 0.5352
Backward Time(s): 0.2082
Update Time(s): 0.0551
Emb Update Time(s): 3.1903
#seeds: 6145
#inputs: 2042340
=====================


=====================
Part 15, Epoch Time(s): 5.0070
Sampling Time(s): 0.3201
Loading Time(s): 0.6816
Forward Time(s): 0.5369
Backward Time(s): 0.2115
Update Time(s): 0.0545
Emb Update Time(s): 3.1927
#seeds: 6144
#inputs: 2042171
==========================================
Part 8, Epoch Time(s): 5.0068
Sampling Time(s): 0.3093
Loading Time(s): 0.7073
Forward Time(s): 0.5540
Backward Time(s): 0.1809
Update Time(s): 0.0551
Emb Update Time(s): 3.1903
#seeds: 6144
#inputs: 2026143
==========================================
Part 13, Epoch Time(s): 5.0068
Sampling Time(s): 0.3118
Loading Time(s): 0.7373
Forward Time(s): 0.4797
Backward Time(s): 0.2203
Update Time(s): 0.0555
Emb Update Time(s): 3.1911
#seeds: 6144
#inputs: 2045063
==========================================
Part 12, Epoch Time(s): 5.0071
Sampling Time(s): 0.3483
Loading Time(s): 0.7367
Forward Time(s): 0.4876
Backward Time(s): 0.1782
Update Time(s): 0.0555
Emb Update Time(s): 3.1908
#seeds: 6144
#inputs: 2040122
=====================


=====================
Part 14, Epoch Time(s): 5.0073
Sampling Time(s): 0.3786
Loading Time(s): 0.7628
Forward Time(s): 0.4184
Backward Time(s): 0.1903
Update Time(s): 0.0549
Emb Update Time(s): 3.1916
#seeds: 6145
#inputs: 2038597
=====================

=====================
Part 24, Epoch Time(s): 5.0069
Sampling Time(s): 0.3223
Loading Time(s): 0.7486
Forward Time(s): 0.4988
Backward Time(s): 0.1824
Update Time(s): 0.0538
Emb Update Time(s): 3.1912
#seeds: 6144
#inputs: 1958521
==========================================
Part 30, Epoch Time(s): 5.0069
Sampling Time(s): 0.3069
Loading Time(s): 0.7142
Forward Time(s): 0.5488
Backward Time(s): 0.1809
Update Time(s): 0.0548
Emb Update Time(s): 3.1912
#seeds: 6145
#inputs: 1974549
==========================================
Part 27, Epoch Time(s): 5.0072
Sampling Time(s): 0.2968
Loading Time(s): 0.7870
Forward Time(s): 0.4930
Backward Time(s): 0.1755
Update Time(s): 0.0569
Emb Update Time(s): 3.1886
#seeds: 6144
#inputs: 1965972
==========================================
Part 26, Epoch Time(s): 5.0073
Sampling Time(s): 0.3031
Loading Time(s): 0.7467
Forward Time(s): 0.5254
Backward Time(s): 0.1772
Update Time(s): 0.0548
Emb Update Time(s): 3.1905
#seeds: 6144
#inputs: 1972239
==========================================
Part 25, Epoch Time(s): 5.0071
Sampling Time(s): 0.3016
Loading Time(s): 0.6800
Forward Time(s): 0.5717
Backward Time(s): 0.1984
Update Time(s): 0.0537
Emb Update Time(s): 3.1917
#seeds: 6144
#inputs: 1982533
==========================================
Part 31, Epoch Time(s): 5.0068
Sampling Time(s): 0.3421
Loading Time(s): 0.6795
Forward Time(s): 0.5409
Backward Time(s): 0.1876
Update Time(s): 0.0544
Emb Update Time(s): 3.1918
#seeds: 6144
#inputs: 1977483
==========================================
Part 29, Epoch Time(s): 5.0073
Sampling Time(s): 0.3104
Loading Time(s): 0.7236
Forward Time(s): 0.5493
Backward Time(s): 0.1674
Update Time(s): 0.0553
Emb Update Time(s): 3.1909
#seeds: 6144
#inputs: 1967400
=====================

=====================
Part 28, Epoch Time(s): 5.0071
Sampling Time(s): 0.3184
Loading Time(s): 0.7831
Forward Time(s): 0.4800
Backward Time(s): 0.1717
Update Time(s): 0.0551
Emb Update Time(s): 3.1892
#seeds: 6144
#inputs: 1969088
=====================





Part 7 | Epoch 00001 | Step 00000 | Loss 2.2169 | Train Acc 0.4250 | Speed (samples/sec) 2101.0046 | GPU 693.9 MB | time 0.468 s
Part 6 | Epoch 00001 | Step 00000 | Loss 2.3107 | Train Acc 0.3870 | Speed (samples/sec) 2101.1979 | GPU 686.3 MB | time 0.468 s
Part 2 | Epoch 00001 | Step 00000 | Loss 2.1747 | Train Acc 0.4070 | Speed (samples/sec) 2100.8431 | GPU 697.5 MB | time 0.468 s
Part 5 | Epoch 00001 | Step 00000 | Loss 2.2764 | Train Acc 0.4160 | Speed (samples/sec) 2101.3233 | GPU 691.7 MB | time 0.468 s
Part 22 | Epoch 00001 | Step 00000 | Loss 3.4354 | Train Acc 0.1010 | Speed (samples/sec) 2102.9517 | GPU 692.8 MB | time 0.468 s
Part 21 | Epoch 00001 | Step 00000 | Loss 3.3682 | Train Acc 0.1040 | Speed (samples/sec) 2101.5298 | GPU 689.6 MB | time 0.468 s
Part 19 | Epoch 00001 | Step 00000 | Loss 3.3663 | Train Acc 0.1090 | Speed (samples/sec) 2100.9170 | GPU 687.1 MB | time 0.468 s
Part 16 | Epoch 00001 | Step 00000 | Loss 3.3932 | Train Acc 0.0940 | Speed (samples/sec) 2101.0508 | GPU 688.3 MB | time 0.468 sPart 0 | Epoch 00001 | Step 00000 | Loss 2.2159 | Train Acc 0.4210 | Speed (samples/sec) 2103.0772 | GPU 687.0 MB | time 0.468 s
Part 1 | Epoch 00001 | Step 00000 | Loss 2.1767 | Train Acc 0.4180 | Speed (samples/sec) 2101.0495 | GPU 687.2 MB | time 0.468 s

Part 3 | Epoch 00001 | Step 00000 | Loss 2.2337 | Train Acc 0.4040 | Speed (samples/sec) 2101.0201 | GPU 689.9 MB | time 0.468 s
Part 25 | Epoch 00001 | Step 00000 | Loss 2.5412 | Train Acc 0.4200 | Speed (samples/sec) 2101.1713 | GPU 701.9 MB | time 0.468 s
Part 4 | Epoch 00001 | Step 00000 | Loss 2.2339 | Train Acc 0.4320 | Speed (samples/sec) 2106.6803 | GPU 699.5 MB | time 0.468 s
Part 28 | Epoch 00001 | Step 00000 | Loss 2.4462 | Train Acc 0.4400 | Speed (samples/sec) 2101.1485 | GPU 693.7 MB | time 0.468 s
Part 24 | Epoch 00001 | Step 00000 | Loss 2.5378 | Train Acc 0.4240 | Speed (samples/sec) 2101.0836 | GPU 692.2 MB | time 0.468 s
Part 26 | Epoch 00001 | Step 00000 | Loss 2.4696 | Train Acc 0.4150 | Speed (samples/sec) 2101.0199 | GPU 699.5 MB | time 0.468 s
Part 30 | Epoch 00001 | Step 00000 | Loss 2.5595 | Train Acc 0.4230 | Speed (samples/sec) 2103.1796 | GPU 696.3 MB | time 0.468 s
Part 11 | Epoch 00001 | Step 00000 | Loss 3.2905 | Train Acc 0.1060 | Speed (samples/sec) 2100.9860 | GPU 718.7 MB | time 0.468 s
Part 10 | Epoch 00001 | Step 00000 | Loss 3.2682 | Train Acc 0.1180 | Speed (samples/sec) 2101.1186 | GPU 711.4 MB | time 0.468 s
Part 12 | Epoch 00001 | Step 00000 | Loss 3.2091 | Train Acc 0.1260 | Speed (samples/sec) 2101.1926 | GPU 711.6 MB | time 0.468 s
Part 14 | Epoch 00001 | Step 00000 | Loss 3.2570 | Train Acc 0.1230 | Speed (samples/sec) 2102.6916 | GPU 707.9 MB | time 0.468 sPart 8 | Epoch 00001 | Step 00000 | Loss 3.2429 | Train Acc 0.1240 | Speed (samples/sec) 2100.9293 | GPU 707.6 MB | time 0.468 s

Part 15 | Epoch 00001 | Step 00000 | Loss 3.2146 | Train Acc 0.1250 | Speed (samples/sec) 2101.4668 | GPU 710.7 MB | time 0.468 s
Part 9 | Epoch 00001 | Step 00000 | Loss 3.2147 | Train Acc 0.1310 | Speed (samples/sec) 2102.7125 | GPU 710.6 MB | time 0.468 s
Part 29 | Epoch 00001 | Step 00000 | Loss 2.5632 | Train Acc 0.4130 | Speed (samples/sec) 2101.7181 | GPU 699.8 MB | time 0.468 sPart 27 | Epoch 00001 | Step 00000 | Loss 2.5122 | Train Acc 0.4050 | Speed (samples/sec) 2100.9820 | GPU 691.8 MB | time 0.468 s

Part 13 | Epoch 00001 | Step 00000 | Loss 3.2213 | Train Acc 0.1130 | Speed (samples/sec) 2101.2854 | GPU 712.1 MB | time 0.468 s
Part 31 | Epoch 00001 | Step 00000 | Loss 2.5381 | Train Acc 0.4250 | Speed (samples/sec) 2101.6915 | GPU 697.7 MB | time 0.468 s
Avg train acc 0.2645
Part 18 | Epoch 00001 | Step 00000 | Loss 3.4739 | Train Acc 0.1040 | Speed (samples/sec) 2101.3828 | GPU 684.6 MB | time 0.468 s
Part 23 | Epoch 00001 | Step 00000 | Loss 3.3764 | Train Acc 0.1020 | Speed (samples/sec) 2101.5282 | GPU 691.1 MB | time 0.468 s
Part 17 | Epoch 00001 | Step 00000 | Loss 3.4031 | Train Acc 0.1140 | Speed (samples/sec) 2102.7738 | GPU 691.0 MB | time 0.468 s
Part 20 | Epoch 00001 | Step 00000 | Loss 3.4380 | Train Acc 0.0960 | Speed (samples/sec) 2101.1670 | GPU 688.4 MB | time 0.468 s
=====================
Part 0, Epoch Time(s): 2.6920
Sampling Time(s): 0.2740
Loading Time(s): 0.5636
Forward Time(s): 0.2455
Backward Time(s): 0.1552
Update Time(s): 0.0043
Emb Update Time(s): 1.4434
#seeds: 6145
#inputs: 1911069
==========================================
Part 3, Epoch Time(s): 2.6919
Sampling Time(s): 0.3495
Loading Time(s): 0.6001
Forward Time(s): 0.1453
Backward Time(s): 0.1440
Update Time(s): 0.0047
Emb Update Time(s): 1.4431
#seeds: 6144
#inputs: 1926076
==========================================
Part 6, Epoch Time(s): 2.6919
Sampling Time(s): 0.3039
Loading Time(s): 0.5779
Forward Time(s): 0.1968
Backward Time(s): 0.1594
Update Time(s): 0.0053
Emb Update Time(s): 1.4436
#seeds: 6144
#inputs: 1923938
==========================================
Part 1, Epoch Time(s): 2.6919
Sampling Time(s): 0.3912
Loading Time(s): 0.5652
Forward Time(s): 0.1334
Backward Time(s): 0.1494
Update Time(s): 0.0053
Emb Update Time(s): 1.4422
#seeds: 6144
#inputs: 1924828
==========================================
Part 4, Epoch Time(s): 2.6919
Sampling Time(s): 0.2954
Loading Time(s): 0.5739
Forward Time(s): 0.2084
Backward Time(s): 0.1601
Update Time(s): 0.0053
Emb Update Time(s): 1.4432
#seeds: 6145
#inputs: 1923128
==========================================
Part 2, Epoch Time(s): 2.6921
Sampling Time(s): 0.2845
Loading Time(s): 0.6283
Forward Time(s): 0.1726
Backward Time(s): 0.1535
Update Time(s): 0.0052
Emb Update Time(s): 1.4427
#seeds: 6144
#inputs: 1936454
==========================================
Part 7, Epoch Time(s): 2.6920
Sampling Time(s): 0.2936
Loading Time(s): 0.5579
Forward Time(s): 0.2273
Backward Time(s): 0.1590
Update Time(s): 0.0049
Emb Update Time(s): 1.4442
#seeds: 6144
#inputs: 1933083
=====================

=====================
Part 5, Epoch Time(s): 2.6921
Sampling Time(s): 0.2942
Loading Time(s): 0.5831
Forward Time(s): 0.2010
Backward Time(s): 0.1596
Update Time(s): 0.0052
Emb Update Time(s): 1.4436
#seeds: 6144
#inputs: 1943018
=====================





=====================
Part 18, Epoch Time(s): 2.6919
Sampling Time(s): 0.3006
Loading Time(s): 0.5209
Forward Time(s): 0.2568
Backward Time(s): 0.1593
Update Time(s): 0.0047
Emb Update Time(s): 1.4443
#seeds: 6144
#inputs: 1914397
==========================================
Part 22, Epoch Time(s): 2.6919
Sampling Time(s): 0.3091
Loading Time(s): 0.5974
Forward Time(s): 0.1718
Backward Time(s): 0.1591
Update Time(s): 0.0048
Emb Update Time(s): 1.4446
#seeds: 6145
#inputs: 1931303
==========================================
Part 20, Epoch Time(s): 2.6920
Sampling Time(s): 0.3070
Loading Time(s): 0.5671
Forward Time(s): 0.2038
Backward Time(s): 0.1595
Update Time(s): 0.0052
Emb Update Time(s): 1.4440
#seeds: 6144
#inputs: 1928226
==========================================
Part 16, Epoch Time(s): 2.6920
Sampling Time(s): 0.2882
Loading Time(s): 0.5684
Forward Time(s): 0.2219
Backward Time(s): 0.1600
Update Time(s): 0.0050
Emb Update Time(s): 1.4433
#seeds: 6144
#inputs: 1940993
==========================================
Part 17, Epoch Time(s): 2.6919
Sampling Time(s): 0.3244
Loading Time(s): 0.5939
Forward Time(s): 0.1598
Backward Time(s): 0.1599
Update Time(s): 0.0049
Emb Update Time(s): 1.4437
#seeds: 6145
#inputs: 1938851
=====================




=====================
Part 23, Epoch Time(s): 2.6920
Sampling Time(s): 0.2861
Loading Time(s): 0.5657
Forward Time(s): 0.2258
Backward Time(s): 0.1589
Update Time(s): 0.0048
Emb Update Time(s): 1.4452
#seeds: 6144
#inputs: 1949599
=====================
=====================
Part 19, Epoch Time(s): 2.6920
Sampling Time(s): 0.3146
Loading Time(s): 0.5836
Forward Time(s): 0.1798
Backward Time(s): 0.1595
Update Time(s): 0.0048
Emb Update Time(s): 1.4445
#seeds: 6144
#inputs: 1932697
=====================
=====================
Part 21, Epoch Time(s): 2.6919
Sampling Time(s): 0.3056
Loading Time(s): 0.5687
Forward Time(s): 0.2058
Backward Time(s): 0.1570
Update Time(s): 0.0056
Emb Update Time(s): 1.4441
#seeds: 6144
#inputs: 1931174
=====================
=====================
Part 25, Epoch Time(s): 2.6920
Sampling Time(s): 0.2723
Loading Time(s): 0.5847
Forward Time(s): 0.2218
Backward Time(s): 0.1585
Update Time(s): 0.0043
Emb Update Time(s): 1.4453
#seeds: 6144
#inputs: 1980778
==========================================
Part 24, Epoch Time(s): 2.6919
Sampling Time(s): 0.2928
Loading Time(s): 0.6352
Forward Time(s): 0.1506
Backward Time(s): 0.1588
Update Time(s): 0.0044
Emb Update Time(s): 1.4448
#seeds: 6144
#inputs: 1961006
==========================================
Part 31, Epoch Time(s): 2.6919
Sampling Time(s): 0.2978
Loading Time(s): 0.5743
Forward Time(s): 0.2059
Backward Time(s): 0.1582
Update Time(s): 0.0049
Emb Update Time(s): 1.4453
#seeds: 6144
#inputs: 1973136
==========================================
Part 27, Epoch Time(s): 2.6919
Sampling Time(s): 0.2748
Loading Time(s): 0.6290
Forward Time(s): 0.1746
Backward Time(s): 0.1582
Update Time(s): 0.0061
Emb Update Time(s): 1.4439
#seeds: 6144
#inputs: 1964629
==========================================
Part 26, Epoch Time(s): 2.6920
Sampling Time(s): 0.2947
Loading Time(s): 0.6575
Forward Time(s): 0.1351
Backward Time(s): 0.1515
Update Time(s): 0.0046
Emb Update Time(s): 1.4435
#seeds: 6144
#inputs: 1968349
=====================




=====================
Part 30, Epoch Time(s): 2.6920
Sampling Time(s): 0.2979
Loading Time(s): 0.6560
Forward Time(s): 0.1384
Backward Time(s): 0.1454
Update Time(s): 0.0051
Emb Update Time(s): 1.4438
#seeds: 6145
#inputs: 1974100
==========================================
Part 29, Epoch Time(s): 2.6920
Sampling Time(s): 0.2782
Loading Time(s): 0.6108
Forward Time(s): 0.1893
Backward Time(s): 0.1576
Update Time(s): 0.0053
Emb Update Time(s): 1.4452
#seeds: 6144
#inputs: 1967446
=====================

=====================
Part 28, Epoch Time(s): 2.6921
Sampling Time(s): 0.2901
Loading Time(s): 0.6738
Forward Time(s): 0.1166
Backward Time(s): 0.1559
Update Time(s): 0.0057
Emb Update Time(s): 1.4446
#seeds: 6144
#inputs: 1970704
=====================
=====================
Part 10, Epoch Time(s): 2.6920
Sampling Time(s): 0.2851
Loading Time(s): 0.6147
Forward Time(s): 0.1874
Backward Time(s): 0.1513
Update Time(s): 0.0048
Emb Update Time(s): 1.4435
#seeds: 6144
#inputs: 2041510
==========================================
Part 11, Epoch Time(s): 2.6920
Sampling Time(s): 0.2869
Loading Time(s): 0.5881
Forward Time(s): 0.2031
Backward Time(s): 0.1583
Update Time(s): 0.0048
Emb Update Time(s): 1.4457
#seeds: 6144
#inputs: 2035166
==========================================
Part 13, Epoch Time(s): 2.6920
Sampling Time(s): 0.2833
Loading Time(s): 0.6215
Forward Time(s): 0.1729
Backward Time(s): 0.1584
Update Time(s): 0.0050
Emb Update Time(s): 1.4455
#seeds: 6144
#inputs: 2048209
==========================================
Part 12, Epoch Time(s): 2.6920
Sampling Time(s): 0.2937
Loading Time(s): 0.6377
Forward Time(s): 0.1466
Backward Time(s): 0.1584
Update Time(s): 0.0056
Emb Update Time(s): 1.4446
#seeds: 6144
#inputs: 2045866
==========================================
Part 9, Epoch Time(s): 2.6920
Sampling Time(s): 0.2960
Loading Time(s): 0.6755
Forward Time(s): 0.1269
Backward Time(s): 0.1422
Update Time(s): 0.0053
Emb Update Time(s): 1.4411
#seeds: 6145
#inputs: 2033952
==========================================
Part 8, Epoch Time(s): 2.6920
Sampling Time(s): 0.2895
Loading Time(s): 0.6406
Forward Time(s): 0.1501
Backward Time(s): 0.1573
Update Time(s): 0.0051
Emb Update Time(s): 1.4442
#seeds: 6144
#inputs: 2022530
==========================================
Part 14, Epoch Time(s): 2.6919
Sampling Time(s): 0.2979
Loading Time(s): 0.6448
Forward Time(s): 0.1394
Backward Time(s): 0.1542
Update Time(s): 0.0055
Emb Update Time(s): 1.4451
#seeds: 6145
#inputs: 2043149
=====================

=====================
Part 15, Epoch Time(s): 2.6920
Sampling Time(s): 0.2930
Loading Time(s): 0.6575
Forward Time(s): 0.1444
Backward Time(s): 0.1435
Update Time(s): 0.0048
Emb Update Time(s): 1.4437
#seeds: 6144
#inputs: 2054019
=====================





Part 7 | Epoch 00002 | Step 00000 | Loss 2.2702 | Train Acc 0.4420 | Speed (samples/sec) 2150.3960 | GPU 693.9 MB | time 0.470 s
Part 1 | Epoch 00002 | Step 00000 | Loss 2.3280 | Train Acc 0.4250 | Speed (samples/sec) 2150.4883 | GPU 692.0 MB | time 0.470 s
Part 2 | Epoch 00002 | Step 00000 | Loss 2.2782 | Train Acc 0.4490 | Speed (samples/sec) 2150.3224 | GPU 697.5 MB | time 0.470 s
Part 0 | Epoch 00002 | Step 00000 | Loss 2.2198 | Train Acc 0.4720 | Speed (samples/sec) 2152.3194 | GPU 688.0 MB | time 0.470 s
Part 3 | Epoch 00002 | Step 00000 | Loss 2.3297 | Train Acc 0.4180 | Speed (samples/sec) 2150.4056 | GPU 690.5 MB | time 0.470 s
Part 23 | Epoch 00002 | Step 00000 | Loss 3.1017 | Train Acc 0.1000 | Speed (samples/sec) 2150.8469 | GPU 694.4 MB | time 0.470 s
Part 21 | Epoch 00002 | Step 00000 | Loss 3.0313 | Train Acc 0.1240 | Speed (samples/sec) 2150.7032 | GPU 689.6 MB | time 0.470 s
Part 20 | Epoch 00002 | Step 00000 | Loss 3.0897 | Train Acc 0.1010 | Speed (samples/sec) 2150.5983 | GPU 690.0 MB | time 0.470 s
Part 22 | Epoch 00002 | Step 00000 | Loss 3.0775 | Train Acc 0.1090 | Speed (samples/sec) 2151.9039 | GPU 692.8 MB | time 0.470 sPart 18 | Epoch 00002 | Step 00000 | Loss 2.9901 | Train Acc 0.1210 | Speed (samples/sec) 2150.7582 | GPU 689.9 MB | time 0.470 s
Part 16 | Epoch 00002 | Step 00000 | Loss 3.0504 | Train Acc 0.1180 | Speed (samples/sec) 2150.3049 | GPU 690.5 MB | time 0.470 s

Part 5 | Epoch 00002 | Step 00000 | Loss 2.2930 | Train Acc 0.4380 | Speed (samples/sec) 2150.4783 | GPU 697.5 MB | time 0.470 s
Part 6 | Epoch 00002 | Step 00000 | Loss 2.3227 | Train Acc 0.4380 | Speed (samples/sec) 2150.3998 | GPU 690.2 MB | time 0.470 s
Part 4 | Epoch 00002 | Step 00000 | Loss 2.3021 | Train Acc 0.4470 | Speed (samples/sec) 2153.7558 | GPU 699.5 MB | time 0.470 s
Part 19 | Epoch 00002 | Step 00000 | Loss 3.0563 | Train Acc 0.1000 | Speed (samples/sec) 2150.2864 | GPU 689.7 MB | time 0.470 s
Part 8 | Epoch 00002 | Step 00000 | Loss 2.5959 | Train Acc 0.1850 | Speed (samples/sec) 2150.3338 | GPU 712.4 MB | time 0.470 sPart 9 | Epoch 00002 | Step 00000 | Loss 2.6103 | Train Acc 0.2050 | Speed (samples/sec) 2151.8417 | GPU 710.6 MB | time 0.470 s

Part 14 | Epoch 00002 | Step 00000 | Loss 2.6619 | Train Acc 0.1840 | Speed (samples/sec) 2151.9964 | GPU 709.0 MB | time 0.470 s
Part 15 | Epoch 00002 | Step 00000 | Loss 2.6198 | Train Acc 0.2050 | Speed (samples/sec) 2150.6900 | GPU 719.9 MB | time 0.470 s
Part 27 | Epoch 00002 | Step 00000 | Loss 2.2356 | Train Acc 0.4980 | Speed (samples/sec) 2150.4449 | GPU 697.8 MB | time 0.470 sPart 24 | Epoch 00002 | Step 00000 | Loss 2.2912 | Train Acc 0.4830 | Speed (samples/sec) 2150.4442 | GPU 695.2 MB | time 0.470 sPart 28 | Epoch 00002 | Step 00000 | Loss 2.3619 | Train Acc 0.4680 | Speed (samples/sec) 2150.4664 | GPU 694.4 MB | time 0.470 s


Part 26 | Epoch 00002 | Step 00000 | Loss 2.3221 | Train Acc 0.4590 | Speed (samples/sec) 2150.4503 | GPU 701.5 MB | time 0.470 s
Part 17 | Epoch 00002 | Step 00000 | Loss 3.0255 | Train Acc 0.1130 | Speed (samples/sec) 2151.9216 | GPU 691.0 MB | time 0.470 s
Part 30 | Epoch 00002 | Step 00000 | Loss 2.3458 | Train Acc 0.4790 | Speed (samples/sec) 2152.1900 | GPU 696.3 MB | time 0.470 sPart 10 | Epoch 00002 | Step 00000 | Loss 2.5955 | Train Acc 0.2150 | Speed (samples/sec) 2150.5246 | GPU 712.9 MB | time 0.470 s

Part 11 | Epoch 00002 | Step 00000 | Loss 2.6311 | Train Acc 0.1930 | Speed (samples/sec) 2150.3694 | GPU 718.7 MB | time 0.470 s
Part 13 | Epoch 00002 | Step 00000 | Loss 2.5914 | Train Acc 0.1920 | Speed (samples/sec) 2150.7092 | GPU 712.6 MB | time 0.470 s
Part 12 | Epoch 00002 | Step 00000 | Loss 2.6382 | Train Acc 0.1860 | Speed (samples/sec) 2150.5332 | GPU 712.8 MB | time 0.470 s
Part 25 | Epoch 00002 | Step 00000 | Loss 2.3337 | Train Acc 0.4830 | Speed (samples/sec) 2150.3878 | GPU 701.9 MB | time 0.470 s
Part 31 | Epoch 00002 | Step 00000 | Loss 2.4148 | Train Acc 0.4490 | Speed (samples/sec) 2150.8775 | GPU 697.7 MB | time 0.470 s
Part 29 | Epoch 00002 | Step 00000 | Loss 2.2597 | Train Acc 0.5050 | Speed (samples/sec) 2150.8398 | GPU 699.8 MB | time 0.470 s
Avg train acc 0.3064
=====================
Part 0, Epoch Time(s): 2.6883
Sampling Time(s): 0.3040
Loading Time(s): 0.5294
Forward Time(s): 0.2790
Backward Time(s): 0.1569
Update Time(s): 0.0043
Emb Update Time(s): 1.4091
#seeds: 6145
#inputs: 1919007
=====================
=====================
Part 2, Epoch Time(s): 2.6882
Sampling Time(s): 0.3103
Loading Time(s): 0.6161
Forward Time(s): 0.1872
Backward Time(s): 0.1556
Update Time(s): 0.0043
Emb Update Time(s): 1.4099
#seeds: 6144
#inputs: 1942597
=====================
=====================
Part 4, Epoch Time(s): 2.6883
Sampling Time(s): 0.2889
Loading Time(s): 0.6251
Forward Time(s): 0.1983
Backward Time(s): 0.1562
Update Time(s): 0.0046
Emb Update Time(s): 1.4100
#seeds: 6145
#inputs: 1931111
==========================================
Part 6, Epoch Time(s): 2.6883
Sampling Time(s): 0.3071
Loading Time(s): 0.5945
Forward Time(s): 0.2109
Backward Time(s): 0.1559
Update Time(s): 0.0050
Emb Update Time(s): 1.4100
#seeds: 6144
#inputs: 1929209
==========================================
Part 1, Epoch Time(s): 2.6882
Sampling Time(s): 0.3014
Loading Time(s): 0.6369
Forward Time(s): 0.1756
Backward Time(s): 0.1556
Update Time(s): 0.0042
Emb Update Time(s): 1.4097
#seeds: 6144
#inputs: 1929669
==========================================
Part 3, Epoch Time(s): 2.6883
Sampling Time(s): 0.2919
Loading Time(s): 0.5993
Forward Time(s): 0.2217
Backward Time(s): 0.1562
Update Time(s): 0.0046
Emb Update Time(s): 1.4099
#seeds: 6144
#inputs: 1928198
==========================================
Part 7, Epoch Time(s): 2.6884
Sampling Time(s): 0.3046
Loading Time(s): 0.6309
Forward Time(s): 0.1775
Backward Time(s): 0.1559
Update Time(s): 0.0048
Emb Update Time(s): 1.4097
#seeds: 6144
#inputs: 1932852
==========================================
Part 5, Epoch Time(s): 2.6884
Sampling Time(s): 0.2989
Loading Time(s): 0.6395
Forward Time(s): 0.1741
Backward Time(s): 0.1561
Update Time(s): 0.0053
Emb Update Time(s): 1.4094
#seeds: 6144
#inputs: 1937505
=====================





=====================
Part 20, Epoch Time(s): 2.6882
Sampling Time(s): 0.2893
Loading Time(s): 0.6478
Forward Time(s): 0.1789
Backward Time(s): 0.1529
Update Time(s): 0.0051
Emb Update Time(s): 1.4094
#seeds: 6144
#inputs: 1930604
==========================================
Part 19, Epoch Time(s): 2.6882
Sampling Time(s): 0.3055
Loading Time(s): 0.5977
Forward Time(s): 0.2093
Backward Time(s): 0.1564
Update Time(s): 0.0046
Emb Update Time(s): 1.4097
#seeds: 6144
#inputs: 1929245
==========================================
Part 21, Epoch Time(s): 2.6882
Sampling Time(s): 0.2952
Loading Time(s): 0.5566
Forward Time(s): 0.2607
Backward Time(s): 0.1558
Update Time(s): 0.0054
Emb Update Time(s): 1.4096
#seeds: 6144
#inputs: 1928043
==========================================
Part 16, Epoch Time(s): 2.6884
Sampling Time(s): 0.2945
Loading Time(s): 0.6218
Forward Time(s): 0.1966
Backward Time(s): 0.1571
Update Time(s): 0.0045
Emb Update Time(s): 1.4090
#seeds: 6144
#inputs: 1945441
==========================================
Part 22, Epoch Time(s): 2.6883
Sampling Time(s): 0.3012
Loading Time(s): 0.6111
Forward Time(s): 0.2002
Backward Time(s): 0.1557
Update Time(s): 0.0047
Emb Update Time(s): 1.4104
#seeds: 6145
#inputs: 1924229
=====================

=====================
Part 18, Epoch Time(s): 2.6883
Sampling Time(s): 0.3083
Loading Time(s): 0.5472
Forward Time(s): 0.2570
Backward Time(s): 0.1567
Update Time(s): 0.0049
Emb Update Time(s): 1.4092
#seeds: 6144
#inputs: 1908225
=====================
=====================
Part 17, Epoch Time(s): 2.6884
Sampling Time(s): 0.2963
Loading Time(s): 0.6326
Forward Time(s): 0.1863
Backward Time(s): 0.1544
Update Time(s): 0.0051
Emb Update Time(s): 1.4086
#seeds: 6145
#inputs: 1939351
=====================
=====================
Part 23, Epoch Time(s): 2.6883
Sampling Time(s): 0.2933
Loading Time(s): 0.5545
Forward Time(s): 0.2647
Backward Time(s): 0.1556
Update Time(s): 0.0047
Emb Update Time(s): 1.4107
#seeds: 6144
#inputs: 1944121
=====================



=====================
Part 26, Epoch Time(s): 2.6882
Sampling Time(s): 0.2812
Loading Time(s): 0.6298
Forward Time(s): 0.2018
Backward Time(s): 0.1554
Update Time(s): 0.0046
Emb Update Time(s): 1.4105
#seeds: 6144
#inputs: 1970931
==========================================
Part 24, Epoch Time(s): 2.6883
Sampling Time(s): 0.3071
Loading Time(s): 0.6817
Forward Time(s): 0.1289
Backward Time(s): 0.1508
Update Time(s): 0.0051
Emb Update Time(s): 1.4098
#seeds: 6144
#inputs: 1958962
==========================================
Part 27, Epoch Time(s): 2.6883
Sampling Time(s): 0.2745
Loading Time(s): 0.6763
Forward Time(s): 0.1616
Backward Time(s): 0.1553
Update Time(s): 0.0046
Emb Update Time(s): 1.4110
#seeds: 6144
#inputs: 1961567
==========================================
Part 30, Epoch Time(s): 2.6882
Sampling Time(s): 0.2954
Loading Time(s): 0.6963
Forward Time(s): 0.1316
Backward Time(s): 0.1455
Update Time(s): 0.0048
Emb Update Time(s): 1.4094
#seeds: 6145
#inputs: 1980317
=====================



=====================
Part 29, Epoch Time(s): 2.6883
Sampling Time(s): 0.3019
Loading Time(s): 0.6165
Forward Time(s): 0.1935
Backward Time(s): 0.1546
Update Time(s): 0.0050
Emb Update Time(s): 1.4113
#seeds: 6144
#inputs: 1969057
==========================================
Part 31, Epoch Time(s): 2.6883
Sampling Time(s): 0.2910
Loading Time(s): 0.5980
Forward Time(s): 0.2228
Backward Time(s): 0.1552
Update Time(s): 0.0050
Emb Update Time(s): 1.4110
#seeds: 6144
#inputs: 1969157
==========================================
Part 28, Epoch Time(s): 2.6883
Sampling Time(s): 0.2800
Loading Time(s): 0.6427
Forward Time(s): 0.1898
Backward Time(s): 0.1552
Update Time(s): 0.0045
Emb Update Time(s): 1.4112
#seeds: 6144
#inputs: 1970211
=====================


=====================
Part 25, Epoch Time(s): 2.6885
Sampling Time(s): 0.2651
Loading Time(s): 0.5956
Forward Time(s): 0.2597
Backward Time(s): 0.1493
Update Time(s): 0.0045
Emb Update Time(s): 1.4090
#seeds: 6144
#inputs: 1982122
=====================
=====================
Part 11, Epoch Time(s): 2.6882
Sampling Time(s): 0.3442
Loading Time(s): 0.6493
Forward Time(s): 0.1396
Backward Time(s): 0.1389
Update Time(s): 0.0046
Emb Update Time(s): 1.4065
#seeds: 6144
#inputs: 2037200
==========================================
Part 10, Epoch Time(s): 2.6883
Sampling Time(s): 0.3008
Loading Time(s): 0.6370
Forward Time(s): 0.1763
Backward Time(s): 0.1544
Update Time(s): 0.0045
Emb Update Time(s): 1.4104
#seeds: 6144
#inputs: 2038763
==========================================
Part 8, Epoch Time(s): 2.6884
Sampling Time(s): 0.2925
Loading Time(s): 0.6557
Forward Time(s): 0.1739
Backward Time(s): 0.1468
Update Time(s): 0.0051
Emb Update Time(s): 1.4093
#seeds: 6144
#inputs: 2026922
==========================================
Part 9, Epoch Time(s): 2.6883
Sampling Time(s): 0.2821
Loading Time(s): 0.6262
Forward Time(s): 0.2044
Backward Time(s): 0.1559
Update Time(s): 0.0053
Emb Update Time(s): 1.4095
#seeds: 6145
#inputs: 2035277
==========================================
Part 15, Epoch Time(s): 2.6884
Sampling Time(s): 0.3145
Loading Time(s): 0.6899
Forward Time(s): 0.1183
Backward Time(s): 0.1453
Update Time(s): 0.0054
Emb Update Time(s): 1.4100
#seeds: 6144
#inputs: 2045056
=====================

=====================
Part 14, Epoch Time(s): 2.6883
Sampling Time(s): 0.2931
Loading Time(s): 0.6517
Forward Time(s): 0.1708
Backward Time(s): 0.1523
Update Time(s): 0.0049
Emb Update Time(s): 1.4104
#seeds: 6145
#inputs: 2039005
=====================

=====================
Part 12, Epoch Time(s): 2.6883
Sampling Time(s): 0.3587
Loading Time(s): 0.6375
Forward Time(s): 0.1341
Backward Time(s): 0.1417
Update Time(s): 0.0051
Emb Update Time(s): 1.4059
#seeds: 6144
#inputs: 2033918
=====================


=====================
Part 13, Epoch Time(s): 2.6883
Sampling Time(s): 0.2867
Loading Time(s): 0.6575
Forward Time(s): 0.1714
Backward Time(s): 0.1521
Update Time(s): 0.0048
Emb Update Time(s): 1.4106
#seeds: 6144
#inputs: 2044291
=====================
Part 11 | Epoch 00003 | Step 00000 | Loss 2.5025 | Train Acc 0.1710 | Speed (samples/sec) 2138.1968 | GPU 718.7 MB | time 0.628 s
Part 10 | Epoch 00003 | Step 00000 | Loss 2.4955 | Train Acc 0.1810 | Speed (samples/sec) 2138.3169 | GPU 712.9 MB | time 0.629 s
Part 0 | Epoch 00003 | Step 00000 | Loss 1.9051 | Train Acc 0.4780 | Speed (samples/sec) 2140.0156 | GPU 688.0 MB | time 0.629 s
Part 8 | Epoch 00003 | Step 00000 | Loss 2.4847 | Train Acc 0.1750 | Speed (samples/sec) 2138.0426 | GPU 712.4 MB | time 0.629 s
Part 13 | Epoch 00003 | Step 00000 | Loss 2.5253 | Train Acc 0.1660 | Speed (samples/sec) 2138.4588 | GPU 712.6 MB | time 0.629 s
Part 12 | Epoch 00003 | Step 00000 | Loss 2.5264 | Train Acc 0.1610 | Speed (samples/sec) 2138.3524 | GPU 712.8 MB | time 0.629 s
Part 15 | Epoch 00003 | Step 00000 | Loss 2.5393 | Train Acc 0.1610 | Speed (samples/sec) 2138.3687 | GPU 719.9 MB | time 0.629 s
Part 6 | Epoch 00003 | Step 00000 | Loss 1.9623 | Train Acc 0.4580 | Speed (samples/sec) 2138.1638 | GPU 693.7 MB | time 0.629 s
Part 3 | Epoch 00003 | Step 00000 | Loss 1.8488 | Train Acc 0.4940 | Speed (samples/sec) 2138.0951 | GPU 695.1 MB | time 0.629 sPart 1 | Epoch 00003 | Step 00000 | Loss 1.9613 | Train Acc 0.4600 | Speed (samples/sec) 2138.1797 | GPU 693.3 MB | time 0.629 s

Part 2 | Epoch 00003 | Step 00000 | Loss 1.8973 | Train Acc 0.4860 | Speed (samples/sec) 2138.1032 | GPU 703.2 MB | time 0.629 s
Part 9 | Epoch 00003 | Step 00000 | Loss 2.4896 | Train Acc 0.1550 | Speed (samples/sec) 2139.5003 | GPU 710.6 MB | time 0.629 s
Part 7 | Epoch 00003 | Step 00000 | Loss 1.9179 | Train Acc 0.4600 | Speed (samples/sec) 2138.0910 | GPU 693.9 MB | time 0.629 s
Part 19 | Epoch 00003 | Step 00000 | Loss 2.9469 | Train Acc 0.1090 | Speed (samples/sec) 2138.1129 | GPU 689.7 MB | time 0.629 s
Part 5 | Epoch 00003 | Step 00000 | Loss 1.9191 | Train Acc 0.4590 | Speed (samples/sec) 2138.2404 | GPU 697.5 MB | time 0.629 s
Part 17 | Epoch 00003 | Step 00000 | Loss 2.8992 | Train Acc 0.1260 | Speed (samples/sec) 2139.5816 | GPU 695.7 MB | time 0.629 sPart 16 | Epoch 00003 | Step 00000 | Loss 2.9533 | Train Acc 0.1040 | Speed (samples/sec) 2137.9570 | GPU 690.9 MB | time 0.629 s
Part 18 | Epoch 00003 | Step 00000 | Loss 2.9554 | Train Acc 0.1240 | Speed (samples/sec) 2138.4434 | GPU 689.9 MB | time 0.629 s

Part 4 | Epoch 00003 | Step 00000 | Loss 1.9454 | Train Acc 0.4610 | Speed (samples/sec) 2140.8087 | GPU 699.5 MB | time 0.629 s
Part 27 | Epoch 00003 | Step 00000 | Loss 1.9187 | Train Acc 0.5340 | Speed (samples/sec) 2138.2227 | GPU 698.6 MB | time 0.629 s
Part 14 | Epoch 00003 | Step 00000 | Loss 2.5411 | Train Acc 0.1420 | Speed (samples/sec) 2139.6774 | GPU 711.2 MB | time 0.629 s
Part 25 | Epoch 00003 | Step 00000 | Loss 2.0173 | Train Acc 0.5070 | Speed (samples/sec) 2138.2887 | GPU 701.9 MB | time 0.629 s
Part 20 | Epoch 00003 | Step 00000 | Loss 2.9479 | Train Acc 0.1180 | Speed (samples/sec) 2138.2179 | GPU 690.0 MB | time 0.629 sPart 26 | Epoch 00003 | Step 00000 | Loss 2.0518 | Train Acc 0.5040 | Speed (samples/sec) 2138.2010 | GPU 701.5 MB | time 0.629 s
Part 24 | Epoch 00003 | Step 00000 | Loss 1.9527 | Train Acc 0.5320 | Speed (samples/sec) 2138.1660 | GPU 695.2 MB | time 0.629 s
Part 28 | Epoch 00003 | Step 00000 | Loss 2.0040 | Train Acc 0.5130 | Speed (samples/sec) 2138.2019 | GPU 698.0 MB | time 0.629 s
Part 30 | Epoch 00003 | Step 00000 | Loss 2.0773 | Train Acc 0.5120 | Speed (samples/sec) 2139.8955 | GPU 696.3 MB | time 0.629 s
Part 31 | Epoch 00003 | Step 00000 | Loss 1.9794 | Train Acc 0.5230 | Speed (samples/sec) 2138.6047 | GPU 697.7 MB | time 0.629 s
Part 29 | Epoch 00003 | Step 00000 | Loss 1.9534 | Train Acc 0.5230 | Speed (samples/sec) 2138.6185 | GPU 705.3 MB | time 0.629 s
Part 23 | Epoch 00003 | Step 00000 | Loss 2.9405 | Train Acc 0.1220 | Speed (samples/sec) 2138.4351 | GPU 694.4 MB | time 0.629 s
Part 22 | Epoch 00003 | Step 00000 | Loss 2.9366 | Train Acc 0.1140 | Speed (samples/sec) 2139.5531 | GPU 692.8 MB | time 0.629 s

Part 21 | Epoch 00003 | Step 00000 | Loss 2.9711 | Train Acc 0.1230 | Speed (samples/sec) 2138.3220 | GPU 689.6 MB | time 0.629 s
Avg train acc 0.3174
=====================
Part 0, Epoch Time(s): 2.6711
Sampling Time(s): 0.2605
Loading Time(s): 0.5570
Forward Time(s): 0.2755
Backward Time(s): 0.1581
Update Time(s): 0.0042
Emb Update Time(s): 1.4103
#seeds: 6145
#inputs: 1916095
=====================
=====================
Part 7, Epoch Time(s): 2.6710
Sampling Time(s): 0.2996
Loading Time(s): 0.6207
Forward Time(s): 0.1732
Backward Time(s): 0.1570
Update Time(s): 0.0045
Emb Update Time(s): 1.4112
#seeds: 6144
#inputs: 1937276
==========================================
Part 5, Epoch Time(s): 2.6711
Sampling Time(s): 0.2903
Loading Time(s): 0.6442
Forward Time(s): 0.1591
Backward Time(s): 0.1570
Update Time(s): 0.0047
Emb Update Time(s): 1.4107
#seeds: 6144
#inputs: 1942440
==========================================
Part 4, Epoch Time(s): 2.6711
Sampling Time(s): 0.2844
Loading Time(s): 0.6326
Forward Time(s): 0.1761
Backward Time(s): 0.1573
Update Time(s): 0.0051
Emb Update Time(s): 1.4104
#seeds: 6145
#inputs: 1927246
==========================================
Part 6, Epoch Time(s): 2.6711
Sampling Time(s): 0.2927
Loading Time(s): 0.6787
Forward Time(s): 0.1258
Backward Time(s): 0.1533
Update Time(s): 0.0051
Emb Update Time(s): 1.4107
#seeds: 6144
#inputs: 1923099
==========================================
Part 3, Epoch Time(s): 2.6711
Sampling Time(s): 0.2925
Loading Time(s): 0.5813
Forward Time(s): 0.2321
Backward Time(s): 0.1471
Update Time(s): 0.0049
Emb Update Time(s): 1.4085
#seeds: 6144
#inputs: 1925054
=====================

=====================
Part 1, Epoch Time(s): 2.6711
Sampling Time(s): 0.2988
Loading Time(s): 0.6019
Forward Time(s): 0.1928
Backward Time(s): 0.1577
Update Time(s): 0.0048
Emb Update Time(s): 1.4101
#seeds: 6144
#inputs: 1927140
=====================


=====================
Part 2, Epoch Time(s): 2.6711
Sampling Time(s): 0.2980
Loading Time(s): 0.6074
Forward Time(s): 0.1885
Backward Time(s): 0.1576
Update Time(s): 0.0050
Emb Update Time(s): 1.4098
#seeds: 6144
#inputs: 1935943
=====================

=====================
Part 17, Epoch Time(s): 2.6710
Sampling Time(s): 0.2891
Loading Time(s): 0.6031
Forward Time(s): 0.2012
Backward Time(s): 0.1578
Update Time(s): 0.0043
Emb Update Time(s): 1.4108
#seeds: 6145
#inputs: 1940254
==========================================
Part 16, Epoch Time(s): 2.6710
Sampling Time(s): 0.2796
Loading Time(s): 0.5780
Forward Time(s): 0.2356
Backward Time(s): 0.1579
Update Time(s): 0.0047
Emb Update Time(s): 1.4105
#seeds: 6144
#inputs: 1938621
==========================================
Part 19, Epoch Time(s): 2.6710
Sampling Time(s): 0.3199
Loading Time(s): 0.6196
Forward Time(s): 0.1638
Backward Time(s): 0.1496
Update Time(s): 0.0047
Emb Update Time(s): 1.4087
#seeds: 6144
#inputs: 1931929
=====================


=====================
Part 22, Epoch Time(s): 2.6710
Sampling Time(s): 0.3034
Loading Time(s): 0.6001
Forward Time(s): 0.1901
Backward Time(s): 0.1565
Update Time(s): 0.0046
Emb Update Time(s): 1.4114
#seeds: 6145
#inputs: 1930474
==========================================
Part 20, Epoch Time(s): 2.6711
Sampling Time(s): 0.2977
Loading Time(s): 0.6462
Forward Time(s): 0.1491
Backward Time(s): 0.1571
Update Time(s): 0.0045
Emb Update Time(s): 1.4114
#seeds: 6144
#inputs: 1928770
=====================

=====================
Part 18, Epoch Time(s): 2.6711
Sampling Time(s): 0.2935
Loading Time(s): 0.5624
Forward Time(s): 0.2393
Backward Time(s): 0.1553
Update Time(s): 0.0047
Emb Update Time(s): 1.4108
#seeds: 6144
#inputs: 1918247
=====================
=====================
Part 23, Epoch Time(s): 2.6711
Sampling Time(s): 0.2952
Loading Time(s): 0.6223
Forward Time(s): 0.1751
Backward Time(s): 0.1568
Update Time(s): 0.0045
Emb Update Time(s): 1.4120
#seeds: 6144
#inputs: 1944961
=====================
=====================
Part 21, Epoch Time(s): 2.6712
Sampling Time(s): 0.2885
Loading Time(s): 0.6051
Forward Time(s): 0.1993
Backward Time(s): 0.1570
Update Time(s): 0.0051
Emb Update Time(s): 1.4111
#seeds: 6144
#inputs: 1930837
=====================
=====================
Part 24, Epoch Time(s): 2.6711
Sampling Time(s): 0.2771
Loading Time(s): 0.6283
Forward Time(s): 0.1979
Backward Time(s): 0.1473
Update Time(s): 0.0052
Emb Update Time(s): 1.4102
#seeds: 6144
#inputs: 1951351
==========================================
Part 28, Epoch Time(s): 2.6710
Sampling Time(s): 0.2687
Loading Time(s): 0.6501
Forward Time(s): 0.1741
Backward Time(s): 0.1560
Update Time(s): 0.0048
Emb Update Time(s): 1.4123
#seeds: 6144
#inputs: 1975603
==========================================
Part 26, Epoch Time(s): 2.6710
Sampling Time(s): 0.2801
Loading Time(s): 0.6440
Forward Time(s): 0.1725
Backward Time(s): 0.1534
Update Time(s): 0.0048
Emb Update Time(s): 1.4115
#seeds: 6144
#inputs: 1966748
=====================
=====================
Part 30, Epoch Time(s): 2.6711
Sampling Time(s): 0.2852
Loading Time(s): 0.6529
Forward Time(s): 0.1549
Backward Time(s): 0.1559
Update Time(s): 0.0053
Emb Update Time(s): 1.4118
#seeds: 6145
#inputs: 1975799
=====================


=====================
Part 29, Epoch Time(s): 2.6711
Sampling Time(s): 0.3043
Loading Time(s): 0.5951
Forward Time(s): 0.1980
Backward Time(s): 0.1509
Update Time(s): 0.0050
Emb Update Time(s): 1.4124
#seeds: 6144
#inputs: 1966375
==========================================
Part 27, Epoch Time(s): 2.6711
Sampling Time(s): 0.2800
Loading Time(s): 0.6630
Forward Time(s): 0.1596
Backward Time(s): 0.1484
Update Time(s): 0.0047
Emb Update Time(s): 1.4106
#seeds: 6144
#inputs: 1965895
==========================================
Part 25, Epoch Time(s): 2.6711
Sampling Time(s): 0.2717
Loading Time(s): 0.5784
Forward Time(s): 0.2426
Backward Time(s): 0.1566
Update Time(s): 0.0044
Emb Update Time(s): 1.4124
#seeds: 6144
#inputs: 1982445
=====================


=====================
Part 31, Epoch Time(s): 2.6712
Sampling Time(s): 0.2856
Loading Time(s): 0.6366
Forward Time(s): 0.1784
Backward Time(s): 0.1497
Update Time(s): 0.0051
Emb Update Time(s): 1.4103
#seeds: 6144
#inputs: 1977055
=====================
=====================
Part 8, Epoch Time(s): 2.6710
Sampling Time(s): 0.2895
Loading Time(s): 0.6501
Forward Time(s): 0.1539
Backward Time(s): 0.1569
Update Time(s): 0.0053
Emb Update Time(s): 1.4106
#seeds: 6144
#inputs: 2022558
=====================
=====================
Part 10, Epoch Time(s): 2.6710
Sampling Time(s): 0.2825
Loading Time(s): 0.6248
Forward Time(s): 0.1866
Backward Time(s): 0.1567
Update Time(s): 0.0048
Emb Update Time(s): 1.4112
#seeds: 6144
#inputs: 2038553
==========================================
Part 11, Epoch Time(s): 2.6711
Sampling Time(s): 0.2809
Loading Time(s): 0.6854
Forward Time(s): 0.1403
Backward Time(s): 0.1459
Update Time(s): 0.0045
Emb Update Time(s): 1.4096
#seeds: 6144
#inputs: 2031523
==========================================
Part 9, Epoch Time(s): 2.6710
Sampling Time(s): 0.2939
Loading Time(s): 0.6647
Forward Time(s): 0.1397
Backward Time(s): 0.1515
Update Time(s): 0.0052
Emb Update Time(s): 1.4111
#seeds: 6145
#inputs: 2036131
==========================================
Part 13, Epoch Time(s): 2.6710
Sampling Time(s): 0.2976
Loading Time(s): 0.7171
Forward Time(s): 0.1043
Backward Time(s): 0.1350
Update Time(s): 0.0050
Emb Update Time(s): 1.4073
#seeds: 6144
#inputs: 2046061
=====================



=====================
Part 12, Epoch Time(s): 2.6711
Sampling Time(s): 0.2916
Loading Time(s): 0.6426
Forward Time(s): 0.1658
Backward Time(s): 0.1504
Update Time(s): 0.0070
Emb Update Time(s): 1.4084
#seeds: 6144
#inputs: 2041474
==========================================
Part 15, Epoch Time(s): 2.6710
Sampling Time(s): 0.2950
Loading Time(s): 0.6861
Forward Time(s): 0.1211
Backward Time(s): 0.1471
Update Time(s): 0.0053
Emb Update Time(s): 1.4117
#seeds: 6144
#inputs: 2045596
=====================

=====================
Part 14, Epoch Time(s): 2.6711
Sampling Time(s): 0.3187
Loading Time(s): 0.6720
Forward Time(s): 0.1150
Backward Time(s): 0.1421
Update Time(s): 0.0060
Emb Update Time(s): 1.4115
#seeds: 6145
#inputs: 2040109
=====================
Part 17 | Epoch 00004 | Step 00000 | Loss 2.5550 | Train Acc 0.2240 | Speed (samples/sec) 2190.7790 | GPU 695.7 MB | time 0.665 s
Part 22 | Epoch 00004 | Step 00000 | Loss 2.5164 | Train Acc 0.2150 | Speed (samples/sec) 2190.7856 | GPU 692.8 MB | time 0.665 s
Part 0 | Epoch 00004 | Step 00000 | Loss 1.5896 | Train Acc 0.5440 | Speed (samples/sec) 2191.3246 | GPU 688.1 MB | time 0.665 s
Part 19 | Epoch 00004 | Step 00000 | Loss 2.5131 | Train Acc 0.2290 | Speed (samples/sec) 2189.1953 | GPU 689.7 MB | time 0.666 s
Part 16 | Epoch 00004 | Step 00000 | Loss 2.5693 | Train Acc 0.2240 | Speed (samples/sec) 2189.2021 | GPU 696.3 MB | time 0.665 s
Part 20 | Epoch 00004 | Step 00000 | Loss 2.5422 | Train Acc 0.2180 | Speed (samples/sec) 2189.5241 | GPU 690.0 MB | time 0.665 s
Part 6 | Epoch 00004 | Step 00000 | Loss 1.6255 | Train Acc 0.5300 | Speed (samples/sec) 2189.3091 | GPU 693.7 MB | time 0.665 s
Part 7 | Epoch 00004 | Step 00000 | Loss 1.5571 | Train Acc 0.5630 | Speed (samples/sec) 2189.3038 | GPU 693.9 MB | time 0.665 s
Part 2 | Epoch 00004 | Step 00000 | Loss 1.5469 | Train Acc 0.5430 | Speed (samples/sec) 2189.1668 | GPU 703.2 MB | time 0.665 s
Part 4 | Epoch 00004 | Step 00000 | Loss 1.5307 | Train Acc 0.5550 | Speed (samples/sec) 2191.7366 | GPU 699.5 MB | time 0.665 s
Part 8 | Epoch 00004 | Step 00000 | Loss 2.1990 | Train Acc 0.3710 | Speed (samples/sec) 2189.0830 | GPU 712.4 MB | time 0.665 s
Part 24 | Epoch 00004 | Step 00000 | Loss 1.6391 | Train Acc 0.5680 | Speed (samples/sec) 2189.3304 | GPU 695.2 MB | time 0.665 sPart 26 | Epoch 00004 | Step 00000 | Loss 1.6740 | Train Acc 0.5550 | Speed (samples/sec) 2189.2249 | GPU 701.5 MB | time 0.665 s

Part 28 | Epoch 00004 | Step 00000 | Loss 1.7097 | Train Acc 0.5560 | Speed (samples/sec) 2189.3288 | GPU 698.0 MB | time 0.665 s
Part 27 | Epoch 00004 | Step 00000 | Loss 1.6576 | Train Acc 0.5670 | Speed (samples/sec) 2189.2703 | GPU 698.6 MB | time 0.665 s
Part 25 | Epoch 00004 | Step 00000 | Loss 1.6917 | Train Acc 0.5530 | Speed (samples/sec) 2189.3664 | GPU 701.9 MB | time 0.665 s
Part 30 | Epoch 00004 | Step 00000 | Loss 1.6296 | Train Acc 0.5630 | Speed (samples/sec) 2190.9622 | GPU 706.6 MB | time 0.666 sPart 31 | Epoch 00004 | Step 00000 | Loss 1.6533 | Train Acc 0.5670 | Speed (samples/sec) 2189.6916 | GPU 700.3 MB | time 0.666 s

Part 9 | Epoch 00004 | Step 00000 | Loss 2.2073 | Train Acc 0.3590 | Speed (samples/sec) 2190.6854 | GPU 710.6 MB | time 0.665 s
Part 12 | Epoch 00004 | Step 00000 | Loss 2.1925 | Train Acc 0.3570 | Speed (samples/sec) 2189.5309 | GPU 714.5 MB | time 0.665 s
Part 3 | Epoch 00004 | Step 00000 | Loss 1.5856 | Train Acc 0.5450 | Speed (samples/sec) 2189.1865 | GPU 695.1 MB | time 0.665 s
Part 18 | Epoch 00004 | Step 00000 | Loss 2.5808 | Train Acc 0.2210 | Speed (samples/sec) 2189.5766 | GPU 689.9 MB | time 0.666 s
Part 15 | Epoch 00004 | Step 00000 | Loss 2.2072 | Train Acc 0.3400 | Speed (samples/sec) 2189.3939 | GPU 719.9 MB | time 0.665 s
Part 21 | Epoch 00004 | Step 00000 | Loss 2.5368 | Train Acc 0.2230 | Speed (samples/sec) 2189.5742 | GPU 689.6 MB | time 0.666 s
Part 10 | Epoch 00004 | Step 00000 | Loss 2.1785 | Train Acc 0.3480 | Speed (samples/sec) 2189.1492 | GPU 712.9 MB | time 0.665 s
Part 13 | Epoch 00004 | Step 00000 | Loss 2.2213 | Train Acc 0.3260 | Speed (samples/sec) 2189.3928 | GPU 714.0 MB | time 0.666 sPart 11 | Epoch 00004 | Step 00000 | Loss 2.2048 | Train Acc 0.3320 | Speed (samples/sec) 2189.0499 | GPU 718.7 MB | time 0.665 s

Part 5 | Epoch 00004 | Step 00000 | Loss 1.5573 | Train Acc 0.5500 | Speed (samples/sec) 2189.4416 | GPU 697.5 MB | time 0.666 s
Part 29 | Epoch 00004 | Step 00000 | Loss 1.6036 | Train Acc 0.5620 | Speed (samples/sec) 2189.7570 | GPU 705.3 MB | time 0.666 s
Part 1 | Epoch 00004 | Step 00000 | Loss 1.5700 | Train Acc 0.5210 | Speed (samples/sec) 2189.2676 | GPU 693.3 MB | time 0.666 s
Part 14 | Epoch 00004 | Step 00000 | Loss 2.1708 | Train Acc 0.3480 | Speed (samples/sec) 2191.0829 | GPU 711.2 MB | time 0.665 s
Part 23 | Epoch 00004 | Step 00000 | Loss 2.5730 | Train Acc 0.2220 | Speed (samples/sec) 2189.6630 | GPU 695.1 MB | time 0.666 s
Avg train acc 0.4187
=====================
Part 0, Epoch Time(s): 2.8842
Sampling Time(s): 0.2635
Loading Time(s): 0.5308
Forward Time(s): 0.3266
Backward Time(s): 0.1604
Update Time(s): 0.0043
Emb Update Time(s): 1.5927
#seeds: 6145
#inputs: 1916483
==========================================
Part 1, Epoch Time(s): 2.8842
Sampling Time(s): 0.2993
Loading Time(s): 0.6087
Forward Time(s): 0.2135
Backward Time(s): 0.1601
Update Time(s): 0.0052
Emb Update Time(s): 1.5921
#seeds: 6144
#inputs: 1931040
==========================================
Part 2, Epoch Time(s): 2.8841
Sampling Time(s): 0.2818
Loading Time(s): 0.6451
Forward Time(s): 0.2046
Backward Time(s): 0.1528
Update Time(s): 0.0046
Emb Update Time(s): 1.5904
#seeds: 6144
#inputs: 1936398
==========================================
Part 6, Epoch Time(s): 2.8842
Sampling Time(s): 0.2777
Loading Time(s): 0.5977
Forward Time(s): 0.2462
Backward Time(s): 0.1592
Update Time(s): 0.0049
Emb Update Time(s): 1.5933
#seeds: 6144
#inputs: 1925241
==========================================
Part 7, Epoch Time(s): 2.8842
Sampling Time(s): 0.2977
Loading Time(s): 0.5875
Forward Time(s): 0.2367
Backward Time(s): 0.1592
Update Time(s): 0.0050
Emb Update Time(s): 1.5931
#seeds: 6144
#inputs: 1933494
=====================


=====================
Part 5, Epoch Time(s): 2.8842
Sampling Time(s): 0.2893
Loading Time(s): 0.6072
Forward Time(s): 0.2338
Backward Time(s): 0.1520
Update Time(s): 0.0048
Emb Update Time(s): 1.5918
#seeds: 6144
#inputs: 1934736
=====================

=====================
Part 4, Epoch Time(s): 2.8842
Sampling Time(s): 0.2871
Loading Time(s): 0.5887
Forward Time(s): 0.2529
Backward Time(s): 0.1523
Update Time(s): 0.0050
Emb Update Time(s): 1.5930
#seeds: 6145
#inputs: 1931252
==========================================
Part 3, Epoch Time(s): 2.8842
Sampling Time(s): 0.3319
Loading Time(s): 0.5855
Forward Time(s): 0.2046
Backward Time(s): 0.1598
Update Time(s): 0.0052
Emb Update Time(s): 1.5922
#seeds: 6144
#inputs: 1925463
=====================


=====================
Part 17, Epoch Time(s): 2.8843
Sampling Time(s): 0.3072
Loading Time(s): 0.5844
Forward Time(s): 0.2345
Backward Time(s): 0.1556
Update Time(s): 0.0049
Emb Update Time(s): 1.5930
#seeds: 6145
#inputs: 1938398
==========================================
Part 22, Epoch Time(s): 2.8842
Sampling Time(s): 0.3447
Loading Time(s): 0.6432
Forward Time(s): 0.1451
Backward Time(s): 0.1476
Update Time(s): 0.0053
Emb Update Time(s): 1.5933
#seeds: 6145
#inputs: 1934642
==========================================
Part 21, Epoch Time(s): 2.8842
Sampling Time(s): 0.3583
Loading Time(s): 0.6142
Forward Time(s): 0.1509
Backward Time(s): 0.1564
Update Time(s): 0.0053
Emb Update Time(s): 1.5936
#seeds: 6144
#inputs: 1931868
==========================================
Part 19, Epoch Time(s): 2.8842
Sampling Time(s): 0.3308
Loading Time(s): 0.6424
Forward Time(s): 0.1487
Backward Time(s): 0.1595
Update Time(s): 0.0044
Emb Update Time(s): 1.5934
#seeds: 6144
#inputs: 1936668
=====================



=====================
Part 20, Epoch Time(s): 2.8842
Sampling Time(s): 0.2939
Loading Time(s): 0.5995
Forward Time(s): 0.2283
Backward Time(s): 0.1594
Update Time(s): 0.0046
Emb Update Time(s): 1.5935
#seeds: 6144
#inputs: 1928553
==========================================
Part 23, Epoch Time(s): 2.8842
Sampling Time(s): 0.2928
Loading Time(s): 0.5814
Forward Time(s): 0.2465
Backward Time(s): 0.1588
Update Time(s): 0.0047
Emb Update Time(s): 1.5945
#seeds: 6144
#inputs: 1945914
=====================
=====================
Part 16, Epoch Time(s): 2.8844
Sampling Time(s): 0.2954
Loading Time(s): 0.5467
Forward Time(s): 0.2795
Backward Time(s): 0.1598
Update Time(s): 0.0060
Emb Update Time(s): 1.5919
#seeds: 6144
#inputs: 1938928
=====================

=====================
Part 18, Epoch Time(s): 2.8843
Sampling Time(s): 0.3064
Loading Time(s): 0.5625
Forward Time(s): 0.2521
Backward Time(s): 0.1595
Update Time(s): 0.0049
Emb Update Time(s): 1.5932
#seeds: 6144
#inputs: 1914358
=====================
=====================
Part 10, Epoch Time(s): 2.8841
Sampling Time(s): 0.2965
Loading Time(s): 0.6277
Forward Time(s): 0.1973
Backward Time(s): 0.1588
Update Time(s): 0.0057
Emb Update Time(s): 1.5930
#seeds: 6144
#inputs: 2045748
==========================================
Part 11, Epoch Time(s): 2.8842
Sampling Time(s): 0.2822
Loading Time(s): 0.6444
Forward Time(s): 0.2045
Backward Time(s): 0.1518
Update Time(s): 0.0047
Emb Update Time(s): 1.5917
#seeds: 6144
#inputs: 2038476
==========================================
Part 12, Epoch Time(s): 2.8841
Sampling Time(s): 0.2796
Loading Time(s): 0.6812
Forward Time(s): 0.1630
Backward Time(s): 0.1562
Update Time(s): 0.0056
Emb Update Time(s): 1.5936
#seeds: 6144
#inputs: 2040769
==========================================
Part 14, Epoch Time(s): 2.8841
Sampling Time(s): 0.3349
Loading Time(s): 0.6166
Forward Time(s): 0.1788
Backward Time(s): 0.1504
Update Time(s): 0.0055
Emb Update Time(s): 1.5925
#seeds: 6145
#inputs: 2034955
==========================================
Part 8, Epoch Time(s): 2.8842
Sampling Time(s): 0.2739
Loading Time(s): 0.6568
Forward Time(s): 0.1912
Backward Time(s): 0.1591
Update Time(s): 0.0049
Emb Update Time(s): 1.5935
#seeds: 6144
#inputs: 2022267
=====================


=====================
Part 13, Epoch Time(s): 2.8843
Sampling Time(s): 0.3118
Loading Time(s): 0.6679
Forward Time(s): 0.1416
Backward Time(s): 0.1584
Update Time(s): 0.0054
Emb Update Time(s): 1.5940
#seeds: 6144
#inputs: 2047749
==========================================
Part 9, Epoch Time(s): 2.8843
Sampling Time(s): 0.2812
Loading Time(s): 0.6861
Forward Time(s): 0.1543
Backward Time(s): 0.1589
Update Time(s): 0.0049
Emb Update Time(s): 1.5938
#seeds: 6145
#inputs: 2039623
=====================

=====================
Part 15, Epoch Time(s): 2.8842
Sampling Time(s): 0.2892
Loading Time(s): 0.6398
Forward Time(s): 0.1925
Backward Time(s): 0.1583
Update Time(s): 0.0052
Emb Update Time(s): 1.5941
#seeds: 6144
#inputs: 2052468
=====================


=====================
Part 27, Epoch Time(s): 2.8842
Sampling Time(s): 0.2726
Loading Time(s): 0.6652
Forward Time(s): 0.1933
Backward Time(s): 0.1514
Update Time(s): 0.0046
Emb Update Time(s): 1.5925
#seeds: 6144
#inputs: 1968400
==========================================
Part 28, Epoch Time(s): 2.8842
Sampling Time(s): 0.2673
Loading Time(s): 0.6350
Forward Time(s): 0.2195
Backward Time(s): 0.1587
Update Time(s): 0.0049
Emb Update Time(s): 1.5941
#seeds: 6144
#inputs: 1978857
==========================================
Part 30, Epoch Time(s): 2.8842
Sampling Time(s): 0.2760
Loading Time(s): 0.6364
Forward Time(s): 0.2185
Backward Time(s): 0.1510
Update Time(s): 0.0054
Emb Update Time(s): 1.5921
#seeds: 6145
#inputs: 1978741
==========================================
Part 24, Epoch Time(s): 2.8842
Sampling Time(s): 0.2767
Loading Time(s): 0.6556
Forward Time(s): 0.1990
Backward Time(s): 0.1519
Update Time(s): 0.0049
Emb Update Time(s): 1.5914
#seeds: 6144
#inputs: 1956898
=====================



=====================
Part 25, Epoch Time(s): 2.8842
Sampling Time(s): 0.2777
Loading Time(s): 0.5811
Forward Time(s): 0.2628
Backward Time(s): 0.1590
Update Time(s): 0.0044
Emb Update Time(s): 1.5943
#seeds: 6144
#inputs: 1984751
==========================================
Part 29, Epoch Time(s): 2.8843
Sampling Time(s): 0.2954
Loading Time(s): 0.5716
Forward Time(s): 0.2537
Backward Time(s): 0.1586
Update Time(s): 0.0048
Emb Update Time(s): 1.5948
#seeds: 6144
#inputs: 1962743
==========================================
Part 26, Epoch Time(s): 2.8842
Sampling Time(s): 0.2630
Loading Time(s): 0.6160
Forward Time(s): 0.2434
Backward Time(s): 0.1589
Update Time(s): 0.0049
Emb Update Time(s): 1.5935
#seeds: 6144
#inputs: 1961258
=====================


=====================
Part 31, Epoch Time(s): 2.8843
Sampling Time(s): 0.2951
Loading Time(s): 0.5864
Forward Time(s): 0.2398
Backward Time(s): 0.1586
Update Time(s): 0.0048
Emb Update Time(s): 1.5945
#seeds: 6144
#inputs: 1976482
=====================
Part 0 | Epoch 00005 | Step 00000 | Loss 1.3685 | Train Acc 0.6040 | Speed (samples/sec) 2177.4429 | GPU 689.1 MB | time 0.628 s
Part 19 | Epoch 00005 | Step 00000 | Loss 2.2723 | Train Acc 0.3280 | Speed (samples/sec) 2175.2209 | GPU 689.7 MB | time 0.628 s
Part 1 | Epoch 00005 | Step 00000 | Loss 1.3684 | Train Acc 0.5830 | Speed (samples/sec) 2175.4067 | GPU 693.3 MB | time 0.628 sPart 3 | Epoch 00005 | Step 00000 | Loss 1.3441 | Train Acc 0.6170 | Speed (samples/sec) 2175.2580 | GPU 695.1 MB | time 0.628 sPart 2 | Epoch 00005 | Step 00000 | Loss 1.3177 | Train Acc 0.6060 | Speed (samples/sec) 2175.2192 | GPU 703.2 MB | time 0.628 s


Part 4 | Epoch 00005 | Step 00000 | Loss 1.4075 | Train Acc 0.5980 | Speed (samples/sec) 2177.6339 | GPU 699.5 MB | time 0.628 s
Part 7 | Epoch 00005 | Step 00000 | Loss 1.4144 | Train Acc 0.5950 | Speed (samples/sec) 2175.3638 | GPU 697.9 MB | time 0.628 s
Part 17 | Epoch 00005 | Step 00000 | Loss 2.2749 | Train Acc 0.3220 | Speed (samples/sec) 2176.7775 | GPU 695.7 MB | time 0.628 s
Part 20 | Epoch 00005 | Step 00000 | Loss 2.2765 | Train Acc 0.3250 | Speed (samples/sec) 2175.5011 | GPU 690.7 MB | time 0.628 s
Part 27 | Epoch 00005 | Step 00000 | Loss 1.4726 | Train Acc 0.6060 | Speed (samples/sec) 2175.2429 | GPU 698.6 MB | time 0.628 s
Part 30 | Epoch 00005 | Step 00000 | Loss 1.4974 | Train Acc 0.5940 | Speed (samples/sec) 2177.0095 | GPU 706.6 MB | time 0.628 sPart 24 | Epoch 00005 | Step 00000 | Loss 1.4455 | Train Acc 0.5960 | Speed (samples/sec) 2175.3337 | GPU 695.2 MB | time 0.628 s

Part 28 | Epoch 00005 | Step 00000 | Loss 1.4022 | Train Acc 0.6190 | Speed (samples/sec) 2175.3340 | GPU 698.0 MB | time 0.628 s
Part 23 | Epoch 00005 | Step 00000 | Loss 2.2786 | Train Acc 0.3190 | Speed (samples/sec) 2175.8019 | GPU 695.1 MB | time 0.628 s
Part 16 | Epoch 00005 | Step 00000 | Loss 2.2582 | Train Acc 0.3270 | Speed (samples/sec) 2175.2260 | GPU 696.3 MB | time 0.628 s
Part 6 | Epoch 00005 | Step 00000 | Loss 1.3922 | Train Acc 0.6050 | Speed (samples/sec) 2175.4066 | GPU 693.7 MB | time 0.628 s
Part 5 | Epoch 00005 | Step 00000 | Loss 1.3943 | Train Acc 0.6040 | Speed (samples/sec) 2175.5503 | GPU 697.5 MB | time 0.628 s
Part 22 | Epoch 00005 | Step 00000 | Loss 2.2497 | Train Acc 0.3370 | Speed (samples/sec) 2176.8256 | GPU 692.8 MB | time 0.628 s
Part 11 | Epoch 00005 | Step 00000 | Loss 1.7503 | Train Acc 0.5410 | Speed (samples/sec) 2175.1348 | GPU 718.7 MB | time 0.628 s
Part 8 | Epoch 00005 | Step 00000 | Loss 1.7875 | Train Acc 0.5340 | Speed (samples/sec) 2175.1662 | GPU 712.4 MB | time 0.628 s
Part 21 | Epoch 00005 | Step 00000 | Loss 2.2999 | Train Acc 0.3090 | Speed (samples/sec) 2175.6469 | GPU 689.6 MB | time 0.628 s
Part 18 | Epoch 00005 | Step 00000 | Loss 2.3031 | Train Acc 0.3180 | Speed (samples/sec) 2175.6705 | GPU 689.9 MB | time 0.628 s
Part 15 | Epoch 00005 | Step 00000 | Loss 1.7408 | Train Acc 0.5390 | Speed (samples/sec) 2175.4493 | GPU 719.9 MB | time 0.628 s
Part 13 | Epoch 00005 | Step 00000 | Loss 1.8643 | Train Acc 0.5120 | Speed (samples/sec) 2175.4432 | GPU 714.0 MB | time 0.628 s
Part 25 | Epoch 00005 | Step 00000 | Loss 1.4344 | Train Acc 0.6110 | Speed (samples/sec) 2175.4332 | GPU 701.9 MB | time 0.628 sPart 26 | Epoch 00005 | Step 00000 | Loss 1.4503 | Train Acc 0.5970 | Speed (samples/sec) 2175.1918 | GPU 701.5 MB | time 0.628 s

Part 29 | Epoch 00005 | Step 00000 | Loss 1.5118 | Train Acc 0.5850 | Speed (samples/sec) 2175.8141 | GPU 705.3 MB | time 0.628 s
Part 31 | Epoch 00005 | Step 00000 | Loss 1.5458 | Train Acc 0.5730 | Speed (samples/sec) 2175.7003 | GPU 700.3 MB | time 0.628 s
Part 9 | Epoch 00005 | Step 00000 | Loss 1.7237 | Train Acc 0.5420 | Speed (samples/sec) 2176.7246 | GPU 710.6 MB | time 0.628 s
Part 12 | Epoch 00005 | Step 00000 | Loss 1.7817 | Train Acc 0.5450 | Speed (samples/sec) 2175.5475 | GPU 714.5 MB | time 0.628 s
Part 14 | Epoch 00005 | Step 00000 | Loss 1.7612 | Train Acc 0.5400 | Speed (samples/sec) 2177.1605 | GPU 716.4 MB | time 0.628 s
Part 10 | Epoch 00005 | Step 00000 | Loss 1.8726 | Train Acc 0.5060 | Speed (samples/sec) 2175.2307 | GPU 712.9 MB | time 0.628 s
Avg train acc 0.5137
=====================
Part 0, Epoch Time(s): 2.6606
Sampling Time(s): 0.2847
Loading Time(s): 0.5429
Forward Time(s): 0.2727
Backward Time(s): 0.1556
Update Time(s): 0.0047
Emb Update Time(s): 1.3940
#seeds: 6145
#inputs: 1918538
==========================================
Part 1, Epoch Time(s): 2.6606
Sampling Time(s): 0.3276
Loading Time(s): 0.5745
Forward Time(s): 0.1954
Backward Time(s): 0.1555
Update Time(s): 0.0043
Emb Update Time(s): 1.3983
#seeds: 6144
#inputs: 1932357
==========================================
Part 3, Epoch Time(s): 2.6605
Sampling Time(s): 0.3371
Loading Time(s): 0.5723
Forward Time(s): 0.1925
Backward Time(s): 0.1550
Update Time(s): 0.0046
Emb Update Time(s): 1.3942
#seeds: 6144
#inputs: 1923869
==========================================
Part 2, Epoch Time(s): 2.6606
Sampling Time(s): 0.3058
Loading Time(s): 0.5974
Forward Time(s): 0.1993
Backward Time(s): 0.1545
Update Time(s): 0.0049
Emb Update Time(s): 1.3938
#seeds: 6144
#inputs: 1940445
==========================================
Part 5, Epoch Time(s): 2.6606
Sampling Time(s): 0.3105
Loading Time(s): 0.5966
Forward Time(s): 0.1949
Backward Time(s): 0.1539
Update Time(s): 0.0051
Emb Update Time(s): 1.3944
#seeds: 6144
#inputs: 1937968
==========================================
Part 4, Epoch Time(s): 2.6606
Sampling Time(s): 0.2979
Loading Time(s): 0.5947
Forward Time(s): 0.2086
Backward Time(s): 0.1549
Update Time(s): 0.0050
Emb Update Time(s): 1.3945
#seeds: 6145
#inputs: 1930394
==========================================
Part 6, Epoch Time(s): 2.6606
Sampling Time(s): 0.2852
Loading Time(s): 0.5905
Forward Time(s): 0.2254
Backward Time(s): 0.1548
Update Time(s): 0.0054
Emb Update Time(s): 1.3939
#seeds: 6144
#inputs: 1925178
=====================






=====================
Part 7, Epoch Time(s): 2.6606
Sampling Time(s): 0.2996
Loading Time(s): 0.6076
Forward Time(s): 0.1999
Backward Time(s): 0.1490
Update Time(s): 0.0054
Emb Update Time(s): 1.3936
#seeds: 6144
#inputs: 1933200
=====================
=====================
Part 17, Epoch Time(s): 2.6606
Sampling Time(s): 0.3050
Loading Time(s): 0.6071
Forward Time(s): 0.1892
Backward Time(s): 0.1585
Update Time(s): 0.0045
Emb Update Time(s): 1.3914
#seeds: 6145
#inputs: 1935034
==========================================
Part 18, Epoch Time(s): 2.6605
Sampling Time(s): 0.3295
Loading Time(s): 0.5386
Forward Time(s): 0.2327
Backward Time(s): 0.1584
Update Time(s): 0.0043
Emb Update Time(s): 1.3916
#seeds: 6144
#inputs: 1918773
==========================================
Part 23, Epoch Time(s): 2.6605
Sampling Time(s): 0.3005
Loading Time(s): 0.5298
Forward Time(s): 0.2707
Backward Time(s): 0.1545
Update Time(s): 0.0044
Emb Update Time(s): 1.3956
#seeds: 6144
#inputs: 1947019
==========================================
Part 16, Epoch Time(s): 2.6606
Sampling Time(s): 0.2896
Loading Time(s): 0.6409
Forward Time(s): 0.1707
Backward Time(s): 0.1590
Update Time(s): 0.0051
Emb Update Time(s): 1.3903
#seeds: 6144
#inputs: 1935800
=====================
=====================
Part 19, Epoch Time(s): 2.6606
Sampling Time(s): 0.3210
Loading Time(s): 0.5881
Forward Time(s): 0.1940
Backward Time(s): 0.1568
Update Time(s): 0.0052
Emb Update Time(s): 1.3906
#seeds: 6144
#inputs: 1937832
=====================



=====================
Part 21, Epoch Time(s): 2.6606
Sampling Time(s): 0.3141
Loading Time(s): 0.5871
Forward Time(s): 0.2037
Backward Time(s): 0.1538
Update Time(s): 0.0051
Emb Update Time(s): 1.3915
#seeds: 6144
#inputs: 1931394
=====================
=====================
Part 22, Epoch Time(s): 2.6608
Sampling Time(s): 0.3033
Loading Time(s): 0.6331
Forward Time(s): 0.1649
Backward Time(s): 0.1579
Update Time(s): 0.0050
Emb Update Time(s): 1.3914
#seeds: 6145
#inputs: 1928539
==========================================
Part 20, Epoch Time(s): 2.6606
Sampling Time(s): 0.2990
Loading Time(s): 0.6017
Forward Time(s): 0.2010
Backward Time(s): 0.1579
Update Time(s): 0.0053
Emb Update Time(s): 1.3909
#seeds: 6144
#inputs: 1927957
=====================

=====================
Part 25, Epoch Time(s): 2.6605
Sampling Time(s): 0.2888
Loading Time(s): 0.6614
Forward Time(s): 0.1608
Backward Time(s): 0.1443
Update Time(s): 0.0045
Emb Update Time(s): 1.3954
#seeds: 6144
#inputs: 1981466
==========================================
Part 31, Epoch Time(s): 2.6605
Sampling Time(s): 0.3122
Loading Time(s): 0.6176
Forward Time(s): 0.1732
Backward Time(s): 0.1515
Update Time(s): 0.0052
Emb Update Time(s): 1.3954
#seeds: 6144
#inputs: 1976054
==========================================
Part 24, Epoch Time(s): 2.6606
Sampling Time(s): 0.2934
Loading Time(s): 0.6280
Forward Time(s): 0.1894
Backward Time(s): 0.1476
Update Time(s): 0.0051
Emb Update Time(s): 1.3922
#seeds: 6144
#inputs: 1962086
==========================================
Part 27, Epoch Time(s): 2.6606
Sampling Time(s): 0.2782
Loading Time(s): 0.6274
Forward Time(s): 0.1963
Backward Time(s): 0.1542
Update Time(s): 0.0051
Emb Update Time(s): 1.3945
#seeds: 6144
#inputs: 1962575
==========================================
Part 28, Epoch Time(s): 2.6606
Sampling Time(s): 0.2965
Loading Time(s): 0.6993
Forward Time(s): 0.1081
Backward Time(s): 0.1515
Update Time(s): 0.0052
Emb Update Time(s): 1.3952
#seeds: 6144
#inputs: 1978449
==========================================
Part 30, Epoch Time(s): 2.6606
Sampling Time(s): 0.2927
Loading Time(s): 0.6559
Forward Time(s): 0.1585
Backward Time(s): 0.1482
Update Time(s): 0.0051
Emb Update Time(s): 1.3952
#seeds: 6145
#inputs: 1976480
=====================



=====================
Part 26, Epoch Time(s): 2.6605
Sampling Time(s): 0.2737
Loading Time(s): 0.5995
Forward Time(s): 0.2280
Backward Time(s): 0.1544
Update Time(s): 0.0047
Emb Update Time(s): 1.3950
#seeds: 6144
#inputs: 1969021
=====================


=====================
Part 29, Epoch Time(s): 2.6606
Sampling Time(s): 0.2907
Loading Time(s): 0.5866
Forward Time(s): 0.2229
Backward Time(s): 0.1539
Update Time(s): 0.0065
Emb Update Time(s): 1.3946
#seeds: 6144
#inputs: 1961806
=====================
=====================
Part 8, Epoch Time(s): 2.6606
Sampling Time(s): 0.2886
Loading Time(s): 0.6759
Forward Time(s): 0.1546
Backward Time(s): 0.1426
Update Time(s): 0.0043
Emb Update Time(s): 1.3895
#seeds: 6144
#inputs: 2026157
==========================================
Part 10, Epoch Time(s): 2.6606
Sampling Time(s): 0.3111
Loading Time(s): 0.6773
Forward Time(s): 0.1295
Backward Time(s): 0.1439
Update Time(s): 0.0047
Emb Update Time(s): 1.3884
#seeds: 6144
#inputs: 2042747
=====================
=====================
Part 14, Epoch Time(s): 2.6606
Sampling Time(s): 0.2990
Loading Time(s): 0.6411
Forward Time(s): 0.1604
Backward Time(s): 0.1574
Update Time(s): 0.0051
Emb Update Time(s): 1.3922
#seeds: 6145
#inputs: 2040596
=====================

=====================
Part 11, Epoch Time(s): 2.6606
Sampling Time(s): 0.2722
Loading Time(s): 0.6364
Forward Time(s): 0.1940
Backward Time(s): 0.1563
Update Time(s): 0.0047
Emb Update Time(s): 1.3921
#seeds: 6144
#inputs: 2030200
==========================================
Part 13, Epoch Time(s): 2.6606
Sampling Time(s): 0.3029
Loading Time(s): 0.6736
Forward Time(s): 0.1244
Backward Time(s): 0.1572
Update Time(s): 0.0053
Emb Update Time(s): 1.3920
#seeds: 6144
#inputs: 2043845
==========================================
Part 9, Epoch Time(s): 2.6606
Sampling Time(s): 0.2862
Loading Time(s): 0.6640
Forward Time(s): 0.1602
Backward Time(s): 0.1480
Update Time(s): 0.0052
Emb Update Time(s): 1.3916
#seeds: 6145
#inputs: 2035075
==========================================
Part 12, Epoch Time(s): 2.6608
Sampling Time(s): 0.2938
Loading Time(s): 0.6708
Forward Time(s): 0.1405
Backward Time(s): 0.1529
Update Time(s): 0.0064
Emb Update Time(s): 1.3910
#seeds: 6144
#inputs: 2044223
=====================



=====================
Part 15, Epoch Time(s): 2.6608
Sampling Time(s): 0.3025
Loading Time(s): 0.6573
Forward Time(s): 0.1569
Backward Time(s): 0.1435
Update Time(s): 0.0056
Emb Update Time(s): 1.3897
#seeds: 6144
#inputs: 2049443
=====================
Part 0 | Epoch 00006 | Step 00000 | Loss 1.0264 | Train Acc 0.7430 | Speed (samples/sec) 2219.7557 | GPU 689.1 MB | time 0.707 s
Part 1 | Epoch 00006 | Step 00000 | Loss 1.0412 | Train Acc 0.7310 | Speed (samples/sec) 2216.0543 | GPU 694.1 MB | time 0.707 s
Part 2 | Epoch 00006 | Step 00000 | Loss 1.0726 | Train Acc 0.7270 | Speed (samples/sec) 2217.4658 | GPU 703.2 MB | time 0.707 s
Part 3 | Epoch 00006 | Step 00000 | Loss 1.0049 | Train Acc 0.7620 | Speed (samples/sec) 2217.4458 | GPU 695.1 MB | time 0.707 s
Part 19 | Epoch 00006 | Step 00000 | Loss 1.8614 | Train Acc 0.4990 | Speed (samples/sec) 2217.3999 | GPU 690.5 MB | time 0.707 s
Part 21 | Epoch 00006 | Step 00000 | Loss 1.8425 | Train Acc 0.4950 | Speed (samples/sec) 2217.9125 | GPU 689.6 MB | time 0.707 s
Part 6 | Epoch 00006 | Step 00000 | Loss 1.1163 | Train Acc 0.7190 | Speed (samples/sec) 2217.6813 | GPU 693.7 MB | time 0.707 sPart 20 | Epoch 00006 | Step 00000 | Loss 2.0205 | Train Acc 0.4320 | Speed (samples/sec) 2217.7209 | GPU 690.7 MB | time 0.707 s

Part 17 | Epoch 00006 | Step 00000 | Loss 1.8365 | Train Acc 0.4970 | Speed (samples/sec) 2218.9829 | GPU 695.7 MB | time 0.707 s
Part 16 | Epoch 00006 | Step 00000 | Loss 1.8751 | Train Acc 0.4870 | Speed (samples/sec) 2217.4765 | GPU 696.3 MB | time 0.707 s
Part 28 | Epoch 00006 | Step 00000 | Loss 1.3390 | Train Acc 0.6370 | Speed (samples/sec) 2217.5544 | GPU 702.6 MB | time 0.707 sPart 25 | Epoch 00006 | Step 00000 | Loss 1.2184 | Train Acc 0.6770 | Speed (samples/sec) 2217.7898 | GPU 701.9 MB | time 0.707 sPart 24 | Epoch 00006 | Step 00000 | Loss 1.3111 | Train Acc 0.6650 | Speed (samples/sec) 2217.5667 | GPU 695.2 MB | time 0.707 sPart 30 | Epoch 00006 | Step 00000 | Loss 1.3144 | Train Acc 0.6530 | Speed (samples/sec) 2219.2081 | GPU 706.6 MB | time 0.707 s



Part 27 | Epoch 00006 | Step 00000 | Loss 1.2309 | Train Acc 0.6700 | Speed (samples/sec) 2217.4372 | GPU 698.6 MB | time 0.707 s
Part 18 | Epoch 00006 | Step 00000 | Loss 1.8951 | Train Acc 0.5050 | Speed (samples/sec) 2217.9212 | GPU 689.9 MB | time 0.707 sPart 23 | Epoch 00006 | Step 00000 | Loss 1.8843 | Train Acc 0.4890 | Speed (samples/sec) 2218.0361 | GPU 695.1 MB | time 0.707 s

Part 22 | Epoch 00006 | Step 00000 | Loss 1.8749 | Train Acc 0.4910 | Speed (samples/sec) 2219.0503 | GPU 692.8 MB | time 0.707 s
Part 7 | Epoch 00006 | Step 00000 | Loss 1.1174 | Train Acc 0.7150 | Speed (samples/sec) 2217.8398 | GPU 697.9 MB | time 0.707 s
Part 4 | Epoch 00006 | Step 00000 | Loss 1.0336 | Train Acc 0.7220 | Speed (samples/sec) 2219.8094 | GPU 699.5 MB | time 0.707 s
Part 10 | Epoch 00006 | Step 00000 | Loss 1.3562 | Train Acc 0.6850 | Speed (samples/sec) 2217.6390 | GPU 712.9 MB | time 0.707 s
Part 26 | Epoch 00006 | Step 00000 | Loss 1.2647 | Train Acc 0.6620 | Speed (samples/sec) 2217.4544 | GPU 701.5 MB | time 0.707 s
Part 12 | Epoch 00006 | Step 00000 | Loss 1.4223 | Train Acc 0.6750 | Speed (samples/sec) 2217.7787 | GPU 714.5 MB | time 0.707 s
Part 8 | Epoch 00006 | Step 00000 | Loss 1.3535 | Train Acc 0.6840 | Speed (samples/sec) 2217.4341 | GPU 712.4 MB | time 0.707 sPart 15 | Epoch 00006 | Step 00000 | Loss 1.3236 | Train Acc 0.6950 | Speed (samples/sec) 2217.7593 | GPU 719.9 MB | time 0.707 s
Part 9 | Epoch 00006 | Step 00000 | Loss 1.3556 | Train Acc 0.6940 | Speed (samples/sec) 2219.0537 | GPU 710.6 MB | time 0.707 s

Part 13 | Epoch 00006 | Step 00000 | Loss 1.3332 | Train Acc 0.6960 | Speed (samples/sec) 2217.6968 | GPU 714.0 MB | time 0.707 s
Part 11 | Epoch 00006 | Step 00000 | Loss 1.3772 | Train Acc 0.6870 | Speed (samples/sec) 2217.4024 | GPU 718.7 MB | time 0.707 s
Part 14 | Epoch 00006 | Step 00000 | Loss 1.4575 | Train Acc 0.6710 | Speed (samples/sec) 2219.4656 | GPU 716.4 MB | time 0.707 s
Part 5 | Epoch 00006 | Step 00000 | Loss 1.0167 | Train Acc 0.7430 | Speed (samples/sec) 2217.8659 | GPU 697.5 MB | time 0.707 s
Part 31 | Epoch 00006 | Step 00000 | Loss 1.2872 | Train Acc 0.6450 | Speed (samples/sec) 2218.0079 | GPU 700.3 MB | time 0.707 s
Part 29 | Epoch 00006 | Step 00000 | Loss 1.2052 | Train Acc 0.6660 | Speed (samples/sec) 2218.1522 | GPU 705.3 MB | time 0.707 s
Avg train acc 0.6412
=====================
Part 2, Epoch Time(s): 2.6297
Sampling Time(s): 0.3142
Loading Time(s): 0.6466
Forward Time(s): 0.2478
Backward Time(s): 0.1589
Update Time(s): 0.0048
Emb Update Time(s): 1.2527
#seeds: 6144
#inputs: 1938898
==========================================
Part 1, Epoch Time(s): 2.6297
Sampling Time(s): 0.4106
Loading Time(s): 0.6151
Forward Time(s): 0.1916
Backward Time(s): 0.1526
Update Time(s): 0.0054
Emb Update Time(s): 1.2499
#seeds: 6144
#inputs: 1934054
==========================================
Part 6, Epoch Time(s): 2.6297
Sampling Time(s): 0.3462
Loading Time(s): 0.5691
Forward Time(s): 0.2918
Backward Time(s): 0.1599
Update Time(s): 0.0050
Emb Update Time(s): 1.2528
#seeds: 6144
#inputs: 1916391
=====================


=====================
Part 3, Epoch Time(s): 2.6297
Sampling Time(s): 0.2845
Loading Time(s): 0.6061
Forward Time(s): 0.3167
Backward Time(s): 0.1600
Update Time(s): 0.0050
Emb Update Time(s): 1.2527
#seeds: 6144
#inputs: 1921198
=====================
=====================
Part 5, Epoch Time(s): 2.6297
Sampling Time(s): 0.2961
Loading Time(s): 0.6059
Forward Time(s): 0.3043
Backward Time(s): 0.1599
Update Time(s): 0.0052
Emb Update Time(s): 1.2531
#seeds: 6144
#inputs: 1937970
=====================
=====================
Part 0, Epoch Time(s): 2.6299
Sampling Time(s): 0.2842
Loading Time(s): 0.5928
Forward Time(s): 0.3286
Backward Time(s): 0.1604
Update Time(s): 0.0049
Emb Update Time(s): 1.2528
#seeds: 6145
#inputs: 1913885
==========================================
Part 7, Epoch Time(s): 2.6298
Sampling Time(s): 0.3234
Loading Time(s): 0.5849
Forward Time(s): 0.2978
Backward Time(s): 0.1600
Update Time(s): 0.0061
Emb Update Time(s): 1.2525
#seeds: 6144
#inputs: 1932553
=====================

=====================
Part 4, Epoch Time(s): 2.6300
Sampling Time(s): 0.3032
Loading Time(s): 0.6455
Forward Time(s): 0.2624
Backward Time(s): 0.1554
Update Time(s): 0.0060
Emb Update Time(s): 1.2522
#seeds: 6145
#inputs: 1935693
=====================
=====================
Part 17, Epoch Time(s): 2.6297
Sampling Time(s): 0.3113
Loading Time(s): 0.6177
Forward Time(s): 0.2781
Backward Time(s): 0.1603
Update Time(s): 0.0046
Emb Update Time(s): 1.2531
#seeds: 6145
#inputs: 1942315
==========================================
Part 16, Epoch Time(s): 2.6297
Sampling Time(s): 0.2804
Loading Time(s): 0.6487
Forward Time(s): 0.2777
Backward Time(s): 0.1606
Update Time(s): 0.0052
Emb Update Time(s): 1.2524
#seeds: 6144
#inputs: 1936343
==========================================
Part 20, Epoch Time(s): 2.6296
Sampling Time(s): 0.3014
Loading Time(s): 0.6045
Forward Time(s): 0.3013
Backward Time(s): 0.1600
Update Time(s): 0.0046
Emb Update Time(s): 1.2534
#seeds: 6144
#inputs: 1925194
==========================================
Part 19, Epoch Time(s): 2.6297
Sampling Time(s): 0.3047
Loading Time(s): 0.5644
Forward Time(s): 0.3384
Backward Time(s): 0.1600
Update Time(s): 0.0046
Emb Update Time(s): 1.2530
#seeds: 6144
#inputs: 1927743
==========================================
Part 21, Epoch Time(s): 2.6297
Sampling Time(s): 0.2979
Loading Time(s): 0.6263
Forward Time(s): 0.2827
Backward Time(s): 0.1597
Update Time(s): 0.0059
Emb Update Time(s): 1.2524
#seeds: 6144
#inputs: 1929084
=====================




=====================
Part 22, Epoch Time(s): 2.6296
Sampling Time(s): 0.2931
Loading Time(s): 0.6127
Forward Time(s): 0.3012
Backward Time(s): 0.1597
Update Time(s): 0.0047
Emb Update Time(s): 1.2536
#seeds: 6145
#inputs: 1927911
==========================================
Part 18, Epoch Time(s): 2.6297
Sampling Time(s): 0.3101
Loading Time(s): 0.5691
Forward Time(s): 0.3373
Backward Time(s): 0.1530
Update Time(s): 0.0044
Emb Update Time(s): 1.2510
#seeds: 6144
#inputs: 1912013
=====================
=====================
Part 23, Epoch Time(s): 2.6300
Sampling Time(s): 0.2833
Loading Time(s): 0.6096
Forward Time(s): 0.3140
Backward Time(s): 0.1591
Update Time(s): 0.0048
Emb Update Time(s): 1.2541
#seeds: 6144
#inputs: 1942377
=====================

=====================
Part 28, Epoch Time(s): 2.6297
Sampling Time(s): 0.2792
Loading Time(s): 0.6773
Forward Time(s): 0.2594
Backward Time(s): 0.1521
Update Time(s): 0.0045
Emb Update Time(s): 1.2526
#seeds: 6144
#inputs: 1974055
==========================================
Part 26, Epoch Time(s): 2.6297
Sampling Time(s): 0.2841
Loading Time(s): 0.6352
Forward Time(s): 0.2878
Backward Time(s): 0.1589
Update Time(s): 0.0047
Emb Update Time(s): 1.2542
#seeds: 6144
#inputs: 1968276
==========================================
Part 25, Epoch Time(s): 2.6297
Sampling Time(s): 0.2828
Loading Time(s): 0.5931
Forward Time(s): 0.3309
Backward Time(s): 0.1591
Update Time(s): 0.0047
Emb Update Time(s): 1.2544
#seeds: 6144
#inputs: 1986027
==========================================
Part 24, Epoch Time(s): 2.6297
Sampling Time(s): 0.3028
Loading Time(s): 0.6444
Forward Time(s): 0.2599
Backward Time(s): 0.1592
Update Time(s): 0.0053
Emb Update Time(s): 1.2534
#seeds: 6144
#inputs: 1956837
=====================

=====================
Part 31, Epoch Time(s): 2.6297
Sampling Time(s): 0.3159
Loading Time(s): 0.5954
Forward Time(s): 0.2948
Backward Time(s): 0.1586
Update Time(s): 0.0054
Emb Update Time(s): 1.2545
#seeds: 6144
#inputs: 1971348
=====================

=====================
Part 30, Epoch Time(s): 2.6297
Sampling Time(s): 0.3003
Loading Time(s): 0.6854
Forward Time(s): 0.2285
Backward Time(s): 0.1519
Update Time(s): 0.0049
Emb Update Time(s): 1.2540
#seeds: 6145
#inputs: 1973883
=====================
=====================
Part 27, Epoch Time(s): 2.6299
Sampling Time(s): 0.2756
Loading Time(s): 0.6373
Forward Time(s): 0.2948
Backward Time(s): 0.1580
Update Time(s): 0.0051
Emb Update Time(s): 1.2542
#seeds: 6144
#inputs: 1971657
=====================

=====================
Part 29, Epoch Time(s): 2.6298
Sampling Time(s): 0.2776
Loading Time(s): 0.6503
Forward Time(s): 0.2768
Backward Time(s): 0.1588
Update Time(s): 0.0055
Emb Update Time(s): 1.2544
#seeds: 6144
#inputs: 1964544
=====================
=====================
Part 11, Epoch Time(s): 2.6297
Sampling Time(s): 0.2838
Loading Time(s): 0.7253
Forward Time(s): 0.2170
Backward Time(s): 0.1414
Update Time(s): 0.0048
Emb Update Time(s): 1.2523
#seeds: 6144
#inputs: 2031053
==========================================
Part 10, Epoch Time(s): 2.6297
Sampling Time(s): 0.2928
Loading Time(s): 0.6489
Forward Time(s): 0.2686
Backward Time(s): 0.1566
Update Time(s): 0.0047
Emb Update Time(s): 1.2535
#seeds: 6144
#inputs: 2039674
==========================================
Part 12, Epoch Time(s): 2.6297
Sampling Time(s): 0.2956
Loading Time(s): 0.6613
Forward Time(s): 0.2593
Backward Time(s): 0.1511
Update Time(s): 0.0048
Emb Update Time(s): 1.2529
#seeds: 6144
#inputs: 2040610
==========================================
Part 9, Epoch Time(s): 2.6297
Sampling Time(s): 0.3065
Loading Time(s): 0.6240
Forward Time(s): 0.2764
Backward Time(s): 0.1599
Update Time(s): 0.0047
Emb Update Time(s): 1.2535
#seeds: 6145
#inputs: 2034933
==========================================
Part 8, Epoch Time(s): 2.6298
Sampling Time(s): 0.2951
Loading Time(s): 0.6630
Forward Time(s): 0.2488
Backward Time(s): 0.1599
Update Time(s): 0.0047
Emb Update Time(s): 1.2535
#seeds: 6144
#inputs: 2024110
==========================================
Part 14, Epoch Time(s): 2.6298
Sampling Time(s): 0.2980
Loading Time(s): 0.6442
Forward Time(s): 0.2655
Backward Time(s): 0.1579
Update Time(s): 0.0048
Emb Update Time(s): 1.2544
#seeds: 6145
#inputs: 2036049
==========================================
Part 15, Epoch Time(s): 2.6297
Sampling Time(s): 0.2888
Loading Time(s): 0.7338
Forward Time(s): 0.2008
Backward Time(s): 0.1424
Update Time(s): 0.0052
Emb Update Time(s): 1.2539
#seeds: 6144
#inputs: 2043652
=====================






=====================
Part 13, Epoch Time(s): 2.6297
Sampling Time(s): 0.3037
Loading Time(s): 0.7086
Forward Time(s): 0.1926
Backward Time(s): 0.1584
Update Time(s): 0.0048
Emb Update Time(s): 1.2566
#seeds: 6144
#inputs: 2052858
=====================
Part 20 | Epoch 00007 | Step 00000 | Loss 1.4005 | Train Acc 0.6310 | Speed (samples/sec) 2267.6826 | GPU 691.4 MB | time 0.649 s
Part 17 | Epoch 00007 | Step 00000 | Loss 1.4272 | Train Acc 0.6410 | Speed (samples/sec) 2268.9498 | GPU 695.7 MB | time 0.649 sPart 19 | Epoch 00007 | Step 00000 | Loss 1.3494 | Train Acc 0.6610 | Speed (samples/sec) 2267.4066 | GPU 690.5 MB | time 0.649 s

Part 18 | Epoch 00007 | Step 00000 | Loss 1.2975 | Train Acc 0.6810 | Speed (samples/sec) 2267.8441 | GPU 689.9 MB | time 0.649 s
Part 22 | Epoch 00007 | Step 00000 | Loss 1.3440 | Train Acc 0.6460 | Speed (samples/sec) 2269.0553 | GPU 692.8 MB | time 0.649 s
Part 23 | Epoch 00007 | Step 00000 | Loss 1.3975 | Train Acc 0.6530 | Speed (samples/sec) 2267.9944 | GPU 695.1 MB | time 0.649 s
Part 28 | Epoch 00007 | Step 00000 | Loss 1.0786 | Train Acc 0.7020 | Speed (samples/sec) 2267.5448 | GPU 702.6 MB | time 0.649 s
Part 25 | Epoch 00007 | Step 00000 | Loss 0.9984 | Train Acc 0.7330 | Speed (samples/sec) 2267.8014 | GPU 701.9 MB | time 0.649 s
Part 27 | Epoch 00007 | Step 00000 | Loss 0.9959 | Train Acc 0.7170 | Speed (samples/sec) 2267.4591 | GPU 701.6 MB | time 0.649 s
Part 26 | Epoch 00007 | Step 00000 | Loss 1.0110 | Train Acc 0.7150 | Speed (samples/sec) 2267.4242 | GPU 701.5 MB | time 0.649 s
Part 2 | Epoch 00007 | Step 00000 | Loss 0.6732 | Train Acc 0.8260 | Speed (samples/sec) 2267.4276 | GPU 703.2 MB | time 0.649 sPart 6 | Epoch 00007 | Step 00000 | Loss 0.6936 | Train Acc 0.8210 | Speed (samples/sec) 2267.6920 | GPU 693.7 MB | time 0.649 sPart 1 | Epoch 00007 | Step 00000 | Loss 0.7099 | Train Acc 0.8210 | Speed (samples/sec) 2266.2543 | GPU 694.1 MB | time 0.649 s


Part 3 | Epoch 00007 | Step 00000 | Loss 0.6475 | Train Acc 0.8360 | Speed (samples/sec) 2267.4393 | GPU 695.1 MB | time 0.649 s
Part 5 | Epoch 00007 | Step 00000 | Loss 0.7198 | Train Acc 0.8200 | Speed (samples/sec) 2267.9500 | GPU 697.5 MB | time 0.649 s
Part 31 | Epoch 00007 | Step 00000 | Loss 1.0543 | Train Acc 0.7120 | Speed (samples/sec) 2268.0437 | GPU 700.3 MB | time 0.649 sPart 30 | Epoch 00007 | Step 00000 | Loss 0.9892 | Train Acc 0.7200 | Speed (samples/sec) 2269.1576 | GPU 706.6 MB | time 0.649 s

Part 16 | Epoch 00007 | Step 00000 | Loss 1.3624 | Train Acc 0.6540 | Speed (samples/sec) 2267.5541 | GPU 696.3 MB | time 0.649 s
Part 24 | Epoch 00007 | Step 00000 | Loss 1.0243 | Train Acc 0.7170 | Speed (samples/sec) 2267.5288 | GPU 695.2 MB | time 0.649 s
Part 21 | Epoch 00007 | Step 00000 | Loss 1.4540 | Train Acc 0.6250 | Speed (samples/sec) 2267.8937 | GPU 689.6 MB | time 0.649 s
Part 9 | Epoch 00007 | Step 00000 | Loss 1.0403 | Train Acc 0.7420 | Speed (samples/sec) 2269.0172 | GPU 710.6 MB | time 0.649 sPart 15 | Epoch 00007 | Step 00000 | Loss 1.0065 | Train Acc 0.7680 | Speed (samples/sec) 2267.7464 | GPU 719.9 MB | time 0.649 s

Part 8 | Epoch 00007 | Step 00000 | Loss 0.9875 | Train Acc 0.7580 | Speed (samples/sec) 2267.4419 | GPU 712.4 MB | time 0.649 s
Part 10 | Epoch 00007 | Step 00000 | Loss 0.9219 | Train Acc 0.7910 | Speed (samples/sec) 2267.5813 | GPU 712.9 MB | time 0.649 s
Part 12 | Epoch 00007 | Step 00000 | Loss 0.9743 | Train Acc 0.7910 | Speed (samples/sec) 2267.8046 | GPU 714.5 MB | time 0.649 s
Part 0 | Epoch 00007 | Step 00000 | Loss 0.7622 | Train Acc 0.8110 | Speed (samples/sec) 2269.7607 | GPU 690.5 MB | time 0.649 s
Part 13 | Epoch 00007 | Step 00000 | Loss 1.0514 | Train Acc 0.7520 | Speed (samples/sec) 2267.9625 | GPU 715.2 MB | time 0.649 s
Part 7 | Epoch 00007 | Step 00000 | Loss 0.8029 | Train Acc 0.7920 | Speed (samples/sec) 2267.8533 | GPU 697.9 MB | time 0.649 s
Part 4 | Epoch 00007 | Step 00000 | Loss 0.6740 | Train Acc 0.8320 | Speed (samples/sec) 2269.7603 | GPU 699.5 MB | time 0.649 sPart 29 | Epoch 00007 | Step 00000 | Loss 0.9628 | Train Acc 0.7480 | Speed (samples/sec) 2268.2950 | GPU 705.3 MB | time 0.649 s

Part 11 | Epoch 00007 | Step 00000 | Loss 1.0491 | Train Acc 0.7490 | Speed (samples/sec) 2267.4841 | GPU 718.7 MB | time 0.649 s
Part 14 | Epoch 00007 | Step 00000 | Loss 0.9689 | Train Acc 0.7730 | Speed (samples/sec) 2269.4354 | GPU 716.4 MB | time 0.649 s
Avg train acc 0.7387
=====================
Part 5, Epoch Time(s): 2.9262
Sampling Time(s): 0.3101
Loading Time(s): 0.5809
Forward Time(s): 0.4450
Backward Time(s): 0.1622
Update Time(s): 0.0046
Emb Update Time(s): 1.4186
#seeds: 6144
#inputs: 1937620
==========================================
Part 2, Epoch Time(s): 2.9262
Sampling Time(s): 0.3047
Loading Time(s): 0.5836
Forward Time(s): 0.4480
Backward Time(s): 0.1630
Update Time(s): 0.0044
Emb Update Time(s): 1.4179
#seeds: 6144
#inputs: 1946472
==========================================
Part 4, Epoch Time(s): 2.9262
Sampling Time(s): 0.3103
Loading Time(s): 0.5590
Forward Time(s): 0.4659
Backward Time(s): 0.1623
Update Time(s): 0.0052
Emb Update Time(s): 1.4179
#seeds: 6145
#inputs: 1924219
==========================================
Part 3, Epoch Time(s): 2.9262
Sampling Time(s): 0.3049
Loading Time(s): 0.6062
Forward Time(s): 0.4250
Backward Time(s): 0.1627
Update Time(s): 0.0049
Emb Update Time(s): 1.4178
#seeds: 6144
#inputs: 1926073
==========================================
Part 0, Epoch Time(s): 2.9262
Sampling Time(s): 0.3018
Loading Time(s): 0.6349
Forward Time(s): 0.3985
Backward Time(s): 0.1635
Update Time(s): 0.0047
Emb Update Time(s): 1.4172
#seeds: 6145
#inputs: 1921675
==========================================
Part 7, Epoch Time(s): 2.9262
Sampling Time(s): 0.3176
Loading Time(s): 0.6164
Forward Time(s): 0.4013
Backward Time(s): 0.1614
Update Time(s): 0.0053
Emb Update Time(s): 1.4189
#seeds: 6144
#inputs: 1936523
==========================================
Part 1, Epoch Time(s): 2.9262
Sampling Time(s): 0.3066
Loading Time(s): 0.6304
Forward Time(s): 0.3989
Backward Time(s): 0.1634
Update Time(s): 0.0050
Emb Update Time(s): 1.4171
#seeds: 6144
#inputs: 1933181
=====================





=====================
Part 6, Epoch Time(s): 2.9263
Sampling Time(s): 0.3131
Loading Time(s): 0.6859
Forward Time(s): 0.3371
Backward Time(s): 0.1617
Update Time(s): 0.0060
Emb Update Time(s): 1.4177
#seeds: 6144
#inputs: 1923889
=====================

=====================
Part 18, Epoch Time(s): 2.9262
Sampling Time(s): 0.3282
Loading Time(s): 0.5194
Forward Time(s): 0.4884
Backward Time(s): 0.1610
Update Time(s): 0.0041
Emb Update Time(s): 1.4203
#seeds: 6144
#inputs: 1915268
==========================================
Part 17, Epoch Time(s): 2.9263
Sampling Time(s): 0.3017
Loading Time(s): 0.6514
Forward Time(s): 0.3839
Backward Time(s): 0.1603
Update Time(s): 0.0052
Emb Update Time(s): 1.4192
#seeds: 6145
#inputs: 1935441
=====================
=====================
Part 23, Epoch Time(s): 2.9262
Sampling Time(s): 0.2824
Loading Time(s): 0.6145
Forward Time(s): 0.4484
Backward Time(s): 0.1522
Update Time(s): 0.0047
Emb Update Time(s): 1.4193
#seeds: 6144
#inputs: 1946716
==========================================
Part 21, Epoch Time(s): 2.9263
Sampling Time(s): 0.3372
Loading Time(s): 0.5949
Forward Time(s): 0.4033
Backward Time(s): 0.1602
Update Time(s): 0.0051
Emb Update Time(s): 1.4205
#seeds: 6144
#inputs: 1927115
=====================

=====================
Part 19, Epoch Time(s): 2.9262
Sampling Time(s): 0.2969
Loading Time(s): 0.6058
Forward Time(s): 0.4335
Backward Time(s): 0.1602
Update Time(s): 0.0045
Emb Update Time(s): 1.4208
#seeds: 6144
#inputs: 1932129
=====================

=====================
Part 20, Epoch Time(s): 2.9263
Sampling Time(s): 0.3030
Loading Time(s): 0.6365
Forward Time(s): 0.3964
Backward Time(s): 0.1602
Update Time(s): 0.0050
Emb Update Time(s): 1.4205
#seeds: 6144
#inputs: 1927235
==========================================
Part 22, Epoch Time(s): 2.9263
Sampling Time(s): 0.3060
Loading Time(s): 0.6531
Forward Time(s): 0.3765
Backward Time(s): 0.1602
Update Time(s): 0.0050
Emb Update Time(s): 1.4205
#seeds: 6145
#inputs: 1931074
=====================

=====================
Part 16, Epoch Time(s): 2.9265
Sampling Time(s): 0.2968
Loading Time(s): 0.5870
Forward Time(s): 0.4511
Backward Time(s): 0.1615
Update Time(s): 0.0068
Emb Update Time(s): 1.4179
#seeds: 6144
#inputs: 1943365
=====================
=====================
Part 11, Epoch Time(s): 2.9262
Sampling Time(s): 0.2871
Loading Time(s): 0.6694
Forward Time(s): 0.3883
Backward Time(s): 0.1525
Update Time(s): 0.0048
Emb Update Time(s): 1.4192
#seeds: 6144
#inputs: 2032930
==========================================
Part 10, Epoch Time(s): 2.9261
Sampling Time(s): 0.3366
Loading Time(s): 0.8853
Forward Time(s): 0.1324
Backward Time(s): 0.1463
Update Time(s): 0.0045
Emb Update Time(s): 1.4165
#seeds: 6144
#inputs: 2041174
=====================

=====================
Part 12, Epoch Time(s): 2.9262
Sampling Time(s): 0.2791
Loading Time(s): 0.6576
Forward Time(s): 0.4071
Backward Time(s): 0.1530
Update Time(s): 0.0055
Emb Update Time(s): 1.4192
#seeds: 6144
#inputs: 2040474
=====================
=====================
Part 8, Epoch Time(s): 2.9262
Sampling Time(s): 0.2992
Loading Time(s): 0.6840
Forward Time(s): 0.3616
Backward Time(s): 0.1538
Update Time(s): 0.0049
Emb Update Time(s): 1.4181
#seeds: 6144
#inputs: 2021068
==========================================
Part 14, Epoch Time(s): 2.9262
Sampling Time(s): 0.3058
Loading Time(s): 0.5961
Forward Time(s): 0.4330
Backward Time(s): 0.1599
Update Time(s): 0.0051
Emb Update Time(s): 1.4213
#seeds: 6145
#inputs: 2040392
=====================

=====================
Part 9, Epoch Time(s): 2.9262
Sampling Time(s): 0.2865
Loading Time(s): 0.6792
Forward Time(s): 0.3701
Backward Time(s): 0.1609
Update Time(s): 0.0050
Emb Update Time(s): 1.4199
#seeds: 6145
#inputs: 2038460
==========================================
Part 15, Epoch Time(s): 2.9263
Sampling Time(s): 0.2932
Loading Time(s): 0.7376
Forward Time(s): 0.3181
Backward Time(s): 0.1476
Update Time(s): 0.0057
Emb Update Time(s): 1.4190
#seeds: 6144
#inputs: 2043485
==========================================
Part 13, Epoch Time(s): 2.9262
Sampling Time(s): 0.2916
Loading Time(s): 0.6647
Forward Time(s): 0.3790
Backward Time(s): 0.1600
Update Time(s): 0.0050
Emb Update Time(s): 1.4210
#seeds: 6144
#inputs: 2046761
=====================


=====================
Part 28, Epoch Time(s): 2.9262
Sampling Time(s): 0.2755
Loading Time(s): 0.6004
Forward Time(s): 0.4600
Backward Time(s): 0.1611
Update Time(s): 0.0046
Emb Update Time(s): 1.4201
#seeds: 6144
#inputs: 1978264
==========================================
Part 25, Epoch Time(s): 2.9262
Sampling Time(s): 0.2740
Loading Time(s): 0.6038
Forward Time(s): 0.4585
Backward Time(s): 0.1612
Update Time(s): 0.0043
Emb Update Time(s): 1.4199
#seeds: 6144
#inputs: 1989131
==========================================
Part 24, Epoch Time(s): 2.9262
Sampling Time(s): 0.2974
Loading Time(s): 0.6519
Forward Time(s): 0.3866
Backward Time(s): 0.1614
Update Time(s): 0.0045
Emb Update Time(s): 1.4198
#seeds: 6144
#inputs: 1958554
==========================================
Part 27, Epoch Time(s): 2.9262
Sampling Time(s): 0.2949
Loading Time(s): 0.6971
Forward Time(s): 0.3497
Backward Time(s): 0.1554
Update Time(s): 0.0047
Emb Update Time(s): 1.4199
#seeds: 6144
#inputs: 1960153
=====================


=====================
Part 26, Epoch Time(s): 2.9263
Sampling Time(s): 0.3069
Loading Time(s): 0.6468
Forward Time(s): 0.3819
Backward Time(s): 0.1611
Update Time(s): 0.0049
Emb Update Time(s): 1.4197
#seeds: 6144
#inputs: 1961626
==========================================
Part 30, Epoch Time(s): 2.9263
Sampling Time(s): 0.2882
Loading Time(s): 0.6618
Forward Time(s): 0.3859
Backward Time(s): 0.1611
Update Time(s): 0.0050
Emb Update Time(s): 1.4196
#seeds: 6145
#inputs: 1976354
=====================


=====================
Part 31, Epoch Time(s): 2.9263
Sampling Time(s): 0.2948
Loading Time(s): 0.6434
Forward Time(s): 0.3955
Backward Time(s): 0.1610
Update Time(s): 0.0054
Emb Update Time(s): 1.4204
#seeds: 6144
#inputs: 1979208
=====================
=====================
Part 29, Epoch Time(s): 2.9264
Sampling Time(s): 0.2970
Loading Time(s): 0.6233
Forward Time(s): 0.4130
Backward Time(s): 0.1618
Update Time(s): 0.0056
Emb Update Time(s): 1.4194
#seeds: 6144
#inputs: 1964782
=====================
Part 25 | Epoch 00008 | Step 00000 | Loss 0.7270 | Train Acc 0.8110 | Speed (samples/sec) 2259.3249 | GPU 701.9 MB | time 0.638 s
Part 3 | Epoch 00008 | Step 00000 | Loss 0.4968 | Train Acc 0.8730 | Speed (samples/sec) 2258.9698 | GPU 697.0 MB | time 0.638 sPart 6 | Epoch 00008 | Step 00000 | Loss 0.5072 | Train Acc 0.8720 | Speed (samples/sec) 2259.2437 | GPU 693.7 MB | time 0.638 s

Part 2 | Epoch 00008 | Step 00000 | Loss 0.5489 | Train Acc 0.8670 | Speed (samples/sec) 2258.9377 | GPU 703.2 MB | time 0.638 s
Part 23 | Epoch 00008 | Step 00000 | Loss 1.0560 | Train Acc 0.7560 | Speed (samples/sec) 2259.5155 | GPU 695.1 MB | time 0.638 s
Part 19 | Epoch 00008 | Step 00000 | Loss 1.0228 | Train Acc 0.7540 | Speed (samples/sec) 2258.9404 | GPU 690.5 MB | time 0.638 sPart 17 | Epoch 00008 | Step 00000 | Loss 0.9988 | Train Acc 0.7590 | Speed (samples/sec) 2260.4549 | GPU 696.7 MB | time 0.638 s

Part 18 | Epoch 00008 | Step 00000 | Loss 0.9989 | Train Acc 0.7670 | Speed (samples/sec) 2259.3449 | GPU 689.9 MB | time 0.638 s
Part 27 | Epoch 00008 | Step 00000 | Loss 0.7938 | Train Acc 0.7930 | Speed (samples/sec) 2259.0153 | GPU 701.6 MB | time 0.638 sPart 24 | Epoch 00008 | Step 00000 | Loss 0.7012 | Train Acc 0.8100 | Speed (samples/sec) 2259.1119 | GPU 695.2 MB | time 0.638 s

Part 5 | Epoch 00008 | Step 00000 | Loss 0.5185 | Train Acc 0.8590 | Speed (samples/sec) 2259.5021 | GPU 697.5 MB | time 0.638 s
Part 4 | Epoch 00008 | Step 00000 | Loss 0.5558 | Train Acc 0.8590 | Speed (samples/sec) 2261.2944 | GPU 699.5 MB | time 0.638 s
Part 1 | Epoch 00008 | Step 00000 | Loss 0.4954 | Train Acc 0.8670 | Speed (samples/sec) 2258.0833 | GPU 694.1 MB | time 0.638 s
Part 20 | Epoch 00008 | Step 00000 | Loss 1.0154 | Train Acc 0.7830 | Speed (samples/sec) 2259.2437 | GPU 692.3 MB | time 0.638 s
Part 21 | Epoch 00008 | Step 00000 | Loss 0.9558 | Train Acc 0.7880 | Speed (samples/sec) 2259.4442 | GPU 689.6 MB | time 0.638 s
Part 16 | Epoch 00008 | Step 00000 | Loss 0.9479 | Train Acc 0.7770 | Speed (samples/sec) 2259.2073 | GPU 696.3 MB | time 0.638 s
Part 26 | Epoch 00008 | Step 00000 | Loss 0.7666 | Train Acc 0.7910 | Speed (samples/sec) 2259.0194 | GPU 701.5 MB | time 0.638 s
Part 0 | Epoch 00008 | Step 00000 | Loss 0.4768 | Train Acc 0.8730 | Speed (samples/sec) 2261.2620 | GPU 690.5 MB | time 0.638 s
Part 22 | Epoch 00008 | Step 00000 | Loss 0.9490 | Train Acc 0.7740 | Speed (samples/sec) 2260.6677 | GPU 692.8 MB | time 0.638 s
Part 13 | Epoch 00008 | Step 00000 | Loss 0.7589 | Train Acc 0.8350 | Speed (samples/sec) 2259.4826 | GPU 715.2 MB | time 0.638 s
Part 9 | Epoch 00008 | Step 00000 | Loss 0.7734 | Train Acc 0.8220 | Speed (samples/sec) 2260.5216 | GPU 719.3 MB | time 0.638 s
Part 12 | Epoch 00008 | Step 00000 | Loss 0.8480 | Train Acc 0.8190 | Speed (samples/sec) 2259.3205 | GPU 714.5 MB | time 0.638 s
Part 10 | Epoch 00008 | Step 00000 | Loss 0.8096 | Train Acc 0.8120 | Speed (samples/sec) 2259.1080 | GPU 712.9 MB | time 0.638 s
Part 11 | Epoch 00008 | Step 00000 | Loss 0.7217 | Train Acc 0.8400 | Speed (samples/sec) 2259.0487 | GPU 718.7 MB | time 0.638 s
Part 29 | Epoch 00008 | Step 00000 | Loss 0.7599 | Train Acc 0.7960 | Speed (samples/sec) 2259.9813 | GPU 705.3 MB | time 0.638 s
Part 31 | Epoch 00008 | Step 00000 | Loss 0.7718 | Train Acc 0.7940 | Speed (samples/sec) 2259.7559 | GPU 701.9 MB | time 0.638 s
Part 14 | Epoch 00008 | Step 00000 | Loss 0.7758 | Train Acc 0.8340 | Speed (samples/sec) 2260.9817 | GPU 716.4 MB | time 0.638 s
Part 28 | Epoch 00008 | Step 00000 | Loss 0.6963 | Train Acc 0.8090 | Speed (samples/sec) 2259.1059 | GPU 702.6 MB | time 0.638 s
Part 30 | Epoch 00008 | Step 00000 | Loss 0.7776 | Train Acc 0.8000 | Speed (samples/sec) 2260.7247 | GPU 706.6 MB | time 0.638 s
Part 7 | Epoch 00008 | Step 00000 | Loss 0.5612 | Train Acc 0.8640 | Speed (samples/sec) 2259.4454 | GPU 697.9 MB | time 0.638 s
Part 8 | Epoch 00008 | Step 00000 | Loss 0.8505 | Train Acc 0.8090 | Speed (samples/sec) 2258.9720 | GPU 712.4 MB | time 0.638 s
Part 15 | Epoch 00008 | Step 00000 | Loss 0.8357 | Train Acc 0.8090 | Speed (samples/sec) 2259.2735 | GPU 719.9 MB | time 0.639 s
Avg train acc 0.8149
=====================
Part 1, Epoch Time(s): 2.9219
Sampling Time(s): 0.3108
Loading Time(s): 0.5971
Forward Time(s): 0.2044
Backward Time(s): 0.1652
Update Time(s): 0.0049
Emb Update Time(s): 1.6346
#seeds: 6144
#inputs: 1927515
==========================================
Part 0, Epoch Time(s): 2.9220
Sampling Time(s): 0.2972
Loading Time(s): 0.5802
Forward Time(s): 0.2323
Backward Time(s): 0.1653
Update Time(s): 0.0046
Emb Update Time(s): 1.6347
#seeds: 6145
#inputs: 1917615
==========================================
Part 2, Epoch Time(s): 2.9220
Sampling Time(s): 0.2942
Loading Time(s): 0.5616
Forward Time(s): 0.2571
Backward Time(s): 0.1649
Update Time(s): 0.0046
Emb Update Time(s): 1.6350
#seeds: 6144
#inputs: 1940521
=====================


=====================
Part 4, Epoch Time(s): 2.9220
Sampling Time(s): 0.3087
Loading Time(s): 0.5033
Forward Time(s): 0.3000
Backward Time(s): 0.1646
Update Time(s): 0.0056
Emb Update Time(s): 1.6348
#seeds: 6145
#inputs: 1932253
=====================
=====================
Part 7, Epoch Time(s): 2.9220
Sampling Time(s): 0.2970
Loading Time(s): 0.5853
Forward Time(s): 0.2295
Backward Time(s): 0.1641
Update Time(s): 0.0054
Emb Update Time(s): 1.6354
#seeds: 6144
#inputs: 1932252
==========================================
Part 5, Epoch Time(s): 2.9220
Sampling Time(s): 0.3079
Loading Time(s): 0.6634
Forward Time(s): 0.1500
Backward Time(s): 0.1569
Update Time(s): 0.0047
Emb Update Time(s): 1.6341
#seeds: 6144
#inputs: 1942180
==========================================
Part 6, Epoch Time(s): 2.9220
Sampling Time(s): 0.2878
Loading Time(s): 0.5655
Forward Time(s): 0.2593
Backward Time(s): 0.1643
Update Time(s): 0.0054
Emb Update Time(s): 1.6352
#seeds: 6144
#inputs: 1927377
==========================================
Part 3, Epoch Time(s): 2.9220
Sampling Time(s): 0.2819
Loading Time(s): 0.6089
Forward Time(s): 0.2219
Backward Time(s): 0.1648
Update Time(s): 0.0052
Emb Update Time(s): 1.6346
#seeds: 6144
#inputs: 1927650
=====================



=====================
Part 16, Epoch Time(s): 2.9219
Sampling Time(s): 0.2890
Loading Time(s): 0.6119
Forward Time(s): 0.2140
Backward Time(s): 0.1621
Update Time(s): 0.0051
Emb Update Time(s): 1.6350
#seeds: 6144
#inputs: 1938798
==========================================
Part 19, Epoch Time(s): 2.9219
Sampling Time(s): 0.2936
Loading Time(s): 0.5831
Forward Time(s): 0.2360
Backward Time(s): 0.1642
Update Time(s): 0.0044
Emb Update Time(s): 1.6362
#seeds: 6144
#inputs: 1926775
==========================================
Part 20, Epoch Time(s): 2.9219
Sampling Time(s): 0.3034
Loading Time(s): 0.5946
Forward Time(s): 0.2142
Backward Time(s): 0.1641
Update Time(s): 0.0045
Emb Update Time(s): 1.6364
#seeds: 6144
#inputs: 1924369
=====================


=====================
Part 22, Epoch Time(s): 2.9219
Sampling Time(s): 0.3447
Loading Time(s): 0.6121
Forward Time(s): 0.1546
Backward Time(s): 0.1639
Update Time(s): 0.0048
Emb Update Time(s): 1.6369
#seeds: 6145
#inputs: 1930082
==========================================
Part 17, Epoch Time(s): 2.9220
Sampling Time(s): 0.3151
Loading Time(s): 0.6315
Forward Time(s): 0.1660
Backward Time(s): 0.1645
Update Time(s): 0.0046
Emb Update Time(s): 1.6358
#seeds: 6145
#inputs: 1942050
==========================================
Part 18, Epoch Time(s): 2.9220
Sampling Time(s): 0.2966
Loading Time(s): 0.5131
Forward Time(s): 0.3025
Backward Time(s): 0.1643
Update Time(s): 0.0046
Emb Update Time(s): 1.6362
#seeds: 6144
#inputs: 1910065
=====================

=====================
Part 23, Epoch Time(s): 2.9220
Sampling Time(s): 0.2941
Loading Time(s): 0.5961
Forward Time(s): 0.2222
Backward Time(s): 0.1637
Update Time(s): 0.0045
Emb Update Time(s): 1.6369
#seeds: 6144
#inputs: 1947128
==========================================
Part 21, Epoch Time(s): 2.9220
Sampling Time(s): 0.3081
Loading Time(s): 0.5483
Forward Time(s): 0.2550
Backward Time(s): 0.1640
Update Time(s): 0.0060
Emb Update Time(s): 1.6357
#seeds: 6144
#inputs: 1920354
=====================


=====================
Part 24, Epoch Time(s): 2.9220
Sampling Time(s): 0.2828
Loading Time(s): 0.6328
Forward Time(s): 0.1972
Backward Time(s): 0.1641
Update Time(s): 0.0047
Emb Update Time(s): 1.6360
#seeds: 6144
#inputs: 1958888
==========================================
Part 29, Epoch Time(s): 2.9220
Sampling Time(s): 0.2791
Loading Time(s): 0.5511
Forward Time(s): 0.2815
Backward Time(s): 0.1635
Update Time(s): 0.0047
Emb Update Time(s): 1.6370
#seeds: 6144
#inputs: 1959744
==========================================
Part 25, Epoch Time(s): 2.9221
Sampling Time(s): 0.2812
Loading Time(s): 0.6202
Forward Time(s): 0.2137
Backward Time(s): 0.1616
Update Time(s): 0.0044
Emb Update Time(s): 1.6365
#seeds: 6144
#inputs: 1982694
=====================
=====================
Part 28, Epoch Time(s): 2.9221
Sampling Time(s): 0.2997
Loading Time(s): 0.6371
Forward Time(s): 0.1768
Backward Time(s): 0.1617
Update Time(s): 0.0048
Emb Update Time(s): 1.6371
#seeds: 6144
#inputs: 1977631
=====================
=====================
Part 27, Epoch Time(s): 2.9221
Sampling Time(s): 0.2834
Loading Time(s): 0.6377
Forward Time(s): 0.1979
Backward Time(s): 0.1573
Update Time(s): 0.0053
Emb Update Time(s): 1.6359
#seeds: 6144
#inputs: 1961124
==========================================
Part 30, Epoch Time(s): 2.9220
Sampling Time(s): 0.3442
Loading Time(s): 0.6737
Forward Time(s): 0.1075
Backward Time(s): 0.1512
Update Time(s): 0.0051
Emb Update Time(s): 1.6353
#seeds: 6145
#inputs: 1975739
=====================

=====================
Part 26, Epoch Time(s): 2.9220
Sampling Time(s): 0.2812
Loading Time(s): 0.6819
Forward Time(s): 0.1585
Backward Time(s): 0.1560
Update Time(s): 0.0056
Emb Update Time(s): 1.6341
#seeds: 6144
#inputs: 1967975
=====================


=====================
Part 31, Epoch Time(s): 2.9220
Sampling Time(s): 0.3256
Loading Time(s): 0.7135
Forward Time(s): 0.0967
Backward Time(s): 0.1396
Update Time(s): 0.0048
Emb Update Time(s): 1.6361
#seeds: 6144
#inputs: 1971531
=====================
=====================
Part 10, Epoch Time(s): 2.9220
Sampling Time(s): 0.3028
Loading Time(s): 0.6410
Forward Time(s): 0.1688
Backward Time(s): 0.1635
Update Time(s): 0.0043
Emb Update Time(s): 1.6369
#seeds: 6144
#inputs: 2043885
==========================================
Part 14, Epoch Time(s): 2.9220
Sampling Time(s): 0.3212
Loading Time(s): 0.6358
Forward Time(s): 0.1611
Backward Time(s): 0.1571
Update Time(s): 0.0057
Emb Update Time(s): 1.6361
#seeds: 6145
#inputs: 2037489
==========================================
Part 11, Epoch Time(s): 2.9220
Sampling Time(s): 0.2813
Loading Time(s): 0.5821
Forward Time(s): 0.2576
Backward Time(s): 0.1569
Update Time(s): 0.0045
Emb Update Time(s): 1.6349
#seeds: 6144
#inputs: 2034690
=====================

=====================
Part 12, Epoch Time(s): 2.9220
Sampling Time(s): 0.2953
Loading Time(s): 0.6228
Forward Time(s): 0.1939
Backward Time(s): 0.1632
Update Time(s): 0.0048
Emb Update Time(s): 1.6372
#seeds: 6144
#inputs: 2044135
=====================
=====================
Part 13, Epoch Time(s): 2.9219
Sampling Time(s): 0.3531
Loading Time(s): 0.6198
Forward Time(s): 0.1499
Backward Time(s): 0.1524
Update Time(s): 0.0045
Emb Update Time(s): 1.6376
#seeds: 6144
#inputs: 2044457
==========================================
Part 8, Epoch Time(s): 2.9220
Sampling Time(s): 0.3479
Loading Time(s): 0.6589
Forward Time(s): 0.1228
Backward Time(s): 0.1492
Update Time(s): 0.0048
Emb Update Time(s): 1.6331
#seeds: 6144
#inputs: 2025784
==========================================
Part 9, Epoch Time(s): 2.9220
Sampling Time(s): 0.2790
Loading Time(s): 0.6448
Forward Time(s): 0.1886
Backward Time(s): 0.1636
Update Time(s): 0.0048
Emb Update Time(s): 1.6366
#seeds: 6145
#inputs: 2036557
=====================

=====================
Part 15, Epoch Time(s): 2.9221
Sampling Time(s): 0.2938
Loading Time(s): 0.6612
Forward Time(s): 0.1550
Backward Time(s): 0.1618
Update Time(s): 0.0055
Emb Update Time(s): 1.6381
#seeds: 6144
#inputs: 2036223
=====================


Part 2 | Epoch 00009 | Step 00000 | Loss 0.3326 | Train Acc 0.9140 | Speed (samples/sec) 2234.5295 | GPU 703.2 MB | time 0.690 s
Part 0 | Epoch 00009 | Step 00000 | Loss 0.4019 | Train Acc 0.9200 | Speed (samples/sec) 2237.0000 | GPU 690.5 MB | time 0.690 s
Part 3 | Epoch 00009 | Step 00000 | Loss 0.3872 | Train Acc 0.9000 | Speed (samples/sec) 2234.5698 | GPU 697.0 MB | time 0.690 s
Part 6 | Epoch 00009 | Step 00000 | Loss 0.3879 | Train Acc 0.9020 | Speed (samples/sec) 2234.8010 | GPU 693.7 MB | time 0.690 s
Part 4 | Epoch 00009 | Step 00000 | Loss 0.3871 | Train Acc 0.9040 | Speed (samples/sec) 2236.8200 | GPU 699.5 MB | time 0.690 s
Part 10 | Epoch 00009 | Step 00000 | Loss 0.6448 | Train Acc 0.8580 | Speed (samples/sec) 2234.6950 | GPU 713.5 MB | time 0.690 s
Part 11 | Epoch 00009 | Step 00000 | Loss 0.7374 | Train Acc 0.8310 | Speed (samples/sec) 2234.6476 | GPU 718.7 MB | time 0.690 s
Part 12 | Epoch 00009 | Step 00000 | Loss 0.6963 | Train Acc 0.8370 | Speed (samples/sec) 2234.9094 | GPU 714.5 MB | time 0.690 s
Part 1 | Epoch 00009 | Step 00000 | Loss 0.3757 | Train Acc 0.9120 | Speed (samples/sec) 2233.8203 | GPU 694.1 MB | time 0.690 s
Part 7 | Epoch 00009 | Step 00000 | Loss 0.3963 | Train Acc 0.9100 | Speed (samples/sec) 2235.0532 | GPU 697.9 MB | time 0.690 s
Part 9 | Epoch 00009 | Step 00000 | Loss 0.6303 | Train Acc 0.8590 | Speed (samples/sec) 2236.1130 | GPU 719.3 MB | time 0.690 s
Part 21 | Epoch 00009 | Step 00000 | Loss 0.7751 | Train Acc 0.8330 | Speed (samples/sec) 2235.0333 | GPU 689.6 MB | time 0.690 s
Part 20 | Epoch 00009 | Step 00000 | Loss 0.7798 | Train Acc 0.8290 | Speed (samples/sec) 2234.8309 | GPU 692.3 MB | time 0.690 s
Part 23 | Epoch 00009 | Step 00000 | Loss 0.6850 | Train Acc 0.8410 | Speed (samples/sec) 2235.0252 | GPU 695.1 MB | time 0.690 s
Part 19 | Epoch 00009 | Step 00000 | Loss 0.6759 | Train Acc 0.8480 | Speed (samples/sec) 2234.5201 | GPU 690.5 MB | time 0.690 s
Part 17 | Epoch 00009 | Step 00000 | Loss 0.6793 | Train Acc 0.8400 | Speed (samples/sec) 2236.0264 | GPU 696.7 MB | time 0.690 s
Part 22 | Epoch 00009 | Step 00000 | Loss 0.6406 | Train Acc 0.8680 | Speed (samples/sec) 2236.2691 | GPU 692.8 MB | time 0.690 s
Part 13 | Epoch 00009 | Step 00000 | Loss 0.7218 | Train Acc 0.8340 | Speed (samples/sec) 2235.0335 | GPU 715.2 MB | time 0.690 s
Part 5 | Epoch 00009 | Step 00000 | Loss 0.3967 | Train Acc 0.9060 | Speed (samples/sec) 2235.0751 | GPU 698.9 MB | time 0.690 s
Part 25 | Epoch 00009 | Step 00000 | Loss 0.5333 | Train Acc 0.8670 | Speed (samples/sec) 2234.8575 | GPU 701.9 MB | time 0.690 s
Part 28 | Epoch 00009 | Step 00000 | Loss 0.5130 | Train Acc 0.8900 | Speed (samples/sec) 2234.7369 | GPU 702.6 MB | time 0.690 s
Part 30 | Epoch 00009 | Step 00000 | Loss 0.4863 | Train Acc 0.8880 | Speed (samples/sec) 2236.3842 | GPU 706.6 MB | time 0.690 s
Part 24 | Epoch 00009 | Step 00000 | Loss 0.5735 | Train Acc 0.8680 | Speed (samples/sec) 2234.6771 | GPU 701.9 MB | time 0.690 s
Part 26 | Epoch 00009 | Step 00000 | Loss 0.4859 | Train Acc 0.8890 | Speed (samples/sec) 2234.6197 | GPU 703.8 MB | time 0.690 s
Part 8 | Epoch 00009 | Step 00000 | Loss 0.6399 | Train Acc 0.8560 | Speed (samples/sec) 2234.6376 | GPU 712.4 MB | time 0.690 s
Part 18 | Epoch 00009 | Step 00000 | Loss 0.7390 | Train Acc 0.8350 | Speed (samples/sec) 2234.9162 | GPU 689.9 MB | time 0.690 s
Part 29 | Epoch 00009 | Step 00000 | Loss 0.5113 | Train Acc 0.8980 | Speed (samples/sec) 2235.5066 | GPU 705.3 MB | time 0.690 s
Part 16 | Epoch 00009 | Step 00000 | Loss 0.6850 | Train Acc 0.8380 | Speed (samples/sec) 2234.7828 | GPU 696.3 MB | time 0.690 s
Part 14 | Epoch 00009 | Step 00000 | Loss 0.7409 | Train Acc 0.8320 | Speed (samples/sec) 2236.5572 | GPU 716.4 MB | time 0.690 s
Part 15 | Epoch 00009 | Step 00000 | Loss 0.6782 | Train Acc 0.8430 | Speed (samples/sec) 2235.0755 | GPU 719.9 MB | time 0.690 s
Part 27 | Epoch 00009 | Step 00000 | Loss 0.5601 | Train Acc 0.8660 | Speed (samples/sec) 2234.5904 | GPU 701.6 MB | time 0.690 s
Part 31 | Epoch 00009 | Step 00000 | Loss 0.5147 | Train Acc 0.8700 | Speed (samples/sec) 2235.4420 | GPU 701.9 MB | time 0.690 s
Avg train acc 0.8683
=====================
Part 0, Epoch Time(s): 2.8954
Sampling Time(s): 0.2890
Loading Time(s): 0.5681
Forward Time(s): 0.2500
Backward Time(s): 0.1583
Update Time(s): 0.0047
Emb Update Time(s): 1.6190
#seeds: 6145
#inputs: 1917408
==========================================
Part 5, Epoch Time(s): 2.8954
Sampling Time(s): 0.2932
Loading Time(s): 0.5579
Forward Time(s): 0.2569
Backward Time(s): 0.1573
Update Time(s): 0.0049
Emb Update Time(s): 1.6202
#seeds: 6144
#inputs: 1941666
==========================================
Part 1, Epoch Time(s): 2.8953
Sampling Time(s): 0.3205
Loading Time(s): 0.5898
Forward Time(s): 0.1981
Backward Time(s): 0.1582
Update Time(s): 0.0052
Emb Update Time(s): 1.6186
#seeds: 6144
#inputs: 1935000
=====================
=====================
Part 4, Epoch Time(s): 2.8954
Sampling Time(s): 0.3140
Loading Time(s): 0.4760
Forward Time(s): 0.3178
Backward Time(s): 0.1576
Update Time(s): 0.0052
Emb Update Time(s): 1.6196
#seeds: 6145
#inputs: 1924482
==========================================
Part 3, Epoch Time(s): 2.8953
Sampling Time(s): 0.3030
Loading Time(s): 0.5800
Forward Time(s): 0.2247
Backward Time(s): 0.1575
Update Time(s): 0.0054
Emb Update Time(s): 1.6198
#seeds: 6144
#inputs: 1923758
==========================================
Part 6, Epoch Time(s): 2.8954
Sampling Time(s): 0.2907
Loading Time(s): 0.5953
Forward Time(s): 0.2236
Backward Time(s): 0.1556
Update Time(s): 0.0054
Emb Update Time(s): 1.6197
#seeds: 6144
#inputs: 1918798
==========================================
Part 2, Epoch Time(s): 2.8954
Sampling Time(s): 0.2946
Loading Time(s): 0.5724
Forward Time(s): 0.2416
Backward Time(s): 0.1580
Update Time(s): 0.0051
Emb Update Time(s): 1.6188
#seeds: 6144
#inputs: 1933736
=====================





=====================
Part 7, Epoch Time(s): 2.8954
Sampling Time(s): 0.3144
Loading Time(s): 0.6102
Forward Time(s): 0.1849
Backward Time(s): 0.1500
Update Time(s): 0.0067
Emb Update Time(s): 1.6219
#seeds: 6144
#inputs: 1933199
=====================
=====================
Part 17, Epoch Time(s): 2.8953
Sampling Time(s): 0.3014
Loading Time(s): 0.6259
Forward Time(s): 0.1812
Backward Time(s): 0.1736
Update Time(s): 0.0052
Emb Update Time(s): 1.6033
#seeds: 6145
#inputs: 1938332
==========================================
Part 18, Epoch Time(s): 2.8953
Sampling Time(s): 0.3150
Loading Time(s): 0.4959
Forward Time(s): 0.2971
Backward Time(s): 0.1734
Update Time(s): 0.0046
Emb Update Time(s): 1.6041
#seeds: 6144
#inputs: 1912871
==========================================
Part 23, Epoch Time(s): 2.8953
Sampling Time(s): 0.2959
Loading Time(s): 0.5564
Forward Time(s): 0.2558
Backward Time(s): 0.1730
Update Time(s): 0.0051
Emb Update Time(s): 1.6042
#seeds: 6144
#inputs: 1948256
==========================================
Part 20, Epoch Time(s): 2.8953
Sampling Time(s): 0.3023
Loading Time(s): 0.5968
Forward Time(s): 0.2110
Backward Time(s): 0.1716
Update Time(s): 0.0048
Emb Update Time(s): 1.6041
#seeds: 6144
#inputs: 1924714
==========================================
Part 21, Epoch Time(s): 2.8954
Sampling Time(s): 0.3227
Loading Time(s): 0.5080
Forward Time(s): 0.2782
Backward Time(s): 0.1721
Update Time(s): 0.0055
Emb Update Time(s): 1.6039
#seeds: 6144
#inputs: 1926710
==========================================
Part 16, Epoch Time(s): 2.8955
Sampling Time(s): 0.2943
Loading Time(s): 0.6060
Forward Time(s): 0.2074
Backward Time(s): 0.1738
Update Time(s): 0.0055
Emb Update Time(s): 1.6031
#seeds: 6144
#inputs: 1936858
==========================================
Part 22, Epoch Time(s): 2.8954
Sampling Time(s): 0.3047
Loading Time(s): 0.5947
Forward Time(s): 0.2082
Backward Time(s): 0.1730
Update Time(s): 0.0053
Emb Update Time(s): 1.6044
#seeds: 6145
#inputs: 1927968
=====================


=====================
Part 19, Epoch Time(s): 2.8955
Sampling Time(s): 0.3070
Loading Time(s): 0.6055
Forward Time(s): 0.1996
Backward Time(s): 0.1697
Update Time(s): 0.0049
Emb Update Time(s): 1.6038
#seeds: 6144
#inputs: 1935391
=====================




=====================
Part 26, Epoch Time(s): 2.8953
Sampling Time(s): 0.2799
Loading Time(s): 0.6660
Forward Time(s): 0.1747
Backward Time(s): 0.1472
Update Time(s): 0.0050
Emb Update Time(s): 1.6177
#seeds: 6144
#inputs: 1963912
==========================================
Part 27, Epoch Time(s): 2.8954
Sampling Time(s): 0.3315
Loading Time(s): 0.6048
Forward Time(s): 0.1802
Backward Time(s): 0.1482
Update Time(s): 0.0045
Emb Update Time(s): 1.6209
#seeds: 6144
#inputs: 1965330
==========================================
Part 25, Epoch Time(s): 2.8954
Sampling Time(s): 0.2908
Loading Time(s): 0.6216
Forward Time(s): 0.2113
Backward Time(s): 0.1430
Update Time(s): 0.0044
Emb Update Time(s): 1.6193
#seeds: 6144
#inputs: 1982629
==========================================
Part 30, Epoch Time(s): 2.8953
Sampling Time(s): 0.3645
Loading Time(s): 0.6154
Forward Time(s): 0.1374
Backward Time(s): 0.1492
Update Time(s): 0.0044
Emb Update Time(s): 1.6195
#seeds: 6145
#inputs: 1974284
==========================================
Part 24, Epoch Time(s): 2.8955
Sampling Time(s): 0.3100
Loading Time(s): 0.6137
Forward Time(s): 0.1874
Backward Time(s): 0.1706
Update Time(s): 0.0050
Emb Update Time(s): 1.6039
#seeds: 6144
#inputs: 1960015
=====================

=====================
Part 31, Epoch Time(s): 2.8953
Sampling Time(s): 0.2940
Loading Time(s): 0.6721
Forward Time(s): 0.1509
Backward Time(s): 0.1461
Update Time(s): 0.0057
Emb Update Time(s): 1.6204
#seeds: 6144
#inputs: 1978185
==========================================
Part 28, Epoch Time(s): 2.8955
Sampling Time(s): 0.2895
Loading Time(s): 0.6411
Forward Time(s): 0.1819
Backward Time(s): 0.1523
Update Time(s): 0.0047
Emb Update Time(s): 1.6208
#seeds: 6144
#inputs: 1975063
=====================


=====================
Part 29, Epoch Time(s): 2.8954
Sampling Time(s): 0.3089
Loading Time(s): 0.5981
Forward Time(s): 0.2003
Backward Time(s): 0.1568
Update Time(s): 0.0051
Emb Update Time(s): 1.6208
#seeds: 6144
#inputs: 1966768
=====================


=====================
Part 11, Epoch Time(s): 2.8954
Sampling Time(s): 0.2811
Loading Time(s): 0.6061
Forward Time(s): 0.2238
Backward Time(s): 0.1702
Update Time(s): 0.0045
Emb Update Time(s): 1.6050
#seeds: 6144
#inputs: 2032022
==========================================
Part 12, Epoch Time(s): 2.8954
Sampling Time(s): 0.2977
Loading Time(s): 0.6563
Forward Time(s): 0.1622
Backward Time(s): 0.1641
Update Time(s): 0.0047
Emb Update Time(s): 1.6055
#seeds: 6144
#inputs: 2039528
=====================
=====================
Part 10, Epoch Time(s): 2.8954
Sampling Time(s): 0.2934
Loading Time(s): 0.6104
Forward Time(s): 0.2103
Backward Time(s): 0.1668
Update Time(s): 0.0046
Emb Update Time(s): 1.6052
#seeds: 6144
#inputs: 2046632
==========================================
Part 14, Epoch Time(s): 2.8954
Sampling Time(s): 0.2757
Loading Time(s): 0.6064
Forward Time(s): 0.2341
Backward Time(s): 0.1636
Update Time(s): 0.0051
Emb Update Time(s): 1.6052
#seeds: 6145
#inputs: 2036160
==========================================
Part 9, Epoch Time(s): 2.8954
Sampling Time(s): 0.2888
Loading Time(s): 0.6179
Forward Time(s): 0.2017
Backward Time(s): 0.1726
Update Time(s): 0.0048
Emb Update Time(s): 1.6047
#seeds: 6145
#inputs: 2032619
=====================
=====================
Part 8, Epoch Time(s): 2.8954
Sampling Time(s): 0.3058
Loading Time(s): 0.6552
Forward Time(s): 0.1570
Backward Time(s): 0.1469
Update Time(s): 0.0049
Emb Update Time(s): 1.6205
#seeds: 6144
#inputs: 2025560
=====================



=====================
Part 13, Epoch Time(s): 2.8956
Sampling Time(s): 0.2956
Loading Time(s): 0.6851
Forward Time(s): 0.1355
Backward Time(s): 0.1657
Update Time(s): 0.0056
Emb Update Time(s): 1.6029
#seeds: 6144
#inputs: 2041410
==========================================
Part 15, Epoch Time(s): 2.8956
Sampling Time(s): 0.3524
Loading Time(s): 0.6669
Forward Time(s): 0.1088
Backward Time(s): 0.1537
Update Time(s): 0.0054
Emb Update Time(s): 1.6028
#seeds: 6144
#inputs: 2044846
=====================

Part 0 | Epoch 00010 | Step 00000 | Loss 0.2955 | Train Acc 0.9390 | Speed (samples/sec) 2227.5186 | GPU 690.5 MB | time 0.646 s
Part 24 | Epoch 00010 | Step 00000 | Loss 0.3988 | Train Acc 0.9110 | Speed (samples/sec) 2225.1553 | GPU 701.9 MB | time 0.646 s
Part 5 | Epoch 00010 | Step 00000 | Loss 0.2962 | Train Acc 0.9370 | Speed (samples/sec) 2225.5826 | GPU 698.9 MB | time 0.647 s
Part 6 | Epoch 00010 | Step 00000 | Loss 0.2613 | Train Acc 0.9300 | Speed (samples/sec) 2225.2953 | GPU 693.7 MB | time 0.647 s
Part 4 | Epoch 00010 | Step 00000 | Loss 0.3307 | Train Acc 0.9210 | Speed (samples/sec) 2227.2796 | GPU 699.5 MB | time 0.647 s
Part 2 | Epoch 00010 | Step 00000 | Loss 0.2577 | Train Acc 0.9310 | Speed (samples/sec) 2225.0285 | GPU 703.2 MB | time 0.647 s
Part 1 | Epoch 00010 | Step 00000 | Loss 0.2404 | Train Acc 0.9380 | Speed (samples/sec) 2224.4144 | GPU 694.1 MB | time 0.647 s
Part 3 | Epoch 00010 | Step 00000 | Loss 0.2943 | Train Acc 0.9290 | Speed (samples/sec) 2225.0622 | GPU 697.0 MB | time 0.647 s
Part 12 | Epoch 00010 | Step 00000 | Loss 0.6024 | Train Acc 0.8650 | Speed (samples/sec) 2225.3904 | GPU 714.5 MB | time 0.647 s
Part 8 | Epoch 00010 | Step 00000 | Loss 0.6077 | Train Acc 0.8570 | Speed (samples/sec) 2225.1967 | GPU 712.4 MB | time 0.647 s
Part 9 | Epoch 00010 | Step 00000 | Loss 0.6254 | Train Acc 0.8670 | Speed (samples/sec) 2226.6177 | GPU 719.3 MB | time 0.647 s
Part 11 | Epoch 00010 | Step 00000 | Loss 0.5638 | Train Acc 0.8720 | Speed (samples/sec) 2225.1131 | GPU 718.7 MB | time 0.647 s
Part 26 | Epoch 00010 | Step 00000 | Loss 0.3759 | Train Acc 0.9150 | Speed (samples/sec) 2225.0923 | GPU 703.8 MB | time 0.647 s
Part 16 | Epoch 00010 | Step 00000 | Loss 0.5831 | Train Acc 0.8620 | Speed (samples/sec) 2225.2901 | GPU 696.3 MB | time 0.647 s
Part 18 | Epoch 00010 | Step 00000 | Loss 0.5691 | Train Acc 0.8740 | Speed (samples/sec) 2225.3877 | GPU 689.9 MB | time 0.647 s
Part 17 | Epoch 00010 | Step 00000 | Loss 0.6354 | Train Acc 0.8600 | Speed (samples/sec) 2226.5190 | GPU 696.7 MB | time 0.647 sPart 23 | Epoch 00010 | Step 00000 | Loss 0.5480 | Train Acc 0.8740 | Speed (samples/sec) 2225.4790 | GPU 696.6 MB | time 0.647 s

Part 25 | Epoch 00010 | Step 00000 | Loss 0.4058 | Train Acc 0.9040 | Speed (samples/sec) 2225.3287 | GPU 701.9 MB | time 0.647 s
Part 27 | Epoch 00010 | Step 00000 | Loss 0.4387 | Train Acc 0.9020 | Speed (samples/sec) 2225.1116 | GPU 701.6 MB | time 0.647 s
Part 28 | Epoch 00010 | Step 00000 | Loss 0.5054 | Train Acc 0.8880 | Speed (samples/sec) 2225.2453 | GPU 702.6 MB | time 0.647 s
Part 29 | Epoch 00010 | Step 00000 | Loss 0.3933 | Train Acc 0.9070 | Speed (samples/sec) 2225.9442 | GPU 705.3 MB | time 0.647 s
Part 19 | Epoch 00010 | Step 00000 | Loss 0.6114 | Train Acc 0.8520 | Speed (samples/sec) 2224.9966 | GPU 690.5 MB | time 0.647 s
Part 30 | Epoch 00010 | Step 00000 | Loss 0.4343 | Train Acc 0.9140 | Speed (samples/sec) 2226.8730 | GPU 706.6 MB | time 0.647 s
Part 22 | Epoch 00010 | Step 00000 | Loss 0.5890 | Train Acc 0.8650 | Speed (samples/sec) 2226.7879 | GPU 692.8 MB | time 0.647 s
Part 21 | Epoch 00010 | Step 00000 | Loss 0.5163 | Train Acc 0.8860 | Speed (samples/sec) 2225.4963 | GPU 691.7 MB | time 0.647 s
Part 14 | Epoch 00010 | Step 00000 | Loss 0.6018 | Train Acc 0.8670 | Speed (samples/sec) 2227.0537 | GPU 716.4 MB | time 0.647 sPart 10 | Epoch 00010 | Step 00000 | Loss 0.5081 | Train Acc 0.8800 | Speed (samples/sec) 2225.1644 | GPU 714.1 MB | time 0.647 s

Part 15 | Epoch 00010 | Step 00000 | Loss 0.5421 | Train Acc 0.8720 | Speed (samples/sec) 2225.6077 | GPU 719.9 MB | time 0.647 s
Part 20 | Epoch 00010 | Step 00000 | Loss 0.6103 | Train Acc 0.8780 | Speed (samples/sec) 2225.2760 | GPU 692.3 MB | time 0.647 s
Part 7 | Epoch 00010 | Step 00000 | Loss 0.2838 | Train Acc 0.9320 | Speed (samples/sec) 2225.7433 | GPU 697.9 MB | time 0.647 s
Part 13 | Epoch 00010 | Step 00000 | Loss 0.5242 | Train Acc 0.8730 | Speed (samples/sec) 2225.5151 | GPU 715.2 MB | time 0.647 s
Part 31 | Epoch 00010 | Step 00000 | Loss 0.4378 | Train Acc 0.9070 | Speed (samples/sec) 2225.9229 | GPU 701.9 MB | time 0.648 s
Avg train acc 0.8940
=====================
Part 0, Epoch Time(s): 3.1079
Sampling Time(s): 0.2864
Loading Time(s): 0.4969
Forward Time(s): 0.3276
Backward Time(s): 0.1601
Update Time(s): 0.0044
Emb Update Time(s): 1.8233
#seeds: 6145
#inputs: 1923928
=====================
=====================
Part 2, Epoch Time(s): 3.1079
Sampling Time(s): 0.3335
Loading Time(s): 0.6306
Forward Time(s): 0.1503
Backward Time(s): 0.1600
Update Time(s): 0.0051
Emb Update Time(s): 1.8231
#seeds: 6144
#inputs: 1937064
==========================================
Part 1, Epoch Time(s): 3.1079
Sampling Time(s): 0.2833
Loading Time(s): 0.5791
Forward Time(s): 0.2519
Backward Time(s): 0.1601
Update Time(s): 0.0051
Emb Update Time(s): 1.8229
#seeds: 6144
#inputs: 1933575
==========================================
Part 6, Epoch Time(s): 3.1079
Sampling Time(s): 0.2982
Loading Time(s): 0.6580
Forward Time(s): 0.1755
Backward Time(s): 0.1447
Update Time(s): 0.0053
Emb Update Time(s): 1.8208
#seeds: 6144
#inputs: 1920668
=====================
=====================
Part 4, Epoch Time(s): 3.1080
Sampling Time(s): 0.3049
Loading Time(s): 0.5325
Forward Time(s): 0.2762
Backward Time(s): 0.1598
Update Time(s): 0.0055
Emb Update Time(s): 1.8237
#seeds: 6145
#inputs: 1933559
==========================================
Part 3, Epoch Time(s): 3.1079
Sampling Time(s): 0.3189
Loading Time(s): 0.5890
Forward Time(s): 0.2088
Backward Time(s): 0.1571
Update Time(s): 0.0056
Emb Update Time(s): 1.8227
#seeds: 6144
#inputs: 1933082
=====================

=====================
Part 7, Epoch Time(s): 3.1079
Sampling Time(s): 0.3046
Loading Time(s): 0.5920
Forward Time(s): 0.2165
Backward Time(s): 0.1593
Update Time(s): 0.0057
Emb Update Time(s): 1.8234
#seeds: 6144
#inputs: 1932158
==========================================
Part 5, Epoch Time(s): 3.1079
Sampling Time(s): 0.3077
Loading Time(s): 0.6573
Forward Time(s): 0.1527
Backward Time(s): 0.1560
Update Time(s): 0.0052
Emb Update Time(s): 1.8235
#seeds: 6144
#inputs: 1939038
=====================



=====================
Part 11, Epoch Time(s): 3.1080
Sampling Time(s): 0.2843
Loading Time(s): 0.6365
Forward Time(s): 0.1966
Backward Time(s): 0.1556
Update Time(s): 0.0053
Emb Update Time(s): 1.8244
#seeds: 6144
#inputs: 2035226
==========================================
Part 15, Epoch Time(s): 3.1079
Sampling Time(s): 0.3218
Loading Time(s): 0.6272
Forward Time(s): 0.1649
Backward Time(s): 0.1584
Update Time(s): 0.0053
Emb Update Time(s): 1.8248
#seeds: 6144
#inputs: 2047418
==========================================
Part 10, Epoch Time(s): 3.1080
Sampling Time(s): 0.3291
Loading Time(s): 0.6943
Forward Time(s): 0.1104
Backward Time(s): 0.1414
Update Time(s): 0.0044
Emb Update Time(s): 1.8230
#seeds: 6144
#inputs: 2045262
=====================


=====================
Part 9, Epoch Time(s): 3.1080
Sampling Time(s): 0.2848
Loading Time(s): 0.6606
Forward Time(s): 0.1692
Backward Time(s): 0.1592
Update Time(s): 0.0048
Emb Update Time(s): 1.8242
#seeds: 6145
#inputs: 2031936
==========================================
Part 13, Epoch Time(s): 3.1079
Sampling Time(s): 0.3024
Loading Time(s): 0.6312
Forward Time(s): 0.1815
Backward Time(s): 0.1565
Update Time(s): 0.0052
Emb Update Time(s): 1.8248
#seeds: 6144
#inputs: 2046226
=====================
=====================
Part 12, Epoch Time(s): 3.1081
Sampling Time(s): 0.2888
Loading Time(s): 0.6785
Forward Time(s): 0.1656
Backward Time(s): 0.1440
Update Time(s): 0.0056
Emb Update Time(s): 1.8201
#seeds: 6144
#inputs: 2041457
=====================

=====================
Part 8, Epoch Time(s): 3.1080
Sampling Time(s): 0.2807
Loading Time(s): 0.6378
Forward Time(s): 0.1969
Backward Time(s): 0.1584
Update Time(s): 0.0048
Emb Update Time(s): 1.8241
#seeds: 6144
#inputs: 2027045
=====================
=====================
Part 14, Epoch Time(s): 3.1081
Sampling Time(s): 0.3270
Loading Time(s): 0.6072
Forward Time(s): 0.1793
Backward Time(s): 0.1566
Update Time(s): 0.0055
Emb Update Time(s): 1.8265
#seeds: 6145
#inputs: 2042718
=====================
=====================
Part 18, Epoch Time(s): 3.1080
Sampling Time(s): 0.3004
Loading Time(s): 0.5351
Forward Time(s): 0.2782
Backward Time(s): 0.1596
Update Time(s): 0.0072
Emb Update Time(s): 1.8217
#seeds: 6144
#inputs: 1913714
==========================================
Part 23, Epoch Time(s): 3.1079
Sampling Time(s): 0.2920
Loading Time(s): 0.6033
Forward Time(s): 0.2213
Backward Time(s): 0.1558
Update Time(s): 0.0049
Emb Update Time(s): 1.8250
#seeds: 6144
#inputs: 1948137
==========================================
Part 17, Epoch Time(s): 3.1080
Sampling Time(s): 0.3118
Loading Time(s): 0.5797
Forward Time(s): 0.2230
Backward Time(s): 0.1597
Update Time(s): 0.0045
Emb Update Time(s): 1.8239
#seeds: 6145
#inputs: 1936974
==========================================
Part 21, Epoch Time(s): 3.1079
Sampling Time(s): 0.3145
Loading Time(s): 0.4887
Forward Time(s): 0.3144
Backward Time(s): 0.1549
Update Time(s): 0.0058
Emb Update Time(s): 1.8236
#seeds: 6144
#inputs: 1923661
==========================================
Part 16, Epoch Time(s): 3.1080
Sampling Time(s): 0.3068
Loading Time(s): 0.5892
Forward Time(s): 0.2185
Backward Time(s): 0.1598
Update Time(s): 0.0044
Emb Update Time(s): 1.8239
#seeds: 6144
#inputs: 1940884
==========================================
Part 22, Epoch Time(s): 3.1080
Sampling Time(s): 0.2948
Loading Time(s): 0.5695
Forward Time(s): 0.2488
Backward Time(s): 0.1593
Update Time(s): 0.0051
Emb Update Time(s): 1.8244
#seeds: 6145
#inputs: 1930052
=====================




=====================
Part 20, Epoch Time(s): 3.1080
Sampling Time(s): 0.3001
Loading Time(s): 0.5844
Forward Time(s): 0.2288
Backward Time(s): 0.1595
Update Time(s): 0.0048
Emb Update Time(s): 1.8243
#seeds: 6144
#inputs: 1927744
=====================

=====================
Part 19, Epoch Time(s): 3.1081
Sampling Time(s): 0.3069
Loading Time(s): 0.6078
Forward Time(s): 0.1990
Backward Time(s): 0.1596
Update Time(s): 0.0053
Emb Update Time(s): 1.8235
#seeds: 6144
#inputs: 1935215
=====================
=====================
Part 24, Epoch Time(s): 3.1080
Sampling Time(s): 0.3260
Loading Time(s): 0.6268
Forward Time(s): 0.1616
Backward Time(s): 0.1594
Update Time(s): 0.0059
Emb Update Time(s): 1.8234
#seeds: 6144
#inputs: 1955957
==========================================
Part 25, Epoch Time(s): 3.1080
Sampling Time(s): 0.2825
Loading Time(s): 0.6071
Forward Time(s): 0.2280
Backward Time(s): 0.1562
Update Time(s): 0.0048
Emb Update Time(s): 1.8241
#seeds: 6144
#inputs: 1986521
==========================================
Part 31, Epoch Time(s): 3.1081
Sampling Time(s): 0.3003
Loading Time(s): 0.6487
Forward Time(s): 0.1671
Backward Time(s): 0.1523
Update Time(s): 0.0059
Emb Update Time(s): 1.8260
#seeds: 6144
#inputs: 1976284
=====================


=====================
Part 29, Epoch Time(s): 3.1081
Sampling Time(s): 0.3001
Loading Time(s): 0.6195
Forward Time(s): 0.2034
Backward Time(s): 0.1485
Update Time(s): 0.0049
Emb Update Time(s): 1.8259
#seeds: 6144
#inputs: 1965998
==========================================
Part 26, Epoch Time(s): 3.1080
Sampling Time(s): 0.2971
Loading Time(s): 0.6216
Forward Time(s): 0.1956
Backward Time(s): 0.1593
Update Time(s): 0.0048
Emb Update Time(s): 1.8244
#seeds: 6144
#inputs: 1964645
==========================================
Part 28, Epoch Time(s): 3.1080
Sampling Time(s): 0.2755
Loading Time(s): 0.6328
Forward Time(s): 0.2077
Backward Time(s): 0.1562
Update Time(s): 0.0051
Emb Update Time(s): 1.8252
#seeds: 6144
#inputs: 1979368
==========================================
Part 27, Epoch Time(s): 3.1081
Sampling Time(s): 0.2860
Loading Time(s): 0.6409
Forward Time(s): 0.1899
Backward Time(s): 0.1565
Update Time(s): 0.0048
Emb Update Time(s): 1.8249
#seeds: 6144
#inputs: 1954700
=====================



=====================
Part 30, Epoch Time(s): 3.1080
Sampling Time(s): 0.3530
Loading Time(s): 0.6623
Forward Time(s): 0.1139
Backward Time(s): 0.1444
Update Time(s): 0.0057
Emb Update Time(s): 1.8230
#seeds: 6145
#inputs: 1977587
=====================
Part 6 | Epoch 00011 | Step 00000 | Loss 0.2599 | Train Acc 0.9440 | Speed (samples/sec) 2198.8831 | GPU 693.7 MB | time 0.646 sPart 2 | Epoch 00011 | Step 00000 | Loss 0.2552 | Train Acc 0.9420 | Speed (samples/sec) 2198.6532 | GPU 703.2 MB | time 0.646 sPart 0 | Epoch 00011 | Step 00000 | Loss 0.2466 | Train Acc 0.9400 | Speed (samples/sec) 2201.2393 | GPU 692.8 MB | time 0.646 s


Part 5 | Epoch 00011 | Step 00000 | Loss 0.2916 | Train Acc 0.9390 | Speed (samples/sec) 2199.1481 | GPU 698.9 MB | time 0.646 s
Part 3 | Epoch 00011 | Step 00000 | Loss 0.2569 | Train Acc 0.9390 | Speed (samples/sec) 2198.7113 | GPU 697.0 MB | time 0.646 s
Part 4 | Epoch 00011 | Step 00000 | Loss 0.2436 | Train Acc 0.9460 | Speed (samples/sec) 2200.6794 | GPU 699.5 MB | time 0.646 sPart 16 | Epoch 00011 | Step 00000 | Loss 0.5616 | Train Acc 0.8780 | Speed (samples/sec) 2198.8807 | GPU 696.3 MB | time 0.646 s
Part 17 | Epoch 00011 | Step 00000 | Loss 0.5352 | Train Acc 0.8820 | Speed (samples/sec) 2200.0440 | GPU 696.7 MB | time 0.646 sPart 22 | Epoch 00011 | Step 00000 | Loss 0.5372 | Train Acc 0.8720 | Speed (samples/sec) 2200.3350 | GPU 692.8 MB | time 0.646 s


Part 1 | Epoch 00011 | Step 00000 | Loss 0.2093 | Train Acc 0.9510 | Speed (samples/sec) 2198.1036 | GPU 694.1 MB | time 0.646 s
Part 7 | Epoch 00011 | Step 00000 | Loss 0.3156 | Train Acc 0.9320 | Speed (samples/sec) 2199.3837 | GPU 697.9 MB | time 0.646 s
Part 18 | Epoch 00011 | Step 00000 | Loss 0.4949 | Train Acc 0.8900 | Speed (samples/sec) 2198.9836 | GPU 689.9 MB | time 0.646 s
Part 23 | Epoch 00011 | Step 00000 | Loss 0.5630 | Train Acc 0.8600 | Speed (samples/sec) 2199.0718 | GPU 696.6 MB | time 0.646 s
Part 13 | Epoch 00011 | Step 00000 | Loss 0.5588 | Train Acc 0.8820 | Speed (samples/sec) 2199.1577 | GPU 715.2 MB | time 0.646 s
Part 12 | Epoch 00011 | Step 00000 | Loss 0.5039 | Train Acc 0.8840 | Speed (samples/sec) 2198.9594 | GPU 714.5 MB | time 0.646 s
Part 8 | Epoch 00011 | Step 00000 | Loss 0.4408 | Train Acc 0.8910 | Speed (samples/sec) 2198.7822 | GPU 712.4 MB | time 0.646 s
Part 11 | Epoch 00011 | Step 00000 | Loss 0.4595 | Train Acc 0.8970 | Speed (samples/sec) 2198.6987 | GPU 718.7 MB | time 0.646 s
Part 15 | Epoch 00011 | Step 00000 | Loss 0.4141 | Train Acc 0.8920 | Speed (samples/sec) 2199.1584 | GPU 719.9 MB | time 0.646 s
Part 10 | Epoch 00011 | Step 00000 | Loss 0.5247 | Train Acc 0.8740 | Speed (samples/sec) 2198.7706 | GPU 714.1 MB | time 0.646 s
Part 28 | Epoch 00011 | Step 00000 | Loss 0.4436 | Train Acc 0.8890 | Speed (samples/sec) 2198.8524 | GPU 702.6 MB | time 0.646 sPart 24 | Epoch 00011 | Step 00000 | Loss 0.4277 | Train Acc 0.9020 | Speed (samples/sec) 2198.6760 | GPU 701.9 MB | time 0.646 s

Part 27 | Epoch 00011 | Step 00000 | Loss 0.3923 | Train Acc 0.9190 | Speed (samples/sec) 2198.7067 | GPU 701.6 MB | time 0.646 s
Part 25 | Epoch 00011 | Step 00000 | Loss 0.4226 | Train Acc 0.9070 | Speed (samples/sec) 2198.9184 | GPU 703.5 MB | time 0.646 s
Part 26 | Epoch 00011 | Step 00000 | Loss 0.3040 | Train Acc 0.9220 | Speed (samples/sec) 2198.6895 | GPU 703.8 MB | time 0.646 s
Part 19 | Epoch 00011 | Step 00000 | Loss 0.4956 | Train Acc 0.8760 | Speed (samples/sec) 2198.6502 | GPU 690.5 MB | time 0.646 s
Part 20 | Epoch 00011 | Step 00000 | Loss 0.4440 | Train Acc 0.8970 | Speed (samples/sec) 2198.9161 | GPU 692.3 MB | time 0.646 s
Part 21 | Epoch 00011 | Step 00000 | Loss 0.5190 | Train Acc 0.8870 | Speed (samples/sec) 2199.1149 | GPU 691.7 MB | time 0.646 s
Part 30 | Epoch 00011 | Step 00000 | Loss 0.3167 | Train Acc 0.9290 | Speed (samples/sec) 2200.3816 | GPU 706.6 MB | time 0.646 s
Part 14 | Epoch 00011 | Step 00000 | Loss 0.4814 | Train Acc 0.8930 | Speed (samples/sec) 2200.5600 | GPU 716.4 MB | time 0.646 s
Part 9 | Epoch 00011 | Step 00000 | Loss 0.5543 | Train Acc 0.8680 | Speed (samples/sec) 2200.1122 | GPU 719.3 MB | time 0.646 s
Part 29 | Epoch 00011 | Step 00000 | Loss 0.3419 | Train Acc 0.9150 | Speed (samples/sec) 2199.4908 | GPU 705.3 MB | time 0.647 s
Part 31 | Epoch 00011 | Step 00000 | Loss 0.3827 | Train Acc 0.9200 | Speed (samples/sec) 2199.7183 | GPU 701.9 MB | time 0.647 s
Avg train acc 0.9050
=====================
Part 7, Epoch Time(s): 3.0973
Sampling Time(s): 0.3050
Loading Time(s): 0.5438
Forward Time(s): 0.2695
Backward Time(s): 0.1589
Update Time(s): 0.0052
Emb Update Time(s): 1.8091
#seeds: 6144
#inputs: 1925593
==========================================
Part 5, Epoch Time(s): 3.0973
Sampling Time(s): 0.3114
Loading Time(s): 0.5777
Forward Time(s): 0.2293
Backward Time(s): 0.1594
Update Time(s): 0.0049
Emb Update Time(s): 1.8093
#seeds: 6144
#inputs: 1937623
==========================================
Part 6, Epoch Time(s): 3.0973
Sampling Time(s): 0.3001
Loading Time(s): 0.6324
Forward Time(s): 0.1924
Backward Time(s): 0.1541
Update Time(s): 0.0058
Emb Update Time(s): 1.8069
#seeds: 6144
#inputs: 1930874
=====================


=====================
Part 4, Epoch Time(s): 3.0974
Sampling Time(s): 0.2927
Loading Time(s): 0.5094
Forward Time(s): 0.3155
Backward Time(s): 0.1600
Update Time(s): 0.0051
Emb Update Time(s): 1.8086
#seeds: 6145
#inputs: 1937418
==========================================
Part 0, Epoch Time(s): 3.0974
Sampling Time(s): 0.3149
Loading Time(s): 0.5523
Forward Time(s): 0.2496
Backward Time(s): 0.1602
Update Time(s): 0.0050
Emb Update Time(s): 1.8085
#seeds: 6145
#inputs: 1925639
=====================
=====================
Part 2, Epoch Time(s): 3.0974
Sampling Time(s): 0.3066
Loading Time(s): 0.6060
Forward Time(s): 0.2140
Backward Time(s): 0.1527
Update Time(s): 0.0047
Emb Update Time(s): 1.8076
#seeds: 6144
#inputs: 1942084
=====================
=====================
Part 1, Epoch Time(s): 3.0974
Sampling Time(s): 0.3036
Loading Time(s): 0.6052
Forward Time(s): 0.2116
Backward Time(s): 0.1579
Update Time(s): 0.0054
Emb Update Time(s): 1.8080
#seeds: 6144
#inputs: 1933424
=====================

=====================
Part 3, Epoch Time(s): 3.0975
Sampling Time(s): 0.3257
Loading Time(s): 0.6143
Forward Time(s): 0.1767
Backward Time(s): 0.1597
Update Time(s): 0.0054
Emb Update Time(s): 1.8095
#seeds: 6144
#inputs: 1923930
=====================
=====================
Part 16, Epoch Time(s): 3.0972
Sampling Time(s): 0.3014
Loading Time(s): 0.6130
Forward Time(s): 0.2042
Backward Time(s): 0.1599
Update Time(s): 0.0049
Emb Update Time(s): 1.8084
#seeds: 6144
#inputs: 1938244
==========================================
Part 20, Epoch Time(s): 3.0972
Sampling Time(s): 0.2956
Loading Time(s): 0.6197
Forward Time(s): 0.2042
Backward Time(s): 0.1578
Update Time(s): 0.0056
Emb Update Time(s): 1.8088
#seeds: 6144
#inputs: 1924883
=====================

=====================
Part 17, Epoch Time(s): 3.0973
Sampling Time(s): 0.2841
Loading Time(s): 0.5723
Forward Time(s): 0.2625
Backward Time(s): 0.1597
Update Time(s): 0.0049
Emb Update Time(s): 1.8084
#seeds: 6145
#inputs: 1936505
==========================================
Part 23, Epoch Time(s): 3.0973
Sampling Time(s): 0.2803
Loading Time(s): 0.5422
Forward Time(s): 0.2955
Backward Time(s): 0.1588
Update Time(s): 0.0046
Emb Update Time(s): 1.8102
#seeds: 6144
#inputs: 1936090
==========================================
Part 22, Epoch Time(s): 3.0973
Sampling Time(s): 0.3461
Loading Time(s): 0.5905
Forward Time(s): 0.1812
Backward Time(s): 0.1588
Update Time(s): 0.0052
Emb Update Time(s): 1.8097
#seeds: 6145
#inputs: 1927977
==========================================
Part 21, Epoch Time(s): 3.0973
Sampling Time(s): 0.3016
Loading Time(s): 0.5212
Forward Time(s): 0.2951
Backward Time(s): 0.1588
Update Time(s): 0.0056
Emb Update Time(s): 1.8092
#seeds: 6144
#inputs: 1924482
==========================================
Part 18, Epoch Time(s): 3.0973
Sampling Time(s): 0.2911
Loading Time(s): 0.5533
Forward Time(s): 0.2736
Backward Time(s): 0.1599
Update Time(s): 0.0053
Emb Update Time(s): 1.8082
#seeds: 6144
#inputs: 1914610
=====================




=====================
Part 19, Epoch Time(s): 3.0973
Sampling Time(s): 0.2936
Loading Time(s): 0.6122
Forward Time(s): 0.2123
Backward Time(s): 0.1594
Update Time(s): 0.0050
Emb Update Time(s): 1.8090
#seeds: 6144
#inputs: 1936848
=====================
=====================
Part 10, Epoch Time(s): 3.0973
Sampling Time(s): 0.3032
Loading Time(s): 0.6534
Forward Time(s): 0.1619
Backward Time(s): 0.1582
Update Time(s): 0.0047
Emb Update Time(s): 1.8104
#seeds: 6144
#inputs: 2043236
==========================================
Part 11, Epoch Time(s): 3.0973
Sampling Time(s): 0.2920
Loading Time(s): 0.6177
Forward Time(s): 0.2152
Backward Time(s): 0.1517
Update Time(s): 0.0047
Emb Update Time(s): 1.8105
#seeds: 6144
#inputs: 2036003
=====================

=====================
Part 14, Epoch Time(s): 3.0972
Sampling Time(s): 0.2885
Loading Time(s): 0.5921
Forward Time(s): 0.2435
Backward Time(s): 0.1517
Update Time(s): 0.0052
Emb Update Time(s): 1.8098
#seeds: 6145
#inputs: 2048016
==========================================
Part 8, Epoch Time(s): 3.0973
Sampling Time(s): 0.2847
Loading Time(s): 0.6649
Forward Time(s): 0.1769
Backward Time(s): 0.1515
Update Time(s): 0.0049
Emb Update Time(s): 1.8090
#seeds: 6144
#inputs: 2022869
==========================================
Part 13, Epoch Time(s): 3.0972
Sampling Time(s): 0.3085
Loading Time(s): 0.6496
Forward Time(s): 0.1697
Backward Time(s): 0.1505
Update Time(s): 0.0049
Emb Update Time(s): 1.8088
#seeds: 6144
#inputs: 2046478
=====================
=====================
Part 12, Epoch Time(s): 3.0973
Sampling Time(s): 0.3048
Loading Time(s): 0.6858
Forward Time(s): 0.1450
Backward Time(s): 0.1447
Update Time(s): 0.0049
Emb Update Time(s): 1.8068
#seeds: 6144
#inputs: 2037348
==========================================
Part 9, Epoch Time(s): 3.0973
Sampling Time(s): 0.2904
Loading Time(s): 0.6526
Forward Time(s): 0.1838
Backward Time(s): 0.1512
Update Time(s): 0.0046
Emb Update Time(s): 1.8091
#seeds: 6145
#inputs: 2035880
=====================



=====================
Part 15, Epoch Time(s): 3.0974
Sampling Time(s): 0.3195
Loading Time(s): 0.6409
Forward Time(s): 0.1731
Backward Time(s): 0.1437
Update Time(s): 0.0047
Emb Update Time(s): 1.8098
#seeds: 6144
#inputs: 2048189
=====================
=====================
Part 26, Epoch Time(s): 3.0972
Sampling Time(s): 0.2893
Loading Time(s): 0.6244
Forward Time(s): 0.2044
Backward Time(s): 0.1592
Update Time(s): 0.0051
Emb Update Time(s): 1.8092
#seeds: 6144
#inputs: 1972681
==========================================
Part 24, Epoch Time(s): 3.0973
Sampling Time(s): 0.2866
Loading Time(s): 0.6295
Forward Time(s): 0.2026
Backward Time(s): 0.1596
Update Time(s): 0.0049
Emb Update Time(s): 1.8088
#seeds: 6144
#inputs: 1953911
==========================================
Part 28, Epoch Time(s): 3.0972
Sampling Time(s): 0.2797
Loading Time(s): 0.6377
Forward Time(s): 0.2013
Backward Time(s): 0.1584
Update Time(s): 0.0049
Emb Update Time(s): 1.8097
#seeds: 6144
#inputs: 1974606
==========================================
Part 31, Epoch Time(s): 3.0973
Sampling Time(s): 0.2950
Loading Time(s): 0.5789
Forward Time(s): 0.2417
Backward Time(s): 0.1582
Update Time(s): 0.0057
Emb Update Time(s): 1.8103
#seeds: 6144
#inputs: 1972159
=====================



=====================
Part 29, Epoch Time(s): 3.0973
Sampling Time(s): 0.2970
Loading Time(s): 0.6627
Forward Time(s): 0.1693
Backward Time(s): 0.1485
Update Time(s): 0.0050
Emb Update Time(s): 1.8089
#seeds: 6144
#inputs: 1962994
==========================================
Part 25, Epoch Time(s): 3.0973
Sampling Time(s): 0.2792
Loading Time(s): 0.6518
Forward Time(s): 0.1965
Backward Time(s): 0.1504
Update Time(s): 0.0047
Emb Update Time(s): 1.8094
#seeds: 6144
#inputs: 1982517
=====================
=====================
Part 27, Epoch Time(s): 3.0973
Sampling Time(s): 0.2786
Loading Time(s): 0.6517
Forward Time(s): 0.1966
Backward Time(s): 0.1520
Update Time(s): 0.0049
Emb Update Time(s): 1.8078
#seeds: 6144
#inputs: 1965470
=====================

=====================
Part 30, Epoch Time(s): 3.0974
Sampling Time(s): 0.3482
Loading Time(s): 0.6349
Forward Time(s): 0.1404
Backward Time(s): 0.1513
Update Time(s): 0.0058
Emb Update Time(s): 1.8108
#seeds: 6145
#inputs: 1975321
=====================
Part 5 | Epoch 00012 | Step 00000 | Loss 0.2458 | Train Acc 0.9450 | Speed (samples/sec) 2177.8251 | GPU 698.9 MB | time 0.650 s
Part 24 | Epoch 00012 | Step 00000 | Loss 0.2807 | Train Acc 0.9360 | Speed (samples/sec) 2177.3880 | GPU 701.9 MB | time 0.650 s
Part 27 | Epoch 00012 | Step 00000 | Loss 0.3516 | Train Acc 0.9260 | Speed (samples/sec) 2177.4482 | GPU 701.6 MB | time 0.650 s
Part 25 | Epoch 00012 | Step 00000 | Loss 0.2640 | Train Acc 0.9330 | Speed (samples/sec) 2177.6232 | GPU 703.5 MB | time 0.650 s
Part 4 | Epoch 00012 | Step 00000 | Loss 0.2580 | Train Acc 0.9300 | Speed (samples/sec) 2179.2825 | GPU 699.5 MB | time 0.650 sPart 0 | Epoch 00012 | Step 00000 | Loss 0.2229 | Train Acc 0.9480 | Speed (samples/sec) 2179.8626 | GPU 692.8 MB | time 0.650 s

Part 1 | Epoch 00012 | Step 00000 | Loss 0.1775 | Train Acc 0.9580 | Speed (samples/sec) 2176.8763 | GPU 694.1 MB | time 0.650 s
Part 7 | Epoch 00012 | Step 00000 | Loss 0.2901 | Train Acc 0.9260 | Speed (samples/sec) 2178.0467 | GPU 697.9 MB | time 0.650 s
Part 6 | Epoch 00012 | Step 00000 | Loss 0.2227 | Train Acc 0.9500 | Speed (samples/sec) 2177.5746 | GPU 693.7 MB | time 0.650 s
Part 3 | Epoch 00012 | Step 00000 | Loss 0.2056 | Train Acc 0.9550 | Speed (samples/sec) 2177.4547 | GPU 697.0 MB | time 0.650 s
Part 16 | Epoch 00012 | Step 00000 | Loss 0.4964 | Train Acc 0.8930 | Speed (samples/sec) 2177.5661 | GPU 696.3 MB | time 0.650 s
Part 19 | Epoch 00012 | Step 00000 | Loss 0.4669 | Train Acc 0.8940 | Speed (samples/sec) 2177.3851 | GPU 690.5 MB | time 0.650 s
Part 26 | Epoch 00012 | Step 00000 | Loss 0.2933 | Train Acc 0.9310 | Speed (samples/sec) 2177.4109 | GPU 703.8 MB | time 0.650 sPart 28 | Epoch 00012 | Step 00000 | Loss 0.3647 | Train Acc 0.9110 | Speed (samples/sec) 2177.5595 | GPU 702.6 MB | time 0.650 s

Part 29 | Epoch 00012 | Step 00000 | Loss 0.2521 | Train Acc 0.9380 | Speed (samples/sec) 2178.1879 | GPU 705.3 MB | time 0.650 s
Part 2 | Epoch 00012 | Step 00000 | Loss 0.2098 | Train Acc 0.9560 | Speed (samples/sec) 2177.3622 | GPU 703.2 MB | time 0.650 s
Part 11 | Epoch 00012 | Step 00000 | Loss 0.4757 | Train Acc 0.8790 | Speed (samples/sec) 2177.4085 | GPU 718.7 MB | time 0.650 s
Part 8 | Epoch 00012 | Step 00000 | Loss 0.3740 | Train Acc 0.9150 | Speed (samples/sec) 2177.4840 | GPU 712.4 MB | time 0.650 s
Part 23 | Epoch 00012 | Step 00000 | Loss 0.5167 | Train Acc 0.8840 | Speed (samples/sec) 2177.7630 | GPU 696.6 MB | time 0.650 s
Part 17 | Epoch 00012 | Step 00000 | Loss 0.4483 | Train Acc 0.8940 | Speed (samples/sec) 2178.6748 | GPU 696.7 MB | time 0.650 s
Part 30 | Epoch 00012 | Step 00000 | Loss 0.3125 | Train Acc 0.9290 | Speed (samples/sec) 2178.9933 | GPU 706.6 MB | time 0.650 s
Part 10 | Epoch 00012 | Step 00000 | Loss 0.4647 | Train Acc 0.8850 | Speed (samples/sec) 2177.4701 | GPU 714.1 MB | time 0.650 s
Part 21 | Epoch 00012 | Step 00000 | Loss 0.5062 | Train Acc 0.8850 | Speed (samples/sec) 2177.8023 | GPU 691.7 MB | time 0.651 s
Part 18 | Epoch 00012 | Step 00000 | Loss 0.4519 | Train Acc 0.9000 | Speed (samples/sec) 2177.6753 | GPU 689.9 MB | time 0.650 s
Part 31 | Epoch 00012 | Step 00000 | Loss 0.3169 | Train Acc 0.9160 | Speed (samples/sec) 2178.4833 | GPU 701.9 MB | time 0.650 s
Part 12 | Epoch 00012 | Step 00000 | Loss 0.4690 | Train Acc 0.8810 | Speed (samples/sec) 2177.6390 | GPU 714.5 MB | time 0.650 s
Part 13 | Epoch 00012 | Step 00000 | Loss 0.4406 | Train Acc 0.8980 | Speed (samples/sec) 2177.8186 | GPU 715.2 MB | time 0.650 s
Part 9 | Epoch 00012 | Step 00000 | Loss 0.4384 | Train Acc 0.8970 | Speed (samples/sec) 2178.7803 | GPU 719.3 MB | time 0.650 s
Part 14 | Epoch 00012 | Step 00000 | Loss 0.4718 | Train Acc 0.8880 | Speed (samples/sec) 2179.2155 | GPU 716.4 MB | time 0.651 s
Part 15 | Epoch 00012 | Step 00000 | Loss 0.3738 | Train Acc 0.8980 | Speed (samples/sec) 2177.8241 | GPU 719.9 MB | time 0.651 s
Part 20 | Epoch 00012 | Step 00000 | Loss 0.5146 | Train Acc 0.8770 | Speed (samples/sec) 2177.6094 | GPU 692.3 MB | time 0.651 s
Part 22 | Epoch 00012 | Step 00000 | Loss 0.4352 | Train Acc 0.8970 | Speed (samples/sec) 2178.9338 | GPU 692.8 MB | time 0.651 s
Avg train acc 0.9142
=====================
Part 2, Epoch Time(s): 2.9044
Sampling Time(s): 0.2926
Loading Time(s): 0.6415
Forward Time(s): 0.1942
Backward Time(s): 0.1570
Update Time(s): 0.0058
Emb Update Time(s): 1.6082
#seeds: 6144
#inputs: 1937411
=====================
=====================
Part 1, Epoch Time(s): 2.9045
Sampling Time(s): 0.3025
Loading Time(s): 0.6275
Forward Time(s): 0.1972
Backward Time(s): 0.1593
Update Time(s): 0.0059
Emb Update Time(s): 1.6075
#seeds: 6144
#inputs: 1932735
==========================================
Part 7, Epoch Time(s): 2.9045
Sampling Time(s): 0.3065
Loading Time(s): 0.5669
Forward Time(s): 0.2520
Backward Time(s): 0.1599
Update Time(s): 0.0051
Emb Update Time(s): 1.6094
#seeds: 6144
#inputs: 1929460
==========================================
Part 6, Epoch Time(s): 2.9045
Sampling Time(s): 0.2948
Loading Time(s): 0.6738
Forward Time(s): 0.1656
Backward Time(s): 0.1522
Update Time(s): 0.0056
Emb Update Time(s): 1.6076
#seeds: 6144
#inputs: 1923271
=====================
=====================
Part 4, Epoch Time(s): 2.9045
Sampling Time(s): 0.2955
Loading Time(s): 0.5038
Forward Time(s): 0.3264
Backward Time(s): 0.1600
Update Time(s): 0.0049
Emb Update Time(s): 1.6093
#seeds: 6145
#inputs: 1927567
=====================


=====================
Part 0, Epoch Time(s): 2.9045
Sampling Time(s): 0.3016
Loading Time(s): 0.6206
Forward Time(s): 0.2037
Backward Time(s): 0.1579
Update Time(s): 0.0059
Emb Update Time(s): 1.6076
#seeds: 6145
#inputs: 1922699
==========================================
Part 5, Epoch Time(s): 2.9046
Sampling Time(s): 0.2843
Loading Time(s): 0.5841
Forward Time(s): 0.2575
Backward Time(s): 0.1600
Update Time(s): 0.0051
Emb Update Time(s): 1.6088
#seeds: 6144
#inputs: 1935347
=====================

=====================
Part 3, Epoch Time(s): 2.9045
Sampling Time(s): 0.2930
Loading Time(s): 0.5948
Forward Time(s): 0.2374
Backward Time(s): 0.1601
Update Time(s): 0.0058
Emb Update Time(s): 1.6084
#seeds: 6144
#inputs: 1926255
=====================
=====================
Part 16, Epoch Time(s): 2.9046
Sampling Time(s): 0.2855
Loading Time(s): 0.5844
Forward Time(s): 0.2557
Backward Time(s): 0.1601
Update Time(s): 0.0043
Emb Update Time(s): 1.6097
#seeds: 6144
#inputs: 1939684
==========================================
Part 23, Epoch Time(s): 2.9045
Sampling Time(s): 0.2931
Loading Time(s): 0.6074
Forward Time(s): 0.2344
Backward Time(s): 0.1505
Update Time(s): 0.0046
Emb Update Time(s): 1.6094
#seeds: 6144
#inputs: 1946060
==========================================
Part 18, Epoch Time(s): 2.9044
Sampling Time(s): 0.3156
Loading Time(s): 0.5083
Forward Time(s): 0.3011
Backward Time(s): 0.1597
Update Time(s): 0.0049
Emb Update Time(s): 1.6098
#seeds: 6144
#inputs: 1912237
==========================================
Part 17, Epoch Time(s): 2.9045
Sampling Time(s): 0.2976
Loading Time(s): 0.5712
Forward Time(s): 0.2564
Backward Time(s): 0.1599
Update Time(s): 0.0051
Emb Update Time(s): 1.6093
#seeds: 6145
#inputs: 1937707
==========================================
Part 19, Epoch Time(s): 2.9045
Sampling Time(s): 0.3064
Loading Time(s): 0.5978
Forward Time(s): 0.2218
Backward Time(s): 0.1597
Update Time(s): 0.0051
Emb Update Time(s): 1.6090
#seeds: 6144
#inputs: 1936448
=====================



=====================
Part 22, Epoch Time(s): 2.9046
Sampling Time(s): 0.3183
Loading Time(s): 0.6135
Forward Time(s): 0.1907
Backward Time(s): 0.1591
Update Time(s): 0.0058
Emb Update Time(s): 1.6101
#seeds: 6145
#inputs: 1929477
=====================

=====================
Part 21, Epoch Time(s): 2.9045
Sampling Time(s): 0.2901
Loading Time(s): 0.5556
Forward Time(s): 0.2786
Backward Time(s): 0.1592
Update Time(s): 0.0050
Emb Update Time(s): 1.6108
#seeds: 6144
#inputs: 1930023
==========================================
Part 20, Epoch Time(s): 2.9046
Sampling Time(s): 0.2846
Loading Time(s): 0.5773
Forward Time(s): 0.2618
Backward Time(s): 0.1595
Update Time(s): 0.0048
Emb Update Time(s): 1.6105
#seeds: 6144
#inputs: 1932463
=====================

=====================
Part 30, Epoch Time(s): 2.9044
Sampling Time(s): 0.3087
Loading Time(s): 0.6273
Forward Time(s): 0.1886
Backward Time(s): 0.1585
Update Time(s): 0.0055
Emb Update Time(s): 1.6106
#seeds: 6145
#inputs: 1975995
==========================================
Part 27, Epoch Time(s): 2.9045
Sampling Time(s): 0.2770
Loading Time(s): 0.6617
Forward Time(s): 0.1875
Backward Time(s): 0.1590
Update Time(s): 0.0046
Emb Update Time(s): 1.6102
#seeds: 6144
#inputs: 1957843
==========================================
Part 28, Epoch Time(s): 2.9046
Sampling Time(s): 0.2899
Loading Time(s): 0.6444
Forward Time(s): 0.1914
Backward Time(s): 0.1588
Update Time(s): 0.0048
Emb Update Time(s): 1.6105
#seeds: 6144
#inputs: 1970584
=====================

=====================
Part 26, Epoch Time(s): 2.9046
Sampling Time(s): 0.2903
Loading Time(s): 0.6538
Forward Time(s): 0.1814
Backward Time(s): 0.1591
Update Time(s): 0.0054
Emb Update Time(s): 1.6095
#seeds: 6144
#inputs: 1966151
=====================
=====================
Part 29, Epoch Time(s): 2.9045
Sampling Time(s): 0.2929
Loading Time(s): 0.6021
Forward Time(s): 0.2388
Backward Time(s): 0.1510
Update Time(s): 0.0055
Emb Update Time(s): 1.6091
#seeds: 6144
#inputs: 1961492
==========================================
Part 31, Epoch Time(s): 2.9045
Sampling Time(s): 0.2944
Loading Time(s): 0.6360
Forward Time(s): 0.1933
Backward Time(s): 0.1583
Update Time(s): 0.0056
Emb Update Time(s): 1.6111
#seeds: 6144
#inputs: 1971460
==========================================
Part 25, Epoch Time(s): 2.9045
Sampling Time(s): 0.2900
Loading Time(s): 0.6123
Forward Time(s): 0.2253
Backward Time(s): 0.1571
Update Time(s): 0.0044
Emb Update Time(s): 1.6105
#seeds: 6144
#inputs: 1984687
=====================



=====================
Part 24, Epoch Time(s): 2.9045
Sampling Time(s): 0.2912
Loading Time(s): 0.6697
Forward Time(s): 0.1742
Backward Time(s): 0.1517
Update Time(s): 0.0048
Emb Update Time(s): 1.6083
#seeds: 6144
#inputs: 1962222
=====================
=====================
Part 11, Epoch Time(s): 2.9044
Sampling Time(s): 0.3126
Loading Time(s): 0.5984
Forward Time(s): 0.2150
Backward Time(s): 0.1590
Update Time(s): 0.0048
Emb Update Time(s): 1.6101
#seeds: 6144
#inputs: 2030217
==========================================
Part 10, Epoch Time(s): 2.9045
Sampling Time(s): 0.3271
Loading Time(s): 0.6635
Forward Time(s): 0.1404
Backward Time(s): 0.1535
Update Time(s): 0.0046
Emb Update Time(s): 1.6106
#seeds: 6144
#inputs: 2045310
==========================================
Part 13, Epoch Time(s): 2.9044
Sampling Time(s): 0.3656
Loading Time(s): 0.6398
Forward Time(s): 0.1230
Backward Time(s): 0.1557
Update Time(s): 0.0049
Emb Update Time(s): 1.6106
#seeds: 6144
#inputs: 2049036
==========================================
Part 8, Epoch Time(s): 2.9045
Sampling Time(s): 0.3759
Loading Time(s): 0.6104
Forward Time(s): 0.1393
Backward Time(s): 0.1598
Update Time(s): 0.0084
Emb Update Time(s): 1.6060
#seeds: 6144
#inputs: 2022686
=====================
=====================
Part 14, Epoch Time(s): 2.9044
Sampling Time(s): 0.3059
Loading Time(s): 0.6442
Forward Time(s): 0.1735
Backward Time(s): 0.1589
Update Time(s): 0.0053
Emb Update Time(s): 1.6109
#seeds: 6145
#inputs: 2035544
=====================
=====================
Part 9, Epoch Time(s): 2.9045
Sampling Time(s): 0.3794
Loading Time(s): 0.6202
Forward Time(s): 0.1371
Backward Time(s): 0.1500
Update Time(s): 0.0047
Emb Update Time(s): 1.6083
#seeds: 6145
#inputs: 2031924
=====================
=====================
Part 12, Epoch Time(s): 2.9045
Sampling Time(s): 0.3511
Loading Time(s): 0.6453
Forward Time(s): 0.1322
Backward Time(s): 0.1547
Update Time(s): 0.0051
Emb Update Time(s): 1.6109
#seeds: 6144
#inputs: 2042746
=====================

=====================
Part 15, Epoch Time(s): 2.9043
Sampling Time(s): 0.3150
Loading Time(s): 0.6593
Forward Time(s): 0.1580
Backward Time(s): 0.1513
Update Time(s): 0.0055
Emb Update Time(s): 1.6097
#seeds: 6144
#inputs: 2047862
=====================


Part 1 | Epoch 00013 | Step 00000 | Loss 0.1809 | Train Acc 0.9520 | Speed (samples/sec) 2169.2854 | GPU 695.3 MB | time 0.667 s
Part 2 | Epoch 00013 | Step 00000 | Loss 0.2014 | Train Acc 0.9470 | Speed (samples/sec) 2169.7836 | GPU 703.2 MB | time 0.667 s
Part 0 | Epoch 00013 | Step 00000 | Loss 0.1845 | Train Acc 0.9560 | Speed (samples/sec) 2172.2957 | GPU 692.8 MB | time 0.667 sPart 5 | Epoch 00013 | Step 00000 | Loss 0.2320 | Train Acc 0.9500 | Speed (samples/sec) 2170.1783 | GPU 698.9 MB | time 0.667 s

Part 7 | Epoch 00013 | Step 00000 | Loss 0.2061 | Train Acc 0.9470 | Speed (samples/sec) 2170.4033 | GPU 697.9 MB | time 0.667 s
Part 19 | Epoch 00013 | Step 00000 | Loss 0.5146 | Train Acc 0.8790 | Speed (samples/sec) 2169.7572 | GPU 694.3 MB | time 0.667 s
Part 4 | Epoch 00013 | Step 00000 | Loss 0.2407 | Train Acc 0.9420 | Speed (samples/sec) 2171.6308 | GPU 699.5 MB | time 0.667 s
Part 3 | Epoch 00013 | Step 00000 | Loss 0.2158 | Train Acc 0.9520 | Speed (samples/sec) 2169.8410 | GPU 697.0 MB | time 0.667 s
Part 11 | Epoch 00013 | Step 00000 | Loss 0.3760 | Train Acc 0.9020 | Speed (samples/sec) 2169.7725 | GPU 718.7 MB | time 0.667 sPart 10 | Epoch 00013 | Step 00000 | Loss 0.3715 | Train Acc 0.9090 | Speed (samples/sec) 2169.8698 | GPU 714.1 MB | time 0.667 s

Part 14 | Epoch 00013 | Step 00000 | Loss 0.4279 | Train Acc 0.8840 | Speed (samples/sec) 2171.6588 | GPU 716.4 MB | time 0.667 s
Part 13 | Epoch 00013 | Step 00000 | Loss 0.3945 | Train Acc 0.9030 | Speed (samples/sec) 2170.1924 | GPU 715.2 MB | time 0.667 s
Part 9 | Epoch 00013 | Step 00000 | Loss 0.4122 | Train Acc 0.8990 | Speed (samples/sec) 2171.1758 | GPU 719.3 MB | time 0.667 sPart 23 | Epoch 00013 | Step 00000 | Loss 0.4256 | Train Acc 0.8900 | Speed (samples/sec) 2170.1565 | GPU 696.6 MB | time 0.667 s
Part 20 | Epoch 00013 | Step 00000 | Loss 0.4044 | Train Acc 0.9010 | Speed (samples/sec) 2170.0386 | GPU 692.3 MB | time 0.667 s

Part 16 | Epoch 00013 | Step 00000 | Loss 0.3924 | Train Acc 0.9000 | Speed (samples/sec) 2169.9728 | GPU 696.3 MB | time 0.667 s
Part 12 | Epoch 00013 | Step 00000 | Loss 0.3903 | Train Acc 0.9010 | Speed (samples/sec) 2170.1048 | GPU 714.5 MB | time 0.667 s
Part 18 | Epoch 00013 | Step 00000 | Loss 0.4852 | Train Acc 0.8790 | Speed (samples/sec) 2170.0925 | GPU 689.9 MB | time 0.667 s
Part 17 | Epoch 00013 | Step 00000 | Loss 0.4744 | Train Acc 0.8770 | Speed (samples/sec) 2171.0913 | GPU 696.7 MB | time 0.667 s
Part 30 | Epoch 00013 | Step 00000 | Loss 0.3022 | Train Acc 0.9220 | Speed (samples/sec) 2171.4271 | GPU 706.6 MB | time 0.667 s
Part 26 | Epoch 00013 | Step 00000 | Loss 0.2772 | Train Acc 0.9300 | Speed (samples/sec) 2169.8115 | GPU 703.8 MB | time 0.667 s
Part 27 | Epoch 00013 | Step 00000 | Loss 0.2908 | Train Acc 0.9260 | Speed (samples/sec) 2169.7914 | GPU 701.6 MB | time 0.667 sPart 25 | Epoch 00013 | Step 00000 | Loss 0.3405 | Train Acc 0.9270 | Speed (samples/sec) 2169.9999 | GPU 703.5 MB | time 0.667 s

Part 29 | Epoch 00013 | Step 00000 | Loss 0.2769 | Train Acc 0.9380 | Speed (samples/sec) 2170.5496 | GPU 705.3 MB | time 0.667 s
Part 28 | Epoch 00013 | Step 00000 | Loss 0.3184 | Train Acc 0.9270 | Speed (samples/sec) 2169.9203 | GPU 702.6 MB | time 0.667 s
Part 6 | Epoch 00013 | Step 00000 | Loss 0.1933 | Train Acc 0.9530 | Speed (samples/sec) 2169.9696 | GPU 693.7 MB | time 0.667 s
Part 24 | Epoch 00013 | Step 00000 | Loss 0.2434 | Train Acc 0.9400 | Speed (samples/sec) 2169.7403 | GPU 701.9 MB | time 0.667 s
Part 8 | Epoch 00013 | Step 00000 | Loss 0.3983 | Train Acc 0.9030 | Speed (samples/sec) 2169.8552 | GPU 712.4 MB | time 0.667 s
Part 31 | Epoch 00013 | Step 00000 | Loss 0.2585 | Train Acc 0.9400 | Speed (samples/sec) 2170.9286 | GPU 703.8 MB | time 0.667 s
Part 21 | Epoch 00013 | Step 00000 | Loss 0.4394 | Train Acc 0.8950 | Speed (samples/sec) 2170.2306 | GPU 691.7 MB | time 0.667 s
Part 15 | Epoch 00013 | Step 00000 | Loss 0.3861 | Train Acc 0.9000 | Speed (samples/sec) 2170.2933 | GPU 719.9 MB | time 0.668 s
Part 22 | Epoch 00013 | Step 00000 | Loss 0.3918 | Train Acc 0.9000 | Speed (samples/sec) 2171.4759 | GPU 692.8 MB | time 0.667 s
Avg train acc 0.9178
=====================
Part 0, Epoch Time(s): 2.7486
Sampling Time(s): 0.3056
Loading Time(s): 0.5319
Forward Time(s): 0.3063
Backward Time(s): 0.1576
Update Time(s): 0.0044
Emb Update Time(s): 1.4370
#seeds: 6145
#inputs: 1920102
=====================
=====================
Part 7, Epoch Time(s): 2.7487
Sampling Time(s): 0.3201
Loading Time(s): 0.5588
Forward Time(s): 0.2662
Backward Time(s): 0.1568
Update Time(s): 0.0056
Emb Update Time(s): 1.4366
#seeds: 6144
#inputs: 1935454
==========================================
Part 4, Epoch Time(s): 2.7487
Sampling Time(s): 0.2811
Loading Time(s): 0.5303
Forward Time(s): 0.3334
Backward Time(s): 0.1571
Update Time(s): 0.0053
Emb Update Time(s): 1.4368
#seeds: 6145
#inputs: 1933706
=====================
=====================
Part 6, Epoch Time(s): 2.7487
Sampling Time(s): 0.3069
Loading Time(s): 0.5822
Forward Time(s): 0.2554
Backward Time(s): 0.1570
Update Time(s): 0.0055
Emb Update Time(s): 1.4366
#seeds: 6144
#inputs: 1923603
==========================================
Part 5, Epoch Time(s): 2.7487
Sampling Time(s): 0.2965
Loading Time(s): 0.5975
Forward Time(s): 0.2512
Backward Time(s): 0.1570
Update Time(s): 0.0052
Emb Update Time(s): 1.4368
#seeds: 6144
#inputs: 1943428
=====================
=====================
Part 3, Epoch Time(s): 2.7486
Sampling Time(s): 0.2945
Loading Time(s): 0.5828
Forward Time(s): 0.2679
Backward Time(s): 0.1571
Update Time(s): 0.0049
Emb Update Time(s): 1.4368
#seeds: 6144
#inputs: 1924082
=====================
=====================
Part 2, Epoch Time(s): 2.7487
Sampling Time(s): 0.3062
Loading Time(s): 0.6400
Forward Time(s): 0.1990
Backward Time(s): 0.1573
Update Time(s): 0.0049
Emb Update Time(s): 1.4366
#seeds: 6144
#inputs: 1936648
=====================


=====================
Part 1, Epoch Time(s): 2.7488
Sampling Time(s): 0.3048
Loading Time(s): 0.5959
Forward Time(s): 0.2445
Backward Time(s): 0.1576
Update Time(s): 0.0058
Emb Update Time(s): 1.4358
#seeds: 6144
#inputs: 1928310
=====================
=====================
Part 17, Epoch Time(s): 2.7487
Sampling Time(s): 0.2843
Loading Time(s): 0.5501
Forward Time(s): 0.3107
Backward Time(s): 0.1568
Update Time(s): 0.0047
Emb Update Time(s): 1.4374
#seeds: 6145
#inputs: 1932521
==========================================
Part 16, Epoch Time(s): 2.7487
Sampling Time(s): 0.2848
Loading Time(s): 0.6069
Forward Time(s): 0.2533
Backward Time(s): 0.1568
Update Time(s): 0.0055
Emb Update Time(s): 1.4365
#seeds: 6144
#inputs: 1940154
==========================================
Part 19, Epoch Time(s): 2.7487
Sampling Time(s): 0.2983
Loading Time(s): 0.6121
Forward Time(s): 0.2351
Backward Time(s): 0.1564
Update Time(s): 0.0049
Emb Update Time(s): 1.4376
#seeds: 6144
#inputs: 1937719
=====================


=====================
Part 18, Epoch Time(s): 2.7487
Sampling Time(s): 0.3032
Loading Time(s): 0.5132
Forward Time(s): 0.3283
Backward Time(s): 0.1566
Update Time(s): 0.0052
Emb Update Time(s): 1.4372
#seeds: 6144
#inputs: 1907901
==========================================
Part 23, Epoch Time(s): 2.7487
Sampling Time(s): 0.2775
Loading Time(s): 0.5715
Forward Time(s): 0.2955
Backward Time(s): 0.1557
Update Time(s): 0.0051
Emb Update Time(s): 1.4385
#seeds: 6144
#inputs: 1945555
==========================================
Part 20, Epoch Time(s): 2.7486
Sampling Time(s): 0.3018
Loading Time(s): 0.6155
Forward Time(s): 0.2288
Backward Time(s): 0.1545
Update Time(s): 0.0055
Emb Update Time(s): 1.4377
#seeds: 6144
#inputs: 1928129
==========================================
Part 22, Epoch Time(s): 2.7487
Sampling Time(s): 0.2846
Loading Time(s): 0.6644
Forward Time(s): 0.2106
Backward Time(s): 0.1415
Update Time(s): 0.0050
Emb Update Time(s): 1.4371
#seeds: 6145
#inputs: 1931035
=====================



=====================
Part 21, Epoch Time(s): 2.7488
Sampling Time(s): 0.3019
Loading Time(s): 0.5845
Forward Time(s): 0.2533
Backward Time(s): 0.1561
Update Time(s): 0.0068
Emb Update Time(s): 1.4402
#seeds: 6144
#inputs: 1924646
=====================
=====================
Part 11, Epoch Time(s): 2.7487
Sampling Time(s): 0.2848
Loading Time(s): 0.6300
Forward Time(s): 0.2397
Backward Time(s): 0.1473
Update Time(s): 0.0047
Emb Update Time(s): 1.4377
#seeds: 6144
#inputs: 2038385
==========================================
Part 8, Epoch Time(s): 2.7487
Sampling Time(s): 0.2846
Loading Time(s): 0.6839
Forward Time(s): 0.1811
Backward Time(s): 0.1518
Update Time(s): 0.0051
Emb Update Time(s): 1.4374
#seeds: 6144
#inputs: 2032426
==========================================
Part 10, Epoch Time(s): 2.7487
Sampling Time(s): 0.2995
Loading Time(s): 0.6233
Forward Time(s): 0.2222
Backward Time(s): 0.1568
Update Time(s): 0.0049
Emb Update Time(s): 1.4376
#seeds: 6144
#inputs: 2040800
==========================================
Part 13, Epoch Time(s): 2.7487
Sampling Time(s): 0.3146
Loading Time(s): 0.6711
Forward Time(s): 0.1723
Backward Time(s): 0.1449
Update Time(s): 0.0049
Emb Update Time(s): 1.4365
#seeds: 6144
#inputs: 2050054
=====================
=====================
Part 9, Epoch Time(s): 2.7486
Sampling Time(s): 0.3047
Loading Time(s): 0.6878
Forward Time(s): 0.1624
Backward Time(s): 0.1488
Update Time(s): 0.0048
Emb Update Time(s): 1.4357
#seeds: 6145
#inputs: 2037932
=====================

=====================
Part 12, Epoch Time(s): 2.7487
Sampling Time(s): 0.2907
Loading Time(s): 0.6505
Forward Time(s): 0.2068
Backward Time(s): 0.1523
Update Time(s): 0.0050
Emb Update Time(s): 1.4387
#seeds: 6144
#inputs: 2042098
=====================

=====================
Part 14, Epoch Time(s): 2.7487
Sampling Time(s): 0.2834
Loading Time(s): 0.6464
Forward Time(s): 0.2151
Backward Time(s): 0.1559
Update Time(s): 0.0051
Emb Update Time(s): 1.4383
#seeds: 6145
#inputs: 2033191
==========================================
Part 15, Epoch Time(s): 2.7488
Sampling Time(s): 0.3007
Loading Time(s): 0.6329
Forward Time(s): 0.2098
Backward Time(s): 0.1558
Update Time(s): 0.0051
Emb Update Time(s): 1.4395
#seeds: 6144
#inputs: 2048419
=====================


=====================
Part 24, Epoch Time(s): 2.7486
Sampling Time(s): 0.2846
Loading Time(s): 0.6393
Forward Time(s): 0.2293
Backward Time(s): 0.1500
Update Time(s): 0.0051
Emb Update Time(s): 1.4359
#seeds: 6144
#inputs: 1958244
==========================================
Part 25, Epoch Time(s): 2.7487
Sampling Time(s): 0.2829
Loading Time(s): 0.5684
Forward Time(s): 0.2935
Backward Time(s): 0.1560
Update Time(s): 0.0048
Emb Update Time(s): 1.4386
#seeds: 6144
#inputs: 1983470
==========================================
Part 26, Epoch Time(s): 2.7487
Sampling Time(s): 0.2781
Loading Time(s): 0.5978
Forward Time(s): 0.2692
Backward Time(s): 0.1559
Update Time(s): 0.0050
Emb Update Time(s): 1.4382
#seeds: 6144
#inputs: 1971449
==========================================
Part 29, Epoch Time(s): 2.7487
Sampling Time(s): 0.2868
Loading Time(s): 0.5669
Forward Time(s): 0.2908
Backward Time(s): 0.1555
Update Time(s): 0.0053
Emb Update Time(s): 1.4387
#seeds: 6144
#inputs: 1960682
==========================================
Part 28, Epoch Time(s): 2.7487
Sampling Time(s): 0.2740
Loading Time(s): 0.6184
Forward Time(s): 0.2524
Backward Time(s): 0.1556
Update Time(s): 0.0049
Emb Update Time(s): 1.4389
#seeds: 6144
#inputs: 1970687
==========================================
Part 27, Epoch Time(s): 2.7487
Sampling Time(s): 0.3886
Loading Time(s): 0.6109
Forward Time(s): 0.1545
Backward Time(s): 0.1487
Update Time(s): 0.0051
Emb Update Time(s): 1.4363
#seeds: 6144
#inputs: 1966354
=====================





=====================
Part 30, Epoch Time(s): 2.7487
Sampling Time(s): 0.3055
Loading Time(s): 0.6221
Forward Time(s): 0.2176
Backward Time(s): 0.1542
Update Time(s): 0.0066
Emb Update Time(s): 1.4378
#seeds: 6145
#inputs: 1976249
==========================================
Part 31, Epoch Time(s): 2.7487
Sampling Time(s): 0.2916
Loading Time(s): 0.6382
Forward Time(s): 0.2231
Backward Time(s): 0.1481
Update Time(s): 0.0054
Emb Update Time(s): 1.4371
#seeds: 6144
#inputs: 1975765
=====================

Part 18 | Epoch 00014 | Step 00000 | Loss 0.4474 | Train Acc 0.8870 | Speed (samples/sec) 2182.9194 | GPU 689.9 MB | time 0.656 s
Part 17 | Epoch 00014 | Step 00000 | Loss 0.3651 | Train Acc 0.9030 | Speed (samples/sec) 2183.8877 | GPU 696.7 MB | time 0.656 s
Part 19 | Epoch 00014 | Step 00000 | Loss 0.4641 | Train Acc 0.9040 | Speed (samples/sec) 2182.5449 | GPU 694.3 MB | time 0.656 s
Part 16 | Epoch 00014 | Step 00000 | Loss 0.4158 | Train Acc 0.8970 | Speed (samples/sec) 2182.7876 | GPU 696.3 MB | time 0.656 s
Part 23 | Epoch 00014 | Step 00000 | Loss 0.3380 | Train Acc 0.9140 | Speed (samples/sec) 2182.9617 | GPU 696.6 MB | time 0.656 s
Part 21 | Epoch 00014 | Step 00000 | Loss 0.3747 | Train Acc 0.9050 | Speed (samples/sec) 2183.1360 | GPU 691.7 MB | time 0.656 s
Part 10 | Epoch 00014 | Step 00000 | Loss 0.2843 | Train Acc 0.9270 | Speed (samples/sec) 2182.7120 | GPU 714.1 MB | time 0.656 s
Part 4 | Epoch 00014 | Step 00000 | Loss 0.2185 | Train Acc 0.9470 | Speed (samples/sec) 2184.4321 | GPU 699.5 MB | time 0.656 s
Part 0 | Epoch 00014 | Step 00000 | Loss 0.1617 | Train Acc 0.9650 | Speed (samples/sec) 2185.0889 | GPU 692.8 MB | time 0.656 s
Part 7 | Epoch 00014 | Step 00000 | Loss 0.2050 | Train Acc 0.9500 | Speed (samples/sec) 2183.1724 | GPU 697.9 MB | time 0.656 s
Part 11 | Epoch 00014 | Step 00000 | Loss 0.3137 | Train Acc 0.9200 | Speed (samples/sec) 2182.5831 | GPU 718.7 MB | time 0.656 s
Part 9 | Epoch 00014 | Step 00000 | Loss 0.4124 | Train Acc 0.9020 | Speed (samples/sec) 2183.9604 | GPU 719.3 MB | time 0.656 sPart 13 | Epoch 00014 | Step 00000 | Loss 0.3303 | Train Acc 0.9090 | Speed (samples/sec) 2182.9989 | GPU 715.2 MB | time 0.656 s

Part 8 | Epoch 00014 | Step 00000 | Loss 0.3682 | Train Acc 0.9070 | Speed (samples/sec) 2182.7141 | GPU 712.4 MB | time 0.656 s
Part 26 | Epoch 00014 | Step 00000 | Loss 0.2196 | Train Acc 0.9450 | Speed (samples/sec) 2182.6456 | GPU 703.8 MB | time 0.656 s
Part 25 | Epoch 00014 | Step 00000 | Loss 0.2963 | Train Acc 0.9320 | Speed (samples/sec) 2182.7923 | GPU 703.5 MB | time 0.656 s
Part 3 | Epoch 00014 | Step 00000 | Loss 0.1687 | Train Acc 0.9610 | Speed (samples/sec) 2182.6380 | GPU 697.0 MB | time 0.656 sPart 2 | Epoch 00014 | Step 00000 | Loss 0.1813 | Train Acc 0.9550 | Speed (samples/sec) 2182.5963 | GPU 703.2 MB | time 0.656 s
Part 20 | Epoch 00014 | Step 00000 | Loss 0.4205 | Train Acc 0.8930 | Speed (samples/sec) 2182.8902 | GPU 692.3 MB | time 0.656 s
Part 5 | Epoch 00014 | Step 00000 | Loss 0.1833 | Train Acc 0.9540 | Speed (samples/sec) 2182.9637 | GPU 698.9 MB | time 0.656 s
Part 29 | Epoch 00014 | Step 00000 | Loss 0.2760 | Train Acc 0.9420 | Speed (samples/sec) 2183.3435 | GPU 705.3 MB | time 0.656 s
Part 12 | Epoch 00014 | Step 00000 | Loss 0.3882 | Train Acc 0.9000 | Speed (samples/sec) 2182.9585 | GPU 714.5 MB | time 0.656 s

Part 15 | Epoch 00014 | Step 00000 | Loss 0.3965 | Train Acc 0.8900 | Speed (samples/sec) 2183.1663 | GPU 719.9 MB | time 0.656 s
Part 31 | Epoch 00014 | Step 00000 | Loss 0.2693 | Train Acc 0.9300 | Speed (samples/sec) 2183.7126 | GPU 703.8 MB | time 0.656 s
Part 28 | Epoch 00014 | Step 00000 | Loss 0.2287 | Train Acc 0.9380 | Speed (samples/sec) 2182.7405 | GPU 702.6 MB | time 0.656 s
Part 22 | Epoch 00014 | Step 00000 | Loss 0.3619 | Train Acc 0.9100 | Speed (samples/sec) 2184.3265 | GPU 692.8 MB | time 0.656 s
Part 14 | Epoch 00014 | Step 00000 | Loss 0.3694 | Train Acc 0.9000 | Speed (samples/sec) 2184.4390 | GPU 716.4 MB | time 0.656 s
Part 27 | Epoch 00014 | Step 00000 | Loss 0.2790 | Train Acc 0.9400 | Speed (samples/sec) 2182.6252 | GPU 701.6 MB | time 0.656 s
Part 30 | Epoch 00014 | Step 00000 | Loss 0.2407 | Train Acc 0.9360 | Speed (samples/sec) 2184.2511 | GPU 706.6 MB | time 0.656 s
Part 1 | Epoch 00014 | Step 00000 | Loss 0.1288 | Train Acc 0.9660 | Speed (samples/sec) 2182.1104 | GPU 695.3 MB | time 0.656 s
Part 24 | Epoch 00014 | Step 00000 | Loss 0.2340 | Train Acc 0.9420 | Speed (samples/sec) 2182.5763 | GPU 701.9 MB | time 0.656 s
Part 6 | Epoch 00014 | Step 00000 | Loss 0.2176 | Train Acc 0.9520 | Speed (samples/sec) 2182.8053 | GPU 693.7 MB | time 0.656 s
Avg train acc 0.9257
=====================
Part 0, Epoch Time(s): 2.3391
Sampling Time(s): 0.2880
Loading Time(s): 0.5540
Forward Time(s): 0.2774
Backward Time(s): 0.1538
Update Time(s): 0.0043
Emb Update Time(s): 1.0522
#seeds: 6145
#inputs: 1919683
==========================================
Part 4, Epoch Time(s): 2.3391
Sampling Time(s): 0.3084
Loading Time(s): 0.5008
Forward Time(s): 0.3069
Backward Time(s): 0.1572
Update Time(s): 0.0055
Emb Update Time(s): 1.0517
#seeds: 6145
#inputs: 1928662
=====================
=====================
Part 2, Epoch Time(s): 2.3392
Sampling Time(s): 0.3044
Loading Time(s): 0.5980
Forward Time(s): 0.2134
Backward Time(s): 0.1577
Update Time(s): 0.0051
Emb Update Time(s): 1.0519
#seeds: 6144
#inputs: 1940045
=====================

=====================
Part 7, Epoch Time(s): 2.3391
Sampling Time(s): 0.3277
Loading Time(s): 0.5431
Forward Time(s): 0.2448
Backward Time(s): 0.1568
Update Time(s): 0.0054
Emb Update Time(s): 1.0526
#seeds: 6144
#inputs: 1937717
==========================================
Part 5, Epoch Time(s): 2.3390
Sampling Time(s): 0.3169
Loading Time(s): 0.5599
Forward Time(s): 0.2389
Backward Time(s): 0.1570
Update Time(s): 0.0047
Emb Update Time(s): 1.0529
#seeds: 6144
#inputs: 1935862
=====================
=====================
Part 3, Epoch Time(s): 2.3391
Sampling Time(s): 0.3094
Loading Time(s): 0.6052
Forward Time(s): 0.2008
Backward Time(s): 0.1574
Update Time(s): 0.0048
Emb Update Time(s): 1.0527
#seeds: 6144
#inputs: 1926668
=====================
=====================
Part 1, Epoch Time(s): 2.3392
Sampling Time(s): 0.3063
Loading Time(s): 0.5823
Forward Time(s): 0.2286
Backward Time(s): 0.1553
Update Time(s): 0.0053
Emb Update Time(s): 1.0527
#seeds: 6144
#inputs: 1937453
=====================

=====================
Part 22, Epoch Time(s): 2.3391
Sampling Time(s): 0.2865
Loading Time(s): 0.5890
Forward Time(s): 0.2413
Backward Time(s): 0.1549
Update Time(s): 0.0050
Emb Update Time(s): 1.0536
#seeds: 6145
#inputs: 1928310
==========================================
Part 17, Epoch Time(s): 2.3391
Sampling Time(s): 0.2919
Loading Time(s): 0.6283
Forward Time(s): 0.1948
Backward Time(s): 0.1573
Update Time(s): 0.0055
Emb Update Time(s): 1.0527
#seeds: 6145
#inputs: 1939640
==========================================
Part 23, Epoch Time(s): 2.3392
Sampling Time(s): 0.2768
Loading Time(s): 0.5656
Forward Time(s): 0.2826
Backward Time(s): 0.1480
Update Time(s): 0.0047
Emb Update Time(s): 1.0530
#seeds: 6144
#inputs: 1947591
==========================================
Part 18, Epoch Time(s): 2.3391
Sampling Time(s): 0.2853
Loading Time(s): 0.5444
Forward Time(s): 0.2864
Backward Time(s): 0.1573
Update Time(s): 0.0045
Emb Update Time(s): 1.0528
#seeds: 6144
#inputs: 1913523
==========================================
Part 21, Epoch Time(s): 2.3392
Sampling Time(s): 0.2808
Loading Time(s): 0.4982
Forward Time(s): 0.3360
Backward Time(s): 0.1563
Update Time(s): 0.0052
Emb Update Time(s): 1.0585
#seeds: 6144
#inputs: 1931787
==========================================
Part 19, Epoch Time(s): 2.3391
Sampling Time(s): 0.2947
Loading Time(s): 0.6191
Forward Time(s): 0.2020
Backward Time(s): 0.1573
Update Time(s): 0.0050
Emb Update Time(s): 1.0526
#seeds: 6144
#inputs: 1928173
=====================
=====================
Part 20, Epoch Time(s): 2.3391
Sampling Time(s): 0.2902
Loading Time(s): 0.5729
Forward Time(s): 0.2525
Backward Time(s): 0.1571
Update Time(s): 0.0048
Emb Update Time(s): 1.0529
#seeds: 6144
#inputs: 1931011
=====================



=====================
Part 16, Epoch Time(s): 2.3392
Sampling Time(s): 0.2996
Loading Time(s): 0.5926
Forward Time(s): 0.2295
Backward Time(s): 0.1512
Update Time(s): 0.0053
Emb Update Time(s): 1.0522
#seeds: 6144
#inputs: 1936472
=====================


=====================
Part 9, Epoch Time(s): 2.3391
Sampling Time(s): 0.3120
Loading Time(s): 0.6336
Forward Time(s): 0.1755
Backward Time(s): 0.1511
Update Time(s): 0.0045
Emb Update Time(s): 1.0538
#seeds: 6145
#inputs: 2037538
==========================================
Part 12, Epoch Time(s): 2.3391
Sampling Time(s): 0.3145
Loading Time(s): 0.6503
Forward Time(s): 0.1512
Backward Time(s): 0.1559
Update Time(s): 0.0054
Emb Update Time(s): 1.0533
#seeds: 6144
#inputs: 2044420
==========================================
Part 11, Epoch Time(s): 2.3391
Sampling Time(s): 0.2820
Loading Time(s): 0.6323
Forward Time(s): 0.2102
Backward Time(s): 0.1496
Update Time(s): 0.0053
Emb Update Time(s): 1.0512
#seeds: 6144
#inputs: 2032387
==========================================
Part 14, Epoch Time(s): 2.3391
Sampling Time(s): 0.3309
Loading Time(s): 0.5914
Forward Time(s): 0.1934
Backward Time(s): 0.1555
Update Time(s): 0.0052
Emb Update Time(s): 1.0541
#seeds: 6145
#inputs: 2032702
=====================



=====================
Part 15, Epoch Time(s): 2.3392
Sampling Time(s): 0.3056
Loading Time(s): 0.6051
Forward Time(s): 0.2046
Backward Time(s): 0.1555
Update Time(s): 0.0055
Emb Update Time(s): 1.0540
#seeds: 6144
#inputs: 2045167
==========================================
Part 10, Epoch Time(s): 2.3392
Sampling Time(s): 0.3444
Loading Time(s): 0.6551
Forward Time(s): 0.1308
Backward Time(s): 0.1445
Update Time(s): 0.0051
Emb Update Time(s): 1.0509
#seeds: 6144
#inputs: 2042453
=====================

=====================
Part 8, Epoch Time(s): 2.3391
Sampling Time(s): 0.3587
Loading Time(s): 0.6379
Forward Time(s): 0.1209
Backward Time(s): 0.1551
Update Time(s): 0.0049
Emb Update Time(s): 1.0532
#seeds: 6144
#inputs: 2021245
=====================
=====================
Part 13, Epoch Time(s): 2.3392
Sampling Time(s): 0.3147
Loading Time(s): 0.6470
Forward Time(s): 0.1600
Backward Time(s): 0.1498
Update Time(s): 0.0051
Emb Update Time(s): 1.0540
#seeds: 6144
#inputs: 2047007
=====================
=====================
Part 26, Epoch Time(s): 2.3390
Sampling Time(s): 0.2940
Loading Time(s): 0.6519
Forward Time(s): 0.1795
Backward Time(s): 0.1485
Update Time(s): 0.0054
Emb Update Time(s): 1.0511
#seeds: 6144
#inputs: 1967772
==========================================
Part 27, Epoch Time(s): 2.3391
Sampling Time(s): 0.3809
Loading Time(s): 0.6226
Forward Time(s): 0.1209
Backward Time(s): 0.1485
Update Time(s): 0.0048
Emb Update Time(s): 1.0525
#seeds: 6144
#inputs: 1957937
==========================================
Part 24, Epoch Time(s): 2.3390
Sampling Time(s): 0.2956
Loading Time(s): 0.6196
Forward Time(s): 0.1999
Backward Time(s): 0.1571
Update Time(s): 0.0046
Emb Update Time(s): 1.0534
#seeds: 6144
#inputs: 1958895
==========================================
Part 25, Epoch Time(s): 2.3390
Sampling Time(s): 0.2913
Loading Time(s): 0.5943
Forward Time(s): 0.2318
Backward Time(s): 0.1543
Update Time(s): 0.0044
Emb Update Time(s): 1.0542
#seeds: 6144
#inputs: 1978522
==========================================
Part 28, Epoch Time(s): 2.3390
Sampling Time(s): 0.2923
Loading Time(s): 0.6526
Forward Time(s): 0.1839
Backward Time(s): 0.1446
Update Time(s): 0.0052
Emb Update Time(s): 1.0517
#seeds: 6144
#inputs: 1976769
=====================
=====================
Part 31, Epoch Time(s): 2.3389
Sampling Time(s): 0.3196
Loading Time(s): 0.6812
Forward Time(s): 0.1250
Backward Time(s): 0.1452
Update Time(s): 0.0048
Emb Update Time(s): 1.0544
#seeds: 6144
#inputs: 1979150
=====================

=====================
Part 29, Epoch Time(s): 2.3390
Sampling Time(s): 0.3084
Loading Time(s): 0.5528
Forward Time(s): 0.2543
Backward Time(s): 0.1557
Update Time(s): 0.0049
Emb Update Time(s): 1.0542
#seeds: 6144
#inputs: 1963134
=====================



=====================
Part 30, Epoch Time(s): 2.3390
Sampling Time(s): 0.3012
Loading Time(s): 0.6460
Forward Time(s): 0.1722
Backward Time(s): 0.1514
Update Time(s): 0.0067
Emb Update Time(s): 1.0525
#seeds: 6145
#inputs: 1971682
=====================
=====================
Part 6, Epoch Time(s): 2.3390
Sampling Time(s): 0.2970
Loading Time(s): 0.6191
Forward Time(s): 0.1992
Backward Time(s): 0.1566
Update Time(s): 0.0050
Emb Update Time(s): 1.0531
#seeds: 6144
#inputs: 1924643
=====================
Part 0 | Epoch 00015 | Step 00000 | Loss 0.2105 | Train Acc 0.9540 | Speed (samples/sec) 2234.6812 | GPU 692.8 MB | time 0.792 s
Part 5 | Epoch 00015 | Step 00000 | Loss 0.1864 | Train Acc 0.9590 | Speed (samples/sec) 2232.6028 | GPU 698.9 MB | time 0.792 s
Part 7 | Epoch 00015 | Step 00000 | Loss 0.1847 | Train Acc 0.9520 | Speed (samples/sec) 2232.8306 | GPU 697.9 MB | time 0.792 s
Part 2 | Epoch 00015 | Step 00000 | Loss 0.1742 | Train Acc 0.9570 | Speed (samples/sec) 2232.2494 | GPU 703.2 MB | time 0.792 s
Part 1 | Epoch 00015 | Step 00000 | Loss 0.1885 | Train Acc 0.9530 | Speed (samples/sec) 2231.7982 | GPU 695.3 MB | time 0.792 s
Part 3 | Epoch 00015 | Step 00000 | Loss 0.2038 | Train Acc 0.9470 | Speed (samples/sec) 2232.3266 | GPU 697.0 MB | time 0.792 s
Part 21 | Epoch 00015 | Step 00000 | Loss 0.3568 | Train Acc 0.9110 | Speed (samples/sec) 2232.5140 | GPU 691.7 MB | time 0.792 s
Part 19 | Epoch 00015 | Step 00000 | Loss 0.4191 | Train Acc 0.9010 | Speed (samples/sec) 2232.2042 | GPU 694.3 MB | time 0.792 s
Part 16 | Epoch 00015 | Step 00000 | Loss 0.4338 | Train Acc 0.8870 | Speed (samples/sec) 2232.5387 | GPU 696.3 MB | time 0.792 s
Part 17 | Epoch 00015 | Step 00000 | Loss 0.3459 | Train Acc 0.9080 | Speed (samples/sec) 2233.6402 | GPU 696.7 MB | time 0.792 s
Part 18 | Epoch 00015 | Step 00000 | Loss 0.3553 | Train Acc 0.9030 | Speed (samples/sec) 2232.5377 | GPU 689.9 MB | time 0.792 s
Part 23 | Epoch 00015 | Step 00000 | Loss 0.3648 | Train Acc 0.9090 | Speed (samples/sec) 2232.5849 | GPU 696.6 MB | time 0.792 s
Part 9 | Epoch 00015 | Step 00000 | Loss 0.3955 | Train Acc 0.8970 | Speed (samples/sec) 2233.6115 | GPU 719.3 MB | time 0.792 s
Part 12 | Epoch 00015 | Step 00000 | Loss 0.3472 | Train Acc 0.9110 | Speed (samples/sec) 2232.6028 | GPU 714.5 MB | time 0.792 s
Part 8 | Epoch 00015 | Step 00000 | Loss 0.3060 | Train Acc 0.9320 | Speed (samples/sec) 2232.3685 | GPU 712.4 MB | time 0.792 s
Part 20 | Epoch 00015 | Step 00000 | Loss 0.3956 | Train Acc 0.8980 | Speed (samples/sec) 2232.5856 | GPU 692.7 MB | time 0.792 s
Part 27 | Epoch 00015 | Step 00000 | Loss 0.2622 | Train Acc 0.9340 | Speed (samples/sec) 2232.2987 | GPU 701.6 MB | time 0.792 s
Part 26 | Epoch 00015 | Step 00000 | Loss 0.2154 | Train Acc 0.9460 | Speed (samples/sec) 2232.3018 | GPU 703.8 MB | time 0.792 s
Part 31 | Epoch 00015 | Step 00000 | Loss 0.2514 | Train Acc 0.9380 | Speed (samples/sec) 2233.3218 | GPU 703.8 MB | time 0.792 s
Part 25 | Epoch 00015 | Step 00000 | Loss 0.2785 | Train Acc 0.9270 | Speed (samples/sec) 2232.4544 | GPU 703.5 MB | time 0.792 s
Part 29 | Epoch 00015 | Step 00000 | Loss 0.1861 | Train Acc 0.9530 | Speed (samples/sec) 2232.9725 | GPU 705.3 MB | time 0.792 s
Part 24 | Epoch 00015 | Step 00000 | Loss 0.2393 | Train Acc 0.9520 | Speed (samples/sec) 2232.2587 | GPU 701.9 MB | time 0.792 s
Part 6 | Epoch 00015 | Step 00000 | Loss 0.1753 | Train Acc 0.9560 | Speed (samples/sec) 2232.4937 | GPU 693.7 MB | time 0.792 s
Part 11 | Epoch 00015 | Step 00000 | Loss 0.3473 | Train Acc 0.9100 | Speed (samples/sec) 2232.2447 | GPU 718.7 MB | time 0.792 s
Part 13 | Epoch 00015 | Step 00000 | Loss 0.3442 | Train Acc 0.9080 | Speed (samples/sec) 2232.6543 | GPU 715.2 MB | time 0.792 s
Part 15 | Epoch 00015 | Step 00000 | Loss 0.3297 | Train Acc 0.9230 | Speed (samples/sec) 2232.7979 | GPU 719.9 MB | time 0.792 s
Part 22 | Epoch 00015 | Step 00000 | Loss 0.3716 | Train Acc 0.9010 | Speed (samples/sec) 2233.9683 | GPU 692.8 MB | time 0.792 s
Part 10 | Epoch 00015 | Step 00000 | Loss 0.3330 | Train Acc 0.9080 | Speed (samples/sec) 2232.3502 | GPU 714.1 MB | time 0.792 s
Part 14 | Epoch 00015 | Step 00000 | Loss 0.3438 | Train Acc 0.9140 | Speed (samples/sec) 2234.0646 | GPU 716.4 MB | time 0.792 s
Part 28 | Epoch 00015 | Step 00000 | Loss 0.2566 | Train Acc 0.9410 | Speed (samples/sec) 2232.4185 | GPU 702.6 MB | time 0.792 s
Part 4 | Epoch 00015 | Step 00000 | Loss 0.1918 | Train Acc 0.9620 | Speed (samples/sec) 2234.0327 | GPU 699.5 MB | time 0.793 s
Part 30 | Epoch 00015 | Step 00000 | Loss 0.2740 | Train Acc 0.9280 | Speed (samples/sec) 2233.8835 | GPU 706.6 MB | time 0.793 s
Avg train acc 0.9275
=====================
Part 0, Epoch Time(s): 2.8294
Sampling Time(s): 0.4175
Loading Time(s): 0.5539
Forward Time(s): 0.2829
Backward Time(s): 0.1566
Update Time(s): 0.0045
Emb Update Time(s): 1.4064
#seeds: 6145
#inputs: 1918291
==========================================
Part 4, Epoch Time(s): 2.8295
Sampling Time(s): 0.4810
Loading Time(s): 0.5022
Forward Time(s): 0.2729
Backward Time(s): 0.1559
Update Time(s): 0.0048
Emb Update Time(s): 1.4075
#seeds: 6145
#inputs: 1932187
==========================================
Part 1, Epoch Time(s): 2.8294
Sampling Time(s): 0.4858
Loading Time(s): 0.5951
Forward Time(s): 0.1947
Backward Time(s): 0.1424
Update Time(s): 0.0048
Emb Update Time(s): 1.4021
#seeds: 6144
#inputs: 1928078
==========================================
Part 7, Epoch Time(s): 2.8294
Sampling Time(s): 0.4305
Loading Time(s): 0.5671
Forward Time(s): 0.2611
Backward Time(s): 0.1540
Update Time(s): 0.0050
Emb Update Time(s): 1.4070
#seeds: 6144
#inputs: 1926336
=====================


=====================
Part 3, Epoch Time(s): 2.8295
Sampling Time(s): 0.3836
Loading Time(s): 0.5847
Forward Time(s): 0.2889
Backward Time(s): 0.1561
Update Time(s): 0.0049
Emb Update Time(s): 1.4065
#seeds: 6144
#inputs: 1922805
=====================
=====================
Part 2, Epoch Time(s): 2.8294
Sampling Time(s): 0.4885
Loading Time(s): 0.5697
Forward Time(s): 0.1989
Backward Time(s): 0.1562
Update Time(s): 0.0049
Emb Update Time(s): 1.4065
#seeds: 6144
#inputs: 1930342
=====================

=====================
Part 5, Epoch Time(s): 2.8295
Sampling Time(s): 0.4383
Loading Time(s): 0.6338
Forward Time(s): 0.1847
Backward Time(s): 0.1556
Update Time(s): 0.0054
Emb Update Time(s): 1.4068
#seeds: 6144
#inputs: 1939146
==========================================
Part 6, Epoch Time(s): 2.8290
Sampling Time(s): 0.3863
Loading Time(s): 0.6384
Forward Time(s): 0.2311
Backward Time(s): 0.1556
Update Time(s): 0.0053
Emb Update Time(s): 1.4072
#seeds: 6144
#inputs: 1922399
=====================

=====================
Part 19, Epoch Time(s): 2.8294
Sampling Time(s): 0.3844
Loading Time(s): 0.5976
Forward Time(s): 0.2748
Backward Time(s): 0.1559
Update Time(s): 0.0048
Emb Update Time(s): 1.4072
#seeds: 6144
#inputs: 1933349
==========================================
Part 16, Epoch Time(s): 2.8295
Sampling Time(s): 0.3879
Loading Time(s): 0.6462
Forward Time(s): 0.2220
Backward Time(s): 0.1565
Update Time(s): 0.0051
Emb Update Time(s): 1.4067
#seeds: 6144
#inputs: 1936807
==========================================
Part 18, Epoch Time(s): 2.8295
Sampling Time(s): 0.4452
Loading Time(s): 0.4913
Forward Time(s): 0.3199
Backward Time(s): 0.1559
Update Time(s): 0.0044
Emb Update Time(s): 1.4077
#seeds: 6144
#inputs: 1910273
==========================================
Part 22, Epoch Time(s): 2.8295
Sampling Time(s): 0.4017
Loading Time(s): 0.5584
Forward Time(s): 0.2956
Backward Time(s): 0.1555
Update Time(s): 0.0068
Emb Update Time(s): 1.4062
#seeds: 6145
#inputs: 1929995
==========================================
Part 21, Epoch Time(s): 2.8295
Sampling Time(s): 0.4736
Loading Time(s): 0.5630
Forward Time(s): 0.2202
Backward Time(s): 0.1554
Update Time(s): 0.0052
Emb Update Time(s): 1.4072
#seeds: 6144
#inputs: 1927305
=====================
=====================
Part 20, Epoch Time(s): 2.8295
Sampling Time(s): 0.3795
Loading Time(s): 0.6222
Forward Time(s): 0.2590
Backward Time(s): 0.1514
Update Time(s): 0.0052
Emb Update Time(s): 1.4073
#seeds: 6144
#inputs: 1930878
==========================================
Part 17, Epoch Time(s): 2.8295
Sampling Time(s): 0.3762
Loading Time(s): 0.6510
Forward Time(s): 0.2408
Backward Time(s): 0.1449
Update Time(s): 0.0049
Emb Update Time(s): 1.4067
#seeds: 6145
#inputs: 1934582
=====================




=====================
Part 23, Epoch Time(s): 2.8295
Sampling Time(s): 0.4539
Loading Time(s): 0.5516
Forward Time(s): 0.2509
Backward Time(s): 0.1554
Update Time(s): 0.0051
Emb Update Time(s): 1.4076
#seeds: 6144
#inputs: 1950404
=====================

=====================
Part 25, Epoch Time(s): 2.8294
Sampling Time(s): 0.3975
Loading Time(s): 0.6516
Forward Time(s): 0.2076
Backward Time(s): 0.1555
Update Time(s): 0.0049
Emb Update Time(s): 1.4074
#seeds: 6144
#inputs: 1984204
==========================================
Part 29, Epoch Time(s): 2.8294
Sampling Time(s): 0.4771
Loading Time(s): 0.5682
Forward Time(s): 0.2109
Backward Time(s): 0.1549
Update Time(s): 0.0053
Emb Update Time(s): 1.4081
#seeds: 6144
#inputs: 1962490
==========================================
Part 28, Epoch Time(s): 2.8295
Sampling Time(s): 0.3714
Loading Time(s): 0.6733
Forward Time(s): 0.2203
Backward Time(s): 0.1478
Update Time(s): 0.0054
Emb Update Time(s): 1.4059
#seeds: 6144
#inputs: 1981206
==========================================
Part 31, Epoch Time(s): 2.8295
Sampling Time(s): 0.3922
Loading Time(s): 0.6403
Forward Time(s): 0.2296
Backward Time(s): 0.1495
Update Time(s): 0.0052
Emb Update Time(s): 1.4080
#seeds: 6144
#inputs: 1975292
==========================================
Part 24, Epoch Time(s): 2.8295
Sampling Time(s): 0.3942
Loading Time(s): 0.6715
Forward Time(s): 0.1925
Backward Time(s): 0.1496
Update Time(s): 0.0045
Emb Update Time(s): 1.4123
#seeds: 6144
#inputs: 1958743
=====================

=====================
Part 27, Epoch Time(s): 2.8295
Sampling Time(s): 0.4541
Loading Time(s): 0.6410
Forward Time(s): 0.1689
Backward Time(s): 0.1480
Update Time(s): 0.0049
Emb Update Time(s): 1.4078
#seeds: 6144
#inputs: 1967316
=====================

=====================
Part 26, Epoch Time(s): 2.8295
Sampling Time(s): 0.3886
Loading Time(s): 0.6690
Forward Time(s): 0.2063
Backward Time(s): 0.1478
Update Time(s): 0.0050
Emb Update Time(s): 1.4078
#seeds: 6144
#inputs: 1965836
=====================
=====================
Part 30, Epoch Time(s): 2.8294
Sampling Time(s): 0.4312
Loading Time(s): 0.6250
Forward Time(s): 0.2000
Backward Time(s): 0.1511
Update Time(s): 0.0052
Emb Update Time(s): 1.4101
#seeds: 6145
#inputs: 1974449
=====================


=====================
Part 8, Epoch Time(s): 2.8294
Sampling Time(s): 0.3908
Loading Time(s): 0.6417
Forward Time(s): 0.2369
Backward Time(s): 0.1448
Update Time(s): 0.0049
Emb Update Time(s): 1.4057
#seeds: 6144
#inputs: 2023005
=====================
=====================
Part 12, Epoch Time(s): 2.8295
Sampling Time(s): 0.3929
Loading Time(s): 0.6539
Forward Time(s): 0.2163
Backward Time(s): 0.1488
Update Time(s): 0.0050
Emb Update Time(s): 1.4080
#seeds: 6144
#inputs: 2043782
==========================================
Part 14, Epoch Time(s): 2.8295
Sampling Time(s): 0.4836
Loading Time(s): 0.6349
Forward Time(s): 0.1420
Backward Time(s): 0.1500
Update Time(s): 0.0056
Emb Update Time(s): 1.4079
#seeds: 6145
#inputs: 2037894
=====================
=====================
Part 13, Epoch Time(s): 2.8294
Sampling Time(s): 0.4236
Loading Time(s): 0.6614
Forward Time(s): 0.1804
Backward Time(s): 0.1483
Update Time(s): 0.0061
Emb Update Time(s): 1.4047
#seeds: 6144
#inputs: 2048648
==========================================
Part 9, Epoch Time(s): 2.8295
Sampling Time(s): 0.3786
Loading Time(s): 0.6534
Forward Time(s): 0.2347
Backward Time(s): 0.1477
Update Time(s): 0.0051
Emb Update Time(s): 1.4054
#seeds: 6145
#inputs: 2034382
=====================

=====================
Part 11, Epoch Time(s): 2.8295
Sampling Time(s): 0.3850
Loading Time(s): 0.6023
Forward Time(s): 0.2725
Backward Time(s): 0.1518
Update Time(s): 0.0049
Emb Update Time(s): 1.4082
#seeds: 6144
#inputs: 2033852
=====================
=====================
Part 10, Epoch Time(s): 2.8295
Sampling Time(s): 0.4451
Loading Time(s): 0.6337
Forward Time(s): 0.1789
Backward Time(s): 0.1528
Update Time(s): 0.0053
Emb Update Time(s): 1.4085
#seeds: 6144
#inputs: 2042268
=====================
=====================
Part 15, Epoch Time(s): 2.8296
Sampling Time(s): 0.3780
Loading Time(s): 0.5819
Forward Time(s): 0.2958
Backward Time(s): 0.1551
Update Time(s): 0.0053
Emb Update Time(s): 1.4083
#seeds: 6144
#inputs: 2039296
=====================

Part 3 | Epoch 00016 | Step 00000 | Loss 0.1326 | Train Acc 0.9650 | Speed (samples/sec) 2240.7077 | GPU 697.0 MB | time 0.663 s
Part 7 | Epoch 00016 | Step 00000 | Loss 0.1189 | Train Acc 0.9720 | Speed (samples/sec) 2241.1577 | GPU 697.9 MB | time 0.663 sPart 2 | Epoch 00016 | Step 00000 | Loss 0.1767 | Train Acc 0.9640 | Speed (samples/sec) 2240.6044 | GPU 703.2 MB | time 0.663 s

Part 4 | Epoch 00016 | Step 00000 | Loss 0.1784 | Train Acc 0.9550 | Speed (samples/sec) 2242.5444 | GPU 699.5 MB | time 0.663 s
Part 0 | Epoch 00016 | Step 00000 | Loss 0.1486 | Train Acc 0.9600 | Speed (samples/sec) 2243.4821 | GPU 692.8 MB | time 0.663 s
Part 18 | Epoch 00016 | Step 00000 | Loss 0.3261 | Train Acc 0.9230 | Speed (samples/sec) 2240.9165 | GPU 689.9 MB | time 0.663 s
Part 19 | Epoch 00016 | Step 00000 | Loss 0.3078 | Train Acc 0.9290 | Speed (samples/sec) 2240.5531 | GPU 694.3 MB | time 0.663 s
Part 23 | Epoch 00016 | Step 00000 | Loss 0.3081 | Train Acc 0.9220 | Speed (samples/sec) 2240.9670 | GPU 696.6 MB | time 0.663 s
Part 11 | Epoch 00016 | Step 00000 | Loss 0.4184 | Train Acc 0.9050 | Speed (samples/sec) 2240.6594 | GPU 718.7 MB | time 0.663 s
Part 8 | Epoch 00016 | Step 00000 | Loss 0.3291 | Train Acc 0.9140 | Speed (samples/sec) 2240.7610 | GPU 712.4 MB | time 0.663 sPart 12 | Epoch 00016 | Step 00000 | Loss 0.3887 | Train Acc 0.9040 | Speed (samples/sec) 2240.9776 | GPU 714.5 MB | time 0.663 s

Part 16 | Epoch 00016 | Step 00000 | Loss 0.3788 | Train Acc 0.8980 | Speed (samples/sec) 2240.9109 | GPU 696.3 MB | time 0.663 sPart 17 | Epoch 00016 | Step 00000 | Loss 0.3530 | Train Acc 0.9130 | Speed (samples/sec) 2242.0074 | GPU 696.7 MB | time 0.663 s

Part 5 | Epoch 00016 | Step 00000 | Loss 0.1675 | Train Acc 0.9620 | Speed (samples/sec) 2240.9330 | GPU 698.9 MB | time 0.663 s
Part 9 | Epoch 00016 | Step 00000 | Loss 0.3477 | Train Acc 0.9170 | Speed (samples/sec) 2241.9622 | GPU 719.3 MB | time 0.663 s
Part 27 | Epoch 00016 | Step 00000 | Loss 0.2498 | Train Acc 0.9320 | Speed (samples/sec) 2240.6737 | GPU 704.8 MB | time 0.663 s
Part 1 | Epoch 00016 | Step 00000 | Loss 0.1285 | Train Acc 0.9690 | Speed (samples/sec) 2240.1842 | GPU 695.3 MB | time 0.663 s
Part 6 | Epoch 00016 | Step 00000 | Loss 0.1414 | Train Acc 0.9680 | Speed (samples/sec) 2240.9274 | GPU 693.7 MB | time 0.663 s
Part 31 | Epoch 00016 | Step 00000 | Loss 0.2085 | Train Acc 0.9440 | Speed (samples/sec) 2241.6264 | GPU 704.0 MB | time 0.663 s
Part 14 | Epoch 00016 | Step 00000 | Loss 0.2716 | Train Acc 0.9360 | Speed (samples/sec) 2242.5551 | GPU 716.4 MB | time 0.663 s
Part 29 | Epoch 00016 | Step 00000 | Loss 0.2182 | Train Acc 0.9410 | Speed (samples/sec) 2241.3378 | GPU 705.3 MB | time 0.663 s
Part 26 | Epoch 00016 | Step 00000 | Loss 0.2399 | Train Acc 0.9350 | Speed (samples/sec) 2240.6821 | GPU 703.8 MB | time 0.663 s
Part 25 | Epoch 00016 | Step 00000 | Loss 0.2328 | Train Acc 0.9350 | Speed (samples/sec) 2240.8521 | GPU 705.3 MB | time 0.663 s
Part 20 | Epoch 00016 | Step 00000 | Loss 0.3566 | Train Acc 0.9090 | Speed (samples/sec) 2240.9891 | GPU 692.7 MB | time 0.663 s
Part 22 | Epoch 00016 | Step 00000 | Loss 0.2875 | Train Acc 0.9220 | Speed (samples/sec) 2242.4041 | GPU 692.8 MB | time 0.663 s
Part 15 | Epoch 00016 | Step 00000 | Loss 0.2617 | Train Acc 0.9310 | Speed (samples/sec) 2241.2032 | GPU 719.9 MB | time 0.663 s
Part 10 | Epoch 00016 | Step 00000 | Loss 0.3030 | Train Acc 0.9280 | Speed (samples/sec) 2240.7938 | GPU 714.1 MB | time 0.663 s
Part 13 | Epoch 00016 | Step 00000 | Loss 0.3413 | Train Acc 0.9240 | Speed (samples/sec) 2241.0482 | GPU 715.2 MB | time 0.663 s
Part 24 | Epoch 00016 | Step 00000 | Loss 0.1914 | Train Acc 0.9520 | Speed (samples/sec) 2240.1369 | GPU 701.9 MB | time 0.663 s
Part 28 | Epoch 00016 | Step 00000 | Loss 0.2366 | Train Acc 0.9420 | Speed (samples/sec) 2240.8893 | GPU 702.6 MB | time 0.663 s
Part 21 | Epoch 00016 | Step 00000 | Loss 0.3336 | Train Acc 0.9150 | Speed (samples/sec) 2240.8588 | GPU 695.1 MB | time 0.663 s
Part 30 | Epoch 00016 | Step 00000 | Loss 0.2125 | Train Acc 0.9450 | Speed (samples/sec) 2242.7280 | GPU 706.6 MB | time 0.663 s
Avg train acc 0.9353
=====================
Part 0, Epoch Time(s): 2.8914
Sampling Time(s): 0.2796
Loading Time(s): 0.5701
Forward Time(s): 0.2738
Backward Time(s): 0.1555
Update Time(s): 0.0045
Emb Update Time(s): 1.6016
#seeds: 6145
#inputs: 1915675
==========================================
Part 1, Epoch Time(s): 2.8914
Sampling Time(s): 0.2889
Loading Time(s): 0.5226
Forward Time(s): 0.3130
Backward Time(s): 0.1553
Update Time(s): 0.0052
Emb Update Time(s): 1.6014
#seeds: 6144
#inputs: 1926437
=====================

=====================
Part 7, Epoch Time(s): 2.8914
Sampling Time(s): 0.3016
Loading Time(s): 0.5359
Forward Time(s): 0.2872
Backward Time(s): 0.1546
Update Time(s): 0.0049
Emb Update Time(s): 1.6022
#seeds: 6144
#inputs: 1927683
==========================================
Part 4, Epoch Time(s): 2.8914
Sampling Time(s): 0.2731
Loading Time(s): 0.5093
Forward Time(s): 0.3414
Backward Time(s): 0.1547
Update Time(s): 0.0048
Emb Update Time(s): 1.6021
#seeds: 6145
#inputs: 1937058
=====================

=====================
Part 5, Epoch Time(s): 2.8914
Sampling Time(s): 0.3458
Loading Time(s): 0.6039
Forward Time(s): 0.1745
Backward Time(s): 0.1547
Update Time(s): 0.0049
Emb Update Time(s): 1.6025
#seeds: 6144
#inputs: 1935508
==========================================
Part 6, Epoch Time(s): 2.8914
Sampling Time(s): 0.3302
Loading Time(s): 0.6022
Forward Time(s): 0.1918
Backward Time(s): 0.1546
Update Time(s): 0.0055
Emb Update Time(s): 1.6018
#seeds: 6144
#inputs: 1928379
=====================
=====================
Part 2, Epoch Time(s): 2.8916
Sampling Time(s): 0.2939
Loading Time(s): 0.5980
Forward Time(s): 0.2359
Backward Time(s): 0.1523
Update Time(s): 0.0049
Emb Update Time(s): 1.6016
#seeds: 6144
#inputs: 1937306
=====================
=====================
Part 3, Epoch Time(s): 2.8914
Sampling Time(s): 0.2926
Loading Time(s): 0.5974
Forward Time(s): 0.2351
Backward Time(s): 0.1551
Update Time(s): 0.0052
Emb Update Time(s): 1.6013
#seeds: 6144
#inputs: 1919589
=====================

=====================
Part 16, Epoch Time(s): 2.8914
Sampling Time(s): 0.2909
Loading Time(s): 0.5848
Forward Time(s): 0.2492
Backward Time(s): 0.1548
Update Time(s): 0.0044
Emb Update Time(s): 1.6026
#seeds: 6144
#inputs: 1944080
==========================================
Part 23, Epoch Time(s): 2.8914
Sampling Time(s): 0.2666
Loading Time(s): 0.5671
Forward Time(s): 0.2908
Backward Time(s): 0.1539
Update Time(s): 0.0046
Emb Update Time(s): 1.6037
#seeds: 6144
#inputs: 1943060
==========================================
Part 18, Epoch Time(s): 2.8913
Sampling Time(s): 0.2720
Loading Time(s): 0.5013
Forward Time(s): 0.3521
Backward Time(s): 0.1544
Update Time(s): 0.0043
Emb Update Time(s): 1.6028
#seeds: 6144
#inputs: 1914815
==========================================
Part 17, Epoch Time(s): 2.8914
Sampling Time(s): 0.2830
Loading Time(s): 0.5945
Forward Time(s): 0.2472
Backward Time(s): 0.1547
Update Time(s): 0.0052
Emb Update Time(s): 1.6020
#seeds: 6145
#inputs: 1939128
=====================
=====================
Part 19, Epoch Time(s): 2.8914
Sampling Time(s): 0.2888
Loading Time(s): 0.5612
Forward Time(s): 0.2754
Backward Time(s): 0.1538
Update Time(s): 0.0047
Emb Update Time(s): 1.6028
#seeds: 6144
#inputs: 1931996
=====================
=====================
Part 22, Epoch Time(s): 2.8914
Sampling Time(s): 0.2751
Loading Time(s): 0.6176
Forward Time(s): 0.2307
Backward Time(s): 0.1538
Update Time(s): 0.0054
Emb Update Time(s): 1.6033
#seeds: 6145
#inputs: 1929287
=====================


=====================
Part 21, Epoch Time(s): 2.8914
Sampling Time(s): 0.2768
Loading Time(s): 0.5004
Forward Time(s): 0.3455
Backward Time(s): 0.1541
Update Time(s): 0.0052
Emb Update Time(s): 1.6033
#seeds: 6144
#inputs: 1925795
=====================

=====================
Part 20, Epoch Time(s): 2.8914
Sampling Time(s): 0.2978
Loading Time(s): 0.6020
Forward Time(s): 0.2239
Backward Time(s): 0.1542
Update Time(s): 0.0052
Emb Update Time(s): 1.6031
#seeds: 6144
#inputs: 1922895
=====================
=====================
Part 29, Epoch Time(s): 2.8914
Sampling Time(s): 0.3152
Loading Time(s): 0.5966
Forward Time(s): 0.2124
Backward Time(s): 0.1536
Update Time(s): 0.0047
Emb Update Time(s): 1.6039
#seeds: 6144
#inputs: 1962889
==========================================
Part 28, Epoch Time(s): 2.8914
Sampling Time(s): 0.3298
Loading Time(s): 0.6535
Forward Time(s): 0.1429
Backward Time(s): 0.1504
Update Time(s): 0.0051
Emb Update Time(s): 1.6036
#seeds: 6144
#inputs: 1979878
=====================
=====================
Part 24, Epoch Time(s): 2.8914
Sampling Time(s): 0.3458
Loading Time(s): 0.6199
Forward Time(s): 0.1681
Backward Time(s): 0.1466
Update Time(s): 0.0049
Emb Update Time(s): 1.6010
#seeds: 6144
#inputs: 1961163
==========================================
Part 25, Epoch Time(s): 2.8915
Sampling Time(s): 0.2938
Loading Time(s): 0.6867
Forward Time(s): 0.1612
Backward Time(s): 0.1406
Update Time(s): 0.0045
Emb Update Time(s): 1.5996
#seeds: 6144
#inputs: 1981046
==========================================
Part 30, Epoch Time(s): 2.8914
Sampling Time(s): 0.2987
Loading Time(s): 0.7350
Forward Time(s): 0.0950
Backward Time(s): 0.1471
Update Time(s): 0.0058
Emb Update Time(s): 1.6038
#seeds: 6145
#inputs: 1977523
=====================



=====================
Part 26, Epoch Time(s): 2.8915
Sampling Time(s): 0.2885
Loading Time(s): 0.6454
Forward Time(s): 0.1905
Backward Time(s): 0.1541
Update Time(s): 0.0052
Emb Update Time(s): 1.6028
#seeds: 6144
#inputs: 1973654
==========================================
Part 27, Epoch Time(s): 2.8915
Sampling Time(s): 0.3217
Loading Time(s): 0.6388
Forward Time(s): 0.1734
Backward Time(s): 0.1445
Update Time(s): 0.0048
Emb Update Time(s): 1.6034
#seeds: 6144
#inputs: 1965245
==========================================
Part 31, Epoch Time(s): 2.8915
Sampling Time(s): 0.2940
Loading Time(s): 0.6686
Forward Time(s): 0.1693
Backward Time(s): 0.1475
Update Time(s): 0.0047
Emb Update Time(s): 1.6023
#seeds: 6144
#inputs: 1973241
=====================


=====================
Part 11, Epoch Time(s): 2.8913
Sampling Time(s): 0.2745
Loading Time(s): 0.6025
Forward Time(s): 0.2508
Backward Time(s): 0.1512
Update Time(s): 0.0048
Emb Update Time(s): 1.6031
#seeds: 6144
#inputs: 2028003
==========================================
Part 10, Epoch Time(s): 2.8914
Sampling Time(s): 0.2822
Loading Time(s): 0.6471
Forward Time(s): 0.1949
Backward Time(s): 0.1542
Update Time(s): 0.0058
Emb Update Time(s): 1.6021
#seeds: 6144
#inputs: 2042600
==========================================
Part 8, Epoch Time(s): 2.8914
Sampling Time(s): 0.2774
Loading Time(s): 0.6266
Forward Time(s): 0.2224
Backward Time(s): 0.1528
Update Time(s): 0.0049
Emb Update Time(s): 1.6027
#seeds: 6144
#inputs: 2020371
=====================
=====================
Part 14, Epoch Time(s): 2.8914
Sampling Time(s): 0.2875
Loading Time(s): 0.6705
Forward Time(s): 0.1779
Backward Time(s): 0.1432
Update Time(s): 0.0049
Emb Update Time(s): 1.6021
#seeds: 6145
#inputs: 2039131
=====================


=====================
Part 9, Epoch Time(s): 2.8914
Sampling Time(s): 0.2810
Loading Time(s): 0.6883
Forward Time(s): 0.1554
Backward Time(s): 0.1543
Update Time(s): 0.0049
Emb Update Time(s): 1.6028
#seeds: 6145
#inputs: 2033078
==========================================
Part 13, Epoch Time(s): 2.8914
Sampling Time(s): 0.2986
Loading Time(s): 0.6576
Forward Time(s): 0.1775
Backward Time(s): 0.1455
Update Time(s): 0.0052
Emb Update Time(s): 1.6015
#seeds: 6144
#inputs: 2049854
=====================

=====================
Part 15, Epoch Time(s): 2.8914
Sampling Time(s): 0.2858
Loading Time(s): 0.6338
Forward Time(s): 0.2041
Backward Time(s): 0.1533
Update Time(s): 0.0057
Emb Update Time(s): 1.6036
#seeds: 6144
#inputs: 2044594
==========================================
Part 12, Epoch Time(s): 2.8915
Sampling Time(s): 0.2935
Loading Time(s): 0.6219
Forward Time(s): 0.2091
Backward Time(s): 0.1535
Update Time(s): 0.0052
Emb Update Time(s): 1.6035
#seeds: 6144
#inputs: 2044310
=====================

Part 1 | Epoch 00017 | Step 00000 | Loss 0.1332 | Train Acc 0.9700 | Speed (samples/sec) 2231.5156 | GPU 695.3 MB | time 0.658 s
Part 0 | Epoch 00017 | Step 00000 | Loss 0.1230 | Train Acc 0.9680 | Speed (samples/sec) 2234.7438 | GPU 692.8 MB | time 0.658 s
Part 18 | Epoch 00017 | Step 00000 | Loss 0.2810 | Train Acc 0.9380 | Speed (samples/sec) 2232.1692 | GPU 689.9 MB | time 0.658 s
Part 23 | Epoch 00017 | Step 00000 | Loss 0.3123 | Train Acc 0.9180 | Speed (samples/sec) 2232.2463 | GPU 696.6 MB | time 0.658 s
Part 9 | Epoch 00017 | Step 00000 | Loss 0.2858 | Train Acc 0.9200 | Speed (samples/sec) 2233.2415 | GPU 719.3 MB | time 0.658 s
Part 8 | Epoch 00017 | Step 00000 | Loss 0.2499 | Train Acc 0.9340 | Speed (samples/sec) 2232.0263 | GPU 712.4 MB | time 0.658 sPart 6 | Epoch 00017 | Step 00000 | Loss 0.1356 | Train Acc 0.9630 | Speed (samples/sec) 2232.2312 | GPU 693.7 MB | time 0.658 sPart 2 | Epoch 00017 | Step 00000 | Loss 0.1596 | Train Acc 0.9580 | Speed (samples/sec) 2231.8913 | GPU 703.2 MB | time 0.658 s

Part 4 | Epoch 00017 | Step 00000 | Loss 0.1419 | Train Acc 0.9630 | Speed (samples/sec) 2233.8455 | GPU 699.5 MB | time 0.658 s

Part 7 | Epoch 00017 | Step 00000 | Loss 0.1710 | Train Acc 0.9570 | Speed (samples/sec) 2232.4290 | GPU 697.9 MB | time 0.658 s
Part 5 | Epoch 00017 | Step 00000 | Loss 0.1582 | Train Acc 0.9620 | Speed (samples/sec) 2232.2275 | GPU 698.9 MB | time 0.658 s
Part 16 | Epoch 00017 | Step 00000 | Loss 0.3238 | Train Acc 0.9160 | Speed (samples/sec) 2232.1845 | GPU 696.3 MB | time 0.658 s
Part 20 | Epoch 00017 | Step 00000 | Loss 0.2885 | Train Acc 0.9210 | Speed (samples/sec) 2232.3005 | GPU 692.7 MB | time 0.658 s
Part 21 | Epoch 00017 | Step 00000 | Loss 0.3453 | Train Acc 0.9140 | Speed (samples/sec) 2232.2218 | GPU 695.1 MB | time 0.658 s
Part 17 | Epoch 00017 | Step 00000 | Loss 0.2605 | Train Acc 0.9290 | Speed (samples/sec) 2233.2953 | GPU 696.7 MB | time 0.658 s
Part 26 | Epoch 00017 | Step 00000 | Loss 0.1959 | Train Acc 0.9500 | Speed (samples/sec) 2231.9756 | GPU 703.8 MB | time 0.658 s
Part 29 | Epoch 00017 | Step 00000 | Loss 0.2076 | Train Acc 0.9440 | Speed (samples/sec) 2232.6061 | GPU 705.3 MB | time 0.658 s
Part 11 | Epoch 00017 | Step 00000 | Loss 0.2845 | Train Acc 0.9240 | Speed (samples/sec) 2231.9293 | GPU 718.7 MB | time 0.658 sPart 13 | Epoch 00017 | Step 00000 | Loss 0.2975 | Train Acc 0.9240 | Speed (samples/sec) 2232.3602 | GPU 715.2 MB | time 0.658 s
Part 14 | Epoch 00017 | Step 00000 | Loss 0.2437 | Train Acc 0.9360 | Speed (samples/sec) 2233.8410 | GPU 716.4 MB | time 0.658 s

Part 12 | Epoch 00017 | Step 00000 | Loss 0.3602 | Train Acc 0.9130 | Speed (samples/sec) 2232.2449 | GPU 714.5 MB | time 0.658 s
Part 3 | Epoch 00017 | Step 00000 | Loss 0.1483 | Train Acc 0.9690 | Speed (samples/sec) 2231.9856 | GPU 697.0 MB | time 0.658 s
Part 25 | Epoch 00017 | Step 00000 | Loss 0.2087 | Train Acc 0.9480 | Speed (samples/sec) 2232.1440 | GPU 705.3 MB | time 0.658 s
Part 24 | Epoch 00017 | Step 00000 | Loss 0.1653 | Train Acc 0.9600 | Speed (samples/sec) 2231.4746 | GPU 701.9 MB | time 0.658 s
Part 19 | Epoch 00017 | Step 00000 | Loss 0.3524 | Train Acc 0.9140 | Speed (samples/sec) 2231.8495 | GPU 694.3 MB | time 0.658 s
Part 27 | Epoch 00017 | Step 00000 | Loss 0.2702 | Train Acc 0.9360 | Speed (samples/sec) 2231.9589 | GPU 704.8 MB | time 0.658 s
Part 28 | Epoch 00017 | Step 00000 | Loss 0.2551 | Train Acc 0.9360 | Speed (samples/sec) 2232.2209 | GPU 702.6 MB | time 0.658 s
Part 31 | Epoch 00017 | Step 00000 | Loss 0.2199 | Train Acc 0.9440 | Speed (samples/sec) 2232.8855 | GPU 704.0 MB | time 0.658 s
Part 10 | Epoch 00017 | Step 00000 | Loss 0.3341 | Train Acc 0.9210 | Speed (samples/sec) 2232.0898 | GPU 714.1 MB | time 0.658 s
Part 15 | Epoch 00017 | Step 00000 | Loss 0.2794 | Train Acc 0.9320 | Speed (samples/sec) 2232.4927 | GPU 719.9 MB | time 0.658 s
Part 30 | Epoch 00017 | Step 00000 | Loss 0.2548 | Train Acc 0.9350 | Speed (samples/sec) 2234.0485 | GPU 706.6 MB | time 0.658 s
Part 22 | Epoch 00017 | Step 00000 | Loss 0.3177 | Train Acc 0.9160 | Speed (samples/sec) 2233.7095 | GPU 692.8 MB | time 0.659 s
Avg train acc 0.9385
=====================
Part 0, Epoch Time(s): 2.7292
Sampling Time(s): 0.2788
Loading Time(s): 0.5337
Forward Time(s): 0.2932
Backward Time(s): 0.1531
Update Time(s): 0.0045
Emb Update Time(s): 1.4594
#seeds: 6145
#inputs: 1915911
==========================================
Part 4, Epoch Time(s): 2.7292
Sampling Time(s): 0.2813
Loading Time(s): 0.4987
Forward Time(s): 0.3240
Backward Time(s): 0.1558
Update Time(s): 0.0044
Emb Update Time(s): 1.4601
#seeds: 6145
#inputs: 1927916
==========================================
Part 1, Epoch Time(s): 2.7292
Sampling Time(s): 0.2780
Loading Time(s): 0.5251
Forward Time(s): 0.3015
Backward Time(s): 0.1562
Update Time(s): 0.0045
Emb Update Time(s): 1.4595
#seeds: 6144
#inputs: 1932264
=====================

=====================
Part 7, Epoch Time(s): 2.7292
Sampling Time(s): 0.3191
Loading Time(s): 0.5352
Forward Time(s): 0.2494
Backward Time(s): 0.1555
Update Time(s): 0.0046
Emb Update Time(s): 1.4604
#seeds: 6144
#inputs: 1925843
=====================

=====================
Part 5, Epoch Time(s): 2.7292
Sampling Time(s): 0.3167
Loading Time(s): 0.5993
Forward Time(s): 0.1878
Backward Time(s): 0.1558
Update Time(s): 0.0048
Emb Update Time(s): 1.4599
#seeds: 6144
#inputs: 1943240
==========================================
Part 2, Epoch Time(s): 2.7293
Sampling Time(s): 0.2970
Loading Time(s): 0.6326
Forward Time(s): 0.1834
Backward Time(s): 0.1489
Update Time(s): 0.0052
Emb Update Time(s): 1.4571
#seeds: 6144
#inputs: 1941549
=====================
=====================
Part 6, Epoch Time(s): 2.7292
Sampling Time(s): 0.2842
Loading Time(s): 0.6400
Forward Time(s): 0.1952
Backward Time(s): 0.1410
Update Time(s): 0.0058
Emb Update Time(s): 1.4579
#seeds: 6144
#inputs: 1917439
==========================================
Part 3, Epoch Time(s): 2.7292
Sampling Time(s): 0.3059
Loading Time(s): 0.5729
Forward Time(s): 0.2250
Backward Time(s): 0.1559
Update Time(s): 0.0054
Emb Update Time(s): 1.4590
#seeds: 6144
#inputs: 1920822
=====================


=====================
Part 17, Epoch Time(s): 2.7292
Sampling Time(s): 0.3471
Loading Time(s): 0.6114
Forward Time(s): 0.1453
Backward Time(s): 0.1558
Update Time(s): 0.0047
Emb Update Time(s): 1.4600
#seeds: 6145
#inputs: 1936577
==========================================
Part 19, Epoch Time(s): 2.7292
Sampling Time(s): 0.2977
Loading Time(s): 0.6357
Forward Time(s): 0.1733
Backward Time(s): 0.1522
Update Time(s): 0.0054
Emb Update Time(s): 1.4596
#seeds: 6144
#inputs: 1936990
=====================
=====================
Part 20, Epoch Time(s): 2.7292
Sampling Time(s): 0.3243
Loading Time(s): 0.6035
Forward Time(s): 0.1754
Backward Time(s): 0.1558
Update Time(s): 0.0048
Emb Update Time(s): 1.4605
#seeds: 6144
#inputs: 1929457
==========================================
Part 18, Epoch Time(s): 2.7292
Sampling Time(s): 0.2989
Loading Time(s): 0.4886
Forward Time(s): 0.3160
Backward Time(s): 0.1556
Update Time(s): 0.0049
Emb Update Time(s): 1.4603
#seeds: 6144
#inputs: 1915133
==========================================
Part 16, Epoch Time(s): 2.7292
Sampling Time(s): 0.3000
Loading Time(s): 0.6188
Forward Time(s): 0.1869
Backward Time(s): 0.1535
Update Time(s): 0.0052
Emb Update Time(s): 1.4598
#seeds: 6144
#inputs: 1941279
=====================



=====================
Part 23, Epoch Time(s): 2.7294
Sampling Time(s): 0.2830
Loading Time(s): 0.5420
Forward Time(s): 0.2805
Backward Time(s): 0.1534
Update Time(s): 0.0046
Emb Update Time(s): 1.4610
#seeds: 6144
#inputs: 1944166
==========================================
Part 21, Epoch Time(s): 2.7294
Sampling Time(s): 0.2931
Loading Time(s): 0.5307
Forward Time(s): 0.2795
Backward Time(s): 0.1551
Update Time(s): 0.0051
Emb Update Time(s): 1.4609
#seeds: 6144
#inputs: 1926151
=====================

=====================
Part 22, Epoch Time(s): 2.7292
Sampling Time(s): 0.2849
Loading Time(s): 0.5700
Forward Time(s): 0.2469
Backward Time(s): 0.1549
Update Time(s): 0.0048
Emb Update Time(s): 1.4618
#seeds: 6145
#inputs: 1933170
=====================
=====================
Part 28, Epoch Time(s): 2.7292
Sampling Time(s): 0.2866
Loading Time(s): 0.6405
Forward Time(s): 0.1768
Backward Time(s): 0.1547
Update Time(s): 0.0044
Emb Update Time(s): 1.4612
#seeds: 6144
#inputs: 1976499
==========================================
Part 31, Epoch Time(s): 2.7292
Sampling Time(s): 0.3082
Loading Time(s): 0.6420
Forward Time(s): 0.1533
Backward Time(s): 0.1546
Update Time(s): 0.0046
Emb Update Time(s): 1.4613
#seeds: 6144
#inputs: 1970824
==========================================
Part 29, Epoch Time(s): 2.7292
Sampling Time(s): 0.3055
Loading Time(s): 0.5644
Forward Time(s): 0.2336
Backward Time(s): 0.1546
Update Time(s): 0.0047
Emb Update Time(s): 1.4614
#seeds: 6144
#inputs: 1966467
==========================================
Part 25, Epoch Time(s): 2.7292
Sampling Time(s): 0.3393
Loading Time(s): 0.5952
Forward Time(s): 0.1751
Backward Time(s): 0.1494
Update Time(s): 0.0045
Emb Update Time(s): 1.4608
#seeds: 6144
#inputs: 1976934
==========================================
Part 24, Epoch Time(s): 2.7292
Sampling Time(s): 0.2853
Loading Time(s): 0.6459
Forward Time(s): 0.1729
Backward Time(s): 0.1548
Update Time(s): 0.0050
Emb Update Time(s): 1.4602
#seeds: 6144
#inputs: 1957171
==========================================
Part 30, Epoch Time(s): 2.7292
Sampling Time(s): 0.3272
Loading Time(s): 0.5924
Forward Time(s): 0.1825
Backward Time(s): 0.1547
Update Time(s): 0.0061
Emb Update Time(s): 1.4606
#seeds: 6145
#inputs: 1975045
==========================================
Part 27, Epoch Time(s): 2.7292
Sampling Time(s): 0.3547
Loading Time(s): 0.6303
Forward Time(s): 0.1238
Backward Time(s): 0.1502
Update Time(s): 0.0043
Emb Update Time(s): 1.4610
#seeds: 6144
#inputs: 1966603
=====================



=====================
Part 26, Epoch Time(s): 2.7292
Sampling Time(s): 0.2797
Loading Time(s): 0.6672
Forward Time(s): 0.1567
Backward Time(s): 0.1550
Update Time(s): 0.0046
Emb Update Time(s): 1.4610
#seeds: 6144
#inputs: 1972273
=====================



=====================
Part 8, Epoch Time(s): 2.7292
Sampling Time(s): 0.3145
Loading Time(s): 0.6266
Forward Time(s): 0.1630
Backward Time(s): 0.1555
Update Time(s): 0.0042
Emb Update Time(s): 1.4608
#seeds: 6144
#inputs: 2027090
==========================================
Part 10, Epoch Time(s): 2.7293
Sampling Time(s): 0.3118
Loading Time(s): 0.6341
Forward Time(s): 0.1707
Backward Time(s): 0.1426
Update Time(s): 0.0050
Emb Update Time(s): 1.4600
#seeds: 6144
#inputs: 2044660
==========================================
Part 12, Epoch Time(s): 2.7292
Sampling Time(s): 0.2908
Loading Time(s): 0.7364
Forward Time(s): 0.0980
Backward Time(s): 0.1351
Update Time(s): 0.0048
Emb Update Time(s): 1.4592
#seeds: 6144
#inputs: 2045136
==========================================
Part 9, Epoch Time(s): 2.7292
Sampling Time(s): 0.3226
Loading Time(s): 0.6503
Forward Time(s): 0.1513
Backward Time(s): 0.1372
Update Time(s): 0.0044
Emb Update Time(s): 1.4587
#seeds: 6145
#inputs: 2037052
=====================



=====================
Part 13, Epoch Time(s): 2.7293
Sampling Time(s): 0.3119
Loading Time(s): 0.6515
Forward Time(s): 0.1507
Backward Time(s): 0.1459
Update Time(s): 0.0047
Emb Update Time(s): 1.4599
#seeds: 6144
#inputs: 2047422
=====================
=====================
Part 11, Epoch Time(s): 2.7293
Sampling Time(s): 0.2950
Loading Time(s): 0.6390
Forward Time(s): 0.1852
Backward Time(s): 0.1418
Update Time(s): 0.0048
Emb Update Time(s): 1.4586
#seeds: 6144
#inputs: 2028112
==========================================
Part 14, Epoch Time(s): 2.7293
Sampling Time(s): 0.2940
Loading Time(s): 0.6034
Forward Time(s): 0.2149
Backward Time(s): 0.1477
Update Time(s): 0.0050
Emb Update Time(s): 1.4593
#seeds: 6145
#inputs: 2035245
==========================================
Part 15, Epoch Time(s): 2.7301
Sampling Time(s): 0.3128
Loading Time(s): 0.5965
Forward Time(s): 0.1873
Backward Time(s): 0.1547
Update Time(s): 0.0053
Emb Update Time(s): 1.4664
#seeds: 6144
#inputs: 2047742
=====================


Part 0 | Epoch 00018 | Step 00000 | Loss 0.1593 | Train Acc 0.9620 | Speed (samples/sec) 2248.0606 | GPU 692.8 MB | time 0.439 sPart 4 | Epoch 00018 | Step 00000 | Loss 0.1144 | Train Acc 0.9700 | Speed (samples/sec) 2247.1513 | GPU 699.5 MB | time 0.439 sPart 7 | Epoch 00018 | Step 00000 | Loss 0.1562 | Train Acc 0.9620 | Speed (samples/sec) 2245.7538 | GPU 697.9 MB | time 0.439 s


Part 5 | Epoch 00018 | Step 00000 | Loss 0.1414 | Train Acc 0.9680 | Speed (samples/sec) 2245.5516 | GPU 698.9 MB | time 0.439 s
Part 2 | Epoch 00018 | Step 00000 | Loss 0.1247 | Train Acc 0.9680 | Speed (samples/sec) 2245.2333 | GPU 703.2 MB | time 0.439 s
Part 3 | Epoch 00018 | Step 00000 | Loss 0.1383 | Train Acc 0.9650 | Speed (samples/sec) 2245.3426 | GPU 697.0 MB | time 0.439 s
Part 17 | Epoch 00018 | Step 00000 | Loss 0.2663 | Train Acc 0.9250 | Speed (samples/sec) 2246.6442 | GPU 696.7 MB | time 0.439 sPart 19 | Epoch 00018 | Step 00000 | Loss 0.2934 | Train Acc 0.9190 | Speed (samples/sec) 2245.2189 | GPU 694.3 MB | time 0.439 s
Part 23 | Epoch 00018 | Step 00000 | Loss 0.3119 | Train Acc 0.9240 | Speed (samples/sec) 2245.5623 | GPU 696.6 MB | time 0.439 s
Part 21 | Epoch 00018 | Step 00000 | Loss 0.3297 | Train Acc 0.9200 | Speed (samples/sec) 2245.5597 | GPU 695.1 MB | time 0.439 s
Part 25 | Epoch 00018 | Step 00000 | Loss 0.2040 | Train Acc 0.9430 | Speed (samples/sec) 2245.4954 | GPU 705.3 MB | time 0.439 s
Part 28 | Epoch 00018 | Step 00000 | Loss 0.2283 | Train Acc 0.9430 | Speed (samples/sec) 2245.5473 | GPU 702.6 MB | time 0.439 s
Part 30 | Epoch 00018 | Step 00000 | Loss 0.1813 | Train Acc 0.9430 | Speed (samples/sec) 2247.4256 | GPU 706.6 MB | time 0.439 s

Part 31 | Epoch 00018 | Step 00000 | Loss 0.2064 | Train Acc 0.9410 | Speed (samples/sec) 2246.1965 | GPU 704.0 MB | time 0.439 s
Part 26 | Epoch 00018 | Step 00000 | Loss 0.1852 | Train Acc 0.9530 | Speed (samples/sec) 2245.3124 | GPU 703.8 MB | time 0.439 s
Part 9 | Epoch 00018 | Step 00000 | Loss 0.2269 | Train Acc 0.9460 | Speed (samples/sec) 2246.5724 | GPU 719.3 MB | time 0.439 s
Part 15 | Epoch 00018 | Step 00000 | Loss 0.2565 | Train Acc 0.9250 | Speed (samples/sec) 2246.4208 | GPU 719.9 MB | time 0.439 s
Part 16 | Epoch 00018 | Step 00000 | Loss 0.3025 | Train Acc 0.9180 | Speed (samples/sec) 2245.5679 | GPU 696.3 MB | time 0.439 sPart 18 | Epoch 00018 | Step 00000 | Loss 0.3072 | Train Acc 0.9200 | Speed (samples/sec) 2245.4978 | GPU 689.9 MB | time 0.439 s

Part 29 | Epoch 00018 | Step 00000 | Loss 0.1629 | Train Acc 0.9590 | Speed (samples/sec) 2245.9306 | GPU 705.3 MB | time 0.439 s
Part 27 | Epoch 00018 | Step 00000 | Loss 0.2049 | Train Acc 0.9470 | Speed (samples/sec) 2245.3020 | GPU 704.8 MB | time 0.439 s
Part 1 | Epoch 00018 | Step 00000 | Loss 0.1254 | Train Acc 0.9600 | Speed (samples/sec) 2244.8483 | GPU 695.4 MB | time 0.439 s
Part 8 | Epoch 00018 | Step 00000 | Loss 0.2588 | Train Acc 0.9330 | Speed (samples/sec) 2245.3527 | GPU 712.4 MB | time 0.439 sPart 14 | Epoch 00018 | Step 00000 | Loss 0.2930 | Train Acc 0.9210 | Speed (samples/sec) 2247.1792 | GPU 716.4 MB | time 0.439 s

Part 11 | Epoch 00018 | Step 00000 | Loss 0.2861 | Train Acc 0.9340 | Speed (samples/sec) 2245.2854 | GPU 718.7 MB | time 0.439 s
Part 13 | Epoch 00018 | Step 00000 | Loss 0.2841 | Train Acc 0.9240 | Speed (samples/sec) 2245.6780 | GPU 715.2 MB | time 0.439 s
Part 10 | Epoch 00018 | Step 00000 | Loss 0.2906 | Train Acc 0.9250 | Speed (samples/sec) 2245.4329 | GPU 714.1 MB | time 0.439 s
Part 24 | Epoch 00018 | Step 00000 | Loss 0.2082 | Train Acc 0.9420 | Speed (samples/sec) 2244.8599 | GPU 701.9 MB | time 0.439 s
Part 12 | Epoch 00018 | Step 00000 | Loss 0.3105 | Train Acc 0.9300 | Speed (samples/sec) 2245.6047 | GPU 714.5 MB | time 0.439 s
Part 22 | Epoch 00018 | Step 00000 | Loss 0.2866 | Train Acc 0.9290 | Speed (samples/sec) 2247.1079 | GPU 692.8 MB | time 0.439 s
Part 6 | Epoch 00018 | Step 00000 | Loss 0.1310 | Train Acc 0.9610 | Speed (samples/sec) 2245.6007 | GPU 693.7 MB | time 0.439 s
Part 20 | Epoch 00018 | Step 00000 | Loss 0.3054 | Train Acc 0.9260 | Speed (samples/sec) 2245.6286 | GPU 692.7 MB | time 0.439 s
Avg train acc 0.9408
=====================
Part 7, Epoch Time(s): 2.6777
Sampling Time(s): 0.3545
Loading Time(s): 0.5534
Forward Time(s): 0.1870
Backward Time(s): 0.1520
Update Time(s): 0.0048
Emb Update Time(s): 1.4214
#seeds: 6144
#inputs: 1928186
==========================================
Part 1, Epoch Time(s): 2.6778
Sampling Time(s): 0.2768
Loading Time(s): 0.5723
Forward Time(s): 0.2438
Backward Time(s): 0.1543
Update Time(s): 0.0051
Emb Update Time(s): 1.4205
#seeds: 6144
#inputs: 1931359
==========================================
Part 0, Epoch Time(s): 2.6778
Sampling Time(s): 0.2930
Loading Time(s): 0.5680
Forward Time(s): 0.2318
Backward Time(s): 0.1545
Update Time(s): 0.0045
Emb Update Time(s): 1.4209
#seeds: 6145
#inputs: 1919119
=====================
=====================
Part 3, Epoch Time(s): 2.6777
Sampling Time(s): 0.3048
Loading Time(s): 0.5951
Forward Time(s): 0.1932
Backward Time(s): 0.1541
Update Time(s): 0.0048
Emb Update Time(s): 1.4210
#seeds: 6144
#inputs: 1922014
=====================
=====================
Part 4, Epoch Time(s): 2.6778
Sampling Time(s): 0.2847
Loading Time(s): 0.4987
Forward Time(s): 0.3095
Backward Time(s): 0.1538
Update Time(s): 0.0045
Emb Update Time(s): 1.4218
#seeds: 6145
#inputs: 1930577
=====================

=====================
Part 2, Epoch Time(s): 2.6778
Sampling Time(s): 0.2962
Loading Time(s): 0.6252
Forward Time(s): 0.1782
Backward Time(s): 0.1482
Update Time(s): 0.0050
Emb Update Time(s): 1.4200
#seeds: 6144
#inputs: 1936362
==========================================
Part 6, Epoch Time(s): 2.6778
Sampling Time(s): 0.2910
Loading Time(s): 0.6201
Forward Time(s): 0.1809
Backward Time(s): 0.1537
Update Time(s): 0.0052
Emb Update Time(s): 1.4217
#seeds: 6144
#inputs: 1927853
=====================


=====================
Part 5, Epoch Time(s): 2.6779
Sampling Time(s): 0.2979
Loading Time(s): 0.6514
Forward Time(s): 0.1440
Backward Time(s): 0.1533
Update Time(s): 0.0049
Emb Update Time(s): 1.4215
#seeds: 6144
#inputs: 1938461
=====================
=====================
Part 18, Epoch Time(s): 2.6777
Sampling Time(s): 0.2846
Loading Time(s): 0.5493
Forward Time(s): 0.2591
Backward Time(s): 0.1537
Update Time(s): 0.0045
Emb Update Time(s): 1.4217
#seeds: 6144
#inputs: 1914401
==========================================
Part 20, Epoch Time(s): 2.6777
Sampling Time(s): 0.2904
Loading Time(s): 0.6370
Forward Time(s): 0.1744
Backward Time(s): 0.1466
Update Time(s): 0.0048
Emb Update Time(s): 1.4196
#seeds: 6144
#inputs: 1933773
=====================
=====================
Part 21, Epoch Time(s): 2.6777
Sampling Time(s): 0.2841
Loading Time(s): 0.5599
Forward Time(s): 0.2486
Backward Time(s): 0.1535
Update Time(s): 0.0051
Emb Update Time(s): 1.4217
#seeds: 6144
#inputs: 1934301
==========================================
Part 16, Epoch Time(s): 2.6778
Sampling Time(s): 0.2840
Loading Time(s): 0.6323
Forward Time(s): 0.1846
Backward Time(s): 0.1472
Update Time(s): 0.0045
Emb Update Time(s): 1.4204
#seeds: 6144
#inputs: 1935767
=====================
=====================
Part 22, Epoch Time(s): 2.6776
Sampling Time(s): 0.2819
Loading Time(s): 0.6409
Forward Time(s): 0.1688
Backward Time(s): 0.1536
Update Time(s): 0.0056
Emb Update Time(s): 1.4217
#seeds: 6145
#inputs: 1928462
==========================================
Part 19, Epoch Time(s): 2.6778
Sampling Time(s): 0.2972
Loading Time(s): 0.6100
Forward Time(s): 0.1863
Backward Time(s): 0.1537
Update Time(s): 0.0046
Emb Update Time(s): 1.4215
#seeds: 6144
#inputs: 1930977
==========================================
Part 23, Epoch Time(s): 2.6777
Sampling Time(s): 0.2837
Loading Time(s): 0.6095
Forward Time(s): 0.1999
Backward Time(s): 0.1534
Update Time(s): 0.0046
Emb Update Time(s): 1.4219
#seeds: 6144
#inputs: 1943328
==========================================
Part 17, Epoch Time(s): 2.6778
Sampling Time(s): 0.2806
Loading Time(s): 0.6179
Forward Time(s): 0.1942
Backward Time(s): 0.1540
Update Time(s): 0.0046
Emb Update Time(s): 1.4215
#seeds: 6145
#inputs: 1936941
=====================





=====================
Part 28, Epoch Time(s): 2.6778
Sampling Time(s): 0.2754
Loading Time(s): 0.6502
Forward Time(s): 0.1671
Backward Time(s): 0.1529
Update Time(s): 0.0051
Emb Update Time(s): 1.4225
#seeds: 6144
#inputs: 1974186
==========================================
Part 26, Epoch Time(s): 2.6777
Sampling Time(s): 0.2766
Loading Time(s): 0.6718
Forward Time(s): 0.1499
Backward Time(s): 0.1482
Update Time(s): 0.0048
Emb Update Time(s): 1.4219
#seeds: 6144
#inputs: 1966556
==========================================
Part 31, Epoch Time(s): 2.6777
Sampling Time(s): 0.2915
Loading Time(s): 0.6618
Forward Time(s): 0.1516
Backward Time(s): 0.1419
Update Time(s): 0.0047
Emb Update Time(s): 1.4215
#seeds: 6144
#inputs: 1973187
=====================


=====================
Part 24, Epoch Time(s): 2.6778
Sampling Time(s): 0.2776
Loading Time(s): 0.6394
Forward Time(s): 0.1760
Backward Time(s): 0.1537
Update Time(s): 0.0044
Emb Update Time(s): 1.4220
#seeds: 6144
#inputs: 1958336
==========================================
Part 27, Epoch Time(s): 2.6778
Sampling Time(s): 0.2958
Loading Time(s): 0.6560
Forward Time(s): 0.1501
Backward Time(s): 0.1466
Update Time(s): 0.0051
Emb Update Time(s): 1.4195
#seeds: 6144
#inputs: 1962401
=====================

=====================
Part 29, Epoch Time(s): 2.6778
Sampling Time(s): 0.3126
Loading Time(s): 0.5569
Forward Time(s): 0.2222
Backward Time(s): 0.1527
Update Time(s): 0.0049
Emb Update Time(s): 1.4234
#seeds: 6144
#inputs: 1964306
==========================================
Part 30, Epoch Time(s): 2.6778
Sampling Time(s): 0.3088
Loading Time(s): 0.6003
Forward Time(s): 0.1822
Backward Time(s): 0.1527
Update Time(s): 0.0050
Emb Update Time(s): 1.4234
#seeds: 6145
#inputs: 1971480
==========================================
Part 25, Epoch Time(s): 2.6778
Sampling Time(s): 0.3110
Loading Time(s): 0.6472
Forward Time(s): 0.1379
Backward Time(s): 0.1503
Update Time(s): 0.0044
Emb Update Time(s): 1.4223
#seeds: 6144
#inputs: 1980544
=====================


=====================
Part 14, Epoch Time(s): 2.6777
Sampling Time(s): 0.2887
Loading Time(s): 0.6574
Forward Time(s): 0.1503
Backward Time(s): 0.1489
Update Time(s): 0.0060
Emb Update Time(s): 1.4217
#seeds: 6145
#inputs: 2045243
==========================================
Part 11, Epoch Time(s): 2.6778
Sampling Time(s): 0.2786
Loading Time(s): 0.5895
Forward Time(s): 0.2245
Backward Time(s): 0.1531
Update Time(s): 0.0049
Emb Update Time(s): 1.4222
#seeds: 6144
#inputs: 2037322
==========================================
Part 9, Epoch Time(s): 2.6778
Sampling Time(s): 0.2762
Loading Time(s): 0.6615
Forward Time(s): 0.1572
Backward Time(s): 0.1512
Update Time(s): 0.0049
Emb Update Time(s): 1.4219
#seeds: 6145
#inputs: 2034196
=====================
=====================
Part 13, Epoch Time(s): 2.6777
Sampling Time(s): 0.2830
Loading Time(s): 0.6437
Forward Time(s): 0.1709
Backward Time(s): 0.1479
Update Time(s): 0.0049
Emb Update Time(s): 1.4224
#seeds: 6144
#inputs: 2047679
=====================
=====================
Part 12, Epoch Time(s): 2.6779
Sampling Time(s): 0.2939
Loading Time(s): 0.7331
Forward Time(s): 0.0959
Backward Time(s): 0.1291
Update Time(s): 0.0050
Emb Update Time(s): 1.4159
#seeds: 6144
#inputs: 2041539
==========================================
Part 8, Epoch Time(s): 2.6779
Sampling Time(s): 0.2774
Loading Time(s): 0.6939
Forward Time(s): 0.1319
Backward Time(s): 0.1455
Update Time(s): 0.0046
Emb Update Time(s): 1.4199
#seeds: 6144
#inputs: 2028473
=====================

=====================
Part 15, Epoch Time(s): 2.6778
Sampling Time(s): 0.2764
Loading Time(s): 0.6040
Forward Time(s): 0.2122
Backward Time(s): 0.1526
Update Time(s): 0.0049
Emb Update Time(s): 1.4228
#seeds: 6144
#inputs: 2040114
=====================

=====================
Part 10, Epoch Time(s): 2.6778
Sampling Time(s): 0.3022
Loading Time(s): 0.6427
Forward Time(s): 0.1493
Backward Time(s): 0.1514
Update Time(s): 0.0056
Emb Update Time(s): 1.4216
#seeds: 6144
#inputs: 2042330
=====================

Part 7 | Epoch 00019 | Step 00000 | Loss 0.1152 | Train Acc 0.9690 | Speed (samples/sec) 2243.4851 | GPU 697.9 MB | time 0.437 s
Part 6 | Epoch 00019 | Step 00000 | Loss 0.1376 | Train Acc 0.9670 | Speed (samples/sec) 2243.3745 | GPU 693.7 MB | time 0.437 s
Part 3 | Epoch 00019 | Step 00000 | Loss 0.1791 | Train Acc 0.9570 | Speed (samples/sec) 2243.0980 | GPU 697.0 MB | time 0.437 sPart 0 | Epoch 00019 | Step 00000 | Loss 0.1149 | Train Acc 0.9700 | Speed (samples/sec) 2245.7456 | GPU 692.8 MB | time 0.437 s

Part 5 | Epoch 00019 | Step 00000 | Loss 0.1584 | Train Acc 0.9550 | Speed (samples/sec) 2243.2942 | GPU 698.9 MB | time 0.437 s
Part 23 | Epoch 00019 | Step 00000 | Loss 0.2266 | Train Acc 0.9350 | Speed (samples/sec) 2243.3093 | GPU 697.0 MB | time 0.437 sPart 21 | Epoch 00019 | Step 00000 | Loss 0.2831 | Train Acc 0.9300 | Speed (samples/sec) 2243.3128 | GPU 695.1 MB | time 0.437 s

Part 4 | Epoch 00019 | Step 00000 | Loss 0.0826 | Train Acc 0.9760 | Speed (samples/sec) 2244.8938 | GPU 699.5 MB | time 0.437 s
Part 18 | Epoch 00019 | Step 00000 | Loss 0.2963 | Train Acc 0.9230 | Speed (samples/sec) 2243.2480 | GPU 689.9 MB | time 0.437 s
Part 1 | Epoch 00019 | Step 00000 | Loss 0.1086 | Train Acc 0.9700 | Speed (samples/sec) 2242.6379 | GPU 695.4 MB | time 0.437 s
Part 8 | Epoch 00019 | Step 00000 | Loss 0.3083 | Train Acc 0.9220 | Speed (samples/sec) 2243.0930 | GPU 712.4 MB | time 0.437 sPart 13 | Epoch 00019 | Step 00000 | Loss 0.2838 | Train Acc 0.9250 | Speed (samples/sec) 2243.4234 | GPU 715.2 MB | time 0.437 s

Part 15 | Epoch 00019 | Step 00000 | Loss 0.2939 | Train Acc 0.9150 | Speed (samples/sec) 2244.1243 | GPU 719.9 MB | time 0.437 s
Part 12 | Epoch 00019 | Step 00000 | Loss 0.2575 | Train Acc 0.9350 | Speed (samples/sec) 2243.3444 | GPU 714.5 MB | time 0.437 s
Part 14 | Epoch 00019 | Step 00000 | Loss 0.3154 | Train Acc 0.9230 | Speed (samples/sec) 2244.9164 | GPU 716.4 MB | time 0.437 s
Part 10 | Epoch 00019 | Step 00000 | Loss 0.2421 | Train Acc 0.9350 | Speed (samples/sec) 2243.1926 | GPU 714.1 MB | time 0.437 s
Part 19 | Epoch 00019 | Step 00000 | Loss 0.3317 | Train Acc 0.9210 | Speed (samples/sec) 2242.9648 | GPU 694.3 MB | time 0.437 sPart 16 | Epoch 00019 | Step 00000 | Loss 0.2666 | Train Acc 0.9340 | Speed (samples/sec) 2243.2976 | GPU 696.3 MB | time 0.437 s
Part 22 | Epoch 00019 | Step 00000 | Loss 0.2746 | Train Acc 0.9250 | Speed (samples/sec) 2244.8707 | GPU 693.8 MB | time 0.437 s
Part 17 | Epoch 00019 | Step 00000 | Loss 0.2351 | Train Acc 0.9320 | Speed (samples/sec) 2244.4004 | GPU 696.7 MB | time 0.437 s

Part 31 | Epoch 00019 | Step 00000 | Loss 0.1864 | Train Acc 0.9510 | Speed (samples/sec) 2243.9111 | GPU 704.0 MB | time 0.437 sPart 24 | Epoch 00019 | Step 00000 | Loss 0.1517 | Train Acc 0.9580 | Speed (samples/sec) 2242.6287 | GPU 701.9 MB | time 0.437 s

Part 27 | Epoch 00019 | Step 00000 | Loss 0.2236 | Train Acc 0.9400 | Speed (samples/sec) 2243.0473 | GPU 704.8 MB | time 0.437 s
Part 26 | Epoch 00019 | Step 00000 | Loss 0.1670 | Train Acc 0.9540 | Speed (samples/sec) 2243.0516 | GPU 703.8 MB | time 0.437 s
Part 11 | Epoch 00019 | Step 00000 | Loss 0.2542 | Train Acc 0.9330 | Speed (samples/sec) 2243.0513 | GPU 718.7 MB | time 0.437 s
Part 20 | Epoch 00019 | Step 00000 | Loss 0.2862 | Train Acc 0.9210 | Speed (samples/sec) 2243.3810 | GPU 692.7 MB | time 0.437 s
Part 28 | Epoch 00019 | Step 00000 | Loss 0.2151 | Train Acc 0.9500 | Speed (samples/sec) 2243.2862 | GPU 703.3 MB | time 0.437 s
Part 9 | Epoch 00019 | Step 00000 | Loss 0.2762 | Train Acc 0.9250 | Speed (samples/sec) 2244.3320 | GPU 719.3 MB | time 0.437 s
Part 29 | Epoch 00019 | Step 00000 | Loss 0.1882 | Train Acc 0.9490 | Speed (samples/sec) 2243.6753 | GPU 705.3 MB | time 0.437 sPart 25 | Epoch 00019 | Step 00000 | Loss 0.2231 | Train Acc 0.9400 | Speed (samples/sec) 2243.2314 | GPU 705.3 MB | time 0.437 s

Part 30 | Epoch 00019 | Step 00000 | Loss 0.1566 | Train Acc 0.9520 | Speed (samples/sec) 2245.1631 | GPU 706.6 MB | time 0.437 s
Part 2 | Epoch 00019 | Step 00000 | Loss 0.1449 | Train Acc 0.9690 | Speed (samples/sec) 2242.9946 | GPU 703.2 MB | time 0.437 s
Avg train acc 0.9425
=====================
Part 1, Epoch Time(s): 2.8696
Sampling Time(s): 0.2703
Loading Time(s): 0.5551
Forward Time(s): 0.4506
Backward Time(s): 0.1575
Update Time(s): 0.0050
Emb Update Time(s): 1.4262
#seeds: 6144
#inputs: 1931435
==========================================
Part 4, Epoch Time(s): 2.8696
Sampling Time(s): 0.2719
Loading Time(s): 0.5071
Forward Time(s): 0.4966
Backward Time(s): 0.1569
Update Time(s): 0.0050
Emb Update Time(s): 1.4271
#seeds: 6145
#inputs: 1933324
==========================================
Part 2, Epoch Time(s): 2.8696
Sampling Time(s): 0.2832
Loading Time(s): 0.6941
Forward Time(s): 0.3098
Backward Time(s): 0.1455
Update Time(s): 0.0049
Emb Update Time(s): 1.4261
#seeds: 6144
#inputs: 1942734
=====================


=====================
Part 3, Epoch Time(s): 2.8696
Sampling Time(s): 0.2941
Loading Time(s): 0.6293
Forward Time(s): 0.3527
Backward Time(s): 0.1571
Update Time(s): 0.0046
Emb Update Time(s): 1.4271
#seeds: 6144
#inputs: 1929515
==========================================
Part 5, Epoch Time(s): 2.8696
Sampling Time(s): 0.3006
Loading Time(s): 0.5889
Forward Time(s): 0.3864
Backward Time(s): 0.1567
Update Time(s): 0.0050
Emb Update Time(s): 1.4270
#seeds: 6144
#inputs: 1933487
==========================================
Part 0, Epoch Time(s): 2.8698
Sampling Time(s): 0.3036
Loading Time(s): 0.5873
Forward Time(s): 0.3840
Backward Time(s): 0.1576
Update Time(s): 0.0052
Emb Update Time(s): 1.4260
#seeds: 6145
#inputs: 1919506
==========================================
Part 6, Epoch Time(s): 2.8697
Sampling Time(s): 0.2894
Loading Time(s): 0.6283
Forward Time(s): 0.3578
Backward Time(s): 0.1567
Update Time(s): 0.0057
Emb Update Time(s): 1.4268
#seeds: 6144
#inputs: 1919970
=====================

=====================
Part 7, Epoch Time(s): 2.8698
Sampling Time(s): 0.2921
Loading Time(s): 0.5551
Forward Time(s): 0.4302
Backward Time(s): 0.1547
Update Time(s): 0.0055
Emb Update Time(s): 1.4273
#seeds: 6144
#inputs: 1931372
=====================


Rank 2, Avg Epoch Time(s): 2.8040
Rank 1, Avg Epoch Time(s): 2.8040
Rank 4, Avg Epoch Time(s): 2.8040
Rank 5, Avg Epoch Time(s): 2.8040
Rank 3, Avg Epoch Time(s): 2.8040
Rank 6, Avg Epoch Time(s): 2.8040
Rank 0, Avg Epoch Time(s): 2.8040
Rank 7, Avg Epoch Time(s): 2.8040
=====================
Part 16, Epoch Time(s): 2.8696
Sampling Time(s): 0.2875
Loading Time(s): 0.6590
Forward Time(s): 0.3374
Backward Time(s): 0.1498
Update Time(s): 0.0046
Emb Update Time(s): 1.4264
#seeds: 6144
#inputs: 1935745
==========================================
Part 21, Epoch Time(s): 2.8696
Sampling Time(s): 0.2730
Loading Time(s): 0.4996
Forward Time(s): 0.5029
Backward Time(s): 0.1551
Update Time(s): 0.0051
Emb Update Time(s): 1.4290
#seeds: 6144
#inputs: 1935598
==========================================
Part 20, Epoch Time(s): 2.8696
Sampling Time(s): 0.2810
Loading Time(s): 0.6075
Forward Time(s): 0.3862
Backward Time(s): 0.1553
Update Time(s): 0.0050
Emb Update Time(s): 1.4294
#seeds: 6144
#inputs: 1935118
==========================================
Part 23, Epoch Time(s): 2.8697
Sampling Time(s): 0.2811
Loading Time(s): 0.6269
Forward Time(s): 0.3685
Backward Time(s): 0.1538
Update Time(s): 0.0047
Emb Update Time(s): 1.4299
#seeds: 6144
#inputs: 1945627
==========================================
Part 17, Epoch Time(s): 2.8697
Sampling Time(s): 0.2849
Loading Time(s): 0.6143
Forward Time(s): 0.3760
Backward Time(s): 0.1561
Update Time(s): 0.0050
Emb Update Time(s): 1.4281
#seeds: 6145
#inputs: 1944686
=====================
=====================
Part 19, Epoch Time(s): 2.8696
Sampling Time(s): 0.2868
Loading Time(s): 0.6204
Forward Time(s): 0.3686
Backward Time(s): 0.1555
Update Time(s): 0.0046
Emb Update Time(s): 1.4288
#seeds: 6144
#inputs: 1934448
==========================================
Part 18, Epoch Time(s): 2.8697
Sampling Time(s): 0.2787
Loading Time(s): 0.4852
Forward Time(s): 0.5121
Backward Time(s): 0.1558
Update Time(s): 0.0049
Emb Update Time(s): 1.4282
#seeds: 6144
#inputs: 1917205
=====================
=====================
Part 22, Epoch Time(s): 2.8696
Sampling Time(s): 0.2781
Loading Time(s): 0.5748
Forward Time(s): 0.4217
Backward Time(s): 0.1551
Update Time(s): 0.0046
Emb Update Time(s): 1.4297
#seeds: 6145
#inputs: 1933242
=====================





=====================
Part 10, Epoch Time(s): 2.8696
Sampling Time(s): 0.2967
Loading Time(s): 0.6520
Forward Time(s): 0.3272
Backward Time(s): 0.1561
Update Time(s): 0.0043
Emb Update Time(s): 1.4286
#seeds: 6144
#inputs: 2049024
==========================================
Part 11, Epoch Time(s): 2.8696
Sampling Time(s): 0.2985
Loading Time(s): 0.6318
Forward Time(s): 0.3474
Backward Time(s): 0.1538
Update Time(s): 0.0048
Emb Update Time(s): 1.4284
#seeds: 6144
#inputs: 2035634
=====================
=====================
Part 14, Epoch Time(s): 2.8696
Sampling Time(s): 0.3005
Loading Time(s): 0.6013
Forward Time(s): 0.3781
Backward Time(s): 0.1501
Update Time(s): 0.0048
Emb Update Time(s): 1.4298
#seeds: 6145
#inputs: 2032443
=====================

=====================
Part 8, Epoch Time(s): 2.8696
Sampling Time(s): 0.2953
Loading Time(s): 0.8678
Forward Time(s): 0.1305
Backward Time(s): 0.1421
Update Time(s): 0.0042
Emb Update Time(s): 1.4251
#seeds: 6144
#inputs: 2022525
==========================================
Part 9, Epoch Time(s): 2.8697
Sampling Time(s): 0.2930
Loading Time(s): 0.6670
Forward Time(s): 0.3152
Backward Time(s): 0.1562
Update Time(s): 0.0048
Emb Update Time(s): 1.4282
#seeds: 6145
#inputs: 2035082
==========================================
Part 12, Epoch Time(s): 2.8696
Sampling Time(s): 0.2947
Loading Time(s): 0.7298
Forward Time(s): 0.2719
Backward Time(s): 0.1385
Update Time(s): 0.0050
Emb Update Time(s): 1.4248
#seeds: 6144
#inputs: 2038528
=====================


=====================
Part 13, Epoch Time(s): 2.8697
Sampling Time(s): 0.2965
Loading Time(s): 0.6844
Forward Time(s): 0.3038
Backward Time(s): 0.1484
Update Time(s): 0.0051
Emb Update Time(s): 1.4267
#seeds: 6144
#inputs: 2049052
==========================================
Part 15, Epoch Time(s): 2.8697
Sampling Time(s): 0.3034
Loading Time(s): 0.6248
Forward Time(s): 0.3511
Backward Time(s): 0.1508
Update Time(s): 0.0048
Emb Update Time(s): 1.4299
#seeds: 6144
#inputs: 2040727
=====================

Rank 12, Avg Epoch Time(s): 2.8041
Rank 10, Avg Epoch Time(s): 2.8040Rank 8, Avg Epoch Time(s): 2.8040Rank 9, Avg Epoch Time(s): 2.8040
Rank 13, Avg Epoch Time(s): 2.8040


Rank 11, Avg Epoch Time(s): 2.8040
Rank 14, Avg Epoch Time(s): 2.8040
Rank 21, Avg Epoch Time(s): 2.8041
Rank 16, Avg Epoch Time(s): 2.8041
Rank 23, Avg Epoch Time(s): 2.8041
Rank 19, Avg Epoch Time(s): 2.8040
Rank 20, Avg Epoch Time(s): 2.8040
Rank 17, Avg Epoch Time(s): 2.8040
Rank 18, Avg Epoch Time(s): 2.8040
Rank 22, Avg Epoch Time(s): 2.8040
Rank 15, Avg Epoch Time(s): 2.8041
=====================
Part 29, Epoch Time(s): 2.8696
Sampling Time(s): 0.2804
Loading Time(s): 0.5735
Forward Time(s): 0.4213
Backward Time(s): 0.1556
Update Time(s): 0.0051
Emb Update Time(s): 1.4285
#seeds: 6144
#inputs: 1967503
==========================================
Part 25, Epoch Time(s): 2.8696
Sampling Time(s): 0.3029
Loading Time(s): 0.6562
Forward Time(s): 0.3203
Backward Time(s): 0.1516
Update Time(s): 0.0051
Emb Update Time(s): 1.4282
#seeds: 6144
#inputs: 1982535
==========================================
Part 27, Epoch Time(s): 2.8696
Sampling Time(s): 0.3042
Loading Time(s): 0.6605
Forward Time(s): 0.3145
Backward Time(s): 0.1526
Update Time(s): 0.0049
Emb Update Time(s): 1.4283
#seeds: 6144
#inputs: 1962564
==========================================
Part 26, Epoch Time(s): 2.8696
Sampling Time(s): 0.2810
Loading Time(s): 0.6531
Forward Time(s): 0.3423
Backward Time(s): 0.1551
Update Time(s): 0.0049
Emb Update Time(s): 1.4286
#seeds: 6144
#inputs: 1963305
=====================


=====================
Part 24, Epoch Time(s): 2.8696
Sampling Time(s): 0.2672
Loading Time(s): 0.6109
Forward Time(s): 0.3979
Backward Time(s): 0.1559
Update Time(s): 0.0045
Emb Update Time(s): 1.4287
#seeds: 6144
#inputs: 1954644
=====================
=====================
Part 31, Epoch Time(s): 2.8696
Sampling Time(s): 0.3048
Loading Time(s): 0.7034
Forward Time(s): 0.2807
Backward Time(s): 0.1442
Update Time(s): 0.0048
Emb Update Time(s): 1.4271
#seeds: 6144
#inputs: 1976312
=====================

=====================
Part 30, Epoch Time(s): 2.8697
Sampling Time(s): 0.2944
Loading Time(s): 0.6215
Forward Time(s): 0.3682
Backward Time(s): 0.1470
Update Time(s): 0.0059
Emb Update Time(s): 1.4269
#seeds: 6145
#inputs: 1977845
=====================
=====================
Part 28, Epoch Time(s): 2.8697
Sampling Time(s): 0.2768
Loading Time(s): 0.6722
Forward Time(s): 0.3263
Backward Time(s): 0.1548
Update Time(s): 0.0053
Emb Update Time(s): 1.4291
#seeds: 6144
#inputs: 1972022
=====================
Rank 29, Avg Epoch Time(s): 2.8040
Rank 24, Avg Epoch Time(s): 2.8040
Rank 25, Avg Epoch Time(s): 2.8040
Rank 27, Avg Epoch Time(s): 2.8040
Rank 31, Avg Epoch Time(s): 2.8040Rank 26, Avg Epoch Time(s): 2.8040

Rank 30, Avg Epoch Time(s): 2.8040
Rank 28, Avg Epoch Time(s): 2.8040
All parts avg epoch time 2.8040 sec, throughput 70118.5781 seeds/sec
parent ends
parent ends
parent ends
parent ends
parent ends
parent ends
parent ends
parent ends
Client[41] in group[0] is exiting...
Client[39] in group[0] is exiting...
Client[37] in group[0] is exiting...Client[45] in group[0] is exiting...

Client[36] in group[0] is exiting...
Client[40] in group[0] is exiting...
Client[38] in group[0] is exiting...
Client[35] in group[0] is exiting...
parent ends
parent ends
parent ends
parent ends
parent ends
parent ends
parent ends
parent ends
parent ends
parent ends
Client[6] in group[0] is exiting...
parent ends
parent ends
Client[51] in group[0] is exiting...
Client[54] in group[0] is exiting...
Client[4] in group[0] is exiting...
Client[0] in group[0] is exiting...
Client[3] in group[0] is exiting...
parent ends
parent ends
Client[13] in group[0] is exiting...
parent ends
Client[49] in group[0] is exiting...
Client[10] in group[0] is exiting...
parent ends
Client[63] in group[0] is exiting...
parent ends
Client[55] in group[0] is exiting...
Client[22] in group[0] is exiting...
parent ends
Client[59] in group[0] is exiting...
parent ends
parent ends
Client[9] in group[0] is exiting...
Client[20] in group[0] is exiting...
parent ends
parent ends
Client[61] in group[0] is exiting...
Client[25] in group[0] is exiting...
parent ends
Client[19] in group[0] is exiting...
Client[23] in group[0] is exiting...
Client[1] in group[0] is exiting...
parent ends
Client[29] in group[0] is exiting...
Client[52] in group[0] is exiting...
Client[30] in group[0] is exiting...
Client[31] in group[0] is exiting...
Namespace(cache_server_addr='127.0.0.1', cache_server_port=32451, graph_name='ogbn-products', id=None, ip_config='ip_config4.txt', part_config=None, n_classes=None, num_gpus=8, num_epochs=20, num_hidden=64, fan_out='5,10,15', batch_size=1000, batch_size_eval=100000, log_every=20, eval_every=51, lr=0.003, dropout=0.5, local_rank=None, standalone=False, sparse_lr=0.01, presampling=True, hot_threshold=0.1, emb_cache_rate=0.2)
load ogbn-products
Start to create specified graph formats which may take non-trivial time.
Finished creating specified graph formats.
start graph service on server 16 for part 1
Server is waiting for connections on [172.31.25.229:30050]...
Server (16) shutdown.
Server is exiting...
Namespace(cache_server_addr='127.0.0.1', cache_server_port=32451, graph_name='ogbn-products', id=None, ip_config='ip_config4.txt', part_config=None, n_classes=None, num_gpus=8, num_epochs=20, num_hidden=64, fan_out='5,10,15', batch_size=1000, batch_size_eval=100000, log_every=20, eval_every=51, lr=0.003, dropout=0.5, local_rank=None, standalone=False, sparse_lr=0.01, presampling=True, hot_threshold=0.1, emb_cache_rate=0.2)
load ogbn-products
Start to create specified graph formats which may take non-trivial time.
Finished creating specified graph formats.
start graph service on server 0 for part 0
Server is waiting for connections on [172.31.20.34:30050]...
Server (0) shutdown.
Server is exiting...
Namespace(cache_server_addr='127.0.0.1', cache_server_port=32451, graph_name='ogbn-products', id=None, ip_config='ip_config4.txt', part_config=None, n_classes=None, num_gpus=8, num_epochs=20, num_hidden=64, fan_out='5,10,15', batch_size=1000, batch_size_eval=100000, log_every=20, eval_every=51, lr=0.003, dropout=0.5, local_rank=None, standalone=False, sparse_lr=0.01, presampling=True, hot_threshold=0.1, emb_cache_rate=0.2)
start graph service on server 26 for part 1
Server is waiting for connections on [172.31.25.229:30060]...
Server (26) shutdown.
Server is exiting...
Namespace(cache_server_addr='127.0.0.1', cache_server_port=32451, graph_name='ogbn-products', id=None, ip_config='ip_config4.txt', part_config=None, n_classes=None, num_gpus=8, num_epochs=20, num_hidden=64, fan_out='5,10,15', batch_size=1000, batch_size_eval=100000, log_every=20, eval_every=51, lr=0.003, dropout=0.5, local_rank=None, standalone=False, sparse_lr=0.01, presampling=True, hot_threshold=0.1, emb_cache_rate=0.2)
start graph service on server 4 for part 0
Server is waiting for connections on [172.31.20.34:30054]...
Server (4) shutdown.
Server is exiting...
Namespace(cache_server_addr='127.0.0.1', cache_server_port=32451, graph_name='ogbn-products', id=None, ip_config='ip_config4.txt', part_config=None, n_classes=None, num_gpus=8, num_epochs=20, num_hidden=64, fan_out='5,10,15', batch_size=1000, batch_size_eval=100000, log_every=20, eval_every=51, lr=0.003, dropout=0.5, local_rank=None, standalone=False, sparse_lr=0.01, presampling=True, hot_threshold=0.1, emb_cache_rate=0.2)
start graph service on server 9 for part 0
Server is waiting for connections on [172.31.20.34:30059]...
Server (9) shutdown.
Server is exiting...
Namespace(cache_server_addr='127.0.0.1', cache_server_port=32451, graph_name='ogbn-products', id=None, ip_config='ip_config4.txt', part_config=None, n_classes=None, num_gpus=8, num_epochs=20, num_hidden=64, fan_out='5,10,15', batch_size=1000, batch_size_eval=100000, log_every=20, eval_every=51, lr=0.003, dropout=0.5, local_rank=None, standalone=False, sparse_lr=0.01, presampling=True, hot_threshold=0.1, emb_cache_rate=0.2)
start graph service on server 13 for part 0
Server is waiting for connections on [172.31.20.34:30063]...
Server (13) shutdown.
Server is exiting...
Namespace(cache_server_addr='127.0.0.1', cache_server_port=32451, graph_name='ogbn-products', id=None, ip_config='ip_config4.txt', part_config=None, n_classes=None, num_gpus=8, num_epochs=20, num_hidden=64, fan_out='5,10,15', batch_size=1000, batch_size_eval=100000, log_every=20, eval_every=51, lr=0.003, dropout=0.5, local_rank=None, standalone=False, sparse_lr=0.01, presampling=True, hot_threshold=0.1, emb_cache_rate=0.2)
start graph service on server 5 for part 0
Server is waiting for connections on [172.31.20.34:30055]...
Server (5) shutdown.
Server is exiting...
Namespace(cache_server_addr='127.0.0.1', cache_server_port=32451, graph_name='ogbn-products', id=None, ip_config='ip_config4.txt', part_config=None, n_classes=None, num_gpus=8, num_epochs=20, num_hidden=64, fan_out='5,10,15', batch_size=1000, batch_size_eval=100000, log_every=20, eval_every=51, lr=0.003, dropout=0.5, local_rank=None, standalone=False, sparse_lr=0.01, presampling=True, hot_threshold=0.1, emb_cache_rate=0.2)
start graph service on server 3 for part 0
Server is waiting for connections on [172.31.20.34:30053]...
Server (3) shutdown.
Server is exiting...
Namespace(cache_server_addr='127.0.0.1', cache_server_port=32451, graph_name='ogbn-products', id=None, ip_config='ip_config4.txt', part_config=None, n_classes=None, num_gpus=8, num_epochs=20, num_hidden=64, fan_out='5,10,15', batch_size=1000, batch_size_eval=100000, log_every=20, eval_every=51, lr=0.003, dropout=0.5, local_rank=None, standalone=False, sparse_lr=0.01, presampling=True, hot_threshold=0.1, emb_cache_rate=0.2)
start graph service on server 7 for part 0
Server is waiting for connections on [172.31.20.34:30057]...
Server (7) shutdown.
Server is exiting...
Namespace(cache_server_addr='127.0.0.1', cache_server_port=32451, graph_name='ogbn-products', id=None, ip_config='ip_config4.txt', part_config=None, n_classes=None, num_gpus=8, num_epochs=20, num_hidden=64, fan_out='5,10,15', batch_size=1000, batch_size_eval=100000, log_every=20, eval_every=51, lr=0.003, dropout=0.5, local_rank=None, standalone=False, sparse_lr=0.01, presampling=True, hot_threshold=0.1, emb_cache_rate=0.2)
start graph service on server 12 for part 0
Server is waiting for connections on [172.31.20.34:30062]...
Server (12) shutdown.
Server is exiting...
Namespace(cache_server_addr='127.0.0.1', cache_server_port=32451, graph_name='ogbn-products', id=None, ip_config='ip_config4.txt', part_config=None, n_classes=None, num_gpus=8, num_epochs=20, num_hidden=64, fan_out='5,10,15', batch_size=1000, batch_size_eval=100000, log_every=20, eval_every=51, lr=0.003, dropout=0.5, local_rank=None, standalone=False, sparse_lr=0.01, presampling=True, hot_threshold=0.1, emb_cache_rate=0.2)
start graph service on server 14 for part 0
Server is waiting for connections on [172.31.20.34:30064]...
Server (14) shutdown.
Server is exiting...
Namespace(cache_server_addr='127.0.0.1', cache_server_port=32451, graph_name='ogbn-products', id=None, ip_config='ip_config4.txt', part_config=None, n_classes=None, num_gpus=8, num_epochs=20, num_hidden=64, fan_out='5,10,15', batch_size=1000, batch_size_eval=100000, log_every=20, eval_every=51, lr=0.003, dropout=0.5, local_rank=None, standalone=False, sparse_lr=0.01, presampling=True, hot_threshold=0.1, emb_cache_rate=0.2)
start graph service on server 15 for part 0
Server is waiting for connections on [172.31.20.34:30065]...
Server (15) shutdown.
Server is exiting...
Namespace(cache_server_addr='127.0.0.1', cache_server_port=32451, graph_name='ogbn-products', id=None, ip_config='ip_config4.txt', part_config=None, n_classes=None, num_gpus=8, num_epochs=20, num_hidden=64, fan_out='5,10,15', batch_size=1000, batch_size_eval=100000, log_every=20, eval_every=51, lr=0.003, dropout=0.5, local_rank=None, standalone=False, sparse_lr=0.01, presampling=True, hot_threshold=0.1, emb_cache_rate=0.2)
start graph service on server 6 for part 0
Server is waiting for connections on [172.31.20.34:30056]...
Server (6) shutdown.
Server is exiting...
Namespace(cache_server_addr='127.0.0.1', cache_server_port=32451, graph_name='ogbn-products', id=None, ip_config='ip_config4.txt', part_config=None, n_classes=None, num_gpus=8, num_epochs=20, num_hidden=64, fan_out='5,10,15', batch_size=1000, batch_size_eval=100000, log_every=20, eval_every=51, lr=0.003, dropout=0.5, local_rank=None, standalone=False, sparse_lr=0.01, presampling=True, hot_threshold=0.1, emb_cache_rate=0.2)
start graph service on server 1 for part 0
Server is waiting for connections on [172.31.20.34:30051]...
Server (1) shutdown.
Server is exiting...
Namespace(cache_server_addr='127.0.0.1', cache_server_port=32451, graph_name='ogbn-products', id=None, ip_config='ip_config4.txt', part_config=None, n_classes=None, num_gpus=8, num_epochs=20, num_hidden=64, fan_out='5,10,15', batch_size=1000, batch_size_eval=100000, log_every=20, eval_every=51, lr=0.003, dropout=0.5, local_rank=None, standalone=False, sparse_lr=0.01, presampling=True, hot_threshold=0.1, emb_cache_rate=0.2)
start graph service on server 11 for part 0
Server is waiting for connections on [172.31.20.34:30061]...
Server (11) shutdown.
Server is exiting...
Namespace(cache_server_addr='127.0.0.1', cache_server_port=32451, graph_name='ogbn-products', id=None, ip_config='ip_config4.txt', part_config=None, n_classes=None, num_gpus=8, num_epochs=20, num_hidden=64, fan_out='5,10,15', batch_size=1000, batch_size_eval=100000, log_every=20, eval_every=51, lr=0.003, dropout=0.5, local_rank=None, standalone=False, sparse_lr=0.01, presampling=True, hot_threshold=0.1, emb_cache_rate=0.2)
start graph service on server 8 for part 0
Server is waiting for connections on [172.31.20.34:30058]...
Server (8) shutdown.
Server is exiting...
Namespace(cache_server_addr='127.0.0.1', cache_server_port=32451, graph_name='ogbn-products', id=None, ip_config='ip_config4.txt', part_config=None, n_classes=None, num_gpus=8, num_epochs=20, num_hidden=64, fan_out='5,10,15', batch_size=1000, batch_size_eval=100000, log_every=20, eval_every=51, lr=0.003, dropout=0.5, local_rank=None, standalone=False, sparse_lr=0.01, presampling=True, hot_threshold=0.1, emb_cache_rate=0.2)
start graph service on server 10 for part 0
Server is waiting for connections on [172.31.20.34:30060]...
Server (10) shutdown.
Server is exiting...
Namespace(cache_server_addr='127.0.0.1', cache_server_port=32451, graph_name='ogbn-products', id=None, ip_config='ip_config4.txt', part_config=None, n_classes=None, num_gpus=8, num_epochs=20, num_hidden=64, fan_out='5,10,15', batch_size=1000, batch_size_eval=100000, log_every=20, eval_every=51, lr=0.003, dropout=0.5, local_rank=None, standalone=False, sparse_lr=0.01, presampling=True, hot_threshold=0.1, emb_cache_rate=0.2)
start graph service on server 2 for part 0
Server is waiting for connections on [172.31.20.34:30052]...
Server (2) shutdown.
Server is exiting...
Namespace(cache_server_addr='127.0.0.1', cache_server_port=32451, graph_name='ogbn-products', id=None, ip_config='ip_config4.txt', part_config=None, n_classes=None, num_gpus=8, num_epochs=20, num_hidden=64, fan_out='5,10,15', batch_size=1000, batch_size_eval=100000, log_every=20, eval_every=51, lr=0.003, dropout=0.5, local_rank=None, standalone=False, sparse_lr=0.01, presampling=True, hot_threshold=0.1, emb_cache_rate=0.2)
start graph service on server 18 for part 1
Server is waiting for connections on [172.31.25.229:30052]...
Server (18) shutdown.
Server is exiting...
Namespace(cache_server_addr='127.0.0.1', cache_server_port=32451, graph_name='ogbn-products', id=None, ip_config='ip_config4.txt', part_config=None, n_classes=None, num_gpus=8, num_epochs=20, num_hidden=64, fan_out='5,10,15', batch_size=1000, batch_size_eval=100000, log_every=20, eval_every=51, lr=0.003, dropout=0.5, local_rank=None, standalone=False, sparse_lr=0.01, presampling=True, hot_threshold=0.1, emb_cache_rate=0.2)
start graph service on server 21 for part 1
Server is waiting for connections on [172.31.25.229:30055]...
Server (21) shutdown.
Server is exiting...
Namespace(cache_server_addr='127.0.0.1', cache_server_port=32451, graph_name='ogbn-products', id=None, ip_config='ip_config4.txt', part_config=None, n_classes=None, num_gpus=8, num_epochs=20, num_hidden=64, fan_out='5,10,15', batch_size=1000, batch_size_eval=100000, log_every=20, eval_every=51, lr=0.003, dropout=0.5, local_rank=None, standalone=False, sparse_lr=0.01, presampling=True, hot_threshold=0.1, emb_cache_rate=0.2)
start graph service on server 17 for part 1
Server is waiting for connections on [172.31.25.229:30051]...
Server (17) shutdown.
Server is exiting...
Namespace(cache_server_addr='127.0.0.1', cache_server_port=32451, graph_name='ogbn-products', id=None, ip_config='ip_config4.txt', part_config=None, n_classes=None, num_gpus=8, num_epochs=20, num_hidden=64, fan_out='5,10,15', batch_size=1000, batch_size_eval=100000, log_every=20, eval_every=51, lr=0.003, dropout=0.5, local_rank=None, standalone=False, sparse_lr=0.01, presampling=True, hot_threshold=0.1, emb_cache_rate=0.2)
start graph service on server 27 for part 1
Server is waiting for connections on [172.31.25.229:30061]...
Server (27) shutdown.
Server is exiting...
Namespace(cache_server_addr='127.0.0.1', cache_server_port=32451, graph_name='ogbn-products', id=None, ip_config='ip_config4.txt', part_config=None, n_classes=None, num_gpus=8, num_epochs=20, num_hidden=64, fan_out='5,10,15', batch_size=1000, batch_size_eval=100000, log_every=20, eval_every=51, lr=0.003, dropout=0.5, local_rank=None, standalone=False, sparse_lr=0.01, presampling=True, hot_threshold=0.1, emb_cache_rate=0.2)
start graph service on server 22 for part 1
Server is waiting for connections on [172.31.25.229:30056]...
Server (22) shutdown.
Server is exiting...
Namespace(cache_server_addr='127.0.0.1', cache_server_port=32451, graph_name='ogbn-products', id=None, ip_config='ip_config4.txt', part_config=None, n_classes=None, num_gpus=8, num_epochs=20, num_hidden=64, fan_out='5,10,15', batch_size=1000, batch_size_eval=100000, log_every=20, eval_every=51, lr=0.003, dropout=0.5, local_rank=None, standalone=False, sparse_lr=0.01, presampling=True, hot_threshold=0.1, emb_cache_rate=0.2)
start graph service on server 19 for part 1
Server is waiting for connections on [172.31.25.229:30053]...
Server (19) shutdown.
Server is exiting...
Namespace(cache_server_addr='127.0.0.1', cache_server_port=32451, graph_name='ogbn-products', id=None, ip_config='ip_config4.txt', part_config=None, n_classes=None, num_gpus=8, num_epochs=20, num_hidden=64, fan_out='5,10,15', batch_size=1000, batch_size_eval=100000, log_every=20, eval_every=51, lr=0.003, dropout=0.5, local_rank=None, standalone=False, sparse_lr=0.01, presampling=True, hot_threshold=0.1, emb_cache_rate=0.2)
start graph service on server 29 for part 1
Server is waiting for connections on [172.31.25.229:30063]...
Server (29) shutdown.
Server is exiting...
Namespace(cache_server_addr='127.0.0.1', cache_server_port=32451, graph_name='ogbn-products', id=None, ip_config='ip_config4.txt', part_config=None, n_classes=None, num_gpus=8, num_epochs=20, num_hidden=64, fan_out='5,10,15', batch_size=1000, batch_size_eval=100000, log_every=20, eval_every=51, lr=0.003, dropout=0.5, local_rank=None, standalone=False, sparse_lr=0.01, presampling=True, hot_threshold=0.1, emb_cache_rate=0.2)
start graph service on server 24 for part 1
Server is waiting for connections on [172.31.25.229:30058]...
Server (24) shutdown.
Server is exiting...
Namespace(cache_server_addr='127.0.0.1', cache_server_port=32451, graph_name='ogbn-products', id=None, ip_config='ip_config4.txt', part_config=None, n_classes=None, num_gpus=8, num_epochs=20, num_hidden=64, fan_out='5,10,15', batch_size=1000, batch_size_eval=100000, log_every=20, eval_every=51, lr=0.003, dropout=0.5, local_rank=None, standalone=False, sparse_lr=0.01, presampling=True, hot_threshold=0.1, emb_cache_rate=0.2)
start graph service on server 25 for part 1
Server is waiting for connections on [172.31.25.229:30059]...
Server (25) shutdown.
Server is exiting...
Namespace(cache_server_addr='127.0.0.1', cache_server_port=32451, graph_name='ogbn-products', id=None, ip_config='ip_config4.txt', part_config=None, n_classes=None, num_gpus=8, num_epochs=20, num_hidden=64, fan_out='5,10,15', batch_size=1000, batch_size_eval=100000, log_every=20, eval_every=51, lr=0.003, dropout=0.5, local_rank=None, standalone=False, sparse_lr=0.01, presampling=True, hot_threshold=0.1, emb_cache_rate=0.2)
start graph service on server 28 for part 1
Server is waiting for connections on [172.31.25.229:30062]...
Server (28) shutdown.
Server is exiting...
Namespace(cache_server_addr='127.0.0.1', cache_server_port=32451, graph_name='ogbn-products', id=None, ip_config='ip_config4.txt', part_config=None, n_classes=None, num_gpus=8, num_epochs=20, num_hidden=64, fan_out='5,10,15', batch_size=1000, batch_size_eval=100000, log_every=20, eval_every=51, lr=0.003, dropout=0.5, local_rank=None, standalone=False, sparse_lr=0.01, presampling=True, hot_threshold=0.1, emb_cache_rate=0.2)
start graph service on server 20 for part 1
Server is waiting for connections on [172.31.25.229:30054]...
Server (20) shutdown.
Server is exiting...
Namespace(cache_server_addr='127.0.0.1', cache_server_port=32451, graph_name='ogbn-products', id=None, ip_config='ip_config4.txt', part_config=None, n_classes=None, num_gpus=8, num_epochs=20, num_hidden=64, fan_out='5,10,15', batch_size=1000, batch_size_eval=100000, log_every=20, eval_every=51, lr=0.003, dropout=0.5, local_rank=None, standalone=False, sparse_lr=0.01, presampling=True, hot_threshold=0.1, emb_cache_rate=0.2)
start graph service on server 23 for part 1
Server is waiting for connections on [172.31.25.229:30057]...
Server (23) shutdown.
Server is exiting...
Namespace(cache_server_addr='127.0.0.1', cache_server_port=32451, graph_name='ogbn-products', id=None, ip_config='ip_config4.txt', part_config=None, n_classes=None, num_gpus=8, num_epochs=20, num_hidden=64, fan_out='5,10,15', batch_size=1000, batch_size_eval=100000, log_every=20, eval_every=51, lr=0.003, dropout=0.5, local_rank=None, standalone=False, sparse_lr=0.01, presampling=True, hot_threshold=0.1, emb_cache_rate=0.2)
load ogbn-products
Start to create specified graph formats which may take non-trivial time.
Finished creating specified graph formats.
start graph service on server 32 for part 2
Server is waiting for connections on [172.31.20.203:30050]...
Server (32) shutdown.
Server is exiting...
Namespace(cache_server_addr='127.0.0.1', cache_server_port=32451, graph_name='ogbn-products', id=None, ip_config='ip_config4.txt', part_config=None, n_classes=None, num_gpus=8, num_epochs=20, num_hidden=64, fan_out='5,10,15', batch_size=1000, batch_size_eval=100000, log_every=20, eval_every=51, lr=0.003, dropout=0.5, local_rank=None, standalone=False, sparse_lr=0.01, presampling=True, hot_threshold=0.1, emb_cache_rate=0.2)
load ogbn-products
Start to create specified graph formats which may take non-trivial time.
Finished creating specified graph formats.
start graph service on server 48 for part 3
Server is waiting for connections on [172.31.16.179:30050]...
Server (48) shutdown.
Server is exiting...
Namespace(cache_server_addr='127.0.0.1', cache_server_port=32451, graph_name='ogbn-products', id=None, ip_config='ip_config4.txt', part_config=None, n_classes=None, num_gpus=8, num_epochs=20, num_hidden=64, fan_out='5,10,15', batch_size=1000, batch_size_eval=100000, log_every=20, eval_every=51, lr=0.003, dropout=0.5, local_rank=None, standalone=False, sparse_lr=0.01, presampling=True, hot_threshold=0.1, emb_cache_rate=0.2)
start graph service on server 30 for part 1
Server is waiting for connections on [172.31.25.229:30064]...
Server (30) shutdown.
Server is exiting...
Namespace(cache_server_addr='127.0.0.1', cache_server_port=32451, graph_name='ogbn-products', id=None, ip_config='ip_config4.txt', part_config=None, n_classes=None, num_gpus=8, num_epochs=20, num_hidden=64, fan_out='5,10,15', batch_size=1000, batch_size_eval=100000, log_every=20, eval_every=51, lr=0.003, dropout=0.5, local_rank=None, standalone=False, sparse_lr=0.01, presampling=True, hot_threshold=0.1, emb_cache_rate=0.2)
start graph service on server 31 for part 1
Server is waiting for connections on [172.31.25.229:30065]...
Server (31) shutdown.
Server is exiting...
Namespace(cache_server_addr='127.0.0.1', cache_server_port=32451, graph_name='ogbn-products', id=None, ip_config='ip_config4.txt', part_config=None, n_classes=None, num_gpus=8, num_epochs=20, num_hidden=64, fan_out='5,10,15', batch_size=1000, batch_size_eval=100000, log_every=20, eval_every=51, lr=0.003, dropout=0.5, local_rank=None, standalone=False, sparse_lr=0.01, presampling=True, hot_threshold=0.1, emb_cache_rate=0.2)
start graph service on server 50 for part 3
Server is waiting for connections on [172.31.16.179:30052]...
Server (50) shutdown.
Server is exiting...
Namespace(cache_server_addr='127.0.0.1', cache_server_port=32451, graph_name='ogbn-products', id=None, ip_config='ip_config4.txt', part_config=None, n_classes=None, num_gpus=8, num_epochs=20, num_hidden=64, fan_out='5,10,15', batch_size=1000, batch_size_eval=100000, log_every=20, eval_every=51, lr=0.003, dropout=0.5, local_rank=None, standalone=False, sparse_lr=0.01, presampling=True, hot_threshold=0.1, emb_cache_rate=0.2)
start graph service on server 41 for part 2
Server is waiting for connections on [172.31.20.203:30059]...
Server (41) shutdown.
Server is exiting...
Client [47258] waits on 172.31.25.229:35279
Machine (1) group (0) client (50) connect to server successfuly!
Client[50] in group[0] is exiting...
Client [47259] waits on 172.31.25.229:59501
Machine (1) group (0) client (62) connect to server successfuly!
Client[62] in group[0] is exiting...
Client [46991] waits on 172.31.25.229:34203
Machine (1) group (0) client (48) connect to server successfuly!
Client[48] in group[0] is exiting...
Client [47468] waits on 172.31.25.229:53227
Machine (1) group (0) client (60) connect to server successfuly!
Client[60] in group[0] is exiting...
Client [74358] waits on 172.31.20.34:55581
Machine (0) group (0) client (44) connect to server successfuly!
Client[44] in group[0] is exiting...
Client [74432] waits on 172.31.20.34:37385
Machine (0) group (0) client (34) connect to server successfuly!
Client[34] in group[0] is exiting...
Client [74575] waits on 172.31.20.34:36131
Machine (0) group (0) client (33) connect to server successfuly!
Client[33] in group[0] is exiting...
Client [47189] waits on 172.31.25.229:47523
Machine (1) group (0) client (57) connect to server successfuly!
Client[57] in group[0] is exiting...
Client [47123] waits on 172.31.25.229:49853
Machine (1) group (0) client (58) connect to server successfuly!
Client[58] in group[0] is exiting...
Client [47215] waits on 172.31.25.229:38799
Machine (1) group (0) client (53) connect to server successfuly!
Client[53] in group[0] is exiting...
Client [74972] waits on 172.31.20.34:55461
Machine (0) group (0) client (43) connect to server successfuly!
Client[43] in group[0] is exiting...
Client [74435] waits on 172.31.20.34:57817
Machine (0) group (0) client (47) connect to server successfuly!
Client[47] in group[0] is exiting...
Client [74725] waits on 172.31.20.34:33915
Machine (0) group (0) client (32) connect to server successfuly!
Client[32] in group[0] is exiting...
Client [74851] waits on 172.31.20.34:57067
Machine (0) group (0) client (46) connect to server successfuly!
Client[46] in group[0] is exiting...
Client [74433] waits on 172.31.20.34:55445
Machine (0) group (0) client (42) connect to server successfuly!
Client[42] in group[0] is exiting...
Client [47057] waits on 172.31.25.229:44003
Machine (1) group (0) client (56) connect to server successfuly!
Client[56] in group[0] is exiting...
Namespace(cache_server_addr='127.0.0.1', cache_server_port=32451, graph_name='ogbn-products', id=None, ip_config='ip_config4.txt', part_config=None, n_classes=None, num_gpus=8, num_epochs=20, num_hidden=64, fan_out='5,10,15', batch_size=1000, batch_size_eval=100000, log_every=20, eval_every=51, lr=0.003, dropout=0.5, local_rank=None, standalone=False, sparse_lr=0.01, presampling=True, hot_threshold=0.1, emb_cache_rate=0.2)
start graph service on server 40 for part 2
Server is waiting for connections on [172.31.20.203:30058]...
Server (40) shutdown.
Server is exiting...
Namespace(cache_server_addr='127.0.0.1', cache_server_port=32451, graph_name='ogbn-products', id=None, ip_config='ip_config4.txt', part_config=None, n_classes=None, num_gpus=8, num_epochs=20, num_hidden=64, fan_out='5,10,15', batch_size=1000, batch_size_eval=100000, log_every=20, eval_every=51, lr=0.003, dropout=0.5, local_rank=None, standalone=False, sparse_lr=0.01, presampling=True, hot_threshold=0.1, emb_cache_rate=0.2)
start graph service on server 47 for part 2
Server is waiting for connections on [172.31.20.203:30065]...
Server (47) shutdown.
Server is exiting...
Namespace(cache_server_addr='127.0.0.1', cache_server_port=32451, graph_name='ogbn-products', id=None, ip_config='ip_config4.txt', part_config=None, n_classes=None, num_gpus=8, num_epochs=20, num_hidden=64, fan_out='5,10,15', batch_size=1000, batch_size_eval=100000, log_every=20, eval_every=51, lr=0.003, dropout=0.5, local_rank=None, standalone=False, sparse_lr=0.01, presampling=True, hot_threshold=0.1, emb_cache_rate=0.2)
start graph service on server 33 for part 2
Server is waiting for connections on [172.31.20.203:30051]...
Server (33) shutdown.
Server is exiting...
Namespace(cache_server_addr='127.0.0.1', cache_server_port=32451, graph_name='ogbn-products', id=None, ip_config='ip_config4.txt', part_config=None, n_classes=None, num_gpus=8, num_epochs=20, num_hidden=64, fan_out='5,10,15', batch_size=1000, batch_size_eval=100000, log_every=20, eval_every=51, lr=0.003, dropout=0.5, local_rank=None, standalone=False, sparse_lr=0.01, presampling=True, hot_threshold=0.1, emb_cache_rate=0.2)
start graph service on server 45 for part 2
Server is waiting for connections on [172.31.20.203:30063]...
Server (45) shutdown.
Server is exiting...
Client [48168] waits on 172.31.20.203:36679
Machine (2) group (0) client (18) connect to server successfuly!
Client[18] in group[0] is exiting...
Client [48099] waits on 172.31.20.203:42297
Machine (2) group (0) client (24) connect to server successfuly!
Client[24] in group[0] is exiting...
Namespace(cache_server_addr='127.0.0.1', cache_server_port=32451, graph_name='ogbn-products', id=None, ip_config='ip_config4.txt', part_config=None, n_classes=None, num_gpus=8, num_epochs=20, num_hidden=64, fan_out='5,10,15', batch_size=1000, batch_size_eval=100000, log_every=20, eval_every=51, lr=0.003, dropout=0.5, local_rank=None, standalone=False, sparse_lr=0.01, presampling=True, hot_threshold=0.1, emb_cache_rate=0.2)
start graph service on server 35 for part 2
Server is waiting for connections on [172.31.20.203:30053]...
Server (35) shutdown.
Server is exiting...
Client [48525] waits on 172.31.20.203:43633
Machine (2) group (0) client (26) connect to server successfuly!
Client[26] in group[0] is exiting...
Namespace(cache_server_addr='127.0.0.1', cache_server_port=32451, graph_name='ogbn-products', id=None, ip_config='ip_config4.txt', part_config=None, n_classes=None, num_gpus=8, num_epochs=20, num_hidden=64, fan_out='5,10,15', batch_size=1000, batch_size_eval=100000, log_every=20, eval_every=51, lr=0.003, dropout=0.5, local_rank=None, standalone=False, sparse_lr=0.01, presampling=True, hot_threshold=0.1, emb_cache_rate=0.2)
start graph service on server 43 for part 2
Server is waiting for connections on [172.31.20.203:30061]...
Server (43) shutdown.
Server is exiting...
Namespace(cache_server_addr='127.0.0.1', cache_server_port=32451, graph_name='ogbn-products', id=None, ip_config='ip_config4.txt', part_config=None, n_classes=None, num_gpus=8, num_epochs=20, num_hidden=64, fan_out='5,10,15', batch_size=1000, batch_size_eval=100000, log_every=20, eval_every=51, lr=0.003, dropout=0.5, local_rank=None, standalone=False, sparse_lr=0.01, presampling=True, hot_threshold=0.1, emb_cache_rate=0.2)
start graph service on server 37 for part 2
Server is waiting for connections on [172.31.20.203:30055]...
Server (37) shutdown.
Server is exiting...
Namespace(cache_server_addr='127.0.0.1', cache_server_port=32451, graph_name='ogbn-products', id=None, ip_config='ip_config4.txt', part_config=None, n_classes=None, num_gpus=8, num_epochs=20, num_hidden=64, fan_out='5,10,15', batch_size=1000, batch_size_eval=100000, log_every=20, eval_every=51, lr=0.003, dropout=0.5, local_rank=None, standalone=False, sparse_lr=0.01, presampling=True, hot_threshold=0.1, emb_cache_rate=0.2)
start graph service on server 36 for part 2
Server is waiting for connections on [172.31.20.203:30054]...
Server (36) shutdown.
Server is exiting...
Client [48591] waits on 172.31.20.203:40483
Machine (2) group (0) client (21) connect to server successfuly!
Client[21] in group[0] is exiting...
Namespace(cache_server_addr='127.0.0.1', cache_server_port=32451, graph_name='ogbn-products', id=None, ip_config='ip_config4.txt', part_config=None, n_classes=None, num_gpus=8, num_epochs=20, num_hidden=64, fan_out='5,10,15', batch_size=1000, batch_size_eval=100000, log_every=20, eval_every=51, lr=0.003, dropout=0.5, local_rank=None, standalone=False, sparse_lr=0.01, presampling=True, hot_threshold=0.1, emb_cache_rate=0.2)
start graph service on server 46 for part 2
Server is waiting for connections on [172.31.20.203:30064]...
Server (46) shutdown.
Server is exiting...
Namespace(cache_server_addr='127.0.0.1', cache_server_port=32451, graph_name='ogbn-products', id=None, ip_config='ip_config4.txt', part_config=None, n_classes=None, num_gpus=8, num_epochs=20, num_hidden=64, fan_out='5,10,15', batch_size=1000, batch_size_eval=100000, log_every=20, eval_every=51, lr=0.003, dropout=0.5, local_rank=None, standalone=False, sparse_lr=0.01, presampling=True, hot_threshold=0.1, emb_cache_rate=0.2)
start graph service on server 38 for part 2
Server is waiting for connections on [172.31.20.203:30056]...
Server (38) shutdown.
Server is exiting...
Client [48370] waits on 172.31.20.203:46511
Machine (2) group (0) client (28) connect to server successfuly!
Client[28] in group[0] is exiting...
Namespace(cache_server_addr='127.0.0.1', cache_server_port=32451, graph_name='ogbn-products', id=None, ip_config='ip_config4.txt', part_config=None, n_classes=None, num_gpus=8, num_epochs=20, num_hidden=64, fan_out='5,10,15', batch_size=1000, batch_size_eval=100000, log_every=20, eval_every=51, lr=0.003, dropout=0.5, local_rank=None, standalone=False, sparse_lr=0.01, presampling=True, hot_threshold=0.1, emb_cache_rate=0.2)
start graph service on server 34 for part 2
Server is waiting for connections on [172.31.20.203:30052]...
Server (34) shutdown.
Server is exiting...
Client [48369] waits on 172.31.20.203:44665
Machine (2) group (0) client (27) connect to server successfuly!
Client[27] in group[0] is exiting...
Client [48167] waits on 172.31.20.203:35473
Machine (2) group (0) client (17) connect to server successfuly!
Client[17] in group[0] is exiting...
Namespace(cache_server_addr='127.0.0.1', cache_server_port=32451, graph_name='ogbn-products', id=None, ip_config='ip_config4.txt', part_config=None, n_classes=None, num_gpus=8, num_epochs=20, num_hidden=64, fan_out='5,10,15', batch_size=1000, batch_size_eval=100000, log_every=20, eval_every=51, lr=0.003, dropout=0.5, local_rank=None, standalone=False, sparse_lr=0.01, presampling=True, hot_threshold=0.1, emb_cache_rate=0.2)
start graph service on server 44 for part 2
Server is waiting for connections on [172.31.20.203:30062]...
Server (44) shutdown.
Server is exiting...
Namespace(cache_server_addr='127.0.0.1', cache_server_port=32451, graph_name='ogbn-products', id=None, ip_config='ip_config4.txt', part_config=None, n_classes=None, num_gpus=8, num_epochs=20, num_hidden=64, fan_out='5,10,15', batch_size=1000, batch_size_eval=100000, log_every=20, eval_every=51, lr=0.003, dropout=0.5, local_rank=None, standalone=False, sparse_lr=0.01, presampling=True, hot_threshold=0.1, emb_cache_rate=0.2)
start graph service on server 42 for part 2
Server is waiting for connections on [172.31.20.203:30060]...
Server (42) shutdown.
Server is exiting...
Client [48169] waits on 172.31.20.203:35259
Machine (2) group (0) client (16) connect to server successfuly!
Client[16] in group[0] is exiting...
Namespace(cache_server_addr='127.0.0.1', cache_server_port=32451, graph_name='ogbn-products', id=None, ip_config='ip_config4.txt', part_config=None, n_classes=None, num_gpus=8, num_epochs=20, num_hidden=64, fan_out='5,10,15', batch_size=1000, batch_size_eval=100000, log_every=20, eval_every=51, lr=0.003, dropout=0.5, local_rank=None, standalone=False, sparse_lr=0.01, presampling=True, hot_threshold=0.1, emb_cache_rate=0.2)
start graph service on server 52 for part 3
Server is waiting for connections on [172.31.16.179:30054]...
Server (52) shutdown.
Server is exiting...
Client [46949] waits on 172.31.16.179:59473
Machine (3) group (0) client (14) connect to server successfuly!
Client[14] in group[0] is exiting...
Client [47020] waits on 172.31.16.179:55201
Machine (3) group (0) client (11) connect to server successfuly!
Client[11] in group[0] is exiting...
Namespace(cache_server_addr='127.0.0.1', cache_server_port=32451, graph_name='ogbn-products', id=None, ip_config='ip_config4.txt', part_config=None, n_classes=None, num_gpus=8, num_epochs=20, num_hidden=64, fan_out='5,10,15', batch_size=1000, batch_size_eval=100000, log_every=20, eval_every=51, lr=0.003, dropout=0.5, local_rank=None, standalone=False, sparse_lr=0.01, presampling=True, hot_threshold=0.1, emb_cache_rate=0.2)
start graph service on server 53 for part 3
Server is waiting for connections on [172.31.16.179:30055]...
Server (53) shutdown.
Server is exiting...
Client [46748] waits on 172.31.16.179:39811
Machine (3) group (0) client (5) connect to server successfuly!
Client[5] in group[0] is exiting...
Namespace(cache_server_addr='127.0.0.1', cache_server_port=32451, graph_name='ogbn-products', id=None, ip_config='ip_config4.txt', part_config=None, n_classes=None, num_gpus=8, num_epochs=20, num_hidden=64, fan_out='5,10,15', batch_size=1000, batch_size_eval=100000, log_every=20, eval_every=51, lr=0.003, dropout=0.5, local_rank=None, standalone=False, sparse_lr=0.01, presampling=True, hot_threshold=0.1, emb_cache_rate=0.2)
start graph service on server 57 for part 3
Server is waiting for connections on [172.31.16.179:30059]...
Server (57) shutdown.
Server is exiting...
Namespace(cache_server_addr='127.0.0.1', cache_server_port=32451, graph_name='ogbn-products', id=None, ip_config='ip_config4.txt', part_config=None, n_classes=None, num_gpus=8, num_epochs=20, num_hidden=64, fan_out='5,10,15', batch_size=1000, batch_size_eval=100000, log_every=20, eval_every=51, lr=0.003, dropout=0.5, local_rank=None, standalone=False, sparse_lr=0.01, presampling=True, hot_threshold=0.1, emb_cache_rate=0.2)
start graph service on server 60 for part 3
Server is waiting for connections on [172.31.16.179:30062]...
Server (60) shutdown.
Server is exiting...
Namespace(cache_server_addr='127.0.0.1', cache_server_port=32451, graph_name='ogbn-products', id=None, ip_config='ip_config4.txt', part_config=None, n_classes=None, num_gpus=8, num_epochs=20, num_hidden=64, fan_out='5,10,15', batch_size=1000, batch_size_eval=100000, log_every=20, eval_every=51, lr=0.003, dropout=0.5, local_rank=None, standalone=False, sparse_lr=0.01, presampling=True, hot_threshold=0.1, emb_cache_rate=0.2)
start graph service on server 58 for part 3
Server is waiting for connections on [172.31.16.179:30060]...
Server (58) shutdown.
Server is exiting...
Client [46878] waits on 172.31.16.179:34215
Machine (3) group (0) client (2) connect to server successfuly!
Client[2] in group[0] is exiting...
Client [47101] waits on 172.31.16.179:49477
Machine (3) group (0) client (8) connect to server successfuly!
Client[8] in group[0] is exiting...
Namespace(cache_server_addr='127.0.0.1', cache_server_port=32451, graph_name='ogbn-products', id=None, ip_config='ip_config4.txt', part_config=None, n_classes=None, num_gpus=8, num_epochs=20, num_hidden=64, fan_out='5,10,15', batch_size=1000, batch_size_eval=100000, log_every=20, eval_every=51, lr=0.003, dropout=0.5, local_rank=None, standalone=False, sparse_lr=0.01, presampling=True, hot_threshold=0.1, emb_cache_rate=0.2)
start graph service on server 55 for part 3
Server is waiting for connections on [172.31.16.179:30057]...
Server (55) shutdown.
Server is exiting...
Client [46680] waits on 172.31.16.179:49141
Machine (3) group (0) client (7) connect to server successfuly!
Client[7] in group[0] is exiting...
Namespace(cache_server_addr='127.0.0.1', cache_server_port=32451, graph_name='ogbn-products', id=None, ip_config='ip_config4.txt', part_config=None, n_classes=None, num_gpus=8, num_epochs=20, num_hidden=64, fan_out='5,10,15', batch_size=1000, batch_size_eval=100000, log_every=20, eval_every=51, lr=0.003, dropout=0.5, local_rank=None, standalone=False, sparse_lr=0.01, presampling=True, hot_threshold=0.1, emb_cache_rate=0.2)
start graph service on server 54 for part 3
Server is waiting for connections on [172.31.16.179:30056]...
Server (54) shutdown.
Server is exiting...
Namespace(cache_server_addr='127.0.0.1', cache_server_port=32451, graph_name='ogbn-products', id=None, ip_config='ip_config4.txt', part_config=None, n_classes=None, num_gpus=8, num_epochs=20, num_hidden=64, fan_out='5,10,15', batch_size=1000, batch_size_eval=100000, log_every=20, eval_every=51, lr=0.003, dropout=0.5, local_rank=None, standalone=False, sparse_lr=0.01, presampling=True, hot_threshold=0.1, emb_cache_rate=0.2)
start graph service on server 62 for part 3
Server is waiting for connections on [172.31.16.179:30064]...
Server (62) shutdown.
Server is exiting...
Client [46615] waits on 172.31.16.179:60215
Machine (3) group (0) client (15) connect to server successfuly!
Client[15] in group[0] is exiting...
Namespace(cache_server_addr='127.0.0.1', cache_server_port=32451, graph_name='ogbn-products', id=None, ip_config='ip_config4.txt', part_config=None, n_classes=None, num_gpus=8, num_epochs=20, num_hidden=64, fan_out='5,10,15', batch_size=1000, batch_size_eval=100000, log_every=20, eval_every=51, lr=0.003, dropout=0.5, local_rank=None, standalone=False, sparse_lr=0.01, presampling=True, hot_threshold=0.1, emb_cache_rate=0.2)
start graph service on server 51 for part 3
Server is waiting for connections on [172.31.16.179:30053]...
Server (51) shutdown.
Server is exiting...
Namespace(cache_server_addr='127.0.0.1', cache_server_port=32451, graph_name='ogbn-products', id=None, ip_config='ip_config4.txt', part_config=None, n_classes=None, num_gpus=8, num_epochs=20, num_hidden=64, fan_out='5,10,15', batch_size=1000, batch_size_eval=100000, log_every=20, eval_every=51, lr=0.003, dropout=0.5, local_rank=None, standalone=False, sparse_lr=0.01, presampling=True, hot_threshold=0.1, emb_cache_rate=0.2)
start graph service on server 56 for part 3
Server is waiting for connections on [172.31.16.179:30058]...
Server (56) shutdown.
Server is exiting...
Namespace(cache_server_addr='127.0.0.1', cache_server_port=32451, graph_name='ogbn-products', id=None, ip_config='ip_config4.txt', part_config=None, n_classes=None, num_gpus=8, num_epochs=20, num_hidden=64, fan_out='5,10,15', batch_size=1000, batch_size_eval=100000, log_every=20, eval_every=51, lr=0.003, dropout=0.5, local_rank=None, standalone=False, sparse_lr=0.01, presampling=True, hot_threshold=0.1, emb_cache_rate=0.2)
start graph service on server 61 for part 3
Server is waiting for connections on [172.31.16.179:30063]...
Server (61) shutdown.
Server is exiting...
Namespace(cache_server_addr='127.0.0.1', cache_server_port=32451, graph_name='ogbn-products', id=None, ip_config='ip_config4.txt', part_config=None, n_classes=None, num_gpus=8, num_epochs=20, num_hidden=64, fan_out='5,10,15', batch_size=1000, batch_size_eval=100000, log_every=20, eval_every=51, lr=0.003, dropout=0.5, local_rank=None, standalone=False, sparse_lr=0.01, presampling=True, hot_threshold=0.1, emb_cache_rate=0.2)
start graph service on server 59 for part 3
Server is waiting for connections on [172.31.16.179:30061]...
Server (59) shutdown.
Server is exiting...
Namespace(cache_server_addr='127.0.0.1', cache_server_port=32451, graph_name='ogbn-products', id=None, ip_config='ip_config4.txt', part_config=None, n_classes=None, num_gpus=8, num_epochs=20, num_hidden=64, fan_out='5,10,15', batch_size=1000, batch_size_eval=100000, log_every=20, eval_every=51, lr=0.003, dropout=0.5, local_rank=None, standalone=False, sparse_lr=0.01, presampling=True, hot_threshold=0.1, emb_cache_rate=0.2)
start graph service on server 63 for part 3
Server is waiting for connections on [172.31.16.179:30065]...
Server (63) shutdown.
Server is exiting...
Client [46747] waits on 172.31.16.179:57239
Machine (3) group (0) client (12) connect to server successfuly!
Client[12] in group[0] is exiting...
Namespace(cache_server_addr='127.0.0.1', cache_server_port=32451, graph_name='ogbn-products', id=None, ip_config='ip_config4.txt', part_config=None, n_classes=None, num_gpus=8, num_epochs=20, num_hidden=64, fan_out='5,10,15', batch_size=1000, batch_size_eval=100000, log_every=20, eval_every=51, lr=0.003, dropout=0.5, local_rank=None, standalone=False, sparse_lr=0.01, presampling=True, hot_threshold=0.1, emb_cache_rate=0.2)
start graph service on server 39 for part 2
Server is waiting for connections on [172.31.20.203:30057]...
Server (39) shutdown.
Server is exiting...
Namespace(cache_server_addr='127.0.0.1', cache_server_port=32451, graph_name='ogbn-products', id=None, ip_config='ip_config4.txt', part_config=None, n_classes=None, num_gpus=8, num_epochs=20, num_hidden=64, fan_out='5,10,15', batch_size=1000, batch_size_eval=100000, log_every=20, eval_every=51, lr=0.003, dropout=0.5, local_rank=None, standalone=False, sparse_lr=0.01, presampling=True, hot_threshold=0.1, emb_cache_rate=0.2)
start graph service on server 49 for part 3
Server is waiting for connections on [172.31.16.179:30051]...
Server (49) shutdown.
Server is exiting...
cleanup process runs
