The number of OMP threads per trainer is set to 6
Namespace(cache_server_addr='127.0.0.1', cache_server_port=32451, graph_name='ogbn-products', id=None, ip_config='ip_config4.txt', part_config=None, n_classes=None, num_gpus=8, num_epochs=20, num_hidden=256, fan_out='5,10,15', batch_size=1000, batch_size_eval=100000, log_every=20, eval_every=1, lr=0.003, dropout=0.5, local_rank=None, standalone=False, sparse_lr=0.01, presampling=True, hot_threshold=0.1)
Namespace(cache_server_addr='127.0.0.1', cache_server_port=32451, graph_name='ogbn-products', id=None, ip_config='ip_config4.txt', part_config=None, n_classes=None, num_gpus=8, num_epochs=20, num_hidden=256, fan_out='5,10,15', batch_size=1000, batch_size_eval=100000, log_every=20, eval_every=1, lr=0.003, dropout=0.5, local_rank=None, standalone=False, sparse_lr=0.01, presampling=True, hot_threshold=0.1)
Namespace(cache_server_addr='127.0.0.1', cache_server_port=32451, graph_name='ogbn-products', id=None, ip_config='ip_config4.txt', part_config=None, n_classes=None, num_gpus=8, num_epochs=20, num_hidden=256, fan_out='5,10,15', batch_size=1000, batch_size_eval=100000, log_every=20, eval_every=1, lr=0.003, dropout=0.5, local_rank=None, standalone=False, sparse_lr=0.01, presampling=True, hot_threshold=0.1)
Namespace(cache_server_addr='127.0.0.1', cache_server_port=32451, graph_name='ogbn-products', id=None, ip_config='ip_config4.txt', part_config=None, n_classes=None, num_gpus=8, num_epochs=20, num_hidden=256, fan_out='5,10,15', batch_size=1000, batch_size_eval=100000, log_every=20, eval_every=1, lr=0.003, dropout=0.5, local_rank=None, standalone=False, sparse_lr=0.01, presampling=True, hot_threshold=0.1)Namespace(cache_server_addr='127.0.0.1', cache_server_port=32451, graph_name='ogbn-products', id=None, ip_config='ip_config4.txt', part_config=None, n_classes=None, num_gpus=8, num_epochs=20, num_hidden=256, fan_out='5,10,15', batch_size=1000, batch_size_eval=100000, log_every=20, eval_every=1, lr=0.003, dropout=0.5, local_rank=None, standalone=False, sparse_lr=0.01, presampling=True, hot_threshold=0.1)

Namespace(cache_server_addr='127.0.0.1', cache_server_port=32451, graph_name='ogbn-products', id=None, ip_config='ip_config4.txt', part_config=None, n_classes=None, num_gpus=8, num_epochs=20, num_hidden=256, fan_out='5,10,15', batch_size=1000, batch_size_eval=100000, log_every=20, eval_every=1, lr=0.003, dropout=0.5, local_rank=None, standalone=False, sparse_lr=0.01, presampling=True, hot_threshold=0.1)
Namespace(cache_server_addr='127.0.0.1', cache_server_port=32451, graph_name='ogbn-products', id=None, ip_config='ip_config4.txt', part_config=None, n_classes=None, num_gpus=8, num_epochs=20, num_hidden=256, fan_out='5,10,15', batch_size=1000, batch_size_eval=100000, log_every=20, eval_every=1, lr=0.003, dropout=0.5, local_rank=None, standalone=False, sparse_lr=0.01, presampling=True, hot_threshold=0.1)
Namespace(cache_server_addr='127.0.0.1', cache_server_port=32451, graph_name='ogbn-products', id=None, ip_config='ip_config4.txt', part_config=None, n_classes=None, num_gpus=8, num_epochs=20, num_hidden=256, fan_out='5,10,15', batch_size=1000, batch_size_eval=100000, log_every=20, eval_every=1, lr=0.003, dropout=0.5, local_rank=None, standalone=False, sparse_lr=0.01, presampling=True, hot_threshold=0.1)
Namespace(cache_server_addr='127.0.0.1', cache_server_port=32451, graph_name='ogbn-products', id=None, ip_config='ip_config4.txt', part_config=None, n_classes=None, num_gpus=8, num_epochs=20, num_hidden=256, fan_out='5,10,15', batch_size=1000, batch_size_eval=100000, log_every=20, eval_every=1, lr=0.003, dropout=0.5, local_rank=None, standalone=False, sparse_lr=0.01, presampling=True, hot_threshold=0.1)
Namespace(cache_server_addr='127.0.0.1', cache_server_port=32451, graph_name='ogbn-products', id=None, ip_config='ip_config4.txt', part_config=None, n_classes=None, num_gpus=8, num_epochs=20, num_hidden=256, fan_out='5,10,15', batch_size=1000, batch_size_eval=100000, log_every=20, eval_every=1, lr=0.003, dropout=0.5, local_rank=None, standalone=False, sparse_lr=0.01, presampling=True, hot_threshold=0.1)
Namespace(cache_server_addr='127.0.0.1', cache_server_port=32451, graph_name='ogbn-products', id=None, ip_config='ip_config4.txt', part_config=None, n_classes=None, num_gpus=8, num_epochs=20, num_hidden=256, fan_out='5,10,15', batch_size=1000, batch_size_eval=100000, log_every=20, eval_every=1, lr=0.003, dropout=0.5, local_rank=None, standalone=False, sparse_lr=0.01, presampling=True, hot_threshold=0.1)
Namespace(cache_server_addr='127.0.0.1', cache_server_port=32451, graph_name='ogbn-products', id=None, ip_config='ip_config4.txt', part_config=None, n_classes=None, num_gpus=8, num_epochs=20, num_hidden=256, fan_out='5,10,15', batch_size=1000, batch_size_eval=100000, log_every=20, eval_every=1, lr=0.003, dropout=0.5, local_rank=None, standalone=False, sparse_lr=0.01, presampling=True, hot_threshold=0.1)
Namespace(cache_server_addr='127.0.0.1', cache_server_port=32451, graph_name='ogbn-products', id=None, ip_config='ip_config4.txt', part_config=None, n_classes=None, num_gpus=8, num_epochs=20, num_hidden=256, fan_out='5,10,15', batch_size=1000, batch_size_eval=100000, log_every=20, eval_every=1, lr=0.003, dropout=0.5, local_rank=None, standalone=False, sparse_lr=0.01, presampling=True, hot_threshold=0.1)
Namespace(cache_server_addr='127.0.0.1', cache_server_port=32451, graph_name='ogbn-products', id=None, ip_config='ip_config4.txt', part_config=None, n_classes=None, num_gpus=8, num_epochs=20, num_hidden=256, fan_out='5,10,15', batch_size=1000, batch_size_eval=100000, log_every=20, eval_every=1, lr=0.003, dropout=0.5, local_rank=None, standalone=False, sparse_lr=0.01, presampling=True, hot_threshold=0.1)
Namespace(cache_server_addr='127.0.0.1', cache_server_port=32451, graph_name='ogbn-products', id=None, ip_config='ip_config4.txt', part_config=None, n_classes=None, num_gpus=8, num_epochs=20, num_hidden=256, fan_out='5,10,15', batch_size=1000, batch_size_eval=100000, log_every=20, eval_every=1, lr=0.003, dropout=0.5, local_rank=None, standalone=False, sparse_lr=0.01, presampling=True, hot_threshold=0.1)
Namespace(cache_server_addr='127.0.0.1', cache_server_port=32451, graph_name='ogbn-products', id=None, ip_config='ip_config4.txt', part_config=None, n_classes=None, num_gpus=8, num_epochs=20, num_hidden=256, fan_out='5,10,15', batch_size=1000, batch_size_eval=100000, log_every=20, eval_every=1, lr=0.003, dropout=0.5, local_rank=None, standalone=False, sparse_lr=0.01, presampling=True, hot_threshold=0.1)
Namespace(cache_server_addr='127.0.0.1', cache_server_port=32451, graph_name='ogbn-products', id=None, ip_config='ip_config4.txt', part_config=None, n_classes=None, num_gpus=8, num_epochs=20, num_hidden=256, fan_out='5,10,15', batch_size=1000, batch_size_eval=100000, log_every=20, eval_every=1, lr=0.003, dropout=0.5, local_rank=None, standalone=False, sparse_lr=0.01, presampling=True, hot_threshold=0.1)
Namespace(cache_server_addr='127.0.0.1', cache_server_port=32451, graph_name='ogbn-products', id=None, ip_config='ip_config4.txt', part_config=None, n_classes=None, num_gpus=8, num_epochs=20, num_hidden=256, fan_out='5,10,15', batch_size=1000, batch_size_eval=100000, log_every=20, eval_every=1, lr=0.003, dropout=0.5, local_rank=None, standalone=False, sparse_lr=0.01, presampling=True, hot_threshold=0.1)
Namespace(cache_server_addr='127.0.0.1', cache_server_port=32451, graph_name='ogbn-products', id=None, ip_config='ip_config4.txt', part_config=None, n_classes=None, num_gpus=8, num_epochs=20, num_hidden=256, fan_out='5,10,15', batch_size=1000, batch_size_eval=100000, log_every=20, eval_every=1, lr=0.003, dropout=0.5, local_rank=None, standalone=False, sparse_lr=0.01, presampling=True, hot_threshold=0.1)
Namespace(cache_server_addr='127.0.0.1', cache_server_port=32451, graph_name='ogbn-products', id=None, ip_config='ip_config4.txt', part_config=None, n_classes=None, num_gpus=8, num_epochs=20, num_hidden=256, fan_out='5,10,15', batch_size=1000, batch_size_eval=100000, log_every=20, eval_every=1, lr=0.003, dropout=0.5, local_rank=None, standalone=False, sparse_lr=0.01, presampling=True, hot_threshold=0.1)
Namespace(cache_server_addr='127.0.0.1', cache_server_port=32451, graph_name='ogbn-products', id=None, ip_config='ip_config4.txt', part_config=None, n_classes=None, num_gpus=8, num_epochs=20, num_hidden=256, fan_out='5,10,15', batch_size=1000, batch_size_eval=100000, log_every=20, eval_every=1, lr=0.003, dropout=0.5, local_rank=None, standalone=False, sparse_lr=0.01, presampling=True, hot_threshold=0.1)
Namespace(cache_server_addr='127.0.0.1', cache_server_port=32451, graph_name='ogbn-products', id=None, ip_config='ip_config4.txt', part_config=None, n_classes=None, num_gpus=8, num_epochs=20, num_hidden=256, fan_out='5,10,15', batch_size=1000, batch_size_eval=100000, log_every=20, eval_every=1, lr=0.003, dropout=0.5, local_rank=None, standalone=False, sparse_lr=0.01, presampling=True, hot_threshold=0.1)
Namespace(cache_server_addr='127.0.0.1', cache_server_port=32451, graph_name='ogbn-products', id=None, ip_config='ip_config4.txt', part_config=None, n_classes=None, num_gpus=8, num_epochs=20, num_hidden=256, fan_out='5,10,15', batch_size=1000, batch_size_eval=100000, log_every=20, eval_every=1, lr=0.003, dropout=0.5, local_rank=None, standalone=False, sparse_lr=0.01, presampling=True, hot_threshold=0.1)
Namespace(cache_server_addr='127.0.0.1', cache_server_port=32451, graph_name='ogbn-products', id=None, ip_config='ip_config4.txt', part_config=None, n_classes=None, num_gpus=8, num_epochs=20, num_hidden=256, fan_out='5,10,15', batch_size=1000, batch_size_eval=100000, log_every=20, eval_every=1, lr=0.003, dropout=0.5, local_rank=None, standalone=False, sparse_lr=0.01, presampling=True, hot_threshold=0.1)
Namespace(cache_server_addr='127.0.0.1', cache_server_port=32451, graph_name='ogbn-products', id=None, ip_config='ip_config4.txt', part_config=None, n_classes=None, num_gpus=8, num_epochs=20, num_hidden=256, fan_out='5,10,15', batch_size=1000, batch_size_eval=100000, log_every=20, eval_every=1, lr=0.003, dropout=0.5, local_rank=None, standalone=False, sparse_lr=0.01, presampling=True, hot_threshold=0.1)
Namespace(cache_server_addr='127.0.0.1', cache_server_port=32451, graph_name='ogbn-products', id=None, ip_config='ip_config4.txt', part_config=None, n_classes=None, num_gpus=8, num_epochs=20, num_hidden=256, fan_out='5,10,15', batch_size=1000, batch_size_eval=100000, log_every=20, eval_every=1, lr=0.003, dropout=0.5, local_rank=None, standalone=False, sparse_lr=0.01, presampling=True, hot_threshold=0.1)
Namespace(cache_server_addr='127.0.0.1', cache_server_port=32451, graph_name='ogbn-products', id=None, ip_config='ip_config4.txt', part_config=None, n_classes=None, num_gpus=8, num_epochs=20, num_hidden=256, fan_out='5,10,15', batch_size=1000, batch_size_eval=100000, log_every=20, eval_every=1, lr=0.003, dropout=0.5, local_rank=None, standalone=False, sparse_lr=0.01, presampling=True, hot_threshold=0.1)
Namespace(cache_server_addr='127.0.0.1', cache_server_port=32451, graph_name='ogbn-products', id=None, ip_config='ip_config4.txt', part_config=None, n_classes=None, num_gpus=8, num_epochs=20, num_hidden=256, fan_out='5,10,15', batch_size=1000, batch_size_eval=100000, log_every=20, eval_every=1, lr=0.003, dropout=0.5, local_rank=None, standalone=False, sparse_lr=0.01, presampling=True, hot_threshold=0.1)
Namespace(cache_server_addr='127.0.0.1', cache_server_port=32451, graph_name='ogbn-products', id=None, ip_config='ip_config4.txt', part_config=None, n_classes=None, num_gpus=8, num_epochs=20, num_hidden=256, fan_out='5,10,15', batch_size=1000, batch_size_eval=100000, log_every=20, eval_every=1, lr=0.003, dropout=0.5, local_rank=None, standalone=False, sparse_lr=0.01, presampling=True, hot_threshold=0.1)
Namespace(cache_server_addr='127.0.0.1', cache_server_port=32451, graph_name='ogbn-products', id=None, ip_config='ip_config4.txt', part_config=None, n_classes=None, num_gpus=8, num_epochs=20, num_hidden=256, fan_out='5,10,15', batch_size=1000, batch_size_eval=100000, log_every=20, eval_every=1, lr=0.003, dropout=0.5, local_rank=None, standalone=False, sparse_lr=0.01, presampling=True, hot_threshold=0.1)
Namespace(cache_server_addr='127.0.0.1', cache_server_port=32451, graph_name='ogbn-products', id=None, ip_config='ip_config4.txt', part_config=None, n_classes=None, num_gpus=8, num_epochs=20, num_hidden=256, fan_out='5,10,15', batch_size=1000, batch_size_eval=100000, log_every=20, eval_every=1, lr=0.003, dropout=0.5, local_rank=None, standalone=False, sparse_lr=0.01, presampling=True, hot_threshold=0.1)
Namespace(cache_server_addr='127.0.0.1', cache_server_port=32451, graph_name='ogbn-products', id=None, ip_config='ip_config4.txt', part_config=None, n_classes=None, num_gpus=8, num_epochs=20, num_hidden=256, fan_out='5,10,15', batch_size=1000, batch_size_eval=100000, log_every=20, eval_every=1, lr=0.003, dropout=0.5, local_rank=None, standalone=False, sparse_lr=0.01, presampling=True, hot_threshold=0.1)
Client [161025] waits on 172.31.25.229:51507
Client [539759] waits on 172.31.20.34:44333
Client [539760] waits on 172.31.20.34:43673
Client [149974] waits on 172.31.20.203:51391
Client [149999] waits on 172.31.20.203:35677
Client [149973] waits on 172.31.20.203:49137
Client [149972] waits on 172.31.20.203:48165
Client [149975] waits on 172.31.20.203:48227
Client [539785] waits on 172.31.20.34:50499
Client [160999] waits on 172.31.25.229:33325
Client [160998] waits on 172.31.25.229:34269
Client [149993] waits on 172.31.20.203:51005
Client [148495] waits on 172.31.24.75:53349
Client [148478] waits on 172.31.24.75:46095
Client [148472] waits on 172.31.24.75:45567
Client [148469] waits on 172.31.24.75:37463
Client [148471] waits on 172.31.24.75:35607
Machine (0) group (0) client (24) connect to server successfuly!
Machine (0) group (0) client (25) connect to server successfuly!
Machine (0) group (0) client (26) connect to server successfuly!
Client [148470] waits on 172.31.24.75:50391
Client [148468] waits on 172.31.24.75:44879
Client [149976] waits on 172.31.20.203:49835
Client [148489] waits on 172.31.24.75:47009
Machine (1) group (0) client (59) connect to server successfuly!
Client [149982] waits on 172.31.20.203:47531
Client [539779] waits on 172.31.20.34:35981
Client [539761] waits on 172.31.20.34:53643
Client [539758] waits on 172.31.20.34:60017
Client [539762] waits on 172.31.20.34:57093
Machine (2) group (0) client (10) connect to server successfuly!
Machine (2) group (0) client (12) connect to server successfuly!Machine (2) group (0) client (13) connect to server successfuly!

Client [539768] waits on 172.31.20.34:33729
Machine (1) group (0) client (48) connect to server successfuly!
Machine (1) group (0) client (49) connect to server successfuly!
Client [161002] waits on 172.31.25.229:41077
Machine (1) group (0) client (52) connect to server successfuly!
Client [161001] waits on 172.31.25.229:51035
Machine (1) group (0) client (58) connect to server successfuly!
Machine (2) group (0) client (11) connect to server successfuly!Machine (2) group (0) client (8) connect to server successfuly!

Machine (2) group (0) client (7) connect to server successfuly!Machine (2) group (0) client (1) connect to server successfuly!

Machine (3) group (0) client (46) connect to server successfuly!
Machine (3) group (0) client (43) connect to server successfuly!
Machine (3) group (0) client (35) connect to server successfuly!
Machine (3) group (0) client (33) connect to server successfuly!Machine (3) group (0) client (41) connect to server successfuly!

Machine (3) group (0) client (39) connect to server successfuly!
Machine (3) group (0) client (40) connect to server successfuly!
Machine (3) group (0) client (37) connect to server successfuly!
Machine (2) group (0) client (9) connect to server successfuly!
Client [161000] waits on 172.31.25.229:45109
Client [161019] waits on 172.31.25.229:50929
Machine (1) group (0) client (54) connect to server successfuly!
Machine (1) group (0) client (57) connect to server successfuly!
Machine (0) group (0) client (20) connect to server successfuly!
Client [161008] waits on 172.31.25.229:44117
Machine (1) group (0) client (53) connect to server successfuly!
Machine (0) group (0) client (30) connect to server successfuly!
Machine (0) group (0) client (18) connect to server successfuly!
Machine (0) group (0) client (31) connect to server successfuly!
Machine (0) group (0) client (29) connect to server successfuly!
rank: 11
rank: 24
rank: 4
rank: 14
rank: 26
rank: 30
rank: 19
rank: 20
rank: 18
rank: 1
rank: 16
rank: 8rank:
 9
rank: 3
rank: 5
rank: 6
rank: 13
rank: 17
rank: 29
rank: 0
rank: 23
rank: 15
rank: 12
rank: 22
rank: 25
rank: 27
rank: 31
rank: 10
rank: 2
rank: 28
rank: 7
rank: 21
part 4, train: 6144 (local: 6144), val: 1229 (local: 1229), test: 69159 (local: 69159)
part 1, train: 6144 (local: 6144), val: 1229 (local: 1229), test: 69159 (local: 69159)
part 6, train: 6145 (local: 6145), val: 1229 (local: 1229), test: 69159 (local: 69159)
part 7, train: 6144 (local: 6144), val: 1229 (local: 1229), test: 69159 (local: 69159)
part 3, train: 6144 (local: 6144), val: 1229 (local: 1229), test: 69159 (local: 69159)
part 0, train: 6144 (local: 6144), val: 1228 (local: 1228), test: 69159 (local: 69159)
part 5, train: 6145 (local: 6145), val: 1229 (local: 1229), test: 69160 (local: 69160)
part 15, train: 6144 (local: 6014), val: 1228 (local: 1178), test: 69159 (local: 67487)
part 2, train: 6144 (local: 6144), val: 1229 (local: 1229), test: 69159 (local: 69159)
part 12, train: 6144 (local: 5989), val: 1229 (local: 1192), test: 69159 (local: 67473)
part 9, train: 6145 (local: 5999), val: 1229 (local: 1179), test: 69160 (local: 67441)
part 10, train: 6144 (local: 5997), val: 1229 (local: 1183), test: 69159 (local: 67378)
part 11, train: 6144 (local: 6007), val: 1229 (local: 1179), test: 69159 (local: 67364)
part 25, train: 6144 (local: 5933), val: 1229 (local: 1201), test: 69159 (local: 67290)
part 8, train: 6145 (local: 5984), val: 1229 (local: 1185), test: 69159 (local: 67363)
part 30, train: 6144 (local: 5925), val: 1229 (local: 1199), test: 69159 (local: 67341)
part 14, train: 6144 (local: 5995), val: 1229 (local: 1187), test: 69159 (local: 67372)
part 13, train: 6144 (local: 5992), val: 1229 (local: 1188), test: 69159 (local: 67368)
part 29, train: 6144 (local: 5950), val: 1229 (local: 1200), test: 69159 (local: 67401)
part 31, train: 6144 (local: 5946), val: 1228 (local: 1204), test: 69159 (local: 67407)
part 17, train: 6144 (local: 6041), val: 1229 (local: 1212), test: 69159 (local: 68985)
part 27, train: 6145 (local: 5929), val: 1229 (local: 1204), test: 69159 (local: 67382)
part 18, train: 6144 (local: 6057), val: 1228 (local: 1206), test: 69159 (local: 68995)
part 24, train: 6144 (local: 5952), val: 1229 (local: 1200), test: 69159 (local: 67348)
part 26, train: 6144 (local: 5939), val: 1228 (local: 1202), test: 69159 (local: 67328)
part 21, train: 6145 (local: 6050), val: 1229 (local: 1203), test: 69159 (local: 68985)
part 16, train: 6144 (local: 6054), val: 1229 (local: 1208), test: 69159 (local: 69004)
#labels: 47
part 23, train: 6145 (local: 6005), val: 1229 (local: 1212), test: 69160 (local: 68995)
part 19, train: 6144 (local: 6031), val: 1229 (local: 1204), test: 69159 (local: 68977)
part 28, train: 6144 (local: 5958), val: 1229 (local: 1203), test: 69159 (local: 67364)
part 22, train: 6144 (local: 6038), val: 1229 (local: 1211), test: 69159 (local: 68973)
#labels: 47
part 20, train: 6144 (local: 6034), val: 1229 (local: 1216), test: 69159 (local: 69009)
#labels: 47
#labels: 47
#labels: 47
#labels: 47
#labels: 47
#labels: 47
#labels: 47
#labels: 47
#labels: 47
#labels: 47
#labels: 47
#labels: 47
#labels: 47
#labels: 47
#labels: 47
#labels: 47
#labels: 47
#labels: 47
#labels: 47
#labels: 47
#labels: 47
#labels: 47
#labels: 47
#labels: 47
#labels: 47
#labels: 47
#labels: 47
#labels: 47
#labels: 47
#labels: 47
Presampling done, max: 0.996 min: 0.004 avg: 0.126
Presampling done, max: 0.996 min: 0.004 avg: 0.126
Presampling done, max: 0.996 min: 0.004 avg: 0.126
Presampling done, max: 0.996 min: 0.004 avg: 0.126
Presampling done, max: 0.996 min: 0.004 avg: 0.126
Presampling done, max: 0.996 min: 0.004 avg: 0.126
Presampling done, max: 0.996 min: 0.004 avg: 0.126
Presampling done, max: 0.996 min: 0.004 avg: 0.126
Presampling done, max: 0.996 min: 0.004 avg: 0.126
Presampling done, max: 0.996 min: 0.004 avg: 0.126
Presampling done, max: 0.996 min: 0.004 avg: 0.126
Presampling done, max: 0.996 min: 0.004 avg: 0.126
Presampling done, max: 0.996 min: 0.004 avg: 0.126
Presampling done, max: 0.996 min: 0.004 avg: 0.126
Presampling done, max: 0.996 min: 0.004 avg: 0.126
Presampling done, max: 0.996 min: 0.004 avg: 0.126
Presampling done, max: 0.996 min: 0.004 avg: 0.126
Presampling done, max: 0.996 min: 0.004 avg: 0.126
Presampling done, max: 0.996 min: 0.004 avg: 0.126
Presampling done, max: 0.996 min: 0.004 avg: 0.126
#hot_nodes = 1038485
#hot_nodes = 1038485
#hot_nodes = 1038485
Presampling done, max: 0.996 min: 0.004 avg: 0.126
#hot_nodes = 1038485
#hot_nodes = 1038485
#hot_nodes = 1038485
Presampling done, max: 0.996 min: 0.004 avg: 0.126
#hot_nodes = 1038485
Presampling done, max: 0.996 min: 0.004 avg: 0.126
Presampling done, max: 0.996 min: 0.004 avg: 0.126
Presampling done, max: 0.996 min: 0.004 avg: 0.126
#hot_nodes = 1038485
Presampling done, max: 0.996 min: 0.004 avg: 0.126
#hot_nodes = 1038485
Presampling done, max: 0.996 min: 0.004 avg: 0.126
#hot_nodes = 1038485
#hot_nodes = 1038485
#hot_nodes = 1038485
#hot_nodes = 1038485
Presampling done, max: 0.996 min: 0.004 avg: 0.126
#hot_nodes = 1038485
#hot_nodes = 1038485
#hot_nodes = 1038485
#hot_nodes = 1038485
#hot_nodes = 1038485
#hot_nodes = 1038485
#hot_nodes = 1038485
#hot_nodes = 1038485
#hot_nodes = 1038485
#hot_nodes = 1038485
Presampling done, max: 0.996 min: 0.004 avg: 0.126
#hot_nodes = 1038485
#hot_nodes = 1038485
#hot_nodes = 1038485
#hot_nodes = 1038485
Presampling done, max: 0.996 min: 0.004 avg: 0.126
#hot_nodes = 1038485
Presampling done, max: 0.996 min: 0.004 avg: 0.126
Presampling done, max: 0.996 min: 0.004 avg: 0.126
#hot_nodes = 1038485
#hot_nodes = 1038485
#hot_nodes = 1038485
#hot_nodes = 1038485
Client 6 build_connection start.
Client 6 build_connection succeed.
Client 2 build_connection start.
Client 2 build_connection succeed.
Client 5 build_connection start.
Client 5 build_connection succeed.
Client 7 build_connection start.
Client 7 build_connection succeed.
Client 3 build_connection start.
Client 3 build_connection succeed.
Client 2 build_connection start.
Client 2 build_connection succeed.
Client 3 build_connection start.
Client 3 build_connection succeed.
Client 1 build_connection start.
Client 1 build_connection succeed.
Client 1 build_connection start.
Client 1 build_connection succeed.
Client 7 build_connection start.
Client 7 build_connection succeed.
Client 0 build_connection start.
Client 0 build_connection succeed.
Client 4 build_connection start.
Client 4 build_connection succeed.
Client 0 build_connection start.
Client 6 build_connection start.
Client 6 build_connection succeed.
Client 0 build_connection succeed.
Client 5 build_connection start.
Client 5 build_connection succeed.
Client 1 build_connection start.
Client 1 build_connection succeed.
Client 6 build_connection start.
Client 6 build_connection succeed.
Client 0 build_connection start.
Client 0 build_connection succeed.
Client 3 build_connection start.
Client 3 build_connection succeed.
Client 2 build_connection start.
Client 2 build_connection succeed.
Client 5 build_connection start.
Client 5 build_connection succeed.
Client 7 build_connection start.
Client 7 build_connection succeed.
Client 5 build_connection start.
Client 5 build_connection succeed.
Client 6 build_connection start.
Client 6 build_connection succeed.
Client 1 build_connection start.
Client 1 build_connection succeed.
Client 0 build_connection start.
Client 0 build_connection succeed.
Client 2 build_connection start.Client 4 build_connection start.

Client 4 build_connection succeed.
Client 2 build_connection succeed.
Client 4 build_connection start.
Client 4 build_connection succeed.
Client 3 build_connection start.
Client 3 build_connection succeed.
Client 7 build_connection start.
Client 7 build_connection succeed.
Client 4 build_connection start.
Client 4 build_connection succeed.
Client register_cache succeed.
Client register_cache succeed.Client register_cache succeed.

Client register_cache succeed.Client register_cache succeed.

Client register_cache succeed.
Client register_cache succeed.
Client register_cache succeed.
Client register_cache succeed.
Client register_cache succeed.
Client register_cache succeed.
Client register_cache succeed.
Client register_cache succeed.
Client register_cache succeed.
Client register_cache succeed.
Client register_cache succeed.
Client register_cache succeed.
Client register_cache succeed.
Client register_cache succeed.
Client register_cache succeed.
Client register_cache succeed.
Client register_cache succeed.
Client register_cache succeed.
Client register_cache succeed.
Client register_cache succeed.
Client register_cache succeed.
Client register_cache succeed.
Client register_cache succeed.
Client register_cache succeed.
Client register_cache succeed.
Client register_cache succeed.
Client register_cache succeed.
========================================
Rank 7 builds state cache in GPU
GPU alloca_mem_size 12.223 GB
Local node num 74881
GPU cached node num 74881
GPU cache size 0.148 GB
========================================

========================================
Rank 7 builds state cache in GPU
GPU alloca_mem_size 12.286 GB
Local node num 74501
GPU cached node num 74501
GPU cache size 0.147 GB
========================================

========================================
Rank 0 builds state cache in GPU
GPU alloca_mem_size 12.303 GB
Local node num 78478
GPU cached node num 78478
GPU cache size 0.155 GB
========================================

========================================
Rank 5 builds state cache in GPU
GPU alloca_mem_size 12.319 GB
Local node num 78478
GPU cached node num 78478
GPU cache size 0.155 GB
========================================

Part 15 | Epoch 00000 | Step 00000 | Loss 7.5414 | Train Acc 0.0160 | Speed (samples/sec) nan | GPU 1632.5 MB | time 3.248 s
========================================
Rank 0 builds state cache in GPU
GPU alloca_mem_size 12.281 GB
Local node num 74501
GPU cached node num 74501
GPU cache size 0.147 GB
========================================

Part 31 | Epoch 00000 | Step 00000 | Loss 7.7807 | Train Acc 0.0210 | Speed (samples/sec) nan | GPU 1565.2 MB | time 3.249 s
========================================
Rank 3 builds state cache in GPU
GPU alloca_mem_size 12.200 GB
Local node num 74881
GPU cached node num 74881
GPU cache size 0.148 GB
========================================

========================================
Rank 4 builds state cache in GPU
GPU alloca_mem_size 12.306 GB
Local node num 78478
GPU cached node num 78478
GPU cache size 0.155 GB
========================================

Part 0 | Epoch 00000 | Step 00000 | Loss 8.1627 | Train Acc 0.0150 | Speed (samples/sec) nan | GPU 1547.1 MB | time 3.250 s
========================================
Rank 2 builds state cache in GPU
GPU alloca_mem_size 12.262 GB
Local node num 74501
GPU cached node num 74501
GPU cache size 0.147 GB
========================================

========================================
Rank 7 builds state cache in GPU
GPU alloca_mem_size 12.333 GB
Local node num 78269
GPU cached node num 78269
GPU cache size 0.154 GB
========================================

Part 5 | Epoch 00000 | Step 00000 | Loss 7.9847 | Train Acc 0.0150 | Speed (samples/sec) nan | GPU 1530.0 MB | time 3.253 s
========================================
Rank 5 builds state cache in GPU
GPU alloca_mem_size 12.182 GB
Local node num 74880
GPU cached node num 74880
GPU cache size 0.148 GB
========================================

========================================
Rank 1 builds state cache in GPU
GPU alloca_mem_size 12.283 GB
Local node num 74501
GPU cached node num 74501
GPU cache size 0.147 GB
========================================

========================================
Rank 3 builds state cache in GPU
GPU alloca_mem_size 12.310 GB
Local node num 74501
GPU cached node num 74501
GPU cache size 0.147 GB
========================================

Part 24 | Epoch 00000 | Step 00000 | Loss 7.6741 | Train Acc 0.0140 | Speed (samples/sec) nan | GPU 1571.0 MB | time 3.255 s
========================================
Rank 4 builds state cache in GPU
GPU alloca_mem_size 12.194 GB
Local node num 74881
GPU cached node num 74881
GPU cache size 0.148 GB
========================================

========================================
Rank 2 builds state cache in GPU
GPU alloca_mem_size 12.221 GB
Local node num 74881
GPU cached node num 74881
GPU cache size 0.148 GB
========================================

========================================
Rank 6 builds state cache in GPU
GPU alloca_mem_size 12.255 GB
Local node num 74500
GPU cached node num 74500
GPU cache size 0.147 GB
========================================

========================================
Rank 6 builds state cache in GPU
GPU alloca_mem_size 12.235 GB
Local node num 74881
GPU cached node num 74881
GPU cache size 0.148 GB
========================================

========================================
Rank 2 builds state cache in GPU
GPU alloca_mem_size 12.269 GB
Local node num 78478
GPU cached node num 78478
GPU cache size 0.155 GB
========================================

Part 11 | Epoch 00000 | Step 00000 | Loss 7.3255 | Train Acc 0.0180 | Speed (samples/sec) nan | GPU 1657.8 MB | time 3.257 s
========================================
Rank 5 builds state cache in GPU
GPU alloca_mem_size 12.272 GB
Local node num 74500
GPU cached node num 74500
GPU cache size 0.147 GB
========================================

Part 4 | Epoch 00000 | Step 00000 | Loss 7.9505 | Train Acc 0.0110 | Speed (samples/sec) nan | GPU 1543.4 MB | time 3.257 s
========================================
Rank 1 builds state cache in GPU
GPU alloca_mem_size 12.257 GB
Local node num 74881
GPU cached node num 74881
GPU cache size 0.148 GB
========================================

Part 26 | Epoch 00000 | Step 00000 | Loss 7.9328 | Train Acc 0.0170 | Speed (samples/sec) nan | GPU 1591.2 MB | time 3.258 s
========================================
Rank 7 builds state cache in GPU
GPU alloca_mem_size 12.306 GB
Local node num 78477
GPU cached node num 78477
GPU cache size 0.155 GB
========================================

========================================
Rank 4 builds state cache in GPU
GPU alloca_mem_size 12.268 GB
Local node num 74501
GPU cached node num 74501
GPU cache size 0.147 GB
========================================

Part 13 | Epoch 00000 | Step 00000 | Loss 7.6122 | Train Acc 0.0120 | Speed (samples/sec) nan | GPU 1677.3 MB | time 3.258 s
Part 25 | Epoch 00000 | Step 00000 | Loss 7.9703 | Train Acc 0.0150 | Speed (samples/sec) nan | GPU 1568.8 MB | time 3.259 s
Part 27 | Epoch 00000 | Step 00000 | Loss 7.8359 | Train Acc 0.0180 | Speed (samples/sec) nan | GPU 1539.5 MB | time 3.259 s
Part 23 | Epoch 00000 | Step 00000 | Loss 7.2395 | Train Acc 0.0200 | Speed (samples/sec) nan | GPU 1514.4 MB | time 3.258 s
Part 12 | Epoch 00000 | Step 00000 | Loss 7.4960 | Train Acc 0.0180 | Speed (samples/sec) nan | GPU 1663.9 MB | time 3.261 s
Part 10 | Epoch 00000 | Step 00000 | Loss 7.3390 | Train Acc 0.0180 | Speed (samples/sec) nan | GPU 1635.0 MB | time 3.261 s
========================================
Rank 3 builds state cache in GPU
GPU alloca_mem_size 12.311 GB
Local node num 78269
GPU cached node num 78269
GPU cache size 0.154 GB
========================================

========================================
Rank 1 builds state cache in GPU
GPU alloca_mem_size 12.321 GB
Local node num 78478
GPU cached node num 78478
GPU cache size 0.155 GB
========================================

========================================
Rank 3 builds state cache in GPU
GPU alloca_mem_size 12.293 GB
Local node num 78478
GPU cached node num 78478
GPU cache size 0.155 GB
========================================

Part 14 | Epoch 00000 | Step 00000 | Loss 7.4893 | Train Acc 0.0090 | Speed (samples/sec) nan | GPU 1620.4 MB | time 3.263 s
Part 30 | Epoch 00000 | Step 00000 | Loss 7.8602 | Train Acc 0.0160 | Speed (samples/sec) nan | GPU 1598.8 MB | time 3.263 s
Part 2 | Epoch 00000 | Step 00000 | Loss 7.9874 | Train Acc 0.0190 | Speed (samples/sec) nan | GPU 1583.1 MB | time 3.263 s
Part 9 | Epoch 00000 | Step 00000 | Loss 7.3401 | Train Acc 0.0170 | Speed (samples/sec) nan | GPU 1596.3 MB | time 3.263 s
Part 29 | Epoch 00000 | Step 00000 | Loss 7.8308 | Train Acc 0.0170 | Speed (samples/sec) nan | GPU 1580.2 MB | time 3.263 s
Part 7 | Epoch 00000 | Step 00000 | Loss 7.7687 | Train Acc 0.0170 | Speed (samples/sec) nan | GPU 1543.6 MB | time 3.264 s
Part 28 | Epoch 00000 | Step 00000 | Loss 7.7751 | Train Acc 0.0140 | Speed (samples/sec) nan | GPU 1584.2 MB | time 3.264 s
========================================
Rank 2 builds state cache in GPU
GPU alloca_mem_size 12.307 GB
Local node num 78269
GPU cached node num 78269
GPU cache size 0.154 GB
========================================

========================================
Rank 6 builds state cache in GPU
GPU alloca_mem_size 12.296 GB
Local node num 78477
GPU cached node num 78477
GPU cache size 0.155 GB
========================================

========================================
Rank 0 builds state cache in GPU
GPU alloca_mem_size 12.293 GB
Local node num 78269
GPU cached node num 78269
GPU cache size 0.154 GB
========================================

========================================
Rank 6 builds state cache in GPU
GPU alloca_mem_size 12.311 GB
Local node num 78270
GPU cached node num 78270
GPU cache size 0.154 GB
========================================

Part 19 | Epoch 00000 | Step 00000 | Loss 7.1788 | Train Acc 0.0170 | Speed (samples/sec) nan | GPU 1538.1 MB | time 3.267 s
Part 1 | Epoch 00000 | Step 00000 | Loss 8.0853 | Train Acc 0.0180 | Speed (samples/sec) nan | GPU 1527.5 MB | time 3.267 s
========================================
Rank 1 builds state cache in GPU
GPU alloca_mem_size 12.313 GB
Local node num 78269
GPU cached node num 78269
GPU cache size 0.154 GB
========================================

========================================
Rank 5 builds state cache in GPU
GPU alloca_mem_size 12.304 GB
Local node num 78270
GPU cached node num 78270
GPU cache size 0.154 GB
========================================

Part 3 | Epoch 00000 | Step 00000 | Loss 7.9570 | Train Acc 0.0240 | Speed (samples/sec) nan | GPU 1557.2 MB | time 3.268 s
========================================
Rank 4 builds state cache in GPU
GPU alloca_mem_size 12.306 GB
Local node num 78269
GPU cached node num 78269
GPU cache size 0.154 GB
========================================

========================================
Rank 0 builds state cache in GPU
GPU alloca_mem_size 12.237 GB
Local node num 74881
GPU cached node num 74881
GPU cache size 0.148 GB
========================================

Part 18 | Epoch 00000 | Step 00000 | Loss 7.0322 | Train Acc 0.0280 | Speed (samples/sec) nan | GPU 1542.6 MB | time 3.270 s
Part 16 | Epoch 00000 | Step 00000 | Loss 7.2805 | Train Acc 0.0170 | Speed (samples/sec) nan | GPU 1557.2 MB | time 3.271 s
Part 6 | Epoch 00000 | Step 00000 | Loss 7.8649 | Train Acc 0.0250 | Speed (samples/sec) nan | GPU 1554.6 MB | time 3.271 s
Part 22 | Epoch 00000 | Step 00000 | Loss 7.0257 | Train Acc 0.0190 | Speed (samples/sec) nan | GPU 1537.7 MB | time 3.272 s
Part 17 | Epoch 00000 | Step 00000 | Loss 6.9570 | Train Acc 0.0250 | Speed (samples/sec) nan | GPU 1536.3 MB | time 3.273 s
Part 21 | Epoch 00000 | Step 00000 | Loss 6.9458 | Train Acc 0.0160 | Speed (samples/sec) nan | GPU 1545.4 MB | time 3.273 s
Part 20 | Epoch 00000 | Step 00000 | Loss 7.0531 | Train Acc 0.0240 | Speed (samples/sec) nan | GPU 1543.6 MB | time 3.275 s
Part 8 | Epoch 00000 | Step 00000 | Loss 7.5360 | Train Acc 0.0170 | Speed (samples/sec) nan | GPU 1618.3 MB | time 3.275 s
Avg train acc 0.0177Avg train acc 0.0177Avg train acc 0.0177

Avg train acc 0.0177

Avg train acc 0.0177Avg train acc 0.0177
Avg train acc 0.0177

Avg train acc 0.0177
Avg train acc 0.0177Avg train acc 0.0177Avg train acc 0.0177Avg train acc 0.0177Avg train acc 0.0177Avg train acc 0.0177

Avg train acc 0.0177


Avg train acc 0.0177


Avg train acc 0.0177Avg train acc 0.0177Avg train acc 0.0177Avg train acc 0.0177

Avg train acc 0.0177

Avg train acc 0.0177
Avg train acc 0.0177

Avg train acc 0.0177
Avg train acc 0.0177
Avg train acc 0.0177Avg train acc 0.0177
Avg train acc 0.0177Avg train acc 0.0177
Avg train acc 0.0177


Avg train acc 0.0177Avg train acc 0.0177

=====================
Part 0, Epoch Time(s): 8.2338
Sampling Time(s): 0.3935
Loading Time(s): 2.0358
Forward Time(s): 1.1058
Backward Time(s): 0.2475
Update Time(s): 0.0521
Emb Update Time(s): 4.3639
#seeds: 6144
#inputs: 1922040
=====================
=====================
Part 4, Epoch Time(s): 8.2340
Sampling Time(s): 0.3414
Loading Time(s): 2.2102
Forward Time(s): 0.9793
Backward Time(s): 0.2484
Update Time(s): 0.0612
Emb Update Time(s): 4.3648
#seeds: 6144
#inputs: 1936544
==========================================
Part 1, Epoch Time(s): 8.2341
Sampling Time(s): 0.3560
Loading Time(s): 2.0809
Forward Time(s): 1.0954
Backward Time(s): 0.2473
Update Time(s): 0.0483
Emb Update Time(s): 4.3873
#seeds: 6144
#inputs: 1929273
==========================================
Part 2, Epoch Time(s): 8.2337
Sampling Time(s): 0.3023
Loading Time(s): 2.1847
Forward Time(s): 1.0391
Backward Time(s): 0.2523
Update Time(s): 0.0558
Emb Update Time(s): 4.3769
#seeds: 6144
#inputs: 1942246
==========================================
Part 6, Epoch Time(s): 8.2339
Sampling Time(s): 0.3014
Loading Time(s): 2.1030
Forward Time(s): 1.1284
Backward Time(s): 0.2461
Update Time(s): 0.0586
Emb Update Time(s): 4.3817
#seeds: 6145
#inputs: 1915469
==========================================
Part 5, Epoch Time(s): 8.2339
Sampling Time(s): 0.2968
Loading Time(s): 1.9395
Forward Time(s): 1.2931
Backward Time(s): 0.2493
Update Time(s): 0.0464
Emb Update Time(s): 4.3759
#seeds: 6145
#inputs: 1934625
=====================
=====================
Part 3, Epoch Time(s): 8.2340
Sampling Time(s): 0.3349
Loading Time(s): 1.9882
Forward Time(s): 1.2063
Backward Time(s): 0.2492
Update Time(s): 0.0619
Emb Update Time(s): 4.3759
#seeds: 6144
#inputs: 1932933
=====================
=====================
Part 7, Epoch Time(s): 8.2338
Sampling Time(s): 0.3172
Loading Time(s): 2.2562
Forward Time(s): 0.9536
Backward Time(s): 0.2513
Update Time(s): 0.0546
Emb Update Time(s): 4.3791
#seeds: 6144
#inputs: 1926485
=====================




=====================
Part 16, Epoch Time(s): 8.2339
Sampling Time(s): 0.2814
Loading Time(s): 2.3713
Forward Time(s): 0.8825
Backward Time(s): 0.2448
Update Time(s): 0.0602
Emb Update Time(s): 4.3789
#seeds: 6144
#inputs: 1930508
==========================================
Part 21, Epoch Time(s): 8.2336
Sampling Time(s): 0.3382
Loading Time(s): 2.3584
Forward Time(s): 0.8448
Backward Time(s): 0.2454
Update Time(s): 0.0493
Emb Update Time(s): 4.3853
#seeds: 6145
#inputs: 1941052
==========================================
Part 22, Epoch Time(s): 8.2337
Sampling Time(s): 0.3847
Loading Time(s): 2.4106
Forward Time(s): 0.7469
Backward Time(s): 0.2443
Update Time(s): 0.0502
Emb Update Time(s): 4.3835
#seeds: 6144
#inputs: 1924157
==========================================
Part 20, Epoch Time(s): 8.2340
Sampling Time(s): 0.3009
Loading Time(s): 2.2581
Forward Time(s): 0.9703
Backward Time(s): 0.2485
Update Time(s): 0.0575
Emb Update Time(s): 4.3875
#seeds: 6144
#inputs: 1941892
=====================



=====================
Part 19, Epoch Time(s): 8.2342
Sampling Time(s): 0.3147
Loading Time(s): 2.1832
Forward Time(s): 1.0260
Backward Time(s): 0.2534
Update Time(s): 0.0561
Emb Update Time(s): 4.3813
#seeds: 6144
#inputs: 1938370
=====================
=====================
Part 17, Epoch Time(s): 8.2339
Sampling Time(s): 0.3360
Loading Time(s): 2.2901
Forward Time(s): 0.9047
Backward Time(s): 0.2460
Update Time(s): 0.0596
Emb Update Time(s): 4.3847
#seeds: 6144
#inputs: 1927874
==========================================
Part 18, Epoch Time(s): 8.2341
Sampling Time(s): 0.3796
Loading Time(s): 1.8413
Forward Time(s): 1.3194
Backward Time(s): 0.2472
Update Time(s): 0.0534
Emb Update Time(s): 4.3774
#seeds: 6144
#inputs: 1917826
==========================================
Part 23, Epoch Time(s): 8.2339
Sampling Time(s): 0.3684
Loading Time(s): 2.0322
Forward Time(s): 1.1299
Backward Time(s): 0.2462
Update Time(s): 0.0549
Emb Update Time(s): 4.3749
#seeds: 6145
#inputs: 1926476
=====================


=====================
Part 9, Epoch Time(s): 8.2341
Sampling Time(s): 0.3176
Loading Time(s): 2.3896
Forward Time(s): 0.8010
Backward Time(s): 0.2682
Update Time(s): 0.0375
Emb Update Time(s): 4.3967
#seeds: 6145
#inputs: 2028533
==========================================
Part 15, Epoch Time(s): 8.2340
Sampling Time(s): 0.3224
Loading Time(s): 2.2813
Forward Time(s): 0.9252
Backward Time(s): 0.2473
Update Time(s): 0.0565
Emb Update Time(s): 4.3628
#seeds: 6144
#inputs: 2024263
==========================================
Part 11, Epoch Time(s): 8.2345
Sampling Time(s): 0.3913
Loading Time(s): 2.3274
Forward Time(s): 0.8198
Backward Time(s): 0.2474
Update Time(s): 0.0471
Emb Update Time(s): 4.3717
#seeds: 6144
#inputs: 2043482
==========================================
Part 13, Epoch Time(s): 8.2341
Sampling Time(s): 0.3109
Loading Time(s): 2.5152
Forward Time(s): 0.7293
Backward Time(s): 0.2384
Update Time(s): 0.0524
Emb Update Time(s): 4.3603
#seeds: 6144
#inputs: 2046108
==========================================
Part 14, Epoch Time(s): 8.2340
Sampling Time(s): 0.3195
Loading Time(s): 2.3651
Forward Time(s): 0.8503
Backward Time(s): 0.2477
Update Time(s): 0.0446
Emb Update Time(s): 4.3834
#seeds: 6144
#inputs: 2028797
=====================
=====================
Part 8, Epoch Time(s): 8.2343
Sampling Time(s): 0.2978
Loading Time(s): 2.3433
Forward Time(s): 0.8856
Backward Time(s): 0.2509
Update Time(s): 0.0556
Emb Update Time(s): 4.3902
#seeds: 6145
#inputs: 2031193
=====================
=====================
Part 10, Epoch Time(s): 8.2338
Sampling Time(s): 0.2863
Loading Time(s): 2.3692
Forward Time(s): 0.8694
Backward Time(s): 0.2557
Update Time(s): 0.0594
Emb Update Time(s): 4.3691
#seeds: 6144
#inputs: 2042771
=====================

=====================
Part 12, Epoch Time(s): 8.2340
Sampling Time(s): 0.3158
Loading Time(s): 2.3661
Forward Time(s): 0.8413
Backward Time(s): 0.2529
Update Time(s): 0.0418
Emb Update Time(s): 4.3910
#seeds: 6144
#inputs: 2041614
=====================



=====================
Part 24, Epoch Time(s): 8.2345
Sampling Time(s): 0.2914
Loading Time(s): 2.2647
Forward Time(s): 0.9598
Backward Time(s): 0.2672
Update Time(s): 0.0553
Emb Update Time(s): 4.3648
#seeds: 6144
#inputs: 1963020
==========================================
Part 27, Epoch Time(s): 8.2339
Sampling Time(s): 0.2719
Loading Time(s): 2.4524
Forward Time(s): 0.8130
Backward Time(s): 0.2455
Update Time(s): 0.0589
Emb Update Time(s): 4.3663
#seeds: 6145
#inputs: 1977600
==========================================
Part 25, Epoch Time(s): 8.2339
Sampling Time(s): 0.3131
Loading Time(s): 2.4995
Forward Time(s): 0.7170
Backward Time(s): 0.2487
Update Time(s): 0.0606
Emb Update Time(s): 4.3679
#seeds: 6144
#inputs: 1962587
==========================================
Part 31, Epoch Time(s): 8.2337
Sampling Time(s): 0.3077
Loading Time(s): 2.4390
Forward Time(s): 0.7896
Backward Time(s): 0.2460
Update Time(s): 0.0539
Emb Update Time(s): 4.3607
#seeds: 6144
#inputs: 1963486
==========================================
Part 29, Epoch Time(s): 8.2340
Sampling Time(s): 0.3640
Loading Time(s): 2.5301
Forward Time(s): 0.6355
Backward Time(s): 0.2478
Update Time(s): 0.0423
Emb Update Time(s): 4.3916
#seeds: 6144
#inputs: 1971074
=====================
=====================
Part 26, Epoch Time(s): 8.2342
Sampling Time(s): 0.3033
Loading Time(s): 2.2210
Forward Time(s): 0.9914
Backward Time(s): 0.2631
Update Time(s): 0.0534
Emb Update Time(s): 4.3741
#seeds: 6144
#inputs: 1983702
==========================================
Part 28, Epoch Time(s): 8.2339
Sampling Time(s): 0.3365
Loading Time(s): 2.1826
Forward Time(s): 1.0157
Backward Time(s): 0.2423
Update Time(s): 0.0537
Emb Update Time(s): 4.3815
#seeds: 6144
#inputs: 1967273
=====================





=====================
Part 30, Epoch Time(s): 8.2343
Sampling Time(s): 0.3453
Loading Time(s): 2.4839
Forward Time(s): 0.7322
Backward Time(s): 0.2385
Update Time(s): 0.0630
Emb Update Time(s): 4.3481
#seeds: 6144
#inputs: 1975423
=====================
|V|=2449029, eval batch size: 100000
|V|=2449029, eval batch size: 100000
|V|=2449029, eval batch size: 100000
|V|=2449029, eval batch size: 100000
|V|=2449029, eval batch size: 100000
|V|=2449029, eval batch size: 100000|V|=2449029, eval batch size: 100000

|V|=2449029, eval batch size: 100000
|V|=2449029, eval batch size: 100000
|V|=2449029, eval batch size: 100000
|V|=2449029, eval batch size: 100000
|V|=2449029, eval batch size: 100000
|V|=2449029, eval batch size: 100000
|V|=2449029, eval batch size: 100000
|V|=2449029, eval batch size: 100000
|V|=2449029, eval batch size: 100000|V|=2449029, eval batch size: 100000

|V|=2449029, eval batch size: 100000
|V|=2449029, eval batch size: 100000
|V|=2449029, eval batch size: 100000
|V|=2449029, eval batch size: 100000
|V|=2449029, eval batch size: 100000
|V|=2449029, eval batch size: 100000
|V|=2449029, eval batch size: 100000
|V|=2449029, eval batch size: 100000
|V|=2449029, eval batch size: 100000
|V|=2449029, eval batch size: 100000
|V|=2449029, eval batch size: 100000
|V|=2449029, eval batch size: 100000
|V|=2449029, eval batch size: 100000
|V|=2449029, eval batch size: 100000
|V|=2449029, eval batch size: 100000
|V|=2449029, eval batch size: 100000
|V|=2449029, eval batch size: 100000
|V|=2449029, eval batch size: 100000
|V|=2449029, eval batch size: 100000
|V|=2449029, eval batch size: 100000
|V|=2449029, eval batch size: 100000
|V|=2449029, eval batch size: 100000
|V|=2449029, eval batch size: 100000
|V|=2449029, eval batch size: 100000
|V|=2449029, eval batch size: 100000
|V|=2449029, eval batch size: 100000
|V|=2449029, eval batch size: 100000
|V|=2449029, eval batch size: 100000
|V|=2449029, eval batch size: 100000
|V|=2449029, eval batch size: 100000
|V|=2449029, eval batch size: 100000
|V|=2449029, eval batch size: 100000
|V|=2449029, eval batch size: 100000
|V|=2449029, eval batch size: 100000
|V|=2449029, eval batch size: 100000
|V|=2449029, eval batch size: 100000
|V|=2449029, eval batch size: 100000
|V|=2449029, eval batch size: 100000
|V|=2449029, eval batch size: 100000
|V|=2449029, eval batch size: 100000
|V|=2449029, eval batch size: 100000
|V|=2449029, eval batch size: 100000
|V|=2449029, eval batch size: 100000
|V|=2449029, eval batch size: 100000
|V|=2449029, eval batch size: 100000
|V|=2449029, eval batch size: 100000
|V|=2449029, eval batch size: 100000
|V|=2449029, eval batch size: 100000
|V|=2449029, eval batch size: 100000
|V|=2449029, eval batch size: 100000
|V|=2449029, eval batch size: 100000
|V|=2449029, eval batch size: 100000
|V|=2449029, eval batch size: 100000
|V|=2449029, eval batch size: 100000
|V|=2449029, eval batch size: 100000
|V|=2449029, eval batch size: 100000
|V|=2449029, eval batch size: 100000
|V|=2449029, eval batch size: 100000
|V|=2449029, eval batch size: 100000
|V|=2449029, eval batch size: 100000|V|=2449029, eval batch size: 100000

|V|=2449029, eval batch size: 100000
|V|=2449029, eval batch size: 100000
|V|=2449029, eval batch size: 100000
|V|=2449029, eval batch size: 100000
|V|=2449029, eval batch size: 100000|V|=2449029, eval batch size: 100000
|V|=2449029, eval batch size: 100000
|V|=2449029, eval batch size: 100000
|V|=2449029, eval batch size: 100000
|V|=2449029, eval batch size: 100000
|V|=2449029, eval batch size: 100000
|V|=2449029, eval batch size: 100000

|V|=2449029, eval batch size: 100000
|V|=2449029, eval batch size: 100000
|V|=2449029, eval batch size: 100000
|V|=2449029, eval batch size: 100000
|V|=2449029, eval batch size: 100000
|V|=2449029, eval batch size: 100000
Part 4, Val Acc 0.4955, Test Acc 0.4813, time: 9.3019
Part 19, Val Acc 0.0985, Test Acc 0.0685, time: 9.3066
Part 31, Val Acc 0.5261, Test Acc 0.3777, time: 9.3173
Part 26, Val Acc 0.5171, Test Acc 0.3774, time: 9.3195
Part 30, Val Acc 0.5460, Test Acc 0.3790, time: 9.3203
Part 27, Val Acc 0.5191, Test Acc 0.3820, time: 9.3229
Part 2, Val Acc 0.4858, Test Acc 0.4805, time: 9.3243
Part 29, Val Acc 0.5085, Test Acc 0.3815, time: 9.3248
Part 25, Val Acc 0.5614, Test Acc 0.3835, time: 9.3253
Part 6, Val Acc 0.4695, Test Acc 0.4835, time: 9.3275
Part 28, Val Acc 0.5142, Test Acc 0.3777, time: 9.3285
Part 3, Val Acc 0.4614, Test Acc 0.4841, time: 9.3290
Part 5, Val Acc 0.4736, Test Acc 0.4836, time: 9.3303
Part 0, Val Acc 0.4731, Test Acc 0.4822, time: 9.3304
Part 1, Val Acc 0.4849, Test Acc 0.4860, time: 9.3305
Part 7, Val Acc 0.4890, Test Acc 0.4834, time: 9.3311
Part 14, Val Acc 0.1465, Test Acc 0.1223, time: 9.3312
Part 15, Val Acc 0.1352, Test Acc 0.1180, time: 9.3312
Part 9, Val Acc 0.1277, Test Acc 0.1220, time: 9.3325
Part 24, Val Acc 0.5232, Test Acc 0.3840, time: 9.3327
Part 8, Val Acc 0.1611, Test Acc 0.1203, time: 9.3364
Part 23, Val Acc 0.0911, Test Acc 0.0697, time: 9.3366
Part 22, Val Acc 0.1025, Test Acc 0.0696, time: 9.3380
Part 21, Val Acc 0.1033, Test Acc 0.0687, time: 9.3380
Part 10, Val Acc 0.1530, Test Acc 0.1177, time: 9.3397
Part 18, Val Acc 0.0912, Test Acc 0.0689, time: 9.3420
Part 16, Val Acc 0.0952, Test Acc 0.0694, time: 9.3424
Part 20, Val Acc 0.0871, Test Acc 0.0702, time: 9.3431
Part 17, Val Acc 0.0960, Test Acc 0.0701, time: 9.3487
Part 13, Val Acc 0.1318, Test Acc 0.1195, time: 9.3507
Part 11, Val Acc 0.1343, Test Acc 0.1182, time: 9.3512
Part 12, Val Acc 0.1416, Test Acc 0.1200, time: 9.3580
All parts avg val acc 0.3108, test acc 0.2631
Part 4 | Epoch 00001 | Step 00000 | Loss 2.3126 | Train Acc 0.4210 | Speed (samples/sec) 940.8272 | GPU 1807.2 MB | time 1.105 sPart 6 | Epoch 00001 | Step 00000 | Loss 2.3573 | Train Acc 0.4220 | Speed (samples/sec) 945.5426 | GPU 1803.6 MB | time 1.079 s

Part 2 | Epoch 00001 | Step 00000 | Loss 2.4227 | Train Acc 0.4060 | Speed (samples/sec) 944.5477 | GPU 1809.4 MB | time 1.083 s
Part 0 | Epoch 00001 | Step 00000 | Loss 2.3970 | Train Acc 0.4060 | Speed (samples/sec) 950.6286 | GPU 1809.1 MB | time 1.048 s
Part 1 | Epoch 00001 | Step 00000 | Loss 2.4470 | Train Acc 0.3860 | Speed (samples/sec) 945.8185 | GPU 1826.5 MB | time 1.075 s
Part 16 | Epoch 00001 | Step 00000 | Loss 3.3382 | Train Acc 0.1220 | Speed (samples/sec) 947.7224 | GPU 1835.9 MB | time 1.064 sPart 19 | Epoch 00001 | Step 00000 | Loss 3.3284 | Train Acc 0.1240 | Speed (samples/sec) 941.7655 | GPU 1853.1 MB | time 1.100 s

Part 22 | Epoch 00001 | Step 00000 | Loss 3.3287 | Train Acc 0.1370 | Speed (samples/sec) 946.9285 | GPU 1841.2 MB | time 1.069 sPart 20 | Epoch 00001 | Step 00000 | Loss 3.4240 | Train Acc 0.1030 | Speed (samples/sec) 947.8440 | GPU 1851.5 MB | time 1.064 s

Part 17 | Epoch 00001 | Step 00000 | Loss 3.3777 | Train Acc 0.1120 | Speed (samples/sec) 948.9671 | GPU 1852.5 MB | time 1.058 s
Part 23 | Epoch 00001 | Step 00000 | Loss 3.3700 | Train Acc 0.1180 | Speed (samples/sec) 947.2650 | GPU 1851.2 MB | time 1.070 s
Part 18 | Epoch 00001 | Step 00000 | Loss 3.4061 | Train Acc 0.0990 | Speed (samples/sec) 948.0120 | GPU 1847.5 MB | time 1.063 s
Part 21 | Epoch 00001 | Step 00000 | Loss 3.3215 | Train Acc 0.1340 | Speed (samples/sec) 947.4010 | GPU 1847.2 MB | time 1.069 s
Part 3 | Epoch 00001 | Step 00000 | Loss 2.3998 | Train Acc 0.3810 | Speed (samples/sec) 945.4059 | GPU 1811.0 MB | time 1.078 s
Part 5 | Epoch 00001 | Step 00000 | Loss 2.3410 | Train Acc 0.4150 | Speed (samples/sec) 946.0816 | GPU 1814.2 MB | time 1.076 s
Part 7 | Epoch 00001 | Step 00000 | Loss 2.3875 | Train Acc 0.3980 | Speed (samples/sec) 945.7200 | GPU 1806.1 MB | time 1.076 s
Part 27 | Epoch 00001 | Step 00000 | Loss 2.3339 | Train Acc 0.4500 | Speed (samples/sec) 944.7715 | GPU 1930.8 MB | time 1.084 sPart 31 | Epoch 00001 | Step 00000 | Loss 2.3988 | Train Acc 0.4240 | Speed (samples/sec) 943.3699 | GPU 1926.7 MB | time 1.089 s

Part 26 | Epoch 00001 | Step 00000 | Loss 2.3782 | Train Acc 0.4380 | Speed (samples/sec) 943.7183 | GPU 1928.3 MB | time 1.087 s
Part 25 | Epoch 00001 | Step 00000 | Loss 2.4098 | Train Acc 0.4220 | Speed (samples/sec) 944.7231 | GPU 1942.1 MB | time 1.082 s
Part 30 | Epoch 00001 | Step 00000 | Loss 2.3314 | Train Acc 0.4620 | Speed (samples/sec) 943.8809 | GPU 1921.3 MB | time 1.086 s
Part 28 | Epoch 00001 | Step 00000 | Loss 2.4705 | Train Acc 0.4160 | Speed (samples/sec) 945.2648 | GPU 1929.9 MB | time 1.078 s
Part 29 | Epoch 00001 | Step 00000 | Loss 2.4842 | Train Acc 0.4330 | Speed (samples/sec) 944.6707 | GPU 1933.7 MB | time 1.082 s
Part 10 | Epoch 00001 | Step 00000 | Loss 3.0191 | Train Acc 0.1610 | Speed (samples/sec) 947.1937 | GPU 2060.2 MB | time 1.067 s
Part 8 | Epoch 00001 | Step 00000 | Loss 3.1195 | Train Acc 0.1490 | Speed (samples/sec) 947.1371 | GPU 2081.2 MB | time 1.070 s
Part 24 | Epoch 00001 | Step 00000 | Loss 2.3819 | Train Acc 0.4200 | Speed (samples/sec) 945.9989 | GPU 1938.3 MB | time 1.074 s
Part 14 | Epoch 00001 | Step 00000 | Loss 3.0681 | Train Acc 0.1570 | Speed (samples/sec) 945.6637 | GPU 2067.5 MB | time 1.076 s
Part 11 | Epoch 00001 | Step 00000 | Loss 3.1064 | Train Acc 0.1530 | Speed (samples/sec) 949.2521 | GPU 2070.9 MB | time 1.056 s
Part 15 | Epoch 00001 | Step 00000 | Loss 3.0995 | Train Acc 0.1490 | Speed (samples/sec) 945.7600 | GPU 2057.8 MB | time 1.076 sPart 13 | Epoch 00001 | Step 00000 | Loss 3.0462 | Train Acc 0.1510 | Speed (samples/sec) 949.0758 | GPU 2059.0 MB | time 1.056 s

Part 9 | Epoch 00001 | Step 00000 | Loss 3.1122 | Train Acc 0.1460 | Speed (samples/sec) 946.6146 | GPU 2065.2 MB | time 1.074 sPart 12 | Epoch 00001 | Step 00000 | Loss 3.0900 | Train Acc 0.1550 | Speed (samples/sec) 950.4140 | GPU 2064.4 MB | time 1.049 s

Avg train acc 0.2772Avg train acc 0.2772

Avg train acc 0.2772Avg train acc 0.2772Avg train acc 0.2772Avg train acc 0.2772
Avg train acc 0.2772
Avg train acc 0.2772



Avg train acc 0.2772Avg train acc 0.2772Avg train acc 0.2772Avg train acc 0.2772

Avg train acc 0.2772
Avg train acc 0.2772
Avg train acc 0.2772


Avg train acc 0.2772
Avg train acc 0.2772
Avg train acc 0.2772Avg train acc 0.2772Avg train acc 0.2772Avg train acc 0.2772Avg train acc 0.2772Avg train acc 0.2772Avg train acc 0.2772






Avg train acc 0.2772Avg train acc 0.2772
Avg train acc 0.2772Avg train acc 0.2772Avg train acc 0.2772


Avg train acc 0.2772
Avg train acc 0.2772Avg train acc 0.2772


=====================
Part 0, Epoch Time(s): 5.8183
Sampling Time(s): 0.3626
Loading Time(s): 1.8790
Forward Time(s): 0.7366
Backward Time(s): 0.2330
Update Time(s): 0.0041
Emb Update Time(s): 2.5909
#seeds: 6144
#inputs: 1921252
==========================================
Part 1, Epoch Time(s): 5.8454
Sampling Time(s): 0.2932
Loading Time(s): 1.8698
Forward Time(s): 0.8422
Backward Time(s): 0.2329
Update Time(s): 0.0048
Emb Update Time(s): 2.5902
#seeds: 6144
#inputs: 1927335
=====================

=====================
Part 7, Epoch Time(s): 5.8458
Sampling Time(s): 0.2836
Loading Time(s): 1.7893
Forward Time(s): 0.9326
Backward Time(s): 0.2361
Update Time(s): 0.0050
Emb Update Time(s): 2.5870
#seeds: 6144
#inputs: 1931738
==========================================
Part 2, Epoch Time(s): 5.8527
Sampling Time(s): 0.2789
Loading Time(s): 1.9734
Forward Time(s): 0.7601
Backward Time(s): 0.2328
Update Time(s): 0.0043
Emb Update Time(s): 2.5912
#seeds: 6144
#inputs: 1935100
==========================================
Part 3, Epoch Time(s): 5.8478
Sampling Time(s): 0.3204
Loading Time(s): 1.8738
Forward Time(s): 0.8130
Backward Time(s): 0.2327
Update Time(s): 0.0046
Emb Update Time(s): 2.5910
#seeds: 6144
#inputs: 1929406
=====================
=====================
Part 4, Epoch Time(s): 5.8749
Sampling Time(s): 0.2901
Loading Time(s): 2.0211
Forward Time(s): 0.7237
Backward Time(s): 0.2325
Update Time(s): 0.0042
Emb Update Time(s): 2.5913
#seeds: 6144
#inputs: 1936650
=====================

=====================
Part 6, Epoch Time(s): 5.8496
Sampling Time(s): 0.2897
Loading Time(s): 2.2084
Forward Time(s): 0.5169
Backward Time(s): 0.2272
Update Time(s): 0.0042
Emb Update Time(s): 2.5911
#seeds: 6145
#inputs: 1921722
=====================
=====================
Part 5, Epoch Time(s): 5.8465
Sampling Time(s): 0.3083
Loading Time(s): 2.1625
Forward Time(s): 0.5353
Backward Time(s): 0.2323
Update Time(s): 0.0054
Emb Update Time(s): 2.5906
#seeds: 6145
#inputs: 1932705
=====================

=====================
Part 19, Epoch Time(s): 5.8703
Sampling Time(s): 0.3598
Loading Time(s): 2.0549
Forward Time(s): 0.6142
Backward Time(s): 0.2318
Update Time(s): 0.0042
Emb Update Time(s): 2.5926
#seeds: 6144
#inputs: 1934840
==========================================
Part 17, Epoch Time(s): 5.8281
Sampling Time(s): 0.2884
Loading Time(s): 2.1327
Forward Time(s): 0.5664
Backward Time(s): 0.2324
Update Time(s): 0.0044
Emb Update Time(s): 2.5914
#seeds: 6144
#inputs: 1928049
==========================================
Part 20, Epoch Time(s): 5.8339
Sampling Time(s): 0.2788
Loading Time(s): 2.2406
Forward Time(s): 0.4738
Backward Time(s): 0.2318
Update Time(s): 0.0044
Emb Update Time(s): 2.5923
#seeds: 6144
#inputs: 1945272
==========================================
Part 16, Epoch Time(s): 5.8345
Sampling Time(s): 0.2809
Loading Time(s): 2.2141
Forward Time(s): 0.4992
Backward Time(s): 0.2321
Update Time(s): 0.0044
Emb Update Time(s): 2.5915
#seeds: 6144
#inputs: 1931052
==========================================
Part 22, Epoch Time(s): 5.8389
Sampling Time(s): 0.3655
Loading Time(s): 2.0915
Forward Time(s): 0.5410
Backward Time(s): 0.2313
Update Time(s): 0.0043
Emb Update Time(s): 2.5930
#seeds: 6144
#inputs: 1929901
==========================================
Part 18, Epoch Time(s): 5.8337
Sampling Time(s): 0.3033
Loading Time(s): 1.9785
Forward Time(s): 0.7096
Backward Time(s): 0.2321
Update Time(s): 0.0046
Emb Update Time(s): 2.5924
#seeds: 6144
#inputs: 1913916
=====================





=====================
Part 21, Epoch Time(s): 5.8392
Sampling Time(s): 0.2976
Loading Time(s): 2.3088
Forward Time(s): 0.3916
Backward Time(s): 0.2316
Update Time(s): 0.0044
Emb Update Time(s): 2.5929
#seeds: 6145
#inputs: 1941612
=====================
=====================
Part 23, Epoch Time(s): 5.8402
Sampling Time(s): 0.3400
Loading Time(s): 2.0262
Forward Time(s): 0.6333
Backward Time(s): 0.2312
Update Time(s): 0.0043
Emb Update Time(s): 2.5932
#seeds: 6145
#inputs: 1932879
=====================
=====================
Part 24, Epoch Time(s): 5.8442
Sampling Time(s): 0.2688
Loading Time(s): 2.0849
Forward Time(s): 0.6500
Backward Time(s): 0.2320
Update Time(s): 0.0041
Emb Update Time(s): 2.5923
#seeds: 6144
#inputs: 1965714
==========================================
Part 27, Epoch Time(s): 5.8539
Sampling Time(s): 0.2879
Loading Time(s): 2.1945
Forward Time(s): 0.5341
Backward Time(s): 0.2288
Update Time(s): 0.0046
Emb Update Time(s): 2.5919
#seeds: 6145
#inputs: 1976156
==========================================
Part 25, Epoch Time(s): 5.8516
Sampling Time(s): 0.2775
Loading Time(s): 2.1841
Forward Time(s): 0.5496
Backward Time(s): 0.2318
Update Time(s): 0.0043
Emb Update Time(s): 2.5923
#seeds: 6144
#inputs: 1969414
==========================================
Part 28, Epoch Time(s): 5.8483
Sampling Time(s): 0.2938
Loading Time(s): 2.3055
Forward Time(s): 0.4239
Backward Time(s): 0.2257
Update Time(s): 0.0045
Emb Update Time(s): 2.5829
#seeds: 6144
#inputs: 1967229
=====================



=====================
Part 26, Epoch Time(s): 5.8574
Sampling Time(s): 0.3214
Loading Time(s): 2.1489
Forward Time(s): 0.5468
Backward Time(s): 0.2316
Update Time(s): 0.0044
Emb Update Time(s): 2.5922
#seeds: 6144
#inputs: 1979571
=====================
=====================
Part 30, Epoch Time(s): 5.8565
Sampling Time(s): 0.4056
Loading Time(s): 2.1300
Forward Time(s): 0.4804
Backward Time(s): 0.2304
Update Time(s): 0.0046
Emb Update Time(s): 2.5936
#seeds: 6144
#inputs: 1973381
==========================================
Part 29, Epoch Time(s): 5.8518
Sampling Time(s): 0.3168
Loading Time(s): 2.0953
Forward Time(s): 0.5991
Backward Time(s): 0.2304
Update Time(s): 0.0045
Emb Update Time(s): 2.5936
#seeds: 6144
#inputs: 1975907
==========================================
Part 31, Epoch Time(s): 5.8596
Sampling Time(s): 0.2928
Loading Time(s): 2.2262
Forward Time(s): 0.5138
Backward Time(s): 0.2270
Update Time(s): 0.0045
Emb Update Time(s): 2.5833
#seeds: 6144
#inputs: 1955236
=====================


=====================
Part 11, Epoch Time(s): 5.8255
Sampling Time(s): 0.2995
Loading Time(s): 2.1811
Forward Time(s): 0.5043
Backward Time(s): 0.2304
Update Time(s): 0.0042
Emb Update Time(s): 2.5943
#seeds: 6144
#inputs: 2041780
==========================================
Part 9, Epoch Time(s): 5.8439
Sampling Time(s): 0.2920
Loading Time(s): 2.2951
Forward Time(s): 0.4241
Backward Time(s): 0.2288
Update Time(s): 0.0049
Emb Update Time(s): 2.5874
#seeds: 6145
#inputs: 2035743
==========================================
Part 13, Epoch Time(s): 5.8261
Sampling Time(s): 0.2916
Loading Time(s): 2.4951
Forward Time(s): 0.2195
Backward Time(s): 0.2228
Update Time(s): 0.0045
Emb Update Time(s): 2.5809
#seeds: 6144
#inputs: 2044957
==========================================
Part 10, Epoch Time(s): 5.8372
Sampling Time(s): 0.2869
Loading Time(s): 2.3132
Forward Time(s): 0.4249
Backward Time(s): 0.2256
Update Time(s): 0.0042
Emb Update Time(s): 2.5703
#seeds: 6144
#inputs: 2044063
==========================================
Part 15, Epoch Time(s): 5.8456
Sampling Time(s): 0.3202
Loading Time(s): 2.1259
Forward Time(s): 0.5590
Backward Time(s): 0.2300
Update Time(s): 0.0047
Emb Update Time(s): 2.5941
#seeds: 6144
#inputs: 2022107
==========================================
Part 12, Epoch Time(s): 5.8199
Sampling Time(s): 0.3897
Loading Time(s): 2.3268
Forward Time(s): 0.2767
Backward Time(s): 0.2260
Update Time(s): 0.0051
Emb Update Time(s): 2.5831
#seeds: 6144
#inputs: 2047915
==========================================
Part 8, Epoch Time(s): 5.8404
Sampling Time(s): 0.3080
Loading Time(s): 2.2819
Forward Time(s): 0.4101
Backward Time(s): 0.2312
Update Time(s): 0.0043
Emb Update Time(s): 2.5929
#seeds: 6145
#inputs: 2042147
==========================================
Part 14, Epoch Time(s): 5.8456
Sampling Time(s): 0.2898
Loading Time(s): 2.3117
Forward Time(s): 0.4183
Backward Time(s): 0.2259
Update Time(s): 0.0045
Emb Update Time(s): 2.5837
#seeds: 6144
#inputs: 2033502
=====================







|V|=2449029, eval batch size: 100000
|V|=2449029, eval batch size: 100000
|V|=2449029, eval batch size: 100000
|V|=2449029, eval batch size: 100000
|V|=2449029, eval batch size: 100000
|V|=2449029, eval batch size: 100000
|V|=2449029, eval batch size: 100000
|V|=2449029, eval batch size: 100000
|V|=2449029, eval batch size: 100000
|V|=2449029, eval batch size: 100000
|V|=2449029, eval batch size: 100000
|V|=2449029, eval batch size: 100000
|V|=2449029, eval batch size: 100000
|V|=2449029, eval batch size: 100000
|V|=2449029, eval batch size: 100000
|V|=2449029, eval batch size: 100000
|V|=2449029, eval batch size: 100000
|V|=2449029, eval batch size: 100000
|V|=2449029, eval batch size: 100000
|V|=2449029, eval batch size: 100000
|V|=2449029, eval batch size: 100000
|V|=2449029, eval batch size: 100000
|V|=2449029, eval batch size: 100000
|V|=2449029, eval batch size: 100000
|V|=2449029, eval batch size: 100000
|V|=2449029, eval batch size: 100000
|V|=2449029, eval batch size: 100000
|V|=2449029, eval batch size: 100000
|V|=2449029, eval batch size: 100000
|V|=2449029, eval batch size: 100000
|V|=2449029, eval batch size: 100000
|V|=2449029, eval batch size: 100000
|V|=2449029, eval batch size: 100000
|V|=2449029, eval batch size: 100000
|V|=2449029, eval batch size: 100000
|V|=2449029, eval batch size: 100000
|V|=2449029, eval batch size: 100000
|V|=2449029, eval batch size: 100000
|V|=2449029, eval batch size: 100000
|V|=2449029, eval batch size: 100000
|V|=2449029, eval batch size: 100000
|V|=2449029, eval batch size: 100000
|V|=2449029, eval batch size: 100000
|V|=2449029, eval batch size: 100000
|V|=2449029, eval batch size: 100000
|V|=2449029, eval batch size: 100000
|V|=2449029, eval batch size: 100000
|V|=2449029, eval batch size: 100000
|V|=2449029, eval batch size: 100000
|V|=2449029, eval batch size: 100000
|V|=2449029, eval batch size: 100000
|V|=2449029, eval batch size: 100000
|V|=2449029, eval batch size: 100000
|V|=2449029, eval batch size: 100000
|V|=2449029, eval batch size: 100000
|V|=2449029, eval batch size: 100000
|V|=2449029, eval batch size: 100000
|V|=2449029, eval batch size: 100000
|V|=2449029, eval batch size: 100000
|V|=2449029, eval batch size: 100000
|V|=2449029, eval batch size: 100000
|V|=2449029, eval batch size: 100000
|V|=2449029, eval batch size: 100000
|V|=2449029, eval batch size: 100000
|V|=2449029, eval batch size: 100000
|V|=2449029, eval batch size: 100000
|V|=2449029, eval batch size: 100000
|V|=2449029, eval batch size: 100000
|V|=2449029, eval batch size: 100000
|V|=2449029, eval batch size: 100000
|V|=2449029, eval batch size: 100000
|V|=2449029, eval batch size: 100000
|V|=2449029, eval batch size: 100000
|V|=2449029, eval batch size: 100000
|V|=2449029, eval batch size: 100000
|V|=2449029, eval batch size: 100000
|V|=2449029, eval batch size: 100000|V|=2449029, eval batch size: 100000

|V|=2449029, eval batch size: 100000
|V|=2449029, eval batch size: 100000
|V|=2449029, eval batch size: 100000
|V|=2449029, eval batch size: 100000
|V|=2449029, eval batch size: 100000
|V|=2449029, eval batch size: 100000
|V|=2449029, eval batch size: 100000
|V|=2449029, eval batch size: 100000|V|=2449029, eval batch size: 100000

|V|=2449029, eval batch size: 100000
|V|=2449029, eval batch size: 100000
|V|=2449029, eval batch size: 100000|V|=2449029, eval batch size: 100000

|V|=2449029, eval batch size: 100000
|V|=2449029, eval batch size: 100000
|V|=2449029, eval batch size: 100000
|V|=2449029, eval batch size: 100000
|V|=2449029, eval batch size: 100000
Part 2, Val Acc 0.4963, Test Acc 0.4898, time: 7.0986
Part 26, Val Acc 0.5350, Test Acc 0.3937, time: 7.1029
Part 3, Val Acc 0.4727, Test Acc 0.4949, time: 7.1043
Part 19, Val Acc 0.1139, Test Acc 0.0760, time: 7.1042
Part 28, Val Acc 0.5281, Test Acc 0.3954, time: 7.1054
Part 17, Val Acc 0.1041, Test Acc 0.0784, time: 7.1080
Part 1, Val Acc 0.5004, Test Acc 0.4964, time: 7.1105
Part 7, Val Acc 0.4955, Test Acc 0.4940, time: 7.1106
Part 31, Val Acc 0.5464, Test Acc 0.3939, time: 7.1134
Part 0, Val Acc 0.4796, Test Acc 0.4924, time: 7.1137
Part 4, Val Acc 0.5045, Test Acc 0.4915, time: 7.1140
Part 6, Val Acc 0.4776, Test Acc 0.4939, time: 7.1149
Part 30, Val Acc 0.5671, Test Acc 0.3951, time: 7.1146
Part 27, Val Acc 0.5468, Test Acc 0.3978, time: 7.1175
Part 5, Val Acc 0.4793, Test Acc 0.4933, time: 7.1200
Part 29, Val Acc 0.5232, Test Acc 0.3982, time: 7.1226
Part 12, Val Acc 0.3116, Test Acc 0.2111, time: 7.1232
Part 24, Val Acc 0.5476, Test Acc 0.4003, time: 7.1233
Part 25, Val Acc 0.5842, Test Acc 0.3997, time: 7.1239
Part 15, Val Acc 0.3143, Test Acc 0.2092, time: 7.1246
Part 10, Val Acc 0.3222, Test Acc 0.2124, time: 7.1247
Part 9, Val Acc 0.3100, Test Acc 0.2140, time: 7.1248
Part 22, Val Acc 0.1123, Test Acc 0.0774, time: 7.1250
Part 16, Val Acc 0.1033, Test Acc 0.0780, time: 7.1267
Part 20, Val Acc 0.0968, Test Acc 0.0774, time: 7.1270
Part 18, Val Acc 0.1018, Test Acc 0.0765, time: 7.1273
Part 21, Val Acc 0.1139, Test Acc 0.0768, time: 7.1274
Part 23, Val Acc 0.1041, Test Acc 0.0776, time: 7.1282
Part 11, Val Acc 0.2872, Test Acc 0.2087, time: 7.1324
Part 13, Val Acc 0.2823, Test Acc 0.2128, time: 7.1363
Part 8, Val Acc 0.3157, Test Acc 0.2134, time: 7.1372
Part 14, Val Acc 0.3116, Test Acc 0.2138, time: 7.1419
All parts avg val acc 0.3622, test acc 0.2948
Part 0 | Epoch 00002 | Step 00000 | Loss 1.9619 | Train Acc 0.4950 | Speed (samples/sec) 985.2952 | GPU 1814.7 MB | time 1.047 s
Part 1 | Epoch 00002 | Step 00000 | Loss 2.0052 | Train Acc 0.4760 | Speed (samples/sec) 980.9126 | GPU 1826.5 MB | time 1.080 s
Part 7 | Epoch 00002 | Step 00000 | Loss 1.9845 | Train Acc 0.4950 | Speed (samples/sec) 980.8631 | GPU 1808.4 MB | time 1.080 s
Part 6 | Epoch 00002 | Step 00000 | Loss 1.9502 | Train Acc 0.5030 | Speed (samples/sec) 981.2767 | GPU 1804.7 MB | time 1.076 s
Part 2 | Epoch 00002 | Step 00000 | Loss 1.9367 | Train Acc 0.5060 | Speed (samples/sec) 979.5264 | GPU 1809.4 MB | time 1.092 s
Part 5 | Epoch 00002 | Step 00000 | Loss 1.9789 | Train Acc 0.4790 | Speed (samples/sec) 981.9221 | GPU 1814.2 MB | time 1.070 s
Part 4 | Epoch 00002 | Step 00000 | Loss 1.9948 | Train Acc 0.4760 | Speed (samples/sec) 979.0770 | GPU 1807.2 MB | time 1.076 s
Part 3 | Epoch 00002 | Step 00000 | Loss 1.9501 | Train Acc 0.4890 | Speed (samples/sec) 980.2845 | GPU 1813.7 MB | time 1.086 s
Part 23 | Epoch 00002 | Step 00000 | Loss 2.8686 | Train Acc 0.1410 | Speed (samples/sec) 982.9979 | GPU 1851.2 MB | time 1.062 s
Part 18 | Epoch 00002 | Step 00000 | Loss 2.8684 | Train Acc 0.1300 | Speed (samples/sec) 983.0900 | GPU 1847.5 MB | time 1.063 sPart 19 | Epoch 00002 | Step 00000 | Loss 2.8187 | Train Acc 0.1500 | Speed (samples/sec) 978.8022 | GPU 1853.1 MB | time 1.086 s

Part 21 | Epoch 00002 | Step 00000 | Loss 2.8508 | Train Acc 0.1410 | Speed (samples/sec) 982.9641 | GPU 1847.2 MB | time 1.063 s
Part 8 | Epoch 00002 | Step 00000 | Loss 2.5501 | Train Acc 0.2370 | Speed (samples/sec) 983.5899 | GPU 2091.5 MB | time 1.053 s
Part 13 | Epoch 00002 | Step 00000 | Loss 2.5264 | Train Acc 0.2550 | Speed (samples/sec) 984.1278 | GPU 2066.9 MB | time 1.054 sPart 12 | Epoch 00002 | Step 00000 | Loss 2.4953 | Train Acc 0.2620 | Speed (samples/sec) 983.7408 | GPU 2075.5 MB | time 1.067 s

Part 10 | Epoch 00002 | Step 00000 | Loss 2.5133 | Train Acc 0.2680 | Speed (samples/sec) 982.4906 | GPU 2075.1 MB | time 1.066 s
Part 27 | Epoch 00002 | Step 00000 | Loss 1.9775 | Train Acc 0.5390 | Speed (samples/sec) 981.1541 | GPU 1933.2 MB | time 1.073 sPart 28 | Epoch 00002 | Step 00000 | Loss 2.0161 | Train Acc 0.5190 | Speed (samples/sec) 980.2990 | GPU 1930.3 MB | time 1.085 sPart 26 | Epoch 00002 | Step 00000 | Loss 1.8985 | Train Acc 0.5530 | Speed (samples/sec) 979.4679 | GPU 1931.2 MB | time 1.088 sPart 25 | Epoch 00002 | Step 00000 | Loss 1.9880 | Train Acc 0.5220 | Speed (samples/sec) 981.3943 | GPU 1944.9 MB | time 1.067 sPart 31 | Epoch 00002 | Step 00000 | Loss 2.0055 | Train Acc 0.5260 | Speed (samples/sec) 980.0628 | GPU 1926.7 MB | time 1.077 s




Part 24 | Epoch 00002 | Step 00000 | Loss 2.0168 | Train Acc 0.5250 | Speed (samples/sec) 981.8934 | GPU 1940.0 MB | time 1.067 sPart 29 | Epoch 00002 | Step 00000 | Loss 2.0342 | Train Acc 0.5120 | Speed (samples/sec) 981.3244 | GPU 1933.7 MB | time 1.067 s

Part 22 | Epoch 00002 | Step 00000 | Loss 2.8729 | Train Acc 0.1450 | Speed (samples/sec) 982.4255 | GPU 1846.9 MB | time 1.065 s
Part 11 | Epoch 00002 | Step 00000 | Loss 2.5415 | Train Acc 0.2440 | Speed (samples/sec) 983.9230 | GPU 2070.9 MB | time 1.058 sPart 15 | Epoch 00002 | Step 00000 | Loss 2.5239 | Train Acc 0.2490 | Speed (samples/sec) 981.8860 | GPU 2064.4 MB | time 1.066 s

Part 14 | Epoch 00002 | Step 00000 | Loss 2.5383 | Train Acc 0.2590 | Speed (samples/sec) 983.1813 | GPU 2068.0 MB | time 1.048 s
Part 30 | Epoch 00002 | Step 00000 | Loss 1.9826 | Train Acc 0.5370 | Speed (samples/sec) 980.4053 | GPU 1925.1 MB | time 1.075 s
Part 16 | Epoch 00002 | Step 00000 | Loss 2.8140 | Train Acc 0.1590 | Speed (samples/sec) 982.8846 | GPU 1835.9 MB | time 1.063 s
Part 20 | Epoch 00002 | Step 00000 | Loss 2.9335 | Train Acc 0.1320 | Speed (samples/sec) 982.9366 | GPU 1852.6 MB | time 1.063 s
Part 17 | Epoch 00002 | Step 00000 | Loss 2.8164 | Train Acc 0.1600 | Speed (samples/sec) 982.0482 | GPU 1852.5 MB | time 1.082 s
Part 9 | Epoch 00002 | Step 00000 | Loss 2.4850 | Train Acc 0.2530 | Speed (samples/sec) 982.4605 | GPU 2072.5 MB | time 1.065 s
Avg train acc 0.3543Avg train acc 0.3543
Avg train acc 0.3543

Avg train acc 0.3543Avg train acc 0.3543Avg train acc 0.3543


Avg train acc 0.3543
Avg train acc 0.3543
Avg train acc 0.3543Avg train acc 0.3543Avg train acc 0.3543Avg train acc 0.3543



Avg train acc 0.3543Avg train acc 0.3543Avg train acc 0.3543


Avg train acc 0.3543
Avg train acc 0.3543Avg train acc 0.3543Avg train acc 0.3543Avg train acc 0.3543Avg train acc 0.3543
Avg train acc 0.3543



Avg train acc 0.3543

Avg train acc 0.3543Avg train acc 0.3543Avg train acc 0.3543
Avg train acc 0.3543Avg train acc 0.3543



Avg train acc 0.3543Avg train acc 0.3543Avg train acc 0.3543


Avg train acc 0.3543
=====================
Part 3, Epoch Time(s): 5.7448
Sampling Time(s): 0.2846
Loading Time(s): 2.1744
Forward Time(s): 0.5467
Backward Time(s): 0.2264
Update Time(s): 0.0047
Emb Update Time(s): 2.4946
#seeds: 6144
#inputs: 1938523
==========================================
Part 5, Epoch Time(s): 5.7286
Sampling Time(s): 0.2790
Loading Time(s): 2.0121
Forward Time(s): 0.6829
Backward Time(s): 0.2307
Update Time(s): 0.0046
Emb Update Time(s): 2.5058
#seeds: 6145
#inputs: 1930923
==========================================
Part 0, Epoch Time(s): 5.7062
Sampling Time(s): 0.3843
Loading Time(s): 1.8417
Forward Time(s): 0.7258
Backward Time(s): 0.2323
Update Time(s): 0.0042
Emb Update Time(s): 2.5045
#seeds: 6144
#inputs: 1929638
==========================================
Part 2, Epoch Time(s): 5.7505
Sampling Time(s): 0.2981
Loading Time(s): 2.1187
Forward Time(s): 0.5789
Backward Time(s): 0.2311
Update Time(s): 0.0053
Emb Update Time(s): 2.5050
#seeds: 6144
#inputs: 1944772
=====================

=====================
Part 4, Epoch Time(s): 5.7350
Sampling Time(s): 0.2833
Loading Time(s): 2.1357
Forward Time(s): 0.5612
Backward Time(s): 0.2308
Update Time(s): 0.0043
Emb Update Time(s): 2.5062
#seeds: 6144
#inputs: 1936867
=====================

=====================
Part 7, Epoch Time(s): 5.7386
Sampling Time(s): 0.2920
Loading Time(s): 1.9181
Forward Time(s): 0.7738
Backward Time(s): 0.2300
Update Time(s): 0.0046
Emb Update Time(s): 2.5068
#seeds: 6144
#inputs: 1933912
==========================================
Part 6, Epoch Time(s): 5.7344
Sampling Time(s): 0.2935
Loading Time(s): 2.0615
Forward Time(s): 0.6247
Backward Time(s): 0.2306
Update Time(s): 0.0044
Emb Update Time(s): 2.5063
#seeds: 6145
#inputs: 1919298
=====================

=====================
Part 1, Epoch Time(s): 5.7384
Sampling Time(s): 0.3216
Loading Time(s): 2.0583
Forward Time(s): 0.6039
Backward Time(s): 0.2319
Update Time(s): 0.0049
Emb Update Time(s): 2.5043
#seeds: 6144
#inputs: 1925165
=====================

=====================
Part 23, Epoch Time(s): 5.7208
Sampling Time(s): 0.2886
Loading Time(s): 1.9409
Forward Time(s): 0.7367
Backward Time(s): 0.2285
Update Time(s): 0.0044
Emb Update Time(s): 2.5081
#seeds: 6145
#inputs: 1933194
==========================================
Part 17, Epoch Time(s): 5.7411
Sampling Time(s): 0.2913
Loading Time(s): 1.9523
Forward Time(s): 0.7423
Backward Time(s): 0.2301
Update Time(s): 0.0057
Emb Update Time(s): 2.5053
#seeds: 6144
#inputs: 1928140
==========================================
Part 20, Epoch Time(s): 5.7220
Sampling Time(s): 0.3009
Loading Time(s): 2.1417
Forward Time(s): 0.5247
Backward Time(s): 0.2293
Update Time(s): 0.0041
Emb Update Time(s): 2.5079
#seeds: 6144
#inputs: 1941011
==========================================
Part 21, Epoch Time(s): 5.7219
Sampling Time(s): 0.2919
Loading Time(s): 2.2260
Forward Time(s): 0.4597
Backward Time(s): 0.2240
Update Time(s): 0.0042
Emb Update Time(s): 2.5024
#seeds: 6145
#inputs: 1942124
==========================================
Part 22, Epoch Time(s): 5.7240
Sampling Time(s): 0.3044
Loading Time(s): 1.9920
Forward Time(s): 0.6727
Backward Time(s): 0.2287
Update Time(s): 0.0045
Emb Update Time(s): 2.5082
#seeds: 6144
#inputs: 1921678
==========================================
Part 19, Epoch Time(s): 5.7449
Sampling Time(s): 0.3035
Loading Time(s): 2.0717
Forward Time(s): 0.6150
Backward Time(s): 0.2295
Update Time(s): 0.0043
Emb Update Time(s): 2.5074
#seeds: 6144
#inputs: 1933110
=====================



=====================
Part 16, Epoch Time(s): 5.7224
Sampling Time(s): 0.3062
Loading Time(s): 2.2602
Forward Time(s): 0.4144
Backward Time(s): 0.2264
Update Time(s): 0.0102
Emb Update Time(s): 2.4902
#seeds: 6144
#inputs: 1936574
=====================

=====================
Part 18, Epoch Time(s): 5.7219
Sampling Time(s): 0.3808
Loading Time(s): 1.8603
Forward Time(s): 0.7249
Backward Time(s): 0.2297
Update Time(s): 0.0047
Emb Update Time(s): 2.5074
#seeds: 6144
#inputs: 1914881
=====================

=====================
Part 24, Epoch Time(s): 5.7260
Sampling Time(s): 0.2774
Loading Time(s): 2.1764
Forward Time(s): 0.5177
Backward Time(s): 0.2292
Update Time(s): 0.0044
Emb Update Time(s): 2.5077
#seeds: 6144
#inputs: 1961173
=====================
=====================
Part 30, Epoch Time(s): 5.7341
Sampling Time(s): 0.3279
Loading Time(s): 2.1609
Forward Time(s): 0.5024
Backward Time(s): 0.2223
Update Time(s): 0.0052
Emb Update Time(s): 2.5012
#seeds: 6144
#inputs: 1975028
==========================================
Part 28, Epoch Time(s): 5.7437
Sampling Time(s): 0.3170
Loading Time(s): 2.2465
Forward Time(s): 0.4292
Backward Time(s): 0.2251
Update Time(s): 0.0042
Emb Update Time(s): 2.5083
#seeds: 6144
#inputs: 1970782
==========================================
Part 27, Epoch Time(s): 5.7316
Sampling Time(s): 0.2495
Loading Time(s): 2.2332
Forward Time(s): 0.4992
Backward Time(s): 0.2248
Update Time(s): 0.0042
Emb Update Time(s): 2.5075
#seeds: 6145
#inputs: 1973597
==========================================
Part 31, Epoch Time(s): 5.7359
Sampling Time(s): 0.3050
Loading Time(s): 2.2094
Forward Time(s): 0.4719
Backward Time(s): 0.2238
Update Time(s): 0.0043
Emb Update Time(s): 2.5081
#seeds: 6144
#inputs: 1958355
=====================


=====================
Part 25, Epoch Time(s): 5.7253
Sampling Time(s): 0.2914
Loading Time(s): 2.2100
Forward Time(s): 0.4739
Backward Time(s): 0.2241
Update Time(s): 0.0044
Emb Update Time(s): 2.5079
#seeds: 6144
#inputs: 1960297
==========================================
Part 29, Epoch Time(s): 5.7260
Sampling Time(s): 0.2993
Loading Time(s): 2.0533
Forward Time(s): 0.6211
Backward Time(s): 0.2265
Update Time(s): 0.0053
Emb Update Time(s): 2.5070
#seeds: 6144
#inputs: 1975111
=====================


=====================
Part 26, Epoch Time(s): 5.7463
Sampling Time(s): 0.2787
Loading Time(s): 2.3079
Forward Time(s): 0.4185
Backward Time(s): 0.2258
Update Time(s): 0.0042
Emb Update Time(s): 2.4968
#seeds: 6144
#inputs: 1984131
=====================
=====================
Part 11, Epoch Time(s): 5.7166
Sampling Time(s): 0.3017
Loading Time(s): 2.2388
Forward Time(s): 0.4350
Backward Time(s): 0.2259
Update Time(s): 0.0042
Emb Update Time(s): 2.4976
#seeds: 6144
#inputs: 2042966
==========================================
Part 15, Epoch Time(s): 5.7245
Sampling Time(s): 0.3067
Loading Time(s): 2.0944
Forward Time(s): 0.5722
Backward Time(s): 0.2251
Update Time(s): 0.0053
Emb Update Time(s): 2.5072
#seeds: 6144
#inputs: 2014984
==========================================
Part 9, Epoch Time(s): 5.7241
Sampling Time(s): 0.3342
Loading Time(s): 2.2261
Forward Time(s): 0.4149
Backward Time(s): 0.2237
Update Time(s): 0.0050
Emb Update Time(s): 2.5070
#seeds: 6145
#inputs: 2036602
==========================================
Part 10, Epoch Time(s): 5.7245
Sampling Time(s): 0.2871
Loading Time(s): 2.3672
Forward Time(s): 0.3182
Backward Time(s): 0.2257
Update Time(s): 0.0046
Emb Update Time(s): 2.5082
#seeds: 6144
#inputs: 2041457
==========================================
Part 12, Epoch Time(s): 5.7256
Sampling Time(s): 0.3141
Loading Time(s): 2.3523
Forward Time(s): 0.3332
Backward Time(s): 0.2202
Update Time(s): 0.0042
Emb Update Time(s): 2.4883
#seeds: 6144
#inputs: 2037320
=====================




=====================
Part 14, Epoch Time(s): 5.7065
Sampling Time(s): 0.2835
Loading Time(s): 2.3665
Forward Time(s): 0.3014
Backward Time(s): 0.2282
Update Time(s): 0.0045
Emb Update Time(s): 2.5092
#seeds: 6144
#inputs: 2029804
==========================================
Part 13, Epoch Time(s): 5.7129
Sampling Time(s): 0.3483
Loading Time(s): 2.3474
Forward Time(s): 0.2817
Backward Time(s): 0.2223
Update Time(s): 0.0047
Emb Update Time(s): 2.4948
#seeds: 6144
#inputs: 2047813
=====================

=====================
Part 8, Epoch Time(s): 5.7121
Sampling Time(s): 0.2956
Loading Time(s): 2.2830
Forward Time(s): 0.3821
Backward Time(s): 0.2251
Update Time(s): 0.0082
Emb Update Time(s): 2.5043
#seeds: 6145
#inputs: 2042806
=====================
|V|=2449029, eval batch size: 100000
|V|=2449029, eval batch size: 100000
|V|=2449029, eval batch size: 100000
|V|=2449029, eval batch size: 100000
|V|=2449029, eval batch size: 100000
|V|=2449029, eval batch size: 100000
|V|=2449029, eval batch size: 100000
|V|=2449029, eval batch size: 100000
|V|=2449029, eval batch size: 100000
|V|=2449029, eval batch size: 100000
|V|=2449029, eval batch size: 100000
|V|=2449029, eval batch size: 100000
|V|=2449029, eval batch size: 100000
|V|=2449029, eval batch size: 100000
|V|=2449029, eval batch size: 100000
|V|=2449029, eval batch size: 100000
|V|=2449029, eval batch size: 100000
|V|=2449029, eval batch size: 100000
|V|=2449029, eval batch size: 100000
|V|=2449029, eval batch size: 100000
|V|=2449029, eval batch size: 100000
|V|=2449029, eval batch size: 100000
|V|=2449029, eval batch size: 100000
|V|=2449029, eval batch size: 100000
|V|=2449029, eval batch size: 100000
|V|=2449029, eval batch size: 100000
|V|=2449029, eval batch size: 100000
|V|=2449029, eval batch size: 100000
|V|=2449029, eval batch size: 100000
|V|=2449029, eval batch size: 100000
|V|=2449029, eval batch size: 100000
|V|=2449029, eval batch size: 100000
|V|=2449029, eval batch size: 100000
|V|=2449029, eval batch size: 100000
|V|=2449029, eval batch size: 100000
|V|=2449029, eval batch size: 100000
|V|=2449029, eval batch size: 100000
|V|=2449029, eval batch size: 100000
|V|=2449029, eval batch size: 100000
|V|=2449029, eval batch size: 100000
|V|=2449029, eval batch size: 100000
|V|=2449029, eval batch size: 100000
|V|=2449029, eval batch size: 100000
|V|=2449029, eval batch size: 100000
|V|=2449029, eval batch size: 100000
|V|=2449029, eval batch size: 100000
|V|=2449029, eval batch size: 100000
|V|=2449029, eval batch size: 100000
|V|=2449029, eval batch size: 100000
|V|=2449029, eval batch size: 100000
|V|=2449029, eval batch size: 100000
|V|=2449029, eval batch size: 100000
|V|=2449029, eval batch size: 100000
|V|=2449029, eval batch size: 100000
|V|=2449029, eval batch size: 100000
|V|=2449029, eval batch size: 100000
|V|=2449029, eval batch size: 100000
|V|=2449029, eval batch size: 100000
|V|=2449029, eval batch size: 100000
|V|=2449029, eval batch size: 100000
|V|=2449029, eval batch size: 100000
|V|=2449029, eval batch size: 100000
|V|=2449029, eval batch size: 100000
|V|=2449029, eval batch size: 100000
|V|=2449029, eval batch size: 100000
|V|=2449029, eval batch size: 100000
|V|=2449029, eval batch size: 100000
|V|=2449029, eval batch size: 100000
|V|=2449029, eval batch size: 100000
|V|=2449029, eval batch size: 100000
|V|=2449029, eval batch size: 100000
|V|=2449029, eval batch size: 100000
|V|=2449029, eval batch size: 100000
|V|=2449029, eval batch size: 100000
|V|=2449029, eval batch size: 100000
|V|=2449029, eval batch size: 100000
|V|=2449029, eval batch size: 100000
|V|=2449029, eval batch size: 100000
|V|=2449029, eval batch size: 100000|V|=2449029, eval batch size: 100000

|V|=2449029, eval batch size: 100000
|V|=2449029, eval batch size: 100000
|V|=2449029, eval batch size: 100000
|V|=2449029, eval batch size: 100000
|V|=2449029, eval batch size: 100000
|V|=2449029, eval batch size: 100000|V|=2449029, eval batch size: 100000
|V|=2449029, eval batch size: 100000

|V|=2449029, eval batch size: 100000
|V|=2449029, eval batch size: 100000
|V|=2449029, eval batch size: 100000
|V|=2449029, eval batch size: 100000
|V|=2449029, eval batch size: 100000
|V|=2449029, eval batch size: 100000
|V|=2449029, eval batch size: 100000
|V|=2449029, eval batch size: 100000
Part 11, Val Acc 0.5753, Test Acc 0.4252, time: 7.1573
Part 3, Val Acc 0.6273, Test Acc 0.5533, time: 7.1578
Part 6, Val Acc 0.6436, Test Acc 0.5526, time: 7.1583
Part 26, Val Acc 0.6441, Test Acc 0.4644, time: 7.1632
Part 19, Val Acc 0.3596, Test Acc 0.2156, time: 7.1633
Part 2, Val Acc 0.6509, Test Acc 0.5498, time: 7.1643
Part 8, Val Acc 0.5671, Test Acc 0.4285, time: 7.1663
Part 4, Val Acc 0.6534, Test Acc 0.5515, time: 7.1680
Part 14, Val Acc 0.6127, Test Acc 0.4254, time: 7.1683
Part 9, Val Acc 0.6013, Test Acc 0.4288, time: 7.1696
Part 18, Val Acc 0.3925, Test Acc 0.2139, time: 7.1700
Part 28, Val Acc 0.6395, Test Acc 0.4685, time: 7.1707
Part 0, Val Acc 0.6393, Test Acc 0.5517, time: 7.1714
Part 24, Val Acc 0.6550, Test Acc 0.4728, time: 7.1713
Part 15, Val Acc 0.5863, Test Acc 0.4262, time: 7.1722
Part 7, Val Acc 0.6363, Test Acc 0.5516, time: 7.1731
Part 27, Val Acc 0.6436, Test Acc 0.4694, time: 7.1733
Part 1, Val Acc 0.6477, Test Acc 0.5536, time: 7.1743
Part 5, Val Acc 0.6355, Test Acc 0.5521, time: 7.1744
Part 22, Val Acc 0.3556, Test Acc 0.2188, time: 7.1749
Part 10, Val Acc 0.6094, Test Acc 0.4251, time: 7.1758
Part 16, Val Acc 0.3507, Test Acc 0.2170, time: 7.1775
Part 30, Val Acc 0.6762, Test Acc 0.4673, time: 7.1775
Part 29, Val Acc 0.6583, Test Acc 0.4702, time: 7.1796
Part 17, Val Acc 0.3718, Test Acc 0.2164, time: 7.1807
Part 20, Val Acc 0.3718, Test Acc 0.2169, time: 7.1826
Part 25, Val Acc 0.6851, Test Acc 0.4705, time: 7.1828
Part 23, Val Acc 0.3523, Test Acc 0.2161, time: 7.1861
Part 31, Val Acc 0.6539, Test Acc 0.4676, time: 7.1864
Part 21, Val Acc 0.3662, Test Acc 0.2140, time: 7.1867
Part 13, Val Acc 0.5745, Test Acc 0.4259, time: 7.1876
Part 12, Val Acc 0.6005, Test Acc 0.4246, time: 7.1880
All parts avg val acc 0.5637, test acc 0.4158
Part 17 | Epoch 00003 | Step 00000 | Loss 2.4759 | Train Acc 0.2610 | Speed (samples/sec) 997.6835 | GPU 1853.5 MB | time 1.113 s
Part 4 | Epoch 00003 | Step 00000 | Loss 1.5567 | Train Acc 0.5860 | Speed (samples/sec) 995.2109 | GPU 1810.7 MB | time 1.126 s
Part 6 | Epoch 00003 | Step 00000 | Loss 1.3928 | Train Acc 0.6040 | Speed (samples/sec) 996.4012 | GPU 1805.5 MB | time 1.136 s
Part 2 | Epoch 00003 | Step 00000 | Loss 1.5719 | Train Acc 0.5760 | Speed (samples/sec) 995.3429 | GPU 1809.4 MB | time 1.130 s
Part 0 | Epoch 00003 | Step 00000 | Loss 1.4509 | Train Acc 0.6080 | Speed (samples/sec) 1000.0031 | GPU 1815.1 MB | time 1.106 s
Part 7 | Epoch 00003 | Step 00000 | Loss 1.5009 | Train Acc 0.5880 | Speed (samples/sec) 996.5403 | GPU 1808.4 MB | time 1.121 s
Part 23 | Epoch 00003 | Step 00000 | Loss 2.4380 | Train Acc 0.2760 | Speed (samples/sec) 998.6695 | GPU 1851.2 MB | time 1.108 s
Part 19 | Epoch 00003 | Step 00000 | Loss 2.4934 | Train Acc 0.2430 | Speed (samples/sec) 994.8474 | GPU 1853.1 MB | time 1.131 s
Part 18 | Epoch 00003 | Step 00000 | Loss 2.4686 | Train Acc 0.2680 | Speed (samples/sec) 997.8810 | GPU 1847.5 MB | time 1.124 s
Part 5 | Epoch 00003 | Step 00000 | Loss 1.4375 | Train Acc 0.6190 | Speed (samples/sec) 997.4857 | GPU 1816.8 MB | time 1.120 s
Part 1 | Epoch 00003 | Step 00000 | Loss 1.5333 | Train Acc 0.5860 | Speed (samples/sec) 996.6473 | GPU 1826.5 MB | time 1.120 s
Part 26 | Epoch 00003 | Step 00000 | Loss 1.5955 | Train Acc 0.5760 | Speed (samples/sec) 995.3391 | GPU 1931.2 MB | time 1.131 sPart 27 | Epoch 00003 | Step 00000 | Loss 1.5789 | Train Acc 0.5870 | Speed (samples/sec) 996.9411 | GPU 1933.2 MB | time 1.121 sPart 28 | Epoch 00003 | Step 00000 | Loss 1.5725 | Train Acc 0.5690 | Speed (samples/sec) 996.0846 | GPU 1933.0 MB | time 1.123 s


Part 20 | Epoch 00003 | Step 00000 | Loss 2.4891 | Train Acc 0.2530 | Speed (samples/sec) 998.2686 | GPU 1852.6 MB | time 1.111 s
Part 22 | Epoch 00003 | Step 00000 | Loss 2.5466 | Train Acc 0.2380 | Speed (samples/sec) 997.6270 | GPU 1846.9 MB | time 1.119 s
Part 16 | Epoch 00003 | Step 00000 | Loss 2.4738 | Train Acc 0.2660 | Speed (samples/sec) 998.1099 | GPU 1836.9 MB | time 1.117 s
Part 24 | Epoch 00003 | Step 00000 | Loss 1.5580 | Train Acc 0.5930 | Speed (samples/sec) 997.1063 | GPU 1940.0 MB | time 1.123 s
Part 29 | Epoch 00003 | Step 00000 | Loss 1.6224 | Train Acc 0.5680 | Speed (samples/sec) 997.1339 | GPU 1933.7 MB | time 1.114 s
Part 31 | Epoch 00003 | Step 00000 | Loss 1.5943 | Train Acc 0.5740 | Speed (samples/sec) 996.5948 | GPU 1927.1 MB | time 1.108 s
Part 25 | Epoch 00003 | Step 00000 | Loss 1.6404 | Train Acc 0.5840 | Speed (samples/sec) 997.2983 | GPU 1944.9 MB | time 1.111 s
Part 30 | Epoch 00003 | Step 00000 | Loss 1.5799 | Train Acc 0.5860 | Speed (samples/sec) 996.5433 | GPU 1927.0 MB | time 1.117 s
Part 15 | Epoch 00003 | Step 00000 | Loss 1.8587 | Train Acc 0.4900 | Speed (samples/sec) 997.1572 | GPU 2064.4 MB | time 1.122 sPart 9 | Epoch 00003 | Step 00000 | Loss 1.8214 | Train Acc 0.5210 | Speed (samples/sec) 997.6103 | GPU 2072.5 MB | time 1.125 s

Part 8 | Epoch 00003 | Step 00000 | Loss 1.8706 | Train Acc 0.5130 | Speed (samples/sec) 998.2079 | GPU 2091.5 MB | time 1.128 s
Part 21 | Epoch 00003 | Step 00000 | Loss 2.4797 | Train Acc 0.2660 | Speed (samples/sec) 998.6696 | GPU 1847.2 MB | time 1.107 s
Part 3 | Epoch 00003 | Step 00000 | Loss 1.4633 | Train Acc 0.6180 | Speed (samples/sec) 995.5656 | GPU 1814.5 MB | time 1.136 s
Part 12 | Epoch 00003 | Step 00000 | Loss 1.7938 | Train Acc 0.5240 | Speed (samples/sec) 998.9747 | GPU 2075.5 MB | time 1.107 s
Part 10 | Epoch 00003 | Step 00000 | Loss 1.8856 | Train Acc 0.4860 | Speed (samples/sec) 997.6813 | GPU 2075.1 MB | time 1.119 s
Part 11 | Epoch 00003 | Step 00000 | Loss 1.8487 | Train Acc 0.5440 | Speed (samples/sec) 997.8155 | GPU 2070.9 MB | time 1.137 s
Part 14 | Epoch 00003 | Step 00000 | Loss 1.8061 | Train Acc 0.5300 | Speed (samples/sec) 997.7910 | GPU 2075.1 MB | time 1.126 s
Part 13 | Epoch 00003 | Step 00000 | Loss 1.8102 | Train Acc 0.5200 | Speed (samples/sec) 999.2542 | GPU 2066.9 MB | time 1.107 s
Avg train acc 0.4882Avg train acc 0.4882Avg train acc 0.4882Avg train acc 0.4882



Avg train acc 0.4882Avg train acc 0.4882
Avg train acc 0.4882
Avg train acc 0.4882

Avg train acc 0.4882Avg train acc 0.4882

Avg train acc 0.4882
Avg train acc 0.4882Avg train acc 0.4882Avg train acc 0.4882Avg train acc 0.4882Avg train acc 0.4882




Avg train acc 0.4882Avg train acc 0.4882

Avg train acc 0.4882Avg train acc 0.4882Avg train acc 0.4882Avg train acc 0.4882
Avg train acc 0.4882


Avg train acc 0.4882

Avg train acc 0.4882Avg train acc 0.4882Avg train acc 0.4882
Avg train acc 0.4882Avg train acc 0.4882Avg train acc 0.4882


Avg train acc 0.4882Avg train acc 0.4882



=====================
Part 0, Epoch Time(s): 5.6322
Sampling Time(s): 0.3290
Loading Time(s): 1.9218
Forward Time(s): 0.7516
Backward Time(s): 0.2302
Update Time(s): 0.0039
Emb Update Time(s): 2.3886
#seeds: 6144
#inputs: 1922312
=====================
=====================
Part 5, Epoch Time(s): 5.6463
Sampling Time(s): 0.3354
Loading Time(s): 1.8163
Forward Time(s): 0.8647
Backward Time(s): 0.2289
Update Time(s): 0.0045
Emb Update Time(s): 2.3893
#seeds: 6145
#inputs: 1931304
=====================
=====================
Part 3, Epoch Time(s): 5.6619
Sampling Time(s): 0.3188
Loading Time(s): 2.0261
Forward Time(s): 0.6862
Backward Time(s): 0.2299
Update Time(s): 0.0049
Emb Update Time(s): 2.3896
#seeds: 6144
#inputs: 1923402
==========================================
Part 1, Epoch Time(s): 5.6461
Sampling Time(s): 0.2868
Loading Time(s): 1.7521
Forward Time(s): 0.9769
Backward Time(s): 0.2300
Update Time(s): 0.0049
Emb Update Time(s): 2.3880
#seeds: 6144
#inputs: 1924415
==========================================
Part 4, Epoch Time(s): 5.6526
Sampling Time(s): 0.3029
Loading Time(s): 2.1464
Forward Time(s): 0.5720
Backward Time(s): 0.2293
Update Time(s): 0.0046
Emb Update Time(s): 2.3896
#seeds: 6144
#inputs: 1934064
=====================

=====================
Part 6, Epoch Time(s): 5.6623
Sampling Time(s): 0.3228
Loading Time(s): 1.9797
Forward Time(s): 0.7280
Backward Time(s): 0.2288
Update Time(s): 0.0045
Emb Update Time(s): 2.3912
#seeds: 6145
#inputs: 1925261
=====================

=====================
Part 2, Epoch Time(s): 5.6564
Sampling Time(s): 0.3345
Loading Time(s): 2.1470
Forward Time(s): 0.5439
Backward Time(s): 0.2298
Update Time(s): 0.0054
Emb Update Time(s): 2.3879
#seeds: 6144
#inputs: 1939801
=====================
=====================
Part 7, Epoch Time(s): 5.6477
Sampling Time(s): 0.3175
Loading Time(s): 2.1018
Forward Time(s): 0.5973
Backward Time(s): 0.2288
Update Time(s): 0.0051
Emb Update Time(s): 2.3896
#seeds: 6144
#inputs: 1928907
=====================
=====================
Part 23, Epoch Time(s): 5.6343
Sampling Time(s): 0.2960
Loading Time(s): 1.9017
Forward Time(s): 0.8066
Backward Time(s): 0.2282
Update Time(s): 0.0043
Emb Update Time(s): 2.3902
#seeds: 6145
#inputs: 1932523
==========================================
Part 17, Epoch Time(s): 5.6395
Sampling Time(s): 0.3209
Loading Time(s): 1.9627
Forward Time(s): 0.7250
Backward Time(s): 0.2297
Update Time(s): 0.0055
Emb Update Time(s): 2.3882
#seeds: 6144
#inputs: 1931458
==========================================
Part 18, Epoch Time(s): 5.6504
Sampling Time(s): 0.3042
Loading Time(s): 1.8660
Forward Time(s): 0.8501
Backward Time(s): 0.2295
Update Time(s): 0.0043
Emb Update Time(s): 2.3889
#seeds: 6144
#inputs: 1917933
=====================


=====================
Part 19, Epoch Time(s): 5.6571
Sampling Time(s): 0.3247
Loading Time(s): 2.0354
Forward Time(s): 0.6668
Backward Time(s): 0.2294
Update Time(s): 0.0043
Emb Update Time(s): 2.3892
#seeds: 6144
#inputs: 1939801
==========================================
Part 16, Epoch Time(s): 5.6430
Sampling Time(s): 0.3190
Loading Time(s): 2.0578
Forward Time(s): 0.6390
Backward Time(s): 0.2261
Update Time(s): 0.0055
Emb Update Time(s): 2.3882
#seeds: 6144
#inputs: 1931625
==========================================
Part 20, Epoch Time(s): 5.6379
Sampling Time(s): 0.3092
Loading Time(s): 2.1967
Forward Time(s): 0.5006
Backward Time(s): 0.2288
Update Time(s): 0.0048
Emb Update Time(s): 2.3902
#seeds: 6144
#inputs: 1948715
=====================
=====================
Part 21, Epoch Time(s): 5.6338
Sampling Time(s): 0.3196
Loading Time(s): 2.1920
Forward Time(s): 0.4903
Backward Time(s): 0.2288
Update Time(s): 0.0048
Emb Update Time(s): 2.3908
#seeds: 6145
#inputs: 1937884
=====================


=====================
Part 22, Epoch Time(s): 5.6457
Sampling Time(s): 0.3133
Loading Time(s): 2.0397
Forward Time(s): 0.6619
Backward Time(s): 0.2284
Update Time(s): 0.0049
Emb Update Time(s): 2.3901
#seeds: 6144
#inputs: 1927047
=====================
=====================
Part 29, Epoch Time(s): 5.6409
Sampling Time(s): 0.3581
Loading Time(s): 2.2103
Forward Time(s): 0.4416
Backward Time(s): 0.2278
Update Time(s): 0.0046
Emb Update Time(s): 2.3912
#seeds: 6144
#inputs: 1973788
==========================================
Part 25, Epoch Time(s): 5.6378
Sampling Time(s): 0.2995
Loading Time(s): 2.2413
Forward Time(s): 0.4765
Backward Time(s): 0.2256
Update Time(s): 0.0045
Emb Update Time(s): 2.3833
#seeds: 6144
#inputs: 1963178
==========================================
Part 27, Epoch Time(s): 5.6471
Sampling Time(s): 0.2770
Loading Time(s): 2.1777
Forward Time(s): 0.5740
Backward Time(s): 0.2254
Update Time(s): 0.0043
Emb Update Time(s): 2.3816
#seeds: 6145
#inputs: 1977011
=====================


=====================
Part 24, Epoch Time(s): 5.6494
Sampling Time(s): 0.2721
Loading Time(s): 1.9796
Forward Time(s): 0.7670
Backward Time(s): 0.2287
Update Time(s): 0.0042
Emb Update Time(s): 2.3904
#seeds: 6144
#inputs: 1966449
=====================
=====================
Part 30, Epoch Time(s): 5.6430
Sampling Time(s): 0.3299
Loading Time(s): 2.1639
Forward Time(s): 0.5272
Backward Time(s): 0.2262
Update Time(s): 0.0051
Emb Update Time(s): 2.3833
#seeds: 6144
#inputs: 1972154
==========================================
Part 26, Epoch Time(s): 5.6573
Sampling Time(s): 0.2764
Loading Time(s): 2.1348
Forward Time(s): 0.6137
Backward Time(s): 0.2283
Update Time(s): 0.0044
Emb Update Time(s): 2.3924
#seeds: 6144
#inputs: 1986807
=====================

=====================
Part 28, Epoch Time(s): 5.6500
Sampling Time(s): 0.3059
Loading Time(s): 2.3893
Forward Time(s): 0.3294
Backward Time(s): 0.2249
Update Time(s): 0.0047
Emb Update Time(s): 2.3885
#seeds: 6144
#inputs: 1967373
==========================================
Part 31, Epoch Time(s): 5.6342
Sampling Time(s): 0.2902
Loading Time(s): 2.4523
Forward Time(s): 0.3063
Backward Time(s): 0.2133
Update Time(s): 0.0043
Emb Update Time(s): 2.3606
#seeds: 6144
#inputs: 1960952
=====================

=====================
Part 11, Epoch Time(s): 5.6635
Sampling Time(s): 0.3422
Loading Time(s): 2.1694
Forward Time(s): 0.5343
Backward Time(s): 0.2261
Update Time(s): 0.0040
Emb Update Time(s): 2.3805
#seeds: 6144
#inputs: 2040489
==========================================
Part 8, Epoch Time(s): 5.6542
Sampling Time(s): 0.3178
Loading Time(s): 2.4192
Forward Time(s): 0.2960
Backward Time(s): 0.2242
Update Time(s): 0.0055
Emb Update Time(s): 2.3839
#seeds: 6145
#inputs: 2041188
==========================================
Part 12, Epoch Time(s): 5.6337
Sampling Time(s): 0.2945
Loading Time(s): 2.3172
Forward Time(s): 0.4052
Backward Time(s): 0.2245
Update Time(s): 0.0045
Emb Update Time(s): 2.3800
#seeds: 6144
#inputs: 2039246
==========================================
Part 9, Epoch Time(s): 5.6512
Sampling Time(s): 0.3120
Loading Time(s): 2.2118
Forward Time(s): 0.4968
Backward Time(s): 0.2285
Update Time(s): 0.0049
Emb Update Time(s): 2.3900
#seeds: 6145
#inputs: 2033584
=====================
=====================
Part 15, Epoch Time(s): 5.6484
Sampling Time(s): 0.3413
Loading Time(s): 2.1917
Forward Time(s): 0.4972
Backward Time(s): 0.2254
Update Time(s): 0.0046
Emb Update Time(s): 2.3812
#seeds: 6144
#inputs: 2028631
==========================================
Part 13, Epoch Time(s): 5.6328
Sampling Time(s): 0.3519
Loading Time(s): 2.2269
Forward Time(s): 0.4228
Backward Time(s): 0.2277
Update Time(s): 0.0048
Emb Update Time(s): 2.3919
#seeds: 6144
#inputs: 2049058
=====================




=====================
Part 14, Epoch Time(s): 5.6523
Sampling Time(s): 0.3178
Loading Time(s): 2.1630
Forward Time(s): 0.5407
Backward Time(s): 0.2275
Update Time(s): 0.0046
Emb Update Time(s): 2.3921
#seeds: 6144
#inputs: 2029755
=====================
=====================
Part 10, Epoch Time(s): 5.6449
Sampling Time(s): 0.2833
Loading Time(s): 2.4501
Forward Time(s): 0.2916
Backward Time(s): 0.2265
Update Time(s): 0.0052
Emb Update Time(s): 2.3811
#seeds: 6144
#inputs: 2048022
=====================
|V|=2449029, eval batch size: 100000
|V|=2449029, eval batch size: 100000
|V|=2449029, eval batch size: 100000
|V|=2449029, eval batch size: 100000
|V|=2449029, eval batch size: 100000
|V|=2449029, eval batch size: 100000
|V|=2449029, eval batch size: 100000
|V|=2449029, eval batch size: 100000
|V|=2449029, eval batch size: 100000
|V|=2449029, eval batch size: 100000
|V|=2449029, eval batch size: 100000
|V|=2449029, eval batch size: 100000
|V|=2449029, eval batch size: 100000
|V|=2449029, eval batch size: 100000
|V|=2449029, eval batch size: 100000
|V|=2449029, eval batch size: 100000
|V|=2449029, eval batch size: 100000
|V|=2449029, eval batch size: 100000
|V|=2449029, eval batch size: 100000
|V|=2449029, eval batch size: 100000
|V|=2449029, eval batch size: 100000
|V|=2449029, eval batch size: 100000
|V|=2449029, eval batch size: 100000
|V|=2449029, eval batch size: 100000
|V|=2449029, eval batch size: 100000
|V|=2449029, eval batch size: 100000
|V|=2449029, eval batch size: 100000
|V|=2449029, eval batch size: 100000
|V|=2449029, eval batch size: 100000
|V|=2449029, eval batch size: 100000
|V|=2449029, eval batch size: 100000
|V|=2449029, eval batch size: 100000
|V|=2449029, eval batch size: 100000
|V|=2449029, eval batch size: 100000
|V|=2449029, eval batch size: 100000
|V|=2449029, eval batch size: 100000
|V|=2449029, eval batch size: 100000
|V|=2449029, eval batch size: 100000
|V|=2449029, eval batch size: 100000
|V|=2449029, eval batch size: 100000
|V|=2449029, eval batch size: 100000
|V|=2449029, eval batch size: 100000
|V|=2449029, eval batch size: 100000
|V|=2449029, eval batch size: 100000
|V|=2449029, eval batch size: 100000
|V|=2449029, eval batch size: 100000
|V|=2449029, eval batch size: 100000
|V|=2449029, eval batch size: 100000
|V|=2449029, eval batch size: 100000
|V|=2449029, eval batch size: 100000
|V|=2449029, eval batch size: 100000
|V|=2449029, eval batch size: 100000
|V|=2449029, eval batch size: 100000
|V|=2449029, eval batch size: 100000
|V|=2449029, eval batch size: 100000
|V|=2449029, eval batch size: 100000
|V|=2449029, eval batch size: 100000
|V|=2449029, eval batch size: 100000
|V|=2449029, eval batch size: 100000
|V|=2449029, eval batch size: 100000
|V|=2449029, eval batch size: 100000
|V|=2449029, eval batch size: 100000
|V|=2449029, eval batch size: 100000
|V|=2449029, eval batch size: 100000
|V|=2449029, eval batch size: 100000
|V|=2449029, eval batch size: 100000
|V|=2449029, eval batch size: 100000
|V|=2449029, eval batch size: 100000
|V|=2449029, eval batch size: 100000
|V|=2449029, eval batch size: 100000
|V|=2449029, eval batch size: 100000
|V|=2449029, eval batch size: 100000
|V|=2449029, eval batch size: 100000
|V|=2449029, eval batch size: 100000
|V|=2449029, eval batch size: 100000
|V|=2449029, eval batch size: 100000
|V|=2449029, eval batch size: 100000|V|=2449029, eval batch size: 100000
|V|=2449029, eval batch size: 100000

|V|=2449029, eval batch size: 100000
|V|=2449029, eval batch size: 100000
|V|=2449029, eval batch size: 100000
|V|=2449029, eval batch size: 100000
|V|=2449029, eval batch size: 100000
|V|=2449029, eval batch size: 100000
|V|=2449029, eval batch size: 100000
|V|=2449029, eval batch size: 100000
|V|=2449029, eval batch size: 100000
|V|=2449029, eval batch size: 100000
|V|=2449029, eval batch size: 100000
|V|=2449029, eval batch size: 100000
|V|=2449029, eval batch size: 100000
|V|=2449029, eval batch size: 100000
|V|=2449029, eval batch size: 100000
|V|=2449029, eval batch size: 100000
|V|=2449029, eval batch size: 100000
Part 24, Val Acc 0.7234, Test Acc 0.5165, time: 7.3859
Part 30, Val Acc 0.7461, Test Acc 0.5129, time: 7.3865
Part 31, Val Acc 0.6938, Test Acc 0.5128, time: 7.3922
Part 11, Val Acc 0.7754, Test Acc 0.5666, time: 7.3923
Part 14, Val Acc 0.7974, Test Acc 0.5647, time: 7.3954
Part 3, Val Acc 0.8348, Test Acc 0.6578, time: 7.3985
Part 27, Val Acc 0.7152, Test Acc 0.5146, time: 7.3988
Part 7, Val Acc 0.8242, Test Acc 0.6583, time: 7.3992
Part 1, Val Acc 0.8137, Test Acc 0.6602, time: 7.3994
Part 4, Val Acc 0.8251, Test Acc 0.6585, time: 7.4005
Part 9, Val Acc 0.7925, Test Acc 0.5710, time: 7.4003
Part 8, Val Acc 0.7795, Test Acc 0.5696, time: 7.4008
Part 19, Val Acc 0.6583, Test Acc 0.4022, time: 7.4011
Part 5, Val Acc 0.8226, Test Acc 0.6597, time: 7.4019
Part 0, Val Acc 0.8526, Test Acc 0.6608, time: 7.4023
Part 12, Val Acc 0.7819, Test Acc 0.5683, time: 7.4021
Part 25, Val Acc 0.7331, Test Acc 0.5159, time: 7.4027
Part 2, Val Acc 0.8462, Test Acc 0.6546, time: 7.4030
Part 26, Val Acc 0.7134, Test Acc 0.5102, time: 7.4029
Part 29, Val Acc 0.7266, Test Acc 0.5153, time: 7.4037
Part 28, Val Acc 0.6941, Test Acc 0.5137, time: 7.4037
Part 6, Val Acc 0.8373, Test Acc 0.6578, time: 7.4048
Part 20, Val Acc 0.6737, Test Acc 0.4043, time: 7.4047
Part 13, Val Acc 0.7754, Test Acc 0.5697, time: 7.4053
Part 16, Val Acc 0.6688, Test Acc 0.4018, time: 7.4060
Part 18, Val Acc 0.6743, Test Acc 0.4004, time: 7.4063
Part 22, Val Acc 0.6786, Test Acc 0.4040, time: 7.4067
Part 23, Val Acc 0.6485, Test Acc 0.4008, time: 7.4119
Part 21, Val Acc 0.6574, Test Acc 0.4026, time: 7.4120
Part 15, Val Acc 0.7923, Test Acc 0.5696, time: 7.4178
Part 10, Val Acc 0.7738, Test Acc 0.5679, time: 7.4178
Part 17, Val Acc 0.6623, Test Acc 0.4014, time: 7.4184
All parts avg val acc 0.7498, test acc 0.5358
Part 0 | Epoch 00004 | Step 00000 | Loss 1.1073 | Train Acc 0.7480 | Speed (samples/sec) 1013.6326 | GPU 1817.1 MB | time 1.118 s
Part 5 | Epoch 00004 | Step 00000 | Loss 1.1105 | Train Acc 0.7520 | Speed (samples/sec) 1011.4482 | GPU 1816.8 MB | time 1.135 sPart 1 | Epoch 00004 | Step 00000 | Loss 1.0583 | Train Acc 0.7670 | Speed (samples/sec) 1010.6099 | GPU 1826.7 MB | time 1.137 s

Part 4 | Epoch 00004 | Step 00000 | Loss 1.0553 | Train Acc 0.7610 | Speed (samples/sec) 1009.6157 | GPU 1810.7 MB | time 1.136 s
Part 3 | Epoch 00004 | Step 00000 | Loss 1.1380 | Train Acc 0.7370 | Speed (samples/sec) 1009.7675 | GPU 1814.5 MB | time 1.138 s
Part 6 | Epoch 00004 | Step 00000 | Loss 1.0900 | Train Acc 0.7550 | Speed (samples/sec) 1010.7576 | GPU 1814.5 MB | time 1.132 s
Part 7 | Epoch 00004 | Step 00000 | Loss 1.0507 | Train Acc 0.7510 | Speed (samples/sec) 1010.5383 | GPU 1808.4 MB | time 1.138 s
Part 2 | Epoch 00004 | Step 00000 | Loss 1.0492 | Train Acc 0.7760 | Speed (samples/sec) 1009.7603 | GPU 1809.4 MB | time 1.134 s
Part 11 | Epoch 00004 | Step 00000 | Loss 1.4979 | Train Acc 0.6350 | Speed (samples/sec) 1011.2457 | GPU 2070.9 MB | time 1.144 s
Part 15 | Epoch 00004 | Step 00000 | Loss 1.3897 | Train Acc 0.6810 | Speed (samples/sec) 1011.5208 | GPU 2064.4 MB | time 1.119 s
Part 14 | Epoch 00004 | Step 00000 | Loss 1.4828 | Train Acc 0.6530 | Speed (samples/sec) 1011.3022 | GPU 2077.1 MB | time 1.142 sPart 8 | Epoch 00004 | Step 00000 | Loss 1.4362 | Train Acc 0.6450 | Speed (samples/sec) 1011.9784 | GPU 2091.5 MB | time 1.136 s

Part 22 | Epoch 00004 | Step 00000 | Loss 1.8695 | Train Acc 0.5240 | Speed (samples/sec) 1011.5341 | GPU 1846.9 MB | time 1.130 s
Part 16 | Epoch 00004 | Step 00000 | Loss 2.0095 | Train Acc 0.4450 | Speed (samples/sec) 1011.8736 | GPU 1836.9 MB | time 1.131 sPart 20 | Epoch 00004 | Step 00000 | Loss 2.0220 | Train Acc 0.4920 | Speed (samples/sec) 1011.9594 | GPU 1852.6 MB | time 1.132 s

Part 18 | Epoch 00004 | Step 00000 | Loss 1.9683 | Train Acc 0.4730 | Speed (samples/sec) 1011.7046 | GPU 1847.5 MB | time 1.131 s
Part 23 | Epoch 00004 | Step 00000 | Loss 1.9167 | Train Acc 0.4750 | Speed (samples/sec) 1012.6085 | GPU 1851.5 MB | time 1.125 sPart 19 | Epoch 00004 | Step 00000 | Loss 1.9178 | Train Acc 0.4850 | Speed (samples/sec) 1009.3262 | GPU 1853.1 MB | time 1.136 s

Part 13 | Epoch 00004 | Step 00000 | Loss 1.3918 | Train Acc 0.6750 | Speed (samples/sec) 1012.6887 | GPU 2066.9 MB | time 1.132 s
Part 10 | Epoch 00004 | Step 00000 | Loss 1.3720 | Train Acc 0.6700 | Speed (samples/sec) 1011.9237 | GPU 2075.1 MB | time 1.119 s
Part 9 | Epoch 00004 | Step 00000 | Loss 1.3603 | Train Acc 0.6900 | Speed (samples/sec) 1011.5225 | GPU 2072.5 MB | time 1.136 sPart 12 | Epoch 00004 | Step 00000 | Loss 1.3951 | Train Acc 0.6610 | Speed (samples/sec) 1012.3837 | GPU 2075.5 MB | time 1.135 s

Part 21 | Epoch 00004 | Step 00000 | Loss 1.9148 | Train Acc 0.5070 | Speed (samples/sec) 1012.6712 | GPU 1847.2 MB | time 1.125 s
Part 17 | Epoch 00004 | Step 00000 | Loss 1.9308 | Train Acc 0.4980 | Speed (samples/sec) 1011.9325 | GPU 1853.5 MB | time 1.118 s
Part 29 | Epoch 00004 | Step 00000 | Loss 1.2935 | Train Acc 0.6470 | Speed (samples/sec) 1011.0892 | GPU 1933.7 MB | time 1.133 s
Part 31 | Epoch 00004 | Step 00000 | Loss 1.1447 | Train Acc 0.6810 | Speed (samples/sec) 1010.3471 | GPU 1927.1 MB | time 1.145 s
Part 25 | Epoch 00004 | Step 00000 | Loss 1.2779 | Train Acc 0.6480 | Speed (samples/sec) 1011.1730 | GPU 1944.9 MB | time 1.134 s
Part 24 | Epoch 00004 | Step 00000 | Loss 1.2412 | Train Acc 0.6490 | Speed (samples/sec) 1010.5459 | GPU 1940.0 MB | time 1.151 s
Part 27 | Epoch 00004 | Step 00000 | Loss 1.2766 | Train Acc 0.6520 | Speed (samples/sec) 1010.9552 | GPU 1933.9 MB | time 1.138 s
Part 28 | Epoch 00004 | Step 00000 | Loss 1.2134 | Train Acc 0.6820 | Speed (samples/sec) 1010.3099 | GPU 1933.0 MB | time 1.133 s
Part 30 | Epoch 00004 | Step 00000 | Loss 1.2540 | Train Acc 0.6560 | Speed (samples/sec) 1010.1499 | GPU 1927.0 MB | time 1.151 s
Part 26 | Epoch 00004 | Step 00000 | Loss 1.3129 | Train Acc 0.6520 | Speed (samples/sec) 1009.8223 | GPU 1931.2 MB | time 1.135 s
Avg train acc 0.6413Avg train acc 0.6413Avg train acc 0.6413Avg train acc 0.6413Avg train acc 0.6413Avg train acc 0.6413Avg train acc 0.6413


Avg train acc 0.6413




Avg train acc 0.6413
Avg train acc 0.6413Avg train acc 0.6413Avg train acc 0.6413Avg train acc 0.6413Avg train acc 0.6413


Avg train acc 0.6413

Avg train acc 0.6413

Avg train acc 0.6413
Avg train acc 0.6413Avg train acc 0.6413Avg train acc 0.6413

Avg train acc 0.6413Avg train acc 0.6413
Avg train acc 0.6413
Avg train acc 0.6413


Avg train acc 0.6413
Avg train acc 0.6413Avg train acc 0.6413Avg train acc 0.6413


Avg train acc 0.6413
Avg train acc 0.6413
Avg train acc 0.6413
Avg train acc 0.6413
=====================
Part 0, Epoch Time(s): 5.8334
Sampling Time(s): 0.3293
Loading Time(s): 1.9723
Forward Time(s): 0.8291
Backward Time(s): 0.2321
Update Time(s): 0.0041
Emb Update Time(s): 2.4575
#seeds: 6144
#inputs: 1927219
==========================================
Part 1, Epoch Time(s): 5.8528
Sampling Time(s): 0.3139
Loading Time(s): 1.8735
Forward Time(s): 0.9626
Backward Time(s): 0.2307
Update Time(s): 0.0046
Emb Update Time(s): 2.4584
#seeds: 6144
#inputs: 1924488
=====================
=====================
Part 5, Epoch Time(s): 5.8503
Sampling Time(s): 0.3321
Loading Time(s): 2.0269
Forward Time(s): 0.7884
Backward Time(s): 0.2295
Update Time(s): 0.0044
Emb Update Time(s): 2.4599
#seeds: 6145
#inputs: 1927208
=====================
=====================
Part 6, Epoch Time(s): 5.8476
Sampling Time(s): 0.2976
Loading Time(s): 2.1287
Forward Time(s): 0.7187
Backward Time(s): 0.2294
Update Time(s): 0.0045
Emb Update Time(s): 2.4598
#seeds: 6145
#inputs: 1916877
=====================
=====================
Part 2, Epoch Time(s): 5.8494
Sampling Time(s): 0.3044
Loading Time(s): 2.1635
Forward Time(s): 0.6786
Backward Time(s): 0.2303
Update Time(s): 0.0045
Emb Update Time(s): 2.4592
#seeds: 6144
#inputs: 1940577
==========================================
Part 7, Epoch Time(s): 5.8530
Sampling Time(s): 0.3118
Loading Time(s): 2.0305
Forward Time(s): 0.8079
Backward Time(s): 0.2292
Update Time(s): 0.0056
Emb Update Time(s): 2.4590
#seeds: 6144
#inputs: 1930474
==========================================
Part 3, Epoch Time(s): 5.8536
Sampling Time(s): 0.3095
Loading Time(s): 1.8881
Forward Time(s): 0.9535
Backward Time(s): 0.2299
Update Time(s): 0.0048
Emb Update Time(s): 2.4590
#seeds: 6144
#inputs: 1930926
==========================================
Part 4, Epoch Time(s): 5.8519
Sampling Time(s): 0.2958
Loading Time(s): 2.2059
Forward Time(s): 0.6629
Backward Time(s): 0.2248
Update Time(s): 0.0044
Emb Update Time(s): 2.4491
#seeds: 6144
#inputs: 1935974
=====================




=====================
Part 18, Epoch Time(s): 5.8461
Sampling Time(s): 0.3710
Loading Time(s): 1.8102
Forward Time(s): 0.9617
Backward Time(s): 0.2295
Update Time(s): 0.0046
Emb Update Time(s): 2.4602
#seeds: 6144
#inputs: 1917900
==========================================
Part 17, Epoch Time(s): 5.8336
Sampling Time(s): 0.3299
Loading Time(s): 2.0155
Forward Time(s): 0.7847
Backward Time(s): 0.2296
Update Time(s): 0.0050
Emb Update Time(s): 2.4595
#seeds: 6144
#inputs: 1929595
==========================================
Part 19, Epoch Time(s): 5.8513
Sampling Time(s): 0.3189
Loading Time(s): 1.9842
Forward Time(s): 0.8435
Backward Time(s): 0.2294
Update Time(s): 0.0042
Emb Update Time(s): 2.4617
#seeds: 6144
#inputs: 1936585
=====================


=====================
Part 23, Epoch Time(s): 5.8407
Sampling Time(s): 0.3075
Loading Time(s): 1.9328
Forward Time(s): 0.8963
Backward Time(s): 0.2288
Update Time(s): 0.0045
Emb Update Time(s): 2.4613
#seeds: 6145
#inputs: 1928435
==========================================
Part 20, Epoch Time(s): 5.8474
Sampling Time(s): 0.3249
Loading Time(s): 2.1805
Forward Time(s): 0.6379
Backward Time(s): 0.2294
Update Time(s): 0.0052
Emb Update Time(s): 2.4600
#seeds: 6144
#inputs: 1948251
==========================================
Part 21, Epoch Time(s): 5.8402
Sampling Time(s): 0.3235
Loading Time(s): 2.1356
Forward Time(s): 0.6772
Backward Time(s): 0.2292
Update Time(s): 0.0046
Emb Update Time(s): 2.4607
#seeds: 6145
#inputs: 1937204
==========================================
Part 16, Epoch Time(s): 5.8462
Sampling Time(s): 0.3430
Loading Time(s): 2.0762
Forward Time(s): 0.7211
Backward Time(s): 0.2299
Update Time(s): 0.0053
Emb Update Time(s): 2.4600
#seeds: 6144
#inputs: 1935156
=====================

=====================
Part 22, Epoch Time(s): 5.8456
Sampling Time(s): 0.3100
Loading Time(s): 2.1181
Forward Time(s): 0.7139
Backward Time(s): 0.2289
Update Time(s): 0.0047
Emb Update Time(s): 2.4607
#seeds: 6144
#inputs: 1927713
=====================


=====================
Part 14, Epoch Time(s): 5.8570
Sampling Time(s): 0.3024
Loading Time(s): 2.5120
Forward Time(s): 0.3400
Backward Time(s): 0.2270
Update Time(s): 0.0045
Emb Update Time(s): 2.4621
#seeds: 6144
#inputs: 2036712
==========================================
Part 10, Epoch Time(s): 5.8341
Sampling Time(s): 0.3260
Loading Time(s): 2.2184
Forward Time(s): 0.5861
Backward Time(s): 0.2283
Update Time(s): 0.0048
Emb Update Time(s): 2.4616
#seeds: 6144
#inputs: 2041716
==========================================
Part 9, Epoch Time(s): 5.8510
Sampling Time(s): 0.3044
Loading Time(s): 2.2926
Forward Time(s): 0.5657
Backward Time(s): 0.2250
Update Time(s): 0.0047
Emb Update Time(s): 2.4497
#seeds: 6145
#inputs: 2034096
==========================================
Part 15, Epoch Time(s): 5.8345
Sampling Time(s): 0.2948
Loading Time(s): 2.0991
Forward Time(s): 0.7396
Backward Time(s): 0.2257
Update Time(s): 0.0050
Emb Update Time(s): 2.4615
#seeds: 6144
#inputs: 2020219
==========================================
Part 11, Epoch Time(s): 5.8597
Sampling Time(s): 0.2875
Loading Time(s): 2.1753
Forward Time(s): 0.6992
Backward Time(s): 0.2260
Update Time(s): 0.0046
Emb Update Time(s): 2.4582
#seeds: 6144
#inputs: 2044707
==========================================
Part 8, Epoch Time(s): 5.8515
Sampling Time(s): 0.3108
Loading Time(s): 2.2043
Forward Time(s): 0.6479
Backward Time(s): 0.2251
Update Time(s): 0.0048
Emb Update Time(s): 2.4496
#seeds: 6145
#inputs: 2043510
=====================





=====================
Part 12, Epoch Time(s): 5.8499
Sampling Time(s): 0.3111
Loading Time(s): 2.3430
Forward Time(s): 0.4961
Backward Time(s): 0.2248
Update Time(s): 0.0047
Emb Update Time(s): 2.4611
#seeds: 6144
#inputs: 2042709
==========================================
Part 13, Epoch Time(s): 5.8472
Sampling Time(s): 0.3208
Loading Time(s): 2.4140
Forward Time(s): 0.4143
Backward Time(s): 0.2223
Update Time(s): 0.0048
Emb Update Time(s): 2.4619
#seeds: 6144
#inputs: 2040062
=====================

=====================
Part 24, Epoch Time(s): 5.8662
Sampling Time(s): 0.2937
Loading Time(s): 2.1893
Forward Time(s): 0.6803
Backward Time(s): 0.2290
Update Time(s): 0.0041
Emb Update Time(s): 2.4612
#seeds: 6144
#inputs: 1962599
==========================================
Part 29, Epoch Time(s): 5.8483
Sampling Time(s): 0.3216
Loading Time(s): 2.3282
Forward Time(s): 0.5103
Backward Time(s): 0.2244
Update Time(s): 0.0046
Emb Update Time(s): 2.4505
#seeds: 6144
#inputs: 1977838
==========================================
Part 30, Epoch Time(s): 5.8659
Sampling Time(s): 0.2806
Loading Time(s): 2.1176
Forward Time(s): 0.7647
Backward Time(s): 0.2276
Update Time(s): 0.0051
Emb Update Time(s): 2.4617
#seeds: 6144
#inputs: 1969190
==========================================
Part 26, Epoch Time(s): 5.8497
Sampling Time(s): 0.2872
Loading Time(s): 2.2538
Forward Time(s): 0.6058
Backward Time(s): 0.2300
Update Time(s): 0.0043
Emb Update Time(s): 2.4604
#seeds: 6144
#inputs: 1981445
==========================================
Part 31, Epoch Time(s): 5.8671
Sampling Time(s): 0.2884
Loading Time(s): 2.2185
Forward Time(s): 0.6504
Backward Time(s): 0.2276
Update Time(s): 0.0047
Emb Update Time(s): 2.4618
#seeds: 6144
#inputs: 1957028
=====================

=====================
Part 25, Epoch Time(s): 5.8496
Sampling Time(s): 0.3055
Loading Time(s): 2.1992
Forward Time(s): 0.6418
Backward Time(s): 0.2288
Update Time(s): 0.0048
Emb Update Time(s): 2.4606
#seeds: 6144
#inputs: 1971389
==========================================
Part 27, Epoch Time(s): 5.8535
Sampling Time(s): 0.2966
Loading Time(s): 2.3914
Forward Time(s): 0.4829
Backward Time(s): 0.2214
Update Time(s): 0.0044
Emb Update Time(s): 2.4481
#seeds: 6145
#inputs: 1973096
=====================



=====================
Part 28, Epoch Time(s): 5.8488
Sampling Time(s): 0.3538
Loading Time(s): 2.3283
Forward Time(s): 0.4784
Backward Time(s): 0.2250
Update Time(s): 0.0044
Emb Update Time(s): 2.4505
#seeds: 6144
#inputs: 1965665
=====================

|V|=2449029, eval batch size: 100000|V|=2449029, eval batch size: 100000

|V|=2449029, eval batch size: 100000
|V|=2449029, eval batch size: 100000
|V|=2449029, eval batch size: 100000
|V|=2449029, eval batch size: 100000
|V|=2449029, eval batch size: 100000
|V|=2449029, eval batch size: 100000
|V|=2449029, eval batch size: 100000
|V|=2449029, eval batch size: 100000
|V|=2449029, eval batch size: 100000
|V|=2449029, eval batch size: 100000
|V|=2449029, eval batch size: 100000
|V|=2449029, eval batch size: 100000
|V|=2449029, eval batch size: 100000
|V|=2449029, eval batch size: 100000
|V|=2449029, eval batch size: 100000
|V|=2449029, eval batch size: 100000
|V|=2449029, eval batch size: 100000
|V|=2449029, eval batch size: 100000
|V|=2449029, eval batch size: 100000
|V|=2449029, eval batch size: 100000
|V|=2449029, eval batch size: 100000
|V|=2449029, eval batch size: 100000
|V|=2449029, eval batch size: 100000
|V|=2449029, eval batch size: 100000
|V|=2449029, eval batch size: 100000
|V|=2449029, eval batch size: 100000
|V|=2449029, eval batch size: 100000
|V|=2449029, eval batch size: 100000
|V|=2449029, eval batch size: 100000
|V|=2449029, eval batch size: 100000
|V|=2449029, eval batch size: 100000
|V|=2449029, eval batch size: 100000
|V|=2449029, eval batch size: 100000
|V|=2449029, eval batch size: 100000
|V|=2449029, eval batch size: 100000
|V|=2449029, eval batch size: 100000
|V|=2449029, eval batch size: 100000
|V|=2449029, eval batch size: 100000
|V|=2449029, eval batch size: 100000
|V|=2449029, eval batch size: 100000
|V|=2449029, eval batch size: 100000
|V|=2449029, eval batch size: 100000
|V|=2449029, eval batch size: 100000
|V|=2449029, eval batch size: 100000
|V|=2449029, eval batch size: 100000|V|=2449029, eval batch size: 100000

|V|=2449029, eval batch size: 100000
|V|=2449029, eval batch size: 100000
|V|=2449029, eval batch size: 100000
|V|=2449029, eval batch size: 100000
|V|=2449029, eval batch size: 100000
|V|=2449029, eval batch size: 100000
|V|=2449029, eval batch size: 100000
|V|=2449029, eval batch size: 100000
|V|=2449029, eval batch size: 100000
|V|=2449029, eval batch size: 100000
|V|=2449029, eval batch size: 100000
|V|=2449029, eval batch size: 100000
|V|=2449029, eval batch size: 100000
|V|=2449029, eval batch size: 100000
|V|=2449029, eval batch size: 100000
|V|=2449029, eval batch size: 100000
|V|=2449029, eval batch size: 100000
|V|=2449029, eval batch size: 100000
|V|=2449029, eval batch size: 100000
|V|=2449029, eval batch size: 100000
|V|=2449029, eval batch size: 100000
|V|=2449029, eval batch size: 100000
|V|=2449029, eval batch size: 100000|V|=2449029, eval batch size: 100000

|V|=2449029, eval batch size: 100000
|V|=2449029, eval batch size: 100000
|V|=2449029, eval batch size: 100000
|V|=2449029, eval batch size: 100000
|V|=2449029, eval batch size: 100000
|V|=2449029, eval batch size: 100000
|V|=2449029, eval batch size: 100000
|V|=2449029, eval batch size: 100000
|V|=2449029, eval batch size: 100000|V|=2449029, eval batch size: 100000|V|=2449029, eval batch size: 100000


|V|=2449029, eval batch size: 100000
|V|=2449029, eval batch size: 100000
|V|=2449029, eval batch size: 100000
|V|=2449029, eval batch size: 100000
|V|=2449029, eval batch size: 100000|V|=2449029, eval batch size: 100000

|V|=2449029, eval batch size: 100000|V|=2449029, eval batch size: 100000
|V|=2449029, eval batch size: 100000

|V|=2449029, eval batch size: 100000
|V|=2449029, eval batch size: 100000
|V|=2449029, eval batch size: 100000
|V|=2449029, eval batch size: 100000
Part 1, Val Acc 0.8454, Test Acc 0.6901, time: 7.3049
Part 15, Val Acc 0.8217, Test Acc 0.6051, time: 7.3081
Part 24, Val Acc 0.8055, Test Acc 0.5788, time: 7.3125
Part 25, Val Acc 0.8267, Test Acc 0.5782, time: 7.3139
Part 7, Val Acc 0.8544, Test Acc 0.6877, time: 7.3142
Part 3, Val Acc 0.8666, Test Acc 0.6879, time: 7.3155
Part 0, Val Acc 0.8779, Test Acc 0.6906, time: 7.3161
Part 23, Val Acc 0.7347, Test Acc 0.4801, time: 7.3167
Part 13, Val Acc 0.8104, Test Acc 0.6049, time: 7.3169
Part 11, Val Acc 0.8145, Test Acc 0.6037, time: 7.3181
Part 5, Val Acc 0.8617, Test Acc 0.6899, time: 7.3186
Part 4, Val Acc 0.8544, Test Acc 0.6888, time: 7.3199
Part 2, Val Acc 0.8690, Test Acc 0.6839, time: 7.3201
Part 29, Val Acc 0.8210, Test Acc 0.5780, time: 7.3203
Part 6, Val Acc 0.8617, Test Acc 0.6876, time: 7.3208
Part 19, Val Acc 0.7494, Test Acc 0.4806, time: 7.3215
Part 9, Val Acc 0.8308, Test Acc 0.6061, time: 7.3216
Part 14, Val Acc 0.8316, Test Acc 0.6002, time: 7.3220
Part 18, Val Acc 0.7443, Test Acc 0.4802, time: 7.3230
Part 21, Val Acc 0.7421, Test Acc 0.4815, time: 7.3233
Part 22, Val Acc 0.7445, Test Acc 0.4822, time: 7.3253
Part 20, Val Acc 0.7551, Test Acc 0.4813, time: 7.3256
Part 10, Val Acc 0.8055, Test Acc 0.6040, time: 7.3262
Part 27, Val Acc 0.8145, Test Acc 0.5776, time: 7.3270
Part 30, Val Acc 0.8283, Test Acc 0.5767, time: 7.3279
Part 16, Val Acc 0.7478, Test Acc 0.4804, time: 7.3289
Part 31, Val Acc 0.8029, Test Acc 0.5772, time: 7.3290
Part 8, Val Acc 0.8104, Test Acc 0.6059, time: 7.3293
Part 17, Val Acc 0.7494, Test Acc 0.4809, time: 7.3303
Part 12, Val Acc 0.8161, Test Acc 0.6037, time: 7.3323
Part 26, Val Acc 0.8111, Test Acc 0.5737, time: 7.3337
Part 28, Val Acc 0.7966, Test Acc 0.5745, time: 7.3403
All parts avg val acc 0.8096, test acc 0.5876
Part 7 | Epoch 00005 | Step 00000 | Loss 0.6420 | Train Acc 0.8600 | Speed (samples/sec) 1011.8381 | GPU 1809.9 MB | time 1.137 sPart 4 | Epoch 00005 | Step 00000 | Loss 0.7884 | Train Acc 0.8440 | Speed (samples/sec) 1011.2409 | GPU 1810.7 MB | time 1.131 sPart 5 | Epoch 00005 | Step 00000 | Loss 0.7336 | Train Acc 0.8490 | Speed (samples/sec) 1012.7275 | GPU 1816.8 MB | time 1.133 s


Part 0 | Epoch 00005 | Step 00000 | Loss 0.6729 | Train Acc 0.8560 | Speed (samples/sec) 1014.9115 | GPU 1817.3 MB | time 1.110 s
Part 1 | Epoch 00005 | Step 00000 | Loss 0.7393 | Train Acc 0.8230 | Speed (samples/sec) 1011.6731 | GPU 1826.7 MB | time 1.146 s
Part 3 | Epoch 00005 | Step 00000 | Loss 0.7062 | Train Acc 0.8410 | Speed (samples/sec) 1011.2541 | GPU 1814.5 MB | time 1.136 s
Part 16 | Epoch 00005 | Step 00000 | Loss 1.3998 | Train Acc 0.6610 | Speed (samples/sec) 1013.3908 | GPU 1839.8 MB | time 1.121 s
Part 26 | Epoch 00005 | Step 00000 | Loss 0.8835 | Train Acc 0.7550 | Speed (samples/sec) 1011.7335 | GPU 1931.2 MB | time 1.117 sPart 31 | Epoch 00005 | Step 00000 | Loss 0.9696 | Train Acc 0.7530 | Speed (samples/sec) 1012.0317 | GPU 1927.1 MB | time 1.122 s

Part 25 | Epoch 00005 | Step 00000 | Loss 1.0245 | Train Acc 0.7370 | Speed (samples/sec) 1012.3184 | GPU 1944.9 MB | time 1.137 s
Part 6 | Epoch 00005 | Step 00000 | Loss 0.6512 | Train Acc 0.8530 | Speed (samples/sec) 1012.2290 | GPU 1814.5 MB | time 1.130 s
Part 30 | Epoch 00005 | Step 00000 | Loss 0.9747 | Train Acc 0.7420 | Speed (samples/sec) 1011.8482 | GPU 1927.0 MB | time 1.124 s
Part 28 | Epoch 00005 | Step 00000 | Loss 0.9241 | Train Acc 0.7470 | Speed (samples/sec) 1012.2659 | GPU 1933.8 MB | time 1.111 s
Part 24 | Epoch 00005 | Step 00000 | Loss 0.9219 | Train Acc 0.7470 | Speed (samples/sec) 1011.8035 | GPU 1940.0 MB | time 1.139 s
Part 2 | Epoch 00005 | Step 00000 | Loss 0.7182 | Train Acc 0.8370 | Speed (samples/sec) 1011.3602 | GPU 1809.4 MB | time 1.131 s
Part 21 | Epoch 00005 | Step 00000 | Loss 1.4821 | Train Acc 0.6450 | Speed (samples/sec) 1013.8220 | GPU 1847.6 MB | time 1.128 s
Part 29 | Epoch 00005 | Step 00000 | Loss 0.9832 | Train Acc 0.7410 | Speed (samples/sec) 1012.4081 | GPU 1933.7 MB | time 1.131 s
Part 19 | Epoch 00005 | Step 00000 | Loss 1.4604 | Train Acc 0.6580 | Speed (samples/sec) 1011.0441 | GPU 1853.1 MB | time 1.130 s
Part 18 | Epoch 00005 | Step 00000 | Loss 1.4178 | Train Acc 0.6360 | Speed (samples/sec) 1012.9599 | GPU 1848.7 MB | time 1.128 s
Part 8 | Epoch 00005 | Step 00000 | Loss 1.0031 | Train Acc 0.7710 | Speed (samples/sec) 1013.4050 | GPU 2091.5 MB | time 1.122 s
Part 11 | Epoch 00005 | Step 00000 | Loss 0.9287 | Train Acc 0.7890 | Speed (samples/sec) 1012.4765 | GPU 2070.9 MB | time 1.133 s
Part 27 | Epoch 00005 | Step 00000 | Loss 0.9859 | Train Acc 0.7430 | Speed (samples/sec) 1012.5523 | GPU 1933.9 MB | time 1.123 s
Part 22 | Epoch 00005 | Step 00000 | Loss 1.3693 | Train Acc 0.6830 | Speed (samples/sec) 1012.8938 | GPU 1846.9 MB | time 1.126 s
Part 20 | Epoch 00005 | Step 00000 | Loss 1.4708 | Train Acc 0.6400 | Speed (samples/sec) 1013.2435 | GPU 1852.6 MB | time 1.126 s
Part 13 | Epoch 00005 | Step 00000 | Loss 1.0498 | Train Acc 0.7620 | Speed (samples/sec) 1013.5962 | GPU 2066.9 MB | time 1.134 s
Part 17 | Epoch 00005 | Step 00000 | Loss 1.2916 | Train Acc 0.6900 | Speed (samples/sec) 1013.3348 | GPU 1853.5 MB | time 1.121 s
Part 10 | Epoch 00005 | Step 00000 | Loss 1.0054 | Train Acc 0.7780 | Speed (samples/sec) 1013.2245 | GPU 2075.6 MB | time 1.125 s
Part 15 | Epoch 00005 | Step 00000 | Loss 0.9978 | Train Acc 0.7870 | Speed (samples/sec) 1012.4567 | GPU 2064.4 MB | time 1.143 s
Part 23 | Epoch 00005 | Step 00000 | Loss 1.3812 | Train Acc 0.6690 | Speed (samples/sec) 1013.6225 | GPU 1851.5 MB | time 1.134 s
Part 14 | Epoch 00005 | Step 00000 | Loss 1.0111 | Train Acc 0.7760 | Speed (samples/sec) 1012.6255 | GPU 2077.1 MB | time 1.129 s
Part 9 | Epoch 00005 | Step 00000 | Loss 0.9485 | Train Acc 0.7790 | Speed (samples/sec) 1012.8405 | GPU 2072.8 MB | time 1.130 s
Part 12 | Epoch 00005 | Step 00000 | Loss 1.0531 | Train Acc 0.7610 | Speed (samples/sec) 1013.7155 | GPU 2075.5 MB | time 1.119 s
Avg train acc 0.7567Avg train acc 0.7567Avg train acc 0.7567Avg train acc 0.7567
Avg train acc 0.7567
Avg train acc 0.7567


Avg train acc 0.7567

Avg train acc 0.7567
Avg train acc 0.7567
Avg train acc 0.7567
Avg train acc 0.7567
Avg train acc 0.7567Avg train acc 0.7567Avg train acc 0.7567Avg train acc 0.7567



Avg train acc 0.7567
Avg train acc 0.7567Avg train acc 0.7567Avg train acc 0.7567


Avg train acc 0.7567
Avg train acc 0.7567Avg train acc 0.7567Avg train acc 0.7567


Avg train acc 0.7567Avg train acc 0.7567Avg train acc 0.7567Avg train acc 0.7567Avg train acc 0.7567Avg train acc 0.7567
Avg train acc 0.7567





Avg train acc 0.7567
Avg train acc 0.7567
=====================
Part 5, Epoch Time(s): 5.4992
Sampling Time(s): 0.3145
Loading Time(s): 1.8275
Forward Time(s): 0.7951
Backward Time(s): 0.2287
Update Time(s): 0.0050
Emb Update Time(s): 2.3166
#seeds: 6145
#inputs: 1929435
==========================================
Part 1, Epoch Time(s): 5.5128
Sampling Time(s): 0.2825
Loading Time(s): 1.8806
Forward Time(s): 0.7873
Backward Time(s): 0.2295
Update Time(s): 0.0046
Emb Update Time(s): 2.3167
#seeds: 6144
#inputs: 1921871
==========================================
Part 6, Epoch Time(s): 5.4969
Sampling Time(s): 0.3101
Loading Time(s): 2.0764
Forward Time(s): 0.5483
Backward Time(s): 0.2286
Update Time(s): 0.0045
Emb Update Time(s): 2.3172
#seeds: 6145
#inputs: 1914192
==========================================
Part 3, Epoch Time(s): 5.5022
Sampling Time(s): 0.3153
Loading Time(s): 1.8255
Forward Time(s): 0.7995
Backward Time(s): 0.2292
Update Time(s): 0.0053
Emb Update Time(s): 2.3159
#seeds: 6144
#inputs: 1930048
==========================================
Part 2, Epoch Time(s): 5.4977
Sampling Time(s): 0.3170
Loading Time(s): 1.9992
Forward Time(s): 0.6193
Backward Time(s): 0.2294
Update Time(s): 0.0046
Emb Update Time(s): 2.3165
#seeds: 6144
#inputs: 1942210
==========================================
Part 0, Epoch Time(s): 5.4769
Sampling Time(s): 0.4881
Loading Time(s): 1.9009
Forward Time(s): 0.5414
Backward Time(s): 0.2239
Update Time(s): 0.0044
Emb Update Time(s): 2.3064
#seeds: 6144
#inputs: 1923115
=====================



=====================
Part 4, Epoch Time(s): 5.4979
Sampling Time(s): 0.2895
Loading Time(s): 2.1210
Forward Time(s): 0.5252
Backward Time(s): 0.2290
Update Time(s): 0.0048
Emb Update Time(s): 2.3165
#seeds: 6144
#inputs: 1937793
=====================


=====================
Part 7, Epoch Time(s): 5.5033
Sampling Time(s): 0.3113
Loading Time(s): 2.0610
Forward Time(s): 0.5686
Backward Time(s): 0.2286
Update Time(s): 0.0050
Emb Update Time(s): 2.3169
#seeds: 6144
#inputs: 1926844
=====================
=====================
Part 17, Epoch Time(s): 5.4873
Sampling Time(s): 0.3091
Loading Time(s): 1.9093
Forward Time(s): 0.7057
Backward Time(s): 0.2284
Update Time(s): 0.0045
Emb Update Time(s): 2.3186
#seeds: 6144
#inputs: 1929769
==========================================
Part 18, Epoch Time(s): 5.4948
Sampling Time(s): 0.3005
Loading Time(s): 1.7003
Forward Time(s): 0.9306
Backward Time(s): 0.2284
Update Time(s): 0.0101
Emb Update Time(s): 2.3129
#seeds: 6144
#inputs: 1910504
==========================================
Part 23, Epoch Time(s): 5.5009
Sampling Time(s): 0.2992
Loading Time(s): 2.0442
Forward Time(s): 0.5918
Backward Time(s): 0.2271
Update Time(s): 0.0046
Emb Update Time(s): 2.3220
#seeds: 6145
#inputs: 1929015
=====================


=====================
Part 20, Epoch Time(s): 5.4919
Sampling Time(s): 0.3240
Loading Time(s): 2.1790
Forward Time(s): 0.4259
Backward Time(s): 0.2277
Update Time(s): 0.0046
Emb Update Time(s): 2.3190
#seeds: 6144
#inputs: 1942272
==========================================
Part 19, Epoch Time(s): 5.4963
Sampling Time(s): 0.3966
Loading Time(s): 1.9961
Forward Time(s): 0.5404
Backward Time(s): 0.2347
Update Time(s): 0.0045
Emb Update Time(s): 2.3121
#seeds: 6144
#inputs: 1941640
==========================================
Part 16, Epoch Time(s): 5.4871
Sampling Time(s): 0.2990
Loading Time(s): 2.0811
Forward Time(s): 0.5461
Backward Time(s): 0.2268
Update Time(s): 0.0055
Emb Update Time(s): 2.3165
#seeds: 6144
#inputs: 1935723
==========================================
Part 22, Epoch Time(s): 5.4924
Sampling Time(s): 0.3170
Loading Time(s): 2.0854
Forward Time(s): 0.5263
Backward Time(s): 0.2272
Update Time(s): 0.0048
Emb Update Time(s): 2.3196
#seeds: 6144
#inputs: 1928460
=====================
=====================
Part 21, Epoch Time(s): 5.4941
Sampling Time(s): 0.3141
Loading Time(s): 2.0054
Forward Time(s): 0.6117
Backward Time(s): 0.2275
Update Time(s): 0.0045
Emb Update Time(s): 2.3190
#seeds: 6145
#inputs: 1938383
=====================



=====================
Part 11, Epoch Time(s): 5.4996
Sampling Time(s): 0.2862
Loading Time(s): 2.2213
Forward Time(s): 0.4323
Backward Time(s): 0.2242
Update Time(s): 0.0042
Emb Update Time(s): 2.3196
#seeds: 6144
#inputs: 2039420
==========================================
Part 15, Epoch Time(s): 5.5096
Sampling Time(s): 0.4438
Loading Time(s): 2.1066
Forward Time(s): 0.3999
Backward Time(s): 0.2234
Update Time(s): 0.0051
Emb Update Time(s): 2.3189
#seeds: 6144
#inputs: 2022939
==========================================
Part 8, Epoch Time(s): 5.4882
Sampling Time(s): 0.3146
Loading Time(s): 2.2378
Forward Time(s): 0.3936
Backward Time(s): 0.2222
Update Time(s): 0.0046
Emb Update Time(s): 2.3035
#seeds: 6145
#inputs: 2034549
=====================


=====================
Part 12, Epoch Time(s): 5.4853
Sampling Time(s): 0.3057
Loading Time(s): 2.2986
Forward Time(s): 0.3218
Backward Time(s): 0.2246
Update Time(s): 0.0058
Emb Update Time(s): 2.3172
#seeds: 6144
#inputs: 2043649
==========================================
Part 9, Epoch Time(s): 5.4959
Sampling Time(s): 0.3153
Loading Time(s): 2.1745
Forward Time(s): 0.4430
Backward Time(s): 0.2276
Update Time(s): 0.0051
Emb Update Time(s): 2.3188
#seeds: 6145
#inputs: 2039523
=====================

=====================
Part 10, Epoch Time(s): 5.4910
Sampling Time(s): 0.3092
Loading Time(s): 2.2690
Forward Time(s): 0.3656
Backward Time(s): 0.2226
Update Time(s): 0.0057
Emb Update Time(s): 2.3068
#seeds: 6144
#inputs: 2044933
==========================================
Part 13, Epoch Time(s): 5.5007
Sampling Time(s): 0.3078
Loading Time(s): 2.3967
Forward Time(s): 0.2651
Backward Time(s): 0.2175
Update Time(s): 0.0046
Emb Update Time(s): 2.2970
#seeds: 6144
#inputs: 2044724
=====================

=====================
Part 14, Epoch Time(s): 5.4956
Sampling Time(s): 0.3074
Loading Time(s): 2.2565
Forward Time(s): 0.3685
Backward Time(s): 0.2268
Update Time(s): 0.0049
Emb Update Time(s): 2.3195
#seeds: 6144
#inputs: 2031116
=====================
=====================
Part 24, Epoch Time(s): 5.5049
Sampling Time(s): 0.2841
Loading Time(s): 2.0785
Forward Time(s): 0.5785
Backward Time(s): 0.2281
Update Time(s): 0.0096
Emb Update Time(s): 2.3142
#seeds: 6144
#inputs: 1969849
==========================================
Part 29, Epoch Time(s): 5.4973
Sampling Time(s): 0.3181
Loading Time(s): 2.0901
Forward Time(s): 0.5253
Backward Time(s): 0.2275
Update Time(s): 0.0048
Emb Update Time(s): 2.3195
#seeds: 6144
#inputs: 1976267
==========================================
Part 30, Epoch Time(s): 5.4900
Sampling Time(s): 0.2935
Loading Time(s): 2.0445
Forward Time(s): 0.6015
Backward Time(s): 0.2251
Update Time(s): 0.0049
Emb Update Time(s): 2.3082
#seeds: 6144
#inputs: 1975213
=====================
=====================
Part 27, Epoch Time(s): 5.4896
Sampling Time(s): 0.2928
Loading Time(s): 2.1649
Forward Time(s): 0.4676
Backward Time(s): 0.2276
Update Time(s): 0.0052
Emb Update Time(s): 2.3193
#seeds: 6145
#inputs: 1967707
=====================

=====================
Part 25, Epoch Time(s): 5.5038
Sampling Time(s): 0.3112
Loading Time(s): 2.2953
Forward Time(s): 0.3340
Backward Time(s): 0.2278
Update Time(s): 0.0044
Emb Update Time(s): 2.3193
#seeds: 6144
#inputs: 1973567
=====================
=====================
Part 26, Epoch Time(s): 5.4838
Sampling Time(s): 0.2904
Loading Time(s): 2.2594
Forward Time(s): 0.3710
Backward Time(s): 0.2277
Update Time(s): 0.0045
Emb Update Time(s): 2.3191
#seeds: 6144
#inputs: 1987456
==========================================
Part 28, Epoch Time(s): 5.4774
Sampling Time(s): 0.4308
Loading Time(s): 2.1417
Forward Time(s): 0.3582
Backward Time(s): 0.2210
Update Time(s): 0.0045
Emb Update Time(s): 2.3096
#seeds: 6144
#inputs: 1966220
==========================================
Part 31, Epoch Time(s): 5.4884
Sampling Time(s): 0.3119
Loading Time(s): 2.2820
Forward Time(s): 0.3317
Backward Time(s): 0.2274
Update Time(s): 0.0046
Emb Update Time(s): 2.3191
#seeds: 6144
#inputs: 1957760
=====================



|V|=2449029, eval batch size: 100000
|V|=2449029, eval batch size: 100000
|V|=2449029, eval batch size: 100000
|V|=2449029, eval batch size: 100000
|V|=2449029, eval batch size: 100000
|V|=2449029, eval batch size: 100000
|V|=2449029, eval batch size: 100000
|V|=2449029, eval batch size: 100000
|V|=2449029, eval batch size: 100000
|V|=2449029, eval batch size: 100000
|V|=2449029, eval batch size: 100000
|V|=2449029, eval batch size: 100000
|V|=2449029, eval batch size: 100000
|V|=2449029, eval batch size: 100000
|V|=2449029, eval batch size: 100000
|V|=2449029, eval batch size: 100000
|V|=2449029, eval batch size: 100000
|V|=2449029, eval batch size: 100000
|V|=2449029, eval batch size: 100000
|V|=2449029, eval batch size: 100000
|V|=2449029, eval batch size: 100000|V|=2449029, eval batch size: 100000

|V|=2449029, eval batch size: 100000
|V|=2449029, eval batch size: 100000
|V|=2449029, eval batch size: 100000
|V|=2449029, eval batch size: 100000
|V|=2449029, eval batch size: 100000
|V|=2449029, eval batch size: 100000
|V|=2449029, eval batch size: 100000
|V|=2449029, eval batch size: 100000
|V|=2449029, eval batch size: 100000
|V|=2449029, eval batch size: 100000
|V|=2449029, eval batch size: 100000
|V|=2449029, eval batch size: 100000
|V|=2449029, eval batch size: 100000
|V|=2449029, eval batch size: 100000
|V|=2449029, eval batch size: 100000
|V|=2449029, eval batch size: 100000
|V|=2449029, eval batch size: 100000
|V|=2449029, eval batch size: 100000
|V|=2449029, eval batch size: 100000
|V|=2449029, eval batch size: 100000
|V|=2449029, eval batch size: 100000
|V|=2449029, eval batch size: 100000
|V|=2449029, eval batch size: 100000
|V|=2449029, eval batch size: 100000
|V|=2449029, eval batch size: 100000
|V|=2449029, eval batch size: 100000
|V|=2449029, eval batch size: 100000
|V|=2449029, eval batch size: 100000
|V|=2449029, eval batch size: 100000
|V|=2449029, eval batch size: 100000
|V|=2449029, eval batch size: 100000
|V|=2449029, eval batch size: 100000
|V|=2449029, eval batch size: 100000
|V|=2449029, eval batch size: 100000
|V|=2449029, eval batch size: 100000
|V|=2449029, eval batch size: 100000
|V|=2449029, eval batch size: 100000
|V|=2449029, eval batch size: 100000
|V|=2449029, eval batch size: 100000
|V|=2449029, eval batch size: 100000
|V|=2449029, eval batch size: 100000
|V|=2449029, eval batch size: 100000
|V|=2449029, eval batch size: 100000
|V|=2449029, eval batch size: 100000
|V|=2449029, eval batch size: 100000
|V|=2449029, eval batch size: 100000
|V|=2449029, eval batch size: 100000
|V|=2449029, eval batch size: 100000
|V|=2449029, eval batch size: 100000
|V|=2449029, eval batch size: 100000
|V|=2449029, eval batch size: 100000
|V|=2449029, eval batch size: 100000
|V|=2449029, eval batch size: 100000
|V|=2449029, eval batch size: 100000
|V|=2449029, eval batch size: 100000
|V|=2449029, eval batch size: 100000
|V|=2449029, eval batch size: 100000
|V|=2449029, eval batch size: 100000
|V|=2449029, eval batch size: 100000
|V|=2449029, eval batch size: 100000
|V|=2449029, eval batch size: 100000
|V|=2449029, eval batch size: 100000
|V|=2449029, eval batch size: 100000
|V|=2449029, eval batch size: 100000
|V|=2449029, eval batch size: 100000|V|=2449029, eval batch size: 100000

|V|=2449029, eval batch size: 100000
|V|=2449029, eval batch size: 100000
|V|=2449029, eval batch size: 100000
|V|=2449029, eval batch size: 100000
|V|=2449029, eval batch size: 100000
|V|=2449029, eval batch size: 100000
|V|=2449029, eval batch size: 100000
|V|=2449029, eval batch size: 100000
Part 4, Val Acc 0.8959, Test Acc 0.7040, time: 7.0222
Part 12, Val Acc 0.8552, Test Acc 0.6352, time: 7.0312
Part 10, Val Acc 0.8421, Test Acc 0.6347, time: 7.0326
Part 15, Val Acc 0.8502, Test Acc 0.6354, time: 7.0328
Part 8, Val Acc 0.8413, Test Acc 0.6370, time: 7.0329
Part 9, Val Acc 0.8641, Test Acc 0.6386, time: 7.0331
Part 30, Val Acc 0.9072, Test Acc 0.6444, time: 7.0339
Part 5, Val Acc 0.9138, Test Acc 0.7045, time: 7.0352
Part 3, Val Acc 0.8983, Test Acc 0.7045, time: 7.0361
Part 24, Val Acc 0.8771, Test Acc 0.6457, time: 7.0367
Part 6, Val Acc 0.8967, Test Acc 0.7032, time: 7.0392
Part 0, Val Acc 0.9137, Test Acc 0.7058, time: 7.0402
Part 25, Val Acc 0.8910, Test Acc 0.6448, time: 7.0401
Part 2, Val Acc 0.9121, Test Acc 0.7000, time: 7.0405
Part 1, Val Acc 0.8820, Test Acc 0.7035, time: 7.0422
Part 7, Val Acc 0.8967, Test Acc 0.7040, time: 7.0424
Part 29, Val Acc 0.8902, Test Acc 0.6452, time: 7.0424
Part 28, Val Acc 0.8804, Test Acc 0.6421, time: 7.0433
Part 11, Val Acc 0.8470, Test Acc 0.6357, time: 7.0449
Part 17, Val Acc 0.8194, Test Acc 0.5569, time: 7.0457
Part 13, Val Acc 0.8365, Test Acc 0.6368, time: 7.0461
Part 31, Val Acc 0.8819, Test Acc 0.6452, time: 7.0467
Part 16, Val Acc 0.8316, Test Acc 0.5574, time: 7.0473
Part 23, Val Acc 0.8275, Test Acc 0.5539, time: 7.0492
Part 26, Val Acc 0.8860, Test Acc 0.6438, time: 7.0493
Part 19, Val Acc 0.8259, Test Acc 0.5555, time: 7.0494
Part 20, Val Acc 0.8259, Test Acc 0.5558, time: 7.0510
Part 21, Val Acc 0.8169, Test Acc 0.5578, time: 7.0545
Part 27, Val Acc 0.8967, Test Acc 0.6450, time: 7.0557
Part 14, Val Acc 0.8576, Test Acc 0.6314, time: 7.0568
Part 18, Val Acc 0.8200, Test Acc 0.5553, time: 7.0580
Part 22, Val Acc 0.8202, Test Acc 0.5576, time: 7.0588
All parts avg val acc 0.8657, test acc 0.6350
Part 0 | Epoch 00006 | Step 00000 | Loss 0.4935 | Train Acc 0.8850 | Speed (samples/sec) 1029.2941 | GPU 1817.3 MB | time 1.078 s
Part 6 | Epoch 00006 | Step 00000 | Loss 0.4107 | Train Acc 0.9070 | Speed (samples/sec) 1026.7679 | GPU 1814.5 MB | time 1.098 s
Part 2 | Epoch 00006 | Step 00000 | Loss 0.4560 | Train Acc 0.8880 | Speed (samples/sec) 1025.9574 | GPU 1809.4 MB | time 1.097 sPart 1 | Epoch 00006 | Step 00000 | Loss 0.4922 | Train Acc 0.8870 | Speed (samples/sec) 1026.2534 | GPU 1826.7 MB | time 1.095 s

Part 7 | Epoch 00006 | Step 00000 | Loss 0.3854 | Train Acc 0.9060 | Speed (samples/sec) 1026.4034 | GPU 1809.9 MB | time 1.095 s
Part 24 | Epoch 00006 | Step 00000 | Loss 0.6577 | Train Acc 0.8460 | Speed (samples/sec) 1026.2660 | GPU 1940.0 MB | time 1.100 s
Part 26 | Epoch 00006 | Step 00000 | Loss 0.7915 | Train Acc 0.8370 | Speed (samples/sec) 1026.4593 | GPU 1931.2 MB | time 1.088 s
Part 28 | Epoch 00006 | Step 00000 | Loss 0.6317 | Train Acc 0.8600 | Speed (samples/sec) 1026.7713 | GPU 1933.8 MB | time 1.094 s
Part 19 | Epoch 00006 | Step 00000 | Loss 1.0047 | Train Acc 0.7710 | Speed (samples/sec) 1025.9194 | GPU 1853.1 MB | time 1.088 s
Part 17 | Epoch 00006 | Step 00000 | Loss 0.9321 | Train Acc 0.7900 | Speed (samples/sec) 1027.7272 | GPU 1853.5 MB | time 1.091 s
Part 21 | Epoch 00006 | Step 00000 | Loss 0.8640 | Train Acc 0.7920 | Speed (samples/sec) 1028.4358 | GPU 1847.6 MB | time 1.082 sPart 16 | Epoch 00006 | Step 00000 | Loss 1.0220 | Train Acc 0.7570 | Speed (samples/sec) 1027.8358 | GPU 1842.9 MB | time 1.089 s

Part 18 | Epoch 00006 | Step 00000 | Loss 0.8654 | Train Acc 0.7890 | Speed (samples/sec) 1027.7054 | GPU 1848.7 MB | time 1.079 s
Part 31 | Epoch 00006 | Step 00000 | Loss 0.6209 | Train Acc 0.8600 | Speed (samples/sec) 1026.6557 | GPU 1927.1 MB | time 1.090 s
Part 20 | Epoch 00006 | Step 00000 | Loss 0.9718 | Train Acc 0.7860 | Speed (samples/sec) 1027.7598 | GPU 1854.8 MB | time 1.086 s
Part 23 | Epoch 00006 | Step 00000 | Loss 1.0021 | Train Acc 0.7690 | Speed (samples/sec) 1028.2095 | GPU 1854.0 MB | time 1.088 s
Part 4 | Epoch 00006 | Step 00000 | Loss 0.4412 | Train Acc 0.8930 | Speed (samples/sec) 1025.4899 | GPU 1810.7 MB | time 1.115 s
Part 25 | Epoch 00006 | Step 00000 | Loss 0.6827 | Train Acc 0.8500 | Speed (samples/sec) 1026.7644 | GPU 1944.9 MB | time 1.097 s
Part 11 | Epoch 00006 | Step 00000 | Loss 0.7964 | Train Acc 0.8320 | Speed (samples/sec) 1026.9880 | GPU 2070.9 MB | time 1.092 s
Part 9 | Epoch 00006 | Step 00000 | Loss 0.7313 | Train Acc 0.8310 | Speed (samples/sec) 1027.1727 | GPU 2074.6 MB | time 1.103 s
Part 30 | Epoch 00006 | Step 00000 | Loss 0.7074 | Train Acc 0.8480 | Speed (samples/sec) 1026.2519 | GPU 1927.0 MB | time 1.103 s
Part 8 | Epoch 00006 | Step 00000 | Loss 0.7273 | Train Acc 0.8510 | Speed (samples/sec) 1027.6190 | GPU 2091.5 MB | time 1.104 s
Part 5 | Epoch 00006 | Step 00000 | Loss 0.5061 | Train Acc 0.8850 | Speed (samples/sec) 1027.0964 | GPU 1816.8 MB | time 1.102 s
Part 15 | Epoch 00006 | Step 00000 | Loss 0.7524 | Train Acc 0.8390 | Speed (samples/sec) 1026.7309 | GPU 2064.4 MB | time 1.104 s
Part 3 | Epoch 00006 | Step 00000 | Loss 0.4653 | Train Acc 0.8980 | Speed (samples/sec) 1025.7730 | GPU 1816.6 MB | time 1.101 s
Part 10 | Epoch 00006 | Step 00000 | Loss 0.7429 | Train Acc 0.8510 | Speed (samples/sec) 1027.3630 | GPU 2075.6 MB | time 1.105 sPart 12 | Epoch 00006 | Step 00000 | Loss 0.7337 | Train Acc 0.8430 | Speed (samples/sec) 1027.7312 | GPU 2075.5 MB | time 1.106 sPart 13 | Epoch 00006 | Step 00000 | Loss 0.7196 | Train Acc 0.8390 | Speed (samples/sec) 1027.9438 | GPU 2066.9 MB | time 1.091 s


Part 14 | Epoch 00006 | Step 00000 | Loss 0.7615 | Train Acc 0.8470 | Speed (samples/sec) 1027.3540 | GPU 2077.1 MB | time 1.080 s
Part 29 | Epoch 00006 | Step 00000 | Loss 0.6807 | Train Acc 0.8470 | Speed (samples/sec) 1026.8759 | GPU 1933.7 MB | time 1.095 s
Part 22 | Epoch 00006 | Step 00000 | Loss 1.0608 | Train Acc 0.7710 | Speed (samples/sec) 1027.6708 | GPU 1846.9 MB | time 1.079 s
Part 27 | Epoch 00006 | Step 00000 | Loss 0.5687 | Train Acc 0.8850 | Speed (samples/sec) 1027.3929 | GPU 1933.9 MB | time 1.082 s
Avg train acc 0.8419
Avg train acc 0.8419
Avg train acc 0.8419Avg train acc 0.8419Avg train acc 0.8419Avg train acc 0.8419
Avg train acc 0.8419
Avg train acc 0.8419



Avg train acc 0.8419Avg train acc 0.8419Avg train acc 0.8419


Avg train acc 0.8419Avg train acc 0.8419Avg train acc 0.8419Avg train acc 0.8419

Avg train acc 0.8419


Avg train acc 0.8419Avg train acc 0.8419Avg train acc 0.8419Avg train acc 0.8419
Avg train acc 0.8419


Avg train acc 0.8419

Avg train acc 0.8419Avg train acc 0.8419

Avg train acc 0.8419Avg train acc 0.8419Avg train acc 0.8419Avg train acc 0.8419



Avg train acc 0.8419Avg train acc 0.8419Avg train acc 0.8419


Avg train acc 0.8419
=====================
Part 1, Epoch Time(s): 5.7317
Sampling Time(s): 0.2975
Loading Time(s): 1.7767
Forward Time(s): 1.0244
Backward Time(s): 0.2379
Update Time(s): 0.0042
Emb Update Time(s): 2.3757
#seeds: 6144
#inputs: 1920279
=====================
=====================
Part 3, Epoch Time(s): 5.7378
Sampling Time(s): 0.2903
Loading Time(s): 1.9176
Forward Time(s): 0.8966
Backward Time(s): 0.2376
Update Time(s): 0.0046
Emb Update Time(s): 2.3759
#seeds: 6144
#inputs: 1929496
==========================================
Part 0, Epoch Time(s): 5.7150
Sampling Time(s): 0.3757
Loading Time(s): 1.9880
Forward Time(s): 0.7181
Backward Time(s): 0.2380
Update Time(s): 0.0042
Emb Update Time(s): 2.3754
#seeds: 6144
#inputs: 1928618
==========================================
Part 2, Epoch Time(s): 5.7336
Sampling Time(s): 0.3476
Loading Time(s): 2.0807
Forward Time(s): 0.6718
Backward Time(s): 0.2379
Update Time(s): 0.0045
Emb Update Time(s): 2.3754
#seeds: 6144
#inputs: 1935805
=====================
=====================
Part 4, Epoch Time(s): 5.7517
Sampling Time(s): 0.2898
Loading Time(s): 2.0803
Forward Time(s): 0.7487
Backward Time(s): 0.2375
Update Time(s): 0.0045
Emb Update Time(s): 2.3757
#seeds: 6144
#inputs: 1939818
==========================================
Part 7, Epoch Time(s): 5.7315
Sampling Time(s): 0.3319
Loading Time(s): 2.1299
Forward Time(s): 0.6360
Backward Time(s): 0.2364
Update Time(s): 0.0047
Emb Update Time(s): 2.3770
#seeds: 6144
#inputs: 1930508
=====================



=====================
Part 5, Epoch Time(s): 5.7387
Sampling Time(s): 0.3043
Loading Time(s): 1.9083
Forward Time(s): 0.8929
Backward Time(s): 0.2371
Update Time(s): 0.0045
Emb Update Time(s): 2.3762
#seeds: 6145
#inputs: 1931471
=====================
=====================
Part 6, Epoch Time(s): 5.7347
Sampling Time(s): 0.2811
Loading Time(s): 1.9821
Forward Time(s): 0.8380
Backward Time(s): 0.2365
Update Time(s): 0.0046
Emb Update Time(s): 2.3767
#seeds: 6145
#inputs: 1922589
=====================
=====================
Part 18, Epoch Time(s): 5.7159
Sampling Time(s): 0.2969
Loading Time(s): 1.8553
Forward Time(s): 0.9297
Backward Time(s): 0.2364
Update Time(s): 0.0044
Emb Update Time(s): 2.3775
#seeds: 6144
#inputs: 1913108
==========================================
Part 17, Epoch Time(s): 5.7284
Sampling Time(s): 0.3009
Loading Time(s): 1.9989
Forward Time(s): 0.7946
Backward Time(s): 0.2367
Update Time(s): 0.0045
Emb Update Time(s): 2.3773
#seeds: 6144
#inputs: 1933007
==========================================
Part 23, Epoch Time(s): 5.7249
Sampling Time(s): 0.3013
Loading Time(s): 1.9067
Forward Time(s): 0.8834
Backward Time(s): 0.2352
Update Time(s): 0.0048
Emb Update Time(s): 2.3781
#seeds: 6145
#inputs: 1935345
==========================================
Part 21, Epoch Time(s): 5.7191
Sampling Time(s): 0.3126
Loading Time(s): 2.1779
Forward Time(s): 0.5933
Backward Time(s): 0.2356
Update Time(s): 0.0046
Emb Update Time(s): 2.3791
#seeds: 6145
#inputs: 1937134
==========================================
Part 16, Epoch Time(s): 5.7265
Sampling Time(s): 0.3135
Loading Time(s): 2.1381
Forward Time(s): 0.6393
Backward Time(s): 0.2369
Update Time(s): 0.0045
Emb Update Time(s): 2.3773
#seeds: 6144
#inputs: 1930317
==========================================
Part 20, Epoch Time(s): 5.7228
Sampling Time(s): 0.3223
Loading Time(s): 2.2528
Forward Time(s): 0.5138
Backward Time(s): 0.2348
Update Time(s): 0.0049
Emb Update Time(s): 2.3783
#seeds: 6144
#inputs: 1945650
==========================================
Part 22, Epoch Time(s): 5.7153
Sampling Time(s): 0.3020
Loading Time(s): 2.0298
Forward Time(s): 0.7484
Backward Time(s): 0.2356
Update Time(s): 0.0052
Emb Update Time(s): 2.3787
#seeds: 6144
#inputs: 1931846
==========================================
Part 19, Epoch Time(s): 5.7248
Sampling Time(s): 0.2851
Loading Time(s): 1.9600
Forward Time(s): 0.8451
Backward Time(s): 0.2361
Update Time(s): 0.0047
Emb Update Time(s): 2.3778
#seeds: 6144
#inputs: 1936194
=====================







=====================
Part 24, Epoch Time(s): 5.7372
Sampling Time(s): 0.2882
Loading Time(s): 2.2829
Forward Time(s): 0.5471
Backward Time(s): 0.2325
Update Time(s): 0.0045
Emb Update Time(s): 2.3666
#seeds: 6144
#inputs: 1962351
==========================================
Part 29, Epoch Time(s): 5.7315
Sampling Time(s): 0.4694
Loading Time(s): 2.2018
Forward Time(s): 0.4267
Backward Time(s): 0.2352
Update Time(s): 0.0048
Emb Update Time(s): 2.3785
#seeds: 6144
#inputs: 1974825
=====================
=====================
Part 30, Epoch Time(s): 5.7399
Sampling Time(s): 0.2941
Loading Time(s): 2.0315
Forward Time(s): 0.7809
Backward Time(s): 0.2347
Update Time(s): 0.0104
Emb Update Time(s): 2.3728
#seeds: 6144
#inputs: 1975678
==========================================
Part 27, Epoch Time(s): 5.7182
Sampling Time(s): 0.3187
Loading Time(s): 2.2132
Forward Time(s): 0.5694
Backward Time(s): 0.2296
Update Time(s): 0.0052
Emb Update Time(s): 2.3667
#seeds: 6145
#inputs: 1971590
=====================
=====================
Part 28, Epoch Time(s): 5.7307
Sampling Time(s): 0.3138
Loading Time(s): 2.2590
Forward Time(s): 0.5249
Backward Time(s): 0.2353
Update Time(s): 0.0045
Emb Update Time(s): 2.3780
#seeds: 6144
#inputs: 1967118
=====================

=====================
Part 25, Epoch Time(s): 5.7334
Sampling Time(s): 0.2977
Loading Time(s): 2.1877
Forward Time(s): 0.6147
Backward Time(s): 0.2358
Update Time(s): 0.0045
Emb Update Time(s): 2.3777
#seeds: 6144
#inputs: 1959500
==========================================
Part 31, Epoch Time(s): 5.7272
Sampling Time(s): 0.2866
Loading Time(s): 2.2005
Forward Time(s): 0.6215
Backward Time(s): 0.2316
Update Time(s): 0.0046
Emb Update Time(s): 2.3671
#seeds: 6144
#inputs: 1957819
=====================


=====================
Part 26, Epoch Time(s): 5.7247
Sampling Time(s): 0.3226
Loading Time(s): 2.3748
Forward Time(s): 0.4125
Backward Time(s): 0.2287
Update Time(s): 0.0045
Emb Update Time(s): 2.3663
#seeds: 6144
#inputs: 1983459
=====================
=====================
Part 11, Epoch Time(s): 5.7291
Sampling Time(s): 0.2781
Loading Time(s): 2.0922
Forward Time(s): 0.7250
Backward Time(s): 0.2353
Update Time(s): 0.0044
Emb Update Time(s): 2.3787
#seeds: 6144
#inputs: 2039282
==========================================
Part 8, Epoch Time(s): 5.7412
Sampling Time(s): 0.3039
Loading Time(s): 2.1011
Forward Time(s): 0.7045
Backward Time(s): 0.2334
Update Time(s): 0.0045
Emb Update Time(s): 2.3783
#seeds: 6145
#inputs: 2036394
==========================================
Part 13, Epoch Time(s): 5.7278
Sampling Time(s): 0.3099
Loading Time(s): 2.2729
Forward Time(s): 0.5242
Backward Time(s): 0.2334
Update Time(s): 0.0044
Emb Update Time(s): 2.3676
#seeds: 6144
#inputs: 2046471
==========================================
Part 9, Epoch Time(s): 5.7401
Sampling Time(s): 0.3329
Loading Time(s): 2.2314
Forward Time(s): 0.5415
Backward Time(s): 0.2356
Update Time(s): 0.0046
Emb Update Time(s): 2.3784
#seeds: 6145
#inputs: 2030977
=====================

=====================
Part 15, Epoch Time(s): 5.7411
Sampling Time(s): 0.3418
Loading Time(s): 2.0893
Forward Time(s): 0.6755
Backward Time(s): 0.2344
Update Time(s): 0.0050
Emb Update Time(s): 2.3793
#seeds: 6144
#inputs: 2029949
=====================


=====================
Part 12, Epoch Time(s): 5.7429
Sampling Time(s): 0.2881
Loading Time(s): 2.4059
Forward Time(s): 0.4296
Backward Time(s): 0.2320
Update Time(s): 0.0046
Emb Update Time(s): 2.3672
#seeds: 6144
#inputs: 2038673
==========================================
Part 10, Epoch Time(s): 5.7417
Sampling Time(s): 0.3213
Loading Time(s): 2.4004
Forward Time(s): 0.3889
Backward Time(s): 0.2327
Update Time(s): 0.0047
Emb Update Time(s): 2.3779
#seeds: 6144
#inputs: 2042271
==========================================
Part 14, Epoch Time(s): 5.7172
Sampling Time(s): 0.2992
Loading Time(s): 2.3149
Forward Time(s): 0.4796
Backward Time(s): 0.2313
Update Time(s): 0.0118
Emb Update Time(s): 2.3649
#seeds: 6144
#inputs: 2036234
=====================


|V|=2449029, eval batch size: 100000
|V|=2449029, eval batch size: 100000
|V|=2449029, eval batch size: 100000
|V|=2449029, eval batch size: 100000
|V|=2449029, eval batch size: 100000
|V|=2449029, eval batch size: 100000
|V|=2449029, eval batch size: 100000
|V|=2449029, eval batch size: 100000
|V|=2449029, eval batch size: 100000
|V|=2449029, eval batch size: 100000
|V|=2449029, eval batch size: 100000
|V|=2449029, eval batch size: 100000
|V|=2449029, eval batch size: 100000
|V|=2449029, eval batch size: 100000
|V|=2449029, eval batch size: 100000
|V|=2449029, eval batch size: 100000
|V|=2449029, eval batch size: 100000
|V|=2449029, eval batch size: 100000
|V|=2449029, eval batch size: 100000
|V|=2449029, eval batch size: 100000
|V|=2449029, eval batch size: 100000
|V|=2449029, eval batch size: 100000
|V|=2449029, eval batch size: 100000
|V|=2449029, eval batch size: 100000
|V|=2449029, eval batch size: 100000
|V|=2449029, eval batch size: 100000
|V|=2449029, eval batch size: 100000
|V|=2449029, eval batch size: 100000
|V|=2449029, eval batch size: 100000
|V|=2449029, eval batch size: 100000
|V|=2449029, eval batch size: 100000
|V|=2449029, eval batch size: 100000
|V|=2449029, eval batch size: 100000
|V|=2449029, eval batch size: 100000
|V|=2449029, eval batch size: 100000
|V|=2449029, eval batch size: 100000
|V|=2449029, eval batch size: 100000
|V|=2449029, eval batch size: 100000
|V|=2449029, eval batch size: 100000
|V|=2449029, eval batch size: 100000
|V|=2449029, eval batch size: 100000
|V|=2449029, eval batch size: 100000
|V|=2449029, eval batch size: 100000
|V|=2449029, eval batch size: 100000
|V|=2449029, eval batch size: 100000
|V|=2449029, eval batch size: 100000
|V|=2449029, eval batch size: 100000
|V|=2449029, eval batch size: 100000
|V|=2449029, eval batch size: 100000
|V|=2449029, eval batch size: 100000
|V|=2449029, eval batch size: 100000
|V|=2449029, eval batch size: 100000
|V|=2449029, eval batch size: 100000
|V|=2449029, eval batch size: 100000
|V|=2449029, eval batch size: 100000
|V|=2449029, eval batch size: 100000
|V|=2449029, eval batch size: 100000
|V|=2449029, eval batch size: 100000
|V|=2449029, eval batch size: 100000
|V|=2449029, eval batch size: 100000
|V|=2449029, eval batch size: 100000
|V|=2449029, eval batch size: 100000
|V|=2449029, eval batch size: 100000
|V|=2449029, eval batch size: 100000
|V|=2449029, eval batch size: 100000
|V|=2449029, eval batch size: 100000
|V|=2449029, eval batch size: 100000
|V|=2449029, eval batch size: 100000
|V|=2449029, eval batch size: 100000
|V|=2449029, eval batch size: 100000
|V|=2449029, eval batch size: 100000
|V|=2449029, eval batch size: 100000
|V|=2449029, eval batch size: 100000
|V|=2449029, eval batch size: 100000|V|=2449029, eval batch size: 100000

|V|=2449029, eval batch size: 100000
|V|=2449029, eval batch size: 100000
|V|=2449029, eval batch size: 100000
|V|=2449029, eval batch size: 100000
|V|=2449029, eval batch size: 100000
|V|=2449029, eval batch size: 100000
|V|=2449029, eval batch size: 100000
|V|=2449029, eval batch size: 100000
|V|=2449029, eval batch size: 100000
|V|=2449029, eval batch size: 100000
|V|=2449029, eval batch size: 100000
|V|=2449029, eval batch size: 100000
|V|=2449029, eval batch size: 100000
|V|=2449029, eval batch size: 100000
|V|=2449029, eval batch size: 100000
|V|=2449029, eval batch size: 100000
|V|=2449029, eval batch size: 100000
|V|=2449029, eval batch size: 100000
|V|=2449029, eval batch size: 100000
|V|=2449029, eval batch size: 100000
|V|=2449029, eval batch size: 100000
Part 5, Val Acc 0.9219, Test Acc 0.7272, time: 7.1276
Part 4, Val Acc 0.9170, Test Acc 0.7268, time: 7.1301
Part 28, Val Acc 0.8902, Test Acc 0.6638, time: 7.1330
Part 3, Val Acc 0.9162, Test Acc 0.7259, time: 7.1377
Part 6, Val Acc 0.9121, Test Acc 0.7269, time: 7.1439
Part 30, Val Acc 0.9162, Test Acc 0.6649, time: 7.1439
Part 12, Val Acc 0.8625, Test Acc 0.6519, time: 7.1438
Part 19, Val Acc 0.8544, Test Acc 0.6015, time: 7.1443
Part 18, Val Acc 0.8469, Test Acc 0.6017, time: 7.1463
Part 1, Val Acc 0.9007, Test Acc 0.7271, time: 7.1476
Part 9, Val Acc 0.8771, Test Acc 0.6542, time: 7.1478
Part 20, Val Acc 0.8511, Test Acc 0.6013, time: 7.1487
Part 7, Val Acc 0.9056, Test Acc 0.7259, time: 7.1494
Part 2, Val Acc 0.9219, Test Acc 0.7249, time: 7.1499
Part 0, Val Acc 0.9210, Test Acc 0.7288, time: 7.1501
Part 11, Val Acc 0.8576, Test Acc 0.6529, time: 7.1508
Part 27, Val Acc 0.9072, Test Acc 0.6654, time: 7.1509
Part 29, Val Acc 0.8975, Test Acc 0.6657, time: 7.1523
Part 26, Val Acc 0.8958, Test Acc 0.6636, time: 7.1529
Part 15, Val Acc 0.8607, Test Acc 0.6521, time: 7.1534
Part 24, Val Acc 0.8893, Test Acc 0.6669, time: 7.1542
Part 14, Val Acc 0.8698, Test Acc 0.6477, time: 7.1547
Part 25, Val Acc 0.9015, Test Acc 0.6648, time: 7.1556
Part 8, Val Acc 0.8535, Test Acc 0.6536, time: 7.1566
Part 23, Val Acc 0.8478, Test Acc 0.6003, time: 7.1569
Part 31, Val Acc 0.9047, Test Acc 0.6649, time: 7.1586
Part 22, Val Acc 0.8454, Test Acc 0.6035, time: 7.1587
Part 21, Val Acc 0.8356, Test Acc 0.6031, time: 7.1604
Part 17, Val Acc 0.8527, Test Acc 0.6024, time: 7.1637
Part 10, Val Acc 0.8568, Test Acc 0.6518, time: 7.1638
Part 13, Val Acc 0.8430, Test Acc 0.6539, time: 7.1642
Part 16, Val Acc 0.8552, Test Acc 0.6036, time: 7.1658
All parts avg val acc 0.8809, test acc 0.6615
Part 0 | Epoch 00007 | Step 00000 | Loss 0.3509 | Train Acc 0.9190 | Speed (samples/sec) 1030.5017 | GPU 1817.3 MB | time 1.071 sPart 3 | Epoch 00007 | Step 00000 | Loss 0.4249 | Train Acc 0.9010 | Speed (samples/sec) 1027.0046 | GPU 1816.6 MB | time 1.100 s

Part 1 | Epoch 00007 | Step 00000 | Loss 0.3798 | Train Acc 0.9190 | Speed (samples/sec) 1027.5749 | GPU 1826.7 MB | time 1.090 s
Part 2 | Epoch 00007 | Step 00000 | Loss 0.3554 | Train Acc 0.9140 | Speed (samples/sec) 1027.3904 | GPU 1809.4 MB | time 1.087 s
Part 6 | Epoch 00007 | Step 00000 | Loss 0.3400 | Train Acc 0.9300 | Speed (samples/sec) 1028.0480 | GPU 1814.5 MB | time 1.093 sPart 4 | Epoch 00007 | Step 00000 | Loss 0.3366 | Train Acc 0.9190 | Speed (samples/sec) 1026.6168 | GPU 1810.9 MB | time 1.107 s

Part 5 | Epoch 00007 | Step 00000 | Loss 0.3910 | Train Acc 0.9090 | Speed (samples/sec) 1028.0444 | GPU 1816.8 MB | time 1.110 s
Part 7 | Epoch 00007 | Step 00000 | Loss 0.3571 | Train Acc 0.9070 | Speed (samples/sec) 1027.7381 | GPU 1809.9 MB | time 1.088 s
Part 26 | Epoch 00007 | Step 00000 | Loss 0.5123 | Train Acc 0.8860 | Speed (samples/sec) 1027.8472 | GPU 1931.2 MB | time 1.084 s
Part 28 | Epoch 00007 | Step 00000 | Loss 0.4838 | Train Acc 0.9110 | Speed (samples/sec) 1027.7589 | GPU 1933.8 MB | time 1.104 sPart 25 | Epoch 00007 | Step 00000 | Loss 0.4235 | Train Acc 0.9110 | Speed (samples/sec) 1028.1573 | GPU 1944.9 MB | time 1.082 s

Part 27 | Epoch 00007 | Step 00000 | Loss 0.5381 | Train Acc 0.8830 | Speed (samples/sec) 1028.7523 | GPU 1933.9 MB | time 1.086 s
Part 13 | Epoch 00007 | Step 00000 | Loss 0.6473 | Train Acc 0.8560 | Speed (samples/sec) 1029.3208 | GPU 2066.9 MB | time 1.073 sPart 14 | Epoch 00007 | Step 00000 | Loss 0.6466 | Train Acc 0.8540 | Speed (samples/sec) 1028.6548 | GPU 2077.1 MB | time 1.082 s

Part 11 | Epoch 00007 | Step 00000 | Loss 0.6827 | Train Acc 0.8540 | Speed (samples/sec) 1028.2661 | GPU 2070.9 MB | time 1.086 s
Part 10 | Epoch 00007 | Step 00000 | Loss 0.6465 | Train Acc 0.8460 | Speed (samples/sec) 1028.8295 | GPU 2075.6 MB | time 1.074 s
Part 17 | Epoch 00007 | Step 00000 | Loss 0.6096 | Train Acc 0.8530 | Speed (samples/sec) 1029.1336 | GPU 1853.6 MB | time 1.074 sPart 22 | Epoch 00007 | Step 00000 | Loss 0.7269 | Train Acc 0.8370 | Speed (samples/sec) 1029.0174 | GPU 1846.9 MB | time 1.079 s

Part 15 | Epoch 00007 | Step 00000 | Loss 0.5924 | Train Acc 0.8640 | Speed (samples/sec) 1028.1181 | GPU 2064.4 MB | time 1.084 s
Part 29 | Epoch 00007 | Step 00000 | Loss 0.5754 | Train Acc 0.8840 | Speed (samples/sec) 1028.2037 | GPU 1933.7 MB | time 1.085 s
Part 31 | Epoch 00007 | Step 00000 | Loss 0.5005 | Train Acc 0.8900 | Speed (samples/sec) 1028.1261 | GPU 1927.1 MB | time 1.079 s
Part 16 | Epoch 00007 | Step 00000 | Loss 0.7461 | Train Acc 0.8500 | Speed (samples/sec) 1029.2830 | GPU 1842.9 MB | time 1.072 s
Part 19 | Epoch 00007 | Step 00000 | Loss 0.6245 | Train Acc 0.8570 | Speed (samples/sec) 1027.2639 | GPU 1853.1 MB | time 1.093 s
Part 23 | Epoch 00007 | Step 00000 | Loss 0.6639 | Train Acc 0.8590 | Speed (samples/sec) 1029.5241 | GPU 1854.0 MB | time 1.080 s
Part 20 | Epoch 00007 | Step 00000 | Loss 0.7482 | Train Acc 0.8370 | Speed (samples/sec) 1028.9233 | GPU 1854.8 MB | time 1.089 sPart 21 | Epoch 00007 | Step 00000 | Loss 0.7842 | Train Acc 0.8340 | Speed (samples/sec) 1029.8058 | GPU 1849.1 MB | time 1.077 s

Part 8 | Epoch 00007 | Step 00000 | Loss 0.6020 | Train Acc 0.8700 | Speed (samples/sec) 1029.0007 | GPU 2091.5 MB | time 1.081 s
Part 24 | Epoch 00007 | Step 00000 | Loss 0.5351 | Train Acc 0.8930 | Speed (samples/sec) 1027.6982 | GPU 1940.0 MB | time 1.084 s
Part 18 | Epoch 00007 | Step 00000 | Loss 0.6556 | Train Acc 0.8540 | Speed (samples/sec) 1028.8122 | GPU 1848.7 MB | time 1.091 s
Part 12 | Epoch 00007 | Step 00000 | Loss 0.6084 | Train Acc 0.8710 | Speed (samples/sec) 1028.7603 | GPU 2075.5 MB | time 1.094 s
Part 30 | Epoch 00007 | Step 00000 | Loss 0.5790 | Train Acc 0.8820 | Speed (samples/sec) 1027.5219 | GPU 1929.4 MB | time 1.094 s
Part 9 | Epoch 00007 | Step 00000 | Loss 0.6383 | Train Acc 0.8520 | Speed (samples/sec) 1028.4625 | GPU 2074.6 MB | time 1.090 s
Avg train acc 0.8783
Avg train acc 0.8783Avg train acc 0.8783

Avg train acc 0.8783
Avg train acc 0.8783
Avg train acc 0.8783Avg train acc 0.8783

Avg train acc 0.8783
Avg train acc 0.8783
Avg train acc 0.8783
Avg train acc 0.8783Avg train acc 0.8783Avg train acc 0.8783


Avg train acc 0.8783Avg train acc 0.8783
Avg train acc 0.8783

Avg train acc 0.8783Avg train acc 0.8783
Avg train acc 0.8783

Avg train acc 0.8783Avg train acc 0.8783Avg train acc 0.8783Avg train acc 0.8783



Avg train acc 0.8783
Avg train acc 0.8783Avg train acc 0.8783Avg train acc 0.8783Avg train acc 0.8783Avg train acc 0.8783



Avg train acc 0.8783

Avg train acc 0.8783Avg train acc 0.8783

=====================
Part 0, Epoch Time(s): 5.7806
Sampling Time(s): 0.3005
Loading Time(s): 1.9355
Forward Time(s): 0.6360
Backward Time(s): 0.2265
Update Time(s): 0.0043
Emb Update Time(s): 2.6644
#seeds: 6144
#inputs: 1926720
==========================================
Part 1, Epoch Time(s): 5.7991
Sampling Time(s): 0.3003
Loading Time(s): 1.8143
Forward Time(s): 0.7756
Backward Time(s): 0.2263
Update Time(s): 0.0041
Emb Update Time(s): 2.6653
#seeds: 6144
#inputs: 1925412
==========================================
Part 3, Epoch Time(s): 5.8091
Sampling Time(s): 0.2779
Loading Time(s): 1.7566
Forward Time(s): 0.8661
Backward Time(s): 0.2259
Update Time(s): 0.0049
Emb Update Time(s): 2.6645
#seeds: 6144
#inputs: 1936162
=====================

=====================
Part 5, Epoch Time(s): 5.8188
Sampling Time(s): 0.3378
Loading Time(s): 1.8959
Forward Time(s): 0.6762
Backward Time(s): 0.2252
Update Time(s): 0.0050
Emb Update Time(s): 2.6653
#seeds: 6145
#inputs: 1931038
=====================

=====================
Part 6, Epoch Time(s): 5.8027
Sampling Time(s): 0.2958
Loading Time(s): 2.0978
Forward Time(s): 0.5000
Backward Time(s): 0.2251
Update Time(s): 0.0049
Emb Update Time(s): 2.6658
#seeds: 6145
#inputs: 1915474
==========================================
Part 4, Epoch Time(s): 5.8167
Sampling Time(s): 0.2895
Loading Time(s): 2.0352
Forward Time(s): 0.5831
Backward Time(s): 0.2256
Update Time(s): 0.0046
Emb Update Time(s): 2.6652
#seeds: 6144
#inputs: 1936745
==========================================
Part 7, Epoch Time(s): 5.7973
Sampling Time(s): 0.3484
Loading Time(s): 2.1854
Forward Time(s): 0.3686
Backward Time(s): 0.2200
Update Time(s): 0.0048
Emb Update Time(s): 2.6562
#seeds: 6144
#inputs: 1929834
=====================


=====================
Part 2, Epoch Time(s): 5.7963
Sampling Time(s): 0.3110
Loading Time(s): 2.0286
Forward Time(s): 0.5471
Backward Time(s): 0.2261
Update Time(s): 0.0057
Emb Update Time(s): 2.6642
#seeds: 6144
#inputs: 1934904
=====================
=====================
Part 17, Epoch Time(s): 5.7829
Sampling Time(s): 0.2963
Loading Time(s): 1.9722
Forward Time(s): 0.6051
Backward Time(s): 0.2251
Update Time(s): 0.0082
Emb Update Time(s): 2.6625
#seeds: 6144
#inputs: 1931794
==========================================
Part 18, Epoch Time(s): 5.8014
Sampling Time(s): 0.2912
Loading Time(s): 1.8361
Forward Time(s): 0.7643
Backward Time(s): 0.2245
Update Time(s): 0.0058
Emb Update Time(s): 2.6652
#seeds: 6144
#inputs: 1914218
==========================================
Part 19, Epoch Time(s): 5.8024
Sampling Time(s): 0.2723
Loading Time(s): 2.1036
Forward Time(s): 0.5462
Backward Time(s): 0.2181
Update Time(s): 0.0046
Emb Update Time(s): 2.6441
#seeds: 6144
#inputs: 1933662
==========================================
Part 23, Epoch Time(s): 5.7895
Sampling Time(s): 0.3472
Loading Time(s): 1.9698
Forward Time(s): 0.5636
Backward Time(s): 0.2237
Update Time(s): 0.0045
Emb Update Time(s): 2.6675
#seeds: 6145
#inputs: 1931406
=====================



=====================
Part 20, Epoch Time(s): 5.7979
Sampling Time(s): 0.3289
Loading Time(s): 2.0714
Forward Time(s): 0.4884
Backward Time(s): 0.2243
Update Time(s): 0.0050
Emb Update Time(s): 2.6664
#seeds: 6144
#inputs: 1940857
==========================================
Part 21, Epoch Time(s): 5.7863
Sampling Time(s): 0.3844
Loading Time(s): 2.1592
Forward Time(s): 0.3484
Backward Time(s): 0.2189
Update Time(s): 0.0062
Emb Update Time(s): 2.6558
#seeds: 6145
#inputs: 1939224
=====================
=====================
Part 22, Epoch Time(s): 5.7877
Sampling Time(s): 0.2972
Loading Time(s): 2.0083
Forward Time(s): 0.5730
Backward Time(s): 0.2238
Update Time(s): 0.0049
Emb Update Time(s): 2.6672
#seeds: 6144
#inputs: 1923470
==========================================
Part 16, Epoch Time(s): 5.7809
Sampling Time(s): 0.3252
Loading Time(s): 2.1262
Forward Time(s): 0.4187
Backward Time(s): 0.2252
Update Time(s): 0.0046
Emb Update Time(s): 2.6662
#seeds: 6144
#inputs: 1935643
=====================


=====================
Part 24, Epoch Time(s): 5.7926
Sampling Time(s): 0.2829
Loading Time(s): 2.1220
Forward Time(s): 0.4837
Backward Time(s): 0.2191
Update Time(s): 0.0042
Emb Update Time(s): 2.6674
#seeds: 6144
#inputs: 1960577
==========================================
Part 28, Epoch Time(s): 5.8136
Sampling Time(s): 0.3226
Loading Time(s): 2.1749
Forward Time(s): 0.4070
Backward Time(s): 0.2238
Update Time(s): 0.0046
Emb Update Time(s): 2.6674
#seeds: 6144
#inputs: 1965026
=====================
=====================
Part 26, Epoch Time(s): 5.7937
Sampling Time(s): 0.2787
Loading Time(s): 2.3112
Forward Time(s): 0.3046
Backward Time(s): 0.2197
Update Time(s): 0.0044
Emb Update Time(s): 2.6615
#seeds: 6144
#inputs: 1977944
==========================================
Part 31, Epoch Time(s): 5.7878
Sampling Time(s): 0.2971
Loading Time(s): 2.1889
Forward Time(s): 0.4071
Backward Time(s): 0.2206
Update Time(s): 0.0043
Emb Update Time(s): 2.6563
#seeds: 6144
#inputs: 1963387
==========================================
Part 27, Epoch Time(s): 5.7950
Sampling Time(s): 0.2932
Loading Time(s): 2.1727
Forward Time(s): 0.4201
Backward Time(s): 0.2239
Update Time(s): 0.0051
Emb Update Time(s): 2.6664
#seeds: 6145
#inputs: 1973763
==========================================
Part 25, Epoch Time(s): 5.7911
Sampling Time(s): 0.3091
Loading Time(s): 2.2283
Forward Time(s): 0.3446
Backward Time(s): 0.2244
Update Time(s): 0.0048
Emb Update Time(s): 2.6664
#seeds: 6144
#inputs: 1964176
=====================




=====================
Part 29, Epoch Time(s): 5.7946
Sampling Time(s): 0.3266
Loading Time(s): 2.0857
Forward Time(s): 0.4726
Backward Time(s): 0.2236
Update Time(s): 0.0048
Emb Update Time(s): 2.6678
#seeds: 6144
#inputs: 1972945
=====================
=====================
Part 30, Epoch Time(s): 5.8028
Sampling Time(s): 0.3374
Loading Time(s): 2.1978
Forward Time(s): 0.3673
Backward Time(s): 0.2214
Update Time(s): 0.0054
Emb Update Time(s): 2.6600
#seeds: 6144
#inputs: 1975978
=====================
=====================
Part 8, Epoch Time(s): 5.7898
Sampling Time(s): 0.3165
Loading Time(s): 2.1455
Forward Time(s): 0.4183
Backward Time(s): 0.2246
Update Time(s): 0.0047
Emb Update Time(s): 2.6667
#seeds: 6145
#inputs: 2038377
==========================================
Part 13, Epoch Time(s): 5.7825
Sampling Time(s): 0.2875
Loading Time(s): 2.1770
Forward Time(s): 0.4162
Backward Time(s): 0.2218
Update Time(s): 0.0048
Emb Update Time(s): 2.6619
#seeds: 6144
#inputs: 2047062
==========================================
Part 9, Epoch Time(s): 5.7984
Sampling Time(s): 0.3179
Loading Time(s): 2.0906
Forward Time(s): 0.4801
Backward Time(s): 0.2245
Update Time(s): 0.0047
Emb Update Time(s): 2.6677
#seeds: 6145
#inputs: 2035137
=====================


=====================
Part 10, Epoch Time(s): 5.7828
Sampling Time(s): 0.3124
Loading Time(s): 2.3180
Forward Time(s): 0.2541
Backward Time(s): 0.2221
Update Time(s): 0.0047
Emb Update Time(s): 2.6580
#seeds: 6144
#inputs: 2046851
==========================================
Part 12, Epoch Time(s): 5.8029
Sampling Time(s): 0.3140
Loading Time(s): 2.3415
Forward Time(s): 0.2641
Backward Time(s): 0.2182
Update Time(s): 0.0052
Emb Update Time(s): 2.6467
#seeds: 6144
#inputs: 2041333
==========================================
Part 11, Epoch Time(s): 5.7957
Sampling Time(s): 0.2948
Loading Time(s): 2.1493
Forward Time(s): 0.4435
Backward Time(s): 0.2232
Update Time(s): 0.0044
Emb Update Time(s): 2.6673
#seeds: 6144
#inputs: 2044398
==========================================
Part 15, Epoch Time(s): 5.7934
Sampling Time(s): 0.3024
Loading Time(s): 2.1064
Forward Time(s): 0.4754
Backward Time(s): 0.2230
Update Time(s): 0.0046
Emb Update Time(s): 2.6684
#seeds: 6144
#inputs: 2028264
=====================
=====================
Part 14, Epoch Time(s): 5.7918
Sampling Time(s): 0.2848
Loading Time(s): 2.3178
Forward Time(s): 0.2909
Backward Time(s): 0.2218
Update Time(s): 0.0050
Emb Update Time(s): 2.6581
#seeds: 6144
#inputs: 2033505
=====================



|V|=2449029, eval batch size: 100000
|V|=2449029, eval batch size: 100000
|V|=2449029, eval batch size: 100000
|V|=2449029, eval batch size: 100000
|V|=2449029, eval batch size: 100000
|V|=2449029, eval batch size: 100000
|V|=2449029, eval batch size: 100000
|V|=2449029, eval batch size: 100000
|V|=2449029, eval batch size: 100000
|V|=2449029, eval batch size: 100000
|V|=2449029, eval batch size: 100000
|V|=2449029, eval batch size: 100000
|V|=2449029, eval batch size: 100000
|V|=2449029, eval batch size: 100000
|V|=2449029, eval batch size: 100000
|V|=2449029, eval batch size: 100000
|V|=2449029, eval batch size: 100000
|V|=2449029, eval batch size: 100000
|V|=2449029, eval batch size: 100000
|V|=2449029, eval batch size: 100000
|V|=2449029, eval batch size: 100000
|V|=2449029, eval batch size: 100000
|V|=2449029, eval batch size: 100000
|V|=2449029, eval batch size: 100000
|V|=2449029, eval batch size: 100000
|V|=2449029, eval batch size: 100000
|V|=2449029, eval batch size: 100000
|V|=2449029, eval batch size: 100000
|V|=2449029, eval batch size: 100000
|V|=2449029, eval batch size: 100000
|V|=2449029, eval batch size: 100000
|V|=2449029, eval batch size: 100000
|V|=2449029, eval batch size: 100000
|V|=2449029, eval batch size: 100000
|V|=2449029, eval batch size: 100000
|V|=2449029, eval batch size: 100000|V|=2449029, eval batch size: 100000

|V|=2449029, eval batch size: 100000
|V|=2449029, eval batch size: 100000
|V|=2449029, eval batch size: 100000
|V|=2449029, eval batch size: 100000
|V|=2449029, eval batch size: 100000
|V|=2449029, eval batch size: 100000
|V|=2449029, eval batch size: 100000
|V|=2449029, eval batch size: 100000
|V|=2449029, eval batch size: 100000
|V|=2449029, eval batch size: 100000
|V|=2449029, eval batch size: 100000
|V|=2449029, eval batch size: 100000
|V|=2449029, eval batch size: 100000
|V|=2449029, eval batch size: 100000
|V|=2449029, eval batch size: 100000
|V|=2449029, eval batch size: 100000
|V|=2449029, eval batch size: 100000
|V|=2449029, eval batch size: 100000
|V|=2449029, eval batch size: 100000
|V|=2449029, eval batch size: 100000
|V|=2449029, eval batch size: 100000
|V|=2449029, eval batch size: 100000
|V|=2449029, eval batch size: 100000
|V|=2449029, eval batch size: 100000
|V|=2449029, eval batch size: 100000
|V|=2449029, eval batch size: 100000
|V|=2449029, eval batch size: 100000
|V|=2449029, eval batch size: 100000
|V|=2449029, eval batch size: 100000
|V|=2449029, eval batch size: 100000
|V|=2449029, eval batch size: 100000
|V|=2449029, eval batch size: 100000
|V|=2449029, eval batch size: 100000
|V|=2449029, eval batch size: 100000
|V|=2449029, eval batch size: 100000
|V|=2449029, eval batch size: 100000
|V|=2449029, eval batch size: 100000
|V|=2449029, eval batch size: 100000
|V|=2449029, eval batch size: 100000
|V|=2449029, eval batch size: 100000
|V|=2449029, eval batch size: 100000
|V|=2449029, eval batch size: 100000
|V|=2449029, eval batch size: 100000
|V|=2449029, eval batch size: 100000
|V|=2449029, eval batch size: 100000
|V|=2449029, eval batch size: 100000
|V|=2449029, eval batch size: 100000
|V|=2449029, eval batch size: 100000
|V|=2449029, eval batch size: 100000
|V|=2449029, eval batch size: 100000
|V|=2449029, eval batch size: 100000
|V|=2449029, eval batch size: 100000
|V|=2449029, eval batch size: 100000
|V|=2449029, eval batch size: 100000
|V|=2449029, eval batch size: 100000
|V|=2449029, eval batch size: 100000
|V|=2449029, eval batch size: 100000
|V|=2449029, eval batch size: 100000
|V|=2449029, eval batch size: 100000
Part 8, Val Acc 0.8657, Test Acc 0.6696, time: 7.0675
Part 4, Val Acc 0.9284, Test Acc 0.7489, time: 7.0724
Part 13, Val Acc 0.8511, Test Acc 0.6709, time: 7.0746
Part 9, Val Acc 0.8845, Test Acc 0.6711, time: 7.0780
Part 26, Val Acc 0.8998, Test Acc 0.6765, time: 7.0802
Part 3, Val Acc 0.9292, Test Acc 0.7478, time: 7.0831
Part 22, Val Acc 0.8592, Test Acc 0.6319, time: 7.0833
Part 7, Val Acc 0.9203, Test Acc 0.7460, time: 7.0850
Part 6, Val Acc 0.9268, Test Acc 0.7487, time: 7.0862
Part 1, Val Acc 0.9186, Test Acc 0.7495, time: 7.0863
Part 2, Val Acc 0.9276, Test Acc 0.7450, time: 7.0868
Part 0, Val Acc 0.9340, Test Acc 0.7512, time: 7.0870
Part 16, Val Acc 0.8641, Test Acc 0.6313, time: 7.0881
Part 5, Val Acc 0.9373, Test Acc 0.7495, time: 7.0885
Part 30, Val Acc 0.9186, Test Acc 0.6776, time: 7.0887
Part 28, Val Acc 0.8950, Test Acc 0.6766, time: 7.0897
Part 12, Val Acc 0.8706, Test Acc 0.6692, time: 7.0900
Part 20, Val Acc 0.8698, Test Acc 0.6284, time: 7.0908
Part 19, Val Acc 0.8690, Test Acc 0.6291, time: 7.0912
Part 31, Val Acc 0.9104, Test Acc 0.6783, time: 7.0915
Part 21, Val Acc 0.8535, Test Acc 0.6306, time: 7.0916
Part 25, Val Acc 0.9072, Test Acc 0.6775, time: 7.0941
Part 29, Val Acc 0.9040, Test Acc 0.6785, time: 7.0941
Part 18, Val Acc 0.8624, Test Acc 0.6293, time: 7.0969
Part 27, Val Acc 0.9154, Test Acc 0.6783, time: 7.0979
Part 24, Val Acc 0.8959, Test Acc 0.6803, time: 7.0987
Part 23, Val Acc 0.8666, Test Acc 0.6271, time: 7.0995
Part 17, Val Acc 0.8657, Test Acc 0.6288, time: 7.1009
Part 14, Val Acc 0.8828, Test Acc 0.6636, time: 7.1065
Part 11, Val Acc 0.8666, Test Acc 0.6686, time: 7.1076
Part 15, Val Acc 0.8746, Test Acc 0.6679, time: 7.1086
Part 10, Val Acc 0.8633, Test Acc 0.6685, time: 7.1102
All parts avg val acc 0.8918, test acc 0.6811
Part 1 | Epoch 00008 | Step 00000 | Loss 0.3243 | Train Acc 0.9300 | Speed (samples/sec) 1026.6294 | GPU 1826.7 MB | time 1.068 sPart 0 | Epoch 00008 | Step 00000 | Loss 0.2422 | Train Acc 0.9360 | Speed (samples/sec) 1029.5889 | GPU 1817.3 MB | time 1.043 s

Part 5 | Epoch 00008 | Step 00000 | Loss 0.3045 | Train Acc 0.9300 | Speed (samples/sec) 1027.1340 | GPU 1817.4 MB | time 1.065 s
Part 3 | Epoch 00008 | Step 00000 | Loss 0.2749 | Train Acc 0.9370 | Speed (samples/sec) 1026.0820 | GPU 1819.3 MB | time 1.071 sPart 6 | Epoch 00008 | Step 00000 | Loss 0.3190 | Train Acc 0.9240 | Speed (samples/sec) 1027.0868 | GPU 1814.5 MB | time 1.068 sPart 7 | Epoch 00008 | Step 00000 | Loss 0.2738 | Train Acc 0.9310 | Speed (samples/sec) 1026.7698 | GPU 1809.9 MB | time 1.069 s


Part 4 | Epoch 00008 | Step 00000 | Loss 0.3528 | Train Acc 0.9220 | Speed (samples/sec) 1025.5749 | GPU 1813.4 MB | time 1.082 s
Part 19 | Epoch 00008 | Step 00000 | Loss 0.5617 | Train Acc 0.8620 | Speed (samples/sec) 1026.4446 | GPU 1853.1 MB | time 1.063 s
Part 17 | Epoch 00008 | Step 00000 | Loss 0.5879 | Train Acc 0.8770 | Speed (samples/sec) 1028.2404 | GPU 1854.0 MB | time 1.053 s
Part 23 | Epoch 00008 | Step 00000 | Loss 0.5565 | Train Acc 0.8670 | Speed (samples/sec) 1028.5919 | GPU 1854.0 MB | time 1.054 s
Part 22 | Epoch 00008 | Step 00000 | Loss 0.6490 | Train Acc 0.8510 | Speed (samples/sec) 1027.8440 | GPU 1846.9 MB | time 1.071 sPart 20 | Epoch 00008 | Step 00000 | Loss 0.5342 | Train Acc 0.8720 | Speed (samples/sec) 1027.8906 | GPU 1858.4 MB | time 1.063 s

Part 18 | Epoch 00008 | Step 00000 | Loss 0.6034 | Train Acc 0.8570 | Speed (samples/sec) 1027.8866 | GPU 1848.7 MB | time 1.057 s
Part 25 | Epoch 00008 | Step 00000 | Loss 0.3382 | Train Acc 0.9330 | Speed (samples/sec) 1027.2649 | GPU 1944.9 MB | time 1.060 s
Part 26 | Epoch 00008 | Step 00000 | Loss 0.3901 | Train Acc 0.9080 | Speed (samples/sec) 1026.7692 | GPU 1931.2 MB | time 1.074 s
Part 31 | Epoch 00008 | Step 00000 | Loss 0.3228 | Train Acc 0.9290 | Speed (samples/sec) 1027.1951 | GPU 1928.9 MB | time 1.063 s
Part 28 | Epoch 00008 | Step 00000 | Loss 0.3444 | Train Acc 0.9200 | Speed (samples/sec) 1026.8439 | GPU 1933.8 MB | time 1.064 s
Part 11 | Epoch 00008 | Step 00000 | Loss 0.4660 | Train Acc 0.8950 | Speed (samples/sec) 1027.5871 | GPU 2070.9 MB | time 1.046 s
Part 15 | Epoch 00008 | Step 00000 | Loss 0.5371 | Train Acc 0.8670 | Speed (samples/sec) 1027.4755 | GPU 2064.4 MB | time 1.045 s
Part 2 | Epoch 00008 | Step 00000 | Loss 0.3344 | Train Acc 0.9250 | Speed (samples/sec) 1026.4870 | GPU 1809.4 MB | time 1.067 s
Part 21 | Epoch 00008 | Step 00000 | Loss 0.5546 | Train Acc 0.8690 | Speed (samples/sec) 1028.7033 | GPU 1849.1 MB | time 1.062 sPart 16 | Epoch 00008 | Step 00000 | Loss 0.6353 | Train Acc 0.8540 | Speed (samples/sec) 1028.2245 | GPU 1843.2 MB | time 1.064 s

Part 10 | Epoch 00008 | Step 00000 | Loss 0.5214 | Train Acc 0.8790 | Speed (samples/sec) 1028.1270 | GPU 2075.6 MB | time 1.044 s
Part 8 | Epoch 00008 | Step 00000 | Loss 0.5129 | Train Acc 0.8760 | Speed (samples/sec) 1027.6169 | GPU 2091.5 MB | time 1.087 s
Part 14 | Epoch 00008 | Step 00000 | Loss 0.5208 | Train Acc 0.8840 | Speed (samples/sec) 1027.9076 | GPU 2077.1 MB | time 1.047 s
Part 13 | Epoch 00008 | Step 00000 | Loss 0.4534 | Train Acc 0.8900 | Speed (samples/sec) 1027.9606 | GPU 2066.9 MB | time 1.080 s
Part 24 | Epoch 00008 | Step 00000 | Loss 0.3318 | Train Acc 0.9220 | Speed (samples/sec) 1026.9418 | GPU 1940.0 MB | time 1.055 sPart 29 | Epoch 00008 | Step 00000 | Loss 0.3243 | Train Acc 0.9180 | Speed (samples/sec) 1027.3020 | GPU 1933.7 MB | time 1.060 s

Part 30 | Epoch 00008 | Step 00000 | Loss 0.3980 | Train Acc 0.9100 | Speed (samples/sec) 1026.6322 | GPU 1929.4 MB | time 1.065 s
Part 27 | Epoch 00008 | Step 00000 | Loss 0.4222 | Train Acc 0.9180 | Speed (samples/sec) 1027.8987 | GPU 1933.9 MB | time 1.056 s
Part 9 | Epoch 00008 | Step 00000 | Loss 0.5214 | Train Acc 0.8790 | Speed (samples/sec) 1027.3104 | GPU 2076.6 MB | time 1.076 s
Part 12 | Epoch 00008 | Step 00000 | Loss 0.5322 | Train Acc 0.8810 | Speed (samples/sec) 1027.7306 | GPU 2075.5 MB | time 1.064 s
Avg train acc 0.8985Avg train acc 0.8985Avg train acc 0.8985
Avg train acc 0.8985Avg train acc 0.8985Avg train acc 0.8985


Avg train acc 0.8985
Avg train acc 0.8985


Avg train acc 0.8985Avg train acc 0.8985
Avg train acc 0.8985
Avg train acc 0.8985
Avg train acc 0.8985Avg train acc 0.8985


Avg train acc 0.8985Avg train acc 0.8985

Avg train acc 0.8985Avg train acc 0.8985
Avg train acc 0.8985
Avg train acc 0.8985Avg train acc 0.8985Avg train acc 0.8985
Avg train acc 0.8985
Avg train acc 0.8985



Avg train acc 0.8985Avg train acc 0.8985
Avg train acc 0.8985
Avg train acc 0.8985
Avg train acc 0.8985
Avg train acc 0.8985
Avg train acc 0.8985
Avg train acc 0.8985

=====================
Part 4, Epoch Time(s): 5.6130
Sampling Time(s): 0.2959
Loading Time(s): 2.0278
Forward Time(s): 0.7050
Backward Time(s): 0.2247
Update Time(s): 0.0044
Emb Update Time(s): 2.3407
#seeds: 6144
#inputs: 1934657
==========================================
Part 0, Epoch Time(s): 5.5745
Sampling Time(s): 0.2799
Loading Time(s): 1.9579
Forward Time(s): 0.7526
Backward Time(s): 0.2258
Update Time(s): 0.0041
Emb Update Time(s): 2.3396
#seeds: 6144
#inputs: 1918499
==========================================
Part 6, Epoch Time(s): 5.5991
Sampling Time(s): 0.2999
Loading Time(s): 2.0136
Forward Time(s): 0.7014
Backward Time(s): 0.2246
Update Time(s): 0.0045
Emb Update Time(s): 2.3406
#seeds: 6145
#inputs: 1918318
==========================================
Part 3, Epoch Time(s): 5.6021
Sampling Time(s): 0.2960
Loading Time(s): 1.9328
Forward Time(s): 0.7886
Backward Time(s): 0.2248
Update Time(s): 0.0046
Emb Update Time(s): 2.3405
#seeds: 6144
#inputs: 1930937
==========================================
Part 1, Epoch Time(s): 5.5990
Sampling Time(s): 0.3062
Loading Time(s): 1.8019
Forward Time(s): 0.9067
Backward Time(s): 0.2257
Update Time(s): 0.0046
Emb Update Time(s): 2.3392
#seeds: 6144
#inputs: 1918123
==========================================
Part 5, Epoch Time(s): 5.5960
Sampling Time(s): 0.3253
Loading Time(s): 2.0485
Forward Time(s): 0.6375
Backward Time(s): 0.2247
Update Time(s): 0.0050
Emb Update Time(s): 2.3405
#seeds: 6145
#inputs: 1937321
=====================





=====================
Part 7, Epoch Time(s): 5.6001
Sampling Time(s): 0.3508
Loading Time(s): 2.1023
Forward Time(s): 0.5627
Backward Time(s): 0.2246
Update Time(s): 0.0047
Emb Update Time(s): 2.3405
#seeds: 6144
#inputs: 1933207
=====================
=====================
Part 2, Epoch Time(s): 5.5985
Sampling Time(s): 0.3040
Loading Time(s): 2.0572
Forward Time(s): 0.6537
Backward Time(s): 0.2245
Update Time(s): 0.0045
Emb Update Time(s): 2.3400
#seeds: 6144
#inputs: 1939088
=====================
=====================
Part 29, Epoch Time(s): 5.5910
Sampling Time(s): 0.3252
Loading Time(s): 2.0014
Forward Time(s): 0.6797
Backward Time(s): 0.2236
Update Time(s): 0.0058
Emb Update Time(s): 2.3410
#seeds: 6144
#inputs: 1971919
==========================================
Part 30, Epoch Time(s): 5.5964
Sampling Time(s): 0.2672
Loading Time(s): 2.0417
Forward Time(s): 0.7030
Backward Time(s): 0.2230
Update Time(s): 0.0057
Emb Update Time(s): 2.3416
#seeds: 6144
#inputs: 1974011
==========================================
Part 31, Epoch Time(s): 5.5939
Sampling Time(s): 0.2807
Loading Time(s): 2.3202
Forward Time(s): 0.4248
Backward Time(s): 0.2183
Update Time(s): 0.0045
Emb Update Time(s): 2.3312
#seeds: 6144
#inputs: 1959244
==========================================
Part 27, Epoch Time(s): 5.5869
Sampling Time(s): 0.3248
Loading Time(s): 2.1705
Forward Time(s): 0.5069
Backward Time(s): 0.2237
Update Time(s): 0.0054
Emb Update Time(s): 2.3411
#seeds: 6145
#inputs: 1972908
==========================================
Part 26, Epoch Time(s): 5.6051
Sampling Time(s): 0.2920
Loading Time(s): 2.2446
Forward Time(s): 0.4937
Backward Time(s): 0.2225
Update Time(s): 0.0044
Emb Update Time(s): 2.3338
#seeds: 6144
#inputs: 1979285
=====================
=====================
Part 25, Epoch Time(s): 5.5910
Sampling Time(s): 0.3139
Loading Time(s): 2.3333
Forward Time(s): 0.3745
Backward Time(s): 0.2204
Update Time(s): 0.0047
Emb Update Time(s): 2.3297
#seeds: 6144
#inputs: 1962666
=====================



=====================
Part 28, Epoch Time(s): 5.5956
Sampling Time(s): 0.2858
Loading Time(s): 2.1850
Forward Time(s): 0.5404
Backward Time(s): 0.2236
Update Time(s): 0.0048
Emb Update Time(s): 2.3419
#seeds: 6144
#inputs: 1960480
=====================

=====================
Part 24, Epoch Time(s): 5.5866
Sampling Time(s): 0.2953
Loading Time(s): 2.2424
Forward Time(s): 0.4790
Backward Time(s): 0.2211
Update Time(s): 0.0045
Emb Update Time(s): 2.3300
#seeds: 6144
#inputs: 1958412
=====================
=====================
Part 8, Epoch Time(s): 5.6177
Sampling Time(s): 0.3253
Loading Time(s): 2.2128
Forward Time(s): 0.4945
Backward Time(s): 0.2240
Update Time(s): 0.0058
Emb Update Time(s): 2.3407
#seeds: 6145
#inputs: 2034899
=====================
=====================
Part 15, Epoch Time(s): 5.5766
Sampling Time(s): 0.2782
Loading Time(s): 1.9046
Forward Time(s): 0.8091
Backward Time(s): 0.2230
Update Time(s): 0.0051
Emb Update Time(s): 2.3421
#seeds: 6144
#inputs: 2019021
==========================================
Part 13, Epoch Time(s): 5.6107
Sampling Time(s): 0.2770
Loading Time(s): 2.3599
Forward Time(s): 0.3893
Backward Time(s): 0.2231
Update Time(s): 0.0043
Emb Update Time(s): 2.3427
#seeds: 6144
#inputs: 2052207
==========================================
Part 9, Epoch Time(s): 5.6072
Sampling Time(s): 0.3027
Loading Time(s): 2.1424
Forward Time(s): 0.5775
Backward Time(s): 0.2239
Update Time(s): 0.0109
Emb Update Time(s): 2.3352
#seeds: 6145
#inputs: 2030008
==========================================
Part 12, Epoch Time(s): 5.5950
Sampling Time(s): 0.2983
Loading Time(s): 2.3312
Forward Time(s): 0.3806
Backward Time(s): 0.2232
Update Time(s): 0.0059
Emb Update Time(s): 2.3412
#seeds: 6144
#inputs: 2044239
=====================
=====================
Part 10, Epoch Time(s): 5.5749
Sampling Time(s): 0.3126
Loading Time(s): 2.3163
Forward Time(s): 0.3643
Backward Time(s): 0.2216
Update Time(s): 0.0045
Emb Update Time(s): 2.3410
#seeds: 6144
#inputs: 2042218
=====================

=====================
Part 11, Epoch Time(s): 5.5775
Sampling Time(s): 0.3085
Loading Time(s): 2.1681
Forward Time(s): 0.5269
Backward Time(s): 0.2220
Update Time(s): 0.0042
Emb Update Time(s): 2.3333
#seeds: 6144
#inputs: 2040059
=====================


=====================
Part 14, Epoch Time(s): 5.5785
Sampling Time(s): 0.3055
Loading Time(s): 2.2948
Forward Time(s): 0.3932
Backward Time(s): 0.2230
Update Time(s): 0.0043
Emb Update Time(s): 2.3431
#seeds: 6144
#inputs: 2027927
=====================
=====================
Part 17, Epoch Time(s): 5.5840
Sampling Time(s): 0.3786
Loading Time(s): 2.0191
Forward Time(s): 0.6176
Backward Time(s): 0.2204
Update Time(s): 0.0047
Emb Update Time(s): 2.3290
#seeds: 6144
#inputs: 1928243
==========================================
Part 23, Epoch Time(s): 5.5856
Sampling Time(s): 0.3167
Loading Time(s): 1.9090
Forward Time(s): 0.7754
Backward Time(s): 0.2235
Update Time(s): 0.0043
Emb Update Time(s): 2.3422
#seeds: 6145
#inputs: 1936242
=====================
=====================
Part 18, Epoch Time(s): 5.5883
Sampling Time(s): 0.3119
Loading Time(s): 1.9211
Forward Time(s): 0.7712
Backward Time(s): 0.2249
Update Time(s): 0.0056
Emb Update Time(s): 2.3401
#seeds: 6144
#inputs: 1918646
==========================================
Part 20, Epoch Time(s): 5.5941
Sampling Time(s): 0.3290
Loading Time(s): 2.1528
Forward Time(s): 0.5402
Backward Time(s): 0.2228
Update Time(s): 0.0051
Emb Update Time(s): 2.3295
#seeds: 6144
#inputs: 1946122
==========================================
Part 16, Epoch Time(s): 5.5957
Sampling Time(s): 0.3251
Loading Time(s): 2.1514
Forward Time(s): 0.5329
Backward Time(s): 0.2254
Update Time(s): 0.0053
Emb Update Time(s): 2.3395
#seeds: 6144
#inputs: 1930240
=====================
=====================
Part 21, Epoch Time(s): 5.5938
Sampling Time(s): 0.3288
Loading Time(s): 2.2241
Forward Time(s): 0.4558
Backward Time(s): 0.2242
Update Time(s): 0.0046
Emb Update Time(s): 2.3413
#seeds: 6145
#inputs: 1940275
=====================

=====================
Part 19, Epoch Time(s): 5.5942
Sampling Time(s): 0.3178
Loading Time(s): 2.0941
Forward Time(s): 0.6131
Backward Time(s): 0.2200
Update Time(s): 0.0040
Emb Update Time(s): 2.3305
#seeds: 6144
#inputs: 1939089
=====================


=====================
Part 22, Epoch Time(s): 5.6018
Sampling Time(s): 0.3053
Loading Time(s): 2.1621
Forward Time(s): 0.5495
Backward Time(s): 0.2238
Update Time(s): 0.0048
Emb Update Time(s): 2.3413
#seeds: 6144
#inputs: 1923876
=====================
|V|=2449029, eval batch size: 100000
|V|=2449029, eval batch size: 100000
|V|=2449029, eval batch size: 100000
|V|=2449029, eval batch size: 100000
|V|=2449029, eval batch size: 100000
|V|=2449029, eval batch size: 100000
|V|=2449029, eval batch size: 100000
|V|=2449029, eval batch size: 100000
|V|=2449029, eval batch size: 100000
|V|=2449029, eval batch size: 100000
|V|=2449029, eval batch size: 100000
|V|=2449029, eval batch size: 100000
|V|=2449029, eval batch size: 100000
|V|=2449029, eval batch size: 100000
|V|=2449029, eval batch size: 100000
|V|=2449029, eval batch size: 100000
|V|=2449029, eval batch size: 100000
|V|=2449029, eval batch size: 100000
|V|=2449029, eval batch size: 100000
|V|=2449029, eval batch size: 100000
|V|=2449029, eval batch size: 100000
|V|=2449029, eval batch size: 100000
|V|=2449029, eval batch size: 100000
|V|=2449029, eval batch size: 100000
|V|=2449029, eval batch size: 100000
|V|=2449029, eval batch size: 100000
|V|=2449029, eval batch size: 100000
|V|=2449029, eval batch size: 100000
|V|=2449029, eval batch size: 100000
|V|=2449029, eval batch size: 100000
|V|=2449029, eval batch size: 100000
|V|=2449029, eval batch size: 100000
|V|=2449029, eval batch size: 100000
|V|=2449029, eval batch size: 100000
|V|=2449029, eval batch size: 100000|V|=2449029, eval batch size: 100000

|V|=2449029, eval batch size: 100000
|V|=2449029, eval batch size: 100000|V|=2449029, eval batch size: 100000

|V|=2449029, eval batch size: 100000
|V|=2449029, eval batch size: 100000
|V|=2449029, eval batch size: 100000
|V|=2449029, eval batch size: 100000
|V|=2449029, eval batch size: 100000
|V|=2449029, eval batch size: 100000
|V|=2449029, eval batch size: 100000
|V|=2449029, eval batch size: 100000
|V|=2449029, eval batch size: 100000
|V|=2449029, eval batch size: 100000
|V|=2449029, eval batch size: 100000
|V|=2449029, eval batch size: 100000
|V|=2449029, eval batch size: 100000
|V|=2449029, eval batch size: 100000
|V|=2449029, eval batch size: 100000
|V|=2449029, eval batch size: 100000
|V|=2449029, eval batch size: 100000
|V|=2449029, eval batch size: 100000
|V|=2449029, eval batch size: 100000
|V|=2449029, eval batch size: 100000
|V|=2449029, eval batch size: 100000
|V|=2449029, eval batch size: 100000
|V|=2449029, eval batch size: 100000
|V|=2449029, eval batch size: 100000
|V|=2449029, eval batch size: 100000
|V|=2449029, eval batch size: 100000
|V|=2449029, eval batch size: 100000
|V|=2449029, eval batch size: 100000
|V|=2449029, eval batch size: 100000
|V|=2449029, eval batch size: 100000
|V|=2449029, eval batch size: 100000
|V|=2449029, eval batch size: 100000
|V|=2449029, eval batch size: 100000
|V|=2449029, eval batch size: 100000
|V|=2449029, eval batch size: 100000
|V|=2449029, eval batch size: 100000
|V|=2449029, eval batch size: 100000
|V|=2449029, eval batch size: 100000
|V|=2449029, eval batch size: 100000
|V|=2449029, eval batch size: 100000
|V|=2449029, eval batch size: 100000
|V|=2449029, eval batch size: 100000
|V|=2449029, eval batch size: 100000
|V|=2449029, eval batch size: 100000
|V|=2449029, eval batch size: 100000
|V|=2449029, eval batch size: 100000
|V|=2449029, eval batch size: 100000
|V|=2449029, eval batch size: 100000
|V|=2449029, eval batch size: 100000
|V|=2449029, eval batch size: 100000
|V|=2449029, eval batch size: 100000
|V|=2449029, eval batch size: 100000
|V|=2449029, eval batch size: 100000
|V|=2449029, eval batch size: 100000
|V|=2449029, eval batch size: 100000
|V|=2449029, eval batch size: 100000
|V|=2449029, eval batch size: 100000
Part 4, Val Acc 0.9365, Test Acc 0.7618, time: 6.8025
Part 15, Val Acc 0.8819, Test Acc 0.6833, time: 6.8039
Part 11, Val Acc 0.8763, Test Acc 0.6846, time: 6.8052
Part 8, Val Acc 0.8706, Test Acc 0.6853, time: 6.8115
Part 6, Val Acc 0.9422, Test Acc 0.7610, time: 6.8118
Part 24, Val Acc 0.8975, Test Acc 0.6874, time: 6.8128
Part 30, Val Acc 0.9203, Test Acc 0.6846, time: 6.8157
Part 26, Val Acc 0.9031, Test Acc 0.6836, time: 6.8158
Part 1, Val Acc 0.9308, Test Acc 0.7613, time: 6.8177
Part 29, Val Acc 0.9097, Test Acc 0.6859, time: 6.8177
Part 5, Val Acc 0.9536, Test Acc 0.7634, time: 6.8180
Part 3, Val Acc 0.9398, Test Acc 0.7606, time: 6.8181
Part 31, Val Acc 0.9112, Test Acc 0.6860, time: 6.8179
Part 7, Val Acc 0.9300, Test Acc 0.7597, time: 6.8183
Part 0, Val Acc 0.9446, Test Acc 0.7642, time: 6.8185
Part 16, Val Acc 0.8812, Test Acc 0.6636, time: 6.8192
Part 21, Val Acc 0.8706, Test Acc 0.6637, time: 6.8194
Part 25, Val Acc 0.9089, Test Acc 0.6848, time: 6.8198
Part 18, Val Acc 0.8811, Test Acc 0.6633, time: 6.8204
Part 2, Val Acc 0.9390, Test Acc 0.7581, time: 6.8207
Part 9, Val Acc 0.8877, Test Acc 0.6862, time: 6.8211
Part 28, Val Acc 0.8983, Test Acc 0.6837, time: 6.8222
Part 12, Val Acc 0.8788, Test Acc 0.6845, time: 6.8222
Part 10, Val Acc 0.8690, Test Acc 0.6837, time: 6.8226
Part 22, Val Acc 0.8747, Test Acc 0.6640, time: 6.8231
Part 14, Val Acc 0.8804, Test Acc 0.6801, time: 6.8232
Part 19, Val Acc 0.8861, Test Acc 0.6637, time: 6.8240
Part 23, Val Acc 0.8893, Test Acc 0.6600, time: 6.8243
Part 17, Val Acc 0.8828, Test Acc 0.6623, time: 6.8245
Part 27, Val Acc 0.9186, Test Acc 0.6858, time: 6.8248
Part 13, Val Acc 0.8576, Test Acc 0.6875, time: 6.8309
Part 20, Val Acc 0.8950, Test Acc 0.6616, time: 6.8337
All parts avg val acc 0.9015, test acc 0.6984
Part 26 | Epoch 00009 | Step 00000 | Loss 0.3766 | Train Acc 0.9220 | Speed (samples/sec) 1030.4518 | GPU 1931.2 MB | time 1.075 s
Part 17 | Epoch 00009 | Step 00000 | Loss 0.5595 | Train Acc 0.8670 | Speed (samples/sec) 1031.8822 | GPU 1854.0 MB | time 1.066 s
Part 21 | Epoch 00009 | Step 00000 | Loss 0.4604 | Train Acc 0.8800 | Speed (samples/sec) 1032.2711 | GPU 1849.1 MB | time 1.071 s
Part 28 | Epoch 00009 | Step 00000 | Loss 0.3464 | Train Acc 0.9170 | Speed (samples/sec) 1030.6103 | GPU 1933.8 MB | time 1.068 s
Part 1 | Epoch 00009 | Step 00000 | Loss 0.2488 | Train Acc 0.9440 | Speed (samples/sec) 1030.3619 | GPU 1826.7 MB | time 1.073 s
Part 3 | Epoch 00009 | Step 00000 | Loss 0.2113 | Train Acc 0.9550 | Speed (samples/sec) 1029.9062 | GPU 1819.3 MB | time 1.071 sPart 2 | Epoch 00009 | Step 00000 | Loss 0.2380 | Train Acc 0.9490 | Speed (samples/sec) 1030.2755 | GPU 1809.4 MB | time 1.070 s

Part 7 | Epoch 00009 | Step 00000 | Loss 0.2181 | Train Acc 0.9440 | Speed (samples/sec) 1030.4941 | GPU 1810.0 MB | time 1.072 s
Part 20 | Epoch 00009 | Step 00000 | Loss 0.5493 | Train Acc 0.8810 | Speed (samples/sec) 1031.7160 | GPU 1858.4 MB | time 1.057 s
Part 23 | Epoch 00009 | Step 00000 | Loss 0.4909 | Train Acc 0.8780 | Speed (samples/sec) 1032.2312 | GPU 1854.0 MB | time 1.066 s
Part 5 | Epoch 00009 | Step 00000 | Loss 0.2887 | Train Acc 0.9320 | Speed (samples/sec) 1030.8526 | GPU 1817.4 MB | time 1.072 s
Part 0 | Epoch 00009 | Step 00000 | Loss 0.2346 | Train Acc 0.9500 | Speed (samples/sec) 1033.2130 | GPU 1817.3 MB | time 1.057 s
Part 16 | Epoch 00009 | Step 00000 | Loss 0.5156 | Train Acc 0.8760 | Speed (samples/sec) 1031.8314 | GPU 1843.2 MB | time 1.070 s
Part 8 | Epoch 00009 | Step 00000 | Loss 0.4090 | Train Acc 0.8990 | Speed (samples/sec) 1031.1899 | GPU 2091.5 MB | time 1.079 s
Part 15 | Epoch 00009 | Step 00000 | Loss 0.3928 | Train Acc 0.9050 | Speed (samples/sec) 1030.9125 | GPU 2064.4 MB | time 1.087 s
Part 18 | Epoch 00009 | Step 00000 | Loss 0.4502 | Train Acc 0.8860 | Speed (samples/sec) 1031.4945 | GPU 1848.7 MB | time 1.070 s
Part 9 | Epoch 00009 | Step 00000 | Loss 0.5363 | Train Acc 0.8690 | Speed (samples/sec) 1031.0488 | GPU 2076.6 MB | time 1.070 s
Part 29 | Epoch 00009 | Step 00000 | Loss 0.3173 | Train Acc 0.9250 | Speed (samples/sec) 1030.9518 | GPU 1933.7 MB | time 1.073 s
Part 19 | Epoch 00009 | Step 00000 | Loss 0.5609 | Train Acc 0.8690 | Speed (samples/sec) 1030.2914 | GPU 1853.1 MB | time 1.067 s
Part 24 | Epoch 00009 | Step 00000 | Loss 0.3714 | Train Acc 0.9070 | Speed (samples/sec) 1030.5712 | GPU 1940.0 MB | time 1.077 s
Part 22 | Epoch 00009 | Step 00000 | Loss 0.5051 | Train Acc 0.8740 | Speed (samples/sec) 1031.5203 | GPU 1846.9 MB | time 1.068 s
Part 11 | Epoch 00009 | Step 00000 | Loss 0.4705 | Train Acc 0.8870 | Speed (samples/sec) 1031.0319 | GPU 2070.9 MB | time 1.086 s
Part 25 | Epoch 00009 | Step 00000 | Loss 0.2613 | Train Acc 0.9330 | Speed (samples/sec) 1030.9516 | GPU 1944.9 MB | time 1.071 s
Part 31 | Epoch 00009 | Step 00000 | Loss 0.2788 | Train Acc 0.9330 | Speed (samples/sec) 1030.8634 | GPU 1928.9 MB | time 1.072 s
Part 6 | Epoch 00009 | Step 00000 | Loss 0.2277 | Train Acc 0.9490 | Speed (samples/sec) 1030.7136 | GPU 1814.5 MB | time 1.079 s
Part 30 | Epoch 00009 | Step 00000 | Loss 0.3348 | Train Acc 0.9140 | Speed (samples/sec) 1030.3344 | GPU 1929.4 MB | time 1.075 sPart 4 | Epoch 00009 | Step 00000 | Loss 0.2645 | Train Acc 0.9450 | Speed (samples/sec) 1029.2060 | GPU 1813.4 MB | time 1.088 s

Part 27 | Epoch 00009 | Step 00000 | Loss 0.3136 | Train Acc 0.9280 | Speed (samples/sec) 1031.6269 | GPU 1933.9 MB | time 1.066 s
Part 13 | Epoch 00009 | Step 00000 | Loss 0.4236 | Train Acc 0.8950 | Speed (samples/sec) 1031.7211 | GPU 2066.9 MB | time 1.060 s
Part 10 | Epoch 00009 | Step 00000 | Loss 0.4197 | Train Acc 0.9020 | Speed (samples/sec) 1031.7535 | GPU 2075.6 MB | time 1.068 sPart 14 | Epoch 00009 | Step 00000 | Loss 0.4309 | Train Acc 0.8910 | Speed (samples/sec) 1031.5592 | GPU 2077.1 MB | time 1.068 s

Part 12 | Epoch 00009 | Step 00000 | Loss 0.4455 | Train Acc 0.8840 | Speed (samples/sec) 1031.3972 | GPU 2075.5 MB | time 1.069 s
Avg train acc 0.9091Avg train acc 0.9091
Avg train acc 0.9091Avg train acc 0.9091
Avg train acc 0.9091
Avg train acc 0.9091
Avg train acc 0.9091Avg train acc 0.9091



Avg train acc 0.9091Avg train acc 0.9091Avg train acc 0.9091Avg train acc 0.9091



Avg train acc 0.9091Avg train acc 0.9091Avg train acc 0.9091


Avg train acc 0.9091
Avg train acc 0.9091Avg train acc 0.9091Avg train acc 0.9091


Avg train acc 0.9091
Avg train acc 0.9091Avg train acc 0.9091Avg train acc 0.9091

Avg train acc 0.9091Avg train acc 0.9091Avg train acc 0.9091



Avg train acc 0.9091
Avg train acc 0.9091
Avg train acc 0.9091Avg train acc 0.9091

Avg train acc 0.9091
Avg train acc 0.9091
=====================
Part 0, Epoch Time(s): 5.8640
Sampling Time(s): 0.2679
Loading Time(s): 1.9049
Forward Time(s): 0.8635
Backward Time(s): 0.2281
Update Time(s): 0.0042
Emb Update Time(s): 2.5815
#seeds: 6144
#inputs: 1925971
==========================================
Part 1, Epoch Time(s): 5.8803
Sampling Time(s): 0.2746
Loading Time(s): 1.7757
Forward Time(s): 1.0018
Backward Time(s): 0.2278
Update Time(s): 0.0046
Emb Update Time(s): 2.5816
#seeds: 6144
#inputs: 1925842
==========================================
Part 3, Epoch Time(s): 5.8784
Sampling Time(s): 0.2730
Loading Time(s): 1.8158
Forward Time(s): 0.9615
Backward Time(s): 0.2274
Update Time(s): 0.0045
Emb Update Time(s): 2.5820
#seeds: 6144
#inputs: 1930690
==========================================
Part 5, Epoch Time(s): 5.8798
Sampling Time(s): 0.2941
Loading Time(s): 1.9164
Forward Time(s): 0.8405
Backward Time(s): 0.2268
Update Time(s): 0.0049
Emb Update Time(s): 2.5828
#seeds: 6145
#inputs: 1925371
=====================
=====================
Part 4, Epoch Time(s): 5.8953
Sampling Time(s): 0.2818
Loading Time(s): 2.0868
Forward Time(s): 0.6985
Backward Time(s): 0.2273
Update Time(s): 0.0049
Emb Update Time(s): 2.5822
#seeds: 6144
#inputs: 1938153
=====================



=====================
Part 2, Epoch Time(s): 5.8773
Sampling Time(s): 0.2821
Loading Time(s): 2.1287
Forward Time(s): 0.6383
Backward Time(s): 0.2277
Update Time(s): 0.0047
Emb Update Time(s): 2.5816
#seeds: 6144
#inputs: 1936049
==========================================
Part 6, Epoch Time(s): 5.8862
Sampling Time(s): 0.2805
Loading Time(s): 2.0830
Forward Time(s): 0.6946
Backward Time(s): 0.2266
Update Time(s): 0.0055
Emb Update Time(s): 2.5822
#seeds: 6145
#inputs: 1919906
==========================================
Part 7, Epoch Time(s): 5.8793
Sampling Time(s): 0.4587
Loading Time(s): 2.1322
Forward Time(s): 0.4600
Backward Time(s): 0.2262
Update Time(s): 0.0047
Emb Update Time(s): 2.5832
#seeds: 6144
#inputs: 1936679
=====================


=====================
Part 19, Epoch Time(s): 5.8738
Sampling Time(s): 0.2971
Loading Time(s): 1.9677
Forward Time(s): 0.7807
Backward Time(s): 0.2263
Update Time(s): 0.0046
Emb Update Time(s): 2.5834
#seeds: 6144
#inputs: 1933570
==========================================
Part 17, Epoch Time(s): 5.8735
Sampling Time(s): 0.3016
Loading Time(s): 1.9276
Forward Time(s): 0.8151
Backward Time(s): 0.2266
Update Time(s): 0.0047
Emb Update Time(s): 2.5835
#seeds: 6144
#inputs: 1929959
==========================================
Part 23, Epoch Time(s): 5.8738
Sampling Time(s): 0.2745
Loading Time(s): 1.8938
Forward Time(s): 0.8773
Backward Time(s): 0.2256
Update Time(s): 0.0049
Emb Update Time(s): 2.5837
#seeds: 6145
#inputs: 1928567
==========================================
Part 18, Epoch Time(s): 5.8774
Sampling Time(s): 0.3102
Loading Time(s): 1.8764
Forward Time(s): 0.8624
Backward Time(s): 0.2264
Update Time(s): 0.0045
Emb Update Time(s): 2.5834
#seeds: 6144
#inputs: 1908213
=====================



=====================
Part 21, Epoch Time(s): 5.8785
Sampling Time(s): 0.2864
Loading Time(s): 2.2364
Forward Time(s): 0.5425
Backward Time(s): 0.2221
Update Time(s): 0.0047
Emb Update Time(s): 2.5721
#seeds: 6145
#inputs: 1942959
==========================================
Part 16, Epoch Time(s): 5.8771
Sampling Time(s): 0.3186
Loading Time(s): 2.0707
Forward Time(s): 0.6585
Backward Time(s): 0.2270
Update Time(s): 0.0058
Emb Update Time(s): 2.5815
#seeds: 6144
#inputs: 1936794
=====================
=====================
Part 20, Epoch Time(s): 5.8643
Sampling Time(s): 0.3117
Loading Time(s): 2.1507
Forward Time(s): 0.5729
Backward Time(s): 0.2263
Update Time(s): 0.0052
Emb Update Time(s): 2.5833
#seeds: 6144
#inputs: 1949065
=====================

=====================
Part 22, Epoch Time(s): 5.8750
Sampling Time(s): 0.2764
Loading Time(s): 2.0843
Forward Time(s): 0.6858
Backward Time(s): 0.2262
Update Time(s): 0.0050
Emb Update Time(s): 2.5832
#seeds: 6144
#inputs: 1920314
=====================
=====================
Part 29, Epoch Time(s): 5.8803
Sampling Time(s): 0.3021
Loading Time(s): 2.1351
Forward Time(s): 0.6146
Backward Time(s): 0.2256
Update Time(s): 0.0046
Emb Update Time(s): 2.5842
#seeds: 6144
#inputs: 1973648
==========================================
Part 27, Epoch Time(s): 5.8731
Sampling Time(s): 0.3357
Loading Time(s): 2.3206
Forward Time(s): 0.4186
Backward Time(s): 0.2190
Update Time(s): 0.0052
Emb Update Time(s): 2.5601
#seeds: 6145
#inputs: 1974966
==========================================
Part 24, Epoch Time(s): 5.8846
Sampling Time(s): 0.3043
Loading Time(s): 2.2199
Forward Time(s): 0.5467
Backward Time(s): 0.2231
Update Time(s): 0.0044
Emb Update Time(s): 2.5721
#seeds: 6144
#inputs: 1959556
==========================================
Part 30, Epoch Time(s): 5.8820
Sampling Time(s): 0.2853
Loading Time(s): 1.9917
Forward Time(s): 0.7761
Backward Time(s): 0.2255
Update Time(s): 0.0048
Emb Update Time(s): 2.5845
#seeds: 6144
#inputs: 1978362
=====================
=====================
Part 25, Epoch Time(s): 5.8781
Sampling Time(s): 0.2784
Loading Time(s): 2.2284
Forward Time(s): 0.5563
Backward Time(s): 0.2242
Update Time(s): 0.0048
Emb Update Time(s): 2.5720
#seeds: 6144
#inputs: 1963525
=====================


=====================
Part 26, Epoch Time(s): 5.8822
Sampling Time(s): 0.2641
Loading Time(s): 2.1806
Forward Time(s): 0.6121
Backward Time(s): 0.2235
Update Time(s): 0.0048
Emb Update Time(s): 2.5829
#seeds: 6144
#inputs: 1987376
==========================================
Part 28, Epoch Time(s): 5.8755
Sampling Time(s): 0.3214
Loading Time(s): 2.2721
Forward Time(s): 0.4538
Backward Time(s): 0.2258
Update Time(s): 0.0048
Emb Update Time(s): 2.5839
#seeds: 6144
#inputs: 1967361
=====================
=====================
Part 31, Epoch Time(s): 5.8797
Sampling Time(s): 0.2818
Loading Time(s): 2.3014
Forward Time(s): 0.4706
Backward Time(s): 0.2231
Update Time(s): 0.0048
Emb Update Time(s): 2.5840
#seeds: 6144
#inputs: 1956109
=====================


=====================
Part 9, Epoch Time(s): 5.8768
Sampling Time(s): 0.3115
Loading Time(s): 2.3140
Forward Time(s): 0.4359
Backward Time(s): 0.2232
Update Time(s): 0.0048
Emb Update Time(s): 2.5734
#seeds: 6145
#inputs: 2032333
==========================================
Part 8, Epoch Time(s): 5.8865
Sampling Time(s): 0.3032
Loading Time(s): 2.1490
Forward Time(s): 0.6059
Backward Time(s): 0.2251
Update Time(s): 0.0049
Emb Update Time(s): 2.5843
#seeds: 6145
#inputs: 2038368
==========================================
Part 15, Epoch Time(s): 5.8941
Sampling Time(s): 0.2941
Loading Time(s): 2.1533
Forward Time(s): 0.6186
Backward Time(s): 0.2236
Update Time(s): 0.0048
Emb Update Time(s): 2.5859
#seeds: 6144
#inputs: 2026865
==========================================
Part 11, Epoch Time(s): 5.8928
Sampling Time(s): 0.2926
Loading Time(s): 2.2310
Forward Time(s): 0.5574
Backward Time(s): 0.2215
Update Time(s): 0.0041
Emb Update Time(s): 2.5724
#seeds: 6144
#inputs: 2034527
=====================



=====================
Part 13, Epoch Time(s): 5.8670
Sampling Time(s): 0.2920
Loading Time(s): 2.3026
Forward Time(s): 0.4445
Backward Time(s): 0.2241
Update Time(s): 0.0044
Emb Update Time(s): 2.5860
#seeds: 6144
#inputs: 2048075
==========================================
Part 14, Epoch Time(s): 5.8747
Sampling Time(s): 0.3038
Loading Time(s): 2.4564
Forward Time(s): 0.2869
Backward Time(s): 0.2231
Update Time(s): 0.0046
Emb Update Time(s): 2.5864
#seeds: 6144
#inputs: 2028665
==========================================
Part 12, Epoch Time(s): 5.8755
Sampling Time(s): 0.3145
Loading Time(s): 2.3296
Forward Time(s): 0.4029
Backward Time(s): 0.2243
Update Time(s): 0.0054
Emb Update Time(s): 2.5855
#seeds: 6144
#inputs: 2039961
==========================================
Part 10, Epoch Time(s): 5.8755
Sampling Time(s): 0.3066
Loading Time(s): 2.3533
Forward Time(s): 0.3942
Backward Time(s): 0.2232
Update Time(s): 0.0053
Emb Update Time(s): 2.5786
#seeds: 6144
#inputs: 2055863
=====================



|V|=2449029, eval batch size: 100000
|V|=2449029, eval batch size: 100000
|V|=2449029, eval batch size: 100000
|V|=2449029, eval batch size: 100000
|V|=2449029, eval batch size: 100000
|V|=2449029, eval batch size: 100000|V|=2449029, eval batch size: 100000

|V|=2449029, eval batch size: 100000
|V|=2449029, eval batch size: 100000
|V|=2449029, eval batch size: 100000
|V|=2449029, eval batch size: 100000
|V|=2449029, eval batch size: 100000
|V|=2449029, eval batch size: 100000
|V|=2449029, eval batch size: 100000
|V|=2449029, eval batch size: 100000
|V|=2449029, eval batch size: 100000
|V|=2449029, eval batch size: 100000
|V|=2449029, eval batch size: 100000
|V|=2449029, eval batch size: 100000
|V|=2449029, eval batch size: 100000
|V|=2449029, eval batch size: 100000
|V|=2449029, eval batch size: 100000
|V|=2449029, eval batch size: 100000
|V|=2449029, eval batch size: 100000
|V|=2449029, eval batch size: 100000
|V|=2449029, eval batch size: 100000
|V|=2449029, eval batch size: 100000
|V|=2449029, eval batch size: 100000
|V|=2449029, eval batch size: 100000
|V|=2449029, eval batch size: 100000
|V|=2449029, eval batch size: 100000
|V|=2449029, eval batch size: 100000
|V|=2449029, eval batch size: 100000
|V|=2449029, eval batch size: 100000
|V|=2449029, eval batch size: 100000
|V|=2449029, eval batch size: 100000
|V|=2449029, eval batch size: 100000
|V|=2449029, eval batch size: 100000
|V|=2449029, eval batch size: 100000
|V|=2449029, eval batch size: 100000|V|=2449029, eval batch size: 100000

|V|=2449029, eval batch size: 100000
|V|=2449029, eval batch size: 100000
|V|=2449029, eval batch size: 100000
|V|=2449029, eval batch size: 100000
|V|=2449029, eval batch size: 100000
|V|=2449029, eval batch size: 100000
|V|=2449029, eval batch size: 100000
|V|=2449029, eval batch size: 100000
|V|=2449029, eval batch size: 100000
|V|=2449029, eval batch size: 100000
|V|=2449029, eval batch size: 100000
|V|=2449029, eval batch size: 100000
|V|=2449029, eval batch size: 100000
|V|=2449029, eval batch size: 100000
|V|=2449029, eval batch size: 100000
|V|=2449029, eval batch size: 100000
|V|=2449029, eval batch size: 100000
|V|=2449029, eval batch size: 100000
|V|=2449029, eval batch size: 100000
|V|=2449029, eval batch size: 100000
|V|=2449029, eval batch size: 100000
|V|=2449029, eval batch size: 100000
|V|=2449029, eval batch size: 100000
|V|=2449029, eval batch size: 100000
|V|=2449029, eval batch size: 100000
|V|=2449029, eval batch size: 100000
|V|=2449029, eval batch size: 100000
|V|=2449029, eval batch size: 100000
|V|=2449029, eval batch size: 100000
|V|=2449029, eval batch size: 100000
|V|=2449029, eval batch size: 100000
|V|=2449029, eval batch size: 100000
|V|=2449029, eval batch size: 100000
|V|=2449029, eval batch size: 100000
|V|=2449029, eval batch size: 100000
|V|=2449029, eval batch size: 100000
|V|=2449029, eval batch size: 100000
|V|=2449029, eval batch size: 100000
|V|=2449029, eval batch size: 100000|V|=2449029, eval batch size: 100000
|V|=2449029, eval batch size: 100000

|V|=2449029, eval batch size: 100000
|V|=2449029, eval batch size: 100000
|V|=2449029, eval batch size: 100000
|V|=2449029, eval batch size: 100000
|V|=2449029, eval batch size: 100000
|V|=2449029, eval batch size: 100000
|V|=2449029, eval batch size: 100000
|V|=2449029, eval batch size: 100000
|V|=2449029, eval batch size: 100000
|V|=2449029, eval batch size: 100000
|V|=2449029, eval batch size: 100000
|V|=2449029, eval batch size: 100000
|V|=2449029, eval batch size: 100000
|V|=2449029, eval batch size: 100000
Part 31, Val Acc 0.9145, Test Acc 0.6976, time: 7.3487
Part 14, Val Acc 0.8812, Test Acc 0.6906, time: 7.3491
Part 28, Val Acc 0.8999, Test Acc 0.6958, time: 7.3514
Part 30, Val Acc 0.9251, Test Acc 0.6956, time: 7.3516
Part 25, Val Acc 0.9105, Test Acc 0.6954, time: 7.3545
Part 4, Val Acc 0.9398, Test Acc 0.7645, time: 7.3551
Part 24, Val Acc 0.9007, Test Acc 0.6981, time: 7.3549
Part 11, Val Acc 0.8828, Test Acc 0.6954, time: 7.3551
Part 29, Val Acc 0.9154, Test Acc 0.6968, time: 7.3552
Part 5, Val Acc 0.9577, Test Acc 0.7650, time: 7.3565
Part 2, Val Acc 0.9422, Test Acc 0.7608, time: 7.3567
Part 3, Val Acc 0.9447, Test Acc 0.7623, time: 7.3570
Part 27, Val Acc 0.9194, Test Acc 0.6967, time: 7.3573
Part 6, Val Acc 0.9479, Test Acc 0.7638, time: 7.3575
Part 1, Val Acc 0.9333, Test Acc 0.7633, time: 7.3583
Part 7, Val Acc 0.9341, Test Acc 0.7622, time: 7.3590
Part 17, Val Acc 0.8877, Test Acc 0.6856, time: 7.3590
Part 26, Val Acc 0.9039, Test Acc 0.6961, time: 7.3591
Part 0, Val Acc 0.9454, Test Acc 0.7667, time: 7.3596
Part 8, Val Acc 0.8763, Test Acc 0.6953, time: 7.3595
Part 20, Val Acc 0.9007, Test Acc 0.6848, time: 7.3605
Part 23, Val Acc 0.8902, Test Acc 0.6824, time: 7.3627
Part 19, Val Acc 0.8910, Test Acc 0.6861, time: 7.3644
Part 22, Val Acc 0.8796, Test Acc 0.6875, time: 7.3646
Part 13, Val Acc 0.8600, Test Acc 0.6977, time: 7.3646
Part 9, Val Acc 0.8983, Test Acc 0.6963, time: 7.3647
Part 18, Val Acc 0.8836, Test Acc 0.6868, time: 7.3657
Part 16, Val Acc 0.8828, Test Acc 0.6861, time: 7.3658
Part 12, Val Acc 0.8804, Test Acc 0.6945, time: 7.3658
Part 21, Val Acc 0.8731, Test Acc 0.6861, time: 7.3677
Part 15, Val Acc 0.8852, Test Acc 0.6945, time: 7.3715
Part 10, Val Acc 0.8804, Test Acc 0.6944, time: 7.3766
All parts avg val acc 0.9052, test acc 0.7102
Part 2 | Epoch 00010 | Step 00000 | Loss 0.1883 | Train Acc 0.9500 | Speed (samples/sec) 1027.1958 | GPU 1809.4 MB | time 1.081 s
Part 4 | Epoch 00010 | Step 00000 | Loss 0.2123 | Train Acc 0.9480 | Speed (samples/sec) 1026.2121 | GPU 1813.4 MB | time 1.083 sPart 6 | Epoch 00010 | Step 00000 | Loss 0.1711 | Train Acc 0.9590 | Speed (samples/sec) 1027.6274 | GPU 1814.5 MB | time 1.080 s

Part 1 | Epoch 00010 | Step 00000 | Loss 0.2627 | Train Acc 0.9440 | Speed (samples/sec) 1027.2871 | GPU 1827.9 MB | time 1.079 s
Part 0 | Epoch 00010 | Step 00000 | Loss 0.2082 | Train Acc 0.9550 | Speed (samples/sec) 1030.0930 | GPU 1817.3 MB | time 1.060 s
Part 5 | Epoch 00010 | Step 00000 | Loss 0.2157 | Train Acc 0.9510 | Speed (samples/sec) 1027.7433 | GPU 1817.4 MB | time 1.081 s
Part 7 | Epoch 00010 | Step 00000 | Loss 0.2142 | Train Acc 0.9540 | Speed (samples/sec) 1027.4239 | GPU 1810.8 MB | time 1.078 sPart 3 | Epoch 00010 | Step 00000 | Loss 0.1589 | Train Acc 0.9630 | Speed (samples/sec) 1026.8748 | GPU 1822.4 MB | time 1.080 s

Part 18 | Epoch 00010 | Step 00000 | Loss 0.4680 | Train Acc 0.8900 | Speed (samples/sec) 1028.4023 | GPU 1848.7 MB | time 1.072 s
Part 20 | Epoch 00010 | Step 00000 | Loss 0.4517 | Train Acc 0.8820 | Speed (samples/sec) 1028.5413 | GPU 1858.4 MB | time 1.077 sPart 22 | Epoch 00010 | Step 00000 | Loss 0.4280 | Train Acc 0.8930 | Speed (samples/sec) 1028.4153 | GPU 1846.9 MB | time 1.073 sPart 17 | Epoch 00010 | Step 00000 | Loss 0.4476 | Train Acc 0.9040 | Speed (samples/sec) 1028.6681 | GPU 1854.0 MB | time 1.079 sPart 16 | Epoch 00010 | Step 00000 | Loss 0.4889 | Train Acc 0.8810 | Speed (samples/sec) 1028.7301 | GPU 1843.2 MB | time 1.071 sPart 21 | Epoch 00010 | Step 00000 | Loss 0.4211 | Train Acc 0.9020 | Speed (samples/sec) 1029.1610 | GPU 1849.7 MB | time 1.070 s




Part 23 | Epoch 00010 | Step 00000 | Loss 0.4227 | Train Acc 0.9010 | Speed (samples/sec) 1029.0545 | GPU 1854.0 MB | time 1.075 s
Part 19 | Epoch 00010 | Step 00000 | Loss 0.4705 | Train Acc 0.9050 | Speed (samples/sec) 1027.3029 | GPU 1853.1 MB | time 1.073 s
Part 26 | Epoch 00010 | Step 00000 | Loss 0.2940 | Train Acc 0.9300 | Speed (samples/sec) 1027.3795 | GPU 1931.2 MB | time 1.079 sPart 31 | Epoch 00010 | Step 00000 | Loss 0.2916 | Train Acc 0.9300 | Speed (samples/sec) 1027.6171 | GPU 1928.9 MB | time 1.089 s

Part 27 | Epoch 00010 | Step 00000 | Loss 0.2628 | Train Acc 0.9350 | Speed (samples/sec) 1028.4448 | GPU 1933.9 MB | time 1.080 s
Part 25 | Epoch 00010 | Step 00000 | Loss 0.2846 | Train Acc 0.9390 | Speed (samples/sec) 1027.7725 | GPU 1944.9 MB | time 1.083 s
Part 28 | Epoch 00010 | Step 00000 | Loss 0.2673 | Train Acc 0.9370 | Speed (samples/sec) 1027.4207 | GPU 1933.8 MB | time 1.086 s
Part 30 | Epoch 00010 | Step 00000 | Loss 0.2937 | Train Acc 0.9300 | Speed (samples/sec) 1027.1827 | GPU 1929.4 MB | time 1.086 sPart 24 | Epoch 00010 | Step 00000 | Loss 0.2734 | Train Acc 0.9390 | Speed (samples/sec) 1027.4400 | GPU 1940.0 MB | time 1.082 s

Part 29 | Epoch 00010 | Step 00000 | Loss 0.2582 | Train Acc 0.9290 | Speed (samples/sec) 1027.7764 | GPU 1933.7 MB | time 1.083 s
Part 13 | Epoch 00010 | Step 00000 | Loss 0.3507 | Train Acc 0.9150 | Speed (samples/sec) 1028.5824 | GPU 2073.0 MB | time 1.073 s
Part 15 | Epoch 00010 | Step 00000 | Loss 0.4054 | Train Acc 0.8940 | Speed (samples/sec) 1027.9430 | GPU 2064.4 MB | time 1.067 sPart 10 | Epoch 00010 | Step 00000 | Loss 0.3386 | Train Acc 0.9100 | Speed (samples/sec) 1028.7839 | GPU 2075.6 MB | time 1.061 s

Part 11 | Epoch 00010 | Step 00000 | Loss 0.3325 | Train Acc 0.9200 | Speed (samples/sec) 1027.8422 | GPU 2070.9 MB | time 1.083 s
Part 8 | Epoch 00010 | Step 00000 | Loss 0.3954 | Train Acc 0.9050 | Speed (samples/sec) 1028.0776 | GPU 2091.5 MB | time 1.078 s
Part 14 | Epoch 00010 | Step 00000 | Loss 0.3745 | Train Acc 0.9090 | Speed (samples/sec) 1028.2442 | GPU 2077.1 MB | time 1.089 s
Part 12 | Epoch 00010 | Step 00000 | Loss 0.4897 | Train Acc 0.8740 | Speed (samples/sec) 1028.3089 | GPU 2075.5 MB | time 1.072 s
Part 9 | Epoch 00010 | Step 00000 | Loss 0.3655 | Train Acc 0.9090 | Speed (samples/sec) 1028.0191 | GPU 2076.6 MB | time 1.073 s
Avg train acc 0.9215Avg train acc 0.9215Avg train acc 0.9215


Avg train acc 0.9215Avg train acc 0.9215Avg train acc 0.9215Avg train acc 0.9215
Avg train acc 0.9215



Avg train acc 0.9215Avg train acc 0.9215Avg train acc 0.9215

Avg train acc 0.9215
Avg train acc 0.9215
Avg train acc 0.9215Avg train acc 0.9215Avg train acc 0.9215



Avg train acc 0.9215Avg train acc 0.9215Avg train acc 0.9215
Avg train acc 0.9215
Avg train acc 0.9215
Avg train acc 0.9215
Avg train acc 0.9215Avg train acc 0.9215



Avg train acc 0.9215
Avg train acc 0.9215
Avg train acc 0.9215Avg train acc 0.9215Avg train acc 0.9215


Avg train acc 0.9215Avg train acc 0.9215Avg train acc 0.9215


=====================
Part 0, Epoch Time(s): 5.7972
Sampling Time(s): 0.3309
Loading Time(s): 1.9833
Forward Time(s): 1.0178
Backward Time(s): 0.2281
Update Time(s): 0.0040
Emb Update Time(s): 2.2185
#seeds: 6144
#inputs: 1926335
==========================================
Part 1, Epoch Time(s): 5.8166
Sampling Time(s): 0.3099
Loading Time(s): 1.8253
Forward Time(s): 1.2165
Backward Time(s): 0.2272
Update Time(s): 0.0041
Emb Update Time(s): 2.2190
#seeds: 6144
#inputs: 1925427
==========================================
Part 3, Epoch Time(s): 5.8170
Sampling Time(s): 0.3763
Loading Time(s): 1.9029
Forward Time(s): 1.0725
Backward Time(s): 0.2268
Update Time(s): 0.0047
Emb Update Time(s): 2.2189
#seeds: 6144
#inputs: 1928519
=====================


=====================
Part 7, Epoch Time(s): 5.8155
Sampling Time(s): 0.3427
Loading Time(s): 2.1180
Forward Time(s): 0.8896
Backward Time(s): 0.2256
Update Time(s): 0.0047
Emb Update Time(s): 2.2203
#seeds: 6144
#inputs: 1931372
==========================================
Part 2, Epoch Time(s): 5.8181
Sampling Time(s): 0.4476
Loading Time(s): 2.0529
Forward Time(s): 0.8524
Backward Time(s): 0.2270
Update Time(s): 0.0045
Emb Update Time(s): 2.2189
#seeds: 6144
#inputs: 1940809
==========================================
Part 5, Epoch Time(s): 5.8182
Sampling Time(s): 0.3368
Loading Time(s): 1.8758
Forward Time(s): 1.1403
Backward Time(s): 0.2261
Update Time(s): 0.0047
Emb Update Time(s): 2.2199
#seeds: 6145
#inputs: 1928070
==========================================
Part 4, Epoch Time(s): 5.8198
Sampling Time(s): 0.2960
Loading Time(s): 2.0852
Forward Time(s): 0.9735
Backward Time(s): 0.2263
Update Time(s): 0.0042
Emb Update Time(s): 2.2200
#seeds: 6144
#inputs: 1934576
==========================================
Part 6, Epoch Time(s): 5.8173
Sampling Time(s): 0.2968
Loading Time(s): 2.1086
Forward Time(s): 0.9469
Backward Time(s): 0.2260
Update Time(s): 0.0047
Emb Update Time(s): 2.2198
#seeds: 6145
#inputs: 1918429
=====================




=====================
Part 19, Epoch Time(s): 5.8104
Sampling Time(s): 0.2859
Loading Time(s): 2.1634
Forward Time(s): 0.9106
Backward Time(s): 0.2220
Update Time(s): 0.0043
Emb Update Time(s): 2.2098
#seeds: 6144
#inputs: 1939856
==========================================
Part 17, Epoch Time(s): 5.8159
Sampling Time(s): 0.3081
Loading Time(s): 1.8604
Forward Time(s): 1.1814
Backward Time(s): 0.2273
Update Time(s): 0.0043
Emb Update Time(s): 2.2197
#seeds: 6144
#inputs: 1922355
==========================================
Part 18, Epoch Time(s): 5.8090
Sampling Time(s): 0.3000
Loading Time(s): 1.9680
Forward Time(s): 1.0755
Backward Time(s): 0.2271
Update Time(s): 0.0045
Emb Update Time(s): 2.2192
#seeds: 6144
#inputs: 1915308
=====================


=====================
Part 16, Epoch Time(s): 5.8087
Sampling Time(s): 0.3414
Loading Time(s): 2.1765
Forward Time(s): 0.8243
Backward Time(s): 0.2274
Update Time(s): 0.0051
Emb Update Time(s): 2.2188
#seeds: 6144
#inputs: 1937598
=====================
=====================
Part 22, Epoch Time(s): 5.8099
Sampling Time(s): 0.3044
Loading Time(s): 2.0313
Forward Time(s): 1.0082
Backward Time(s): 0.2257
Update Time(s): 0.0048
Emb Update Time(s): 2.2207
#seeds: 6144
#inputs: 1922860
==========================================
Part 21, Epoch Time(s): 5.8070
Sampling Time(s): 0.3038
Loading Time(s): 2.1737
Forward Time(s): 0.8634
Backward Time(s): 0.2259
Update Time(s): 0.0047
Emb Update Time(s): 2.2207
#seeds: 6145
#inputs: 1935851
=====================

=====================
Part 23, Epoch Time(s): 5.8120
Sampling Time(s): 0.2888
Loading Time(s): 1.9931
Forward Time(s): 1.0645
Backward Time(s): 0.2257
Update Time(s): 0.0048
Emb Update Time(s): 2.2207
#seeds: 6145
#inputs: 1927167
=====================
=====================
Part 20, Epoch Time(s): 5.8140
Sampling Time(s): 0.2935
Loading Time(s): 2.2654
Forward Time(s): 0.7892
Backward Time(s): 0.2262
Update Time(s): 0.0050
Emb Update Time(s): 2.2199
#seeds: 6144
#inputs: 1940011
=====================
=====================
Part 15, Epoch Time(s): 5.8036
Sampling Time(s): 0.3397
Loading Time(s): 2.1036
Forward Time(s): 0.8947
Backward Time(s): 0.2246
Update Time(s): 0.0042
Emb Update Time(s): 2.2225
#seeds: 6144
#inputs: 2022661
==========================================
Part 8, Epoch Time(s): 5.8213
Sampling Time(s): 0.3146
Loading Time(s): 2.2538
Forward Time(s): 0.7809
Backward Time(s): 0.2250
Update Time(s): 0.0047
Emb Update Time(s): 2.2218
#seeds: 6145
#inputs: 2031621
==========================================
Part 11, Epoch Time(s): 5.8199
Sampling Time(s): 0.2927
Loading Time(s): 2.2996
Forward Time(s): 0.7759
Backward Time(s): 0.2218
Update Time(s): 0.0047
Emb Update Time(s): 2.2107
#seeds: 6144
#inputs: 2041675
=====================


=====================
Part 10, Epoch Time(s): 5.7976
Sampling Time(s): 0.3392
Loading Time(s): 2.3982
Forward Time(s): 0.6098
Backward Time(s): 0.2219
Update Time(s): 0.0053
Emb Update Time(s): 2.2084
#seeds: 6144
#inputs: 2051284
==========================================
Part 14, Epoch Time(s): 5.8257
Sampling Time(s): 0.3363
Loading Time(s): 2.3355
Forward Time(s): 0.6989
Backward Time(s): 0.2238
Update Time(s): 0.0047
Emb Update Time(s): 2.2120
#seeds: 6144
#inputs: 2034399
==========================================
Part 12, Epoch Time(s): 5.8089
Sampling Time(s): 0.3016
Loading Time(s): 2.4432
Forward Time(s): 0.5979
Backward Time(s): 0.2245
Update Time(s): 0.0050
Emb Update Time(s): 2.2221
#seeds: 6144
#inputs: 2049120
==========================================
Part 13, Epoch Time(s): 5.8104
Sampling Time(s): 0.2812
Loading Time(s): 2.4986
Forward Time(s): 0.5800
Backward Time(s): 0.2212
Update Time(s): 0.0047
Emb Update Time(s): 2.2103
#seeds: 6144
#inputs: 2044356
=====================



=====================
Part 9, Epoch Time(s): 5.8094
Sampling Time(s): 0.3194
Loading Time(s): 2.3205
Forward Time(s): 0.7036
Backward Time(s): 0.2248
Update Time(s): 0.0052
Emb Update Time(s): 2.2219
#seeds: 6145
#inputs: 2031873
=====================
=====================
Part 24, Epoch Time(s): 5.8194
Sampling Time(s): 0.2877
Loading Time(s): 2.0905
Forward Time(s): 0.9750
Backward Time(s): 0.2267
Update Time(s): 0.0042
Emb Update Time(s): 2.2205
#seeds: 6144
#inputs: 1963946
==========================================
Part 29, Epoch Time(s): 5.8196
Sampling Time(s): 0.2940
Loading Time(s): 2.1117
Forward Time(s): 0.9476
Backward Time(s): 0.2255
Update Time(s): 0.0048
Emb Update Time(s): 2.2213
#seeds: 6144
#inputs: 1976426
=====================
=====================
Part 25, Epoch Time(s): 5.8201
Sampling Time(s): 0.3101
Loading Time(s): 2.3069
Forward Time(s): 0.7373
Backward Time(s): 0.2262
Update Time(s): 0.0048
Emb Update Time(s): 2.2202
#seeds: 6144
#inputs: 1967536
=====================
=====================
Part 28, Epoch Time(s): 5.8234
Sampling Time(s): 0.2814
Loading Time(s): 2.3149
Forward Time(s): 0.7739
Backward Time(s): 0.2233
Update Time(s): 0.0045
Emb Update Time(s): 2.2109
#seeds: 6144
#inputs: 1964479
=====================
=====================
Part 27, Epoch Time(s): 5.8176
Sampling Time(s): 0.3249
Loading Time(s): 2.2183
Forward Time(s): 0.8075
Backward Time(s): 0.2259
Update Time(s): 0.0068
Emb Update Time(s): 2.2191
#seeds: 6145
#inputs: 1973402
=====================
=====================
Part 31, Epoch Time(s): 5.8260
Sampling Time(s): 0.2992
Loading Time(s): 2.3805
Forward Time(s): 0.6958
Backward Time(s): 0.2212
Update Time(s): 0.0048
Emb Update Time(s): 2.2100
#seeds: 6144
#inputs: 1961885
==========================================
Part 26, Epoch Time(s): 5.8157
Sampling Time(s): 0.2985
Loading Time(s): 2.3751
Forward Time(s): 0.6781
Backward Time(s): 0.2239
Update Time(s): 0.0048
Emb Update Time(s): 2.2205
#seeds: 6144
#inputs: 1983318
==========================================
Part 30, Epoch Time(s): 5.8230
Sampling Time(s): 0.2959
Loading Time(s): 2.4799
Forward Time(s): 0.5835
Backward Time(s): 0.2229
Update Time(s): 0.0043
Emb Update Time(s): 2.2217
#seeds: 6144
#inputs: 1976562
=====================



|V|=2449029, eval batch size: 100000
|V|=2449029, eval batch size: 100000
|V|=2449029, eval batch size: 100000
|V|=2449029, eval batch size: 100000
|V|=2449029, eval batch size: 100000
|V|=2449029, eval batch size: 100000
|V|=2449029, eval batch size: 100000
|V|=2449029, eval batch size: 100000
|V|=2449029, eval batch size: 100000
|V|=2449029, eval batch size: 100000
|V|=2449029, eval batch size: 100000
|V|=2449029, eval batch size: 100000
|V|=2449029, eval batch size: 100000
|V|=2449029, eval batch size: 100000
|V|=2449029, eval batch size: 100000
|V|=2449029, eval batch size: 100000
|V|=2449029, eval batch size: 100000
|V|=2449029, eval batch size: 100000
|V|=2449029, eval batch size: 100000
|V|=2449029, eval batch size: 100000
|V|=2449029, eval batch size: 100000
|V|=2449029, eval batch size: 100000
|V|=2449029, eval batch size: 100000
|V|=2449029, eval batch size: 100000
|V|=2449029, eval batch size: 100000
|V|=2449029, eval batch size: 100000
|V|=2449029, eval batch size: 100000
|V|=2449029, eval batch size: 100000
|V|=2449029, eval batch size: 100000
|V|=2449029, eval batch size: 100000
|V|=2449029, eval batch size: 100000
|V|=2449029, eval batch size: 100000
|V|=2449029, eval batch size: 100000
|V|=2449029, eval batch size: 100000
|V|=2449029, eval batch size: 100000
|V|=2449029, eval batch size: 100000
|V|=2449029, eval batch size: 100000
|V|=2449029, eval batch size: 100000
|V|=2449029, eval batch size: 100000
|V|=2449029, eval batch size: 100000
|V|=2449029, eval batch size: 100000
|V|=2449029, eval batch size: 100000
|V|=2449029, eval batch size: 100000
|V|=2449029, eval batch size: 100000
|V|=2449029, eval batch size: 100000
|V|=2449029, eval batch size: 100000
|V|=2449029, eval batch size: 100000
|V|=2449029, eval batch size: 100000
|V|=2449029, eval batch size: 100000
|V|=2449029, eval batch size: 100000
|V|=2449029, eval batch size: 100000
|V|=2449029, eval batch size: 100000
|V|=2449029, eval batch size: 100000
|V|=2449029, eval batch size: 100000
|V|=2449029, eval batch size: 100000
|V|=2449029, eval batch size: 100000
|V|=2449029, eval batch size: 100000
|V|=2449029, eval batch size: 100000
|V|=2449029, eval batch size: 100000
|V|=2449029, eval batch size: 100000
|V|=2449029, eval batch size: 100000
|V|=2449029, eval batch size: 100000
|V|=2449029, eval batch size: 100000
|V|=2449029, eval batch size: 100000
|V|=2449029, eval batch size: 100000
|V|=2449029, eval batch size: 100000
|V|=2449029, eval batch size: 100000
|V|=2449029, eval batch size: 100000
|V|=2449029, eval batch size: 100000
|V|=2449029, eval batch size: 100000
|V|=2449029, eval batch size: 100000
|V|=2449029, eval batch size: 100000
|V|=2449029, eval batch size: 100000
|V|=2449029, eval batch size: 100000
|V|=2449029, eval batch size: 100000
|V|=2449029, eval batch size: 100000
|V|=2449029, eval batch size: 100000
|V|=2449029, eval batch size: 100000
|V|=2449029, eval batch size: 100000
|V|=2449029, eval batch size: 100000
|V|=2449029, eval batch size: 100000|V|=2449029, eval batch size: 100000

|V|=2449029, eval batch size: 100000
|V|=2449029, eval batch size: 100000
|V|=2449029, eval batch size: 100000
|V|=2449029, eval batch size: 100000
|V|=2449029, eval batch size: 100000
|V|=2449029, eval batch size: 100000
|V|=2449029, eval batch size: 100000
|V|=2449029, eval batch size: 100000
|V|=2449029, eval batch size: 100000
|V|=2449029, eval batch size: 100000
|V|=2449029, eval batch size: 100000
|V|=2449029, eval batch size: 100000
|V|=2449029, eval batch size: 100000
|V|=2449029, eval batch size: 100000
Part 4, Val Acc 0.9414, Test Acc 0.7699, time: 7.2083
Part 5, Val Acc 0.9577, Test Acc 0.7708, time: 7.2105
Part 13, Val Acc 0.8698, Test Acc 0.7029, time: 7.2170
Part 9, Val Acc 0.9048, Test Acc 0.7017, time: 7.2182
Part 3, Val Acc 0.9414, Test Acc 0.7682, time: 7.2206
Part 6, Val Acc 0.9455, Test Acc 0.7697, time: 7.2223
Part 15, Val Acc 0.8827, Test Acc 0.7001, time: 7.2232
Part 12, Val Acc 0.8845, Test Acc 0.6999, time: 7.2234
Part 30, Val Acc 0.9276, Test Acc 0.7030, time: 7.2243
Part 10, Val Acc 0.8861, Test Acc 0.7008, time: 7.2254
Part 29, Val Acc 0.9154, Test Acc 0.7025, time: 7.2277
Part 0, Val Acc 0.9479, Test Acc 0.7719, time: 7.2292
Part 18, Val Acc 0.8844, Test Acc 0.7006, time: 7.2294
Part 1, Val Acc 0.9349, Test Acc 0.7690, time: 7.2301
Part 7, Val Acc 0.9365, Test Acc 0.7681, time: 7.2308
Part 2, Val Acc 0.9439, Test Acc 0.7672, time: 7.2311
Part 28, Val Acc 0.9015, Test Acc 0.7032, time: 7.2309
Part 25, Val Acc 0.9162, Test Acc 0.7024, time: 7.2309
Part 26, Val Acc 0.9096, Test Acc 0.7030, time: 7.2318
Part 17, Val Acc 0.8910, Test Acc 0.6995, time: 7.2322
Part 21, Val Acc 0.8779, Test Acc 0.6996, time: 7.2327
Part 19, Val Acc 0.8934, Test Acc 0.7000, time: 7.2335
Part 23, Val Acc 0.8918, Test Acc 0.6956, time: 7.2337
Part 27, Val Acc 0.9186, Test Acc 0.7035, time: 7.2337
Part 24, Val Acc 0.9032, Test Acc 0.7048, time: 7.2340
Part 14, Val Acc 0.8845, Test Acc 0.6969, time: 7.2357
Part 8, Val Acc 0.8804, Test Acc 0.7014, time: 7.2373
Part 16, Val Acc 0.8910, Test Acc 0.6995, time: 7.2378
Part 20, Val Acc 0.9024, Test Acc 0.6973, time: 7.2386
Part 22, Val Acc 0.8853, Test Acc 0.7011, time: 7.2408
Part 31, Val Acc 0.9153, Test Acc 0.7045, time: 7.2421
Part 11, Val Acc 0.8869, Test Acc 0.7015, time: 7.2473
All parts avg val acc 0.9079, test acc 0.7181
Part 20 | Epoch 00011 | Step 00000 | Loss 0.3673 | Train Acc 0.9090 | Speed (samples/sec) 1030.0421 | GPU 1858.4 MB | time 1.063 s
Part 23 | Epoch 00011 | Step 00000 | Loss 0.3905 | Train Acc 0.9000 | Speed (samples/sec) 1030.4637 | GPU 1854.0 MB | time 1.068 sPart 18 | Epoch 00011 | Step 00000 | Loss 0.3799 | Train Acc 0.9050 | Speed (samples/sec) 1029.8141 | GPU 1851.0 MB | time 1.072 s

Part 19 | Epoch 00011 | Step 00000 | Loss 0.4489 | Train Acc 0.8960 | Speed (samples/sec) 1028.8553 | GPU 1853.1 MB | time 1.068 s
Part 21 | Epoch 00011 | Step 00000 | Loss 0.3466 | Train Acc 0.9180 | Speed (samples/sec) 1030.5580 | GPU 1849.7 MB | time 1.069 sPart 17 | Epoch 00011 | Step 00000 | Loss 0.4239 | Train Acc 0.9000 | Speed (samples/sec) 1030.0751 | GPU 1854.0 MB | time 1.070 s

Part 16 | Epoch 00011 | Step 00000 | Loss 0.3938 | Train Acc 0.9020 | Speed (samples/sec) 1030.2069 | GPU 1843.2 MB | time 1.064 s
Part 22 | Epoch 00011 | Step 00000 | Loss 0.4034 | Train Acc 0.9060 | Speed (samples/sec) 1029.9555 | GPU 1846.9 MB | time 1.061 s
Part 3 | Epoch 00011 | Step 00000 | Loss 0.2079 | Train Acc 0.9440 | Speed (samples/sec) 1028.3270 | GPU 1822.4 MB | time 1.081 sPart 1 | Epoch 00011 | Step 00000 | Loss 0.1415 | Train Acc 0.9630 | Speed (samples/sec) 1028.8063 | GPU 1827.9 MB | time 1.072 s

Part 5 | Epoch 00011 | Step 00000 | Loss 0.1521 | Train Acc 0.9620 | Speed (samples/sec) 1029.0316 | GPU 1817.4 MB | time 1.090 s
Part 2 | Epoch 00011 | Step 00000 | Loss 0.2439 | Train Acc 0.9540 | Speed (samples/sec) 1028.7373 | GPU 1809.4 MB | time 1.071 s
Part 7 | Epoch 00011 | Step 00000 | Loss 0.1909 | Train Acc 0.9530 | Speed (samples/sec) 1028.9381 | GPU 1810.8 MB | time 1.071 sPart 8 | Epoch 00011 | Step 00000 | Loss 0.3119 | Train Acc 0.9200 | Speed (samples/sec) 1029.6293 | GPU 2091.5 MB | time 1.064 s
Part 11 | Epoch 00011 | Step 00000 | Loss 0.4487 | Train Acc 0.8780 | Speed (samples/sec) 1029.5110 | GPU 2070.9 MB | time 1.055 s
Part 13 | Epoch 00011 | Step 00000 | Loss 0.3453 | Train Acc 0.9140 | Speed (samples/sec) 1029.8275 | GPU 2073.0 MB | time 1.085 sPart 14 | Epoch 00011 | Step 00000 | Loss 0.3454 | Train Acc 0.9120 | Speed (samples/sec) 1029.7329 | GPU 2077.1 MB | time 1.066 s
Part 10 | Epoch 00011 | Step 00000 | Loss 0.3280 | Train Acc 0.9130 | Speed (samples/sec) 1030.1086 | GPU 2075.6 MB | time 1.076 s

Part 15 | Epoch 00011 | Step 00000 | Loss 0.3085 | Train Acc 0.9240 | Speed (samples/sec) 1029.3187 | GPU 2064.4 MB | time 1.079 s

Part 0 | Epoch 00011 | Step 00000 | Loss 0.1558 | Train Acc 0.9670 | Speed (samples/sec) 1031.5592 | GPU 1817.3 MB | time 1.054 s
Part 12 | Epoch 00011 | Step 00000 | Loss 0.4488 | Train Acc 0.8920 | Speed (samples/sec) 1029.6545 | GPU 2075.5 MB | time 1.078 s
Part 4 | Epoch 00011 | Step 00000 | Loss 0.1769 | Train Acc 0.9540 | Speed (samples/sec) 1027.5836 | GPU 1813.4 MB | time 1.094 s
Part 9 | Epoch 00011 | Step 00000 | Loss 0.3748 | Train Acc 0.9130 | Speed (samples/sec) 1029.3551 | GPU 2076.6 MB | time 1.083 s
Part 28 | Epoch 00011 | Step 00000 | Loss 0.3046 | Train Acc 0.9270 | Speed (samples/sec) 1028.9277 | GPU 1933.8 MB | time 1.071 s
Part 26 | Epoch 00011 | Step 00000 | Loss 0.3052 | Train Acc 0.9280 | Speed (samples/sec) 1028.8985 | GPU 1931.2 MB | time 1.070 s
Part 31 | Epoch 00011 | Step 00000 | Loss 0.2875 | Train Acc 0.9410 | Speed (samples/sec) 1029.2362 | GPU 1928.9 MB | time 1.060 s
Part 6 | Epoch 00011 | Step 00000 | Loss 0.1720 | Train Acc 0.9600 | Speed (samples/sec) 1029.0445 | GPU 1814.5 MB | time 1.080 s
Part 30 | Epoch 00011 | Step 00000 | Loss 0.2500 | Train Acc 0.9390 | Speed (samples/sec) 1028.6390 | GPU 1929.4 MB | time 1.077 s
Part 24 | Epoch 00011 | Step 00000 | Loss 0.3089 | Train Acc 0.9320 | Speed (samples/sec) 1028.9832 | GPU 1940.0 MB | time 1.068 s
Part 29 | Epoch 00011 | Step 00000 | Loss 0.2869 | Train Acc 0.9250 | Speed (samples/sec) 1029.2196 | GPU 1933.7 MB | time 1.074 s
Part 25 | Epoch 00011 | Step 00000 | Loss 0.2762 | Train Acc 0.9390 | Speed (samples/sec) 1029.2455 | GPU 1946.4 MB | time 1.071 s
Part 27 | Epoch 00011 | Step 00000 | Loss 0.2429 | Train Acc 0.9340 | Speed (samples/sec) 1029.9075 | GPU 1933.9 MB | time 1.068 s
Avg train acc 0.9258Avg train acc 0.9258Avg train acc 0.9258


Avg train acc 0.9258
Avg train acc 0.9258
Avg train acc 0.9258
Avg train acc 0.9258Avg train acc 0.9258

Avg train acc 0.9258Avg train acc 0.9258Avg train acc 0.9258Avg train acc 0.9258Avg train acc 0.9258



Avg train acc 0.9258
Avg train acc 0.9258

Avg train acc 0.9258
Avg train acc 0.9258
Avg train acc 0.9258Avg train acc 0.9258Avg train acc 0.9258
Avg train acc 0.9258
Avg train acc 0.9258
Avg train acc 0.9258

Avg train acc 0.9258

Avg train acc 0.9258Avg train acc 0.9258Avg train acc 0.9258Avg train acc 0.9258Avg train acc 0.9258

Avg train acc 0.9258Avg train acc 0.9258



Avg train acc 0.9258

=====================
Part 0, Epoch Time(s): 5.8275
Sampling Time(s): 0.3400
Loading Time(s): 1.7843
Forward Time(s): 0.9165
Backward Time(s): 0.2283
Update Time(s): 0.0041
Emb Update Time(s): 2.5412
#seeds: 6144
#inputs: 1931079
=====================
=====================
Part 1, Epoch Time(s): 5.8462
Sampling Time(s): 0.2960
Loading Time(s): 1.7475
Forward Time(s): 1.0147
Backward Time(s): 0.2278
Update Time(s): 0.0053
Emb Update Time(s): 2.5408
#seeds: 6144
#inputs: 1923182
==========================================
Part 3, Epoch Time(s): 5.8548
Sampling Time(s): 0.3060
Loading Time(s): 2.0020
Forward Time(s): 0.7598
Backward Time(s): 0.2272
Update Time(s): 0.0046
Emb Update Time(s): 2.5422
#seeds: 6144
#inputs: 1932525
==========================================
Part 2, Epoch Time(s): 5.8442
Sampling Time(s): 0.2906
Loading Time(s): 2.0454
Forward Time(s): 0.7220
Backward Time(s): 0.2268
Update Time(s): 0.0052
Emb Update Time(s): 2.5410
#seeds: 6144
#inputs: 1941902
=====================

=====================
Part 6, Epoch Time(s): 5.8527
Sampling Time(s): 0.3119
Loading Time(s): 2.0017
Forward Time(s): 0.7520
Backward Time(s): 0.2269
Update Time(s): 0.0044
Emb Update Time(s): 2.5429
#seeds: 6145
#inputs: 1918725
=====================
=====================
Part 7, Epoch Time(s): 5.8446
Sampling Time(s): 0.3571
Loading Time(s): 2.0798
Forward Time(s): 0.6206
Backward Time(s): 0.2347
Update Time(s): 0.0049
Emb Update Time(s): 2.5341
#seeds: 6144
#inputs: 1934566
=====================

=====================
Part 5, Epoch Time(s): 5.8637
Sampling Time(s): 0.3182
Loading Time(s): 1.8259
Forward Time(s): 0.9328
Backward Time(s): 0.2270
Update Time(s): 0.0045
Emb Update Time(s): 2.5422
#seeds: 6145
#inputs: 1934008
==========================================
Part 4, Epoch Time(s): 5.8671
Sampling Time(s): 0.3008
Loading Time(s): 2.1140
Forward Time(s): 0.6783
Backward Time(s): 0.2250
Update Time(s): 0.0044
Emb Update Time(s): 2.5315
#seeds: 6144
#inputs: 1937262
=====================

=====================
Part 19, Epoch Time(s): 5.8420
Sampling Time(s): 0.2923
Loading Time(s): 1.9608
Forward Time(s): 0.8013
Backward Time(s): 0.2264
Update Time(s): 0.0042
Emb Update Time(s): 2.5436
#seeds: 6144
#inputs: 1935705
==========================================
Part 18, Epoch Time(s): 5.8459
Sampling Time(s): 0.3025
Loading Time(s): 1.8998
Forward Time(s): 0.8559
Backward Time(s): 0.2268
Update Time(s): 0.0043
Emb Update Time(s): 2.5434
#seeds: 6144
#inputs: 1911348
==========================================
Part 17, Epoch Time(s): 5.8432
Sampling Time(s): 0.3056
Loading Time(s): 1.8852
Forward Time(s): 0.8647
Backward Time(s): 0.2269
Update Time(s): 0.0043
Emb Update Time(s): 2.5432
#seeds: 6144
#inputs: 1929892
==========================================
Part 23, Epoch Time(s): 5.8418
Sampling Time(s): 0.2906
Loading Time(s): 1.9483
Forward Time(s): 0.8159
Backward Time(s): 0.2254
Update Time(s): 0.0044
Emb Update Time(s): 2.5440
#seeds: 6145
#inputs: 1929762
=====================



=====================
Part 20, Epoch Time(s): 5.8367
Sampling Time(s): 0.3047
Loading Time(s): 2.1743
Forward Time(s): 0.5703
Backward Time(s): 0.2262
Update Time(s): 0.0047
Emb Update Time(s): 2.5432
#seeds: 6144
#inputs: 1946420
==========================================
Part 21, Epoch Time(s): 5.8425
Sampling Time(s): 0.2843
Loading Time(s): 2.1258
Forward Time(s): 0.6459
Backward Time(s): 0.2249
Update Time(s): 0.0046
Emb Update Time(s): 2.5441
#seeds: 6145
#inputs: 1935117
==========================================
Part 16, Epoch Time(s): 5.8371
Sampling Time(s): 0.3139
Loading Time(s): 2.1138
Forward Time(s): 0.6210
Backward Time(s): 0.2270
Update Time(s): 0.0056
Emb Update Time(s): 2.5423
#seeds: 6144
#inputs: 1932527
==========================================
Part 22, Epoch Time(s): 5.8343
Sampling Time(s): 0.3018
Loading Time(s): 2.0230
Forward Time(s): 0.7227
Backward Time(s): 0.2244
Update Time(s): 0.0048
Emb Update Time(s): 2.5444
#seeds: 6144
#inputs: 1927018
=====================



=====================
Part 26, Epoch Time(s): 5.8437
Sampling Time(s): 0.2791
Loading Time(s): 2.3685
Forward Time(s): 0.4094
Backward Time(s): 0.2259
Update Time(s): 0.0041
Emb Update Time(s): 2.5439
#seeds: 6144
#inputs: 1983047
==========================================
Part 25, Epoch Time(s): 5.8445
Sampling Time(s): 0.2866
Loading Time(s): 2.2650
Forward Time(s): 0.5205
Backward Time(s): 0.2208
Update Time(s): 0.0053
Emb Update Time(s): 2.5326
#seeds: 6144
#inputs: 1969120
==========================================
Part 28, Epoch Time(s): 5.8447
Sampling Time(s): 0.2934
Loading Time(s): 2.2403
Forward Time(s): 0.5234
Backward Time(s): 0.2255
Update Time(s): 0.0043
Emb Update Time(s): 2.5442
#seeds: 6144
#inputs: 1967284
==========================================
Part 24, Epoch Time(s): 5.8416
Sampling Time(s): 0.3077
Loading Time(s): 2.1365
Forward Time(s): 0.6100
Backward Time(s): 0.2263
Update Time(s): 0.0041
Emb Update Time(s): 2.5436
#seeds: 6144
#inputs: 1960513
=====================


=====================
Part 30, Epoch Time(s): 5.8511
Sampling Time(s): 0.2832
Loading Time(s): 2.1497
Forward Time(s): 0.6459
Backward Time(s): 0.2214
Update Time(s): 0.0049
Emb Update Time(s): 2.5329
#seeds: 6144
#inputs: 1976284
=====================
=====================
Part 29, Epoch Time(s): 5.8476
Sampling Time(s): 0.2772
Loading Time(s): 2.0667
Forward Time(s): 0.7163
Backward Time(s): 0.2263
Update Time(s): 0.0051
Emb Update Time(s): 2.5430
#seeds: 6144
#inputs: 1969676
==========================================
Part 31, Epoch Time(s): 5.8334
Sampling Time(s): 0.2673
Loading Time(s): 2.2904
Forward Time(s): 0.4891
Backward Time(s): 0.2252
Update Time(s): 0.0045
Emb Update Time(s): 2.5440
#seeds: 6144
#inputs: 1960835
=====================


=====================
Part 27, Epoch Time(s): 5.8419
Sampling Time(s): 0.2952
Loading Time(s): 2.3935
Forward Time(s): 0.3846
Backward Time(s): 0.2177
Update Time(s): 0.0048
Emb Update Time(s): 2.5331
#seeds: 6145
#inputs: 1978864
=====================
=====================
Part 11, Epoch Time(s): 5.8280
Sampling Time(s): 0.2899
Loading Time(s): 2.0302
Forward Time(s): 0.7198
Backward Time(s): 0.2258
Update Time(s): 0.0041
Emb Update Time(s): 2.5445
#seeds: 6144
#inputs: 2037482
=====================
=====================
Part 8, Epoch Time(s): 5.8378
Sampling Time(s): 0.3445
Loading Time(s): 2.0501
Forward Time(s): 0.6557
Backward Time(s): 0.2255
Update Time(s): 0.0043
Emb Update Time(s): 2.5442
#seeds: 6145
#inputs: 2038392
==========================================
Part 15, Epoch Time(s): 5.8521
Sampling Time(s): 0.2997
Loading Time(s): 1.9757
Forward Time(s): 0.7885
Backward Time(s): 0.2244
Update Time(s): 0.0044
Emb Update Time(s): 2.5457
#seeds: 6144
#inputs: 2022097
=====================
=====================
Part 9, Epoch Time(s): 5.8567
Sampling Time(s): 0.3423
Loading Time(s): 2.2889
Forward Time(s): 0.4526
Backward Time(s): 0.2228
Update Time(s): 0.0048
Emb Update Time(s): 2.5318
#seeds: 6145
#inputs: 2034675
=====================
=====================
Part 14, Epoch Time(s): 5.8396
Sampling Time(s): 0.2938
Loading Time(s): 2.2776
Forward Time(s): 0.4805
Backward Time(s): 0.2247
Update Time(s): 0.0046
Emb Update Time(s): 2.5449
#seeds: 6144
#inputs: 2030006
==========================================
Part 12, Epoch Time(s): 5.8519
Sampling Time(s): 0.2999
Loading Time(s): 2.3150
Forward Time(s): 0.4739
Backward Time(s): 0.2213
Update Time(s): 0.0045
Emb Update Time(s): 2.5237
#seeds: 6144
#inputs: 2035906
==========================================
Part 10, Epoch Time(s): 5.8498
Sampling Time(s): 0.3233
Loading Time(s): 2.3386
Forward Time(s): 0.4216
Backward Time(s): 0.2196
Update Time(s): 0.0050
Emb Update Time(s): 2.5277
#seeds: 6144
#inputs: 2047089
=====================



=====================
Part 13, Epoch Time(s): 5.8584
Sampling Time(s): 0.3089
Loading Time(s): 2.2990
Forward Time(s): 0.4618
Backward Time(s): 0.2253
Update Time(s): 0.0046
Emb Update Time(s): 2.5448
#seeds: 6144
#inputs: 2049370
=====================
|V|=2449029, eval batch size: 100000
|V|=2449029, eval batch size: 100000
|V|=2449029, eval batch size: 100000
|V|=2449029, eval batch size: 100000
|V|=2449029, eval batch size: 100000
|V|=2449029, eval batch size: 100000|V|=2449029, eval batch size: 100000

|V|=2449029, eval batch size: 100000
|V|=2449029, eval batch size: 100000
|V|=2449029, eval batch size: 100000
|V|=2449029, eval batch size: 100000
|V|=2449029, eval batch size: 100000
|V|=2449029, eval batch size: 100000
|V|=2449029, eval batch size: 100000
|V|=2449029, eval batch size: 100000
|V|=2449029, eval batch size: 100000
|V|=2449029, eval batch size: 100000
|V|=2449029, eval batch size: 100000
|V|=2449029, eval batch size: 100000
|V|=2449029, eval batch size: 100000
|V|=2449029, eval batch size: 100000
|V|=2449029, eval batch size: 100000
|V|=2449029, eval batch size: 100000
|V|=2449029, eval batch size: 100000
|V|=2449029, eval batch size: 100000
|V|=2449029, eval batch size: 100000
|V|=2449029, eval batch size: 100000
|V|=2449029, eval batch size: 100000
|V|=2449029, eval batch size: 100000
|V|=2449029, eval batch size: 100000
|V|=2449029, eval batch size: 100000
|V|=2449029, eval batch size: 100000
|V|=2449029, eval batch size: 100000
|V|=2449029, eval batch size: 100000
|V|=2449029, eval batch size: 100000
|V|=2449029, eval batch size: 100000
|V|=2449029, eval batch size: 100000
|V|=2449029, eval batch size: 100000
|V|=2449029, eval batch size: 100000
|V|=2449029, eval batch size: 100000
|V|=2449029, eval batch size: 100000
|V|=2449029, eval batch size: 100000
|V|=2449029, eval batch size: 100000
|V|=2449029, eval batch size: 100000
|V|=2449029, eval batch size: 100000
|V|=2449029, eval batch size: 100000
|V|=2449029, eval batch size: 100000
|V|=2449029, eval batch size: 100000
|V|=2449029, eval batch size: 100000
|V|=2449029, eval batch size: 100000
|V|=2449029, eval batch size: 100000
|V|=2449029, eval batch size: 100000
|V|=2449029, eval batch size: 100000
|V|=2449029, eval batch size: 100000
|V|=2449029, eval batch size: 100000|V|=2449029, eval batch size: 100000

|V|=2449029, eval batch size: 100000
|V|=2449029, eval batch size: 100000
|V|=2449029, eval batch size: 100000
|V|=2449029, eval batch size: 100000
|V|=2449029, eval batch size: 100000
|V|=2449029, eval batch size: 100000
|V|=2449029, eval batch size: 100000
|V|=2449029, eval batch size: 100000
|V|=2449029, eval batch size: 100000
|V|=2449029, eval batch size: 100000
|V|=2449029, eval batch size: 100000
|V|=2449029, eval batch size: 100000
|V|=2449029, eval batch size: 100000
|V|=2449029, eval batch size: 100000
|V|=2449029, eval batch size: 100000
|V|=2449029, eval batch size: 100000
|V|=2449029, eval batch size: 100000
|V|=2449029, eval batch size: 100000
|V|=2449029, eval batch size: 100000
|V|=2449029, eval batch size: 100000
|V|=2449029, eval batch size: 100000
|V|=2449029, eval batch size: 100000
|V|=2449029, eval batch size: 100000
|V|=2449029, eval batch size: 100000
|V|=2449029, eval batch size: 100000
|V|=2449029, eval batch size: 100000
|V|=2449029, eval batch size: 100000
|V|=2449029, eval batch size: 100000
|V|=2449029, eval batch size: 100000
|V|=2449029, eval batch size: 100000
|V|=2449029, eval batch size: 100000
|V|=2449029, eval batch size: 100000
|V|=2449029, eval batch size: 100000
|V|=2449029, eval batch size: 100000
|V|=2449029, eval batch size: 100000
|V|=2449029, eval batch size: 100000
|V|=2449029, eval batch size: 100000
|V|=2449029, eval batch size: 100000
|V|=2449029, eval batch size: 100000
|V|=2449029, eval batch size: 100000
Part 15, Val Acc 0.8836, Test Acc 0.7026, time: 6.9465
Part 5, Val Acc 0.9569, Test Acc 0.7729, time: 6.9499
Part 4, Val Acc 0.9422, Test Acc 0.7717, time: 6.9502
Part 29, Val Acc 0.9178, Test Acc 0.7098, time: 6.9503
Part 3, Val Acc 0.9430, Test Acc 0.7698, time: 6.9529
Part 0, Val Acc 0.9495, Test Acc 0.7745, time: 6.9548
Part 1, Val Acc 0.9349, Test Acc 0.7709, time: 6.9551
Part 6, Val Acc 0.9479, Test Acc 0.7721, time: 6.9557
Part 2, Val Acc 0.9447, Test Acc 0.7697, time: 6.9564
Part 31, Val Acc 0.9210, Test Acc 0.7109, time: 6.9566
Part 30, Val Acc 0.9284, Test Acc 0.7107, time: 6.9569
Part 8, Val Acc 0.8812, Test Acc 0.7043, time: 6.9571
Part 7, Val Acc 0.9390, Test Acc 0.7707, time: 6.9590
Part 23, Val Acc 0.8934, Test Acc 0.7075, time: 6.9601
Part 18, Val Acc 0.8901, Test Acc 0.7115, time: 6.9611
Part 21, Val Acc 0.8796, Test Acc 0.7104, time: 6.9617
Part 26, Val Acc 0.9121, Test Acc 0.7106, time: 6.9622
Part 25, Val Acc 0.9186, Test Acc 0.7099, time: 6.9626
Part 28, Val Acc 0.9040, Test Acc 0.7113, time: 6.9628
Part 22, Val Acc 0.8836, Test Acc 0.7121, time: 6.9632
Part 16, Val Acc 0.8934, Test Acc 0.7103, time: 6.9658
Part 17, Val Acc 0.8918, Test Acc 0.7108, time: 6.9659
Part 27, Val Acc 0.9186, Test Acc 0.7112, time: 6.9672
Part 13, Val Acc 0.8706, Test Acc 0.7056, time: 6.9688
Part 10, Val Acc 0.8869, Test Acc 0.7031, time: 6.9690
Part 14, Val Acc 0.8893, Test Acc 0.7000, time: 6.9692
Part 20, Val Acc 0.9040, Test Acc 0.7085, time: 6.9699
Part 11, Val Acc 0.8934, Test Acc 0.7051, time: 6.9700
Part 9, Val Acc 0.9081, Test Acc 0.7047, time: 6.9701
Part 12, Val Acc 0.8812, Test Acc 0.7028, time: 6.9707
Part 24, Val Acc 0.9040, Test Acc 0.7120, time: 6.9724
Part 19, Val Acc 0.8967, Test Acc 0.7104, time: 6.9734
All parts avg val acc 0.9097, test acc 0.7240
Part 6 | Epoch 00012 | Step 00000 | Loss 0.1568 | Train Acc 0.9710 | Speed (samples/sec) 1026.2012 | GPU 1814.5 MB | time 1.188 s
Part 4 | Epoch 00012 | Step 00000 | Loss 0.1653 | Train Acc 0.9620 | Speed (samples/sec) 1024.7914 | GPU 1813.4 MB | time 1.193 s
Part 7 | Epoch 00012 | Step 00000 | Loss 0.1066 | Train Acc 0.9760 | Speed (samples/sec) 1026.1043 | GPU 1810.8 MB | time 1.184 s
Part 2 | Epoch 00012 | Step 00000 | Loss 0.1194 | Train Acc 0.9640 | Speed (samples/sec) 1025.8975 | GPU 1809.4 MB | time 1.187 s
Part 5 | Epoch 00012 | Step 00000 | Loss 0.1423 | Train Acc 0.9670 | Speed (samples/sec) 1026.1314 | GPU 1817.4 MB | time 1.194 s
Part 23 | Epoch 00012 | Step 00000 | Loss 0.3717 | Train Acc 0.9130 | Speed (samples/sec) 1027.5301 | GPU 1854.0 MB | time 1.183 sPart 21 | Epoch 00012 | Step 00000 | Loss 0.3613 | Train Acc 0.9190 | Speed (samples/sec) 1027.6278 | GPU 1849.7 MB | time 1.182 s

Part 19 | Epoch 00012 | Step 00000 | Loss 0.4035 | Train Acc 0.9000 | Speed (samples/sec) 1026.1538 | GPU 1853.1 MB | time 1.170 s
Part 0 | Epoch 00012 | Step 00000 | Loss 0.1670 | Train Acc 0.9640 | Speed (samples/sec) 1028.6308 | GPU 1817.3 MB | time 1.170 s
Part 1 | Epoch 00012 | Step 00000 | Loss 0.1663 | Train Acc 0.9630 | Speed (samples/sec) 1025.9470 | GPU 1827.9 MB | time 1.188 s
Part 29 | Epoch 00012 | Step 00000 | Loss 0.2471 | Train Acc 0.9370 | Speed (samples/sec) 1026.2759 | GPU 1933.7 MB | time 1.193 s
Part 28 | Epoch 00012 | Step 00000 | Loss 0.2380 | Train Acc 0.9400 | Speed (samples/sec) 1026.1240 | GPU 1933.8 MB | time 1.181 s
Part 26 | Epoch 00012 | Step 00000 | Loss 0.2329 | Train Acc 0.9450 | Speed (samples/sec) 1026.0897 | GPU 1931.2 MB | time 1.181 s
Part 20 | Epoch 00012 | Step 00000 | Loss 0.3868 | Train Acc 0.9050 | Speed (samples/sec) 1027.2060 | GPU 1858.4 MB | time 1.173 s
Part 22 | Epoch 00012 | Step 00000 | Loss 0.3209 | Train Acc 0.9090 | Speed (samples/sec) 1027.0672 | GPU 1846.9 MB | time 1.180 sPart 18 | Epoch 00012 | Step 00000 | Loss 0.3279 | Train Acc 0.9260 | Speed (samples/sec) 1026.9170 | GPU 1851.0 MB | time 1.182 s

Part 16 | Epoch 00012 | Step 00000 | Loss 0.4259 | Train Acc 0.8990 | Speed (samples/sec) 1027.3202 | GPU 1843.2 MB | time 1.178 sPart 27 | Epoch 00012 | Step 00000 | Loss 0.2717 | Train Acc 0.9400 | Speed (samples/sec) 1027.0809 | GPU 1933.9 MB | time 1.176 s
Part 24 | Epoch 00012 | Step 00000 | Loss 0.2613 | Train Acc 0.9370 | Speed (samples/sec) 1026.2565 | GPU 1940.0 MB | time 1.171 s
Part 31 | Epoch 00012 | Step 00000 | Loss 0.2706 | Train Acc 0.9400 | Speed (samples/sec) 1026.3478 | GPU 1928.9 MB | time 1.187 s
Part 30 | Epoch 00012 | Step 00000 | Loss 0.2972 | Train Acc 0.9240 | Speed (samples/sec) 1025.8028 | GPU 1932.6 MB | time 1.187 s
Part 25 | Epoch 00012 | Step 00000 | Loss 0.2332 | Train Acc 0.9410 | Speed (samples/sec) 1026.4348 | GPU 1946.4 MB | time 1.179 s

Part 14 | Epoch 00012 | Step 00000 | Loss 0.3004 | Train Acc 0.9230 | Speed (samples/sec) 1026.9214 | GPU 2077.1 MB | time 1.174 sPart 8 | Epoch 00012 | Step 00000 | Loss 0.3231 | Train Acc 0.9100 | Speed (samples/sec) 1026.7519 | GPU 2091.5 MB | time 1.186 s

Part 11 | Epoch 00012 | Step 00000 | Loss 0.3066 | Train Acc 0.9270 | Speed (samples/sec) 1026.7299 | GPU 2071.3 MB | time 1.173 s
Part 10 | Epoch 00012 | Step 00000 | Loss 0.3260 | Train Acc 0.9120 | Speed (samples/sec) 1027.2717 | GPU 2075.6 MB | time 1.174 s
Part 13 | Epoch 00012 | Step 00000 | Loss 0.3507 | Train Acc 0.9050 | Speed (samples/sec) 1027.0124 | GPU 2073.0 MB | time 1.175 sPart 12 | Epoch 00012 | Step 00000 | Loss 0.3088 | Train Acc 0.9120 | Speed (samples/sec) 1026.8677 | GPU 2075.5 MB | time 1.173 s

Part 9 | Epoch 00012 | Step 00000 | Loss 0.3235 | Train Acc 0.9130 | Speed (samples/sec) 1026.6137 | GPU 2076.6 MB | time 1.173 s
Part 15 | Epoch 00012 | Step 00000 | Loss 0.3420 | Train Acc 0.9160 | Speed (samples/sec) 1026.3458 | GPU 2064.4 MB | time 1.197 s
Part 17 | Epoch 00012 | Step 00000 | Loss 0.3144 | Train Acc 0.9220 | Speed (samples/sec) 1027.1986 | GPU 1854.0 MB | time 1.178 s
Part 3 | Epoch 00012 | Step 00000 | Loss 0.1724 | Train Acc 0.9550 | Speed (samples/sec) 1025.4682 | GPU 1822.4 MB | time 1.192 s
Avg train acc 0.9324Avg train acc 0.9324
Avg train acc 0.9324
Avg train acc 0.9324Avg train acc 0.9324Avg train acc 0.9324
Avg train acc 0.9324



Avg train acc 0.9324
Avg train acc 0.9324Avg train acc 0.9324

Avg train acc 0.9324Avg train acc 0.9324Avg train acc 0.9324
Avg train acc 0.9324


Avg train acc 0.9324
Avg train acc 0.9324
Avg train acc 0.9324Avg train acc 0.9324
Avg train acc 0.9324

Avg train acc 0.9324Avg train acc 0.9324Avg train acc 0.9324Avg train acc 0.9324Avg train acc 0.9324




Avg train acc 0.9324Avg train acc 0.9324Avg train acc 0.9324Avg train acc 0.9324Avg train acc 0.9324



Avg train acc 0.9324Avg train acc 0.9324

Avg train acc 0.9324

=====================
Part 0, Epoch Time(s): 5.5452
Sampling Time(s): 0.2954
Loading Time(s): 1.8739
Forward Time(s): 0.8566
Backward Time(s): 0.2311
Update Time(s): 0.0041
Emb Update Time(s): 2.2762
#seeds: 6144
#inputs: 1920944
==========================================
Part 3, Epoch Time(s): 5.5662
Sampling Time(s): 0.2789
Loading Time(s): 1.9026
Forward Time(s): 0.8653
Backward Time(s): 0.2304
Update Time(s): 0.0048
Emb Update Time(s): 2.2775
#seeds: 6144
#inputs: 1940125
==========================================
Part 1, Epoch Time(s): 5.5641
Sampling Time(s): 0.2798
Loading Time(s): 1.7681
Forward Time(s): 0.9975
Backward Time(s): 0.2304
Update Time(s): 0.0043
Emb Update Time(s): 2.2761
#seeds: 6144
#inputs: 1925880
==========================================
Part 4, Epoch Time(s): 5.5688
Sampling Time(s): 0.2676
Loading Time(s): 2.2046
Forward Time(s): 0.5801
Backward Time(s): 0.2315
Update Time(s): 0.0044
Emb Update Time(s): 2.2728
#seeds: 6144
#inputs: 1939602
=====================


=====================
Part 2, Epoch Time(s): 5.5627
Sampling Time(s): 0.2900
Loading Time(s): 2.0802
Forward Time(s): 0.6727
Backward Time(s): 0.2305
Update Time(s): 0.0051
Emb Update Time(s): 2.2759
#seeds: 6144
#inputs: 1938916
=====================
=====================
Part 6, Epoch Time(s): 5.5636
Sampling Time(s): 0.2836
Loading Time(s): 2.1748
Forward Time(s): 0.5948
Backward Time(s): 0.2268
Update Time(s): 0.0048
Emb Update Time(s): 2.2707
#seeds: 6145
#inputs: 1921014
=====================
=====================
Part 5, Epoch Time(s): 5.5693
Sampling Time(s): 0.3126
Loading Time(s): 1.8524
Forward Time(s): 0.8849
Backward Time(s): 0.2301
Update Time(s): 0.0047
Emb Update Time(s): 2.2761
#seeds: 6145
#inputs: 1930361
=====================
=====================
Part 7, Epoch Time(s): 5.5602
Sampling Time(s): 0.3082
Loading Time(s): 2.1382
Forward Time(s): 0.5977
Backward Time(s): 0.2267
Update Time(s): 0.0053
Emb Update Time(s): 2.2759
#seeds: 6144
#inputs: 1930040
=====================

=====================
Part 19, Epoch Time(s): 5.5453
Sampling Time(s): 0.3110
Loading Time(s): 1.8969
Forward Time(s): 0.8180
Backward Time(s): 0.2294
Update Time(s): 0.0042
Emb Update Time(s): 2.2776
#seeds: 6144
#inputs: 1934034
==========================================
Part 17, Epoch Time(s): 5.5531
Sampling Time(s): 0.3041
Loading Time(s): 1.9427
Forward Time(s): 0.7871
Backward Time(s): 0.2301
Update Time(s): 0.0043
Emb Update Time(s): 2.2769
#seeds: 6144
#inputs: 1926285
==========================================
Part 16, Epoch Time(s): 5.5534
Sampling Time(s): 0.2940
Loading Time(s): 2.2149
Forward Time(s): 0.5249
Backward Time(s): 0.2302
Update Time(s): 0.0047
Emb Update Time(s): 2.2763
#seeds: 6144
#inputs: 1937140
=====================


=====================
Part 18, Epoch Time(s): 5.5582
Sampling Time(s): 0.3117
Loading Time(s): 1.8597
Forward Time(s): 0.8680
Backward Time(s): 0.2296
Update Time(s): 0.0046
Emb Update Time(s): 2.2764
#seeds: 6144
#inputs: 1920002
==========================================
Part 21, Epoch Time(s): 5.5574
Sampling Time(s): 0.3053
Loading Time(s): 2.1849
Forward Time(s): 0.5477
Backward Time(s): 0.2292
Update Time(s): 0.0049
Emb Update Time(s): 2.2771
#seeds: 6145
#inputs: 1943853
=====================
=====================
Part 22, Epoch Time(s): 5.5560
Sampling Time(s): 0.3103
Loading Time(s): 2.1787
Forward Time(s): 0.5620
Backward Time(s): 0.2233
Update Time(s): 0.0052
Emb Update Time(s): 2.2679
#seeds: 6144
#inputs: 1926234
==========================================
Part 23, Epoch Time(s): 5.5591
Sampling Time(s): 0.3059
Loading Time(s): 1.9773
Forward Time(s): 0.7569
Backward Time(s): 0.2283
Update Time(s): 0.0043
Emb Update Time(s): 2.2784
#seeds: 6145
#inputs: 1928373
=====================
=====================
Part 20, Epoch Time(s): 5.5492
Sampling Time(s): 0.3002
Loading Time(s): 2.2738
Forward Time(s): 0.4573
Backward Time(s): 0.2274
Update Time(s): 0.0049
Emb Update Time(s): 2.2771
#seeds: 6144
#inputs: 1945724
=====================


=====================
Part 26, Epoch Time(s): 5.5567
Sampling Time(s): 0.2729
Loading Time(s): 2.2748
Forward Time(s): 0.4896
Backward Time(s): 0.2282
Update Time(s): 0.0041
Emb Update Time(s): 2.2790
#seeds: 6144
#inputs: 1986538
==========================================
Part 30, Epoch Time(s): 5.5625
Sampling Time(s): 0.2779
Loading Time(s): 2.0886
Forward Time(s): 0.6764
Backward Time(s): 0.2277
Update Time(s): 0.0042
Emb Update Time(s): 2.2797
#seeds: 6144
#inputs: 1981438
==========================================
Part 29, Epoch Time(s): 5.5690
Sampling Time(s): 0.2987
Loading Time(s): 1.9927
Forward Time(s): 0.7580
Backward Time(s): 0.2346
Update Time(s): 0.0047
Emb Update Time(s): 2.2722
#seeds: 6144
#inputs: 1970279
==========================================
Part 24, Epoch Time(s): 5.5467
Sampling Time(s): 0.3043
Loading Time(s): 2.1622
Forward Time(s): 0.5606
Backward Time(s): 0.2287
Update Time(s): 0.0040
Emb Update Time(s): 2.2788
#seeds: 6144
#inputs: 1964324
==========================================
Part 28, Epoch Time(s): 5.5566
Sampling Time(s): 0.2882
Loading Time(s): 2.2170
Forward Time(s): 0.5321
Backward Time(s): 0.2276
Update Time(s): 0.0044
Emb Update Time(s): 2.2792
#seeds: 6144
#inputs: 1965900
==========================================
Part 31, Epoch Time(s): 5.5625
Sampling Time(s): 0.2933
Loading Time(s): 2.2699
Forward Time(s): 0.4944
Backward Time(s): 0.2279
Update Time(s): 0.0042
Emb Update Time(s): 2.2648
#seeds: 6144
#inputs: 1956321
==========================================
Part 25, Epoch Time(s): 5.5551
Sampling Time(s): 0.4206
Loading Time(s): 2.2149
Forward Time(s): 0.3996
Backward Time(s): 0.2285
Update Time(s): 0.0046
Emb Update Time(s): 2.2788
#seeds: 6144
#inputs: 1959904
=====================






=====================
Part 27, Epoch Time(s): 5.5522
Sampling Time(s): 0.3176
Loading Time(s): 2.1877
Forward Time(s): 0.5263
Backward Time(s): 0.2280
Update Time(s): 0.0053
Emb Update Time(s): 2.2788
#seeds: 6145
#inputs: 1978418
=====================
=====================
Part 9, Epoch Time(s): 5.5486
Sampling Time(s): 0.3177
Loading Time(s): 2.0006
Forward Time(s): 0.7108
Backward Time(s): 0.2292
Update Time(s): 0.0047
Emb Update Time(s): 2.2779
#seeds: 6145
#inputs: 2033635
==========================================
Part 8, Epoch Time(s): 5.5620
Sampling Time(s): 0.3330
Loading Time(s): 2.3499
Forward Time(s): 0.3753
Backward Time(s): 0.2247
Update Time(s): 0.0047
Emb Update Time(s): 2.2666
#seeds: 6145
#inputs: 2040672
==========================================
Part 11, Epoch Time(s): 5.5490
Sampling Time(s): 0.3168
Loading Time(s): 2.2885
Forward Time(s): 0.4396
Backward Time(s): 0.2253
Update Time(s): 0.0040
Emb Update Time(s): 2.2671
#seeds: 6144
#inputs: 2041189
=====================


=====================
Part 15, Epoch Time(s): 5.5726
Sampling Time(s): 0.3135
Loading Time(s): 2.2016
Forward Time(s): 0.5380
Backward Time(s): 0.2280
Update Time(s): 0.0044
Emb Update Time(s): 2.2795
#seeds: 6144
#inputs: 2025565
==========================================
Part 12, Epoch Time(s): 5.5482
Sampling Time(s): 0.3035
Loading Time(s): 2.3714
Forward Time(s): 0.3697
Backward Time(s): 0.2249
Update Time(s): 0.0048
Emb Update Time(s): 2.2661
#seeds: 6144
#inputs: 2050384
=====================
=====================
Part 14, Epoch Time(s): 5.5499
Sampling Time(s): 0.2936
Loading Time(s): 2.2643
Forward Time(s): 0.4862
Backward Time(s): 0.2262
Update Time(s): 0.0045
Emb Update Time(s): 2.2674
#seeds: 6144
#inputs: 2034319
=====================

=====================
Part 10, Epoch Time(s): 5.5501
Sampling Time(s): 0.3030
Loading Time(s): 2.3413
Forward Time(s): 0.3992
Backward Time(s): 0.2277
Update Time(s): 0.0050
Emb Update Time(s): 2.2663
#seeds: 6144
#inputs: 2046065
=====================
=====================
Part 13, Epoch Time(s): 5.5503
Sampling Time(s): 0.2828
Loading Time(s): 2.3452
Forward Time(s): 0.4132
Backward Time(s): 0.2275
Update Time(s): 0.0046
Emb Update Time(s): 2.2692
#seeds: 6144
#inputs: 2049537
=====================
|V|=2449029, eval batch size: 100000
|V|=2449029, eval batch size: 100000
|V|=2449029, eval batch size: 100000
|V|=2449029, eval batch size: 100000
|V|=2449029, eval batch size: 100000
|V|=2449029, eval batch size: 100000
|V|=2449029, eval batch size: 100000
|V|=2449029, eval batch size: 100000
|V|=2449029, eval batch size: 100000
|V|=2449029, eval batch size: 100000
|V|=2449029, eval batch size: 100000
|V|=2449029, eval batch size: 100000
|V|=2449029, eval batch size: 100000
|V|=2449029, eval batch size: 100000
|V|=2449029, eval batch size: 100000
|V|=2449029, eval batch size: 100000
|V|=2449029, eval batch size: 100000
|V|=2449029, eval batch size: 100000
|V|=2449029, eval batch size: 100000
|V|=2449029, eval batch size: 100000
|V|=2449029, eval batch size: 100000
|V|=2449029, eval batch size: 100000
|V|=2449029, eval batch size: 100000
|V|=2449029, eval batch size: 100000
|V|=2449029, eval batch size: 100000
|V|=2449029, eval batch size: 100000
|V|=2449029, eval batch size: 100000
|V|=2449029, eval batch size: 100000
|V|=2449029, eval batch size: 100000
|V|=2449029, eval batch size: 100000
|V|=2449029, eval batch size: 100000
|V|=2449029, eval batch size: 100000
|V|=2449029, eval batch size: 100000
|V|=2449029, eval batch size: 100000
|V|=2449029, eval batch size: 100000
|V|=2449029, eval batch size: 100000
|V|=2449029, eval batch size: 100000
|V|=2449029, eval batch size: 100000
|V|=2449029, eval batch size: 100000
|V|=2449029, eval batch size: 100000
|V|=2449029, eval batch size: 100000
|V|=2449029, eval batch size: 100000
|V|=2449029, eval batch size: 100000
|V|=2449029, eval batch size: 100000
|V|=2449029, eval batch size: 100000
|V|=2449029, eval batch size: 100000
|V|=2449029, eval batch size: 100000
|V|=2449029, eval batch size: 100000
|V|=2449029, eval batch size: 100000
|V|=2449029, eval batch size: 100000
|V|=2449029, eval batch size: 100000
|V|=2449029, eval batch size: 100000
|V|=2449029, eval batch size: 100000
|V|=2449029, eval batch size: 100000
|V|=2449029, eval batch size: 100000
|V|=2449029, eval batch size: 100000
|V|=2449029, eval batch size: 100000
|V|=2449029, eval batch size: 100000
|V|=2449029, eval batch size: 100000
|V|=2449029, eval batch size: 100000
|V|=2449029, eval batch size: 100000
|V|=2449029, eval batch size: 100000
|V|=2449029, eval batch size: 100000
|V|=2449029, eval batch size: 100000
|V|=2449029, eval batch size: 100000
|V|=2449029, eval batch size: 100000
|V|=2449029, eval batch size: 100000
|V|=2449029, eval batch size: 100000
|V|=2449029, eval batch size: 100000
|V|=2449029, eval batch size: 100000
|V|=2449029, eval batch size: 100000
|V|=2449029, eval batch size: 100000
|V|=2449029, eval batch size: 100000
|V|=2449029, eval batch size: 100000
|V|=2449029, eval batch size: 100000
|V|=2449029, eval batch size: 100000
|V|=2449029, eval batch size: 100000
|V|=2449029, eval batch size: 100000
|V|=2449029, eval batch size: 100000
|V|=2449029, eval batch size: 100000
|V|=2449029, eval batch size: 100000
|V|=2449029, eval batch size: 100000
|V|=2449029, eval batch size: 100000
|V|=2449029, eval batch size: 100000
|V|=2449029, eval batch size: 100000
|V|=2449029, eval batch size: 100000
|V|=2449029, eval batch size: 100000
|V|=2449029, eval batch size: 100000
|V|=2449029, eval batch size: 100000
|V|=2449029, eval batch size: 100000
|V|=2449029, eval batch size: 100000
|V|=2449029, eval batch size: 100000
|V|=2449029, eval batch size: 100000
|V|=2449029, eval batch size: 100000
|V|=2449029, eval batch size: 100000
|V|=2449029, eval batch size: 100000
Part 25, Val Acc 0.9276, Test Acc 0.7201, time: 6.9390
Part 30, Val Acc 0.9300, Test Acc 0.7206, time: 6.9446
Part 29, Val Acc 0.9162, Test Acc 0.7186, time: 6.9451
Part 26, Val Acc 0.9145, Test Acc 0.7201, time: 6.9476
Part 31, Val Acc 0.9251, Test Acc 0.7201, time: 6.9504
Part 28, Val Acc 0.9056, Test Acc 0.7198, time: 6.9513
Part 4, Val Acc 0.9430, Test Acc 0.7710, time: 6.9516
Part 24, Val Acc 0.9048, Test Acc 0.7214, time: 6.9530
Part 6, Val Acc 0.9487, Test Acc 0.7712, time: 6.9553
Part 3, Val Acc 0.9439, Test Acc 0.7692, time: 6.9577
Part 2, Val Acc 0.9439, Test Acc 0.7693, time: 6.9606
Part 27, Val Acc 0.9194, Test Acc 0.7205, time: 6.9605
Part 7, Val Acc 0.9414, Test Acc 0.7689, time: 6.9612
Part 1, Val Acc 0.9365, Test Acc 0.7696, time: 6.9613
Part 0, Val Acc 0.9511, Test Acc 0.7735, time: 6.9618
Part 13, Val Acc 0.8755, Test Acc 0.7084, time: 6.9616
Part 5, Val Acc 0.9609, Test Acc 0.7721, time: 6.9620
Part 18, Val Acc 0.8950, Test Acc 0.7239, time: 6.9629
Part 21, Val Acc 0.8877, Test Acc 0.7240, time: 6.9633
Part 23, Val Acc 0.8967, Test Acc 0.7209, time: 6.9641
Part 8, Val Acc 0.8804, Test Acc 0.7077, time: 6.9662
Part 20, Val Acc 0.9048, Test Acc 0.7218, time: 6.9679
Part 10, Val Acc 0.8885, Test Acc 0.7063, time: 6.9681
Part 16, Val Acc 0.8959, Test Acc 0.7227, time: 6.9698
Part 22, Val Acc 0.8877, Test Acc 0.7246, time: 6.9698
Part 15, Val Acc 0.8868, Test Acc 0.7057, time: 6.9705
Part 17, Val Acc 0.8967, Test Acc 0.7245, time: 6.9768
Part 19, Val Acc 0.9048, Test Acc 0.7225, time: 6.9781
Part 9, Val Acc 0.9121, Test Acc 0.7080, time: 6.9805
Part 11, Val Acc 0.8926, Test Acc 0.7079, time: 6.9812
Part 14, Val Acc 0.8975, Test Acc 0.7037, time: 6.9935
Part 12, Val Acc 0.8828, Test Acc 0.7059, time: 7.0046
All parts avg val acc 0.9124, test acc 0.7301
Part 0 | Epoch 00013 | Step 00000 | Loss 0.1520 | Train Acc 0.9610 | Speed (samples/sec) 1034.1668 | GPU 1817.3 MB | time 1.038 s
Part 5 | Epoch 00013 | Step 00000 | Loss 0.1413 | Train Acc 0.9650 | Speed (samples/sec) 1031.4850 | GPU 1817.4 MB | time 1.082 sPart 1 | Epoch 00013 | Step 00000 | Loss 0.1710 | Train Acc 0.9540 | Speed (samples/sec) 1031.2507 | GPU 1827.9 MB | time 1.083 s

Part 3 | Epoch 00013 | Step 00000 | Loss 0.1579 | Train Acc 0.9600 | Speed (samples/sec) 1030.7791 | GPU 1822.4 MB | time 1.086 s
Part 4 | Epoch 00013 | Step 00000 | Loss 0.1533 | Train Acc 0.9630 | Speed (samples/sec) 1030.0991 | GPU 1813.4 MB | time 1.092 s
Part 7 | Epoch 00013 | Step 00000 | Loss 0.1568 | Train Acc 0.9640 | Speed (samples/sec) 1031.3880 | GPU 1810.8 MB | time 1.083 sPart 6 | Epoch 00013 | Step 00000 | Loss 0.1475 | Train Acc 0.9660 | Speed (samples/sec) 1031.4732 | GPU 1814.5 MB | time 1.089 s

Part 2 | Epoch 00013 | Step 00000 | Loss 0.1701 | Train Acc 0.9590 | Speed (samples/sec) 1031.2053 | GPU 1809.4 MB | time 1.083 s
Part 19 | Epoch 00013 | Step 00000 | Loss 0.3519 | Train Acc 0.9030 | Speed (samples/sec) 1031.6100 | GPU 1853.1 MB | time 1.066 s
Part 23 | Epoch 00013 | Step 00000 | Loss 0.2722 | Train Acc 0.9340 | Speed (samples/sec) 1032.7830 | GPU 1854.0 MB | time 1.080 s
Part 25 | Epoch 00013 | Step 00000 | Loss 0.1742 | Train Acc 0.9530 | Speed (samples/sec) 1031.5147 | GPU 1946.4 MB | time 1.103 sPart 31 | Epoch 00013 | Step 00000 | Loss 0.2241 | Train Acc 0.9370 | Speed (samples/sec) 1031.5204 | GPU 1928.9 MB | time 1.094 s

Part 29 | Epoch 00013 | Step 00000 | Loss 0.2811 | Train Acc 0.9310 | Speed (samples/sec) 1031.4047 | GPU 1933.7 MB | time 1.099 s
Part 28 | Epoch 00013 | Step 00000 | Loss 0.2154 | Train Acc 0.9420 | Speed (samples/sec) 1031.3201 | GPU 1933.8 MB | time 1.093 s
Part 18 | Epoch 00013 | Step 00000 | Loss 0.3912 | Train Acc 0.9040 | Speed (samples/sec) 1032.1719 | GPU 1851.0 MB | time 1.081 sPart 24 | Epoch 00013 | Step 00000 | Loss 0.2024 | Train Acc 0.9410 | Speed (samples/sec) 1031.4634 | GPU 1940.0 MB | time 1.091 s
Part 26 | Epoch 00013 | Step 00000 | Loss 0.2221 | Train Acc 0.9480 | Speed (samples/sec) 1031.2533 | GPU 1931.2 MB | time 1.097 s

Part 30 | Epoch 00013 | Step 00000 | Loss 0.2614 | Train Acc 0.9330 | Speed (samples/sec) 1030.9591 | GPU 1932.6 MB | time 1.100 s
Part 27 | Epoch 00013 | Step 00000 | Loss 0.2050 | Train Acc 0.9420 | Speed (samples/sec) 1032.3460 | GPU 1933.9 MB | time 1.083 s
Part 22 | Epoch 00013 | Step 00000 | Loss 0.3077 | Train Acc 0.9210 | Speed (samples/sec) 1032.3853 | GPU 1846.9 MB | time 1.074 sPart 16 | Epoch 00013 | Step 00000 | Loss 0.4307 | Train Acc 0.8990 | Speed (samples/sec) 1032.6048 | GPU 1843.2 MB | time 1.074 s

Part 17 | Epoch 00013 | Step 00000 | Loss 0.3030 | Train Acc 0.9190 | Speed (samples/sec) 1032.5606 | GPU 1854.0 MB | time 1.067 s
Part 21 | Epoch 00013 | Step 00000 | Loss 0.3514 | Train Acc 0.9140 | Speed (samples/sec) 1032.8665 | GPU 1849.7 MB | time 1.081 s
Part 14 | Epoch 00013 | Step 00000 | Loss 0.2864 | Train Acc 0.9290 | Speed (samples/sec) 1032.4627 | GPU 2077.1 MB | time 1.051 s
Part 9 | Epoch 00013 | Step 00000 | Loss 0.2948 | Train Acc 0.9260 | Speed (samples/sec) 1032.1037 | GPU 2076.6 MB | time 1.063 s
Part 12 | Epoch 00013 | Step 00000 | Loss 0.2674 | Train Acc 0.9390 | Speed (samples/sec) 1032.5346 | GPU 2075.5 MB | time 1.039 sPart 8 | Epoch 00013 | Step 00000 | Loss 0.3376 | Train Acc 0.9110 | Speed (samples/sec) 1032.0870 | GPU 2091.5 MB | time 1.078 s

Part 15 | Epoch 00013 | Step 00000 | Loss 0.3265 | Train Acc 0.9160 | Speed (samples/sec) 1031.7086 | GPU 2064.4 MB | time 1.074 s
Part 11 | Epoch 00013 | Step 00000 | Loss 0.3236 | Train Acc 0.9120 | Speed (samples/sec) 1032.1608 | GPU 2071.3 MB | time 1.063 s
Part 13 | Epoch 00013 | Step 00000 | Loss 0.2784 | Train Acc 0.9310 | Speed (samples/sec) 1032.2322 | GPU 2073.0 MB | time 1.082 s
Part 20 | Epoch 00013 | Step 00000 | Loss 0.3153 | Train Acc 0.9260 | Speed (samples/sec) 1032.4825 | GPU 1858.4 MB | time 1.076 s
Part 10 | Epoch 00013 | Step 00000 | Loss 0.2661 | Train Acc 0.9310 | Speed (samples/sec) 1032.5320 | GPU 2075.6 MB | time 1.076 s
Avg train acc 0.9354Avg train acc 0.9354Avg train acc 0.9354


Avg train acc 0.9354Avg train acc 0.9354

Avg train acc 0.9354
Avg train acc 0.9354
Avg train acc 0.9354
Avg train acc 0.9354Avg train acc 0.9354Avg train acc 0.9354


Avg train acc 0.9354
Avg train acc 0.9354
Avg train acc 0.9354Avg train acc 0.9354

Avg train acc 0.9354Avg train acc 0.9354Avg train acc 0.9354Avg train acc 0.9354

Avg train acc 0.9354
Avg train acc 0.9354
Avg train acc 0.9354
Avg train acc 0.9354Avg train acc 0.9354



Avg train acc 0.9354
Avg train acc 0.9354
Avg train acc 0.9354Avg train acc 0.9354

Avg train acc 0.9354Avg train acc 0.9354Avg train acc 0.9354


Avg train acc 0.9354
=====================
Part 0, Epoch Time(s): 5.4838
Sampling Time(s): 0.2878
Loading Time(s): 1.9503
Forward Time(s): 0.6106
Backward Time(s): 0.2252
Update Time(s): 0.0041
Emb Update Time(s): 2.3992
#seeds: 6144
#inputs: 1926004
==========================================
Part 5, Epoch Time(s): 5.5274
Sampling Time(s): 0.3526
Loading Time(s): 1.7846
Forward Time(s): 0.7554
Backward Time(s): 0.2240
Update Time(s): 0.0044
Emb Update Time(s): 2.3999
#seeds: 6145
#inputs: 1935991
==========================================
Part 3, Epoch Time(s): 5.5316
Sampling Time(s): 0.2816
Loading Time(s): 1.9033
Forward Time(s): 0.7117
Backward Time(s): 0.2244
Update Time(s): 0.0043
Emb Update Time(s): 2.3998
#seeds: 6144
#inputs: 1929877
=====================


=====================
Part 1, Epoch Time(s): 5.5281
Sampling Time(s): 0.2731
Loading Time(s): 1.7684
Forward Time(s): 0.8515
Backward Time(s): 0.2250
Update Time(s): 0.0043
Emb Update Time(s): 2.3993
#seeds: 6144
#inputs: 1920612
=====================
=====================
Part 6, Epoch Time(s): 5.5341
Sampling Time(s): 0.2909
Loading Time(s): 2.1191
Forward Time(s): 0.4887
Backward Time(s): 0.2240
Update Time(s): 0.0047
Emb Update Time(s): 2.4001
#seeds: 6145
#inputs: 1921022
==========================================
Part 4, Epoch Time(s): 5.5375
Sampling Time(s): 0.2845
Loading Time(s): 1.9933
Forward Time(s): 0.6243
Backward Time(s): 0.2242
Update Time(s): 0.0045
Emb Update Time(s): 2.4002
#seeds: 6144
#inputs: 1942202
==========================================
Part 7, Epoch Time(s): 5.5282
Sampling Time(s): 0.3024
Loading Time(s): 2.0832
Forward Time(s): 0.5072
Backward Time(s): 0.2239
Update Time(s): 0.0064
Emb Update Time(s): 2.3987
#seeds: 6144
#inputs: 1924464
=====================


=====================
Part 2, Epoch Time(s): 5.5288
Sampling Time(s): 0.3040
Loading Time(s): 2.0508
Forward Time(s): 0.5389
Backward Time(s): 0.2246
Update Time(s): 0.0060
Emb Update Time(s): 2.3981
#seeds: 6144
#inputs: 1938152
=====================
=====================
Part 29, Epoch Time(s): 5.5445
Sampling Time(s): 0.2878
Loading Time(s): 1.9617
Forward Time(s): 0.6595
Backward Time(s): 0.2227
Update Time(s): 0.0049
Emb Update Time(s): 2.4014
#seeds: 6144
#inputs: 1976635
==========================================
Part 28, Epoch Time(s): 5.5382
Sampling Time(s): 0.2751
Loading Time(s): 2.3041
Forward Time(s): 0.3365
Backward Time(s): 0.2184
Update Time(s): 0.0044
Emb Update Time(s): 2.3934
#seeds: 6144
#inputs: 1973276
==========================================
Part 26, Epoch Time(s): 5.5419
Sampling Time(s): 0.2829
Loading Time(s): 2.1706
Forward Time(s): 0.4684
Backward Time(s): 0.2195
Update Time(s): 0.0046
Emb Update Time(s): 2.3896
#seeds: 6144
#inputs: 1986207
==========================================
Part 30, Epoch Time(s): 5.5450
Sampling Time(s): 0.2695
Loading Time(s): 2.0198
Forward Time(s): 0.6202
Backward Time(s): 0.2224
Update Time(s): 0.0047
Emb Update Time(s): 2.4019
#seeds: 6144
#inputs: 1977937
=====================


=====================
Part 24, Epoch Time(s): 5.5364
Sampling Time(s): 0.3003
Loading Time(s): 2.1186
Forward Time(s): 0.4820
Backward Time(s): 0.2231
Update Time(s): 0.0048
Emb Update Time(s): 2.4011
#seeds: 6144
#inputs: 1959561
==========================================
Part 31, Epoch Time(s): 5.5392
Sampling Time(s): 0.2990
Loading Time(s): 2.3112
Forward Time(s): 0.3083
Backward Time(s): 0.2170
Update Time(s): 0.0045
Emb Update Time(s): 2.3930
#seeds: 6144
#inputs: 1955427
==========================================
Part 27, Epoch Time(s): 5.5288
Sampling Time(s): 0.3380
Loading Time(s): 2.2240
Forward Time(s): 0.3314
Backward Time(s): 0.2227
Update Time(s): 0.0049
Emb Update Time(s): 2.4014
#seeds: 6145
#inputs: 1977123
=====================

=====================
Part 25, Epoch Time(s): 5.5486
Sampling Time(s): 0.3494
Loading Time(s): 2.2350
Forward Time(s): 0.3527
Backward Time(s): 0.2153
Update Time(s): 0.0047
Emb Update Time(s): 2.3849
#seeds: 6144
#inputs: 1959096
=====================


=====================
Part 17, Epoch Time(s): 5.5122
Sampling Time(s): 0.3130
Loading Time(s): 1.9653
Forward Time(s): 0.5994
Backward Time(s): 0.2233
Update Time(s): 0.0052
Emb Update Time(s): 2.3998
#seeds: 6144
#inputs: 1929636
=====================
=====================
Part 23, Epoch Time(s): 5.5253
Sampling Time(s): 0.2921
Loading Time(s): 2.0070
Forward Time(s): 0.5917
Backward Time(s): 0.2223
Update Time(s): 0.0045
Emb Update Time(s): 2.4014
#seeds: 6145
#inputs: 1924286
=====================
=====================
Part 20, Epoch Time(s): 5.5215
Sampling Time(s): 0.3033
Loading Time(s): 2.0995
Forward Time(s): 0.4836
Backward Time(s): 0.2228
Update Time(s): 0.0046
Emb Update Time(s): 2.4015
#seeds: 6144
#inputs: 1947850
=====================
=====================
Part 22, Epoch Time(s): 5.5190
Sampling Time(s): 0.2997
Loading Time(s): 2.1079
Forward Time(s): 0.4763
Backward Time(s): 0.2225
Update Time(s): 0.0051
Emb Update Time(s): 2.4012
#seeds: 6144
#inputs: 1924009
==========================================
Part 18, Epoch Time(s): 5.5264
Sampling Time(s): 0.3186
Loading Time(s): 1.8973
Forward Time(s): 0.6751
Backward Time(s): 0.2232
Update Time(s): 0.0045
Emb Update Time(s): 2.4010
#seeds: 6144
#inputs: 1915357
==========================================
Part 16, Epoch Time(s): 5.5198
Sampling Time(s): 0.3156
Loading Time(s): 2.1433
Forward Time(s): 0.4365
Backward Time(s): 0.2210
Update Time(s): 0.0049
Emb Update Time(s): 2.3920
#seeds: 6144
#inputs: 1934098
=====================
=====================
Part 19, Epoch Time(s): 5.5115
Sampling Time(s): 0.2875
Loading Time(s): 1.9376
Forward Time(s): 0.6516
Backward Time(s): 0.2230
Update Time(s): 0.0041
Emb Update Time(s): 2.4013
#seeds: 6144
#inputs: 1938920
=====================


=====================
Part 21, Epoch Time(s): 5.5263
Sampling Time(s): 0.2944
Loading Time(s): 2.2229
Forward Time(s): 0.3733
Backward Time(s): 0.2225
Update Time(s): 0.0049
Emb Update Time(s): 2.4018
#seeds: 6145
#inputs: 1936109
=====================
=====================
Part 9, Epoch Time(s): 5.5089
Sampling Time(s): 0.3069
Loading Time(s): 2.3360
Forward Time(s): 0.2439
Backward Time(s): 0.2210
Update Time(s): 0.0124
Emb Update Time(s): 2.3825
#seeds: 6145
#inputs: 2034384
==========================================
Part 8, Epoch Time(s): 5.5230
Sampling Time(s): 0.3208
Loading Time(s): 2.2176
Forward Time(s): 0.3649
Backward Time(s): 0.2180
Update Time(s): 0.0048
Emb Update Time(s): 2.3900
#seeds: 6145
#inputs: 2040723
==========================================
Part 11, Epoch Time(s): 5.5082
Sampling Time(s): 0.2998
Loading Time(s): 2.1765
Forward Time(s): 0.3958
Backward Time(s): 0.2222
Update Time(s): 0.0043
Emb Update Time(s): 2.4030
#seeds: 6144
#inputs: 2039589
=====================
=====================
Part 15, Epoch Time(s): 5.5189
Sampling Time(s): 0.2926
Loading Time(s): 2.1487
Forward Time(s): 0.4417
Backward Time(s): 0.2214
Update Time(s): 0.0048
Emb Update Time(s): 2.4031
#seeds: 6144
#inputs: 2021878
=====================
=====================
Part 14, Epoch Time(s): 5.4959
Sampling Time(s): 0.3377
Loading Time(s): 2.2107
Forward Time(s): 0.3238
Backward Time(s): 0.2201
Update Time(s): 0.0047
Emb Update Time(s): 2.3920
#seeds: 6144
#inputs: 2030329
=====================
=====================
Part 13, Epoch Time(s): 5.5278
Sampling Time(s): 0.2992
Loading Time(s): 2.3165
Forward Time(s): 0.3014
Backward Time(s): 0.2165
Update Time(s): 0.0045
Emb Update Time(s): 2.3832
#seeds: 6144
#inputs: 2053386
=====================

=====================
Part 10, Epoch Time(s): 5.5212
Sampling Time(s): 0.2922
Loading Time(s): 2.2800
Forward Time(s): 0.3120
Backward Time(s): 0.2231
Update Time(s): 0.0054
Emb Update Time(s): 2.4016
#seeds: 6144
#inputs: 2045572
==========================================
Part 12, Epoch Time(s): 5.4842
Sampling Time(s): 0.3289
Loading Time(s): 2.2790
Forward Time(s): 0.2398
Backward Time(s): 0.2221
Update Time(s): 0.0045
Emb Update Time(s): 2.4033
#seeds: 6144
#inputs: 2038678
=====================


|V|=2449029, eval batch size: 100000
|V|=2449029, eval batch size: 100000
|V|=2449029, eval batch size: 100000
|V|=2449029, eval batch size: 100000
|V|=2449029, eval batch size: 100000
|V|=2449029, eval batch size: 100000
|V|=2449029, eval batch size: 100000
|V|=2449029, eval batch size: 100000
|V|=2449029, eval batch size: 100000
|V|=2449029, eval batch size: 100000
|V|=2449029, eval batch size: 100000
|V|=2449029, eval batch size: 100000
|V|=2449029, eval batch size: 100000
|V|=2449029, eval batch size: 100000
|V|=2449029, eval batch size: 100000
|V|=2449029, eval batch size: 100000
|V|=2449029, eval batch size: 100000
|V|=2449029, eval batch size: 100000
|V|=2449029, eval batch size: 100000
|V|=2449029, eval batch size: 100000
|V|=2449029, eval batch size: 100000
|V|=2449029, eval batch size: 100000
|V|=2449029, eval batch size: 100000
|V|=2449029, eval batch size: 100000
|V|=2449029, eval batch size: 100000
|V|=2449029, eval batch size: 100000
|V|=2449029, eval batch size: 100000
|V|=2449029, eval batch size: 100000
|V|=2449029, eval batch size: 100000
|V|=2449029, eval batch size: 100000
|V|=2449029, eval batch size: 100000
|V|=2449029, eval batch size: 100000
|V|=2449029, eval batch size: 100000
|V|=2449029, eval batch size: 100000
|V|=2449029, eval batch size: 100000
|V|=2449029, eval batch size: 100000
|V|=2449029, eval batch size: 100000
|V|=2449029, eval batch size: 100000
|V|=2449029, eval batch size: 100000
|V|=2449029, eval batch size: 100000
|V|=2449029, eval batch size: 100000
|V|=2449029, eval batch size: 100000
|V|=2449029, eval batch size: 100000
|V|=2449029, eval batch size: 100000
|V|=2449029, eval batch size: 100000
|V|=2449029, eval batch size: 100000
|V|=2449029, eval batch size: 100000
|V|=2449029, eval batch size: 100000
|V|=2449029, eval batch size: 100000
|V|=2449029, eval batch size: 100000
|V|=2449029, eval batch size: 100000|V|=2449029, eval batch size: 100000

|V|=2449029, eval batch size: 100000
|V|=2449029, eval batch size: 100000
|V|=2449029, eval batch size: 100000
|V|=2449029, eval batch size: 100000
|V|=2449029, eval batch size: 100000
|V|=2449029, eval batch size: 100000
|V|=2449029, eval batch size: 100000
|V|=2449029, eval batch size: 100000
|V|=2449029, eval batch size: 100000
|V|=2449029, eval batch size: 100000
|V|=2449029, eval batch size: 100000
|V|=2449029, eval batch size: 100000
|V|=2449029, eval batch size: 100000
|V|=2449029, eval batch size: 100000
|V|=2449029, eval batch size: 100000
|V|=2449029, eval batch size: 100000
|V|=2449029, eval batch size: 100000
|V|=2449029, eval batch size: 100000
|V|=2449029, eval batch size: 100000
|V|=2449029, eval batch size: 100000
|V|=2449029, eval batch size: 100000
|V|=2449029, eval batch size: 100000
|V|=2449029, eval batch size: 100000
|V|=2449029, eval batch size: 100000
|V|=2449029, eval batch size: 100000
|V|=2449029, eval batch size: 100000
|V|=2449029, eval batch size: 100000
|V|=2449029, eval batch size: 100000
|V|=2449029, eval batch size: 100000
|V|=2449029, eval batch size: 100000
|V|=2449029, eval batch size: 100000
|V|=2449029, eval batch size: 100000
|V|=2449029, eval batch size: 100000
|V|=2449029, eval batch size: 100000
|V|=2449029, eval batch size: 100000
|V|=2449029, eval batch size: 100000
|V|=2449029, eval batch size: 100000
|V|=2449029, eval batch size: 100000
|V|=2449029, eval batch size: 100000
|V|=2449029, eval batch size: 100000
|V|=2449029, eval batch size: 100000
|V|=2449029, eval batch size: 100000
|V|=2449029, eval batch size: 100000
|V|=2449029, eval batch size: 100000
Part 25, Val Acc 0.9268, Test Acc 0.7234, time: 6.8883
Part 29, Val Acc 0.9211, Test Acc 0.7226, time: 6.8953
Part 5, Val Acc 0.9601, Test Acc 0.7738, time: 6.8963
Part 24, Val Acc 0.9056, Test Acc 0.7242, time: 6.8964
Part 3, Val Acc 0.9406, Test Acc 0.7711, time: 6.8974
Part 13, Val Acc 0.8771, Test Acc 0.7109, time: 6.8972
Part 6, Val Acc 0.9520, Test Acc 0.7731, time: 6.8983
Part 4, Val Acc 0.9455, Test Acc 0.7731, time: 6.8985
Part 9, Val Acc 0.9113, Test Acc 0.7111, time: 6.8997
Part 1, Val Acc 0.9349, Test Acc 0.7722, time: 6.9002
Part 0, Val Acc 0.9520, Test Acc 0.7754, time: 6.9005
Part 15, Val Acc 0.8860, Test Acc 0.7078, time: 6.9025
Part 7, Val Acc 0.9422, Test Acc 0.7713, time: 6.9028
Part 2, Val Acc 0.9455, Test Acc 0.7712, time: 6.9030
Part 19, Val Acc 0.9048, Test Acc 0.7266, time: 6.9031
Part 31, Val Acc 0.9267, Test Acc 0.7232, time: 6.9036
Part 12, Val Acc 0.8877, Test Acc 0.7078, time: 6.9037
Part 23, Val Acc 0.8959, Test Acc 0.7248, time: 6.9106
Part 16, Val Acc 0.8950, Test Acc 0.7266, time: 6.9113
Part 26, Val Acc 0.9153, Test Acc 0.7237, time: 6.9130
Part 28, Val Acc 0.9048, Test Acc 0.7229, time: 6.9131
Part 30, Val Acc 0.9292, Test Acc 0.7242, time: 6.9132
Part 11, Val Acc 0.8910, Test Acc 0.7111, time: 6.9142
Part 27, Val Acc 0.9211, Test Acc 0.7239, time: 6.9146
Part 20, Val Acc 0.9064, Test Acc 0.7260, time: 6.9147
Part 8, Val Acc 0.8820, Test Acc 0.7106, time: 6.9147
Part 22, Val Acc 0.8926, Test Acc 0.7282, time: 6.9149
Part 18, Val Acc 0.8974, Test Acc 0.7276, time: 6.9170
Part 10, Val Acc 0.8934, Test Acc 0.7088, time: 6.9172
Part 14, Val Acc 0.8967, Test Acc 0.7064, time: 6.9176
Part 17, Val Acc 0.8975, Test Acc 0.7281, time: 6.9190
Part 21, Val Acc 0.8902, Test Acc 0.7274, time: 6.9214
All parts avg val acc 0.9134, test acc 0.7331
Part 0 | Epoch 00014 | Step 00000 | Loss 0.1642 | Train Acc 0.9660 | Speed (samples/sec) 1037.2489 | GPU 1817.3 MB | time 1.051 s
Part 7 | Epoch 00014 | Step 00000 | Loss 0.1324 | Train Acc 0.9670 | Speed (samples/sec) 1034.4944 | GPU 1810.8 MB | time 1.070 s
Part 6 | Epoch 00014 | Step 00000 | Loss 0.1260 | Train Acc 0.9640 | Speed (samples/sec) 1034.5587 | GPU 1814.5 MB | time 1.074 s
Part 4 | Epoch 00014 | Step 00000 | Loss 0.1353 | Train Acc 0.9660 | Speed (samples/sec) 1033.2606 | GPU 1813.4 MB | time 1.074 s
Part 5 | Epoch 00014 | Step 00000 | Loss 0.1468 | Train Acc 0.9600 | Speed (samples/sec) 1034.5543 | GPU 1817.4 MB | time 1.076 s
Part 2 | Epoch 00014 | Step 00000 | Loss 0.1256 | Train Acc 0.9710 | Speed (samples/sec) 1034.3281 | GPU 1809.4 MB | time 1.069 sPart 3 | Epoch 00014 | Step 00000 | Loss 0.1271 | Train Acc 0.9730 | Speed (samples/sec) 1033.8829 | GPU 1822.4 MB | time 1.075 s

Part 1 | Epoch 00014 | Step 00000 | Loss 0.1076 | Train Acc 0.9720 | Speed (samples/sec) 1034.3431 | GPU 1827.9 MB | time 1.072 s
Part 29 | Epoch 00014 | Step 00000 | Loss 0.2299 | Train Acc 0.9420 | Speed (samples/sec) 1034.4434 | GPU 1934.3 MB | time 1.077 s
Part 31 | Epoch 00014 | Step 00000 | Loss 0.1788 | Train Acc 0.9510 | Speed (samples/sec) 1034.6250 | GPU 1928.9 MB | time 1.069 s
Part 28 | Epoch 00014 | Step 00000 | Loss 0.1970 | Train Acc 0.9420 | Speed (samples/sec) 1034.5292 | GPU 1933.8 MB | time 1.059 s
Part 25 | Epoch 00014 | Step 00000 | Loss 0.1696 | Train Acc 0.9530 | Speed (samples/sec) 1034.5036 | GPU 1946.4 MB | time 1.082 s
Part 26 | Epoch 00014 | Step 00000 | Loss 0.2618 | Train Acc 0.9410 | Speed (samples/sec) 1034.4635 | GPU 1931.2 MB | time 1.060 s
Part 23 | Epoch 00014 | Step 00000 | Loss 0.2876 | Train Acc 0.9300 | Speed (samples/sec) 1035.8833 | GPU 1854.0 MB | time 1.062 s
Part 18 | Epoch 00014 | Step 00000 | Loss 0.3000 | Train Acc 0.9240 | Speed (samples/sec) 1035.3541 | GPU 1851.0 MB | time 1.055 s
Part 24 | Epoch 00014 | Step 00000 | Loss 0.1765 | Train Acc 0.9560 | Speed (samples/sec) 1034.5092 | GPU 1940.0 MB | time 1.076 s
Part 30 | Epoch 00014 | Step 00000 | Loss 0.2001 | Train Acc 0.9510 | Speed (samples/sec) 1034.1939 | GPU 1932.6 MB | time 1.060 s
Part 11 | Epoch 00014 | Step 00000 | Loss 0.2877 | Train Acc 0.9310 | Speed (samples/sec) 1035.3177 | GPU 2071.3 MB | time 1.059 s
Part 22 | Epoch 00014 | Step 00000 | Loss 0.2786 | Train Acc 0.9210 | Speed (samples/sec) 1035.5319 | GPU 1848.4 MB | time 1.058 s
Part 14 | Epoch 00014 | Step 00000 | Loss 0.2467 | Train Acc 0.9380 | Speed (samples/sec) 1035.6313 | GPU 2077.1 MB | time 1.056 s
Part 9 | Epoch 00014 | Step 00000 | Loss 0.2492 | Train Acc 0.9380 | Speed (samples/sec) 1035.1684 | GPU 2076.6 MB | time 1.071 s
Part 15 | Epoch 00014 | Step 00000 | Loss 0.2372 | Train Acc 0.9360 | Speed (samples/sec) 1034.7918 | GPU 2064.4 MB | time 1.070 s
Part 12 | Epoch 00014 | Step 00000 | Loss 0.2865 | Train Acc 0.9240 | Speed (samples/sec) 1035.5639 | GPU 2075.5 MB | time 1.069 sPart 10 | Epoch 00014 | Step 00000 | Loss 0.2846 | Train Acc 0.9170 | Speed (samples/sec) 1035.6940 | GPU 2075.6 MB | time 1.055 s

Part 19 | Epoch 00014 | Step 00000 | Loss 0.3220 | Train Acc 0.9190 | Speed (samples/sec) 1034.7030 | GPU 1853.1 MB | time 1.069 sPart 17 | Epoch 00014 | Step 00000 | Loss 0.2728 | Train Acc 0.9230 | Speed (samples/sec) 1035.7295 | GPU 1854.0 MB | time 1.054 s

Part 8 | Epoch 00014 | Step 00000 | Loss 0.2691 | Train Acc 0.9250 | Speed (samples/sec) 1035.2841 | GPU 2091.5 MB | time 1.058 s
Part 16 | Epoch 00014 | Step 00000 | Loss 0.3109 | Train Acc 0.9290 | Speed (samples/sec) 1035.7010 | GPU 1843.2 MB | time 1.061 sPart 21 | Epoch 00014 | Step 00000 | Loss 0.2640 | Train Acc 0.9270 | Speed (samples/sec) 1036.0661 | GPU 1849.7 MB | time 1.051 s

Part 20 | Epoch 00014 | Step 00000 | Loss 0.3347 | Train Acc 0.9230 | Speed (samples/sec) 1035.6159 | GPU 1858.4 MB | time 1.059 s
Part 27 | Epoch 00014 | Step 00000 | Loss 0.2027 | Train Acc 0.9450 | Speed (samples/sec) 1035.5167 | GPU 1933.9 MB | time 1.058 s
Part 13 | Epoch 00014 | Step 00000 | Loss 0.3018 | Train Acc 0.9200 | Speed (samples/sec) 1035.2257 | GPU 2073.0 MB | time 1.076 s
Avg train acc 0.9420Avg train acc 0.9420Avg train acc 0.9420

Avg train acc 0.9420
Avg train acc 0.9420Avg train acc 0.9420

Avg train acc 0.9420

Avg train acc 0.9420
Avg train acc 0.9420Avg train acc 0.9420Avg train acc 0.9420Avg train acc 0.9420Avg train acc 0.9420




Avg train acc 0.9420Avg train acc 0.9420Avg train acc 0.9420


Avg train acc 0.9420Avg train acc 0.9420Avg train acc 0.9420
Avg train acc 0.9420
Avg train acc 0.9420Avg train acc 0.9420

Avg train acc 0.9420
Avg train acc 0.9420


Avg train acc 0.9420Avg train acc 0.9420
Avg train acc 0.9420

Avg train acc 0.9420
Avg train acc 0.9420
Avg train acc 0.9420Avg train acc 0.9420
Avg train acc 0.9420

=====================
Part 0, Epoch Time(s): 5.8095
Sampling Time(s): 0.3728
Loading Time(s): 1.8102
Forward Time(s): 0.9513
Backward Time(s): 0.2328
Update Time(s): 0.0040
Emb Update Time(s): 2.4268
#seeds: 6144
#inputs: 1924389
==========================================
Part 1, Epoch Time(s): 5.8313
Sampling Time(s): 0.3866
Loading Time(s): 1.7943
Forward Time(s): 0.9747
Backward Time(s): 0.2324
Update Time(s): 0.0042
Emb Update Time(s): 2.4276
#seeds: 6144
#inputs: 1920524
=====================

=====================
Part 2, Epoch Time(s): 5.8285
Sampling Time(s): 0.4896
Loading Time(s): 1.9498
Forward Time(s): 0.7119
Backward Time(s): 0.2324
Update Time(s): 0.0059
Emb Update Time(s): 2.4266
#seeds: 6144
#inputs: 1933640
==========================================
Part 3, Epoch Time(s): 5.8340
Sampling Time(s): 0.3809
Loading Time(s): 1.6570
Forward Time(s): 1.1203
Backward Time(s): 0.2320
Update Time(s): 0.0046
Emb Update Time(s): 2.4274
#seeds: 6144
#inputs: 1931919
=====================

=====================
Part 6, Epoch Time(s): 5.8332
Sampling Time(s): 0.4335
Loading Time(s): 1.9764
Forward Time(s): 0.7475
Backward Time(s): 0.2318
Update Time(s): 0.0045
Emb Update Time(s): 2.4277
#seeds: 6145
#inputs: 1919139
==========================================
Part 4, Epoch Time(s): 5.8329
Sampling Time(s): 0.3827
Loading Time(s): 2.1885
Forward Time(s): 0.5859
Backward Time(s): 0.2320
Update Time(s): 0.0046
Emb Update Time(s): 2.4276
#seeds: 6144
#inputs: 1943069
==========================================
Part 7, Epoch Time(s): 5.8287
Sampling Time(s): 0.4450
Loading Time(s): 1.9713
Forward Time(s): 0.7364
Backward Time(s): 0.2318
Update Time(s): 0.0048
Emb Update Time(s): 2.4274
#seeds: 6144
#inputs: 1927779
=====================
=====================
Part 5, Epoch Time(s): 5.8351
Sampling Time(s): 0.5007
Loading Time(s): 1.7141
Forward Time(s): 0.9448
Backward Time(s): 0.2319
Update Time(s): 0.0043
Emb Update Time(s): 2.4277
#seeds: 6145
#inputs: 1931074
=====================


=====================
Part 17, Epoch Time(s): 5.8122
Sampling Time(s): 0.4076
Loading Time(s): 1.7705
Forward Time(s): 0.9581
Backward Time(s): 0.2315
Update Time(s): 0.0043
Emb Update Time(s): 2.4290
#seeds: 6144
#inputs: 1928643
==========================================
Part 19, Epoch Time(s): 5.8280
Sampling Time(s): 0.4088
Loading Time(s): 1.9951
Forward Time(s): 0.7478
Backward Time(s): 0.2312
Update Time(s): 0.0046
Emb Update Time(s): 2.4292
#seeds: 6144
#inputs: 1934871
==========================================
Part 23, Epoch Time(s): 5.8209
Sampling Time(s): 0.4129
Loading Time(s): 1.9051
Forward Time(s): 0.8423
Backward Time(s): 0.2262
Update Time(s): 0.0042
Emb Update Time(s): 2.4188
#seeds: 6145
#inputs: 1933716
=====================
=====================
Part 16, Epoch Time(s): 5.8198
Sampling Time(s): 0.4255
Loading Time(s): 2.0569
Forward Time(s): 0.6615
Backward Time(s): 0.2318
Update Time(s): 0.0043
Emb Update Time(s): 2.4289
#seeds: 6144
#inputs: 1930332
==========================================
Part 21, Epoch Time(s): 5.8097
Sampling Time(s): 0.4227
Loading Time(s): 2.0878
Forward Time(s): 0.6253
Backward Time(s): 0.2289
Update Time(s): 0.0047
Emb Update Time(s): 2.4292
#seeds: 6145
#inputs: 1933940
==========================================
Part 18, Epoch Time(s): 5.8141
Sampling Time(s): 0.3914
Loading Time(s): 1.7868
Forward Time(s): 0.9598
Backward Time(s): 0.2314
Update Time(s): 0.0046
Emb Update Time(s): 2.4285
#seeds: 6144
#inputs: 1910446
==========================================
Part 20, Epoch Time(s): 5.8167
Sampling Time(s): 0.3829
Loading Time(s): 2.1694
Forward Time(s): 0.5913
Backward Time(s): 0.2282
Update Time(s): 0.0045
Emb Update Time(s): 2.4295
#seeds: 6144
#inputs: 1946352
=====================

=====================
Part 22, Epoch Time(s): 5.8165
Sampling Time(s): 0.3820
Loading Time(s): 2.0068
Forward Time(s): 0.7519
Backward Time(s): 0.2307
Update Time(s): 0.0048
Emb Update Time(s): 2.4291
#seeds: 6144
#inputs: 1922185
=====================




=====================
Part 29, Epoch Time(s): 5.8362
Sampling Time(s): 0.3505
Loading Time(s): 2.0140
Forward Time(s): 0.7956
Backward Time(s): 0.2301
Update Time(s): 0.0041
Emb Update Time(s): 2.4304
#seeds: 6144
#inputs: 1974867
==========================================
Part 28, Epoch Time(s): 5.8181
Sampling Time(s): 0.4217
Loading Time(s): 2.2180
Forward Time(s): 0.5025
Backward Time(s): 0.2305
Update Time(s): 0.0043
Emb Update Time(s): 2.4297
#seeds: 6144
#inputs: 1966518
==========================================
Part 30, Epoch Time(s): 5.8183
Sampling Time(s): 0.3807
Loading Time(s): 2.0542
Forward Time(s): 0.7071
Backward Time(s): 0.2300
Update Time(s): 0.0042
Emb Update Time(s): 2.4306
#seeds: 6144
#inputs: 1977697
==========================================
Part 27, Epoch Time(s): 5.8168
Sampling Time(s): 0.3877
Loading Time(s): 2.1604
Forward Time(s): 0.5924
Backward Time(s): 0.2306
Update Time(s): 0.0046
Emb Update Time(s): 2.4295
#seeds: 6145
#inputs: 1978717
=====================
=====================
Part 31, Epoch Time(s): 5.8276
Sampling Time(s): 0.4126
Loading Time(s): 2.0049
Forward Time(s): 0.7343
Backward Time(s): 0.2325
Update Time(s): 0.0043
Emb Update Time(s): 2.4275
#seeds: 6144
#inputs: 1958509
==========================================
Part 24, Epoch Time(s): 5.8350
Sampling Time(s): 0.3691
Loading Time(s): 2.0364
Forward Time(s): 0.7532
Backward Time(s): 0.2310
Update Time(s): 0.0050
Emb Update Time(s): 2.4288
#seeds: 6144
#inputs: 1966013
=====================

=====================
Part 25, Epoch Time(s): 5.8413
Sampling Time(s): 0.4821
Loading Time(s): 2.3522
Forward Time(s): 0.3609
Backward Time(s): 0.2224
Update Time(s): 0.0044
Emb Update Time(s): 2.4077
#seeds: 6144
#inputs: 1967114
=====================


=====================
Part 26, Epoch Time(s): 5.8183
Sampling Time(s): 0.3621
Loading Time(s): 2.1544
Forward Time(s): 0.6261
Backward Time(s): 0.2308
Update Time(s): 0.0043
Emb Update Time(s): 2.4293
#seeds: 6144
#inputs: 1981131
=====================

=====================
Part 11, Epoch Time(s): 5.8172
Sampling Time(s): 0.3640
Loading Time(s): 2.0526
Forward Time(s): 0.7244
Backward Time(s): 0.2305
Update Time(s): 0.0043
Emb Update Time(s): 2.4301
#seeds: 6144
#inputs: 2045339
==========================================
Part 9, Epoch Time(s): 5.8299
Sampling Time(s): 0.3970
Loading Time(s): 2.2752
Forward Time(s): 0.4967
Backward Time(s): 0.2260
Update Time(s): 0.0044
Emb Update Time(s): 2.4193
#seeds: 6145
#inputs: 2037672
==========================================
Part 15, Epoch Time(s): 5.8290
Sampling Time(s): 0.3652
Loading Time(s): 2.0100
Forward Time(s): 0.7779
Backward Time(s): 0.2297
Update Time(s): 0.0043
Emb Update Time(s): 2.4306
#seeds: 6144
#inputs: 2029846
==========================================
Part 8, Epoch Time(s): 5.8166
Sampling Time(s): 0.4141
Loading Time(s): 2.1289
Forward Time(s): 0.5968
Backward Time(s): 0.2309
Update Time(s): 0.0045
Emb Update Time(s): 2.4352
#seeds: 6145
#inputs: 2041766
=====================


=====================
Part 10, Epoch Time(s): 5.8140
Sampling Time(s): 0.4380
Loading Time(s): 2.3346
Forward Time(s): 0.3951
Backward Time(s): 0.2230
Update Time(s): 0.0052
Emb Update Time(s): 2.4067
#seeds: 6144
#inputs: 2046876
==========================================
Part 13, Epoch Time(s): 5.8341
Sampling Time(s): 0.4200
Loading Time(s): 2.3179
Forward Time(s): 0.4188
Backward Time(s): 0.2300
Update Time(s): 0.0047
Emb Update Time(s): 2.4315
#seeds: 6144
#inputs: 2046481
=====================
=====================
Part 12, Epoch Time(s): 5.8277
Sampling Time(s): 0.3980
Loading Time(s): 2.3426
Forward Time(s): 0.4106
Backward Time(s): 0.2302
Update Time(s): 0.0048
Emb Update Time(s): 2.4302
#seeds: 6144
#inputs: 2039196
=====================
=====================
Part 14, Epoch Time(s): 5.8138
Sampling Time(s): 0.3834
Loading Time(s): 2.2640
Forward Time(s): 0.4927
Backward Time(s): 0.2267
Update Time(s): 0.0046
Emb Update Time(s): 2.4314
#seeds: 6144
#inputs: 2034323
=====================


|V|=2449029, eval batch size: 100000
|V|=2449029, eval batch size: 100000
|V|=2449029, eval batch size: 100000
|V|=2449029, eval batch size: 100000
|V|=2449029, eval batch size: 100000
|V|=2449029, eval batch size: 100000
|V|=2449029, eval batch size: 100000
|V|=2449029, eval batch size: 100000
|V|=2449029, eval batch size: 100000
|V|=2449029, eval batch size: 100000
|V|=2449029, eval batch size: 100000
|V|=2449029, eval batch size: 100000
|V|=2449029, eval batch size: 100000
|V|=2449029, eval batch size: 100000
|V|=2449029, eval batch size: 100000
|V|=2449029, eval batch size: 100000
|V|=2449029, eval batch size: 100000
|V|=2449029, eval batch size: 100000
|V|=2449029, eval batch size: 100000
|V|=2449029, eval batch size: 100000
|V|=2449029, eval batch size: 100000
|V|=2449029, eval batch size: 100000
|V|=2449029, eval batch size: 100000
|V|=2449029, eval batch size: 100000
|V|=2449029, eval batch size: 100000
|V|=2449029, eval batch size: 100000
|V|=2449029, eval batch size: 100000
|V|=2449029, eval batch size: 100000
|V|=2449029, eval batch size: 100000
|V|=2449029, eval batch size: 100000
|V|=2449029, eval batch size: 100000
|V|=2449029, eval batch size: 100000
|V|=2449029, eval batch size: 100000
|V|=2449029, eval batch size: 100000
|V|=2449029, eval batch size: 100000
|V|=2449029, eval batch size: 100000
|V|=2449029, eval batch size: 100000
|V|=2449029, eval batch size: 100000
|V|=2449029, eval batch size: 100000
|V|=2449029, eval batch size: 100000
|V|=2449029, eval batch size: 100000
|V|=2449029, eval batch size: 100000
|V|=2449029, eval batch size: 100000
|V|=2449029, eval batch size: 100000
|V|=2449029, eval batch size: 100000
|V|=2449029, eval batch size: 100000
|V|=2449029, eval batch size: 100000
|V|=2449029, eval batch size: 100000
|V|=2449029, eval batch size: 100000
|V|=2449029, eval batch size: 100000
|V|=2449029, eval batch size: 100000|V|=2449029, eval batch size: 100000

|V|=2449029, eval batch size: 100000
|V|=2449029, eval batch size: 100000
|V|=2449029, eval batch size: 100000
|V|=2449029, eval batch size: 100000
|V|=2449029, eval batch size: 100000
|V|=2449029, eval batch size: 100000
|V|=2449029, eval batch size: 100000
|V|=2449029, eval batch size: 100000
|V|=2449029, eval batch size: 100000
|V|=2449029, eval batch size: 100000
|V|=2449029, eval batch size: 100000
|V|=2449029, eval batch size: 100000
|V|=2449029, eval batch size: 100000
|V|=2449029, eval batch size: 100000
|V|=2449029, eval batch size: 100000
|V|=2449029, eval batch size: 100000
|V|=2449029, eval batch size: 100000
|V|=2449029, eval batch size: 100000
|V|=2449029, eval batch size: 100000
|V|=2449029, eval batch size: 100000
|V|=2449029, eval batch size: 100000
|V|=2449029, eval batch size: 100000
|V|=2449029, eval batch size: 100000
|V|=2449029, eval batch size: 100000
|V|=2449029, eval batch size: 100000
|V|=2449029, eval batch size: 100000|V|=2449029, eval batch size: 100000
|V|=2449029, eval batch size: 100000

|V|=2449029, eval batch size: 100000
|V|=2449029, eval batch size: 100000
|V|=2449029, eval batch size: 100000
|V|=2449029, eval batch size: 100000
|V|=2449029, eval batch size: 100000
|V|=2449029, eval batch size: 100000
|V|=2449029, eval batch size: 100000
|V|=2449029, eval batch size: 100000
|V|=2449029, eval batch size: 100000
|V|=2449029, eval batch size: 100000
|V|=2449029, eval batch size: 100000
|V|=2449029, eval batch size: 100000
|V|=2449029, eval batch size: 100000
|V|=2449029, eval batch size: 100000
|V|=2449029, eval batch size: 100000
|V|=2449029, eval batch size: 100000
Part 12, Val Acc 0.8853, Test Acc 0.7091, time: 7.0067
Part 27, Val Acc 0.9219, Test Acc 0.7304, time: 7.0083
Part 14, Val Acc 0.8975, Test Acc 0.7075, time: 7.0087
Part 31, Val Acc 0.9283, Test Acc 0.7304, time: 7.0107
Part 30, Val Acc 0.9308, Test Acc 0.7318, time: 7.0133
Part 9, Val Acc 0.9121, Test Acc 0.7122, time: 7.0144Part 8, Val Acc 0.8845, Test Acc 0.7124, time: 7.0145

Part 5, Val Acc 0.9569, Test Acc 0.7778, time: 7.0151
Part 3, Val Acc 0.9406, Test Acc 0.7749, time: 7.0164
Part 13, Val Acc 0.8828, Test Acc 0.7121, time: 7.0165
Part 0, Val Acc 0.9487, Test Acc 0.7788, time: 7.0169
Part 1, Val Acc 0.9357, Test Acc 0.7753, time: 7.0172
Part 24, Val Acc 0.9064, Test Acc 0.7315, time: 7.0170
Part 7, Val Acc 0.9422, Test Acc 0.7750, time: 7.0182
Part 2, Val Acc 0.9463, Test Acc 0.7740, time: 7.0183
Part 6, Val Acc 0.9504, Test Acc 0.7771, time: 7.0186
Part 21, Val Acc 0.8934, Test Acc 0.7372, time: 7.0184
Part 4, Val Acc 0.9430, Test Acc 0.7764, time: 7.0195
Part 26, Val Acc 0.9129, Test Acc 0.7302, time: 7.0208
Part 19, Val Acc 0.9040, Test Acc 0.7345, time: 7.0210
Part 28, Val Acc 0.9048, Test Acc 0.7304, time: 7.0218
Part 17, Val Acc 0.8999, Test Acc 0.7369, time: 7.0233
Part 25, Val Acc 0.9300, Test Acc 0.7302, time: 7.0239
Part 23, Val Acc 0.8918, Test Acc 0.7350, time: 7.0245
Part 18, Val Acc 0.8982, Test Acc 0.7372, time: 7.0252
Part 11, Val Acc 0.8893, Test Acc 0.7122, time: 7.0277
Part 22, Val Acc 0.8926, Test Acc 0.7378, time: 7.0305
Part 29, Val Acc 0.9243, Test Acc 0.7299, time: 7.0316
Part 16, Val Acc 0.8975, Test Acc 0.7357, time: 7.0319
Part 15, Val Acc 0.8844, Test Acc 0.7094, time: 7.0324
Part 20, Val Acc 0.9056, Test Acc 0.7348, time: 7.0402
Part 10, Val Acc 0.8967, Test Acc 0.7101, time: 7.0436
All parts avg val acc 0.9137, test acc 0.7384
Part 5 | Epoch 00015 | Step 00000 | Loss 0.1504 | Train Acc 0.9650 | Speed (samples/sec) 1032.7098 | GPU 1817.4 MB | time 1.138 s
Part 0 | Epoch 00015 | Step 00000 | Loss 0.1121 | Train Acc 0.9720 | Speed (samples/sec) 1035.4006 | GPU 1817.3 MB | time 1.109 sPart 3 | Epoch 00015 | Step 00000 | Loss 0.1624 | Train Acc 0.9660 | Speed (samples/sec) 1032.0512 | GPU 1822.4 MB | time 1.137 s

Part 6 | Epoch 00015 | Step 00000 | Loss 0.1240 | Train Acc 0.9760 | Speed (samples/sec) 1032.7394 | GPU 1814.5 MB | time 1.135 sPart 4 | Epoch 00015 | Step 00000 | Loss 0.1320 | Train Acc 0.9680 | Speed (samples/sec) 1031.4974 | GPU 1813.4 MB | time 1.133 s

Part 2 | Epoch 00015 | Step 00000 | Loss 0.1146 | Train Acc 0.9690 | Speed (samples/sec) 1032.4955 | GPU 1809.4 MB | time 1.135 s
Part 7 | Epoch 00015 | Step 00000 | Loss 0.1092 | Train Acc 0.9720 | Speed (samples/sec) 1032.6392 | GPU 1810.8 MB | time 1.135 s
Part 1 | Epoch 00015 | Step 00000 | Loss 0.1156 | Train Acc 0.9760 | Speed (samples/sec) 1032.4868 | GPU 1827.9 MB | time 1.136 s
Part 10 | Epoch 00015 | Step 00000 | Loss 0.2611 | Train Acc 0.9270 | Speed (samples/sec) 1033.9524 | GPU 2075.6 MB | time 1.109 s
Part 11 | Epoch 00015 | Step 00000 | Loss 0.2469 | Train Acc 0.9320 | Speed (samples/sec) 1033.4763 | GPU 2071.3 MB | time 1.125 s
Part 8 | Epoch 00015 | Step 00000 | Loss 0.2755 | Train Acc 0.9220 | Speed (samples/sec) 1033.2547 | GPU 2091.5 MB | time 1.138 sPart 15 | Epoch 00015 | Step 00000 | Loss 0.2611 | Train Acc 0.9370 | Speed (samples/sec) 1033.0221 | GPU 2064.4 MB | time 1.120 s

Part 23 | Epoch 00015 | Step 00000 | Loss 0.2600 | Train Acc 0.9420 | Speed (samples/sec) 1034.0154 | GPU 1854.0 MB | time 1.129 s
Part 21 | Epoch 00015 | Step 00000 | Loss 0.2568 | Train Acc 0.9280 | Speed (samples/sec) 1034.1446 | GPU 1849.7 MB | time 1.134 s
Part 19 | Epoch 00015 | Step 00000 | Loss 0.2978 | Train Acc 0.9310 | Speed (samples/sec) 1032.8514 | GPU 1853.1 MB | time 1.132 s
Part 14 | Epoch 00015 | Step 00000 | Loss 0.2866 | Train Acc 0.9310 | Speed (samples/sec) 1033.6272 | GPU 2077.1 MB | time 1.144 s
Part 18 | Epoch 00015 | Step 00000 | Loss 0.3469 | Train Acc 0.9140 | Speed (samples/sec) 1033.4931 | GPU 1851.0 MB | time 1.128 s
Part 17 | Epoch 00015 | Step 00000 | Loss 0.2957 | Train Acc 0.9230 | Speed (samples/sec) 1033.8252 | GPU 1855.8 MB | time 1.129 s
Part 12 | Epoch 00015 | Step 00000 | Loss 0.2702 | Train Acc 0.9260 | Speed (samples/sec) 1033.5504 | GPU 2075.5 MB | time 1.146 s
Part 9 | Epoch 00015 | Step 00000 | Loss 0.2580 | Train Acc 0.9310 | Speed (samples/sec) 1033.2799 | GPU 2076.6 MB | time 1.138 s
Part 13 | Epoch 00015 | Step 00000 | Loss 0.2478 | Train Acc 0.9380 | Speed (samples/sec) 1033.3073 | GPU 2073.0 MB | time 1.137 s
Part 16 | Epoch 00015 | Step 00000 | Loss 0.2826 | Train Acc 0.9240 | Speed (samples/sec) 1033.8637 | GPU 1843.2 MB | time 1.121 s
Part 25 | Epoch 00015 | Step 00000 | Loss 0.2008 | Train Acc 0.9500 | Speed (samples/sec) 1032.6900 | GPU 1946.4 MB | time 1.129 sPart 31 | Epoch 00015 | Step 00000 | Loss 0.1683 | Train Acc 0.9590 | Speed (samples/sec) 1032.7001 | GPU 1928.9 MB | time 1.142 s

Part 28 | Epoch 00015 | Step 00000 | Loss 0.1840 | Train Acc 0.9550 | Speed (samples/sec) 1032.6978 | GPU 1933.8 MB | time 1.130 s
Part 26 | Epoch 00015 | Step 00000 | Loss 0.2220 | Train Acc 0.9410 | Speed (samples/sec) 1032.6230 | GPU 1931.2 MB | time 1.132 s
Part 20 | Epoch 00015 | Step 00000 | Loss 0.2595 | Train Acc 0.9370 | Speed (samples/sec) 1033.8532 | GPU 1859.8 MB | time 1.113 s
Part 29 | Epoch 00015 | Step 00000 | Loss 0.1626 | Train Acc 0.9600 | Speed (samples/sec) 1032.6871 | GPU 1934.3 MB | time 1.121 s
Part 27 | Epoch 00015 | Step 00000 | Loss 0.2179 | Train Acc 0.9490 | Speed (samples/sec) 1033.5572 | GPU 1933.9 MB | time 1.145 s
Part 30 | Epoch 00015 | Step 00000 | Loss 0.2375 | Train Acc 0.9460 | Speed (samples/sec) 1032.3179 | GPU 1932.6 MB | time 1.140 s
Part 24 | Epoch 00015 | Step 00000 | Loss 0.2070 | Train Acc 0.9410 | Speed (samples/sec) 1032.6375 | GPU 1940.0 MB | time 1.136 s
Part 22 | Epoch 00015 | Step 00000 | Loss 0.3103 | Train Acc 0.9150 | Speed (samples/sec) 1033.6937 | GPU 1848.4 MB | time 1.123 s
Avg train acc 0.9445Avg train acc 0.9445Avg train acc 0.9445Avg train acc 0.9445Avg train acc 0.9445



Avg train acc 0.9445
Avg train acc 0.9445

Avg train acc 0.9445
Avg train acc 0.9445Avg train acc 0.9445Avg train acc 0.9445
Avg train acc 0.9445
Avg train acc 0.9445Avg train acc 0.9445



Avg train acc 0.9445Avg train acc 0.9445

Avg train acc 0.9445Avg train acc 0.9445Avg train acc 0.9445

Avg train acc 0.9445Avg train acc 0.9445Avg train acc 0.9445

Avg train acc 0.9445


Avg train acc 0.9445
Avg train acc 0.9445Avg train acc 0.9445
Avg train acc 0.9445Avg train acc 0.9445Avg train acc 0.9445
Avg train acc 0.9445Avg train acc 0.9445Avg train acc 0.9445





=====================
Part 0, Epoch Time(s): 5.8787
Sampling Time(s): 0.2753
Loading Time(s): 1.8924
Forward Time(s): 0.8690
Backward Time(s): 0.2301
Update Time(s): 0.0040
Emb Update Time(s): 2.5938
#seeds: 6144
#inputs: 1919100
=====================
=====================
Part 3, Epoch Time(s): 5.9067
Sampling Time(s): 0.2727
Loading Time(s): 1.8772
Forward Time(s): 0.9146
Backward Time(s): 0.2298
Update Time(s): 0.0043
Emb Update Time(s): 2.5941
#seeds: 6144
#inputs: 1925909
==========================================
Part 2, Epoch Time(s): 5.9046
Sampling Time(s): 0.3535
Loading Time(s): 2.0563
Forward Time(s): 0.6524
Backward Time(s): 0.2299
Update Time(s): 0.0050
Emb Update Time(s): 2.5935
#seeds: 6144
#inputs: 1939198
=====================
=====================
Part 1, Epoch Time(s): 5.9071
Sampling Time(s): 0.2812
Loading Time(s): 1.8127
Forward Time(s): 0.9698
Backward Time(s): 0.2300
Update Time(s): 0.0043
Emb Update Time(s): 2.5939
#seeds: 6144
#inputs: 1925029
==========================================
Part 5, Epoch Time(s): 5.9079
Sampling Time(s): 0.3091
Loading Time(s): 1.8548
Forward Time(s): 0.9017
Backward Time(s): 0.2294
Update Time(s): 0.0046
Emb Update Time(s): 2.5942
#seeds: 6145
#inputs: 1927874
=====================


=====================
Part 6, Epoch Time(s): 5.9046
Sampling Time(s): 0.2800
Loading Time(s): 2.1083
Forward Time(s): 0.6734
Backward Time(s): 0.2292
Update Time(s): 0.0045
Emb Update Time(s): 2.5947
#seeds: 6145
#inputs: 1917798
==========================================
Part 7, Epoch Time(s): 5.9048
Sampling Time(s): 0.3091
Loading Time(s): 2.0837
Forward Time(s): 0.6691
Backward Time(s): 0.2292
Update Time(s): 0.0047
Emb Update Time(s): 2.5946
#seeds: 6144
#inputs: 1932988
==========================================
Part 4, Epoch Time(s): 5.9036
Sampling Time(s): 0.2706
Loading Time(s): 2.1244
Forward Time(s): 0.6655
Backward Time(s): 0.2295
Update Time(s): 0.0048
Emb Update Time(s): 2.5943
#seeds: 6144
#inputs: 1939971
=====================


=====================
Part 23, Epoch Time(s): 5.8986
Sampling Time(s): 0.3003
Loading Time(s): 2.0264
Forward Time(s): 0.7296
Backward Time(s): 0.2278
Update Time(s): 0.0042
Emb Update Time(s): 2.5964
#seeds: 6145
#inputs: 1927293
==========================================
Part 19, Epoch Time(s): 5.9020
Sampling Time(s): 0.3001
Loading Time(s): 1.9134
Forward Time(s): 0.8461
Backward Time(s): 0.2284
Update Time(s): 0.0041
Emb Update Time(s): 2.5958
#seeds: 6144
#inputs: 1933667
==========================================
Part 20, Epoch Time(s): 5.8826
Sampling Time(s): 0.3076
Loading Time(s): 2.0921
Forward Time(s): 0.6407
Backward Time(s): 0.2284
Update Time(s): 0.0045
Emb Update Time(s): 2.5955
#seeds: 6144
#inputs: 1943676
==========================================
Part 16, Epoch Time(s): 5.8907
Sampling Time(s): 0.2989
Loading Time(s): 2.1599
Forward Time(s): 0.5896
Backward Time(s): 0.2298
Update Time(s): 0.0041
Emb Update Time(s): 2.5947
#seeds: 6144
#inputs: 1935990
=====================



=====================
Part 21, Epoch Time(s): 5.9045
Sampling Time(s): 0.2905
Loading Time(s): 2.1258
Forward Time(s): 0.6456
Backward Time(s): 0.2280
Update Time(s): 0.0047
Emb Update Time(s): 2.5958
#seeds: 6145
#inputs: 1935483
==========================================
Part 18, Epoch Time(s): 5.8977
Sampling Time(s): 0.3823
Loading Time(s): 1.8615
Forward Time(s): 0.8114
Backward Time(s): 0.2288
Update Time(s): 0.0044
Emb Update Time(s): 2.5953
#seeds: 6144
#inputs: 1916656
==========================================
Part 22, Epoch Time(s): 5.8923
Sampling Time(s): 0.3889
Loading Time(s): 2.1086
Forward Time(s): 0.5526
Backward Time(s): 0.2278
Update Time(s): 0.0046
Emb Update Time(s): 2.5963
#seeds: 6144
#inputs: 1925502
==========================================
Part 17, Epoch Time(s): 5.9000
Sampling Time(s): 0.2862
Loading Time(s): 1.9253
Forward Time(s): 0.8455
Backward Time(s): 0.2293
Update Time(s): 0.0041
Emb Update Time(s): 2.5950
#seeds: 6144
#inputs: 1926505
=====================



=====================
Part 8, Epoch Time(s): 5.9085
Sampling Time(s): 0.3141
Loading Time(s): 2.4235
Forward Time(s): 0.3438
Backward Time(s): 0.2249
Update Time(s): 0.0042
Emb Update Time(s): 2.5839
#seeds: 6145
#inputs: 2037924
==========================================
Part 9, Epoch Time(s): 5.9082
Sampling Time(s): 0.2933
Loading Time(s): 2.1854
Forward Time(s): 0.5870
Backward Time(s): 0.2288
Update Time(s): 0.0043
Emb Update Time(s): 2.5955
#seeds: 6145
#inputs: 2035566
==========================================
Part 11, Epoch Time(s): 5.8951
Sampling Time(s): 0.2947
Loading Time(s): 2.1155
Forward Time(s): 0.6427
Backward Time(s): 0.2278
Update Time(s): 0.0043
Emb Update Time(s): 2.5961
#seeds: 6144
#inputs: 2041729
=====================


=====================
Part 15, Epoch Time(s): 5.8904
Sampling Time(s): 0.2712
Loading Time(s): 2.1917
Forward Time(s): 0.5853
Backward Time(s): 0.2270
Update Time(s): 0.0046
Emb Update Time(s): 2.5965
#seeds: 6144
#inputs: 2025223
==========================================
Part 10, Epoch Time(s): 5.8791
Sampling Time(s): 0.2972
Loading Time(s): 2.3125
Forward Time(s): 0.4443
Backward Time(s): 0.2230
Update Time(s): 0.0051
Emb Update Time(s): 2.5828
#seeds: 6144
#inputs: 2048022
==========================================
Part 14, Epoch Time(s): 5.9140
Sampling Time(s): 0.2904
Loading Time(s): 2.3670
Forward Time(s): 0.4476
Backward Time(s): 0.2175
Update Time(s): 0.0046
Emb Update Time(s): 2.5728
#seeds: 6144
#inputs: 2032952
==========================================
Part 13, Epoch Time(s): 5.9066
Sampling Time(s): 0.2725
Loading Time(s): 2.3021
Forward Time(s): 0.4915
Backward Time(s): 0.2258
Update Time(s): 0.0050
Emb Update Time(s): 2.5958
#seeds: 6144
#inputs: 2043234
=====================


=====================
Part 12, Epoch Time(s): 5.9161
Sampling Time(s): 0.3085
Loading Time(s): 2.2988
Forward Time(s): 0.4665
Backward Time(s): 0.2275
Update Time(s): 0.0055
Emb Update Time(s): 2.5954
#seeds: 6144
#inputs: 2044198
=====================

=====================
Part 26, Epoch Time(s): 5.9023
Sampling Time(s): 0.2649
Loading Time(s): 2.2549
Forward Time(s): 0.5403
Backward Time(s): 0.2282
Update Time(s): 0.0049
Emb Update Time(s): 2.5951
#seeds: 6144
#inputs: 1978407
==========================================
Part 27, Epoch Time(s): 5.9148
Sampling Time(s): 0.3263
Loading Time(s): 2.0525
Forward Time(s): 0.6929
Backward Time(s): 0.2280
Update Time(s): 0.0044
Emb Update Time(s): 2.5965
#seeds: 6145
#inputs: 1973665
==========================================
Part 24, Epoch Time(s): 5.9060
Sampling Time(s): 0.2766
Loading Time(s): 2.1809
Forward Time(s): 0.6055
Backward Time(s): 0.2283
Update Time(s): 0.0041
Emb Update Time(s): 2.5964
#seeds: 6144
#inputs: 1962450
==========================================
Part 31, Epoch Time(s): 5.9123
Sampling Time(s): 0.2778
Loading Time(s): 2.2973
Forward Time(s): 0.5047
Backward Time(s): 0.2233
Update Time(s): 0.0044
Emb Update Time(s): 2.5908
#seeds: 6144
#inputs: 1956348
==========================================
Part 25, Epoch Time(s): 5.8988
Sampling Time(s): 0.4123
Loading Time(s): 2.2971
Forward Time(s): 0.3467
Backward Time(s): 0.2283
Update Time(s): 0.0044
Emb Update Time(s): 2.5959
#seeds: 6144
#inputs: 1968634
=====================
=====================
Part 29, Epoch Time(s): 5.8915
Sampling Time(s): 0.3027
Loading Time(s): 1.8961
Forward Time(s): 0.8498
Backward Time(s): 0.2273
Update Time(s): 0.0044
Emb Update Time(s): 2.5971
#seeds: 6144
#inputs: 1971200
==========================================
Part 30, Epoch Time(s): 5.9096
Sampling Time(s): 0.2724
Loading Time(s): 1.9700
Forward Time(s): 0.8245
Backward Time(s): 0.2271
Update Time(s): 0.0047
Emb Update Time(s): 2.5969
#seeds: 6144
#inputs: 1970013
=====================



=====================
Part 28, Epoch Time(s): 5.9004
Sampling Time(s): 0.2880
Loading Time(s): 2.3507
Forward Time(s): 0.4488
Backward Time(s): 0.2204
Update Time(s): 0.0043
Emb Update Time(s): 2.5740
#seeds: 6144
#inputs: 1964990
=====================


|V|=2449029, eval batch size: 100000
|V|=2449029, eval batch size: 100000
|V|=2449029, eval batch size: 100000
|V|=2449029, eval batch size: 100000
|V|=2449029, eval batch size: 100000
|V|=2449029, eval batch size: 100000
|V|=2449029, eval batch size: 100000
|V|=2449029, eval batch size: 100000
|V|=2449029, eval batch size: 100000
|V|=2449029, eval batch size: 100000
|V|=2449029, eval batch size: 100000
|V|=2449029, eval batch size: 100000
|V|=2449029, eval batch size: 100000
|V|=2449029, eval batch size: 100000
|V|=2449029, eval batch size: 100000|V|=2449029, eval batch size: 100000

|V|=2449029, eval batch size: 100000
|V|=2449029, eval batch size: 100000
|V|=2449029, eval batch size: 100000
|V|=2449029, eval batch size: 100000
|V|=2449029, eval batch size: 100000
|V|=2449029, eval batch size: 100000
|V|=2449029, eval batch size: 100000
|V|=2449029, eval batch size: 100000
|V|=2449029, eval batch size: 100000
|V|=2449029, eval batch size: 100000
|V|=2449029, eval batch size: 100000
|V|=2449029, eval batch size: 100000
|V|=2449029, eval batch size: 100000
|V|=2449029, eval batch size: 100000
|V|=2449029, eval batch size: 100000
|V|=2449029, eval batch size: 100000
|V|=2449029, eval batch size: 100000
|V|=2449029, eval batch size: 100000
|V|=2449029, eval batch size: 100000
|V|=2449029, eval batch size: 100000
|V|=2449029, eval batch size: 100000
|V|=2449029, eval batch size: 100000
|V|=2449029, eval batch size: 100000
|V|=2449029, eval batch size: 100000
|V|=2449029, eval batch size: 100000
|V|=2449029, eval batch size: 100000
|V|=2449029, eval batch size: 100000
|V|=2449029, eval batch size: 100000
|V|=2449029, eval batch size: 100000
|V|=2449029, eval batch size: 100000
|V|=2449029, eval batch size: 100000|V|=2449029, eval batch size: 100000

|V|=2449029, eval batch size: 100000
|V|=2449029, eval batch size: 100000
|V|=2449029, eval batch size: 100000
|V|=2449029, eval batch size: 100000|V|=2449029, eval batch size: 100000

|V|=2449029, eval batch size: 100000
|V|=2449029, eval batch size: 100000
|V|=2449029, eval batch size: 100000
|V|=2449029, eval batch size: 100000
|V|=2449029, eval batch size: 100000
|V|=2449029, eval batch size: 100000
|V|=2449029, eval batch size: 100000
|V|=2449029, eval batch size: 100000
|V|=2449029, eval batch size: 100000
|V|=2449029, eval batch size: 100000
|V|=2449029, eval batch size: 100000
|V|=2449029, eval batch size: 100000
|V|=2449029, eval batch size: 100000
|V|=2449029, eval batch size: 100000
|V|=2449029, eval batch size: 100000|V|=2449029, eval batch size: 100000

|V|=2449029, eval batch size: 100000
|V|=2449029, eval batch size: 100000
|V|=2449029, eval batch size: 100000
|V|=2449029, eval batch size: 100000
|V|=2449029, eval batch size: 100000
|V|=2449029, eval batch size: 100000|V|=2449029, eval batch size: 100000

|V|=2449029, eval batch size: 100000
|V|=2449029, eval batch size: 100000
|V|=2449029, eval batch size: 100000
|V|=2449029, eval batch size: 100000
|V|=2449029, eval batch size: 100000
|V|=2449029, eval batch size: 100000
|V|=2449029, eval batch size: 100000
|V|=2449029, eval batch size: 100000|V|=2449029, eval batch size: 100000

|V|=2449029, eval batch size: 100000
|V|=2449029, eval batch size: 100000
|V|=2449029, eval batch size: 100000
|V|=2449029, eval batch size: 100000
|V|=2449029, eval batch size: 100000
|V|=2449029, eval batch size: 100000
|V|=2449029, eval batch size: 100000
|V|=2449029, eval batch size: 100000
|V|=2449029, eval batch size: 100000
|V|=2449029, eval batch size: 100000
|V|=2449029, eval batch size: 100000
Part 27, Val Acc 0.9219, Test Acc 0.7336, time: 6.8268
Part 11, Val Acc 0.8902, Test Acc 0.7135, time: 6.8376
Part 24, Val Acc 0.9032, Test Acc 0.7345, time: 6.8376
Part 15, Val Acc 0.8860, Test Acc 0.7108, time: 6.8383
Part 31, Val Acc 0.9292, Test Acc 0.7327, time: 6.8401
Part 0, Val Acc 0.9487, Test Acc 0.7771, time: 6.8433
Part 1, Val Acc 0.9349, Test Acc 0.7739, time: 6.8445
Part 7, Val Acc 0.9422, Test Acc 0.7736, time: 6.8460
Part 28, Val Acc 0.9072, Test Acc 0.7336, time: 6.8463
Part 12, Val Acc 0.8861, Test Acc 0.7114, time: 6.8477
Part 14, Val Acc 0.8950, Test Acc 0.7098, time: 6.8497
Part 26, Val Acc 0.9161, Test Acc 0.7330, time: 6.8500
Part 13, Val Acc 0.8853, Test Acc 0.7135, time: 6.8513
Part 8, Val Acc 0.8796, Test Acc 0.7138, time: 6.8528
Part 3, Val Acc 0.9398, Test Acc 0.7731, time: 6.8536
Part 5, Val Acc 0.9585, Test Acc 0.7758, time: 6.8550
Part 20, Val Acc 0.9113, Test Acc 0.7384, time: 6.8551
Part 16, Val Acc 0.8967, Test Acc 0.7396, time: 6.8554
Part 6, Val Acc 0.9487, Test Acc 0.7751, time: 6.8564
Part 4, Val Acc 0.9422, Test Acc 0.7745, time: 6.8564
Part 18, Val Acc 0.8974, Test Acc 0.7405, time: 6.8566
Part 23, Val Acc 0.8942, Test Acc 0.7381, time: 6.8569
Part 30, Val Acc 0.9300, Test Acc 0.7352, time: 6.8575
Part 29, Val Acc 0.9235, Test Acc 0.7328, time: 6.8596
Part 17, Val Acc 0.9007, Test Acc 0.7406, time: 6.8612
Part 19, Val Acc 0.9040, Test Acc 0.7383, time: 6.8617
Part 2, Val Acc 0.9471, Test Acc 0.7723, time: 6.8619
Part 21, Val Acc 0.8942, Test Acc 0.7405, time: 6.8632
Part 10, Val Acc 0.8983, Test Acc 0.7116, time: 6.8637
Part 9, Val Acc 0.9121, Test Acc 0.7140, time: 6.8690
Part 22, Val Acc 0.8918, Test Acc 0.7414, time: 6.8692
Part 25, Val Acc 0.9284, Test Acc 0.7330, time: 6.8720
All parts avg val acc 0.9139, test acc 0.7400
Part 0 | Epoch 00016 | Step 00000 | Loss 0.1340 | Train Acc 0.9680 | Speed (samples/sec) 1033.4398 | GPU 1817.3 MB | time 1.101 s
Part 1 | Epoch 00016 | Step 00000 | Loss 0.1088 | Train Acc 0.9760 | Speed (samples/sec) 1030.4958 | GPU 1828.5 MB | time 1.130 sPart 3 | Epoch 00016 | Step 00000 | Loss 0.1225 | Train Acc 0.9700 | Speed (samples/sec) 1030.1535 | GPU 1822.4 MB | time 1.121 s

Part 6 | Epoch 00016 | Step 00000 | Loss 0.1152 | Train Acc 0.9760 | Speed (samples/sec) 1030.8462 | GPU 1814.5 MB | time 1.118 s
Part 5 | Epoch 00016 | Step 00000 | Loss 0.1263 | Train Acc 0.9690 | Speed (samples/sec) 1030.8040 | GPU 1817.4 MB | time 1.120 s
Part 26 | Epoch 00016 | Step 00000 | Loss 0.1612 | Train Acc 0.9560 | Speed (samples/sec) 1030.6647 | GPU 1931.2 MB | time 1.125 s
Part 24 | Epoch 00016 | Step 00000 | Loss 0.1535 | Train Acc 0.9590 | Speed (samples/sec) 1030.5925 | GPU 1940.0 MB | time 1.137 s
Part 4 | Epoch 00016 | Step 00000 | Loss 0.0988 | Train Acc 0.9780 | Speed (samples/sec) 1029.6620 | GPU 1813.4 MB | time 1.118 s
Part 7 | Epoch 00016 | Step 00000 | Loss 0.0988 | Train Acc 0.9740 | Speed (samples/sec) 1030.6570 | GPU 1810.8 MB | time 1.129 s
Part 31 | Epoch 00016 | Step 00000 | Loss 0.1877 | Train Acc 0.9590 | Speed (samples/sec) 1030.6642 | GPU 1928.9 MB | time 1.135 s
Part 29 | Epoch 00016 | Step 00000 | Loss 0.1960 | Train Acc 0.9480 | Speed (samples/sec) 1030.7936 | GPU 1934.3 MB | time 1.115 s
Part 20 | Epoch 00016 | Step 00000 | Loss 0.2524 | Train Acc 0.9320 | Speed (samples/sec) 1031.8525 | GPU 1859.8 MB | time 1.120 sPart 21 | Epoch 00016 | Step 00000 | Loss 0.2549 | Train Acc 0.9270 | Speed (samples/sec) 1032.2062 | GPU 1849.7 MB | time 1.112 s

Part 16 | Epoch 00016 | Step 00000 | Loss 0.2694 | Train Acc 0.9280 | Speed (samples/sec) 1031.8644 | GPU 1843.2 MB | time 1.119 s
Part 28 | Epoch 00016 | Step 00000 | Loss 0.1729 | Train Acc 0.9610 | Speed (samples/sec) 1030.7081 | GPU 1933.8 MB | time 1.128 s
Part 27 | Epoch 00016 | Step 00000 | Loss 0.1714 | Train Acc 0.9550 | Speed (samples/sec) 1031.3965 | GPU 1933.9 MB | time 1.148 s
Part 2 | Epoch 00016 | Step 00000 | Loss 0.1040 | Train Acc 0.9700 | Speed (samples/sec) 1030.6333 | GPU 1809.4 MB | time 1.113 s
Part 30 | Epoch 00016 | Step 00000 | Loss 0.1660 | Train Acc 0.9540 | Speed (samples/sec) 1030.4329 | GPU 1932.6 MB | time 1.117 s
Part 25 | Epoch 00016 | Step 00000 | Loss 0.1749 | Train Acc 0.9570 | Speed (samples/sec) 1030.8971 | GPU 1946.6 MB | time 1.102 s
Part 22 | Epoch 00016 | Step 00000 | Loss 0.2837 | Train Acc 0.9270 | Speed (samples/sec) 1031.8117 | GPU 1848.4 MB | time 1.105 s
Part 19 | Epoch 00016 | Step 00000 | Loss 0.2890 | Train Acc 0.9200 | Speed (samples/sec) 1030.9640 | GPU 1853.1 MB | time 1.113 sPart 23 | Epoch 00016 | Step 00000 | Loss 0.2529 | Train Acc 0.9330 | Speed (samples/sec) 1032.0373 | GPU 1854.0 MB | time 1.118 s

Part 17 | Epoch 00016 | Step 00000 | Loss 0.2148 | Train Acc 0.9430 | Speed (samples/sec) 1031.8697 | GPU 1855.9 MB | time 1.114 s
Part 18 | Epoch 00016 | Step 00000 | Loss 0.2774 | Train Acc 0.9300 | Speed (samples/sec) 1031.5267 | GPU 1851.0 MB | time 1.118 s
Part 15 | Epoch 00016 | Step 00000 | Loss 0.2607 | Train Acc 0.9370 | Speed (samples/sec) 1030.9523 | GPU 2064.4 MB | time 1.137 sPart 11 | Epoch 00016 | Step 00000 | Loss 0.2401 | Train Acc 0.9270 | Speed (samples/sec) 1031.3724 | GPU 2071.3 MB | time 1.137 s

Part 8 | Epoch 00016 | Step 00000 | Loss 0.2413 | Train Acc 0.9260 | Speed (samples/sec) 1031.2947 | GPU 2091.5 MB | time 1.122 s
Part 13 | Epoch 00016 | Step 00000 | Loss 0.2578 | Train Acc 0.9340 | Speed (samples/sec) 1031.3117 | GPU 2073.0 MB | time 1.124 sPart 14 | Epoch 00016 | Step 00000 | Loss 0.2192 | Train Acc 0.9400 | Speed (samples/sec) 1031.5982 | GPU 2077.1 MB | time 1.125 s

Part 12 | Epoch 00016 | Step 00000 | Loss 0.2137 | Train Acc 0.9400 | Speed (samples/sec) 1031.5131 | GPU 2075.5 MB | time 1.127 s
Part 10 | Epoch 00016 | Step 00000 | Loss 0.2358 | Train Acc 0.9430 | Speed (samples/sec) 1032.0118 | GPU 2076.0 MB | time 1.111 s
Part 9 | Epoch 00016 | Step 00000 | Loss 0.2224 | Train Acc 0.9420 | Speed (samples/sec) 1031.4487 | GPU 2076.6 MB | time 1.104 s
Avg train acc 0.9487
Avg train acc 0.9487
Avg train acc 0.9487Avg train acc 0.9487Avg train acc 0.9487


Avg train acc 0.9487
Avg train acc 0.9487Avg train acc 0.9487

Avg train acc 0.9487
Avg train acc 0.9487Avg train acc 0.9487Avg train acc 0.9487Avg train acc 0.9487



Avg train acc 0.9487
Avg train acc 0.9487Avg train acc 0.9487

Avg train acc 0.9487Avg train acc 0.9487

Avg train acc 0.9487
Avg train acc 0.9487Avg train acc 0.9487

Avg train acc 0.9487Avg train acc 0.9487Avg train acc 0.9487


Avg train acc 0.9487
Avg train acc 0.9487Avg train acc 0.9487
Avg train acc 0.9487

Avg train acc 0.9487Avg train acc 0.9487Avg train acc 0.9487
Avg train acc 0.9487


=====================
Part 0, Epoch Time(s): 5.6163
Sampling Time(s): 0.3454
Loading Time(s): 1.8525
Forward Time(s): 0.8212
Backward Time(s): 0.2261
Update Time(s): 0.0041
Emb Update Time(s): 2.3594
#seeds: 6144
#inputs: 1926347
=====================
=====================
Part 1, Epoch Time(s): 5.6457
Sampling Time(s): 0.2756
Loading Time(s): 1.6769
Forward Time(s): 1.0958
Backward Time(s): 0.2258
Update Time(s): 0.0043
Emb Update Time(s): 2.3596
#seeds: 6144
#inputs: 1926944
=====================
=====================
Part 5, Epoch Time(s): 5.6352
Sampling Time(s): 0.3073
Loading Time(s): 1.9053
Forward Time(s): 0.8252
Backward Time(s): 0.2250
Update Time(s): 0.0046
Emb Update Time(s): 2.3602
#seeds: 6145
#inputs: 1933288
==========================================
Part 2, Epoch Time(s): 5.6280
Sampling Time(s): 0.5739
Loading Time(s): 1.9584
Forward Time(s): 0.5135
Backward Time(s): 0.2210
Update Time(s): 0.0058
Emb Update Time(s): 2.3475
#seeds: 6144
#inputs: 1939581
=====================

=====================
Part 3, Epoch Time(s): 5.6367
Sampling Time(s): 0.2776
Loading Time(s): 1.7338
Forward Time(s): 1.0274
Backward Time(s): 0.2254
Update Time(s): 0.0042
Emb Update Time(s): 2.3604
#seeds: 6144
#inputs: 1936544
==========================================
Part 7, Epoch Time(s): 5.6439
Sampling Time(s): 0.4329
Loading Time(s): 1.9981
Forward Time(s): 0.6153
Backward Time(s): 0.2247
Update Time(s): 0.0046
Emb Update Time(s): 2.3607
#seeds: 6144
#inputs: 1929844
=====================

=====================
Part 4, Epoch Time(s): 5.6337
Sampling Time(s): 0.2714
Loading Time(s): 2.0184
Forward Time(s): 0.7461
Backward Time(s): 0.2253
Update Time(s): 0.0043
Emb Update Time(s): 2.3603
#seeds: 6144
#inputs: 1937230
=====================
=====================
Part 6, Epoch Time(s): 5.6339
Sampling Time(s): 0.2752
Loading Time(s): 2.0070
Forward Time(s): 0.7540
Backward Time(s): 0.2248
Update Time(s): 0.0043
Emb Update Time(s): 2.3608
#seeds: 6145
#inputs: 1916493
=====================
=====================
Part 21, Epoch Time(s): 5.6270
Sampling Time(s): 0.3056
Loading Time(s): 2.0895
Forward Time(s): 0.6345
Backward Time(s): 0.2236
Update Time(s): 0.0044
Emb Update Time(s): 2.3618
#seeds: 6145
#inputs: 1936321
==========================================
Part 23, Epoch Time(s): 5.6334
Sampling Time(s): 0.3635
Loading Time(s): 1.8940
Forward Time(s): 0.7783
Backward Time(s): 0.2236
Update Time(s): 0.0044
Emb Update Time(s): 2.3621
#seeds: 6145
#inputs: 1931641
=====================

=====================
Part 19, Epoch Time(s): 5.6286
Sampling Time(s): 0.2741
Loading Time(s): 1.9010
Forward Time(s): 0.8559
Backward Time(s): 0.2241
Update Time(s): 0.0043
Emb Update Time(s): 2.3617
#seeds: 6144
#inputs: 1935411
=====================
=====================
Part 16, Epoch Time(s): 5.6349
Sampling Time(s): 0.2940
Loading Time(s): 2.1845
Forward Time(s): 0.5603
Backward Time(s): 0.2231
Update Time(s): 0.0042
Emb Update Time(s): 2.3612
#seeds: 6144
#inputs: 1932775
==========================================
Part 17, Epoch Time(s): 5.6291
Sampling Time(s): 0.3905
Loading Time(s): 1.9738
Forward Time(s): 0.6671
Backward Time(s): 0.2245
Update Time(s): 0.0046
Emb Update Time(s): 2.3610
#seeds: 6144
#inputs: 1924510
==========================================
Part 18, Epoch Time(s): 5.6336
Sampling Time(s): 0.3228
Loading Time(s): 1.8886
Forward Time(s): 0.8240
Backward Time(s): 0.2244
Update Time(s): 0.0045
Emb Update Time(s): 2.3616
#seeds: 6144
#inputs: 1912187
==========================================
Part 20, Epoch Time(s): 5.6351
Sampling Time(s): 0.3252
Loading Time(s): 2.1866
Forward Time(s): 0.5287
Backward Time(s): 0.2210
Update Time(s): 0.0044
Emb Update Time(s): 2.3617
#seeds: 6144
#inputs: 1942811
=====================

=====================
Part 22, Epoch Time(s): 5.6203
Sampling Time(s): 0.3251
Loading Time(s): 2.1080
Forward Time(s): 0.5895
Backward Time(s): 0.2236
Update Time(s): 0.0045
Emb Update Time(s): 2.3621
#seeds: 6144
#inputs: 1932498
=====================


=====================
Part 9, Epoch Time(s): 5.6193
Sampling Time(s): 0.3200
Loading Time(s): 2.1531
Forward Time(s): 0.5625
Backward Time(s): 0.2213
Update Time(s): 0.0041
Emb Update Time(s): 2.3512
#seeds: 6145
#inputs: 2029447
=====================
=====================
Part 15, Epoch Time(s): 5.6520
Sampling Time(s): 0.2625
Loading Time(s): 1.9881
Forward Time(s): 0.8055
Backward Time(s): 0.2205
Update Time(s): 0.0044
Emb Update Time(s): 2.3635
#seeds: 6144
#inputs: 2018540
==========================================
Part 11, Epoch Time(s): 5.6526
Sampling Time(s): 0.2784
Loading Time(s): 2.2258
Forward Time(s): 0.5565
Backward Time(s): 0.2212
Update Time(s): 0.0045
Emb Update Time(s): 2.3588
#seeds: 6144
#inputs: 2042239
=====================

=====================
Part 13, Epoch Time(s): 5.6389
Sampling Time(s): 0.3523
Loading Time(s): 2.3568
Forward Time(s): 0.3473
Backward Time(s): 0.2193
Update Time(s): 0.0045
Emb Update Time(s): 2.3512
#seeds: 6144
#inputs: 2055466
=====================
=====================
Part 8, Epoch Time(s): 5.6375
Sampling Time(s): 0.3150
Loading Time(s): 2.0895
Forward Time(s): 0.6367
Backward Time(s): 0.2224
Update Time(s): 0.0047
Emb Update Time(s): 2.3615
#seeds: 6145
#inputs: 2039009
=====================
=====================
Part 10, Epoch Time(s): 5.6259
Sampling Time(s): 0.3134
Loading Time(s): 2.3102
Forward Time(s): 0.4047
Backward Time(s): 0.2237
Update Time(s): 0.0053
Emb Update Time(s): 2.3611
#seeds: 6144
#inputs: 2048570
=====================
=====================
Part 14, Epoch Time(s): 5.6406
Sampling Time(s): 0.4094
Loading Time(s): 2.2215
Forward Time(s): 0.4121
Backward Time(s): 0.2225
Update Time(s): 0.0049
Emb Update Time(s): 2.3629
#seeds: 6144
#inputs: 2032847
==========================================
Part 12, Epoch Time(s): 5.6424
Sampling Time(s): 0.3741
Loading Time(s): 2.2588
Forward Time(s): 0.4260
Backward Time(s): 0.2208
Update Time(s): 0.0053
Emb Update Time(s): 2.3502
#seeds: 6144
#inputs: 2045854
=====================

=====================
Part 31, Epoch Time(s): 5.6502
Sampling Time(s): 0.4074
Loading Time(s): 2.3464
Forward Time(s): 0.3144
Backward Time(s): 0.2177
Update Time(s): 0.0051
Emb Update Time(s): 2.3513
#seeds: 6144
#inputs: 1962450
==========================================
Part 28, Epoch Time(s): 5.6438
Sampling Time(s): 0.3779
Loading Time(s): 2.2658
Forward Time(s): 0.4130
Backward Time(s): 0.2210
Update Time(s): 0.0044
Emb Update Time(s): 2.3540
#seeds: 6144
#inputs: 1964005
==========================================
Part 25, Epoch Time(s): 5.6169
Sampling Time(s): 0.3594
Loading Time(s): 2.3716
Forward Time(s): 0.2879
Backward Time(s): 0.2242
Update Time(s): 0.0049
Emb Update Time(s): 2.3610
#seeds: 6144
#inputs: 1963743
=====================


=====================
Part 24, Epoch Time(s): 5.6527
Sampling Time(s): 0.2672
Loading Time(s): 2.3283
Forward Time(s): 0.4810
Backward Time(s): 0.2168
Update Time(s): 0.0039
Emb Update Time(s): 2.3474
#seeds: 6144
#inputs: 1962842
==========================================
Part 27, Epoch Time(s): 5.6636
Sampling Time(s): 0.3077
Loading Time(s): 2.1526
Forward Time(s): 0.6052
Backward Time(s): 0.2237
Update Time(s): 0.0044
Emb Update Time(s): 2.3622
#seeds: 6145
#inputs: 1968769
==========================================
Part 29, Epoch Time(s): 5.6308
Sampling Time(s): 0.3692
Loading Time(s): 1.9262
Forward Time(s): 0.7372
Backward Time(s): 0.2234
Update Time(s): 0.0046
Emb Update Time(s): 2.3621
#seeds: 6144
#inputs: 1976967
==========================================
Part 30, Epoch Time(s): 5.6328
Sampling Time(s): 0.2821
Loading Time(s): 2.0657
Forward Time(s): 0.6945
Backward Time(s): 0.2201
Update Time(s): 0.0043
Emb Update Time(s): 2.3579
#seeds: 6144
#inputs: 1969552
==========================================
Part 26, Epoch Time(s): 5.6403
Sampling Time(s): 0.2960
Loading Time(s): 2.3114
Forward Time(s): 0.4397
Backward Time(s): 0.2219
Update Time(s): 0.0042
Emb Update Time(s): 2.3593
#seeds: 6144
#inputs: 1985295
=====================




|V|=2449029, eval batch size: 100000
|V|=2449029, eval batch size: 100000
|V|=2449029, eval batch size: 100000
|V|=2449029, eval batch size: 100000
|V|=2449029, eval batch size: 100000
|V|=2449029, eval batch size: 100000
|V|=2449029, eval batch size: 100000
|V|=2449029, eval batch size: 100000
|V|=2449029, eval batch size: 100000
|V|=2449029, eval batch size: 100000
|V|=2449029, eval batch size: 100000
|V|=2449029, eval batch size: 100000
|V|=2449029, eval batch size: 100000
|V|=2449029, eval batch size: 100000
|V|=2449029, eval batch size: 100000
|V|=2449029, eval batch size: 100000
|V|=2449029, eval batch size: 100000
|V|=2449029, eval batch size: 100000
|V|=2449029, eval batch size: 100000
|V|=2449029, eval batch size: 100000
|V|=2449029, eval batch size: 100000
|V|=2449029, eval batch size: 100000
|V|=2449029, eval batch size: 100000
|V|=2449029, eval batch size: 100000
|V|=2449029, eval batch size: 100000
|V|=2449029, eval batch size: 100000
|V|=2449029, eval batch size: 100000
|V|=2449029, eval batch size: 100000
|V|=2449029, eval batch size: 100000
|V|=2449029, eval batch size: 100000
|V|=2449029, eval batch size: 100000
|V|=2449029, eval batch size: 100000
|V|=2449029, eval batch size: 100000
|V|=2449029, eval batch size: 100000
|V|=2449029, eval batch size: 100000
|V|=2449029, eval batch size: 100000
|V|=2449029, eval batch size: 100000
|V|=2449029, eval batch size: 100000
|V|=2449029, eval batch size: 100000
|V|=2449029, eval batch size: 100000
|V|=2449029, eval batch size: 100000
|V|=2449029, eval batch size: 100000
|V|=2449029, eval batch size: 100000
|V|=2449029, eval batch size: 100000
|V|=2449029, eval batch size: 100000
|V|=2449029, eval batch size: 100000
|V|=2449029, eval batch size: 100000
|V|=2449029, eval batch size: 100000
|V|=2449029, eval batch size: 100000
|V|=2449029, eval batch size: 100000
|V|=2449029, eval batch size: 100000
|V|=2449029, eval batch size: 100000
|V|=2449029, eval batch size: 100000
|V|=2449029, eval batch size: 100000
|V|=2449029, eval batch size: 100000|V|=2449029, eval batch size: 100000

|V|=2449029, eval batch size: 100000
|V|=2449029, eval batch size: 100000
|V|=2449029, eval batch size: 100000
|V|=2449029, eval batch size: 100000
|V|=2449029, eval batch size: 100000
|V|=2449029, eval batch size: 100000
|V|=2449029, eval batch size: 100000
|V|=2449029, eval batch size: 100000
|V|=2449029, eval batch size: 100000
|V|=2449029, eval batch size: 100000
|V|=2449029, eval batch size: 100000
|V|=2449029, eval batch size: 100000
|V|=2449029, eval batch size: 100000
|V|=2449029, eval batch size: 100000
|V|=2449029, eval batch size: 100000
|V|=2449029, eval batch size: 100000
|V|=2449029, eval batch size: 100000
|V|=2449029, eval batch size: 100000
|V|=2449029, eval batch size: 100000
|V|=2449029, eval batch size: 100000
|V|=2449029, eval batch size: 100000
|V|=2449029, eval batch size: 100000
|V|=2449029, eval batch size: 100000
|V|=2449029, eval batch size: 100000
|V|=2449029, eval batch size: 100000
|V|=2449029, eval batch size: 100000
|V|=2449029, eval batch size: 100000
|V|=2449029, eval batch size: 100000
|V|=2449029, eval batch size: 100000
|V|=2449029, eval batch size: 100000
|V|=2449029, eval batch size: 100000
|V|=2449029, eval batch size: 100000|V|=2449029, eval batch size: 100000

|V|=2449029, eval batch size: 100000
|V|=2449029, eval batch size: 100000
|V|=2449029, eval batch size: 100000
|V|=2449029, eval batch size: 100000
|V|=2449029, eval batch size: 100000
|V|=2449029, eval batch size: 100000
|V|=2449029, eval batch size: 100000
Part 8, Val Acc 0.8804, Test Acc 0.7140, time: 7.0217
Part 20, Val Acc 0.9121, Test Acc 0.7412, time: 7.0317
Part 31, Val Acc 0.9308, Test Acc 0.7340, time: 7.0324
Part 7, Val Acc 0.9439, Test Acc 0.7746, time: 7.0331
Part 5, Val Acc 0.9569, Test Acc 0.7767, time: 7.0332
Part 0, Val Acc 0.9495, Test Acc 0.7781, time: 7.0332
Part 1, Val Acc 0.9373, Test Acc 0.7746, time: 7.0335
Part 3, Val Acc 0.9422, Test Acc 0.7742, time: 7.0335
Part 4, Val Acc 0.9447, Test Acc 0.7758, time: 7.0340
Part 6, Val Acc 0.9479, Test Acc 0.7755, time: 7.0347
Part 24, Val Acc 0.9024, Test Acc 0.7358, time: 7.0346
Part 18, Val Acc 0.8982, Test Acc 0.7427, time: 7.0356
Part 17, Val Acc 0.9015, Test Acc 0.7429, time: 7.0383
Part 22, Val Acc 0.8918, Test Acc 0.7436, time: 7.0394
Part 23, Val Acc 0.8983, Test Acc 0.7404, time: 7.0423
Part 2, Val Acc 0.9504, Test Acc 0.7732, time: 7.0443
Part 27, Val Acc 0.9203, Test Acc 0.7348, time: 7.0445
Part 30, Val Acc 0.9308, Test Acc 0.7363, time: 7.0451
Part 16, Val Acc 0.8959, Test Acc 0.7418, time: 7.0458
Part 21, Val Acc 0.8934, Test Acc 0.7429, time: 7.0461
Part 19, Val Acc 0.9056, Test Acc 0.7403, time: 7.0462
Part 28, Val Acc 0.9064, Test Acc 0.7351, time: 7.0466
Part 13, Val Acc 0.8853, Test Acc 0.7140, time: 7.0476
Part 26, Val Acc 0.9161, Test Acc 0.7343, time: 7.0490
Part 15, Val Acc 0.8860, Test Acc 0.7118, time: 7.0497
Part 9, Val Acc 0.9121, Test Acc 0.7144, time: 7.0498
Part 12, Val Acc 0.8877, Test Acc 0.7115, time: 7.0498
Part 29, Val Acc 0.9260, Test Acc 0.7340, time: 7.0502
Part 14, Val Acc 0.8983, Test Acc 0.7111, time: 7.0533
Part 25, Val Acc 0.9276, Test Acc 0.7344, time: 7.0538
Part 10, Val Acc 0.8999, Test Acc 0.7123, time: 7.0576
Part 11, Val Acc 0.8926, Test Acc 0.7142, time: 7.0831
All parts avg val acc 0.9148, test acc 0.7413
Part 5 | Epoch 00017 | Step 00000 | Loss 0.1140 | Train Acc 0.9730 | Speed (samples/sec) 1032.6914 | GPU 1817.4 MB | time 1.067 sPart 0 | Epoch 00017 | Step 00000 | Loss 0.1024 | Train Acc 0.9720 | Speed (samples/sec) 1035.5267 | GPU 1817.3 MB | time 1.017 s

Part 7 | Epoch 00017 | Step 00000 | Loss 0.1081 | Train Acc 0.9700 | Speed (samples/sec) 1032.5133 | GPU 1810.8 MB | time 1.067 sPart 6 | Epoch 00017 | Step 00000 | Loss 0.1070 | Train Acc 0.9740 | Speed (samples/sec) 1032.7396 | GPU 1814.5 MB | time 1.066 sPart 1 | Epoch 00017 | Step 00000 | Loss 0.1235 | Train Acc 0.9700 | Speed (samples/sec) 1032.3645 | GPU 1828.5 MB | time 1.067 s


Part 4 | Epoch 00017 | Step 00000 | Loss 0.0827 | Train Acc 0.9760 | Speed (samples/sec) 1031.5859 | GPU 1813.4 MB | time 1.067 s
Part 3 | Epoch 00017 | Step 00000 | Loss 0.1224 | Train Acc 0.9670 | Speed (samples/sec) 1032.0432 | GPU 1822.4 MB | time 1.067 s
Part 2 | Epoch 00017 | Step 00000 | Loss 0.1397 | Train Acc 0.9640 | Speed (samples/sec) 1032.5789 | GPU 1809.4 MB | time 1.056 s
Part 23 | Epoch 00017 | Step 00000 | Loss 0.2067 | Train Acc 0.9480 | Speed (samples/sec) 1033.9141 | GPU 1854.0 MB | time 1.059 sPart 17 | Epoch 00017 | Step 00000 | Loss 0.2500 | Train Acc 0.9340 | Speed (samples/sec) 1033.6936 | GPU 1855.9 MB | time 1.062 sPart 22 | Epoch 00017 | Step 00000 | Loss 0.2700 | Train Acc 0.9260 | Speed (samples/sec) 1033.6424 | GPU 1848.4 MB | time 1.061 s


Part 21 | Epoch 00017 | Step 00000 | Loss 0.2133 | Train Acc 0.9420 | Speed (samples/sec) 1034.1057 | GPU 1849.7 MB | time 1.055 s
Part 18 | Epoch 00017 | Step 00000 | Loss 0.1857 | Train Acc 0.9430 | Speed (samples/sec) 1033.3412 | GPU 1851.0 MB | time 1.065 s
Part 29 | Epoch 00017 | Step 00000 | Loss 0.1625 | Train Acc 0.9530 | Speed (samples/sec) 1032.7736 | GPU 1934.3 MB | time 1.050 sPart 30 | Epoch 00017 | Step 00000 | Loss 0.1675 | Train Acc 0.9570 | Speed (samples/sec) 1032.3939 | GPU 1932.6 MB | time 1.056 s

Part 27 | Epoch 00017 | Step 00000 | Loss 0.1731 | Train Acc 0.9480 | Speed (samples/sec) 1033.3349 | GPU 1933.9 MB | time 1.056 sPart 31 | Epoch 00017 | Step 00000 | Loss 0.1476 | Train Acc 0.9570 | Speed (samples/sec) 1032.5167 | GPU 1928.9 MB | time 1.068 s

Part 20 | Epoch 00017 | Step 00000 | Loss 0.2245 | Train Acc 0.9440 | Speed (samples/sec) 1033.6229 | GPU 1859.8 MB | time 1.069 s
Part 15 | Epoch 00017 | Step 00000 | Loss 0.2176 | Train Acc 0.9460 | Speed (samples/sec) 1032.9137 | GPU 2064.4 MB | time 1.051 s
Part 9 | Epoch 00017 | Step 00000 | Loss 0.2187 | Train Acc 0.9350 | Speed (samples/sec) 1033.4230 | GPU 2076.6 MB | time 1.051 s
Part 14 | Epoch 00017 | Step 00000 | Loss 0.2214 | Train Acc 0.9430 | Speed (samples/sec) 1033.5481 | GPU 2077.1 MB | time 1.048 sPart 13 | Epoch 00017 | Step 00000 | Loss 0.2102 | Train Acc 0.9360 | Speed (samples/sec) 1033.2386 | GPU 2073.0 MB | time 1.053 s

Part 11 | Epoch 00017 | Step 00000 | Loss 0.2120 | Train Acc 0.9410 | Speed (samples/sec) 1033.5778 | GPU 2071.3 MB | time 1.017 s
Part 10 | Epoch 00017 | Step 00000 | Loss 0.2107 | Train Acc 0.9430 | Speed (samples/sec) 1033.9754 | GPU 2076.0 MB | time 1.043 s
Part 12 | Epoch 00017 | Step 00000 | Loss 0.2149 | Train Acc 0.9420 | Speed (samples/sec) 1033.4473 | GPU 2075.5 MB | time 1.050 s
Part 19 | Epoch 00017 | Step 00000 | Loss 0.2622 | Train Acc 0.9360 | Speed (samples/sec) 1032.8918 | GPU 1853.1 MB | time 1.055 s
Part 8 | Epoch 00017 | Step 00000 | Loss 0.1804 | Train Acc 0.9530 | Speed (samples/sec) 1033.0697 | GPU 2091.5 MB | time 1.079 s
Part 26 | Epoch 00017 | Step 00000 | Loss 0.1845 | Train Acc 0.9530 | Speed (samples/sec) 1032.6383 | GPU 1931.2 MB | time 1.052 sPart 28 | Epoch 00017 | Step 00000 | Loss 0.1401 | Train Acc 0.9660 | Speed (samples/sec) 1032.6629 | GPU 1933.8 MB | time 1.054 s

Part 25 | Epoch 00017 | Step 00000 | Loss 0.1424 | Train Acc 0.9650 | Speed (samples/sec) 1032.9000 | GPU 1946.6 MB | time 1.047 s
Part 16 | Epoch 00017 | Step 00000 | Loss 0.2226 | Train Acc 0.9400 | Speed (samples/sec) 1033.7376 | GPU 1843.2 MB | time 1.055 s
Part 24 | Epoch 00017 | Step 00000 | Loss 0.1328 | Train Acc 0.9580 | Speed (samples/sec) 1032.4625 | GPU 1940.0 MB | time 1.066 s
Avg train acc 0.9523Avg train acc 0.9523
Avg train acc 0.9523

Avg train acc 0.9523Avg train acc 0.9523
Avg train acc 0.9523
Avg train acc 0.9523

Avg train acc 0.9523
Avg train acc 0.9523Avg train acc 0.9523Avg train acc 0.9523Avg train acc 0.9523
Avg train acc 0.9523

Avg train acc 0.9523
Avg train acc 0.9523Avg train acc 0.9523



Avg train acc 0.9523Avg train acc 0.9523Avg train acc 0.9523Avg train acc 0.9523

Avg train acc 0.9523

Avg train acc 0.9523
Avg train acc 0.9523
Avg train acc 0.9523

Avg train acc 0.9523Avg train acc 0.9523Avg train acc 0.9523Avg train acc 0.9523

Avg train acc 0.9523Avg train acc 0.9523
Avg train acc 0.9523

Avg train acc 0.9523


=====================
Part 0, Epoch Time(s): 5.5358
Sampling Time(s): 0.2889
Loading Time(s): 1.8267
Forward Time(s): 0.7863
Backward Time(s): 0.2307
Update Time(s): 0.0041
Emb Update Time(s): 2.3844
#seeds: 6144
#inputs: 1925169
==========================================
Part 5, Epoch Time(s): 5.5865
Sampling Time(s): 0.3128
Loading Time(s): 1.9166
Forward Time(s): 0.7228
Backward Time(s): 0.2298
Update Time(s): 0.0044
Emb Update Time(s): 2.3852
#seeds: 6145
#inputs: 1928013
=====================

=====================
Part 3, Epoch Time(s): 5.5862
Sampling Time(s): 0.2720
Loading Time(s): 1.7242
Forward Time(s): 0.9563
Backward Time(s): 0.2304
Update Time(s): 0.0048
Emb Update Time(s): 2.3841
#seeds: 6144
#inputs: 1933240
==========================================
Part 1, Epoch Time(s): 5.5863
Sampling Time(s): 0.2957
Loading Time(s): 1.7871
Forward Time(s): 0.8693
Backward Time(s): 0.2306
Update Time(s): 0.0042
Emb Update Time(s): 2.3846
#seeds: 6144
#inputs: 1928563
=====================

=====================
Part 6, Epoch Time(s): 5.5851
Sampling Time(s): 0.2701
Loading Time(s): 1.9834
Forward Time(s): 0.6972
Backward Time(s): 0.2294
Update Time(s): 0.0044
Emb Update Time(s): 2.3859
#seeds: 6145
#inputs: 1919250
=====================
=====================
Part 7, Epoch Time(s): 5.5865
Sampling Time(s): 0.2873
Loading Time(s): 1.9878
Forward Time(s): 0.6766
Backward Time(s): 0.2293
Update Time(s): 0.0046
Emb Update Time(s): 2.3861
#seeds: 6144
#inputs: 1930042
=====================
=====================
Part 4, Epoch Time(s): 5.5857
Sampling Time(s): 0.3020
Loading Time(s): 2.0878
Forward Time(s): 0.5615
Backward Time(s): 0.2302
Update Time(s): 0.0043
Emb Update Time(s): 2.3853
#seeds: 6144
#inputs: 1937241
==========================================
Part 2, Epoch Time(s): 5.5750
Sampling Time(s): 0.2884
Loading Time(s): 2.0518
Forward Time(s): 0.6004
Backward Time(s): 0.2305
Update Time(s): 0.0048
Emb Update Time(s): 2.3843
#seeds: 6144
#inputs: 1934729
=====================

=====================
Part 19, Epoch Time(s): 5.5735
Sampling Time(s): 0.2788
Loading Time(s): 2.0363
Forward Time(s): 0.6240
Backward Time(s): 0.2281
Update Time(s): 0.0041
Emb Update Time(s): 2.3879
#seeds: 6144
#inputs: 1937832
==========================================
Part 17, Epoch Time(s): 5.5814
Sampling Time(s): 0.2929
Loading Time(s): 1.9359
Forward Time(s): 0.7184
Backward Time(s): 0.2290
Update Time(s): 0.0042
Emb Update Time(s): 2.3861
#seeds: 6144
#inputs: 1927316
=====================
=====================
Part 23, Epoch Time(s): 5.5776
Sampling Time(s): 0.2638
Loading Time(s): 1.8597
Forward Time(s): 0.8202
Backward Time(s): 0.2276
Update Time(s): 0.0042
Emb Update Time(s): 2.3878
#seeds: 6145
#inputs: 1930500
==========================================
Part 21, Epoch Time(s): 5.5736
Sampling Time(s): 0.3168
Loading Time(s): 2.1448
Forward Time(s): 0.4773
Backward Time(s): 0.2278
Update Time(s): 0.0045
Emb Update Time(s): 2.3876
#seeds: 6145
#inputs: 1938057
=====================
=====================
Part 16, Epoch Time(s): 5.5739
Sampling Time(s): 0.2897
Loading Time(s): 2.1623
Forward Time(s): 0.4874
Backward Time(s): 0.2292
Update Time(s): 0.0045
Emb Update Time(s): 2.3862
#seeds: 6144
#inputs: 1933016
==========================================
Part 20, Epoch Time(s): 5.5881
Sampling Time(s): 0.2740
Loading Time(s): 2.0766
Forward Time(s): 0.6028
Backward Time(s): 0.2279
Update Time(s): 0.0047
Emb Update Time(s): 2.3966
#seeds: 6144
#inputs: 1943878
==========================================
Part 18, Epoch Time(s): 5.5841
Sampling Time(s): 0.3860
Loading Time(s): 1.7133
Forward Time(s): 0.8506
Backward Time(s): 0.2285
Update Time(s): 0.0042
Emb Update Time(s): 2.3870
#seeds: 6144
#inputs: 1913677
==========================================
Part 22, Epoch Time(s): 5.5802
Sampling Time(s): 0.3348
Loading Time(s): 2.0998
Forward Time(s): 0.5109
Backward Time(s): 0.2276
Update Time(s): 0.0044
Emb Update Time(s): 2.3878
#seeds: 6144
#inputs: 1927565
=====================





=====================
Part 24, Epoch Time(s): 5.5850
Sampling Time(s): 0.2916
Loading Time(s): 2.1477
Forward Time(s): 0.5115
Backward Time(s): 0.2284
Update Time(s): 0.0041
Emb Update Time(s): 2.3875
#seeds: 6144
#inputs: 1960255
==========================================
Part 29, Epoch Time(s): 5.5693
Sampling Time(s): 0.2728
Loading Time(s): 2.0966
Forward Time(s): 0.5807
Backward Time(s): 0.2245
Update Time(s): 0.0045
Emb Update Time(s): 2.3758
#seeds: 6144
#inputs: 1973247
==========================================
Part 26, Epoch Time(s): 5.5707
Sampling Time(s): 0.3477
Loading Time(s): 2.1759
Forward Time(s): 0.4160
Backward Time(s): 0.2256
Update Time(s): 0.0044
Emb Update Time(s): 2.3870
#seeds: 6144
#inputs: 1979021
==========================================
Part 27, Epoch Time(s): 5.5748
Sampling Time(s): 0.3966
Loading Time(s): 2.1476
Forward Time(s): 0.3959
Backward Time(s): 0.2282
Update Time(s): 0.0050
Emb Update Time(s): 2.3869
#seeds: 6145
#inputs: 1978175
==========================================
Part 30, Epoch Time(s): 5.5746
Sampling Time(s): 0.2908
Loading Time(s): 2.1282
Forward Time(s): 0.5351
Backward Time(s): 0.2250
Update Time(s): 0.0042
Emb Update Time(s): 2.3770
#seeds: 6144
#inputs: 1970755
==========================================
Part 28, Epoch Time(s): 5.5730
Sampling Time(s): 0.2834
Loading Time(s): 2.3258
Forward Time(s): 0.3352
Backward Time(s): 0.2239
Update Time(s): 0.0045
Emb Update Time(s): 2.3859
#seeds: 6144
#inputs: 1967661
=====================

=====================
Part 25, Epoch Time(s): 5.5657
Sampling Time(s): 0.3752
Loading Time(s): 2.2229
Forward Time(s): 0.3494
Backward Time(s): 0.2234
Update Time(s): 0.0045
Emb Update Time(s): 2.3759
#seeds: 6144
#inputs: 1961515
=====================



=====================
Part 31, Epoch Time(s): 5.5873
Sampling Time(s): 0.2883
Loading Time(s): 2.3337
Forward Time(s): 0.3535
Backward Time(s): 0.2189
Update Time(s): 0.0047
Emb Update Time(s): 2.3739
#seeds: 6144
#inputs: 1961349
=====================

=====================
Part 15, Epoch Time(s): 5.5701
Sampling Time(s): 0.2942
Loading Time(s): 2.0222
Forward Time(s): 0.6194
Backward Time(s): 0.2266
Update Time(s): 0.0042
Emb Update Time(s): 2.3891
#seeds: 6144
#inputs: 2020062
==========================================
Part 8, Epoch Time(s): 5.5979
Sampling Time(s): 0.3961
Loading Time(s): 2.2590
Forward Time(s): 0.3081
Backward Time(s): 0.2285
Update Time(s): 0.0047
Emb Update Time(s): 2.3870
#seeds: 6145
#inputs: 2036456
==========================================
Part 9, Epoch Time(s): 5.5694
Sampling Time(s): 0.3207
Loading Time(s): 2.1171
Forward Time(s): 0.4951
Backward Time(s): 0.2283
Update Time(s): 0.0043
Emb Update Time(s): 2.3871
#seeds: 6145
#inputs: 2031765
=====================

=====================
Part 13, Epoch Time(s): 5.5719
Sampling Time(s): 0.3491
Loading Time(s): 2.3564
Forward Time(s): 0.2319
Backward Time(s): 0.2271
Update Time(s): 0.0050
Emb Update Time(s): 2.3881
#seeds: 6144
#inputs: 2050068
==========================================
Part 12, Epoch Time(s): 5.5690
Sampling Time(s): 0.3148
Loading Time(s): 2.3803
Forward Time(s): 0.2617
Backward Time(s): 0.2210
Update Time(s): 0.0045
Emb Update Time(s): 2.3720
#seeds: 6144
#inputs: 2036452
=====================


=====================
Part 14, Epoch Time(s): 5.5664
Sampling Time(s): 0.2868
Loading Time(s): 2.3300
Forward Time(s): 0.3190
Backward Time(s): 0.2257
Update Time(s): 0.0044
Emb Update Time(s): 2.3862
#seeds: 6144
#inputs: 2035721
=====================
=====================
Part 10, Epoch Time(s): 5.5617
Sampling Time(s): 0.3238
Loading Time(s): 2.4713
Forward Time(s): 0.1516
Backward Time(s): 0.2190
Update Time(s): 0.0049
Emb Update Time(s): 2.3764
#seeds: 6144
#inputs: 2047788
==========================================
Part 11, Epoch Time(s): 5.5362
Sampling Time(s): 0.2899
Loading Time(s): 2.1794
Forward Time(s): 0.4325
Backward Time(s): 0.2279
Update Time(s): 0.0044
Emb Update Time(s): 2.3879
#seeds: 6144
#inputs: 2042558
=====================

|V|=2449029, eval batch size: 100000
|V|=2449029, eval batch size: 100000
|V|=2449029, eval batch size: 100000
|V|=2449029, eval batch size: 100000
|V|=2449029, eval batch size: 100000
|V|=2449029, eval batch size: 100000
|V|=2449029, eval batch size: 100000
|V|=2449029, eval batch size: 100000
|V|=2449029, eval batch size: 100000
|V|=2449029, eval batch size: 100000
|V|=2449029, eval batch size: 100000
|V|=2449029, eval batch size: 100000
|V|=2449029, eval batch size: 100000
|V|=2449029, eval batch size: 100000
|V|=2449029, eval batch size: 100000
|V|=2449029, eval batch size: 100000
|V|=2449029, eval batch size: 100000
|V|=2449029, eval batch size: 100000
|V|=2449029, eval batch size: 100000
|V|=2449029, eval batch size: 100000
|V|=2449029, eval batch size: 100000
|V|=2449029, eval batch size: 100000
|V|=2449029, eval batch size: 100000
|V|=2449029, eval batch size: 100000
|V|=2449029, eval batch size: 100000
|V|=2449029, eval batch size: 100000
|V|=2449029, eval batch size: 100000
|V|=2449029, eval batch size: 100000
|V|=2449029, eval batch size: 100000
|V|=2449029, eval batch size: 100000
|V|=2449029, eval batch size: 100000
|V|=2449029, eval batch size: 100000
|V|=2449029, eval batch size: 100000
|V|=2449029, eval batch size: 100000
|V|=2449029, eval batch size: 100000
|V|=2449029, eval batch size: 100000
|V|=2449029, eval batch size: 100000
|V|=2449029, eval batch size: 100000
|V|=2449029, eval batch size: 100000
|V|=2449029, eval batch size: 100000
|V|=2449029, eval batch size: 100000
|V|=2449029, eval batch size: 100000
|V|=2449029, eval batch size: 100000
|V|=2449029, eval batch size: 100000
|V|=2449029, eval batch size: 100000
|V|=2449029, eval batch size: 100000
|V|=2449029, eval batch size: 100000
|V|=2449029, eval batch size: 100000
|V|=2449029, eval batch size: 100000
|V|=2449029, eval batch size: 100000
|V|=2449029, eval batch size: 100000
|V|=2449029, eval batch size: 100000
|V|=2449029, eval batch size: 100000
|V|=2449029, eval batch size: 100000
|V|=2449029, eval batch size: 100000
|V|=2449029, eval batch size: 100000
|V|=2449029, eval batch size: 100000
|V|=2449029, eval batch size: 100000
|V|=2449029, eval batch size: 100000
|V|=2449029, eval batch size: 100000
|V|=2449029, eval batch size: 100000
|V|=2449029, eval batch size: 100000
|V|=2449029, eval batch size: 100000
|V|=2449029, eval batch size: 100000
|V|=2449029, eval batch size: 100000
|V|=2449029, eval batch size: 100000
|V|=2449029, eval batch size: 100000
|V|=2449029, eval batch size: 100000
|V|=2449029, eval batch size: 100000
|V|=2449029, eval batch size: 100000
|V|=2449029, eval batch size: 100000
|V|=2449029, eval batch size: 100000
|V|=2449029, eval batch size: 100000
|V|=2449029, eval batch size: 100000
|V|=2449029, eval batch size: 100000
|V|=2449029, eval batch size: 100000
|V|=2449029, eval batch size: 100000|V|=2449029, eval batch size: 100000

|V|=2449029, eval batch size: 100000
|V|=2449029, eval batch size: 100000
|V|=2449029, eval batch size: 100000
|V|=2449029, eval batch size: 100000
|V|=2449029, eval batch size: 100000
|V|=2449029, eval batch size: 100000
|V|=2449029, eval batch size: 100000
|V|=2449029, eval batch size: 100000
|V|=2449029, eval batch size: 100000
|V|=2449029, eval batch size: 100000
|V|=2449029, eval batch size: 100000
|V|=2449029, eval batch size: 100000
|V|=2449029, eval batch size: 100000
|V|=2449029, eval batch size: 100000
|V|=2449029, eval batch size: 100000
|V|=2449029, eval batch size: 100000
|V|=2449029, eval batch size: 100000
|V|=2449029, eval batch size: 100000
Part 5, Val Acc 0.9577, Test Acc 0.7760, time: 7.3960
Part 3, Val Acc 0.9414, Test Acc 0.7734, time: 7.3961
Part 24, Val Acc 0.9024, Test Acc 0.7385, time: 7.3971
Part 6, Val Acc 0.9479, Test Acc 0.7749, time: 7.3976
Part 11, Val Acc 0.8983, Test Acc 0.7136, time: 7.3977
Part 17, Val Acc 0.9015, Test Acc 0.7443, time: 7.3985
Part 18, Val Acc 0.9015, Test Acc 0.7441, time: 7.3987
Part 10, Val Acc 0.8975, Test Acc 0.7112, time: 7.3987
Part 0, Val Acc 0.9471, Test Acc 0.7770, time: 7.3993
Part 4, Val Acc 0.9479, Test Acc 0.7747, time: 7.3995
Part 1, Val Acc 0.9390, Test Acc 0.7737, time: 7.4000
Part 2, Val Acc 0.9487, Test Acc 0.7720, time: 7.4000
Part 7, Val Acc 0.9430, Test Acc 0.7739, time: 7.4005
Part 26, Val Acc 0.9129, Test Acc 0.7369, time: 7.4006
Part 28, Val Acc 0.9056, Test Acc 0.7380, time: 7.4018
Part 30, Val Acc 0.9308, Test Acc 0.7392, time: 7.4056
Part 22, Val Acc 0.8950, Test Acc 0.7453, time: 7.4057
Part 16, Val Acc 0.8991, Test Acc 0.7438, time: 7.4066
Part 31, Val Acc 0.9332, Test Acc 0.7365, time: 7.4078
Part 25, Val Acc 0.9300, Test Acc 0.7374, time: 7.4101
Part 14, Val Acc 0.8967, Test Acc 0.7101, time: 7.4104
Part 20, Val Acc 0.9121, Test Acc 0.7424, time: 7.4109
Part 29, Val Acc 0.9235, Test Acc 0.7374, time: 7.4110
Part 21, Val Acc 0.8934, Test Acc 0.7447, time: 7.4116
Part 19, Val Acc 0.8999, Test Acc 0.7424, time: 7.4129
Part 23, Val Acc 0.8991, Test Acc 0.7421, time: 7.4132
Part 27, Val Acc 0.9235, Test Acc 0.7380, time: 7.4135
Part 12, Val Acc 0.8902, Test Acc 0.7113, time: 7.4178
Part 8, Val Acc 0.8796, Test Acc 0.7125, time: 7.4187
Part 15, Val Acc 0.8836, Test Acc 0.7108, time: 7.4210
Part 9, Val Acc 0.9113, Test Acc 0.7135, time: 7.4285
Part 13, Val Acc 0.8845, Test Acc 0.7131, time: 7.4351
All parts avg val acc 0.9149, test acc 0.7420
Part 16 | Epoch 00018 | Step 00000 | Loss 0.2407 | Train Acc 0.9300 | Speed (samples/sec) 1035.4388 | GPU 1843.2 MB | time 1.055 s
Part 20 | Epoch 00018 | Step 00000 | Loss 0.2011 | Train Acc 0.9520 | Speed (samples/sec) 1035.3069 | GPU 1859.8 MB | time 1.051 s
Part 21 | Epoch 00018 | Step 00000 | Loss 0.1852 | Train Acc 0.9430 | Speed (samples/sec) 1035.8390 | GPU 1849.7 MB | time 1.050 s
Part 23 | Epoch 00018 | Step 00000 | Loss 0.1984 | Train Acc 0.9520 | Speed (samples/sec) 1035.6684 | GPU 1854.0 MB | time 1.048 s
Part 22 | Epoch 00018 | Step 00000 | Loss 0.2171 | Train Acc 0.9410 | Speed (samples/sec) 1035.3433 | GPU 1848.4 MB | time 1.056 s
Part 19 | Epoch 00018 | Step 00000 | Loss 0.2286 | Train Acc 0.9400 | Speed (samples/sec) 1034.6847 | GPU 1853.1 MB | time 1.049 s
Part 17 | Epoch 00018 | Step 00000 | Loss 0.1867 | Train Acc 0.9510 | Speed (samples/sec) 1035.3397 | GPU 1855.9 MB | time 1.063 s
Part 28 | Epoch 00018 | Step 00000 | Loss 0.1740 | Train Acc 0.9560 | Speed (samples/sec) 1034.3871 | GPU 1933.8 MB | time 1.060 sPart 31 | Epoch 00018 | Step 00000 | Loss 0.1387 | Train Acc 0.9610 | Speed (samples/sec) 1034.2920 | GPU 1928.9 MB | time 1.054 s

Part 18 | Epoch 00018 | Step 00000 | Loss 0.2051 | Train Acc 0.9450 | Speed (samples/sec) 1035.0072 | GPU 1851.0 MB | time 1.063 s
Part 27 | Epoch 00018 | Step 00000 | Loss 0.1601 | Train Acc 0.9550 | Speed (samples/sec) 1035.1259 | GPU 1933.9 MB | time 1.048 sPart 24 | Epoch 00018 | Step 00000 | Loss 0.1356 | Train Acc 0.9580 | Speed (samples/sec) 1034.1666 | GPU 1940.0 MB | time 1.064 s

Part 26 | Epoch 00018 | Step 00000 | Loss 0.1503 | Train Acc 0.9570 | Speed (samples/sec) 1034.3564 | GPU 1931.2 MB | time 1.061 s
Part 25 | Epoch 00018 | Step 00000 | Loss 0.1166 | Train Acc 0.9730 | Speed (samples/sec) 1034.6733 | GPU 1946.6 MB | time 1.051 s
Part 3 | Epoch 00018 | Step 00000 | Loss 0.0976 | Train Acc 0.9790 | Speed (samples/sec) 1033.7640 | GPU 1822.4 MB | time 1.065 s
Part 5 | Epoch 00018 | Step 00000 | Loss 0.1035 | Train Acc 0.9760 | Speed (samples/sec) 1034.3955 | GPU 1817.4 MB | time 1.066 s
Part 0 | Epoch 00018 | Step 00000 | Loss 0.0768 | Train Acc 0.9840 | Speed (samples/sec) 1037.3462 | GPU 1818.9 MB | time 1.025 s
Part 1 | Epoch 00018 | Step 00000 | Loss 0.0799 | Train Acc 0.9790 | Speed (samples/sec) 1034.0959 | GPU 1828.5 MB | time 1.062 s
Part 29 | Epoch 00018 | Step 00000 | Loss 0.1545 | Train Acc 0.9620 | Speed (samples/sec) 1034.5593 | GPU 1934.3 MB | time 1.050 s
Part 30 | Epoch 00018 | Step 00000 | Loss 0.1696 | Train Acc 0.9570 | Speed (samples/sec) 1034.1596 | GPU 1932.6 MB | time 1.056 s
Part 6 | Epoch 00018 | Step 00000 | Loss 0.0918 | Train Acc 0.9780 | Speed (samples/sec) 1034.4531 | GPU 1814.5 MB | time 1.064 s
Part 12 | Epoch 00018 | Step 00000 | Loss 0.2146 | Train Acc 0.9390 | Speed (samples/sec) 1035.2479 | GPU 2075.5 MB | time 1.044 s
Part 9 | Epoch 00018 | Step 00000 | Loss 0.1974 | Train Acc 0.9470 | Speed (samples/sec) 1035.3522 | GPU 2076.6 MB | time 1.033 s
Part 13 | Epoch 00018 | Step 00000 | Loss 0.1640 | Train Acc 0.9540 | Speed (samples/sec) 1035.1813 | GPU 2073.0 MB | time 1.026 sPart 10 | Epoch 00018 | Step 00000 | Loss 0.1870 | Train Acc 0.9520 | Speed (samples/sec) 1035.6061 | GPU 2076.0 MB | time 1.063 s

Part 14 | Epoch 00018 | Step 00000 | Loss 0.2407 | Train Acc 0.9390 | Speed (samples/sec) 1035.2838 | GPU 2077.1 MB | time 1.051 s
Part 11 | Epoch 00018 | Step 00000 | Loss 0.1888 | Train Acc 0.9530 | Speed (samples/sec) 1035.2195 | GPU 2071.3 MB | time 1.064 s
Part 15 | Epoch 00018 | Step 00000 | Loss 0.1549 | Train Acc 0.9510 | Speed (samples/sec) 1034.7689 | GPU 2064.4 MB | time 1.040 s
Part 8 | Epoch 00018 | Step 00000 | Loss 0.1445 | Train Acc 0.9620 | Speed (samples/sec) 1034.9167 | GPU 2091.5 MB | time 1.043 s
Part 2 | Epoch 00018 | Step 00000 | Loss 0.0969 | Train Acc 0.9740 | Speed (samples/sec) 1034.2992 | GPU 1809.4 MB | time 1.062 sPart 7 | Epoch 00018 | Step 00000 | Loss 0.0998 | Train Acc 0.9740 | Speed (samples/sec) 1034.2376 | GPU 1810.8 MB | time 1.061 s

Part 4 | Epoch 00018 | Step 00000 | Loss 0.0812 | Train Acc 0.9790 | Speed (samples/sec) 1033.3562 | GPU 1813.4 MB | time 1.062 s
Avg train acc 0.9579Avg train acc 0.9579Avg train acc 0.9579


Avg train acc 0.9579
Avg train acc 0.9579
Avg train acc 0.9579
Avg train acc 0.9579
Avg train acc 0.9579
Avg train acc 0.9579Avg train acc 0.9579
Avg train acc 0.9579
Avg train acc 0.9579
Avg train acc 0.9579
Avg train acc 0.9579
Avg train acc 0.9579
Avg train acc 0.9579

Avg train acc 0.9579
Avg train acc 0.9579Avg train acc 0.9579
Avg train acc 0.9579Avg train acc 0.9579Avg train acc 0.9579
Avg train acc 0.9579

Avg train acc 0.9579
Avg train acc 0.9579
Avg train acc 0.9579Avg train acc 0.9579



Avg train acc 0.9579Avg train acc 0.9579Avg train acc 0.9579Avg train acc 0.9579


Avg train acc 0.9579

=====================
Part 0, Epoch Time(s): 5.8588
Sampling Time(s): 0.2856
Loading Time(s): 1.9012
Forward Time(s): 0.7784
Backward Time(s): 0.2321
Update Time(s): 0.0041
Emb Update Time(s): 2.6506
#seeds: 6144
#inputs: 1924455
==========================================
Part 1, Epoch Time(s): 5.8949
Sampling Time(s): 0.2658
Loading Time(s): 1.7921
Forward Time(s): 0.9432
Backward Time(s): 0.2317
Update Time(s): 0.0046
Emb Update Time(s): 2.6504
#seeds: 6144
#inputs: 1925814
==========================================
Part 3, Epoch Time(s): 5.8987
Sampling Time(s): 0.3024
Loading Time(s): 1.8130
Forward Time(s): 0.8897
Backward Time(s): 0.2314
Update Time(s): 0.0041
Emb Update Time(s): 2.6511
#seeds: 6144
#inputs: 1931019
==========================================
Part 5, Epoch Time(s): 5.8988
Sampling Time(s): 0.3275
Loading Time(s): 1.9254
Forward Time(s): 0.7520
Backward Time(s): 0.2310
Update Time(s): 0.0043
Emb Update Time(s): 2.6518
#seeds: 6145
#inputs: 1936083
=====================
=====================
Part 2, Epoch Time(s): 5.8949
Sampling Time(s): 0.3178
Loading Time(s): 2.1219
Forward Time(s): 0.5691
Backward Time(s): 0.2275
Update Time(s): 0.0052
Emb Update Time(s): 2.6463
#seeds: 6144
#inputs: 1929940
=====================

=====================
Part 6, Epoch Time(s): 5.8972
Sampling Time(s): 0.2814
Loading Time(s): 2.0061
Forward Time(s): 0.7156
Backward Time(s): 0.2310
Update Time(s): 0.0047
Emb Update Time(s): 2.6513
#seeds: 6145
#inputs: 1919239
=====================
=====================
Part 7, Epoch Time(s): 5.8943
Sampling Time(s): 0.2903
Loading Time(s): 2.1999
Forward Time(s): 0.5247
Backward Time(s): 0.2262
Update Time(s): 0.0050
Emb Update Time(s): 2.6411
#seeds: 6144
#inputs: 1928011
=====================

=====================
Part 4, Epoch Time(s): 5.8954
Sampling Time(s): 0.2905
Loading Time(s): 2.0551
Forward Time(s): 0.6550
Backward Time(s): 0.2312
Update Time(s): 0.0060
Emb Update Time(s): 2.6504
#seeds: 6144
#inputs: 1937450
=====================

=====================
Part 11, Epoch Time(s): 5.8971
Sampling Time(s): 0.3240
Loading Time(s): 2.2541
Forward Time(s): 0.4240
Backward Time(s): 0.2297
Update Time(s): 0.0043
Emb Update Time(s): 2.6537
#seeds: 6144
#inputs: 2033012
=====================
=====================
Part 14, Epoch Time(s): 5.8845
Sampling Time(s): 0.2879
Loading Time(s): 2.2613
Forward Time(s): 0.4404
Backward Time(s): 0.2291
Update Time(s): 0.0043
Emb Update Time(s): 2.6543
#seeds: 6144
#inputs: 2033284
==========================================
Part 9, Epoch Time(s): 5.8660
Sampling Time(s): 0.4594
Loading Time(s): 2.1376
Forward Time(s): 0.3893
Backward Time(s): 0.2261
Update Time(s): 0.0043
Emb Update Time(s): 2.6418
#seeds: 6145
#inputs: 2032008
==========================================
Part 15, Epoch Time(s): 5.8732
Sampling Time(s): 0.3187
Loading Time(s): 2.0471
Forward Time(s): 0.6123
Backward Time(s): 0.2290
Update Time(s): 0.0044
Emb Update Time(s): 2.6546
#seeds: 6144
#inputs: 2028699
==========================================
Part 10, Epoch Time(s): 5.8959
Sampling Time(s): 0.3443
Loading Time(s): 2.3173
Forward Time(s): 0.3392
Backward Time(s): 0.2301
Update Time(s): 0.0050
Emb Update Time(s): 2.6530
#seeds: 6144
#inputs: 2045482
==========================================
Part 13, Epoch Time(s): 5.8595
Sampling Time(s): 0.3279
Loading Time(s): 2.3207
Forward Time(s): 0.3179
Backward Time(s): 0.2271
Update Time(s): 0.0045
Emb Update Time(s): 2.6540
#seeds: 6144
#inputs: 2043834
=====================


=====================
Part 12, Epoch Time(s): 5.8769
Sampling Time(s): 0.2905
Loading Time(s): 2.4153
Forward Time(s): 0.2905
Backward Time(s): 0.2255
Update Time(s): 0.0047
Emb Update Time(s): 2.6430
#seeds: 6144
#inputs: 2034053
=====================

=====================
Part 8, Epoch Time(s): 5.8759
Sampling Time(s): 0.3552
Loading Time(s): 2.1257
Forward Time(s): 0.4992
Backward Time(s): 0.2304
Update Time(s): 0.0045
Emb Update Time(s): 2.6532
#seeds: 6145
#inputs: 2039012
=====================

=====================
Part 27, Epoch Time(s): 5.8813
Sampling Time(s): 0.2887
Loading Time(s): 2.0745
Forward Time(s): 0.6258
Backward Time(s): 0.2271
Update Time(s): 0.0048
Emb Update Time(s): 2.6532
#seeds: 6145
#inputs: 1969993
==========================================
Part 26, Epoch Time(s): 5.8938
Sampling Time(s): 0.2740
Loading Time(s): 2.2871
Forward Time(s): 0.4391
Backward Time(s): 0.2298
Update Time(s): 0.0042
Emb Update Time(s): 2.6528
#seeds: 6144
#inputs: 1980560
==========================================
Part 30, Epoch Time(s): 5.8894
Sampling Time(s): 0.2758
Loading Time(s): 2.1651
Forward Time(s): 0.5692
Backward Time(s): 0.2250
Update Time(s): 0.0041
Emb Update Time(s): 2.6431
#seeds: 6144
#inputs: 1973160
==========================================
Part 29, Epoch Time(s): 5.8837
Sampling Time(s): 0.2871
Loading Time(s): 1.9693
Forward Time(s): 0.7329
Backward Time(s): 0.2289
Update Time(s): 0.0044
Emb Update Time(s): 2.6542
#seeds: 6144
#inputs: 1973868
==========================================
Part 28, Epoch Time(s): 5.8931
Sampling Time(s): 0.2998
Loading Time(s): 2.2525
Forward Time(s): 0.4470
Backward Time(s): 0.2291
Update Time(s): 0.0041
Emb Update Time(s): 2.6537
#seeds: 6144
#inputs: 1963528
==========================================
Part 24, Epoch Time(s): 5.8975
Sampling Time(s): 0.2767
Loading Time(s): 2.0008
Forward Time(s): 0.7253
Backward Time(s): 0.2301
Update Time(s): 0.0043
Emb Update Time(s): 2.6530
#seeds: 6144
#inputs: 1965843
=====================



=====================
Part 25, Epoch Time(s): 5.8845
Sampling Time(s): 0.2856
Loading Time(s): 2.3577
Forward Time(s): 0.3470
Backward Time(s): 0.2299
Update Time(s): 0.0046
Emb Update Time(s): 2.6525
#seeds: 6144
#inputs: 1956333
=====================

=====================
Part 31, Epoch Time(s): 5.8872
Sampling Time(s): 0.2848
Loading Time(s): 2.2671
Forward Time(s): 0.4562
Backward Time(s): 0.2245
Update Time(s): 0.0046
Emb Update Time(s): 2.6427
#seeds: 6144
#inputs: 1956138
=====================

=====================
Part 19, Epoch Time(s): 5.8819
Sampling Time(s): 0.2848
Loading Time(s): 1.9795
Forward Time(s): 0.7232
Backward Time(s): 0.2307
Update Time(s): 0.0041
Emb Update Time(s): 2.6522
#seeds: 6144
#inputs: 1939444
=====================
=====================
Part 17, Epoch Time(s): 5.8964
Sampling Time(s): 0.3058
Loading Time(s): 2.0991
Forward Time(s): 0.5970
Backward Time(s): 0.2361
Update Time(s): 0.0054
Emb Update Time(s): 2.6457
#seeds: 6144
#inputs: 1932365
==========================================
Part 23, Epoch Time(s): 5.8817
Sampling Time(s): 0.2963
Loading Time(s): 2.0152
Forward Time(s): 0.6754
Backward Time(s): 0.2297
Update Time(s): 0.0044
Emb Update Time(s): 2.6531
#seeds: 6145
#inputs: 1927537
==========================================
Part 18, Epoch Time(s): 5.8961
Sampling Time(s): 0.3038
Loading Time(s): 1.7737
Forward Time(s): 0.9243
Backward Time(s): 0.2308
Update Time(s): 0.0045
Emb Update Time(s): 2.6518
#seeds: 6144
#inputs: 1914276
==========================================
Part 20, Epoch Time(s): 5.8839
Sampling Time(s): 0.2903
Loading Time(s): 2.1003
Forward Time(s): 0.5993
Backward Time(s): 0.2305
Update Time(s): 0.0045
Emb Update Time(s): 2.6518
#seeds: 6144
#inputs: 1942726
=====================


=====================
Part 16, Epoch Time(s): 5.8884
Sampling Time(s): 0.3029
Loading Time(s): 2.1255
Forward Time(s): 0.5811
Backward Time(s): 0.2274
Update Time(s): 0.0044
Emb Update Time(s): 2.6400
#seeds: 6144
#inputs: 1934625
==========================================
Part 22, Epoch Time(s): 5.8890
Sampling Time(s): 0.2849
Loading Time(s): 2.2360
Forward Time(s): 0.4741
Backward Time(s): 0.2300
Update Time(s): 0.0050
Emb Update Time(s): 2.6519
#seeds: 6144
#inputs: 1924500
=====================


=====================
Part 21, Epoch Time(s): 5.8833
Sampling Time(s): 0.2877
Loading Time(s): 2.1419
Forward Time(s): 0.5595
Backward Time(s): 0.2302
Update Time(s): 0.0044
Emb Update Time(s): 2.6525
#seeds: 6145
#inputs: 1934237
=====================
|V|=2449029, eval batch size: 100000
|V|=2449029, eval batch size: 100000
|V|=2449029, eval batch size: 100000
|V|=2449029, eval batch size: 100000
|V|=2449029, eval batch size: 100000
|V|=2449029, eval batch size: 100000
|V|=2449029, eval batch size: 100000
|V|=2449029, eval batch size: 100000
|V|=2449029, eval batch size: 100000
|V|=2449029, eval batch size: 100000
|V|=2449029, eval batch size: 100000
|V|=2449029, eval batch size: 100000
|V|=2449029, eval batch size: 100000
|V|=2449029, eval batch size: 100000
|V|=2449029, eval batch size: 100000
|V|=2449029, eval batch size: 100000
|V|=2449029, eval batch size: 100000
|V|=2449029, eval batch size: 100000
|V|=2449029, eval batch size: 100000
|V|=2449029, eval batch size: 100000
|V|=2449029, eval batch size: 100000
|V|=2449029, eval batch size: 100000
|V|=2449029, eval batch size: 100000
|V|=2449029, eval batch size: 100000
|V|=2449029, eval batch size: 100000
|V|=2449029, eval batch size: 100000
|V|=2449029, eval batch size: 100000
|V|=2449029, eval batch size: 100000
|V|=2449029, eval batch size: 100000
|V|=2449029, eval batch size: 100000
|V|=2449029, eval batch size: 100000
|V|=2449029, eval batch size: 100000
|V|=2449029, eval batch size: 100000
|V|=2449029, eval batch size: 100000
|V|=2449029, eval batch size: 100000
|V|=2449029, eval batch size: 100000
|V|=2449029, eval batch size: 100000
|V|=2449029, eval batch size: 100000
|V|=2449029, eval batch size: 100000
|V|=2449029, eval batch size: 100000
|V|=2449029, eval batch size: 100000|V|=2449029, eval batch size: 100000

|V|=2449029, eval batch size: 100000
|V|=2449029, eval batch size: 100000
|V|=2449029, eval batch size: 100000
|V|=2449029, eval batch size: 100000
|V|=2449029, eval batch size: 100000
|V|=2449029, eval batch size: 100000
|V|=2449029, eval batch size: 100000
|V|=2449029, eval batch size: 100000
|V|=2449029, eval batch size: 100000
|V|=2449029, eval batch size: 100000
|V|=2449029, eval batch size: 100000
|V|=2449029, eval batch size: 100000
|V|=2449029, eval batch size: 100000
|V|=2449029, eval batch size: 100000
|V|=2449029, eval batch size: 100000
|V|=2449029, eval batch size: 100000
|V|=2449029, eval batch size: 100000
|V|=2449029, eval batch size: 100000
|V|=2449029, eval batch size: 100000
|V|=2449029, eval batch size: 100000
|V|=2449029, eval batch size: 100000
|V|=2449029, eval batch size: 100000
|V|=2449029, eval batch size: 100000
|V|=2449029, eval batch size: 100000
|V|=2449029, eval batch size: 100000
|V|=2449029, eval batch size: 100000
|V|=2449029, eval batch size: 100000
|V|=2449029, eval batch size: 100000
|V|=2449029, eval batch size: 100000
|V|=2449029, eval batch size: 100000
|V|=2449029, eval batch size: 100000
|V|=2449029, eval batch size: 100000
|V|=2449029, eval batch size: 100000
|V|=2449029, eval batch size: 100000
|V|=2449029, eval batch size: 100000
|V|=2449029, eval batch size: 100000
|V|=2449029, eval batch size: 100000
|V|=2449029, eval batch size: 100000
|V|=2449029, eval batch size: 100000
|V|=2449029, eval batch size: 100000|V|=2449029, eval batch size: 100000

|V|=2449029, eval batch size: 100000
|V|=2449029, eval batch size: 100000
|V|=2449029, eval batch size: 100000
|V|=2449029, eval batch size: 100000
|V|=2449029, eval batch size: 100000
|V|=2449029, eval batch size: 100000
|V|=2449029, eval batch size: 100000
|V|=2449029, eval batch size: 100000
|V|=2449029, eval batch size: 100000
|V|=2449029, eval batch size: 100000
|V|=2449029, eval batch size: 100000
|V|=2449029, eval batch size: 100000
|V|=2449029, eval batch size: 100000
Part 0, Val Acc 0.9503, Test Acc 0.7761, time: 7.3535
Part 7, Val Acc 0.9439, Test Acc 0.7729, time: 7.3564
Part 12, Val Acc 0.8950, Test Acc 0.7116, time: 7.3618
Part 4, Val Acc 0.9455, Test Acc 0.7735, time: 7.3633
Part 2, Val Acc 0.9487, Test Acc 0.7713, time: 7.3642
Part 25, Val Acc 0.9308, Test Acc 0.7407, time: 7.3647
Part 24, Val Acc 0.9056, Test Acc 0.7410, time: 7.3649
Part 1, Val Acc 0.9390, Test Acc 0.7721, time: 7.3653
Part 6, Val Acc 0.9463, Test Acc 0.7737, time: 7.3660
Part 5, Val Acc 0.9593, Test Acc 0.7747, time: 7.3670
Part 16, Val Acc 0.8991, Test Acc 0.7472, time: 7.3672
Part 3, Val Acc 0.9422, Test Acc 0.7726, time: 7.3684
Part 19, Val Acc 0.9064, Test Acc 0.7450, time: 7.3693
Part 10, Val Acc 0.8975, Test Acc 0.7122, time: 7.3696
Part 13, Val Acc 0.8861, Test Acc 0.7131, time: 7.3728
Part 20, Val Acc 0.9138, Test Acc 0.7454, time: 7.3741
Part 17, Val Acc 0.8991, Test Acc 0.7468, time: 7.3751
Part 18, Val Acc 0.9047, Test Acc 0.7465, time: 7.3754
Part 29, Val Acc 0.9227, Test Acc 0.7406, time: 7.3755
Part 21, Val Acc 0.8950, Test Acc 0.7481, time: 7.3763
Part 23, Val Acc 0.8975, Test Acc 0.7451, time: 7.3764
Part 14, Val Acc 0.8967, Test Acc 0.7104, time: 7.3765
Part 11, Val Acc 0.8975, Test Acc 0.7136, time: 7.3795
Part 31, Val Acc 0.9365, Test Acc 0.7396, time: 7.3797
Part 22, Val Acc 0.8950, Test Acc 0.7478, time: 7.3798
Part 8, Val Acc 0.8755, Test Acc 0.7130, time: 7.3798
Part 15, Val Acc 0.8836, Test Acc 0.7113, time: 7.3831
Part 27, Val Acc 0.9260, Test Acc 0.7415, time: 7.3832
Part 26, Val Acc 0.9112, Test Acc 0.7402, time: 7.3837
Part 9, Val Acc 0.9072, Test Acc 0.7141, time: 7.3839
Part 28, Val Acc 0.9056, Test Acc 0.7405, time: 7.3840
Part 30, Val Acc 0.9333, Test Acc 0.7431, time: 7.3850
All parts avg val acc 0.9155, test acc 0.7433
Part 19 | Epoch 00019 | Step 00000 | Loss 0.2123 | Train Acc 0.9400 | Speed (samples/sec) 1032.9999 | GPU 1853.1 MB | time 1.016 s
Part 5 | Epoch 00019 | Step 00000 | Loss 0.0816 | Train Acc 0.9800 | Speed (samples/sec) 1032.7207 | GPU 1817.4 MB | time 1.018 sPart 0 | Epoch 00019 | Step 00000 | Loss 0.0759 | Train Acc 0.9790 | Speed (samples/sec) 1035.6370 | GPU 1818.9 MB | time 1.000 sPart 3 | Epoch 00019 | Step 00000 | Loss 0.0769 | Train Acc 0.9780 | Speed (samples/sec) 1032.1172 | GPU 1822.4 MB | time 1.017 s


Part 17 | Epoch 00019 | Step 00000 | Loss 0.2189 | Train Acc 0.9350 | Speed (samples/sec) 1033.6620 | GPU 1855.9 MB | time 1.010 s
Part 18 | Epoch 00019 | Step 00000 | Loss 0.1956 | Train Acc 0.9520 | Speed (samples/sec) 1033.3494 | GPU 1851.0 MB | time 1.010 s
Part 1 | Epoch 00019 | Step 00000 | Loss 0.0907 | Train Acc 0.9730 | Speed (samples/sec) 1032.4101 | GPU 1828.5 MB | time 1.020 s
Part 23 | Epoch 00019 | Step 00000 | Loss 0.2485 | Train Acc 0.9340 | Speed (samples/sec) 1034.0060 | GPU 1854.0 MB | time 1.008 s
Part 16 | Epoch 00019 | Step 00000 | Loss 0.2264 | Train Acc 0.9430 | Speed (samples/sec) 1033.6981 | GPU 1843.2 MB | time 1.018 sPart 21 | Epoch 00019 | Step 00000 | Loss 0.2041 | Train Acc 0.9440 | Speed (samples/sec) 1034.1585 | GPU 1849.7 MB | time 1.009 s

Part 20 | Epoch 00019 | Step 00000 | Loss 0.2053 | Train Acc 0.9410 | Speed (samples/sec) 1033.6242 | GPU 1859.8 MB | time 1.011 s
Part 27 | Epoch 00019 | Step 00000 | Loss 0.1012 | Train Acc 0.9720 | Speed (samples/sec) 1033.5339 | GPU 1933.9 MB | time 1.002 s
Part 28 | Epoch 00019 | Step 00000 | Loss 0.1476 | Train Acc 0.9550 | Speed (samples/sec) 1032.8222 | GPU 1933.8 MB | time 1.001 s
Part 25 | Epoch 00019 | Step 00000 | Loss 0.1017 | Train Acc 0.9660 | Speed (samples/sec) 1032.9511 | GPU 1946.6 MB | time 1.020 sPart 26 | Epoch 00019 | Step 00000 | Loss 0.1363 | Train Acc 0.9620 | Speed (samples/sec) 1032.7928 | GPU 1931.2 MB | time 1.001 s

Part 31 | Epoch 00019 | Step 00000 | Loss 0.1118 | Train Acc 0.9720 | Speed (samples/sec) 1032.7018 | GPU 1928.9 MB | time 1.005 s
Part 30 | Epoch 00019 | Step 00000 | Loss 0.1358 | Train Acc 0.9620 | Speed (samples/sec) 1032.6150 | GPU 1932.6 MB | time 1.000 s
Part 2 | Epoch 00019 | Step 00000 | Loss 0.0884 | Train Acc 0.9800 | Speed (samples/sec) 1032.5950 | GPU 1809.4 MB | time 1.021 s
Part 7 | Epoch 00019 | Step 00000 | Loss 0.0817 | Train Acc 0.9770 | Speed (samples/sec) 1032.4840 | GPU 1810.8 MB | time 1.028 s
Part 6 | Epoch 00019 | Step 00000 | Loss 0.0695 | Train Acc 0.9810 | Speed (samples/sec) 1032.7660 | GPU 1814.5 MB | time 1.019 s
Part 4 | Epoch 00019 | Step 00000 | Loss 0.0870 | Train Acc 0.9790 | Speed (samples/sec) 1031.6935 | GPU 1815.0 MB | time 1.022 s
Part 29 | Epoch 00019 | Step 00000 | Loss 0.1343 | Train Acc 0.9620 | Speed (samples/sec) 1032.9232 | GPU 1934.3 MB | time 1.009 sPart 24 | Epoch 00019 | Step 00000 | Loss 0.1523 | Train Acc 0.9580 | Speed (samples/sec) 1032.4719 | GPU 1940.0 MB | time 1.020 s

Part 9 | Epoch 00019 | Step 00000 | Loss 0.1934 | Train Acc 0.9490 | Speed (samples/sec) 1033.7601 | GPU 2076.6 MB | time 1.001 sPart 15 | Epoch 00019 | Step 00000 | Loss 0.1519 | Train Acc 0.9530 | Speed (samples/sec) 1033.1825 | GPU 2064.4 MB | time 1.002 sPart 11 | Epoch 00019 | Step 00000 | Loss 0.1901 | Train Acc 0.9460 | Speed (samples/sec) 1033.5814 | GPU 2071.3 MB | time 1.005 s


Part 22 | Epoch 00019 | Step 00000 | Loss 0.2121 | Train Acc 0.9370 | Speed (samples/sec) 1033.6993 | GPU 1848.4 MB | time 1.005 s
Part 8 | Epoch 00019 | Step 00000 | Loss 0.1792 | Train Acc 0.9500 | Speed (samples/sec) 1033.3156 | GPU 2091.5 MB | time 1.005 s
Part 14 | Epoch 00019 | Step 00000 | Loss 0.1888 | Train Acc 0.9570 | Speed (samples/sec) 1033.6188 | GPU 2077.1 MB | time 1.008 s
Part 13 | Epoch 00019 | Step 00000 | Loss 0.1559 | Train Acc 0.9570 | Speed (samples/sec) 1033.4932 | GPU 2073.0 MB | time 1.012 s
Part 12 | Epoch 00019 | Step 00000 | Loss 0.1555 | Train Acc 0.9530 | Speed (samples/sec) 1033.4759 | GPU 2075.5 MB | time 1.023 s
Part 10 | Epoch 00019 | Step 00000 | Loss 0.1573 | Train Acc 0.9610 | Speed (samples/sec) 1033.8723 | GPU 2076.0 MB | time 1.015 s
Avg train acc 0.9590
Avg train acc 0.9590
Avg train acc 0.9590
Avg train acc 0.9590Avg train acc 0.9590Avg train acc 0.9590


Avg train acc 0.9590
Avg train acc 0.9590
Avg train acc 0.9590Avg train acc 0.9590Avg train acc 0.9590


Avg train acc 0.9590
Avg train acc 0.9590Avg train acc 0.9590Avg train acc 0.9590Avg train acc 0.9590



Avg train acc 0.9590Avg train acc 0.9590Avg train acc 0.9590Avg train acc 0.9590Avg train acc 0.9590


Avg train acc 0.9590Avg train acc 0.9590



Avg train acc 0.9590
Avg train acc 0.9590Avg train acc 0.9590

Avg train acc 0.9590Avg train acc 0.9590Avg train acc 0.9590


Avg train acc 0.9590Avg train acc 0.9590Avg train acc 0.9590


=====================
Part 0, Epoch Time(s): 5.8739
Sampling Time(s): 0.3104
Loading Time(s): 1.9219
Forward Time(s): 0.9033
Backward Time(s): 0.2320
Update Time(s): 0.0039
Emb Update Time(s): 2.4956
#seeds: 6144
#inputs: 1925985
==========================================
Part 1, Epoch Time(s): 5.8939
Sampling Time(s): 0.2726
Loading Time(s): 1.7509
Forward Time(s): 1.1317
Backward Time(s): 0.2318
Update Time(s): 0.0042
Emb Update Time(s): 2.4959
#seeds: 6144
#inputs: 1920572
=====================

=====================
Part 3, Epoch Time(s): 5.8911
Sampling Time(s): 0.2805
Loading Time(s): 1.8335
Forward Time(s): 1.0387
Backward Time(s): 0.2310
Update Time(s): 0.0040
Emb Update Time(s): 2.4964
#seeds: 6144
#inputs: 1929874
==========================================
Part 6, Epoch Time(s): 5.8935
Sampling Time(s): 0.2875
Loading Time(s): 2.0967
Forward Time(s): 0.7706
Backward Time(s): 0.2304
Update Time(s): 0.0045
Emb Update Time(s): 2.4972
#seeds: 6145
#inputs: 1920666
=====================
=====================
Part 4, Epoch Time(s): 5.8961
Sampling Time(s): 0.2804
Loading Time(s): 2.1489
Forward Time(s): 0.7279
Backward Time(s): 0.2309
Update Time(s): 0.0049
Emb Update Time(s): 2.4965
#seeds: 6144
#inputs: 1943532
=====================
=====================
Part 2, Epoch Time(s): 5.8951
Sampling Time(s): 0.3131
Loading Time(s): 2.0534
Forward Time(s): 0.7896
Backward Time(s): 0.2318
Update Time(s): 0.0059
Emb Update Time(s): 2.4944
#seeds: 6144
#inputs: 1938586
=====================
=====================
Part 5, Epoch Time(s): 5.8925
Sampling Time(s): 0.2972
Loading Time(s): 1.8283
Forward Time(s): 1.0287
Backward Time(s): 0.2305
Update Time(s): 0.0042
Emb Update Time(s): 2.4967
#seeds: 6145
#inputs: 1922969
==========================================
Part 7, Epoch Time(s): 5.9024
Sampling Time(s): 0.3766
Loading Time(s): 2.0162
Forward Time(s): 0.7708
Backward Time(s): 0.2302
Update Time(s): 0.0062
Emb Update Time(s): 2.4955
#seeds: 6144
#inputs: 1929767
=====================


=====================
Part 19, Epoch Time(s): 5.8902
Sampling Time(s): 0.2815
Loading Time(s): 2.0431
Forward Time(s): 0.8264
Backward Time(s): 0.2300
Update Time(s): 0.0039
Emb Update Time(s): 2.4981
#seeds: 6144
#inputs: 1936728
==========================================
Part 17, Epoch Time(s): 5.8844
Sampling Time(s): 0.2982
Loading Time(s): 1.9023
Forward Time(s): 0.9422
Backward Time(s): 0.2308
Update Time(s): 0.0045
Emb Update Time(s): 2.4991
#seeds: 6144
#inputs: 1933376
=====================
=====================
Part 18, Epoch Time(s): 5.8839
Sampling Time(s): 0.3134
Loading Time(s): 1.7821
Forward Time(s): 1.0484
Backward Time(s): 0.2304
Update Time(s): 0.0042
Emb Update Time(s): 2.4983
#seeds: 6144
#inputs: 1914128
=====================
=====================
Part 23, Epoch Time(s): 5.8826
Sampling Time(s): 0.2968
Loading Time(s): 1.9811
Forward Time(s): 0.8655
Backward Time(s): 0.2294
Update Time(s): 0.0043
Emb Update Time(s): 2.4983
#seeds: 6145
#inputs: 1931249
=====================
=====================
Part 16, Epoch Time(s): 5.8921
Sampling Time(s): 0.2937
Loading Time(s): 2.1392
Forward Time(s): 0.7194
Backward Time(s): 0.2312
Update Time(s): 0.0041
Emb Update Time(s): 2.4972
#seeds: 6144
#inputs: 1929817
==========================================
Part 22, Epoch Time(s): 5.8796
Sampling Time(s): 0.2784
Loading Time(s): 2.1085
Forward Time(s): 0.7527
Backward Time(s): 0.2297
Update Time(s): 0.0049
Emb Update Time(s): 2.4980
#seeds: 6144
#inputs: 1926120
==========================================
Part 20, Epoch Time(s): 5.8852
Sampling Time(s): 0.3005
Loading Time(s): 2.2160
Forward Time(s): 0.6295
Backward Time(s): 0.2299
Update Time(s): 0.0045
Emb Update Time(s): 2.4977
#seeds: 6144
#inputs: 1944973
==========================================
Part 21, Epoch Time(s): 5.8833
Sampling Time(s): 0.2911
Loading Time(s): 2.1811
Forward Time(s): 0.6702
Backward Time(s): 0.2297
Update Time(s): 0.0051
Emb Update Time(s): 2.4987
#seeds: 6145
#inputs: 1938624
=====================




=====================
Part 11, Epoch Time(s): 5.8797
Sampling Time(s): 0.2797
Loading Time(s): 2.5387
Forward Time(s): 0.3375
Backward Time(s): 0.2227
Update Time(s): 0.0043
Emb Update Time(s): 2.4899
#seeds: 6144
#inputs: 2037159
=====================
=====================
Part 9, Epoch Time(s): 5.8753
Sampling Time(s): 0.3566
Loading Time(s): 2.2215
Forward Time(s): 0.5581
Backward Time(s): 0.2292
Update Time(s): 0.0046
Emb Update Time(s): 2.4982
#seeds: 6145
#inputs: 2035336
==========================================
Part 14, Epoch Time(s): 5.8826
Sampling Time(s): 0.3064
Loading Time(s): 2.5150
Forward Time(s): 0.3597
Backward Time(s): 0.2211
Update Time(s): 0.0043
Emb Update Time(s): 2.4691
#seeds: 6144
#inputs: 2039472
==========================================
Part 8, Epoch Time(s): 5.8797
Sampling Time(s): 0.3177
Loading Time(s): 2.2560
Forward Time(s): 0.5660
Backward Time(s): 0.2413
Update Time(s): 0.0049
Emb Update Time(s): 2.4867
#seeds: 6145
#inputs: 2037561
==========================================
Part 15, Epoch Time(s): 5.8763
Sampling Time(s): 0.2913
Loading Time(s): 2.1861
Forward Time(s): 0.6592
Backward Time(s): 0.2284
Update Time(s): 0.0046
Emb Update Time(s): 2.4996
#seeds: 6144
#inputs: 2027629
==========================================
Part 10, Epoch Time(s): 5.8893
Sampling Time(s): 0.3003
Loading Time(s): 2.3243
Forward Time(s): 0.5245
Backward Time(s): 0.2289
Update Time(s): 0.0051
Emb Update Time(s): 2.4986
#seeds: 6144
#inputs: 2044979
=====================

=====================
Part 12, Epoch Time(s): 5.8975
Sampling Time(s): 0.2799
Loading Time(s): 2.3032
Forward Time(s): 0.5899
Backward Time(s): 0.2242
Update Time(s): 0.0054
Emb Update Time(s): 2.4878
#seeds: 6144
#inputs: 2045617
=====================

=====================
Part 13, Epoch Time(s): 5.8866
Sampling Time(s): 0.3213
Loading Time(s): 2.4593
Forward Time(s): 0.3800
Backward Time(s): 0.2266
Update Time(s): 0.0056
Emb Update Time(s): 2.4868
#seeds: 6144
#inputs: 2049136
=====================


=====================
Part 30, Epoch Time(s): 5.8745
Sampling Time(s): 0.2668
Loading Time(s): 2.1401
Forward Time(s): 0.7278
Backward Time(s): 0.2290
Update Time(s): 0.0042
Emb Update Time(s): 2.4996
#seeds: 6144
#inputs: 1970301
==========================================
Part 26, Epoch Time(s): 5.8755
Sampling Time(s): 0.3032
Loading Time(s): 2.3144
Forward Time(s): 0.5222
Backward Time(s): 0.2266
Update Time(s): 0.0042
Emb Update Time(s): 2.4979
#seeds: 6144
#inputs: 1986620
==========================================
Part 29, Epoch Time(s): 5.8837
Sampling Time(s): 0.2785
Loading Time(s): 2.0094
Forward Time(s): 0.8560
Backward Time(s): 0.2292
Update Time(s): 0.0047
Emb Update Time(s): 2.4988
#seeds: 6144
#inputs: 1972590
==========================================
Part 24, Epoch Time(s): 5.8947
Sampling Time(s): 0.2913
Loading Time(s): 2.1880
Forward Time(s): 0.6748
Backward Time(s): 0.2302
Update Time(s): 0.0046
Emb Update Time(s): 2.4987
#seeds: 6144
#inputs: 1966341
==========================================
Part 25, Epoch Time(s): 5.8946
Sampling Time(s): 0.3282
Loading Time(s): 2.3285
Forward Time(s): 0.5216
Backward Time(s): 0.2230
Update Time(s): 0.0044
Emb Update Time(s): 2.4820
#seeds: 6144
#inputs: 1960924
==========================================
Part 28, Epoch Time(s): 5.8754
Sampling Time(s): 0.2977
Loading Time(s): 2.5021
Forward Time(s): 0.3563
Backward Time(s): 0.2232
Update Time(s): 0.0043
Emb Update Time(s): 2.4849
#seeds: 6144
#inputs: 1966158
==========================================
Part 27, Epoch Time(s): 5.8762
Sampling Time(s): 0.3131
Loading Time(s): 2.0859
Forward Time(s): 0.7373
Backward Time(s): 0.2298
Update Time(s): 0.0044
Emb Update Time(s): 2.4985
#seeds: 6145
#inputs: 1980850
==========================================
Part 31, Epoch Time(s): 5.8797
Sampling Time(s): 0.3062
Loading Time(s): 2.1997
Forward Time(s): 0.6346
Backward Time(s): 0.2290
Update Time(s): 0.0045
Emb Update Time(s): 2.4988
#seeds: 6144
#inputs: 1957367
=====================







|V|=2449029, eval batch size: 100000
|V|=2449029, eval batch size: 100000
|V|=2449029, eval batch size: 100000
|V|=2449029, eval batch size: 100000
|V|=2449029, eval batch size: 100000
|V|=2449029, eval batch size: 100000|V|=2449029, eval batch size: 100000

|V|=2449029, eval batch size: 100000
|V|=2449029, eval batch size: 100000
|V|=2449029, eval batch size: 100000
|V|=2449029, eval batch size: 100000
|V|=2449029, eval batch size: 100000
|V|=2449029, eval batch size: 100000
|V|=2449029, eval batch size: 100000
|V|=2449029, eval batch size: 100000
|V|=2449029, eval batch size: 100000
|V|=2449029, eval batch size: 100000
|V|=2449029, eval batch size: 100000
|V|=2449029, eval batch size: 100000
|V|=2449029, eval batch size: 100000
|V|=2449029, eval batch size: 100000
|V|=2449029, eval batch size: 100000
|V|=2449029, eval batch size: 100000
|V|=2449029, eval batch size: 100000
|V|=2449029, eval batch size: 100000
|V|=2449029, eval batch size: 100000
|V|=2449029, eval batch size: 100000
|V|=2449029, eval batch size: 100000
|V|=2449029, eval batch size: 100000
|V|=2449029, eval batch size: 100000
|V|=2449029, eval batch size: 100000
|V|=2449029, eval batch size: 100000
|V|=2449029, eval batch size: 100000
|V|=2449029, eval batch size: 100000
|V|=2449029, eval batch size: 100000
|V|=2449029, eval batch size: 100000
|V|=2449029, eval batch size: 100000
|V|=2449029, eval batch size: 100000
|V|=2449029, eval batch size: 100000
|V|=2449029, eval batch size: 100000
|V|=2449029, eval batch size: 100000
|V|=2449029, eval batch size: 100000
|V|=2449029, eval batch size: 100000
|V|=2449029, eval batch size: 100000
|V|=2449029, eval batch size: 100000
|V|=2449029, eval batch size: 100000
|V|=2449029, eval batch size: 100000
|V|=2449029, eval batch size: 100000
|V|=2449029, eval batch size: 100000
|V|=2449029, eval batch size: 100000
|V|=2449029, eval batch size: 100000
|V|=2449029, eval batch size: 100000
|V|=2449029, eval batch size: 100000
|V|=2449029, eval batch size: 100000
|V|=2449029, eval batch size: 100000
|V|=2449029, eval batch size: 100000
|V|=2449029, eval batch size: 100000
|V|=2449029, eval batch size: 100000
|V|=2449029, eval batch size: 100000
|V|=2449029, eval batch size: 100000
|V|=2449029, eval batch size: 100000
|V|=2449029, eval batch size: 100000
|V|=2449029, eval batch size: 100000
|V|=2449029, eval batch size: 100000
|V|=2449029, eval batch size: 100000
|V|=2449029, eval batch size: 100000
|V|=2449029, eval batch size: 100000
|V|=2449029, eval batch size: 100000
|V|=2449029, eval batch size: 100000
|V|=2449029, eval batch size: 100000
|V|=2449029, eval batch size: 100000
|V|=2449029, eval batch size: 100000
|V|=2449029, eval batch size: 100000
|V|=2449029, eval batch size: 100000
|V|=2449029, eval batch size: 100000
|V|=2449029, eval batch size: 100000
|V|=2449029, eval batch size: 100000
|V|=2449029, eval batch size: 100000
|V|=2449029, eval batch size: 100000
|V|=2449029, eval batch size: 100000
|V|=2449029, eval batch size: 100000
|V|=2449029, eval batch size: 100000
|V|=2449029, eval batch size: 100000
|V|=2449029, eval batch size: 100000
|V|=2449029, eval batch size: 100000
|V|=2449029, eval batch size: 100000
|V|=2449029, eval batch size: 100000
|V|=2449029, eval batch size: 100000
|V|=2449029, eval batch size: 100000
|V|=2449029, eval batch size: 100000
|V|=2449029, eval batch size: 100000
|V|=2449029, eval batch size: 100000
|V|=2449029, eval batch size: 100000
|V|=2449029, eval batch size: 100000
|V|=2449029, eval batch size: 100000
|V|=2449029, eval batch size: 100000
Part 15, Val Acc 0.8836, Test Acc 0.7098, time: 7.1360
Rank 15, Avg Epoch Time(s): 5.7311
Part 2, Val Acc 0.9504, Test Acc 0.7714, time: 7.1413
Part 1, Val Acc 0.9406, Test Acc 0.7728, time: 7.1415
Rank 2, Avg Epoch Time(s): 5.7355
Rank 1, Avg Epoch Time(s): 5.7375
Part 7, Val Acc 0.9439, Test Acc 0.7730, time: 7.1426
Rank 7, Avg Epoch Time(s): 5.7367
Part 30, Val Acc 0.9317, Test Acc 0.7442, time: 7.1447
Part 10, Val Acc 0.8983, Test Acc 0.7097, time: 7.1451
Rank 30, Avg Epoch Time(s): 5.7353
Part 13, Val Acc 0.8885, Test Acc 0.7116, time: 7.1454
Rank 10, Avg Epoch Time(s): 5.7252
Part 0, Val Acc 0.9471, Test Acc 0.7763, time: 7.1462
Part 4, Val Acc 0.9455, Test Acc 0.7738, time: 7.1464
Part 27, Val Acc 0.9251, Test Acc 0.7428, time: 7.1463
Rank 13, Avg Epoch Time(s): 5.7292
Rank 4, Avg Epoch Time(s): 5.7419
Rank 27, Avg Epoch Time(s): 5.7313
Part 26, Val Acc 0.9096, Test Acc 0.7413, time: 7.1474
Rank 26, Avg Epoch Time(s): 5.7334
Part 3, Val Acc 0.9447, Test Acc 0.7729, time: 7.1481
Rank 3, Avg Epoch Time(s): 5.7396
Part 9, Val Acc 0.9056, Test Acc 0.7128, time: 7.1485
Rank 9, Avg Epoch Time(s): 5.7298
Part 28, Val Acc 0.9064, Test Acc 0.7412, time: 7.1490
Rank 28, Avg Epoch Time(s): 5.7334
Part 6, Val Acc 0.9463, Test Acc 0.7739, time: 7.1499
Rank 6, Avg Epoch Time(s): 5.7377
Part 19, Val Acc 0.8999, Test Acc 0.7448, time: 7.1509
Part 31, Val Acc 0.9340, Test Acc 0.7406, time: 7.1510
Rank 31, Avg Epoch Time(s): 5.7344
Rank 19, Avg Epoch Time(s): 5.7310
Part 29, Val Acc 0.9235, Test Acc 0.7420, time: 7.1522
Rank 29, Avg Epoch Time(s): 5.7325
Part 8, Val Acc 0.8763, Test Acc 0.7112, time: 7.1533
Part 24, Val Acc 0.9081, Test Acc 0.7429, time: 7.1534
Rank 24, Avg Epoch Time(s): 5.7368
Rank 8, Avg Epoch Time(s): 5.7334
Part 12, Val Acc 0.8934, Test Acc 0.7103, time: 7.1544
Rank 12, Avg Epoch Time(s): 5.7296
Part 11, Val Acc 0.9007, Test Acc 0.7124, time: 7.1558
Rank 11, Avg Epoch Time(s): 5.7287
Part 23, Val Acc 0.8967, Test Acc 0.7447, time: 7.1583
Part 25, Val Acc 0.9308, Test Acc 0.7414, time: 7.1583
Rank 23, Avg Epoch Time(s): 5.7280
Part 5, Val Acc 0.9593, Test Acc 0.7751, time: 7.1590
Rank 25, Avg Epoch Time(s): 5.7322
Rank 5, Avg Epoch Time(s): 5.7385
Part 17, Val Acc 0.8999, Test Acc 0.7473, time: 7.1598
Rank 17, Avg Epoch Time(s): 5.7277Part 18, Val Acc 0.9064, Test Acc 0.7466, time: 7.1606

Part 20, Val Acc 0.9138, Test Acc 0.7445, time: 7.1609
Rank 18, Avg Epoch Time(s): 5.7303
Rank 20, Avg Epoch Time(s): 5.7273
Part 16, Val Acc 0.8983, Test Acc 0.7473, time: 7.1619
Rank 16, Avg Epoch Time(s): 5.7277
Part 14, Val Acc 0.8967, Test Acc 0.7087, time: 7.1626
Rank 14, Avg Epoch Time(s): 5.7270
Part 21, Val Acc 0.8950, Test Acc 0.7475, time: 7.1636
Rank 21, Avg Epoch Time(s): 5.7268
Part 22, Val Acc 0.8959, Test Acc 0.7468, time: 7.1705
All parts avg val acc 0.9155, test acc 0.7432
Rank 0, Avg Epoch Time(s): 5.7116
Rank 22, Avg Epoch Time(s): 5.7269
All parts avg epoch time 5.7315 sec, throughput 34304.2372 seeds/sec
parent ends
parent ends
parent ends
parent ends
Client[30] in group[0] is exiting...
parent ends
parent ends
parent ends
parent ends
Client[9] in group[0] is exiting...
Client[26] in group[0] is exiting...
Client[31] in group[0] is exiting...
parent ends
parent ends
Client[18] in group[0] is exiting...
parent ends
Client[1] in group[0] is exiting...
Client[29] in group[0] is exiting...
Client[24] in group[0] is exiting...
parent ends
parent ends
Client[13] in group[0] is exiting...
parent ends
parent ends
Client[25] in group[0] is exiting...
Client[10] in group[0] is exiting...
parent ends
Client[20] in group[0] is exiting...
parent ends
parent ends
Client[12] in group[0] is exiting...
parent ends
Client[7] in group[0] is exiting...
Client[8] in group[0] is exiting...
Client[58] in group[0] is exiting...
parent ends
Client[59] in group[0] is exiting...
Client[53] in group[0] is exiting...
parent ends
Client[49] in group[0] is exiting...
Client[52] in group[0] is exiting...
parent ends
parent ends
Client[11] in group[0] is exiting...
parent ends
Client[54] in group[0] is exiting...
Client[57] in group[0] is exiting...
Client[48] in group[0] is exiting...
parent ends
parent ends
parent ends
parent ends
parent endsparent ends

parent ends
Client[46] in group[0] is exiting...
Client[40] in group[0] is exiting...
Client[35] in group[0] is exiting...
Client[33] in group[0] is exiting...
Client[39] in group[0] is exiting...
parent ends
Client[37] in group[0] is exiting...
Client[41] in group[0] is exiting...
Client[43] in group[0] is exiting...
Namespace(cache_server_addr='127.0.0.1', cache_server_port=32451, graph_name='ogbn-products', id=None, ip_config='ip_config4.txt', part_config=None, n_classes=None, num_gpus=8, num_epochs=20, num_hidden=256, fan_out='5,10,15', batch_size=1000, batch_size_eval=100000, log_every=20, eval_every=1, lr=0.003, dropout=0.5, local_rank=None, standalone=False, sparse_lr=0.01, presampling=True, hot_threshold=0.1)
load ogbn-products
Start to create specified graph formats which may take non-trivial time.
Finished creating specified graph formats.
start graph service on server 0 for part 0
Server is waiting for connections on [172.31.20.34:30050]...
Server (0) shutdown.
Server is exiting...
Namespace(cache_server_addr='127.0.0.1', cache_server_port=32451, graph_name='ogbn-products', id=None, ip_config='ip_config4.txt', part_config=None, n_classes=None, num_gpus=8, num_epochs=20, num_hidden=256, fan_out='5,10,15', batch_size=1000, batch_size_eval=100000, log_every=20, eval_every=1, lr=0.003, dropout=0.5, local_rank=None, standalone=False, sparse_lr=0.01, presampling=True, hot_threshold=0.1)
load ogbn-products
Start to create specified graph formats which may take non-trivial time.
Finished creating specified graph formats.
start graph service on server 16 for part 1
Server is waiting for connections on [172.31.25.229:30050]...
Server (16) shutdown.
Server is exiting...
Namespace(cache_server_addr='127.0.0.1', cache_server_port=32451, graph_name='ogbn-products', id=None, ip_config='ip_config4.txt', part_config=None, n_classes=None, num_gpus=8, num_epochs=20, num_hidden=256, fan_out='5,10,15', batch_size=1000, batch_size_eval=100000, log_every=20, eval_every=1, lr=0.003, dropout=0.5, local_rank=None, standalone=False, sparse_lr=0.01, presampling=True, hot_threshold=0.1)
load ogbn-products
Start to create specified graph formats which may take non-trivial time.
Finished creating specified graph formats.
start graph service on server 32 for part 2
Server is waiting for connections on [172.31.20.203:30050]...
Server (32) shutdown.
Server is exiting...
Namespace(cache_server_addr='127.0.0.1', cache_server_port=32451, graph_name='ogbn-products', id=None, ip_config='ip_config4.txt', part_config=None, n_classes=None, num_gpus=8, num_epochs=20, num_hidden=256, fan_out='5,10,15', batch_size=1000, batch_size_eval=100000, log_every=20, eval_every=1, lr=0.003, dropout=0.5, local_rank=None, standalone=False, sparse_lr=0.01, presampling=True, hot_threshold=0.1)
load ogbn-products
Start to create specified graph formats which may take non-trivial time.
Finished creating specified graph formats.
start graph service on server 48 for part 3
Server is waiting for connections on [172.31.24.75:30050]...
Server (48) shutdown.
Server is exiting...
Namespace(cache_server_addr='127.0.0.1', cache_server_port=32451, graph_name='ogbn-products', id=None, ip_config='ip_config4.txt', part_config=None, n_classes=None, num_gpus=8, num_epochs=20, num_hidden=256, fan_out='5,10,15', batch_size=1000, batch_size_eval=100000, log_every=20, eval_every=1, lr=0.003, dropout=0.5, local_rank=None, standalone=False, sparse_lr=0.01, presampling=True, hot_threshold=0.1)
start graph service on server 49 for part 3
Server is waiting for connections on [172.31.24.75:30051]...
Server (49) shutdown.
Server is exiting...
Namespace(cache_server_addr='127.0.0.1', cache_server_port=32451, graph_name='ogbn-products', id=None, ip_config='ip_config4.txt', part_config=None, n_classes=None, num_gpus=8, num_epochs=20, num_hidden=256, fan_out='5,10,15', batch_size=1000, batch_size_eval=100000, log_every=20, eval_every=1, lr=0.003, dropout=0.5, local_rank=None, standalone=False, sparse_lr=0.01, presampling=True, hot_threshold=0.1)
start graph service on server 2 for part 0
Server is waiting for connections on [172.31.20.34:30052]...
Server (2) shutdown.
Server is exiting...
Namespace(cache_server_addr='127.0.0.1', cache_server_port=32451, graph_name='ogbn-products', id=None, ip_config='ip_config4.txt', part_config=None, n_classes=None, num_gpus=8, num_epochs=20, num_hidden=256, fan_out='5,10,15', batch_size=1000, batch_size_eval=100000, log_every=20, eval_every=1, lr=0.003, dropout=0.5, local_rank=None, standalone=False, sparse_lr=0.01, presampling=True, hot_threshold=0.1)
start graph service on server 6 for part 0
Server is waiting for connections on [172.31.20.34:30056]...
Server (6) shutdown.
Server is exiting...
Namespace(cache_server_addr='127.0.0.1', cache_server_port=32451, graph_name='ogbn-products', id=None, ip_config='ip_config4.txt', part_config=None, n_classes=None, num_gpus=8, num_epochs=20, num_hidden=256, fan_out='5,10,15', batch_size=1000, batch_size_eval=100000, log_every=20, eval_every=1, lr=0.003, dropout=0.5, local_rank=None, standalone=False, sparse_lr=0.01, presampling=True, hot_threshold=0.1)
start graph service on server 3 for part 0
Server is waiting for connections on [172.31.20.34:30053]...
Server (3) shutdown.
Server is exiting...
Namespace(cache_server_addr='127.0.0.1', cache_server_port=32451, graph_name='ogbn-products', id=None, ip_config='ip_config4.txt', part_config=None, n_classes=None, num_gpus=8, num_epochs=20, num_hidden=256, fan_out='5,10,15', batch_size=1000, batch_size_eval=100000, log_every=20, eval_every=1, lr=0.003, dropout=0.5, local_rank=None, standalone=False, sparse_lr=0.01, presampling=True, hot_threshold=0.1)
start graph service on server 5 for part 0
Server is waiting for connections on [172.31.20.34:30055]...
Server (5) shutdown.
Server is exiting...
Namespace(cache_server_addr='127.0.0.1', cache_server_port=32451, graph_name='ogbn-products', id=None, ip_config='ip_config4.txt', part_config=None, n_classes=None, num_gpus=8, num_epochs=20, num_hidden=256, fan_out='5,10,15', batch_size=1000, batch_size_eval=100000, log_every=20, eval_every=1, lr=0.003, dropout=0.5, local_rank=None, standalone=False, sparse_lr=0.01, presampling=True, hot_threshold=0.1)
start graph service on server 1 for part 0
Server is waiting for connections on [172.31.20.34:30051]...
Server (1) shutdown.
Server is exiting...
Namespace(cache_server_addr='127.0.0.1', cache_server_port=32451, graph_name='ogbn-products', id=None, ip_config='ip_config4.txt', part_config=None, n_classes=None, num_gpus=8, num_epochs=20, num_hidden=256, fan_out='5,10,15', batch_size=1000, batch_size_eval=100000, log_every=20, eval_every=1, lr=0.003, dropout=0.5, local_rank=None, standalone=False, sparse_lr=0.01, presampling=True, hot_threshold=0.1)
start graph service on server 63 for part 3
Server is waiting for connections on [172.31.24.75:30065]...
Server (63) shutdown.
Server is exiting...
Namespace(cache_server_addr='127.0.0.1', cache_server_port=32451, graph_name='ogbn-products', id=None, ip_config='ip_config4.txt', part_config=None, n_classes=None, num_gpus=8, num_epochs=20, num_hidden=256, fan_out='5,10,15', batch_size=1000, batch_size_eval=100000, log_every=20, eval_every=1, lr=0.003, dropout=0.5, local_rank=None, standalone=False, sparse_lr=0.01, presampling=True, hot_threshold=0.1)
start graph service on server 10 for part 0
Server is waiting for connections on [172.31.20.34:30060]...
Server (10) shutdown.
Server is exiting...
Namespace(cache_server_addr='127.0.0.1', cache_server_port=32451, graph_name='ogbn-products', id=None, ip_config='ip_config4.txt', part_config=None, n_classes=None, num_gpus=8, num_epochs=20, num_hidden=256, fan_out='5,10,15', batch_size=1000, batch_size_eval=100000, log_every=20, eval_every=1, lr=0.003, dropout=0.5, local_rank=None, standalone=False, sparse_lr=0.01, presampling=True, hot_threshold=0.1)
start graph service on server 4 for part 0
Server is waiting for connections on [172.31.20.34:30054]...
Server (4) shutdown.
Server is exiting...
Namespace(cache_server_addr='127.0.0.1', cache_server_port=32451, graph_name='ogbn-products', id=None, ip_config='ip_config4.txt', part_config=None, n_classes=None, num_gpus=8, num_epochs=20, num_hidden=256, fan_out='5,10,15', batch_size=1000, batch_size_eval=100000, log_every=20, eval_every=1, lr=0.003, dropout=0.5, local_rank=None, standalone=False, sparse_lr=0.01, presampling=True, hot_threshold=0.1)
start graph service on server 62 for part 3
Server is waiting for connections on [172.31.24.75:30064]...
Server (62) shutdown.
Server is exiting...
Namespace(cache_server_addr='127.0.0.1', cache_server_port=32451, graph_name='ogbn-products', id=None, ip_config='ip_config4.txt', part_config=None, n_classes=None, num_gpus=8, num_epochs=20, num_hidden=256, fan_out='5,10,15', batch_size=1000, batch_size_eval=100000, log_every=20, eval_every=1, lr=0.003, dropout=0.5, local_rank=None, standalone=False, sparse_lr=0.01, presampling=True, hot_threshold=0.1)
start graph service on server 53 for part 3
Server is waiting for connections on [172.31.24.75:30055]...
Server (53) shutdown.
Server is exiting...
Namespace(cache_server_addr='127.0.0.1', cache_server_port=32451, graph_name='ogbn-products', id=None, ip_config='ip_config4.txt', part_config=None, n_classes=None, num_gpus=8, num_epochs=20, num_hidden=256, fan_out='5,10,15', batch_size=1000, batch_size_eval=100000, log_every=20, eval_every=1, lr=0.003, dropout=0.5, local_rank=None, standalone=False, sparse_lr=0.01, presampling=True, hot_threshold=0.1)
start graph service on server 8 for part 0
Server is waiting for connections on [172.31.20.34:30058]...
Server (8) shutdown.
Server is exiting...
Namespace(cache_server_addr='127.0.0.1', cache_server_port=32451, graph_name='ogbn-products', id=None, ip_config='ip_config4.txt', part_config=None, n_classes=None, num_gpus=8, num_epochs=20, num_hidden=256, fan_out='5,10,15', batch_size=1000, batch_size_eval=100000, log_every=20, eval_every=1, lr=0.003, dropout=0.5, local_rank=None, standalone=False, sparse_lr=0.01, presampling=True, hot_threshold=0.1)
start graph service on server 14 for part 0
Server is waiting for connections on [172.31.20.34:30064]...
Server (14) shutdown.
Server is exiting...
Namespace(cache_server_addr='127.0.0.1', cache_server_port=32451, graph_name='ogbn-products', id=None, ip_config='ip_config4.txt', part_config=None, n_classes=None, num_gpus=8, num_epochs=20, num_hidden=256, fan_out='5,10,15', batch_size=1000, batch_size_eval=100000, log_every=20, eval_every=1, lr=0.003, dropout=0.5, local_rank=None, standalone=False, sparse_lr=0.01, presampling=True, hot_threshold=0.1)
start graph service on server 50 for part 3
Server is waiting for connections on [172.31.24.75:30052]...
Server (50) shutdown.
Server is exiting...
Namespace(cache_server_addr='127.0.0.1', cache_server_port=32451, graph_name='ogbn-products', id=None, ip_config='ip_config4.txt', part_config=None, n_classes=None, num_gpus=8, num_epochs=20, num_hidden=256, fan_out='5,10,15', batch_size=1000, batch_size_eval=100000, log_every=20, eval_every=1, lr=0.003, dropout=0.5, local_rank=None, standalone=False, sparse_lr=0.01, presampling=True, hot_threshold=0.1)
start graph service on server 52 for part 3
Server is waiting for connections on [172.31.24.75:30054]...
Server (52) shutdown.
Server is exiting...
Namespace(cache_server_addr='127.0.0.1', cache_server_port=32451, graph_name='ogbn-products', id=None, ip_config='ip_config4.txt', part_config=None, n_classes=None, num_gpus=8, num_epochs=20, num_hidden=256, fan_out='5,10,15', batch_size=1000, batch_size_eval=100000, log_every=20, eval_every=1, lr=0.003, dropout=0.5, local_rank=None, standalone=False, sparse_lr=0.01, presampling=True, hot_threshold=0.1)
start graph service on server 61 for part 3
Server is waiting for connections on [172.31.24.75:30063]...
Server (61) shutdown.
Server is exiting...
Namespace(cache_server_addr='127.0.0.1', cache_server_port=32451, graph_name='ogbn-products', id=None, ip_config='ip_config4.txt', part_config=None, n_classes=None, num_gpus=8, num_epochs=20, num_hidden=256, fan_out='5,10,15', batch_size=1000, batch_size_eval=100000, log_every=20, eval_every=1, lr=0.003, dropout=0.5, local_rank=None, standalone=False, sparse_lr=0.01, presampling=True, hot_threshold=0.1)
start graph service on server 7 for part 0
Server is waiting for connections on [172.31.20.34:30057]...
Server (7) shutdown.
Server is exiting...
Namespace(cache_server_addr='127.0.0.1', cache_server_port=32451, graph_name='ogbn-products', id=None, ip_config='ip_config4.txt', part_config=None, n_classes=None, num_gpus=8, num_epochs=20, num_hidden=256, fan_out='5,10,15', batch_size=1000, batch_size_eval=100000, log_every=20, eval_every=1, lr=0.003, dropout=0.5, local_rank=None, standalone=False, sparse_lr=0.01, presampling=True, hot_threshold=0.1)
start graph service on server 56 for part 3
Server is waiting for connections on [172.31.24.75:30058]...
Server (56) shutdown.
Server is exiting...
Namespace(cache_server_addr='127.0.0.1', cache_server_port=32451, graph_name='ogbn-products', id=None, ip_config='ip_config4.txt', part_config=None, n_classes=None, num_gpus=8, num_epochs=20, num_hidden=256, fan_out='5,10,15', batch_size=1000, batch_size_eval=100000, log_every=20, eval_every=1, lr=0.003, dropout=0.5, local_rank=None, standalone=False, sparse_lr=0.01, presampling=True, hot_threshold=0.1)
start graph service on server 15 for part 0
Server is waiting for connections on [172.31.20.34:30065]...
Server (15) shutdown.
Server is exiting...
Namespace(cache_server_addr='127.0.0.1', cache_server_port=32451, graph_name='ogbn-products', id=None, ip_config='ip_config4.txt', part_config=None, n_classes=None, num_gpus=8, num_epochs=20, num_hidden=256, fan_out='5,10,15', batch_size=1000, batch_size_eval=100000, log_every=20, eval_every=1, lr=0.003, dropout=0.5, local_rank=None, standalone=False, sparse_lr=0.01, presampling=True, hot_threshold=0.1)
start graph service on server 60 for part 3
Server is waiting for connections on [172.31.24.75:30062]...
Server (60) shutdown.
Server is exiting...
Namespace(cache_server_addr='127.0.0.1', cache_server_port=32451, graph_name='ogbn-products', id=None, ip_config='ip_config4.txt', part_config=None, n_classes=None, num_gpus=8, num_epochs=20, num_hidden=256, fan_out='5,10,15', batch_size=1000, batch_size_eval=100000, log_every=20, eval_every=1, lr=0.003, dropout=0.5, local_rank=None, standalone=False, sparse_lr=0.01, presampling=True, hot_threshold=0.1)
start graph service on server 59 for part 3
Server is waiting for connections on [172.31.24.75:30061]...
Server (59) shutdown.
Server is exiting...
Namespace(cache_server_addr='127.0.0.1', cache_server_port=32451, graph_name='ogbn-products', id=None, ip_config='ip_config4.txt', part_config=None, n_classes=None, num_gpus=8, num_epochs=20, num_hidden=256, fan_out='5,10,15', batch_size=1000, batch_size_eval=100000, log_every=20, eval_every=1, lr=0.003, dropout=0.5, local_rank=None, standalone=False, sparse_lr=0.01, presampling=True, hot_threshold=0.1)
start graph service on server 55 for part 3
Server is waiting for connections on [172.31.24.75:30057]...
Server (55) shutdown.
Server is exiting...
Namespace(cache_server_addr='127.0.0.1', cache_server_port=32451, graph_name='ogbn-products', id=None, ip_config='ip_config4.txt', part_config=None, n_classes=None, num_gpus=8, num_epochs=20, num_hidden=256, fan_out='5,10,15', batch_size=1000, batch_size_eval=100000, log_every=20, eval_every=1, lr=0.003, dropout=0.5, local_rank=None, standalone=False, sparse_lr=0.01, presampling=True, hot_threshold=0.1)
start graph service on server 54 for part 3
Server is waiting for connections on [172.31.24.75:30056]...
Server (54) shutdown.
Server is exiting...
Namespace(cache_server_addr='127.0.0.1', cache_server_port=32451, graph_name='ogbn-products', id=None, ip_config='ip_config4.txt', part_config=None, n_classes=None, num_gpus=8, num_epochs=20, num_hidden=256, fan_out='5,10,15', batch_size=1000, batch_size_eval=100000, log_every=20, eval_every=1, lr=0.003, dropout=0.5, local_rank=None, standalone=False, sparse_lr=0.01, presampling=True, hot_threshold=0.1)
start graph service on server 35 for part 2
Server is waiting for connections on [172.31.20.203:30053]...
Server (35) shutdown.
Server is exiting...
Namespace(cache_server_addr='127.0.0.1', cache_server_port=32451, graph_name='ogbn-products', id=None, ip_config='ip_config4.txt', part_config=None, n_classes=None, num_gpus=8, num_epochs=20, num_hidden=256, fan_out='5,10,15', batch_size=1000, batch_size_eval=100000, log_every=20, eval_every=1, lr=0.003, dropout=0.5, local_rank=None, standalone=False, sparse_lr=0.01, presampling=True, hot_threshold=0.1)
start graph service on server 46 for part 2
Server is waiting for connections on [172.31.20.203:30064]...
Server (46) shutdown.
Server is exiting...
Namespace(cache_server_addr='127.0.0.1', cache_server_port=32451, graph_name='ogbn-products', id=None, ip_config='ip_config4.txt', part_config=None, n_classes=None, num_gpus=8, num_epochs=20, num_hidden=256, fan_out='5,10,15', batch_size=1000, batch_size_eval=100000, log_every=20, eval_every=1, lr=0.003, dropout=0.5, local_rank=None, standalone=False, sparse_lr=0.01, presampling=True, hot_threshold=0.1)
start graph service on server 57 for part 3
Server is waiting for connections on [172.31.24.75:30059]...
Server (57) shutdown.
Server is exiting...
Namespace(cache_server_addr='127.0.0.1', cache_server_port=32451, graph_name='ogbn-products', id=None, ip_config='ip_config4.txt', part_config=None, n_classes=None, num_gpus=8, num_epochs=20, num_hidden=256, fan_out='5,10,15', batch_size=1000, batch_size_eval=100000, log_every=20, eval_every=1, lr=0.003, dropout=0.5, local_rank=None, standalone=False, sparse_lr=0.01, presampling=True, hot_threshold=0.1)
start graph service on server 38 for part 2
Server is waiting for connections on [172.31.20.203:30056]...
Server (38) shutdown.
Server is exiting...
Namespace(cache_server_addr='127.0.0.1', cache_server_port=32451, graph_name='ogbn-products', id=None, ip_config='ip_config4.txt', part_config=None, n_classes=None, num_gpus=8, num_epochs=20, num_hidden=256, fan_out='5,10,15', batch_size=1000, batch_size_eval=100000, log_every=20, eval_every=1, lr=0.003, dropout=0.5, local_rank=None, standalone=False, sparse_lr=0.01, presampling=True, hot_threshold=0.1)
start graph service on server 37 for part 2
Server is waiting for connections on [172.31.20.203:30055]...
Server (37) shutdown.
Server is exiting...
Namespace(cache_server_addr='127.0.0.1', cache_server_port=32451, graph_name='ogbn-products', id=None, ip_config='ip_config4.txt', part_config=None, n_classes=None, num_gpus=8, num_epochs=20, num_hidden=256, fan_out='5,10,15', batch_size=1000, batch_size_eval=100000, log_every=20, eval_every=1, lr=0.003, dropout=0.5, local_rank=None, standalone=False, sparse_lr=0.01, presampling=True, hot_threshold=0.1)
start graph service on server 47 for part 2
Server is waiting for connections on [172.31.20.203:30065]...
Server (47) shutdown.
Server is exiting...
Namespace(cache_server_addr='127.0.0.1', cache_server_port=32451, graph_name='ogbn-products', id=None, ip_config='ip_config4.txt', part_config=None, n_classes=None, num_gpus=8, num_epochs=20, num_hidden=256, fan_out='5,10,15', batch_size=1000, batch_size_eval=100000, log_every=20, eval_every=1, lr=0.003, dropout=0.5, local_rank=None, standalone=False, sparse_lr=0.01, presampling=True, hot_threshold=0.1)
start graph service on server 39 for part 2
Server is waiting for connections on [172.31.20.203:30057]...
Server (39) shutdown.
Server is exiting...
Namespace(cache_server_addr='127.0.0.1', cache_server_port=32451, graph_name='ogbn-products', id=None, ip_config='ip_config4.txt', part_config=None, n_classes=None, num_gpus=8, num_epochs=20, num_hidden=256, fan_out='5,10,15', batch_size=1000, batch_size_eval=100000, log_every=20, eval_every=1, lr=0.003, dropout=0.5, local_rank=None, standalone=False, sparse_lr=0.01, presampling=True, hot_threshold=0.1)
start graph service on server 11 for part 0
Server is waiting for connections on [172.31.20.34:30061]...
Server (11) shutdown.
Server is exiting...
Namespace(cache_server_addr='127.0.0.1', cache_server_port=32451, graph_name='ogbn-products', id=None, ip_config='ip_config4.txt', part_config=None, n_classes=None, num_gpus=8, num_epochs=20, num_hidden=256, fan_out='5,10,15', batch_size=1000, batch_size_eval=100000, log_every=20, eval_every=1, lr=0.003, dropout=0.5, local_rank=None, standalone=False, sparse_lr=0.01, presampling=True, hot_threshold=0.1)
start graph service on server 51 for part 3
Server is waiting for connections on [172.31.24.75:30053]...
Server (51) shutdown.
Server is exiting...
Namespace(cache_server_addr='127.0.0.1', cache_server_port=32451, graph_name='ogbn-products', id=None, ip_config='ip_config4.txt', part_config=None, n_classes=None, num_gpus=8, num_epochs=20, num_hidden=256, fan_out='5,10,15', batch_size=1000, batch_size_eval=100000, log_every=20, eval_every=1, lr=0.003, dropout=0.5, local_rank=None, standalone=False, sparse_lr=0.01, presampling=True, hot_threshold=0.1)
start graph service on server 9 for part 0
Server is waiting for connections on [172.31.20.34:30059]...
Server (9) shutdown.
Server is exiting...
Namespace(cache_server_addr='127.0.0.1', cache_server_port=32451, graph_name='ogbn-products', id=None, ip_config='ip_config4.txt', part_config=None, n_classes=None, num_gpus=8, num_epochs=20, num_hidden=256, fan_out='5,10,15', batch_size=1000, batch_size_eval=100000, log_every=20, eval_every=1, lr=0.003, dropout=0.5, local_rank=None, standalone=False, sparse_lr=0.01, presampling=True, hot_threshold=0.1)
start graph service on server 58 for part 3
Server is waiting for connections on [172.31.24.75:30060]...
Server (58) shutdown.
Server is exiting...
Namespace(cache_server_addr='127.0.0.1', cache_server_port=32451, graph_name='ogbn-products', id=None, ip_config='ip_config4.txt', part_config=None, n_classes=None, num_gpus=8, num_epochs=20, num_hidden=256, fan_out='5,10,15', batch_size=1000, batch_size_eval=100000, log_every=20, eval_every=1, lr=0.003, dropout=0.5, local_rank=None, standalone=False, sparse_lr=0.01, presampling=True, hot_threshold=0.1)
start graph service on server 13 for part 0
Server is waiting for connections on [172.31.20.34:30063]...
Server (13) shutdown.
Server is exiting...
Namespace(cache_server_addr='127.0.0.1', cache_server_port=32451, graph_name='ogbn-products', id=None, ip_config='ip_config4.txt', part_config=None, n_classes=None, num_gpus=8, num_epochs=20, num_hidden=256, fan_out='5,10,15', batch_size=1000, batch_size_eval=100000, log_every=20, eval_every=1, lr=0.003, dropout=0.5, local_rank=None, standalone=False, sparse_lr=0.01, presampling=True, hot_threshold=0.1)
start graph service on server 12 for part 0
Server is waiting for connections on [172.31.20.34:30062]...
Server (12) shutdown.
Server is exiting...
Namespace(cache_server_addr='127.0.0.1', cache_server_port=32451, graph_name='ogbn-products', id=None, ip_config='ip_config4.txt', part_config=None, n_classes=None, num_gpus=8, num_epochs=20, num_hidden=256, fan_out='5,10,15', batch_size=1000, batch_size_eval=100000, log_every=20, eval_every=1, lr=0.003, dropout=0.5, local_rank=None, standalone=False, sparse_lr=0.01, presampling=True, hot_threshold=0.1)
start graph service on server 25 for part 1
Server is waiting for connections on [172.31.25.229:30059]...
Server (25) shutdown.
Server is exiting...
Namespace(cache_server_addr='127.0.0.1', cache_server_port=32451, graph_name='ogbn-products', id=None, ip_config='ip_config4.txt', part_config=None, n_classes=None, num_gpus=8, num_epochs=20, num_hidden=256, fan_out='5,10,15', batch_size=1000, batch_size_eval=100000, log_every=20, eval_every=1, lr=0.003, dropout=0.5, local_rank=None, standalone=False, sparse_lr=0.01, presampling=True, hot_threshold=0.1)
start graph service on server 40 for part 2
Server is waiting for connections on [172.31.20.203:30058]...
Server (40) shutdown.
Server is exiting...
Namespace(cache_server_addr='127.0.0.1', cache_server_port=32451, graph_name='ogbn-products', id=None, ip_config='ip_config4.txt', part_config=None, n_classes=None, num_gpus=8, num_epochs=20, num_hidden=256, fan_out='5,10,15', batch_size=1000, batch_size_eval=100000, log_every=20, eval_every=1, lr=0.003, dropout=0.5, local_rank=None, standalone=False, sparse_lr=0.01, presampling=True, hot_threshold=0.1)
start graph service on server 28 for part 1
Server is waiting for connections on [172.31.25.229:30062]...
Server (28) shutdown.
Server is exiting...
Namespace(cache_server_addr='127.0.0.1', cache_server_port=32451, graph_name='ogbn-products', id=None, ip_config='ip_config4.txt', part_config=None, n_classes=None, num_gpus=8, num_epochs=20, num_hidden=256, fan_out='5,10,15', batch_size=1000, batch_size_eval=100000, log_every=20, eval_every=1, lr=0.003, dropout=0.5, local_rank=None, standalone=False, sparse_lr=0.01, presampling=True, hot_threshold=0.1)
start graph service on server 43 for part 2
Server is waiting for connections on [172.31.20.203:30061]...
Server (43) shutdown.
Server is exiting...
Namespace(cache_server_addr='127.0.0.1', cache_server_port=32451, graph_name='ogbn-products', id=None, ip_config='ip_config4.txt', part_config=None, n_classes=None, num_gpus=8, num_epochs=20, num_hidden=256, fan_out='5,10,15', batch_size=1000, batch_size_eval=100000, log_every=20, eval_every=1, lr=0.003, dropout=0.5, local_rank=None, standalone=False, sparse_lr=0.01, presampling=True, hot_threshold=0.1)
start graph service on server 41 for part 2
Server is waiting for connections on [172.31.20.203:30059]...
Server (41) shutdown.
Server is exiting...
Namespace(cache_server_addr='127.0.0.1', cache_server_port=32451, graph_name='ogbn-products', id=None, ip_config='ip_config4.txt', part_config=None, n_classes=None, num_gpus=8, num_epochs=20, num_hidden=256, fan_out='5,10,15', batch_size=1000, batch_size_eval=100000, log_every=20, eval_every=1, lr=0.003, dropout=0.5, local_rank=None, standalone=False, sparse_lr=0.01, presampling=True, hot_threshold=0.1)
start graph service on server 17 for part 1
Server is waiting for connections on [172.31.25.229:30051]...
Server (17) shutdown.
Server is exiting...
Namespace(cache_server_addr='127.0.0.1', cache_server_port=32451, graph_name='ogbn-products', id=None, ip_config='ip_config4.txt', part_config=None, n_classes=None, num_gpus=8, num_epochs=20, num_hidden=256, fan_out='5,10,15', batch_size=1000, batch_size_eval=100000, log_every=20, eval_every=1, lr=0.003, dropout=0.5, local_rank=None, standalone=False, sparse_lr=0.01, presampling=True, hot_threshold=0.1)
start graph service on server 23 for part 1
Server is waiting for connections on [172.31.25.229:30057]...
Server (23) shutdown.
Server is exiting...
Namespace(cache_server_addr='127.0.0.1', cache_server_port=32451, graph_name='ogbn-products', id=None, ip_config='ip_config4.txt', part_config=None, n_classes=None, num_gpus=8, num_epochs=20, num_hidden=256, fan_out='5,10,15', batch_size=1000, batch_size_eval=100000, log_every=20, eval_every=1, lr=0.003, dropout=0.5, local_rank=None, standalone=False, sparse_lr=0.01, presampling=True, hot_threshold=0.1)
start graph service on server 34 for part 2
Server is waiting for connections on [172.31.20.203:30052]...
Server (34) shutdown.
Server is exiting...
Namespace(cache_server_addr='127.0.0.1', cache_server_port=32451, graph_name='ogbn-products', id=None, ip_config='ip_config4.txt', part_config=None, n_classes=None, num_gpus=8, num_epochs=20, num_hidden=256, fan_out='5,10,15', batch_size=1000, batch_size_eval=100000, log_every=20, eval_every=1, lr=0.003, dropout=0.5, local_rank=None, standalone=False, sparse_lr=0.01, presampling=True, hot_threshold=0.1)
start graph service on server 21 for part 1
Server is waiting for connections on [172.31.25.229:30055]...
Server (21) shutdown.
Server is exiting...
Namespace(cache_server_addr='127.0.0.1', cache_server_port=32451, graph_name='ogbn-products', id=None, ip_config='ip_config4.txt', part_config=None, n_classes=None, num_gpus=8, num_epochs=20, num_hidden=256, fan_out='5,10,15', batch_size=1000, batch_size_eval=100000, log_every=20, eval_every=1, lr=0.003, dropout=0.5, local_rank=None, standalone=False, sparse_lr=0.01, presampling=True, hot_threshold=0.1)
start graph service on server 22 for part 1
Server is waiting for connections on [172.31.25.229:30056]...
Server (22) shutdown.
Server is exiting...
Namespace(cache_server_addr='127.0.0.1', cache_server_port=32451, graph_name='ogbn-products', id=None, ip_config='ip_config4.txt', part_config=None, n_classes=None, num_gpus=8, num_epochs=20, num_hidden=256, fan_out='5,10,15', batch_size=1000, batch_size_eval=100000, log_every=20, eval_every=1, lr=0.003, dropout=0.5, local_rank=None, standalone=False, sparse_lr=0.01, presampling=True, hot_threshold=0.1)
start graph service on server 31 for part 1
Server is waiting for connections on [172.31.25.229:30065]...
Server (31) shutdown.
Server is exiting...
Namespace(cache_server_addr='127.0.0.1', cache_server_port=32451, graph_name='ogbn-products', id=None, ip_config='ip_config4.txt', part_config=None, n_classes=None, num_gpus=8, num_epochs=20, num_hidden=256, fan_out='5,10,15', batch_size=1000, batch_size_eval=100000, log_every=20, eval_every=1, lr=0.003, dropout=0.5, local_rank=None, standalone=False, sparse_lr=0.01, presampling=True, hot_threshold=0.1)
start graph service on server 19 for part 1
Server is waiting for connections on [172.31.25.229:30053]...
Server (19) shutdown.
Server is exiting...
Namespace(cache_server_addr='127.0.0.1', cache_server_port=32451, graph_name='ogbn-products', id=None, ip_config='ip_config4.txt', part_config=None, n_classes=None, num_gpus=8, num_epochs=20, num_hidden=256, fan_out='5,10,15', batch_size=1000, batch_size_eval=100000, log_every=20, eval_every=1, lr=0.003, dropout=0.5, local_rank=None, standalone=False, sparse_lr=0.01, presampling=True, hot_threshold=0.1)
start graph service on server 36 for part 2
Server is waiting for connections on [172.31.20.203:30054]...
Server (36) shutdown.
Server is exiting...
Namespace(cache_server_addr='127.0.0.1', cache_server_port=32451, graph_name='ogbn-products', id=None, ip_config='ip_config4.txt', part_config=None, n_classes=None, num_gpus=8, num_epochs=20, num_hidden=256, fan_out='5,10,15', batch_size=1000, batch_size_eval=100000, log_every=20, eval_every=1, lr=0.003, dropout=0.5, local_rank=None, standalone=False, sparse_lr=0.01, presampling=True, hot_threshold=0.1)
start graph service on server 44 for part 2
Server is waiting for connections on [172.31.20.203:30062]...
Server (44) shutdown.
Server is exiting...
Namespace(cache_server_addr='127.0.0.1', cache_server_port=32451, graph_name='ogbn-products', id=None, ip_config='ip_config4.txt', part_config=None, n_classes=None, num_gpus=8, num_epochs=20, num_hidden=256, fan_out='5,10,15', batch_size=1000, batch_size_eval=100000, log_every=20, eval_every=1, lr=0.003, dropout=0.5, local_rank=None, standalone=False, sparse_lr=0.01, presampling=True, hot_threshold=0.1)
start graph service on server 42 for part 2
Server is waiting for connections on [172.31.20.203:30060]...
Server (42) shutdown.
Server is exiting...
Namespace(cache_server_addr='127.0.0.1', cache_server_port=32451, graph_name='ogbn-products', id=None, ip_config='ip_config4.txt', part_config=None, n_classes=None, num_gpus=8, num_epochs=20, num_hidden=256, fan_out='5,10,15', batch_size=1000, batch_size_eval=100000, log_every=20, eval_every=1, lr=0.003, dropout=0.5, local_rank=None, standalone=False, sparse_lr=0.01, presampling=True, hot_threshold=0.1)
start graph service on server 20 for part 1
Server is waiting for connections on [172.31.25.229:30054]...
Server (20) shutdown.
Server is exiting...
Namespace(cache_server_addr='127.0.0.1', cache_server_port=32451, graph_name='ogbn-products', id=None, ip_config='ip_config4.txt', part_config=None, n_classes=None, num_gpus=8, num_epochs=20, num_hidden=256, fan_out='5,10,15', batch_size=1000, batch_size_eval=100000, log_every=20, eval_every=1, lr=0.003, dropout=0.5, local_rank=None, standalone=False, sparse_lr=0.01, presampling=True, hot_threshold=0.1)
start graph service on server 26 for part 1
Server is waiting for connections on [172.31.25.229:30060]...
Server (26) shutdown.
Server is exiting...
Namespace(cache_server_addr='127.0.0.1', cache_server_port=32451, graph_name='ogbn-products', id=None, ip_config='ip_config4.txt', part_config=None, n_classes=None, num_gpus=8, num_epochs=20, num_hidden=256, fan_out='5,10,15', batch_size=1000, batch_size_eval=100000, log_every=20, eval_every=1, lr=0.003, dropout=0.5, local_rank=None, standalone=False, sparse_lr=0.01, presampling=True, hot_threshold=0.1)
start graph service on server 18 for part 1
Server is waiting for connections on [172.31.25.229:30052]...
Server (18) shutdown.
Server is exiting...
Namespace(cache_server_addr='127.0.0.1', cache_server_port=32451, graph_name='ogbn-products', id=None, ip_config='ip_config4.txt', part_config=None, n_classes=None, num_gpus=8, num_epochs=20, num_hidden=256, fan_out='5,10,15', batch_size=1000, batch_size_eval=100000, log_every=20, eval_every=1, lr=0.003, dropout=0.5, local_rank=None, standalone=False, sparse_lr=0.01, presampling=True, hot_threshold=0.1)
start graph service on server 30 for part 1
Server is waiting for connections on [172.31.25.229:30064]...
Server (30) shutdown.
Server is exiting...
Namespace(cache_server_addr='127.0.0.1', cache_server_port=32451, graph_name='ogbn-products', id=None, ip_config='ip_config4.txt', part_config=None, n_classes=None, num_gpus=8, num_epochs=20, num_hidden=256, fan_out='5,10,15', batch_size=1000, batch_size_eval=100000, log_every=20, eval_every=1, lr=0.003, dropout=0.5, local_rank=None, standalone=False, sparse_lr=0.01, presampling=True, hot_threshold=0.1)
start graph service on server 24 for part 1
Server is waiting for connections on [172.31.25.229:30058]...
Server (24) shutdown.
Server is exiting...
Namespace(cache_server_addr='127.0.0.1', cache_server_port=32451, graph_name='ogbn-products', id=None, ip_config='ip_config4.txt', part_config=None, n_classes=None, num_gpus=8, num_epochs=20, num_hidden=256, fan_out='5,10,15', batch_size=1000, batch_size_eval=100000, log_every=20, eval_every=1, lr=0.003, dropout=0.5, local_rank=None, standalone=False, sparse_lr=0.01, presampling=True, hot_threshold=0.1)
start graph service on server 27 for part 1
Server is waiting for connections on [172.31.25.229:30061]...
Server (27) shutdown.
Server is exiting...
Namespace(cache_server_addr='127.0.0.1', cache_server_port=32451, graph_name='ogbn-products', id=None, ip_config='ip_config4.txt', part_config=None, n_classes=None, num_gpus=8, num_epochs=20, num_hidden=256, fan_out='5,10,15', batch_size=1000, batch_size_eval=100000, log_every=20, eval_every=1, lr=0.003, dropout=0.5, local_rank=None, standalone=False, sparse_lr=0.01, presampling=True, hot_threshold=0.1)
start graph service on server 29 for part 1
Server is waiting for connections on [172.31.25.229:30063]...
Server (29) shutdown.
Server is exiting...
Namespace(cache_server_addr='127.0.0.1', cache_server_port=32451, graph_name='ogbn-products', id=None, ip_config='ip_config4.txt', part_config=None, n_classes=None, num_gpus=8, num_epochs=20, num_hidden=256, fan_out='5,10,15', batch_size=1000, batch_size_eval=100000, log_every=20, eval_every=1, lr=0.003, dropout=0.5, local_rank=None, standalone=False, sparse_lr=0.01, presampling=True, hot_threshold=0.1)
start graph service on server 33 for part 2
Server is waiting for connections on [172.31.20.203:30051]...
Server (33) shutdown.
Server is exiting...
Namespace(cache_server_addr='127.0.0.1', cache_server_port=32451, graph_name='ogbn-products', id=None, ip_config='ip_config4.txt', part_config=None, n_classes=None, num_gpus=8, num_epochs=20, num_hidden=256, fan_out='5,10,15', batch_size=1000, batch_size_eval=100000, log_every=20, eval_every=1, lr=0.003, dropout=0.5, local_rank=None, standalone=False, sparse_lr=0.01, presampling=True, hot_threshold=0.1)
start graph service on server 45 for part 2
Server is waiting for connections on [172.31.20.203:30063]...
Server (45) shutdown.
Server is exiting...
Client [150265] waits on 172.31.20.203:35775
Machine (2) group (0) client (2) connect to server successfuly!
Client[2] in group[0] is exiting...
Client [150261] waits on 172.31.20.203:37805
Machine (2) group (0) client (3) connect to server successfuly!
Client[3] in group[0] is exiting...
Client [150263] waits on 172.31.20.203:44583
Machine (2) group (0) client (6) connect to server successfuly!
Client[6] in group[0] is exiting...
Client [148557] waits on 172.31.24.75:33615
Machine (3) group (0) client (32) connect to server successfuly!
Client[32] in group[0] is exiting...
Client [150538] waits on 172.31.20.203:34377
Machine (2) group (0) client (0) connect to server successfuly!
Client[0] in group[0] is exiting...
Client [150129] waits on 172.31.20.203:54343
Machine (2) group (0) client (15) connect to server successfuly!
Client[15] in group[0] is exiting...
Client [150128] waits on 172.31.20.203:53027
Machine (2) group (0) client (14) connect to server successfuly!
Client[14] in group[0] is exiting...
Client [149054] waits on 172.31.24.75:36163
Machine (3) group (0) client (34) connect to server successfuly!
Client[34] in group[0] is exiting...
Client [540197] waits on 172.31.20.34:41495
Machine (0) group (0) client (22) connect to server successfuly!
Client[22] in group[0] is exiting...
Client [148563] waits on 172.31.24.75:55969
Machine (3) group (0) client (47) connect to server successfuly!
Client[47] in group[0] is exiting...
Client [540199] waits on 172.31.20.34:41747
Machine (0) group (0) client (23) connect to server successfuly!
Client[23] in group[0] is exiting...
Client [540328] waits on 172.31.20.34:51855
Machine (0) group (0) client (28) connect to server successfuly!
Client[28] in group[0] is exiting...
Client [150264] waits on 172.31.20.203:38675
Machine (2) group (0) client (4) connect to server successfuly!
Client[4] in group[0] is exiting...
Client [148629] waits on 172.31.24.75:45137
Machine (3) group (0) client (38) connect to server successfuly!
Client[38] in group[0] is exiting...
Client [148887] waits on 172.31.24.75:47991
Machine (3) group (0) client (42) connect to server successfuly!
Client[42] in group[0] is exiting...
Client [148628] waits on 172.31.24.75:52205
Machine (3) group (0) client (45) connect to server successfuly!
Client[45] in group[0] is exiting...
Client [540130] waits on 172.31.20.34:33151
Machine (0) group (0) client (17) connect to server successfuly!
Client[17] in group[0] is exiting...
Client [540365] waits on 172.31.20.34:32909
Machine (0) group (0) client (16) connect to server successfuly!
Client[16] in group[0] is exiting...
Client [540464] waits on 172.31.20.34:36759
Machine (0) group (0) client (21) connect to server successfuly!
Client[21] in group[0] is exiting...
Client [148953] waits on 172.31.24.75:51671
Machine (3) group (0) client (44) connect to server successfuly!
Client[44] in group[0] is exiting...
Client [161286] waits on 172.31.25.229:48977
Machine (1) group (0) client (55) connect to server successfuly!
Client[55] in group[0] is exiting...
Client [161290] waits on 172.31.25.229:58923
Machine (1) group (0) client (63) connect to server successfuly!
Client[63] in group[0] is exiting...
Client [161584] waits on 172.31.25.229:53651
Machine (1) group (0) client (61) connect to server successfuly!
Client[61] in group[0] is exiting...
Client [161089] waits on 172.31.25.229:39621
Machine (1) group (0) client (51) connect to server successfuly!
Client[51] in group[0] is exiting...
Client [540435] waits on 172.31.20.34:35441
Machine (0) group (0) client (19) connect to server successfuly!
Client[19] in group[0] is exiting...
Client [161288] waits on 172.31.25.229:49091
Machine (1) group (0) client (56) connect to server successfuly!
Client[56] in group[0] is exiting...
Client [161088] waits on 172.31.25.229:57273
Machine (1) group (0) client (62) connect to server successfuly!
Client[62] in group[0] is exiting...
Client [161219] waits on 172.31.25.229:53199
Machine (1) group (0) client (60) connect to server successfuly!
Client[60] in group[0] is exiting...
Client [148562] waits on 172.31.24.75:42813
Machine (3) group (0) client (36) connect to server successfuly!
Client[36] in group[0] is exiting...
Client [150061] waits on 172.31.20.203:42117
Machine (2) group (0) client (5) connect to server successfuly!
Client[5] in group[0] is exiting...
Client [540398] waits on 172.31.20.34:51583
Machine (0) group (0) client (27) connect to server successfuly!
Client[27] in group[0] is exiting...
Client [161419] waits on 172.31.25.229:38251
Machine (1) group (0) client (50) connect to server successfuly!
Client[50] in group[0] is exiting...
cleanup process runs
