The number of OMP threads per trainer is set to 6
Namespace(cache_server_addr='127.0.0.1', cache_server_port=32451, graph_name='ogbn-products', id=None, ip_config='ip_config4.txt', part_config=None, n_classes=None, num_gpus=8, num_epochs=20, num_hidden=256, fan_out='5,10,15', batch_size=1000, batch_size_eval=100000, log_every=20, eval_every=1, lr=0.003, dropout=0.5, local_rank=None, standalone=False, sparse_lr=0.01, presampling=True, hot_threshold=0.8, emb_cache_rate=0.2)
Namespace(cache_server_addr='127.0.0.1', cache_server_port=32451, graph_name='ogbn-products', id=None, ip_config='ip_config4.txt', part_config=None, n_classes=None, num_gpus=8, num_epochs=20, num_hidden=256, fan_out='5,10,15', batch_size=1000, batch_size_eval=100000, log_every=20, eval_every=1, lr=0.003, dropout=0.5, local_rank=None, standalone=False, sparse_lr=0.01, presampling=True, hot_threshold=0.8, emb_cache_rate=0.2)
Namespace(cache_server_addr='127.0.0.1', cache_server_port=32451, graph_name='ogbn-products', id=None, ip_config='ip_config4.txt', part_config=None, n_classes=None, num_gpus=8, num_epochs=20, num_hidden=256, fan_out='5,10,15', batch_size=1000, batch_size_eval=100000, log_every=20, eval_every=1, lr=0.003, dropout=0.5, local_rank=None, standalone=False, sparse_lr=0.01, presampling=True, hot_threshold=0.8, emb_cache_rate=0.2)
Namespace(cache_server_addr='127.0.0.1', cache_server_port=32451, graph_name='ogbn-products', id=None, ip_config='ip_config4.txt', part_config=None, n_classes=None, num_gpus=8, num_epochs=20, num_hidden=256, fan_out='5,10,15', batch_size=1000, batch_size_eval=100000, log_every=20, eval_every=1, lr=0.003, dropout=0.5, local_rank=None, standalone=False, sparse_lr=0.01, presampling=True, hot_threshold=0.8, emb_cache_rate=0.2)
Namespace(cache_server_addr='127.0.0.1', cache_server_port=32451, graph_name='ogbn-products', id=None, ip_config='ip_config4.txt', part_config=None, n_classes=None, num_gpus=8, num_epochs=20, num_hidden=256, fan_out='5,10,15', batch_size=1000, batch_size_eval=100000, log_every=20, eval_every=1, lr=0.003, dropout=0.5, local_rank=None, standalone=False, sparse_lr=0.01, presampling=True, hot_threshold=0.8, emb_cache_rate=0.2)
Namespace(cache_server_addr='127.0.0.1', cache_server_port=32451, graph_name='ogbn-products', id=None, ip_config='ip_config4.txt', part_config=None, n_classes=None, num_gpus=8, num_epochs=20, num_hidden=256, fan_out='5,10,15', batch_size=1000, batch_size_eval=100000, log_every=20, eval_every=1, lr=0.003, dropout=0.5, local_rank=None, standalone=False, sparse_lr=0.01, presampling=True, hot_threshold=0.8, emb_cache_rate=0.2)
Namespace(cache_server_addr='127.0.0.1', cache_server_port=32451, graph_name='ogbn-products', id=None, ip_config='ip_config4.txt', part_config=None, n_classes=None, num_gpus=8, num_epochs=20, num_hidden=256, fan_out='5,10,15', batch_size=1000, batch_size_eval=100000, log_every=20, eval_every=1, lr=0.003, dropout=0.5, local_rank=None, standalone=False, sparse_lr=0.01, presampling=True, hot_threshold=0.8, emb_cache_rate=0.2)
Namespace(cache_server_addr='127.0.0.1', cache_server_port=32451, graph_name='ogbn-products', id=None, ip_config='ip_config4.txt', part_config=None, n_classes=None, num_gpus=8, num_epochs=20, num_hidden=256, fan_out='5,10,15', batch_size=1000, batch_size_eval=100000, log_every=20, eval_every=1, lr=0.003, dropout=0.5, local_rank=None, standalone=False, sparse_lr=0.01, presampling=True, hot_threshold=0.8, emb_cache_rate=0.2)
Namespace(cache_server_addr='127.0.0.1', cache_server_port=32451, graph_name='ogbn-products', id=None, ip_config='ip_config4.txt', part_config=None, n_classes=None, num_gpus=8, num_epochs=20, num_hidden=256, fan_out='5,10,15', batch_size=1000, batch_size_eval=100000, log_every=20, eval_every=1, lr=0.003, dropout=0.5, local_rank=None, standalone=False, sparse_lr=0.01, presampling=True, hot_threshold=0.8, emb_cache_rate=0.2)
Namespace(cache_server_addr='127.0.0.1', cache_server_port=32451, graph_name='ogbn-products', id=None, ip_config='ip_config4.txt', part_config=None, n_classes=None, num_gpus=8, num_epochs=20, num_hidden=256, fan_out='5,10,15', batch_size=1000, batch_size_eval=100000, log_every=20, eval_every=1, lr=0.003, dropout=0.5, local_rank=None, standalone=False, sparse_lr=0.01, presampling=True, hot_threshold=0.8, emb_cache_rate=0.2)
Namespace(cache_server_addr='127.0.0.1', cache_server_port=32451, graph_name='ogbn-products', id=None, ip_config='ip_config4.txt', part_config=None, n_classes=None, num_gpus=8, num_epochs=20, num_hidden=256, fan_out='5,10,15', batch_size=1000, batch_size_eval=100000, log_every=20, eval_every=1, lr=0.003, dropout=0.5, local_rank=None, standalone=False, sparse_lr=0.01, presampling=True, hot_threshold=0.8, emb_cache_rate=0.2)
Namespace(cache_server_addr='127.0.0.1', cache_server_port=32451, graph_name='ogbn-products', id=None, ip_config='ip_config4.txt', part_config=None, n_classes=None, num_gpus=8, num_epochs=20, num_hidden=256, fan_out='5,10,15', batch_size=1000, batch_size_eval=100000, log_every=20, eval_every=1, lr=0.003, dropout=0.5, local_rank=None, standalone=False, sparse_lr=0.01, presampling=True, hot_threshold=0.8, emb_cache_rate=0.2)
Namespace(cache_server_addr='127.0.0.1', cache_server_port=32451, graph_name='ogbn-products', id=None, ip_config='ip_config4.txt', part_config=None, n_classes=None, num_gpus=8, num_epochs=20, num_hidden=256, fan_out='5,10,15', batch_size=1000, batch_size_eval=100000, log_every=20, eval_every=1, lr=0.003, dropout=0.5, local_rank=None, standalone=False, sparse_lr=0.01, presampling=True, hot_threshold=0.8, emb_cache_rate=0.2)
Namespace(cache_server_addr='127.0.0.1', cache_server_port=32451, graph_name='ogbn-products', id=None, ip_config='ip_config4.txt', part_config=None, n_classes=None, num_gpus=8, num_epochs=20, num_hidden=256, fan_out='5,10,15', batch_size=1000, batch_size_eval=100000, log_every=20, eval_every=1, lr=0.003, dropout=0.5, local_rank=None, standalone=False, sparse_lr=0.01, presampling=True, hot_threshold=0.8, emb_cache_rate=0.2)
Namespace(cache_server_addr='127.0.0.1', cache_server_port=32451, graph_name='ogbn-products', id=None, ip_config='ip_config4.txt', part_config=None, n_classes=None, num_gpus=8, num_epochs=20, num_hidden=256, fan_out='5,10,15', batch_size=1000, batch_size_eval=100000, log_every=20, eval_every=1, lr=0.003, dropout=0.5, local_rank=None, standalone=False, sparse_lr=0.01, presampling=True, hot_threshold=0.8, emb_cache_rate=0.2)
Namespace(cache_server_addr='127.0.0.1', cache_server_port=32451, graph_name='ogbn-products', id=None, ip_config='ip_config4.txt', part_config=None, n_classes=None, num_gpus=8, num_epochs=20, num_hidden=256, fan_out='5,10,15', batch_size=1000, batch_size_eval=100000, log_every=20, eval_every=1, lr=0.003, dropout=0.5, local_rank=None, standalone=False, sparse_lr=0.01, presampling=True, hot_threshold=0.8, emb_cache_rate=0.2)
Namespace(cache_server_addr='127.0.0.1', cache_server_port=32451, graph_name='ogbn-products', id=None, ip_config='ip_config4.txt', part_config=None, n_classes=None, num_gpus=8, num_epochs=20, num_hidden=256, fan_out='5,10,15', batch_size=1000, batch_size_eval=100000, log_every=20, eval_every=1, lr=0.003, dropout=0.5, local_rank=None, standalone=False, sparse_lr=0.01, presampling=True, hot_threshold=0.8, emb_cache_rate=0.2)
Namespace(cache_server_addr='127.0.0.1', cache_server_port=32451, graph_name='ogbn-products', id=None, ip_config='ip_config4.txt', part_config=None, n_classes=None, num_gpus=8, num_epochs=20, num_hidden=256, fan_out='5,10,15', batch_size=1000, batch_size_eval=100000, log_every=20, eval_every=1, lr=0.003, dropout=0.5, local_rank=None, standalone=False, sparse_lr=0.01, presampling=True, hot_threshold=0.8, emb_cache_rate=0.2)
Namespace(cache_server_addr='127.0.0.1', cache_server_port=32451, graph_name='ogbn-products', id=None, ip_config='ip_config4.txt', part_config=None, n_classes=None, num_gpus=8, num_epochs=20, num_hidden=256, fan_out='5,10,15', batch_size=1000, batch_size_eval=100000, log_every=20, eval_every=1, lr=0.003, dropout=0.5, local_rank=None, standalone=False, sparse_lr=0.01, presampling=True, hot_threshold=0.8, emb_cache_rate=0.2)
Namespace(cache_server_addr='127.0.0.1', cache_server_port=32451, graph_name='ogbn-products', id=None, ip_config='ip_config4.txt', part_config=None, n_classes=None, num_gpus=8, num_epochs=20, num_hidden=256, fan_out='5,10,15', batch_size=1000, batch_size_eval=100000, log_every=20, eval_every=1, lr=0.003, dropout=0.5, local_rank=None, standalone=False, sparse_lr=0.01, presampling=True, hot_threshold=0.8, emb_cache_rate=0.2)
Namespace(cache_server_addr='127.0.0.1', cache_server_port=32451, graph_name='ogbn-products', id=None, ip_config='ip_config4.txt', part_config=None, n_classes=None, num_gpus=8, num_epochs=20, num_hidden=256, fan_out='5,10,15', batch_size=1000, batch_size_eval=100000, log_every=20, eval_every=1, lr=0.003, dropout=0.5, local_rank=None, standalone=False, sparse_lr=0.01, presampling=True, hot_threshold=0.8, emb_cache_rate=0.2)
Namespace(cache_server_addr='127.0.0.1', cache_server_port=32451, graph_name='ogbn-products', id=None, ip_config='ip_config4.txt', part_config=None, n_classes=None, num_gpus=8, num_epochs=20, num_hidden=256, fan_out='5,10,15', batch_size=1000, batch_size_eval=100000, log_every=20, eval_every=1, lr=0.003, dropout=0.5, local_rank=None, standalone=False, sparse_lr=0.01, presampling=True, hot_threshold=0.8, emb_cache_rate=0.2)
Namespace(cache_server_addr='127.0.0.1', cache_server_port=32451, graph_name='ogbn-products', id=None, ip_config='ip_config4.txt', part_config=None, n_classes=None, num_gpus=8, num_epochs=20, num_hidden=256, fan_out='5,10,15', batch_size=1000, batch_size_eval=100000, log_every=20, eval_every=1, lr=0.003, dropout=0.5, local_rank=None, standalone=False, sparse_lr=0.01, presampling=True, hot_threshold=0.8, emb_cache_rate=0.2)
Namespace(cache_server_addr='127.0.0.1', cache_server_port=32451, graph_name='ogbn-products', id=None, ip_config='ip_config4.txt', part_config=None, n_classes=None, num_gpus=8, num_epochs=20, num_hidden=256, fan_out='5,10,15', batch_size=1000, batch_size_eval=100000, log_every=20, eval_every=1, lr=0.003, dropout=0.5, local_rank=None, standalone=False, sparse_lr=0.01, presampling=True, hot_threshold=0.8, emb_cache_rate=0.2)
Namespace(cache_server_addr='127.0.0.1', cache_server_port=32451, graph_name='ogbn-products', id=None, ip_config='ip_config4.txt', part_config=None, n_classes=None, num_gpus=8, num_epochs=20, num_hidden=256, fan_out='5,10,15', batch_size=1000, batch_size_eval=100000, log_every=20, eval_every=1, lr=0.003, dropout=0.5, local_rank=None, standalone=False, sparse_lr=0.01, presampling=True, hot_threshold=0.8, emb_cache_rate=0.2)
Namespace(cache_server_addr='127.0.0.1', cache_server_port=32451, graph_name='ogbn-products', id=None, ip_config='ip_config4.txt', part_config=None, n_classes=None, num_gpus=8, num_epochs=20, num_hidden=256, fan_out='5,10,15', batch_size=1000, batch_size_eval=100000, log_every=20, eval_every=1, lr=0.003, dropout=0.5, local_rank=None, standalone=False, sparse_lr=0.01, presampling=True, hot_threshold=0.8, emb_cache_rate=0.2)
Namespace(cache_server_addr='127.0.0.1', cache_server_port=32451, graph_name='ogbn-products', id=None, ip_config='ip_config4.txt', part_config=None, n_classes=None, num_gpus=8, num_epochs=20, num_hidden=256, fan_out='5,10,15', batch_size=1000, batch_size_eval=100000, log_every=20, eval_every=1, lr=0.003, dropout=0.5, local_rank=None, standalone=False, sparse_lr=0.01, presampling=True, hot_threshold=0.8, emb_cache_rate=0.2)
Namespace(cache_server_addr='127.0.0.1', cache_server_port=32451, graph_name='ogbn-products', id=None, ip_config='ip_config4.txt', part_config=None, n_classes=None, num_gpus=8, num_epochs=20, num_hidden=256, fan_out='5,10,15', batch_size=1000, batch_size_eval=100000, log_every=20, eval_every=1, lr=0.003, dropout=0.5, local_rank=None, standalone=False, sparse_lr=0.01, presampling=True, hot_threshold=0.8, emb_cache_rate=0.2)
Namespace(cache_server_addr='127.0.0.1', cache_server_port=32451, graph_name='ogbn-products', id=None, ip_config='ip_config4.txt', part_config=None, n_classes=None, num_gpus=8, num_epochs=20, num_hidden=256, fan_out='5,10,15', batch_size=1000, batch_size_eval=100000, log_every=20, eval_every=1, lr=0.003, dropout=0.5, local_rank=None, standalone=False, sparse_lr=0.01, presampling=True, hot_threshold=0.8, emb_cache_rate=0.2)
Namespace(cache_server_addr='127.0.0.1', cache_server_port=32451, graph_name='ogbn-products', id=None, ip_config='ip_config4.txt', part_config=None, n_classes=None, num_gpus=8, num_epochs=20, num_hidden=256, fan_out='5,10,15', batch_size=1000, batch_size_eval=100000, log_every=20, eval_every=1, lr=0.003, dropout=0.5, local_rank=None, standalone=False, sparse_lr=0.01, presampling=True, hot_threshold=0.8, emb_cache_rate=0.2)
Namespace(cache_server_addr='127.0.0.1', cache_server_port=32451, graph_name='ogbn-products', id=None, ip_config='ip_config4.txt', part_config=None, n_classes=None, num_gpus=8, num_epochs=20, num_hidden=256, fan_out='5,10,15', batch_size=1000, batch_size_eval=100000, log_every=20, eval_every=1, lr=0.003, dropout=0.5, local_rank=None, standalone=False, sparse_lr=0.01, presampling=True, hot_threshold=0.8, emb_cache_rate=0.2)
Namespace(cache_server_addr='127.0.0.1', cache_server_port=32451, graph_name='ogbn-products', id=None, ip_config='ip_config4.txt', part_config=None, n_classes=None, num_gpus=8, num_epochs=20, num_hidden=256, fan_out='5,10,15', batch_size=1000, batch_size_eval=100000, log_every=20, eval_every=1, lr=0.003, dropout=0.5, local_rank=None, standalone=False, sparse_lr=0.01, presampling=True, hot_threshold=0.8, emb_cache_rate=0.2)
Client [301124] waits on 172.31.25.229:57075
Client [301121] waits on 172.31.25.229:56409
Client [301123] waits on 172.31.25.229:56765
Client [301147] waits on 172.31.25.229:59919
Machine (1) group (0) client (59) connect to server successfuly!
Machine (1) group (0) client (60) connect to server successfuly!
Machine (1) group (0) client (61) connect to server successfuly!
Machine (1) group (0) client (63) connect to server successfuly!
Client [282213] waits on 172.31.20.203:48471
Client [282187] waits on 172.31.20.203:52785
Client [282188] waits on 172.31.20.203:55459
Machine (2) group (0) client (27) connect to server successfuly!
Machine (2) group (0) client (23) connect to server successfuly!
Machine (2) group (0) client (25) connect to server successfuly!
Client [282186] waits on 172.31.20.203:47043
Client [282189] waits on 172.31.20.203:53293
Machine (2) group (0) client (26) connect to server successfuly!
Client [282196] waits on 172.31.20.203:42231
Client [282207] waits on 172.31.20.203:57175
Client [287580] waits on 172.31.16.179:54635
Client [801063] waits on 172.31.20.34:41313
Client [287593] waits on 172.31.16.179:54197
Client [287603] waits on 172.31.16.179:56385
Client [287577] waits on 172.31.16.179:41013
Client [287578] waits on 172.31.16.179:40719
Client [801081] waits on 172.31.20.34:38815
Client [301122] waits on 172.31.25.229:36625
Client [301141] waits on 172.31.25.229:38359
Client [287586] waits on 172.31.16.179:49735
Client [801062] waits on 172.31.20.34:34127
Client [287576] waits on 172.31.16.179:36197
Client [287579] waits on 172.31.16.179:53083
Client [801087] waits on 172.31.20.34:40809
Client [801061] waits on 172.31.20.34:33585
Client [801070] waits on 172.31.20.34:59695
Client [801064] waits on 172.31.20.34:54087
Client [801060] waits on 172.31.20.34:57821
Client [282190] waits on 172.31.20.203:60415
Machine (3) group (0) client (14) connect to server successfuly!
Machine (3) group (0) client (12) connect to server successfuly!
Machine (3) group (0) client (4) connect to server successfuly!
Machine (3) group (0) client (5) connect to server successfuly!
Machine (3) group (0) client (13) connect to server successfuly!
Client [301130] waits on 172.31.25.229:51071
Machine (1) group (0) client (58) connect to server successfuly!
Machine (3) group (0) client (11) connect to server successfuly!Machine (3) group (0) client (10) connect to server successfuly!

Client [301120] waits on 172.31.25.229:44601
Machine (1) group (0) client (54) connect to server successfuly!
Machine (3) group (0) client (3) connect to server successfuly!
Machine (0) group (0) client (38) connect to server successfuly!
Machine (0) group (0) client (37) connect to server successfuly!
Machine (0) group (0) client (46) connect to server successfuly!
Machine (0) group (0) client (32) connect to server successfuly!
Machine (0) group (0) client (35) connect to server successfuly!
Machine (0) group (0) client (33) connect to server successfuly!
Machine (2) group (0) client (21) connect to server successfuly!
Machine (2) group (0) client (31) connect to server successfuly!
Machine (2) group (0) client (19) connect to server successfuly!
Machine (2) group (0) client (29) connect to server successfuly!
Machine (1) group (0) client (48) connect to server successfuly!
Machine (1) group (0) client (50) connect to server successfuly!
Machine (0) group (0) client (43) connect to server successfuly!
Machine (0) group (0) client (44) connect to server successfuly!
rank: 26
rank: 7
rank: 13
rank: 11
rank: 1
rank: 4
rank: 29
rank: 31
rank: 24
rank: 25
rank:rank: 14
 10rank: 
rank: 3
30
rank: 19
rank: 9
rank: 21
rank: 12
rank: rank: 16
0
rank: 23
rank: 2
rank: 27
rank: 18
rank: 6
rank: 28
rank: 5
rank: 17
rank:rank:  158

rank: 22
rank: 20
part 1, train: 6145 (local: 6145), val: 1229 (local: 1229), test: 69160 (local: 69160)
part 0, train: 6144 (local: 6144), val: 1229 (local: 1229), test: 69159 (local: 69159)
part 3, train: 6144 (local: 6144), val: 1229 (local: 1229), test: 69159 (local: 69159)
part 2, train: 6145 (local: 6145), val: 1229 (local: 1229), test: 69159 (local: 69159)
part 4, train: 6144 (local: 6144), val: 1229 (local: 1229), test: 69159 (local: 69159)
part 7, train: 6144 (local: 6144), val: 1229 (local: 1229), test: 69159 (local: 69159)
part 5, train: 6144 (local: 6144), val: 1228 (local: 1228), test: 69159 (local: 69159)
part 6, train: 6144 (local: 6144), val: 1229 (local: 1229), test: 69159 (local: 69159)
part 10, train: 6145 (local: 5999), val: 1229 (local: 1179), test: 69160 (local: 67441)
part 11, train: 6144 (local: 5995), val: 1229 (local: 1187), test: 69159 (local: 67372)
part 15, train: 6144 (local: 6014), val: 1228 (local: 1178), test: 69159 (local: 67487)
part 26, train: 6144 (local: 5933), val: 1229 (local: 1201), test: 69159 (local: 67290)
part 14, train: 6145 (local: 5984), val: 1229 (local: 1185), test: 69159 (local: 67363)
part 13, train: 6144 (local: 5992), val: 1229 (local: 1188), test: 69159 (local: 67368)
part 8, train: 6144 (local: 5989), val: 1229 (local: 1192), test: 69159 (local: 67473)
part 12, train: 6144 (local: 6007), val: 1229 (local: 1179), test: 69159 (local: 67364)
part 24, train: 6145 (local: 5929), val: 1229 (local: 1204), test: 69159 (local: 67382)
part 29, train: 6144 (local: 5958), val: 1229 (local: 1203), test: 69159 (local: 67364)
part 27, train: 6144 (local: 5950), val: 1229 (local: 1200), test: 69159 (local: 67401)
part 25, train: 6144 (local: 5952), val: 1229 (local: 1200), test: 69159 (local: 67348)
part 9, train: 6144 (local: 5997), val: 1229 (local: 1183), test: 69159 (local: 67378)
part 30, train: 6144 (local: 5925), val: 1229 (local: 1199), test: 69159 (local: 67341)
part 28, train: 6144 (local: 5939), val: 1228 (local: 1202), test: 69159 (local: 67328)
part 31, train: 6144 (local: 5946), val: 1228 (local: 1204), test: 69159 (local: 67407)
part 20, train: 6144 (local: 6057), val: 1228 (local: 1206), test: 69159 (local: 68995)
part 18, train: 6144 (local: 6034), val: 1229 (local: 1216), test: 69159 (local: 69009)
part 19, train: 6144 (local: 6041), val: 1229 (local: 1212), test: 69159 (local: 68985)
#labels: 47
part 22, train: 6144 (local: 6038), val: 1229 (local: 1211), test: 69159 (local: 68973)
part 17, train: 6144 (local: 6031), val: 1229 (local: 1204), test: 69159 (local: 68977)
part 16, train: 6145 (local: 6050), val: 1229 (local: 1203), test: 69159 (local: 68985)
part 21, train: 6145 (local: 6005), val: 1229 (local: 1212), test: 69160 (local: 68995)
part 23, train: 6144 (local: 6054), val: 1229 (local: 1208), test: 69159 (local: 69004)
#labels: 47
#labels: 47
#labels: 47
#labels: 47
#labels: 47
#labels: 47
#labels: 47
#labels: 47
#labels: 47
#labels: 47
#labels: 47
#labels: 47
#labels: 47
#labels: 47
#labels: 47
#labels: 47
#labels: 47
#labels: 47
#labels: 47
#labels: 47
#labels: 47
#labels: 47
#labels: 47
#labels: 47
#labels: 47
#labels: 47
#labels: 47
#labels: 47
#labels: 47
#labels: 47
#labels: 47
Presampling done, max: 0.996 min: 0.004 avg: 0.126
Presampling done, max: 0.996 min: 0.004 avg: 0.126
Presampling done, max: 0.996 min: 0.004 avg: 0.126
Presampling done, max: 0.996 min: 0.004 avg: 0.126
Presampling done, max: 0.996 min: 0.004 avg: 0.126
Presampling done, max: 0.996 min: 0.004 avg: 0.126
Presampling done, max: 0.996 min: 0.004 avg: 0.126
#hot_nodes = 1576
Create distemb
#hot_nodes = 1576
Create distemb
#hot_nodes = 1576
Create distemb
#hot_nodes = 1576
Create distemb
Presampling done, max: 0.996 min: 0.004 avg: 0.126
#hot_nodes = 1576
Create distemb
Presampling done, max: 0.996 min: 0.004 avg: 0.126
#hot_nodes = 1576
Create distemb
#hot_nodes = 1576
Create distemb
Presampling done, max: 0.996 min: 0.004 avg: 0.126
Presampling done, max: 0.996 min: 0.004 avg: 0.126
Presampling done, max: 0.996 min: 0.004 avg: 0.126
Presampling done, max: 0.996 min: 0.004 avg: 0.126
Presampling done, max: 0.996 min: 0.004 avg: 0.126
Presampling done, max: 0.996 min: 0.004 avg: 0.126
Presampling done, max: 0.996 min: 0.004 avg: 0.126
#hot_nodes = 1576
Create distemb
Presampling done, max: 0.996 min: 0.004 avg: 0.126
Presampling done, max: 0.996 min: 0.004 avg: 0.126
#hot_nodes = 1576
Create distemb
Presampling done, max: 0.996 min: 0.004 avg: 0.126
#hot_nodes = 1576
Create distemb
#hot_nodes = 1576
Create distemb
#hot_nodes = 1576
Create distemb
#hot_nodes = 1576
Create distemb
Presampling done, max: 0.996 min: 0.004 avg: 0.126
#hot_nodes = 1576
Create distemb
#hot_nodes = 1576
Create distemb
#hot_nodes = 1576
Create distemb
#hot_nodes = 1576
Create distemb
#hot_nodes = 1576
Create distemb
Presampling done, max: 0.996 min: 0.004 avg: 0.126
Presampling done, max: 0.996 min: 0.004 avg: 0.126
Presampling done, max: 0.996 min: 0.004 avg: 0.126
#hot_nodes = 1576
Create distemb
Presampling done, max: 0.996 min: 0.004 avg: 0.126
#hot_nodes = 1576
Create distemb
Presampling done, max: 0.996 min: 0.004 avg: 0.126
#hot_nodes = 1576
Create distemb
#hot_nodes = 1576
Create distemb
#hot_nodes = 1576
Create distemb
Presampling done, max: 0.996 min: 0.004 avg: 0.126
Presampling done, max: 0.996 min: 0.004 avg: 0.126
Presampling done, max: 0.996 min: 0.004 avg: 0.126
Presampling done, max: 0.996 min: 0.004 avg: 0.126
#hot_nodes = 1576
Create distemb
Presampling done, max: 0.996 min: 0.004 avg: 0.126
#hot_nodes = 1576
Create distemb
#hot_nodes = 1576
Create distemb
#hot_nodes = 1576
Create distemb
Presampling done, max: 0.996 min: 0.004 avg: 0.126
#hot_nodes = 1576
Create distemb
Presampling done, max: 0.996 min: 0.004 avg: 0.126
#hot_nodes = 1576
Create distemb
#hot_nodes = 1576
Create distemb
#hot_nodes = 1576
Create distemb
#hot_nodes = 1576
Create distemb
Client 2 build_connection start.
Client 2 build_connection succeed.
Client 1 build_connection start.
Client 1 build_connection succeed.
Client 7 build_connection start.
Client 7 build_connection succeed.
Client 0 build_connection start.
Client 0 build_connection succeed.
Client 7 build_connection start.
Client 7 build_connection succeed.
Client 3 build_connection start.
Client 1 build_connection start.
Client 3 build_connection succeed.
Client 1 build_connection succeed.
Client 5 build_connection start.
Client 5 build_connection succeed.
Client 3 build_connection start.
Client 3 build_connection succeed.
Client 3 build_connection start.
Client 3 build_connection succeed.
Client 2 build_connection start.
Client 2 build_connection succeed.
Client 5 build_connection start.
Client 6 build_connection start.
Client 6 build_connection start.
Client 5 build_connection succeed.
Client 6 build_connection succeed.
Client 6 build_connection succeed.
Client 1 build_connection start.
Client 1 build_connection succeed.
Client 4 build_connection start.
Client 7 build_connection start.
Client 4 build_connection succeed.
Client 7 build_connection succeed.
Client 2 build_connection start.
Client 0 build_connection start.
Client 2 build_connection succeed.
Client 0 build_connection succeed.
Client 1 build_connection start.
Client 1 build_connection succeed.
Client 6 build_connection start.
Client 6 build_connection succeed.
Client 7 build_connection start.
Client 7 build_connection succeed.
Client 3 build_connection start.
Client 3 build_connection succeed.
Client 4 build_connection start.
Client 4 build_connection succeed.
Client 5 build_connection start.
Client 5 build_connection succeed.
Client 6 build_connection start.
Client 6 build_connection succeed.
Client 0 build_connection start.
Client 5 build_connection start.
Client 0 build_connection succeed.
Client 5 build_connection succeed.
Client 2 build_connection start.
Client 2 build_connection succeed.
Client 4 build_connection start.
Client 4 build_connection succeed.
Client 0 build_connection start.
Client 0 build_connection succeed.
Client 4 build_connection start.
Client 4 build_connection succeed.
Client register_cache succeed.
Client register_cache succeed.
Client register_cache succeed.
Client register_cache succeed.
Create model
Client register_cache succeed.
Client register_cache succeed.
Create model
Client register_cache succeed.Create model

Client register_cache succeed.Create model

Create model
Create model
Create model
Create model
Client register_cache succeed.
Client register_cache succeed.Client register_cache succeed.
Client register_cache succeed.Create model


Client register_cache succeed.
Client register_cache succeed.
Client register_cache succeed.
Client register_cache succeed.
Create model
Create model
Create model
Create model
Create model
Create model
Create model
Client register_cache succeed.
Client register_cache succeed.
Client register_cache succeed.
Client register_cache succeed.
Create model
Client register_cache succeed.
Create model
Create model
Client register_cache succeed.Client register_cache succeed.

Client register_cache succeed.
Create model
Create model
Create model
Create model
Create model
Client register_cache succeed.Client register_cache succeed.

Client register_cache succeed.
Client register_cache succeed.
Client register_cache succeed.Create model

Client register_cache succeed.
Client register_cache succeed.
Create model
Client register_cache succeed.
Create modelCreate model

Create model
Create model
Create model
Create model
Create model optimizer
Create model optimizer
Create model optimizerCreate model optimizer

Create model optimizer
Create model optimizer
Create emb optimizer
Create model optimizer
Create model optimizer
Create emb optimizer
Create emb optimizer
Create model optimizer
Create emb optimizer
Create emb optimizer
Create emb optimizer
Create model optimizer
Create model optimizer
Create model optimizer
Create model optimizerCreate model optimizer

Create model optimizer
Create emb optimizer
Create emb optimizer
Create emb optimizer
Create model optimizer
Create emb optimizer
Create model optimizerCreate model optimizer

Create model optimizer
Create emb optimizer
Create model optimizer
Create emb optimizer
Create emb optimizer
Create emb optimizer
Create model optimizer
Create model optimizer
Create emb optimizer
Create model optimizer
Create emb optimizer
Create model optimizer
Create emb optimizer
Create model optimizer
Create emb optimizer
Create emb optimizer
Create emb optimizer
Create model optimizer
Create model optimizer
Create model optimizer
Create emb optimizer
Create emb optimizer
Create model optimizer
Create emb optimizer
Create emb optimizer
Create emb optimizer
Create emb optimizer
Create emb optimizer
Create emb optimizer
Create model optimizerCreate emb optimizer

Create model optimizer
Create emb optimizer
Create emb optimizer
Create model optimizer
Create emb optimizer
Start train
Start train
Start train
Start train
Start train
Start train
Start train
Start train
Start train
Start train
Start train
Start train
Start train
Start train
Start train
Start train
Start train
Start train
Start train
Start train
Start train
Start train
Start train
Start train
Start train
Start train
Start train
Start train
Start train
Start train
Start train
Start train
Part 7 | Epoch 00000 | Step 00000 | Loss 8.0416 | Train Acc 0.0100 | Speed (samples/sec) nan | GPU 1314.0 MB | time 3.414 s
Part 3 | Epoch 00000 | Step 00000 | Loss 7.7786 | Train Acc 0.0140 | Speed (samples/sec) nan | GPU 1323.0 MB | time 3.413 s
Part 2 | Epoch 00000 | Step 00000 | Loss 7.7738 | Train Acc 0.0150 | Speed (samples/sec) nan | GPU 1334.2 MB | time 3.413 s
Part 11 | Epoch 00000 | Step 00000 | Loss 7.4579 | Train Acc 0.0140 | Speed (samples/sec) nan | GPU 1391.9 MB | time 3.414 sPart 12 | Epoch 00000 | Step 00000 | Loss 7.3508 | Train Acc 0.0170 | Speed (samples/sec) nan | GPU 1441.9 MB | time 3.414 s

Part 18 | Epoch 00000 | Step 00000 | Loss 7.0787 | Train Acc 0.0210 | Speed (samples/sec) nan | GPU 1341.0 MB | time 3.413 s
Part 16 | Epoch 00000 | Step 00000 | Loss 6.8821 | Train Acc 0.0200 | Speed (samples/sec) nan | GPU 1336.8 MB | time 3.413 s
Part 13 | Epoch 00000 | Step 00000 | Loss 7.5221 | Train Acc 0.0100 | Speed (samples/sec) nan | GPU 1449.9 MB | time 3.414 s
Part 10 | Epoch 00000 | Step 00000 | Loss 7.3921 | Train Acc 0.0130 | Speed (samples/sec) nan | GPU 1373.8 MB | time 3.414 s
Part 22 | Epoch 00000 | Step 00000 | Loss 6.9760 | Train Acc 0.0190 | Speed (samples/sec) nan | GPU 1340.8 MB | time 3.413 s
Part 26 | Epoch 00000 | Step 00000 | Loss 7.8864 | Train Acc 0.0190 | Speed (samples/sec) nan | GPU 1349.0 MB | time 3.414 s
Part 25 | Epoch 00000 | Step 00000 | Loss 7.8060 | Train Acc 0.0130 | Speed (samples/sec) nan | GPU 1348.5 MB | time 3.414 s
Part 6 | Epoch 00000 | Step 00000 | Loss 7.9698 | Train Acc 0.0170 | Speed (samples/sec) nan | GPU 1365.3 MB | time 3.413 s
Part 24 | Epoch 00000 | Step 00000 | Loss 7.9680 | Train Acc 0.0120 | Speed (samples/sec) nan | GPU 1332.2 MB | time 3.414 s
Part 0 | Epoch 00000 | Step 00000 | Loss 8.0082 | Train Acc 0.0110 | Speed (samples/sec) nan | GPU 1339.4 MB | time 3.413 s
Part 28 | Epoch 00000 | Step 00000 | Loss 7.7950 | Train Acc 0.0210 | Speed (samples/sec) nan | GPU 1368.9 MB | time 3.413 s
Part 31 | Epoch 00000 | Step 00000 | Loss 7.8468 | Train Acc 0.0210 | Speed (samples/sec) nan | GPU 1350.1 MB | time 3.414 s
Part 17 | Epoch 00000 | Step 00000 | Loss 7.1261 | Train Acc 0.0200 | Speed (samples/sec) nan | GPU 1331.3 MB | time 3.413 s
Part 1 | Epoch 00000 | Step 00000 | Loss 8.0498 | Train Acc 0.0170 | Speed (samples/sec) nan | GPU 1314.3 MB | time 3.414 s
Part 4 | Epoch 00000 | Step 00000 | Loss 7.9424 | Train Acc 0.0100 | Speed (samples/sec) nan | GPU 1341.2 MB | time 3.413 s
Part 14 | Epoch 00000 | Step 00000 | Loss 7.5559 | Train Acc 0.0120 | Speed (samples/sec) nan | GPU 1392.0 MB | time 3.413 s
Part 5 | Epoch 00000 | Step 00000 | Loss 8.2219 | Train Acc 0.0090 | Speed (samples/sec) nan | GPU 1331.4 MB | time 3.413 s
Part 29 | Epoch 00000 | Step 00000 | Loss 7.9346 | Train Acc 0.0140 | Speed (samples/sec) nan | GPU 1373.5 MB | time 3.414 s
Part 9 | Epoch 00000 | Step 00000 | Loss 7.6057 | Train Acc 0.0180 | Speed (samples/sec) nan | GPU 1407.6 MB | time 3.414 s
Part 20 | Epoch 00000 | Step 00000 | Loss 7.0150 | Train Acc 0.0280 | Speed (samples/sec) nan | GPU 1340.3 MB | time 3.413 s
Part 8 | Epoch 00000 | Step 00000 | Loss 7.5529 | Train Acc 0.0160 | Speed (samples/sec) nan | GPU 1438.7 MB | time 3.413 s
Part 23 | Epoch 00000 | Step 00000 | Loss 7.0572 | Train Acc 0.0150 | Speed (samples/sec) nan | GPU 1350.6 MB | time 3.413 s
Part 19 | Epoch 00000 | Step 00000 | Loss 7.0250 | Train Acc 0.0210 | Speed (samples/sec) nan | GPU 1335.4 MB | time 3.413 s
Part 21 | Epoch 00000 | Step 00000 | Loss 7.0565 | Train Acc 0.0220 | Speed (samples/sec) nan | GPU 1309.4 MB | time 3.413 s
Part 30 | Epoch 00000 | Step 00000 | Loss 7.8711 | Train Acc 0.0140 | Speed (samples/sec) nan | GPU 1376.9 MB | time 3.414 s
Part 27 | Epoch 00000 | Step 00000 | Loss 7.9569 | Train Acc 0.0290 | Speed (samples/sec) nan | GPU 1375.1 MB | time 3.414 s
Part 15 | Epoch 00000 | Step 00000 | Loss 7.6493 | Train Acc 0.0120 | Speed (samples/sec) nan | GPU 1401.3 MB | time 3.413 s
Avg train acc 0.0164
=====================
Part 0, Epoch Time(s): 8.3143
Sampling Time(s): 0.3506
Loading Time(s): 1.7753
Forward Time(s): 0.8161
Backward Time(s): 0.3190
Update Time(s): 0.0391
Emb Update Time(s): 4.9924
#seeds: 6144
#inputs: 1935677
==========================================
Part 7, Epoch Time(s): 8.3147
Sampling Time(s): 0.3124
Loading Time(s): 1.8891
Forward Time(s): 0.7772
Backward Time(s): 0.2894
Update Time(s): 0.0601
Emb Update Time(s): 4.9724
#seeds: 6144
#inputs: 1929405
=====================

=====================
Part 4, Epoch Time(s): 8.3146
Sampling Time(s): 0.3222
Loading Time(s): 1.6706
Forward Time(s): 0.9584
Backward Time(s): 0.3164
Update Time(s): 0.0631
Emb Update Time(s): 4.9673
#seeds: 6144
#inputs: 1932270
=====================
=====================
Part 1, Epoch Time(s): 8.3155
Sampling Time(s): 0.3114
Loading Time(s): 1.9066
Forward Time(s): 0.7610
Backward Time(s): 0.2888
Update Time(s): 0.0555
Emb Update Time(s): 4.9750
#seeds: 6145
#inputs: 1932447
==========================================
Part 2, Epoch Time(s): 8.3151
Sampling Time(s): 0.3117
Loading Time(s): 1.8324
Forward Time(s): 0.8344
Backward Time(s): 0.2894
Update Time(s): 0.0611
Emb Update Time(s): 4.9706
#seeds: 6145
#inputs: 1917223
==========================================
Part 5, Epoch Time(s): 8.3150
Sampling Time(s): 0.3385
Loading Time(s): 1.8657
Forward Time(s): 0.7900
Backward Time(s): 0.2817
Update Time(s): 0.0485
Emb Update Time(s): 4.9732
#seeds: 6144
#inputs: 1923532
=====================


=====================
Part 3, Epoch Time(s): 8.3151
Sampling Time(s): 0.3503
Loading Time(s): 1.9205
Forward Time(s): 0.6791
Backward Time(s): 0.3195
Update Time(s): 0.0623
Emb Update Time(s): 4.9684
#seeds: 6144
#inputs: 1926247
=====================
=====================
Part 6, Epoch Time(s): 8.3146
Sampling Time(s): 0.3357
Loading Time(s): 1.8143
Forward Time(s): 0.8302
Backward Time(s): 0.2861
Update Time(s): 0.0394
Emb Update Time(s): 4.9923
#seeds: 6144
#inputs: 1936692
=====================
=====================
Part 17, Epoch Time(s): 8.3138
Sampling Time(s): 0.2871
Loading Time(s): 1.6738
Forward Time(s): 0.9925
Backward Time(s): 0.3151
Update Time(s): 0.0576
Emb Update Time(s): 4.9724
#seeds: 6144
#inputs: 1939758
==========================================
Part 19, Epoch Time(s): 8.3142
Sampling Time(s): 0.3048
Loading Time(s): 1.9003
Forward Time(s): 0.7580
Backward Time(s): 0.3058
Update Time(s): 0.0643
Emb Update Time(s): 4.9644
#seeds: 6144
#inputs: 1928756
=====================

=====================
Part 22, Epoch Time(s): 8.3138
Sampling Time(s): 0.3105
Loading Time(s): 1.8666
Forward Time(s): 0.7828
Backward Time(s): 0.3096
Update Time(s): 0.0601
Emb Update Time(s): 4.9699
#seeds: 6144
#inputs: 1924618
=====================
=====================
Part 10, Epoch Time(s): 8.3143
Sampling Time(s): 0.3946
Loading Time(s): 1.8105
Forward Time(s): 0.8064
Backward Time(s): 0.2570
Update Time(s): 0.0563
Emb Update Time(s): 4.9753
#seeds: 6145
#inputs: 2033048
==========================================
Part 12, Epoch Time(s): 8.3144
Sampling Time(s): 0.2933
Loading Time(s): 2.0812
Forward Time(s): 0.6524
Backward Time(s): 0.2513
Update Time(s): 0.0527
Emb Update Time(s): 4.9699
#seeds: 6144
#inputs: 2049703
==========================================
Part 9, Epoch Time(s): 8.3143
Sampling Time(s): 0.3653
Loading Time(s): 2.0333
Forward Time(s): 0.6486
Backward Time(s): 0.2384
Update Time(s): 0.0450
Emb Update Time(s): 4.9674
#seeds: 6144
#inputs: 2041541
==========================================
Part 11, Epoch Time(s): 8.3145
Sampling Time(s): 0.3254
Loading Time(s): 2.0175
Forward Time(s): 0.7032
Backward Time(s): 0.2371
Update Time(s): 0.0543
Emb Update Time(s): 4.9632
#seeds: 6144
#inputs: 2028256
==========================================
Part 8, Epoch Time(s): 8.3141
Sampling Time(s): 0.2921
Loading Time(s): 2.0807
Forward Time(s): 0.6687
Backward Time(s): 0.2393
Update Time(s): 0.0490
Emb Update Time(s): 4.9682
#seeds: 6144
#inputs: 2044722
=====================
=====================
Part 14, Epoch Time(s): 8.3142
Sampling Time(s): 0.2983
Loading Time(s): 2.0935
Forward Time(s): 0.6463
Backward Time(s): 0.2370
Update Time(s): 0.0552
Emb Update Time(s): 4.9681
#seeds: 6145
#inputs: 2031707
=====================



=====================
Part 15, Epoch Time(s): 8.3142
Sampling Time(s): 0.3221
Loading Time(s): 2.1591
Forward Time(s): 0.4799
Backward Time(s): 0.3050
Update Time(s): 0.0553
Emb Update Time(s): 4.9725
#seeds: 6144
#inputs: 2021017
=====================

=====================
Part 13, Epoch Time(s): 8.3146
Sampling Time(s): 0.2822
Loading Time(s): 2.1215
Forward Time(s): 0.5784
Backward Time(s): 0.2856
Update Time(s): 0.0550
Emb Update Time(s): 4.9780
#seeds: 6144
#inputs: 2047548
=====================
=====================
Part 28, Epoch Time(s): 8.3141
Sampling Time(s): 0.3113
Loading Time(s): 2.1711
Forward Time(s): 0.5378
Backward Time(s): 0.2580
Update Time(s): 0.0554
Emb Update Time(s): 4.9654
#seeds: 6144
#inputs: 1977884
==========================================
Part 24, Epoch Time(s): 8.3145
Sampling Time(s): 0.2833
Loading Time(s): 2.0807
Forward Time(s): 0.6133
Backward Time(s): 0.2920
Update Time(s): 0.0670
Emb Update Time(s): 4.9636
#seeds: 6145
#inputs: 1981235
==========================================
Part 29, Epoch Time(s): 8.3145
Sampling Time(s): 0.3234
Loading Time(s): 1.9835
Forward Time(s): 0.6644
Backward Time(s): 0.2946
Update Time(s): 0.0657
Emb Update Time(s): 4.9672
#seeds: 6144
#inputs: 1964389
=====================


=====================
Part 27, Epoch Time(s): 8.3143
Sampling Time(s): 0.3237
Loading Time(s): 2.0039
Forward Time(s): 0.6584
Backward Time(s): 0.2790
Update Time(s): 0.0576
Emb Update Time(s): 4.9745
#seeds: 6144
#inputs: 1972479
=====================
=====================
Part 25, Epoch Time(s): 8.3144
Sampling Time(s): 0.3038
Loading Time(s): 1.9031
Forward Time(s): 0.8024
Backward Time(s): 0.2708
Update Time(s): 0.0500
Emb Update Time(s): 4.9698
#seeds: 6144
#inputs: 1962291
==========================================
Part 30, Epoch Time(s): 8.3145
Sampling Time(s): 0.3045
Loading Time(s): 2.0645
Forward Time(s): 0.6043
Backward Time(s): 0.2919
Update Time(s): 0.0593
Emb Update Time(s): 4.9726
#seeds: 6144
#inputs: 1973849
==========================================
Part 31, Epoch Time(s): 8.3145
Sampling Time(s): 0.2960
Loading Time(s): 2.0601
Forward Time(s): 0.6571
Backward Time(s): 0.2605
Update Time(s): 0.0490
Emb Update Time(s): 4.9767
#seeds: 6144
#inputs: 1957579
==========================================
Part 26, Epoch Time(s): 8.3145
Sampling Time(s): 0.3115
Loading Time(s): 2.0196
Forward Time(s): 0.6627
Backward Time(s): 0.2849
Update Time(s): 0.0600
Emb Update Time(s): 4.9619
#seeds: 6144
#inputs: 1965474
=====================



=====================
Part 20, Epoch Time(s): 8.3139
Sampling Time(s): 0.2932
Loading Time(s): 1.9079
Forward Time(s): 0.7828
Backward Time(s): 0.2835
Update Time(s): 0.0526
Emb Update Time(s): 4.9778
#seeds: 6144
#inputs: 1916565
==========================================
Part 21, Epoch Time(s): 8.3141
Sampling Time(s): 0.3772
Loading Time(s): 1.9123
Forward Time(s): 0.6979
Backward Time(s): 0.2792
Update Time(s): 0.0615
Emb Update Time(s): 4.9685
#seeds: 6145
#inputs: 1929173
==========================================
Part 16, Epoch Time(s): 8.3141
Sampling Time(s): 0.3068
Loading Time(s): 1.9055
Forward Time(s): 0.7478
Backward Time(s): 0.3112
Update Time(s): 0.0615
Emb Update Time(s): 4.9677
#seeds: 6145
#inputs: 1943090
==========================================
Part 23, Epoch Time(s): 8.3141
Sampling Time(s): 0.2920
Loading Time(s): 1.8837
Forward Time(s): 0.8123
Backward Time(s): 0.2793
Update Time(s): 0.0582
Emb Update Time(s): 4.9722
#seeds: 6144
#inputs: 1932443
=====================



=====================
Part 18, Epoch Time(s): 8.3139
Sampling Time(s): 0.2973
Loading Time(s): 1.9644
Forward Time(s): 0.7526
Backward Time(s): 0.2611
Update Time(s): 0.0569
Emb Update Time(s): 4.9680
#seeds: 6144
#inputs: 1948549
=====================
|V|=2449029, eval batch size: 100000
|V|=2449029, eval batch size: 100000
|V|=2449029, eval batch size: 100000
|V|=2449029, eval batch size: 100000
|V|=2449029, eval batch size: 100000
|V|=2449029, eval batch size: 100000
|V|=2449029, eval batch size: 100000|V|=2449029, eval batch size: 100000

|V|=2449029, eval batch size: 100000
|V|=2449029, eval batch size: 100000|V|=2449029, eval batch size: 100000

|V|=2449029, eval batch size: 100000
|V|=2449029, eval batch size: 100000
|V|=2449029, eval batch size: 100000
|V|=2449029, eval batch size: 100000
|V|=2449029, eval batch size: 100000
|V|=2449029, eval batch size: 100000
|V|=2449029, eval batch size: 100000
|V|=2449029, eval batch size: 100000
|V|=2449029, eval batch size: 100000
|V|=2449029, eval batch size: 100000
|V|=2449029, eval batch size: 100000
|V|=2449029, eval batch size: 100000
|V|=2449029, eval batch size: 100000
|V|=2449029, eval batch size: 100000
|V|=2449029, eval batch size: 100000
|V|=2449029, eval batch size: 100000
|V|=2449029, eval batch size: 100000
|V|=2449029, eval batch size: 100000
|V|=2449029, eval batch size: 100000
|V|=2449029, eval batch size: 100000
|V|=2449029, eval batch size: 100000
|V|=2449029, eval batch size: 100000
|V|=2449029, eval batch size: 100000
|V|=2449029, eval batch size: 100000
|V|=2449029, eval batch size: 100000
|V|=2449029, eval batch size: 100000
|V|=2449029, eval batch size: 100000
|V|=2449029, eval batch size: 100000
|V|=2449029, eval batch size: 100000
|V|=2449029, eval batch size: 100000
|V|=2449029, eval batch size: 100000
|V|=2449029, eval batch size: 100000
|V|=2449029, eval batch size: 100000
|V|=2449029, eval batch size: 100000
|V|=2449029, eval batch size: 100000
|V|=2449029, eval batch size: 100000
|V|=2449029, eval batch size: 100000
|V|=2449029, eval batch size: 100000|V|=2449029, eval batch size: 100000

|V|=2449029, eval batch size: 100000
|V|=2449029, eval batch size: 100000
|V|=2449029, eval batch size: 100000
|V|=2449029, eval batch size: 100000
|V|=2449029, eval batch size: 100000
|V|=2449029, eval batch size: 100000
|V|=2449029, eval batch size: 100000
|V|=2449029, eval batch size: 100000
|V|=2449029, eval batch size: 100000
|V|=2449029, eval batch size: 100000
|V|=2449029, eval batch size: 100000
|V|=2449029, eval batch size: 100000
|V|=2449029, eval batch size: 100000
|V|=2449029, eval batch size: 100000
|V|=2449029, eval batch size: 100000
|V|=2449029, eval batch size: 100000|V|=2449029, eval batch size: 100000

|V|=2449029, eval batch size: 100000
|V|=2449029, eval batch size: 100000
|V|=2449029, eval batch size: 100000
|V|=2449029, eval batch size: 100000
|V|=2449029, eval batch size: 100000
|V|=2449029, eval batch size: 100000
|V|=2449029, eval batch size: 100000
|V|=2449029, eval batch size: 100000
|V|=2449029, eval batch size: 100000
|V|=2449029, eval batch size: 100000
|V|=2449029, eval batch size: 100000
|V|=2449029, eval batch size: 100000
|V|=2449029, eval batch size: 100000
|V|=2449029, eval batch size: 100000
|V|=2449029, eval batch size: 100000|V|=2449029, eval batch size: 100000

|V|=2449029, eval batch size: 100000
|V|=2449029, eval batch size: 100000
|V|=2449029, eval batch size: 100000
|V|=2449029, eval batch size: 100000
|V|=2449029, eval batch size: 100000
|V|=2449029, eval batch size: 100000
|V|=2449029, eval batch size: 100000
|V|=2449029, eval batch size: 100000
|V|=2449029, eval batch size: 100000
|V|=2449029, eval batch size: 100000
|V|=2449029, eval batch size: 100000
|V|=2449029, eval batch size: 100000
|V|=2449029, eval batch size: 100000
Part 20, Val Acc 0.0904, Test Acc 0.0683, time: 9.2423
Part 14, Val Acc 0.1489, Test Acc 0.1151, time: 9.2483
Part 9, Val Acc 0.1432, Test Acc 0.1127, time: 9.2491
Part 23, Val Acc 0.0952, Test Acc 0.0690, time: 9.2490
Part 16, Val Acc 0.1025, Test Acc 0.0684, time: 9.2503
Part 10, Val Acc 0.1221, Test Acc 0.1170, time: 9.2518
Part 26, Val Acc 0.5622, Test Acc 0.3814, time: 9.2521
Part 29, Val Acc 0.5142, Test Acc 0.3760, time: 9.2534
Part 28, Val Acc 0.5163, Test Acc 0.3758, time: 9.2537
Part 11, Val Acc 0.1391, Test Acc 0.1171, time: 9.2541
Part 31, Val Acc 0.5252, Test Acc 0.3754, time: 9.2568
Part 3, Val Acc 0.4882, Test Acc 0.4816, time: 9.2578
Part 24, Val Acc 0.5191, Test Acc 0.3799, time: 9.2586
Part 30, Val Acc 0.5460, Test Acc 0.3768, time: 9.2592
Part 22, Val Acc 0.1017, Test Acc 0.0687, time: 9.2599
Part 27, Val Acc 0.5085, Test Acc 0.3797, time: 9.2609
Part 21, Val Acc 0.0879, Test Acc 0.0688, time: 9.2612
Part 0, Val Acc 0.4963, Test Acc 0.4792, time: 9.2628
Part 8, Val Acc 0.1294, Test Acc 0.1152, time: 9.2625
Part 7, Val Acc 0.4841, Test Acc 0.4840, time: 9.2645
Part 5, Val Acc 0.4715, Test Acc 0.4802, time: 9.2646
Part 12, Val Acc 0.1343, Test Acc 0.1129, time: 9.2650
Part 6, Val Acc 0.4849, Test Acc 0.4783, time: 9.2682
Part 13, Val Acc 0.1253, Test Acc 0.1145, time: 9.2678
Part 4, Val Acc 0.4597, Test Acc 0.4826, time: 9.2684
Part 19, Val Acc 0.0960, Test Acc 0.0698, time: 9.2707
Part 1, Val Acc 0.4719, Test Acc 0.4819, time: 9.2718
Part 2, Val Acc 0.4695, Test Acc 0.4813, time: 9.2720
Part 15, Val Acc 0.1287, Test Acc 0.1130, time: 9.2723
Part 25, Val Acc 0.5232, Test Acc 0.3819, time: 9.2776
Part 17, Val Acc 0.0985, Test Acc 0.0680, time: 9.2794
Part 18, Val Acc 0.0862, Test Acc 0.0696, time: 9.2816
All parts avg val acc 0.3085, test acc 0.2608
Part 3 | Epoch 00001 | Step 00000 | Loss 2.5226 | Train Acc 0.3760 | Speed (samples/sec) 932.1686 | GPU 1639.4 MB | time 0.889 s
Part 7 | Epoch 00001 | Step 00000 | Loss 2.5360 | Train Acc 0.3750 | Speed (samples/sec) 933.8399 | GPU 1660.1 MB | time 0.883 s
Part 2 | Epoch 00001 | Step 00000 | Loss 2.4703 | Train Acc 0.3760 | Speed (samples/sec) 935.9357 | GPU 1636.5 MB | time 0.876 s
Part 5 | Epoch 00001 | Step 00000 | Loss 2.5438 | Train Acc 0.3460 | Speed (samples/sec) 933.8363 | GPU 1645.2 MB | time 0.883 s
Part 17 | Epoch 00001 | Step 00000 | Loss 3.4279 | Train Acc 0.1100 | Speed (samples/sec) 937.8038 | GPU 1687.9 MB | time 0.868 sPart 19 | Epoch 00001 | Step 00000 | Loss 3.4692 | Train Acc 0.0950 | Speed (samples/sec) 935.5634 | GPU 1686.8 MB | time 0.876 s

Part 18 | Epoch 00001 | Step 00000 | Loss 3.5539 | Train Acc 0.0770 | Speed (samples/sec) 938.4554 | GPU 1686.1 MB | time 0.865 s
Part 0 | Epoch 00001 | Step 00000 | Loss 2.4061 | Train Acc 0.4060 | Speed (samples/sec) 938.4277 | GPU 1640.0 MB | time 0.865 sPart 6 | Epoch 00001 | Step 00000 | Loss 2.5502 | Train Acc 0.3530 | Speed (samples/sec) 934.6799 | GPU 1643.3 MB | time 0.879 s

Part 16 | Epoch 00001 | Step 00000 | Loss 3.3833 | Train Acc 0.1250 | Speed (samples/sec) 930.5787 | GPU 1680.5 MB | time 0.897 s
Part 1 | Epoch 00001 | Step 00000 | Loss 2.4595 | Train Acc 0.3730 | Speed (samples/sec) 935.9371 | GPU 1648.7 MB | time 0.876 s
Part 21 | Epoch 00001 | Step 00000 | Loss 3.4392 | Train Acc 0.1000 | Speed (samples/sec) 933.3112 | GPU 1687.0 MB | time 0.886 sPart 23 | Epoch 00001 | Step 00000 | Loss 3.4362 | Train Acc 0.1020 | Speed (samples/sec) 930.0312 | GPU 1670.3 MB | time 0.898 s

Part 9 | Epoch 00001 | Step 00000 | Loss 3.1454 | Train Acc 0.1440 | Speed (samples/sec) 930.0719 | GPU 1902.6 MB | time 0.898 s
Part 13 | Epoch 00001 | Step 00000 | Loss 3.1923 | Train Acc 0.1530 | Speed (samples/sec) 934.8434 | GPU 1902.0 MB | time 0.880 s
Part 20 | Epoch 00001 | Step 00000 | Loss 3.4850 | Train Acc 0.0870 | Speed (samples/sec) 928.4351 | GPU 1680.8 MB | time 0.905 s
Part 27 | Epoch 00001 | Step 00000 | Loss 2.6101 | Train Acc 0.3890 | Speed (samples/sec) 932.9932 | GPU 1775.4 MB | time 0.886 s
Part 26 | Epoch 00001 | Step 00000 | Loss 2.5253 | Train Acc 0.4210 | Speed (samples/sec) 930.7001 | GPU 1785.6 MB | time 0.895 sPart 31 | Epoch 00001 | Step 00000 | Loss 2.4826 | Train Acc 0.4030 | Speed (samples/sec) 931.8898 | GPU 1769.0 MB | time 0.891 sPart 24 | Epoch 00001 | Step 00000 | Loss 2.4106 | Train Acc 0.4180 | Speed (samples/sec) 932.5521 | GPU 1772.4 MB | time 0.889 s


Part 29 | Epoch 00001 | Step 00000 | Loss 2.5819 | Train Acc 0.3950 | Speed (samples/sec) 931.0137 | GPU 1773.5 MB | time 0.894 s
Part 4 | Epoch 00001 | Step 00000 | Loss 2.6076 | Train Acc 0.3540 | Speed (samples/sec) 934.7677 | GPU 1645.5 MB | time 0.879 s
Part 11 | Epoch 00001 | Step 00000 | Loss 3.1544 | Train Acc 0.1300 | Speed (samples/sec) 931.4313 | GPU 1909.2 MB | time 0.893 s
Part 22 | Epoch 00001 | Step 00000 | Loss 3.4070 | Train Acc 0.1140 | Speed (samples/sec) 932.7455 | GPU 1676.1 MB | time 0.887 s
Part 8 | Epoch 00001 | Step 00000 | Loss 3.2523 | Train Acc 0.1390 | Speed (samples/sec) 933.3863 | GPU 1906.1 MB | time 0.885 s
Part 12 | Epoch 00001 | Step 00000 | Loss 3.2214 | Train Acc 0.1510 | Speed (samples/sec) 934.0139 | GPU 1913.6 MB | time 0.882 s
Part 14 | Epoch 00001 | Step 00000 | Loss 3.2387 | Train Acc 0.1290 | Speed (samples/sec) 930.0373 | GPU 1921.8 MB | time 0.899 s
Part 30 | Epoch 00001 | Step 00000 | Loss 2.4349 | Train Acc 0.4470 | Speed (samples/sec) 932.4978 | GPU 1766.0 MB | time 0.888 s
Part 15 | Epoch 00001 | Step 00000 | Loss 3.1537 | Train Acc 0.1400 | Speed (samples/sec) 936.0904 | GPU 1898.5 MB | time 0.875 s
Part 25 | Epoch 00001 | Step 00000 | Loss 2.4879 | Train Acc 0.4110 | Speed (samples/sec) 937.2716 | GPU 1778.9 MB | time 0.870 s
Part 10 | Epoch 00001 | Step 00000 | Loss 3.2033 | Train Acc 0.1380 | Speed (samples/sec) 931.0256 | GPU 1908.3 MB | time 0.896 s
Part 28 | Epoch 00001 | Step 00000 | Loss 2.5377 | Train Acc 0.4070 | Speed (samples/sec) 931.1762 | GPU 1770.4 MB | time 0.893 s
Avg train acc 0.2558
=====================
Part 2, Epoch Time(s): 6.0816
Sampling Time(s): 0.2756
Loading Time(s): 1.7594
Forward Time(s): 0.4206
Backward Time(s): 0.2361
Update Time(s): 0.0053
Emb Update Time(s): 3.3791
#seeds: 6145
#inputs: 1923692
==========================================
Part 5, Epoch Time(s): 6.0890
Sampling Time(s): 0.2755
Loading Time(s): 1.6962
Forward Time(s): 0.4914
Backward Time(s): 0.2352
Update Time(s): 0.0057
Emb Update Time(s): 3.3795
#seeds: 6144
#inputs: 1923366
==========================================
Part 0, Epoch Time(s): 6.0713
Sampling Time(s): 0.3856
Loading Time(s): 1.6987
Forward Time(s): 0.3589
Backward Time(s): 0.2369
Update Time(s): 0.0070
Emb Update Time(s): 3.3771
#seeds: 6144
#inputs: 1937282
==========================================
Part 1, Epoch Time(s): 6.0817
Sampling Time(s): 0.2827
Loading Time(s): 1.6470
Forward Time(s): 0.5257
Backward Time(s): 0.2365
Update Time(s): 0.0059
Emb Update Time(s): 3.3784
#seeds: 6145
#inputs: 1928989
==========================================
Part 7, Epoch Time(s): 6.0890
Sampling Time(s): 0.2813
Loading Time(s): 1.7337
Forward Time(s): 0.4483
Backward Time(s): 0.2345
Update Time(s): 0.0063
Emb Update Time(s): 3.3796
#seeds: 6144
#inputs: 1930060
=====================




=====================
Part 6, Epoch Time(s): 6.0854
Sampling Time(s): 0.2748
Loading Time(s): 1.6186
Forward Time(s): 0.5647
Backward Time(s): 0.2347
Update Time(s): 0.0064
Emb Update Time(s): 3.3800
#seeds: 6144
#inputs: 1945864
==========================================
Part 4, Epoch Time(s): 6.0852
Sampling Time(s): 0.2768
Loading Time(s): 1.6231
Forward Time(s): 0.5584
Backward Time(s): 0.2356
Update Time(s): 0.0067
Emb Update Time(s): 3.3787
#seeds: 6144
#inputs: 1928405
==========================================
Part 3, Epoch Time(s): 6.0957
Sampling Time(s): 0.2771
Loading Time(s): 1.7794
Forward Time(s): 0.4136
Backward Time(s): 0.2359
Update Time(s): 0.0054
Emb Update Time(s): 3.3790
#seeds: 6144
#inputs: 1933174
=====================


=====================
Part 25, Epoch Time(s): 6.0756
Sampling Time(s): 0.2735
Loading Time(s): 1.8156
Forward Time(s): 0.3841
Backward Time(s): 0.2246
Update Time(s): 0.0071
Emb Update Time(s): 3.3649
#seeds: 6144
#inputs: 1968496
==========================================
Part 28, Epoch Time(s): 6.0992
Sampling Time(s): 0.3030
Loading Time(s): 1.8266
Forward Time(s): 0.3569
Backward Time(s): 0.2290
Update Time(s): 0.0095
Emb Update Time(s): 3.3681
#seeds: 6144
#inputs: 1986209
=====================
=====================
Part 27, Epoch Time(s): 6.0922
Sampling Time(s): 0.3041
Loading Time(s): 1.7145
Forward Time(s): 0.4478
Backward Time(s): 0.2349
Update Time(s): 0.0113
Emb Update Time(s): 3.3741
#seeds: 6144
#inputs: 1977131
==========================================
Part 30, Epoch Time(s): 6.0941
Sampling Time(s): 0.3150
Loading Time(s): 1.7507
Forward Time(s): 0.4096
Backward Time(s): 0.2285
Update Time(s): 0.0099
Emb Update Time(s): 3.3746
#seeds: 6144
#inputs: 1971421
==========================================
Part 24, Epoch Time(s): 6.0948
Sampling Time(s): 0.2956
Loading Time(s): 1.7828
Forward Time(s): 0.3906
Backward Time(s): 0.2359
Update Time(s): 0.0097
Emb Update Time(s): 3.3748
#seeds: 6145
#inputs: 1970768
=====================

=====================
Part 29, Epoch Time(s): 6.1000
Sampling Time(s): 0.2965
Loading Time(s): 1.8212
Forward Time(s): 0.3560
Backward Time(s): 0.2340
Update Time(s): 0.0088
Emb Update Time(s): 3.3777
#seeds: 6144
#inputs: 1966231
=====================

=====================
Part 26, Epoch Time(s): 6.1012
Sampling Time(s): 0.2994
Loading Time(s): 1.8362
Forward Time(s): 0.3397
Backward Time(s): 0.2353
Update Time(s): 0.0102
Emb Update Time(s): 3.3751
#seeds: 6144
#inputs: 1962914
==========================================
Part 31, Epoch Time(s): 6.0966
Sampling Time(s): 0.2969
Loading Time(s): 2.0232
Forward Time(s): 0.1813
Backward Time(s): 0.2208
Update Time(s): 0.0089
Emb Update Time(s): 3.3599
#seeds: 6144
#inputs: 1960662
=====================


=====================
Part 19, Epoch Time(s): 6.0827
Sampling Time(s): 0.3257
Loading Time(s): 1.5098
Forward Time(s): 0.6216
Backward Time(s): 0.2342
Update Time(s): 0.0098
Emb Update Time(s): 3.3762
#seeds: 6144
#inputs: 1925383
==========================================
Part 17, Epoch Time(s): 6.0742
Sampling Time(s): 0.2504
Loading Time(s): 1.6350
Forward Time(s): 0.5630
Backward Time(s): 0.2349
Update Time(s): 0.0084
Emb Update Time(s): 3.3771
#seeds: 6144
#inputs: 1934336
=====================

=====================
Part 23, Epoch Time(s): 6.1044
Sampling Time(s): 0.2727
Loading Time(s): 1.6148
Forward Time(s): 0.5911
Backward Time(s): 0.2339
Update Time(s): 0.0117
Emb Update Time(s): 3.3746
#seeds: 6144
#inputs: 1930149
=====================
=====================
Part 20, Epoch Time(s): 6.1108
Sampling Time(s): 0.2991
Loading Time(s): 1.7240
Forward Time(s): 0.4614
Backward Time(s): 0.2343
Update Time(s): 0.0114
Emb Update Time(s): 3.3747
#seeds: 6144
#inputs: 1914713
==========================================
Part 18, Epoch Time(s): 6.0717
Sampling Time(s): 0.3867
Loading Time(s): 1.6794
Forward Time(s): 0.3950
Backward Time(s): 0.2274
Update Time(s): 0.0132
Emb Update Time(s): 3.3644
#seeds: 6144
#inputs: 1941977
=====================

=====================
Part 16, Epoch Time(s): 6.1035
Sampling Time(s): 0.2771
Loading Time(s): 1.7396
Forward Time(s): 0.4606
Backward Time(s): 0.2356
Update Time(s): 0.0152
Emb Update Time(s): 3.3695
#seeds: 6145
#inputs: 1944900
=====================
=====================
Part 21, Epoch Time(s): 6.0925
Sampling Time(s): 0.3441
Loading Time(s): 1.7865
Forward Time(s): 0.3400
Backward Time(s): 0.2297
Update Time(s): 0.0149
Emb Update Time(s): 3.3713
#seeds: 6145
#inputs: 1930938
=====================
=====================
Part 10, Epoch Time(s): 6.1016
Sampling Time(s): 0.3439
Loading Time(s): 1.6755
Forward Time(s): 0.4553
Backward Time(s): 0.2344
Update Time(s): 0.0079
Emb Update Time(s): 3.3785
#seeds: 6145
#inputs: 2035153
==========================================
Part 11, Epoch Time(s): 6.0989
Sampling Time(s): 0.2808
Loading Time(s): 1.8856
Forward Time(s): 0.3180
Backward Time(s): 0.2337
Update Time(s): 0.0063
Emb Update Time(s): 3.3689
#seeds: 6144
#inputs: 2032910
==========================================
Part 8, Epoch Time(s): 6.0908
Sampling Time(s): 0.2785
Loading Time(s): 1.8750
Forward Time(s): 0.3112
Backward Time(s): 0.2358
Update Time(s): 0.0057
Emb Update Time(s): 3.3792
#seeds: 6144
#inputs: 2042355
==========================================
Part 9, Epoch Time(s): 6.1043
Sampling Time(s): 0.2767
Loading Time(s): 1.9253
Forward Time(s): 0.2873
Backward Time(s): 0.2342
Update Time(s): 0.0069
Emb Update Time(s): 3.3686
#seeds: 6144
#inputs: 2048546
==========================================
Part 14, Epoch Time(s): 6.1050
Sampling Time(s): 0.2749
Loading Time(s): 1.9014
Forward Time(s): 0.3182
Backward Time(s): 0.2284
Update Time(s): 0.0063
Emb Update Time(s): 3.3703
#seeds: 6145
#inputs: 2045516
==========================================
Part 12, Epoch Time(s): 6.0884
Sampling Time(s): 0.2712
Loading Time(s): 1.9144
Forward Time(s): 0.2911
Backward Time(s): 0.2303
Update Time(s): 0.0061
Emb Update Time(s): 3.3698
#seeds: 6144
#inputs: 2041720
=====================



=====================
Part 13, Epoch Time(s): 6.0856
Sampling Time(s): 0.2584
Loading Time(s): 1.8774
Forward Time(s): 0.3237
Backward Time(s): 0.2337
Update Time(s): 0.0060
Emb Update Time(s): 3.3809
#seeds: 6144
#inputs: 2044184
=====================

=====================
Part 15, Epoch Time(s): 6.0809
Sampling Time(s): 0.2993
Loading Time(s): 1.8674
Forward Time(s): 0.2987
Backward Time(s): 0.2257
Update Time(s): 0.0063
Emb Update Time(s): 3.3781
#seeds: 6144
#inputs: 2023494
=====================

=====================
Part 22, Epoch Time(s): 6.0939
Sampling Time(s): 0.2863
Loading Time(s): 1.7499
Forward Time(s): 0.4413
Backward Time(s): 0.2283
Update Time(s): 0.0157
Emb Update Time(s): 3.3663
#seeds: 6144
#inputs: 1927364
=====================
|V|=2449029, eval batch size: 100000
|V|=2449029, eval batch size: 100000
|V|=2449029, eval batch size: 100000
|V|=2449029, eval batch size: 100000
|V|=2449029, eval batch size: 100000
|V|=2449029, eval batch size: 100000
|V|=2449029, eval batch size: 100000
|V|=2449029, eval batch size: 100000
|V|=2449029, eval batch size: 100000
|V|=2449029, eval batch size: 100000
|V|=2449029, eval batch size: 100000
|V|=2449029, eval batch size: 100000
|V|=2449029, eval batch size: 100000
|V|=2449029, eval batch size: 100000
|V|=2449029, eval batch size: 100000
|V|=2449029, eval batch size: 100000
|V|=2449029, eval batch size: 100000
|V|=2449029, eval batch size: 100000
|V|=2449029, eval batch size: 100000
|V|=2449029, eval batch size: 100000
|V|=2449029, eval batch size: 100000
|V|=2449029, eval batch size: 100000
|V|=2449029, eval batch size: 100000
|V|=2449029, eval batch size: 100000
|V|=2449029, eval batch size: 100000
|V|=2449029, eval batch size: 100000
|V|=2449029, eval batch size: 100000
|V|=2449029, eval batch size: 100000
|V|=2449029, eval batch size: 100000
|V|=2449029, eval batch size: 100000
|V|=2449029, eval batch size: 100000
|V|=2449029, eval batch size: 100000
|V|=2449029, eval batch size: 100000
|V|=2449029, eval batch size: 100000
|V|=2449029, eval batch size: 100000
|V|=2449029, eval batch size: 100000
|V|=2449029, eval batch size: 100000
|V|=2449029, eval batch size: 100000
|V|=2449029, eval batch size: 100000
|V|=2449029, eval batch size: 100000
|V|=2449029, eval batch size: 100000
|V|=2449029, eval batch size: 100000
|V|=2449029, eval batch size: 100000
|V|=2449029, eval batch size: 100000
|V|=2449029, eval batch size: 100000
|V|=2449029, eval batch size: 100000
|V|=2449029, eval batch size: 100000
|V|=2449029, eval batch size: 100000
|V|=2449029, eval batch size: 100000
|V|=2449029, eval batch size: 100000
|V|=2449029, eval batch size: 100000
|V|=2449029, eval batch size: 100000
|V|=2449029, eval batch size: 100000
|V|=2449029, eval batch size: 100000
|V|=2449029, eval batch size: 100000
|V|=2449029, eval batch size: 100000
|V|=2449029, eval batch size: 100000
|V|=2449029, eval batch size: 100000
|V|=2449029, eval batch size: 100000
|V|=2449029, eval batch size: 100000
|V|=2449029, eval batch size: 100000
|V|=2449029, eval batch size: 100000
|V|=2449029, eval batch size: 100000
|V|=2449029, eval batch size: 100000
|V|=2449029, eval batch size: 100000
|V|=2449029, eval batch size: 100000|V|=2449029, eval batch size: 100000

|V|=2449029, eval batch size: 100000
|V|=2449029, eval batch size: 100000
|V|=2449029, eval batch size: 100000
|V|=2449029, eval batch size: 100000
|V|=2449029, eval batch size: 100000|V|=2449029, eval batch size: 100000
|V|=2449029, eval batch size: 100000

|V|=2449029, eval batch size: 100000
|V|=2449029, eval batch size: 100000
|V|=2449029, eval batch size: 100000
|V|=2449029, eval batch size: 100000
|V|=2449029, eval batch size: 100000
|V|=2449029, eval batch size: 100000
|V|=2449029, eval batch size: 100000
|V|=2449029, eval batch size: 100000
|V|=2449029, eval batch size: 100000
|V|=2449029, eval batch size: 100000
|V|=2449029, eval batch size: 100000
|V|=2449029, eval batch size: 100000
|V|=2449029, eval batch size: 100000
|V|=2449029, eval batch size: 100000
|V|=2449029, eval batch size: 100000
|V|=2449029, eval batch size: 100000
|V|=2449029, eval batch size: 100000
|V|=2449029, eval batch size: 100000
|V|=2449029, eval batch size: 100000
|V|=2449029, eval batch size: 100000
|V|=2449029, eval batch size: 100000
|V|=2449029, eval batch size: 100000
Part 11, Val Acc 0.1416, Test Acc 0.1219, time: 7.0255
Part 29, Val Acc 0.5183, Test Acc 0.3850, time: 7.0275
Part 24, Val Acc 0.5232, Test Acc 0.3884, time: 7.0279
Part 13, Val Acc 0.1277, Test Acc 0.1196, time: 7.0306
Part 27, Val Acc 0.5118, Test Acc 0.3877, time: 7.0317
Part 6, Val Acc 0.4866, Test Acc 0.4865, time: 7.0319
Part 28, Val Acc 0.5187, Test Acc 0.3835, time: 7.0335
Part 3, Val Acc 0.4915, Test Acc 0.4894, time: 7.0360
Part 0, Val Acc 0.4980, Test Acc 0.4870, time: 7.0362
Part 8, Val Acc 0.1286, Test Acc 0.1197, time: 7.0375
Part 10, Val Acc 0.1237, Test Acc 0.1217, time: 7.0383
Part 26, Val Acc 0.5655, Test Acc 0.3899, time: 7.0389
Part 15, Val Acc 0.1270, Test Acc 0.1176, time: 7.0394
Part 23, Val Acc 0.0968, Test Acc 0.0718, time: 7.0400
Part 7, Val Acc 0.4874, Test Acc 0.4923, time: 7.0403
Part 25, Val Acc 0.5248, Test Acc 0.3905, time: 7.0404
Part 2, Val Acc 0.4695, Test Acc 0.4894, time: 7.0427
Part 4, Val Acc 0.4630, Test Acc 0.4904, time: 7.0429
Part 16, Val Acc 0.1033, Test Acc 0.0710, time: 7.0443
Part 30, Val Acc 0.5492, Test Acc 0.3855, time: 7.0452
Part 31, Val Acc 0.5293, Test Acc 0.3842, time: 7.0452
Part 5, Val Acc 0.4699, Test Acc 0.4886, time: 7.0455
Part 22, Val Acc 0.1017, Test Acc 0.0718, time: 7.0473
Part 1, Val Acc 0.4719, Test Acc 0.4894, time: 7.0489
Part 20, Val Acc 0.0904, Test Acc 0.0711, time: 7.0525
Part 14, Val Acc 0.1473, Test Acc 0.1194, time: 7.0551
Part 18, Val Acc 0.0871, Test Acc 0.0717, time: 7.0563
Part 12, Val Acc 0.1351, Test Acc 0.1173, time: 7.0570
Part 21, Val Acc 0.0919, Test Acc 0.0721, time: 7.0579
Part 17, Val Acc 0.0985, Test Acc 0.0706, time: 7.0583
Part 19, Val Acc 0.0960, Test Acc 0.0728, time: 7.0592
Part 9, Val Acc 0.1465, Test Acc 0.1178, time: 7.0627
All parts avg val acc 0.3101, test acc 0.2667
Part 22 | Epoch 00002 | Step 00000 | Loss 3.0579 | Train Acc 0.1250 | Speed (samples/sec) 973.5750 | GPU 1681.2 MB | time 0.885 s
Part 16 | Epoch 00002 | Step 00000 | Loss 3.0100 | Train Acc 0.1300 | Speed (samples/sec) 972.4494 | GPU 1680.5 MB | time 0.888 s
Part 21 | Epoch 00002 | Step 00000 | Loss 3.0458 | Train Acc 0.1140 | Speed (samples/sec) 975.1215 | GPU 1687.0 MB | time 0.874 s
Part 19 | Epoch 00002 | Step 00000 | Loss 3.0172 | Train Acc 0.1260 | Speed (samples/sec) 975.9716 | GPU 1686.8 MB | time 0.874 s
Part 23 | Epoch 00002 | Step 00000 | Loss 2.9843 | Train Acc 0.1290 | Speed (samples/sec) 971.6354 | GPU 1670.3 MB | time 0.893 s
Part 18 | Epoch 00002 | Step 00000 | Loss 3.0653 | Train Acc 0.1060 | Speed (samples/sec) 976.8765 | GPU 1686.1 MB | time 0.876 s
Part 24 | Epoch 00002 | Step 00000 | Loss 2.2012 | Train Acc 0.5240 | Speed (samples/sec) 971.5524 | GPU 1775.1 MB | time 0.905 sPart 26 | Epoch 00002 | Step 00000 | Loss 2.2239 | Train Acc 0.4970 | Speed (samples/sec) 971.7970 | GPU 1785.6 MB | time 0.894 s

Part 25 | Epoch 00002 | Step 00000 | Loss 2.2310 | Train Acc 0.5070 | Speed (samples/sec) 974.7445 | GPU 1782.1 MB | time 0.892 s
Part 28 | Epoch 00002 | Step 00000 | Loss 2.1249 | Train Acc 0.5350 | Speed (samples/sec) 971.5170 | GPU 1772.3 MB | time 0.899 s
Part 29 | Epoch 00002 | Step 00000 | Loss 2.2265 | Train Acc 0.4950 | Speed (samples/sec) 970.8036 | GPU 1776.5 MB | time 0.905 s
Part 31 | Epoch 00002 | Step 00000 | Loss 2.2361 | Train Acc 0.5100 | Speed (samples/sec) 972.9820 | GPU 1769.0 MB | time 0.887 sPart 30 | Epoch 00002 | Step 00000 | Loss 2.1906 | Train Acc 0.5140 | Speed (samples/sec) 973.3774 | GPU 1768.1 MB | time 0.886 sPart 27 | Epoch 00002 | Step 00000 | Loss 2.2549 | Train Acc 0.4990 | Speed (samples/sec) 972.0373 | GPU 1775.4 MB | time 0.901 s


Part 17 | Epoch 00002 | Step 00000 | Loss 2.9971 | Train Acc 0.1190 | Speed (samples/sec) 976.7878 | GPU 1687.9 MB | time 0.874 s
Part 20 | Epoch 00002 | Step 00000 | Loss 3.0573 | Train Acc 0.1070 | Speed (samples/sec) 972.4589 | GPU 1680.8 MB | time 0.879 s
Part 12 | Epoch 00002 | Step 00000 | Loss 2.7504 | Train Acc 0.1580 | Speed (samples/sec) 975.1144 | GPU 1914.1 MB | time 0.876 s
Part 9 | Epoch 00002 | Step 00000 | Loss 2.6955 | Train Acc 0.1820 | Speed (samples/sec) 974.1126 | GPU 1915.8 MB | time 0.870 s
Part 13 | Epoch 00002 | Step 00000 | Loss 2.7471 | Train Acc 0.1710 | Speed (samples/sec) 972.6478 | GPU 1907.1 MB | time 0.902 s
Part 8 | Epoch 00002 | Step 00000 | Loss 2.7397 | Train Acc 0.1650 | Speed (samples/sec) 972.9223 | GPU 1918.3 MB | time 0.894 s
Part 11 | Epoch 00002 | Step 00000 | Loss 2.7436 | Train Acc 0.1670 | Speed (samples/sec) 970.7670 | GPU 1912.1 MB | time 0.907 s
Part 14 | Epoch 00002 | Step 00000 | Loss 2.7646 | Train Acc 0.1690 | Speed (samples/sec) 973.4183 | GPU 1932.5 MB | time 0.877 s
Part 3 | Epoch 00002 | Step 00000 | Loss 2.1753 | Train Acc 0.4690 | Speed (samples/sec) 972.0747 | GPU 1642.0 MB | time 0.897 s
Part 7 | Epoch 00002 | Step 00000 | Loss 2.2292 | Train Acc 0.4560 | Speed (samples/sec) 973.2222 | GPU 1660.1 MB | time 0.893 s
Part 0 | Epoch 00002 | Step 00000 | Loss 2.2226 | Train Acc 0.4610 | Speed (samples/sec) 977.7936 | GPU 1640.0 MB | time 0.869 s
Part 1 | Epoch 00002 | Step 00000 | Loss 2.2123 | Train Acc 0.4640 | Speed (samples/sec) 975.2635 | GPU 1648.7 MB | time 0.883 s
Part 2 | Epoch 00002 | Step 00000 | Loss 2.1549 | Train Acc 0.4800 | Speed (samples/sec) 974.4390 | GPU 1637.5 MB | time 0.890 s
Part 10 | Epoch 00002 | Step 00000 | Loss 2.7191 | Train Acc 0.1520 | Speed (samples/sec) 972.0282 | GPU 1914.1 MB | time 0.895 s
Part 15 | Epoch 00002 | Step 00000 | Loss 2.7461 | Train Acc 0.1640 | Speed (samples/sec) 974.1624 | GPU 1906.4 MB | time 0.893 s
Part 5 | Epoch 00002 | Step 00000 | Loss 2.1516 | Train Acc 0.4760 | Speed (samples/sec) 973.7578 | GPU 1648.9 MB | time 0.888 s
Part 4 | Epoch 00002 | Step 00000 | Loss 2.1772 | Train Acc 0.4680 | Speed (samples/sec) 973.8858 | GPU 1647.2 MB | time 0.891 s
Part 6 | Epoch 00002 | Step 00000 | Loss 2.1446 | Train Acc 0.4830 | Speed (samples/sec) 972.6784 | GPU 1643.3 MB | time 0.901 s
Avg train acc 0.3163
=====================
Part 5, Epoch Time(s): 6.1757
Sampling Time(s): 0.2953
Loading Time(s): 1.7619
Forward Time(s): 0.4999
Backward Time(s): 0.2348
Update Time(s): 0.0060
Emb Update Time(s): 3.3713
#seeds: 6144
#inputs: 1927295
==========================================
Part 2, Epoch Time(s): 6.1789
Sampling Time(s): 0.3527
Loading Time(s): 1.7034
Forward Time(s): 0.5044
Backward Time(s): 0.2349
Update Time(s): 0.0075
Emb Update Time(s): 3.3693
#seeds: 6145
#inputs: 1920041
==========================================
Part 1, Epoch Time(s): 6.1715
Sampling Time(s): 0.3001
Loading Time(s): 1.6571
Forward Time(s): 0.5957
Backward Time(s): 0.2351
Update Time(s): 0.0082
Emb Update Time(s): 3.3689
#seeds: 6145
#inputs: 1929805
=====================


=====================
Part 7, Epoch Time(s): 6.1813
Sampling Time(s): 0.2883
Loading Time(s): 1.7026
Forward Time(s): 0.5721
Backward Time(s): 0.2349
Update Time(s): 0.0065
Emb Update Time(s): 3.3704
#seeds: 6144
#inputs: 1926925
==========================================
Part 3, Epoch Time(s): 6.1856
Sampling Time(s): 0.3401
Loading Time(s): 1.7025
Forward Time(s): 0.5249
Backward Time(s): 0.2349
Update Time(s): 0.0057
Emb Update Time(s): 3.3711
#seeds: 6144
#inputs: 1929969
=====================

=====================
Part 6, Epoch Time(s): 6.1898
Sampling Time(s): 0.3547
Loading Time(s): 1.6962
Forward Time(s): 0.5197
Backward Time(s): 0.2350
Update Time(s): 0.0089
Emb Update Time(s): 3.3682
#seeds: 6144
#inputs: 1935846
==========================================
Part 0, Epoch Time(s): 6.1585
Sampling Time(s): 0.3328
Loading Time(s): 1.9871
Forward Time(s): 0.2502
Backward Time(s): 0.2252
Update Time(s): 0.0082
Emb Update Time(s): 3.3463
#seeds: 6144
#inputs: 1941127
=====================

=====================
Part 4, Epoch Time(s): 6.1787
Sampling Time(s): 0.3256
Loading Time(s): 1.5975
Forward Time(s): 0.6362
Backward Time(s): 0.2347
Update Time(s): 0.0102
Emb Update Time(s): 3.3678
#seeds: 6144
#inputs: 1929173
=====================
=====================
Part 17, Epoch Time(s): 6.1632
Sampling Time(s): 0.2957
Loading Time(s): 1.7486
Forward Time(s): 0.5007
Backward Time(s): 0.2353
Update Time(s): 0.0053
Emb Update Time(s): 3.3715
#seeds: 6144
#inputs: 1938175
==========================================
Part 16, Epoch Time(s): 6.1767
Sampling Time(s): 0.2723
Loading Time(s): 1.8412
Forward Time(s): 0.4460
Backward Time(s): 0.2356
Update Time(s): 0.0056
Emb Update Time(s): 3.3703
#seeds: 6145
#inputs: 1939143
==========================================
Part 19, Epoch Time(s): 6.1636
Sampling Time(s): 0.3906
Loading Time(s): 1.5169
Forward Time(s): 0.6365
Backward Time(s): 0.2345
Update Time(s): 0.0065
Emb Update Time(s): 3.3713
#seeds: 6144
#inputs: 1927580
=====================

=====================
Part 22, Epoch Time(s): 6.1741
Sampling Time(s): 0.3009
Loading Time(s): 1.8233
Forward Time(s): 0.4352
Backward Time(s): 0.2315
Update Time(s): 0.0060
Emb Update Time(s): 3.3715
#seeds: 6144
#inputs: 1920614
=====================

=====================
Part 21, Epoch Time(s): 6.1629
Sampling Time(s): 0.4229
Loading Time(s): 1.6040
Forward Time(s): 0.5190
Backward Time(s): 0.2329
Update Time(s): 0.0065
Emb Update Time(s): 3.3713
#seeds: 6145
#inputs: 1929873
=====================
=====================
Part 18, Epoch Time(s): 6.1652
Sampling Time(s): 0.3047
Loading Time(s): 1.8351
Forward Time(s): 0.4263
Backward Time(s): 0.2274
Update Time(s): 0.0095
Emb Update Time(s): 3.3562
#seeds: 6144
#inputs: 1939445
=====================
=====================
Part 20, Epoch Time(s): 6.1676
Sampling Time(s): 0.2904
Loading Time(s): 1.7533
Forward Time(s): 0.5057
Backward Time(s): 0.2343
Update Time(s): 0.0059
Emb Update Time(s): 3.3717
#seeds: 6144
#inputs: 1912658
==========================================
Part 23, Epoch Time(s): 6.1815
Sampling Time(s): 0.3101
Loading Time(s): 1.8378
Forward Time(s): 0.4159
Backward Time(s): 0.2337
Update Time(s): 0.0064
Emb Update Time(s): 3.3715
#seeds: 6144
#inputs: 1935230
=====================

=====================
Part 26, Epoch Time(s): 6.1827
Sampling Time(s): 0.2707
Loading Time(s): 1.8303
Forward Time(s): 0.4642
Backward Time(s): 0.2333
Update Time(s): 0.0058
Emb Update Time(s): 3.3727
#seeds: 6144
#inputs: 1955914
==========================================
Part 24, Epoch Time(s): 6.1936
Sampling Time(s): 0.2916
Loading Time(s): 1.8377
Forward Time(s): 0.4464
Backward Time(s): 0.2338
Update Time(s): 0.0051
Emb Update Time(s): 3.3730
#seeds: 6145
#inputs: 1977705
==========================================
Part 25, Epoch Time(s): 6.1812
Sampling Time(s): 0.2680
Loading Time(s): 1.7287
Forward Time(s): 0.5664
Backward Time(s): 0.2335
Update Time(s): 0.0067
Emb Update Time(s): 3.3718
#seeds: 6144
#inputs: 1965259
==========================================
Part 29, Epoch Time(s): 6.1938
Sampling Time(s): 0.2813
Loading Time(s): 1.8978
Forward Time(s): 0.4094
Backward Time(s): 0.2264
Update Time(s): 0.0064
Emb Update Time(s): 3.3665
#seeds: 6144
#inputs: 1967525
==========================================
Part 27, Epoch Time(s): 6.1897
Sampling Time(s): 0.2925
Loading Time(s): 1.7436
Forward Time(s): 0.5367
Backward Time(s): 0.2301
Update Time(s): 0.0084
Emb Update Time(s): 3.3720
#seeds: 6144
#inputs: 1978054
=====================




=====================
Part 31, Epoch Time(s): 6.1764
Sampling Time(s): 0.3021
Loading Time(s): 1.8664
Forward Time(s): 0.3904
Backward Time(s): 0.2320
Update Time(s): 0.0062
Emb Update Time(s): 3.3740
#seeds: 6144
#inputs: 1960027
=====================
=====================
Part 28, Epoch Time(s): 6.1880
Sampling Time(s): 0.2883
Loading Time(s): 1.8938
Forward Time(s): 0.3873
Backward Time(s): 0.2330
Update Time(s): 0.0060
Emb Update Time(s): 3.3735
#seeds: 6144
#inputs: 1982185
=====================
=====================
Part 30, Epoch Time(s): 6.1753
Sampling Time(s): 0.3495
Loading Time(s): 1.7602
Forward Time(s): 0.4471
Backward Time(s): 0.2324
Update Time(s): 0.0089
Emb Update Time(s): 3.3709
#seeds: 6144
#inputs: 1976508
=====================
=====================
Part 13, Epoch Time(s): 6.1910
Sampling Time(s): 0.2605
Loading Time(s): 1.9132
Forward Time(s): 0.4136
Backward Time(s): 0.2295
Update Time(s): 0.0068
Emb Update Time(s): 3.3613
#seeds: 6144
#inputs: 2053548
==========================================
Part 11, Epoch Time(s): 6.1958
Sampling Time(s): 0.3973
Loading Time(s): 1.8249
Forward Time(s): 0.3661
Backward Time(s): 0.2298
Update Time(s): 0.0066
Emb Update Time(s): 3.3650
#seeds: 6144
#inputs: 2029647
=====================

=====================
Part 12, Epoch Time(s): 6.1647
Sampling Time(s): 0.2930
Loading Time(s): 1.9088
Forward Time(s): 0.3612
Backward Time(s): 0.2290
Update Time(s): 0.0061
Emb Update Time(s): 3.3607
#seeds: 6144
#inputs: 2039169
==========================================
Part 15, Epoch Time(s): 6.1817
Sampling Time(s): 0.2908
Loading Time(s): 1.9260
Forward Time(s): 0.3615
Backward Time(s): 0.2259
Update Time(s): 0.0074
Emb Update Time(s): 3.3627
#seeds: 6144
#inputs: 2023799
==========================================
Part 8, Epoch Time(s): 6.1828
Sampling Time(s): 0.2941
Loading Time(s): 1.9600
Forward Time(s): 0.3126
Backward Time(s): 0.2325
Update Time(s): 0.0076
Emb Update Time(s): 3.3698
#seeds: 6144
#inputs: 2038973
=====================
=====================
Part 14, Epoch Time(s): 6.1660
Sampling Time(s): 0.2687
Loading Time(s): 1.8420
Forward Time(s): 0.4364
Backward Time(s): 0.2339
Update Time(s): 0.0067
Emb Update Time(s): 3.3720
#seeds: 6145
#inputs: 2038430
=====================


=====================
Part 9, Epoch Time(s): 6.1587
Sampling Time(s): 0.3533
Loading Time(s): 1.8597
Forward Time(s): 0.3442
Backward Time(s): 0.2293
Update Time(s): 0.0068
Emb Update Time(s): 3.3590
#seeds: 6144
#inputs: 2047126
=====================
=====================
Part 10, Epoch Time(s): 6.1835
Sampling Time(s): 0.2988
Loading Time(s): 1.7384
Forward Time(s): 0.5251
Backward Time(s): 0.2346
Update Time(s): 0.0084
Emb Update Time(s): 3.3705
#seeds: 6145
#inputs: 2032396
=====================
|V|=2449029, eval batch size: 100000
|V|=2449029, eval batch size: 100000
|V|=2449029, eval batch size: 100000
|V|=2449029, eval batch size: 100000
|V|=2449029, eval batch size: 100000
|V|=2449029, eval batch size: 100000
|V|=2449029, eval batch size: 100000
|V|=2449029, eval batch size: 100000
|V|=2449029, eval batch size: 100000
|V|=2449029, eval batch size: 100000
|V|=2449029, eval batch size: 100000
|V|=2449029, eval batch size: 100000
|V|=2449029, eval batch size: 100000
|V|=2449029, eval batch size: 100000
|V|=2449029, eval batch size: 100000
|V|=2449029, eval batch size: 100000
|V|=2449029, eval batch size: 100000
|V|=2449029, eval batch size: 100000
|V|=2449029, eval batch size: 100000
|V|=2449029, eval batch size: 100000
|V|=2449029, eval batch size: 100000
|V|=2449029, eval batch size: 100000
|V|=2449029, eval batch size: 100000
|V|=2449029, eval batch size: 100000
|V|=2449029, eval batch size: 100000
|V|=2449029, eval batch size: 100000
|V|=2449029, eval batch size: 100000
|V|=2449029, eval batch size: 100000
|V|=2449029, eval batch size: 100000
|V|=2449029, eval batch size: 100000
|V|=2449029, eval batch size: 100000
|V|=2449029, eval batch size: 100000
|V|=2449029, eval batch size: 100000
|V|=2449029, eval batch size: 100000
|V|=2449029, eval batch size: 100000
|V|=2449029, eval batch size: 100000
|V|=2449029, eval batch size: 100000
|V|=2449029, eval batch size: 100000
|V|=2449029, eval batch size: 100000
|V|=2449029, eval batch size: 100000
|V|=2449029, eval batch size: 100000
|V|=2449029, eval batch size: 100000
|V|=2449029, eval batch size: 100000
|V|=2449029, eval batch size: 100000
|V|=2449029, eval batch size: 100000
|V|=2449029, eval batch size: 100000
|V|=2449029, eval batch size: 100000
|V|=2449029, eval batch size: 100000
|V|=2449029, eval batch size: 100000
|V|=2449029, eval batch size: 100000
|V|=2449029, eval batch size: 100000
|V|=2449029, eval batch size: 100000
|V|=2449029, eval batch size: 100000
|V|=2449029, eval batch size: 100000
|V|=2449029, eval batch size: 100000
|V|=2449029, eval batch size: 100000
|V|=2449029, eval batch size: 100000|V|=2449029, eval batch size: 100000

|V|=2449029, eval batch size: 100000
|V|=2449029, eval batch size: 100000
|V|=2449029, eval batch size: 100000
|V|=2449029, eval batch size: 100000
|V|=2449029, eval batch size: 100000|V|=2449029, eval batch size: 100000

|V|=2449029, eval batch size: 100000
|V|=2449029, eval batch size: 100000
|V|=2449029, eval batch size: 100000
|V|=2449029, eval batch size: 100000
|V|=2449029, eval batch size: 100000
|V|=2449029, eval batch size: 100000
|V|=2449029, eval batch size: 100000
|V|=2449029, eval batch size: 100000
|V|=2449029, eval batch size: 100000
|V|=2449029, eval batch size: 100000
|V|=2449029, eval batch size: 100000
|V|=2449029, eval batch size: 100000
|V|=2449029, eval batch size: 100000
|V|=2449029, eval batch size: 100000
|V|=2449029, eval batch size: 100000
|V|=2449029, eval batch size: 100000
|V|=2449029, eval batch size: 100000
|V|=2449029, eval batch size: 100000
|V|=2449029, eval batch size: 100000
|V|=2449029, eval batch size: 100000
|V|=2449029, eval batch size: 100000
|V|=2449029, eval batch size: 100000
|V|=2449029, eval batch size: 100000
|V|=2449029, eval batch size: 100000
|V|=2449029, eval batch size: 100000
|V|=2449029, eval batch size: 100000
|V|=2449029, eval batch size: 100000
|V|=2449029, eval batch size: 100000
|V|=2449029, eval batch size: 100000
|V|=2449029, eval batch size: 100000
|V|=2449029, eval batch size: 100000
|V|=2449029, eval batch size: 100000
Part 13, Val Acc 0.4166, Test Acc 0.3204, time: 7.3622
Part 11, Val Acc 0.4630, Test Acc 0.3225, time: 7.3701
Part 14, Val Acc 0.4280, Test Acc 0.3236, time: 7.3734
Part 25, Val Acc 0.5712, Test Acc 0.4116, time: 7.3748
Part 16, Val Acc 0.2002, Test Acc 0.1224, time: 7.3763
Part 23, Val Acc 0.1969, Test Acc 0.1254, time: 7.3766
Part 10, Val Acc 0.4516, Test Acc 0.3231, time: 7.3806
Part 31, Val Acc 0.5749, Test Acc 0.4063, time: 7.3808
Part 12, Val Acc 0.4312, Test Acc 0.3189, time: 7.3817
Part 8, Val Acc 0.4516, Test Acc 0.3211, time: 7.3832
Part 6, Val Acc 0.5427, Test Acc 0.4979, time: 7.3838
Part 22, Val Acc 0.2091, Test Acc 0.1248, time: 7.3838
Part 29, Val Acc 0.5549, Test Acc 0.4075, time: 7.3838
Part 9, Val Acc 0.4687, Test Acc 0.3181, time: 7.3854
Part 3, Val Acc 0.5395, Test Acc 0.5013, time: 7.3858
Part 20, Val Acc 0.2003, Test Acc 0.1229, time: 7.3858
Part 17, Val Acc 0.1912, Test Acc 0.1226, time: 7.3861
Part 28, Val Acc 0.5603, Test Acc 0.4057, time: 7.3874
Part 19, Val Acc 0.2018, Test Acc 0.1261, time: 7.3877
Part 7, Val Acc 0.5435, Test Acc 0.5049, time: 7.3886
Part 27, Val Acc 0.5606, Test Acc 0.4100, time: 7.3887
Part 1, Val Acc 0.5175, Test Acc 0.5012, time: 7.3896
Part 18, Val Acc 0.1814, Test Acc 0.1256, time: 7.3921
Part 21, Val Acc 0.1969, Test Acc 0.1242, time: 7.3922
Part 5, Val Acc 0.5204, Test Acc 0.5006, time: 7.3936
Part 4, Val Acc 0.5118, Test Acc 0.5026, time: 7.3939
Part 2, Val Acc 0.5207, Test Acc 0.5023, time: 7.3941
Part 0, Val Acc 0.5476, Test Acc 0.5000, time: 7.3944
Part 24, Val Acc 0.5655, Test Acc 0.4092, time: 7.3970
Part 26, Val Acc 0.6029, Test Acc 0.4101, time: 7.4001
Part 30, Val Acc 0.5980, Test Acc 0.4062, time: 7.4018
Part 15, Val Acc 0.4536, Test Acc 0.3194, time: 7.4096
All parts avg val acc 0.4367, test acc 0.3387
Part 3 | Epoch 00003 | Step 00000 | Loss 1.8309 | Train Acc 0.4940 | Speed (samples/sec) 974.1518 | GPU 1642.6 MB | time 0.935 s
Part 1 | Epoch 00003 | Step 00000 | Loss 1.7332 | Train Acc 0.5240 | Speed (samples/sec) 976.4598 | GPU 1649.4 MB | time 0.931 s
Part 2 | Epoch 00003 | Step 00000 | Loss 1.7038 | Train Acc 0.5510 | Speed (samples/sec) 976.2372 | GPU 1641.1 MB | time 0.926 s
Part 16 | Epoch 00003 | Step 00000 | Loss 2.7501 | Train Acc 0.1680 | Speed (samples/sec) 973.8541 | GPU 1680.5 MB | time 0.944 s
Part 17 | Epoch 00003 | Step 00000 | Loss 2.7743 | Train Acc 0.1570 | Speed (samples/sec) 977.1255 | GPU 1687.9 MB | time 0.935 s
Part 20 | Epoch 00003 | Step 00000 | Loss 2.7512 | Train Acc 0.1640 | Speed (samples/sec) 974.4483 | GPU 1680.8 MB | time 0.934 s
Part 31 | Epoch 00003 | Step 00000 | Loss 1.8881 | Train Acc 0.5240 | Speed (samples/sec) 974.3818 | GPU 1769.0 MB | time 0.940 sPart 24 | Epoch 00003 | Step 00000 | Loss 1.8941 | Train Acc 0.5250 | Speed (samples/sec) 974.5783 | GPU 1775.1 MB | time 0.923 s

Part 26 | Epoch 00003 | Step 00000 | Loss 1.9120 | Train Acc 0.5260 | Speed (samples/sec) 974.8140 | GPU 1785.6 MB | time 0.920 s
Part 29 | Epoch 00003 | Step 00000 | Loss 1.8521 | Train Acc 0.5220 | Speed (samples/sec) 973.2209 | GPU 1776.5 MB | time 0.937 s
Part 19 | Epoch 00003 | Step 00000 | Loss 2.7558 | Train Acc 0.1450 | Speed (samples/sec) 976.7025 | GPU 1687.6 MB | time 0.933 s
Part 23 | Epoch 00003 | Step 00000 | Loss 2.7335 | Train Acc 0.1680 | Speed (samples/sec) 973.2929 | GPU 1673.5 MB | time 0.944 s
Part 18 | Epoch 00003 | Step 00000 | Loss 2.7670 | Train Acc 0.1540 | Speed (samples/sec) 977.5877 | GPU 1686.1 MB | time 0.928 s
Part 25 | Epoch 00003 | Step 00000 | Loss 1.8409 | Train Acc 0.5510 | Speed (samples/sec) 975.1465 | GPU 1782.1 MB | time 0.946 s
Part 0 | Epoch 00003 | Step 00000 | Loss 1.8599 | Train Acc 0.4840 | Speed (samples/sec) 979.3767 | GPU 1643.4 MB | time 0.911 s
Part 7 | Epoch 00003 | Step 00000 | Loss 1.8370 | Train Acc 0.4920 | Speed (samples/sec) 975.0351 | GPU 1660.1 MB | time 0.932 s
Part 6 | Epoch 00003 | Step 00000 | Loss 1.9019 | Train Acc 0.4830 | Speed (samples/sec) 974.4488 | GPU 1643.3 MB | time 0.937 sPart 4 | Epoch 00003 | Step 00000 | Loss 1.8078 | Train Acc 0.5290 | Speed (samples/sec) 975.8165 | GPU 1649.4 MB | time 0.927 s

Part 30 | Epoch 00003 | Step 00000 | Loss 1.8534 | Train Acc 0.5330 | Speed (samples/sec) 975.9372 | GPU 1768.1 MB | time 0.918 s
Part 22 | Epoch 00003 | Step 00000 | Loss 2.8090 | Train Acc 0.1580 | Speed (samples/sec) 974.9255 | GPU 1681.2 MB | time 0.937 s
Part 11 | Epoch 00003 | Step 00000 | Loss 2.1685 | Train Acc 0.3910 | Speed (samples/sec) 972.3999 | GPU 1915.5 MB | time 0.950 sPart 14 | Epoch 00003 | Step 00000 | Loss 2.2162 | Train Acc 0.3970 | Speed (samples/sec) 974.3299 | GPU 1932.5 MB | time 0.947 s

Part 12 | Epoch 00003 | Step 00000 | Loss 2.1817 | Train Acc 0.3950 | Speed (samples/sec) 975.8076 | GPU 1914.1 MB | time 0.939 s
Part 13 | Epoch 00003 | Step 00000 | Loss 2.2282 | Train Acc 0.3770 | Speed (samples/sec) 973.1177 | GPU 1907.1 MB | time 0.959 s
Part 9 | Epoch 00003 | Step 00000 | Loss 2.2215 | Train Acc 0.3570 | Speed (samples/sec) 975.4085 | GPU 1915.8 MB | time 0.935 s
Part 8 | Epoch 00003 | Step 00000 | Loss 2.1510 | Train Acc 0.4060 | Speed (samples/sec) 974.5438 | GPU 1918.3 MB | time 0.937 s
Part 15 | Epoch 00003 | Step 00000 | Loss 2.2058 | Train Acc 0.3740 | Speed (samples/sec) 977.0280 | GPU 1906.4 MB | time 0.911 s
Part 5 | Epoch 00003 | Step 00000 | Loss 1.7935 | Train Acc 0.5290 | Speed (samples/sec) 975.6995 | GPU 1648.9 MB | time 0.927 s
Part 28 | Epoch 00003 | Step 00000 | Loss 1.8710 | Train Acc 0.5360 | Speed (samples/sec) 973.9169 | GPU 1772.3 MB | time 0.933 s
Part 10 | Epoch 00003 | Step 00000 | Loss 2.1880 | Train Acc 0.3920 | Speed (samples/sec) 973.9740 | GPU 1914.1 MB | time 0.940 s
Part 27 | Epoch 00003 | Step 00000 | Loss 1.9200 | Train Acc 0.5230 | Speed (samples/sec) 974.3458 | GPU 1775.4 MB | time 0.931 s
Part 21 | Epoch 00003 | Step 00000 | Loss 2.6720 | Train Acc 0.1770 | Speed (samples/sec) 976.5044 | GPU 1687.0 MB | time 0.928 s
Avg train acc 0.3971
=====================
Part 7, Epoch Time(s): 6.2010
Sampling Time(s): 0.3036
Loading Time(s): 1.6382
Forward Time(s): 0.6494
Backward Time(s): 0.2364
Update Time(s): 0.0060
Emb Update Time(s): 3.3611
#seeds: 6144
#inputs: 1927043
=====================
=====================
Part 5, Epoch Time(s): 6.1959
Sampling Time(s): 0.2818
Loading Time(s): 1.6754
Forward Time(s): 0.6284
Backward Time(s): 0.2365
Update Time(s): 0.0068
Emb Update Time(s): 3.3605
#seeds: 6144
#inputs: 1926899
==========================================
Part 2, Epoch Time(s): 6.1952
Sampling Time(s): 0.3587
Loading Time(s): 1.6529
Forward Time(s): 0.5737
Backward Time(s): 0.2374
Update Time(s): 0.0069
Emb Update Time(s): 3.3591
#seeds: 6145
#inputs: 1920542
=====================

=====================
Part 3, Epoch Time(s): 6.2035
Sampling Time(s): 0.3035
Loading Time(s): 1.6567
Forward Time(s): 0.6337
Backward Time(s): 0.2380
Update Time(s): 0.0064
Emb Update Time(s): 3.3592
#seeds: 6144
#inputs: 1926253
=====================
=====================
Part 1, Epoch Time(s): 6.2001
Sampling Time(s): 0.3059
Loading Time(s): 1.6482
Forward Time(s): 0.6360
Backward Time(s): 0.2379
Update Time(s): 0.0062
Emb Update Time(s): 3.3594
#seeds: 6145
#inputs: 1928146
=====================
=====================
Part 6, Epoch Time(s): 6.2055
Sampling Time(s): 0.3051
Loading Time(s): 1.8525
Forward Time(s): 0.4535
Backward Time(s): 0.2295
Update Time(s): 0.0080
Emb Update Time(s): 3.3497
#seeds: 6144
#inputs: 1941196
=====================
=====================
Part 0, Epoch Time(s): 6.1793
Sampling Time(s): 0.3571
Loading Time(s): 1.5564
Forward Time(s): 0.6554
Backward Time(s): 0.2379
Update Time(s): 0.0083
Emb Update Time(s): 3.3572
#seeds: 6144
#inputs: 1938662
=====================
=====================
Part 4, Epoch Time(s): 6.1957
Sampling Time(s): 0.3168
Loading Time(s): 1.4116
Forward Time(s): 0.8569
Backward Time(s): 0.2367
Update Time(s): 0.0094
Emb Update Time(s): 3.3575
#seeds: 6144
#inputs: 1925607
=====================
=====================
Part 16, Epoch Time(s): 6.2139
Sampling Time(s): 0.2615
Loading Time(s): 1.6914
Forward Time(s): 0.6505
Backward Time(s): 0.2364
Update Time(s): 0.0054
Emb Update Time(s): 3.3620
#seeds: 6145
#inputs: 1931249
==========================================
Part 17, Epoch Time(s): 6.2038
Sampling Time(s): 0.2706
Loading Time(s): 1.6496
Forward Time(s): 0.6732
Backward Time(s): 0.2361
Update Time(s): 0.0058
Emb Update Time(s): 3.3620
#seeds: 6144
#inputs: 1943755
=====================

=====================
Part 23, Epoch Time(s): 6.2136
Sampling Time(s): 0.2930
Loading Time(s): 1.7734
Forward Time(s): 0.5524
Backward Time(s): 0.2308
Update Time(s): 0.0070
Emb Update Time(s): 3.3502
#seeds: 6144
#inputs: 1933639
=====================
=====================
Part 18, Epoch Time(s): 6.1973
Sampling Time(s): 0.3880
Loading Time(s): 1.7157
Forward Time(s): 0.4861
Backward Time(s): 0.2328
Update Time(s): 0.0062
Emb Update Time(s): 3.3615
#seeds: 6144
#inputs: 1948150
==========================================
Part 20, Epoch Time(s): 6.2041
Sampling Time(s): 0.2812
Loading Time(s): 1.6928
Forward Time(s): 0.6190
Backward Time(s): 0.2357
Update Time(s): 0.0060
Emb Update Time(s): 3.3618
#seeds: 6144
#inputs: 1911304
=====================
=====================
Part 19, Epoch Time(s): 6.2026
Sampling Time(s): 0.2962
Loading Time(s): 1.4494
Forward Time(s): 0.8464
Backward Time(s): 0.2357
Update Time(s): 0.0061
Emb Update Time(s): 3.3621
#seeds: 6144
#inputs: 1928327
==========================================
Part 21, Epoch Time(s): 6.1982
Sampling Time(s): 0.3075
Loading Time(s): 1.7894
Forward Time(s): 0.4898
Backward Time(s): 0.2352
Update Time(s): 0.0063
Emb Update Time(s): 3.3625
#seeds: 6145
#inputs: 1927939
=====================


=====================
Part 22, Epoch Time(s): 6.2064
Sampling Time(s): 0.3138
Loading Time(s): 1.7127
Forward Time(s): 0.5679
Backward Time(s): 0.2350
Update Time(s): 0.0058
Emb Update Time(s): 3.3639
#seeds: 6144
#inputs: 1929186
=====================
=====================
Part 12, Epoch Time(s): 6.2080
Sampling Time(s): 0.3138
Loading Time(s): 1.8941
Forward Time(s): 0.4014
Backward Time(s): 0.2315
Update Time(s): 0.0055
Emb Update Time(s): 3.3558
#seeds: 6144
#inputs: 2044132
==========================================
Part 8, Epoch Time(s): 6.2062
Sampling Time(s): 0.2704
Loading Time(s): 1.7997
Forward Time(s): 0.5279
Backward Time(s): 0.2345
Update Time(s): 0.0068
Emb Update Time(s): 3.3608
#seeds: 6144
#inputs: 2043294
=====================

=====================
Part 15, Epoch Time(s): 6.1798
Sampling Time(s): 0.2940
Loading Time(s): 1.8982
Forward Time(s): 0.3927
Backward Time(s): 0.2305
Update Time(s): 0.0072
Emb Update Time(s): 3.3512
#seeds: 6144
#inputs: 2027114
==========================================
Part 9, Epoch Time(s): 6.2040
Sampling Time(s): 0.4327
Loading Time(s): 1.8763
Forward Time(s): 0.3069
Backward Time(s): 0.2252
Update Time(s): 0.0059
Emb Update Time(s): 3.3514
#seeds: 6144
#inputs: 2048890
==========================================
Part 14, Epoch Time(s): 6.2162
Sampling Time(s): 0.3024
Loading Time(s): 1.8731
Forward Time(s): 0.4313
Backward Time(s): 0.2343
Update Time(s): 0.0062
Emb Update Time(s): 3.3630
#seeds: 6145
#inputs: 2040547
==========================================
Part 10, Epoch Time(s): 6.2090
Sampling Time(s): 0.3074
Loading Time(s): 1.7964
Forward Time(s): 0.5088
Backward Time(s): 0.2326
Update Time(s): 0.0091
Emb Update Time(s): 3.3483
#seeds: 6145
#inputs: 2030816
=====================


=====================
Part 13, Epoch Time(s): 6.2274
Sampling Time(s): 0.2997
Loading Time(s): 1.9215
Forward Time(s): 0.3966
Backward Time(s): 0.2346
Update Time(s): 0.0062
Emb Update Time(s): 3.3628
#seeds: 6144
#inputs: 2052085
=====================
=====================
Part 11, Epoch Time(s): 6.2194
Sampling Time(s): 0.3290
Loading Time(s): 1.8421
Forward Time(s): 0.4386
Backward Time(s): 0.2352
Update Time(s): 0.0058
Emb Update Time(s): 3.3630
#seeds: 6144
#inputs: 2033911
=====================

=====================
Part 24, Epoch Time(s): 6.1922
Sampling Time(s): 0.2831
Loading Time(s): 1.8858
Forward Time(s): 0.4237
Backward Time(s): 0.2316
Update Time(s): 0.0071
Emb Update Time(s): 3.3549
#seeds: 6145
#inputs: 1981881
==========================================
Part 28, Epoch Time(s): 6.2018
Sampling Time(s): 0.2923
Loading Time(s): 1.9710
Forward Time(s): 0.3433
Backward Time(s): 0.2317
Update Time(s): 0.0071
Emb Update Time(s): 3.3501
#seeds: 6144
#inputs: 1986646
==========================================
Part 26, Epoch Time(s): 6.1893
Sampling Time(s): 0.2953
Loading Time(s): 1.8559
Forward Time(s): 0.4287
Backward Time(s): 0.2351
Update Time(s): 0.0062
Emb Update Time(s): 3.3621
#seeds: 6144
#inputs: 1958729
==========================================
Part 29, Epoch Time(s): 6.2058
Sampling Time(s): 0.3068
Loading Time(s): 1.7867
Forward Time(s): 0.5042
Backward Time(s): 0.2333
Update Time(s): 0.0063
Emb Update Time(s): 3.3625
#seeds: 6144
#inputs: 1966981
==========================================
Part 31, Epoch Time(s): 6.2087
Sampling Time(s): 0.2886
Loading Time(s): 1.8351
Forward Time(s): 0.4756
Backward Time(s): 0.2344
Update Time(s): 0.0066
Emb Update Time(s): 3.3623
#seeds: 6144
#inputs: 1960577
=====================




=====================
Part 30, Epoch Time(s): 6.1873
Sampling Time(s): 0.3413
Loading Time(s): 1.5491
Forward Time(s): 0.6873
Backward Time(s): 0.2344
Update Time(s): 0.0110
Emb Update Time(s): 3.3578
#seeds: 6144
#inputs: 1972160
=====================
=====================
Part 25, Epoch Time(s): 6.2149
Sampling Time(s): 0.3024
Loading Time(s): 1.6814
Forward Time(s): 0.6215
Backward Time(s): 0.2353
Update Time(s): 0.0083
Emb Update Time(s): 3.3599
#seeds: 6144
#inputs: 1964773
=====================
=====================
Part 27, Epoch Time(s): 6.2003
Sampling Time(s): 0.2965
Loading Time(s): 1.8644
Forward Time(s): 0.4298
Backward Time(s): 0.2340
Update Time(s): 0.0093
Emb Update Time(s): 3.3596
#seeds: 6144
#inputs: 1972098
=====================
|V|=2449029, eval batch size: 100000
|V|=2449029, eval batch size: 100000
|V|=2449029, eval batch size: 100000
|V|=2449029, eval batch size: 100000
|V|=2449029, eval batch size: 100000
|V|=2449029, eval batch size: 100000
|V|=2449029, eval batch size: 100000
|V|=2449029, eval batch size: 100000
|V|=2449029, eval batch size: 100000
|V|=2449029, eval batch size: 100000
|V|=2449029, eval batch size: 100000
|V|=2449029, eval batch size: 100000
|V|=2449029, eval batch size: 100000
|V|=2449029, eval batch size: 100000
|V|=2449029, eval batch size: 100000
|V|=2449029, eval batch size: 100000
|V|=2449029, eval batch size: 100000
|V|=2449029, eval batch size: 100000
|V|=2449029, eval batch size: 100000
|V|=2449029, eval batch size: 100000
|V|=2449029, eval batch size: 100000
|V|=2449029, eval batch size: 100000
|V|=2449029, eval batch size: 100000
|V|=2449029, eval batch size: 100000
|V|=2449029, eval batch size: 100000
|V|=2449029, eval batch size: 100000
|V|=2449029, eval batch size: 100000
|V|=2449029, eval batch size: 100000
|V|=2449029, eval batch size: 100000
|V|=2449029, eval batch size: 100000
|V|=2449029, eval batch size: 100000
|V|=2449029, eval batch size: 100000
|V|=2449029, eval batch size: 100000
|V|=2449029, eval batch size: 100000
|V|=2449029, eval batch size: 100000
|V|=2449029, eval batch size: 100000
|V|=2449029, eval batch size: 100000
|V|=2449029, eval batch size: 100000
|V|=2449029, eval batch size: 100000|V|=2449029, eval batch size: 100000

|V|=2449029, eval batch size: 100000
|V|=2449029, eval batch size: 100000
|V|=2449029, eval batch size: 100000
|V|=2449029, eval batch size: 100000
|V|=2449029, eval batch size: 100000
|V|=2449029, eval batch size: 100000
|V|=2449029, eval batch size: 100000
|V|=2449029, eval batch size: 100000
|V|=2449029, eval batch size: 100000
|V|=2449029, eval batch size: 100000
|V|=2449029, eval batch size: 100000
|V|=2449029, eval batch size: 100000
|V|=2449029, eval batch size: 100000
|V|=2449029, eval batch size: 100000|V|=2449029, eval batch size: 100000

|V|=2449029, eval batch size: 100000
|V|=2449029, eval batch size: 100000
|V|=2449029, eval batch size: 100000
|V|=2449029, eval batch size: 100000
|V|=2449029, eval batch size: 100000
|V|=2449029, eval batch size: 100000
|V|=2449029, eval batch size: 100000
|V|=2449029, eval batch size: 100000
|V|=2449029, eval batch size: 100000
|V|=2449029, eval batch size: 100000
|V|=2449029, eval batch size: 100000
|V|=2449029, eval batch size: 100000
|V|=2449029, eval batch size: 100000
|V|=2449029, eval batch size: 100000
|V|=2449029, eval batch size: 100000
|V|=2449029, eval batch size: 100000
|V|=2449029, eval batch size: 100000
|V|=2449029, eval batch size: 100000
|V|=2449029, eval batch size: 100000|V|=2449029, eval batch size: 100000

|V|=2449029, eval batch size: 100000
|V|=2449029, eval batch size: 100000
|V|=2449029, eval batch size: 100000
|V|=2449029, eval batch size: 100000
|V|=2449029, eval batch size: 100000
|V|=2449029, eval batch size: 100000
|V|=2449029, eval batch size: 100000|V|=2449029, eval batch size: 100000

|V|=2449029, eval batch size: 100000
|V|=2449029, eval batch size: 100000
|V|=2449029, eval batch size: 100000
|V|=2449029, eval batch size: 100000
|V|=2449029, eval batch size: 100000
|V|=2449029, eval batch size: 100000|V|=2449029, eval batch size: 100000|V|=2449029, eval batch size: 100000


|V|=2449029, eval batch size: 100000
|V|=2449029, eval batch size: 100000
|V|=2449029, eval batch size: 100000
|V|=2449029, eval batch size: 100000
|V|=2449029, eval batch size: 100000
Part 31, Val Acc 0.6735, Test Acc 0.4877, time: 7.0492
Part 26, Val Acc 0.7111, Test Acc 0.4924, time: 7.0496
Part 15, Val Acc 0.7003, Test Acc 0.4803, time: 7.0496
Part 6, Val Acc 0.7787, Test Acc 0.6108, time: 7.0504
Part 29, Val Acc 0.6688, Test Acc 0.4900, time: 7.0531
Part 25, Val Acc 0.6876, Test Acc 0.4930, time: 7.0536
Part 3, Val Acc 0.7543, Test Acc 0.6143, time: 7.0544
Part 30, Val Acc 0.7055, Test Acc 0.4882, time: 7.0568
Part 13, Val Acc 0.6615, Test Acc 0.4802, time: 7.0576
Part 8, Val Acc 0.6778, Test Acc 0.4790, time: 7.0581
Part 9, Val Acc 0.6949, Test Acc 0.4795, time: 7.0588
Part 12, Val Acc 0.6786, Test Acc 0.4783, time: 7.0601
Part 7, Val Acc 0.7494, Test Acc 0.6169, time: 7.0615
Part 17, Val Acc 0.5110, Test Acc 0.2819, time: 7.0638
Part 5, Val Acc 0.7769, Test Acc 0.6145, time: 7.0657
Part 0, Val Acc 0.7624, Test Acc 0.6153, time: 7.0664
Part 14, Val Acc 0.6672, Test Acc 0.4818, time: 7.0662
Part 28, Val Acc 0.6816, Test Acc 0.4858, time: 7.0664
Part 1, Val Acc 0.7356, Test Acc 0.6162, time: 7.0667
Part 4, Val Acc 0.7526, Test Acc 0.6160, time: 7.0671
Part 22, Val Acc 0.5191, Test Acc 0.2869, time: 7.0685
Part 20, Val Acc 0.5252, Test Acc 0.2816, time: 7.0706
Part 2, Val Acc 0.7681, Test Acc 0.6150, time: 7.0716
Part 23, Val Acc 0.5207, Test Acc 0.2863, time: 7.0717
Part 11, Val Acc 0.6876, Test Acc 0.4790, time: 7.0740
Part 10, Val Acc 0.7038, Test Acc 0.4826, time: 7.0744
Part 16, Val Acc 0.5061, Test Acc 0.2829, time: 7.0753
Part 21, Val Acc 0.4817, Test Acc 0.2850, time: 7.0754
Part 24, Val Acc 0.6867, Test Acc 0.4900, time: 7.0756
Part 19, Val Acc 0.5175, Test Acc 0.2843, time: 7.0763
Part 18, Val Acc 0.5183, Test Acc 0.2855, time: 7.0767
Part 27, Val Acc 0.6884, Test Acc 0.4911, time: 7.0771
All parts avg val acc 0.6610, test acc 0.4673
Part 29 | Epoch 00004 | Step 00000 | Loss 1.4163 | Train Acc 0.6100 | Speed (samples/sec) 976.8169 | GPU 1776.5 MB | time 0.941 s
Part 24 | Epoch 00004 | Step 00000 | Loss 1.4497 | Train Acc 0.5960 | Speed (samples/sec) 978.8746 | GPU 1776.6 MB | time 0.918 sPart 26 | Epoch 00004 | Step 00000 | Loss 1.4602 | Train Acc 0.5980 | Speed (samples/sec) 977.8275 | GPU 1785.6 MB | time 0.944 s

Part 28 | Epoch 00004 | Step 00000 | Loss 1.4121 | Train Acc 0.6070 | Speed (samples/sec) 977.9500 | GPU 1772.3 MB | time 0.927 s
Part 31 | Epoch 00004 | Step 00000 | Loss 1.3250 | Train Acc 0.6350 | Speed (samples/sec) 977.4939 | GPU 1769.0 MB | time 0.945 s
Part 25 | Epoch 00004 | Step 00000 | Loss 1.3902 | Train Acc 0.6220 | Speed (samples/sec) 978.2541 | GPU 1782.1 MB | time 0.940 s
Part 27 | Epoch 00004 | Step 00000 | Loss 1.4620 | Train Acc 0.6040 | Speed (samples/sec) 978.7583 | GPU 1775.4 MB | time 0.916 s
Part 30 | Epoch 00004 | Step 00000 | Loss 1.4491 | Train Acc 0.5900 | Speed (samples/sec) 978.9670 | GPU 1768.1 MB | time 0.937 s
Part 18 | Epoch 00004 | Step 00000 | Loss 2.4279 | Train Acc 0.2870 | Speed (samples/sec) 981.0782 | GPU 1686.1 MB | time 0.917 s
Part 23 | Epoch 00004 | Step 00000 | Loss 2.4176 | Train Acc 0.3040 | Speed (samples/sec) 977.7079 | GPU 1673.5 MB | time 0.922 sPart 17 | Epoch 00004 | Step 00000 | Loss 2.2943 | Train Acc 0.3280 | Speed (samples/sec) 980.1553 | GPU 1687.9 MB | time 0.930 s

Part 21 | Epoch 00004 | Step 00000 | Loss 2.3296 | Train Acc 0.3090 | Speed (samples/sec) 980.2700 | GPU 1687.0 MB | time 0.919 sPart 16 | Epoch 00004 | Step 00000 | Loss 2.2974 | Train Acc 0.3190 | Speed (samples/sec) 978.3225 | GPU 1680.5 MB | time 0.919 s

Part 19 | Epoch 00004 | Step 00000 | Loss 2.3644 | Train Acc 0.3050 | Speed (samples/sec) 980.4105 | GPU 1687.6 MB | time 0.918 s
Part 22 | Epoch 00004 | Step 00000 | Loss 2.2835 | Train Acc 0.3340 | Speed (samples/sec) 978.7856 | GPU 1681.2 MB | time 0.925 s
Part 12 | Epoch 00004 | Step 00000 | Loss 1.7700 | Train Acc 0.5350 | Speed (samples/sec) 979.0068 | GPU 1914.3 MB | time 0.934 sPart 11 | Epoch 00004 | Step 00000 | Loss 1.7565 | Train Acc 0.5530 | Speed (samples/sec) 977.1333 | GPU 1918.0 MB | time 0.920 s

Part 9 | Epoch 00004 | Step 00000 | Loss 1.6436 | Train Acc 0.5720 | Speed (samples/sec) 978.6866 | GPU 1915.8 MB | time 0.935 s
Part 13 | Epoch 00004 | Step 00000 | Loss 1.6931 | Train Acc 0.5590 | Speed (samples/sec) 976.9601 | GPU 1907.1 MB | time 0.936 s
Part 14 | Epoch 00004 | Step 00000 | Loss 1.6888 | Train Acc 0.5490 | Speed (samples/sec) 978.2562 | GPU 1932.5 MB | time 0.928 s
Part 20 | Epoch 00004 | Step 00000 | Loss 2.3262 | Train Acc 0.3220 | Speed (samples/sec) 978.4983 | GPU 1680.8 MB | time 0.923 s
Part 5 | Epoch 00004 | Step 00000 | Loss 1.3350 | Train Acc 0.6610 | Speed (samples/sec) 979.2179 | GPU 1649.8 MB | time 0.928 s
Part 0 | Epoch 00004 | Step 00000 | Loss 1.2669 | Train Acc 0.6760 | Speed (samples/sec) 982.4777 | GPU 1643.4 MB | time 0.916 s
Part 7 | Epoch 00004 | Step 00000 | Loss 1.2938 | Train Acc 0.6730 | Speed (samples/sec) 978.5250 | GPU 1661.9 MB | time 0.933 s
Part 8 | Epoch 00004 | Step 00000 | Loss 1.6893 | Train Acc 0.5590 | Speed (samples/sec) 978.0648 | GPU 1918.3 MB | time 0.935 s
Part 10 | Epoch 00004 | Step 00000 | Loss 1.6600 | Train Acc 0.5660 | Speed (samples/sec) 978.3956 | GPU 1914.1 MB | time 0.920 s
Part 15 | Epoch 00004 | Step 00000 | Loss 1.6935 | Train Acc 0.5600 | Speed (samples/sec) 979.4545 | GPU 1906.4 MB | time 0.944 s
Part 3 | Epoch 00004 | Step 00000 | Loss 1.2986 | Train Acc 0.6740 | Speed (samples/sec) 977.5677 | GPU 1642.6 MB | time 0.940 s
Part 6 | Epoch 00004 | Step 00000 | Loss 1.3347 | Train Acc 0.6730 | Speed (samples/sec) 977.6408 | GPU 1643.3 MB | time 0.944 s
Part 4 | Epoch 00004 | Step 00000 | Loss 1.3717 | Train Acc 0.6770 | Speed (samples/sec) 979.3778 | GPU 1649.4 MB | time 0.927 s
Part 2 | Epoch 00004 | Step 00000 | Loss 1.3162 | Train Acc 0.6650 | Speed (samples/sec) 979.9108 | GPU 1646.5 MB | time 0.922 s
Part 1 | Epoch 00004 | Step 00000 | Loss 1.3034 | Train Acc 0.6770 | Speed (samples/sec) 979.7633 | GPU 1649.4 MB | time 0.929 s
Avg train acc 0.5375
