The number of OMP threads per trainer is set to 6
Namespace(cache_server_addr='127.0.0.1', cache_server_port=32451, graph_name='ogbn-products', id=None, ip_config='ip_config4.txt', part_config=None, n_classes=None, num_gpus=8, num_epochs=20, num_hidden=256, fan_out='5,10,15', batch_size=1000, batch_size_eval=100000, log_every=20, eval_every=21, lr=0.003, dropout=0.5, local_rank=None, standalone=False, sparse_lr=0.01, presampling=True, hot_threshold=0.1)
Namespace(cache_server_addr='127.0.0.1', cache_server_port=32451, graph_name='ogbn-products', id=None, ip_config='ip_config4.txt', part_config=None, n_classes=None, num_gpus=8, num_epochs=20, num_hidden=256, fan_out='5,10,15', batch_size=1000, batch_size_eval=100000, log_every=20, eval_every=21, lr=0.003, dropout=0.5, local_rank=None, standalone=False, sparse_lr=0.01, presampling=True, hot_threshold=0.1)
Namespace(cache_server_addr='127.0.0.1', cache_server_port=32451, graph_name='ogbn-products', id=None, ip_config='ip_config4.txt', part_config=None, n_classes=None, num_gpus=8, num_epochs=20, num_hidden=256, fan_out='5,10,15', batch_size=1000, batch_size_eval=100000, log_every=20, eval_every=21, lr=0.003, dropout=0.5, local_rank=None, standalone=False, sparse_lr=0.01, presampling=True, hot_threshold=0.1)
Namespace(cache_server_addr='127.0.0.1', cache_server_port=32451, graph_name='ogbn-products', id=None, ip_config='ip_config4.txt', part_config=None, n_classes=None, num_gpus=8, num_epochs=20, num_hidden=256, fan_out='5,10,15', batch_size=1000, batch_size_eval=100000, log_every=20, eval_every=21, lr=0.003, dropout=0.5, local_rank=None, standalone=False, sparse_lr=0.01, presampling=True, hot_threshold=0.1)
Namespace(cache_server_addr='127.0.0.1', cache_server_port=32451, graph_name='ogbn-products', id=None, ip_config='ip_config4.txt', part_config=None, n_classes=None, num_gpus=8, num_epochs=20, num_hidden=256, fan_out='5,10,15', batch_size=1000, batch_size_eval=100000, log_every=20, eval_every=21, lr=0.003, dropout=0.5, local_rank=None, standalone=False, sparse_lr=0.01, presampling=True, hot_threshold=0.1)
Namespace(cache_server_addr='127.0.0.1', cache_server_port=32451, graph_name='ogbn-products', id=None, ip_config='ip_config4.txt', part_config=None, n_classes=None, num_gpus=8, num_epochs=20, num_hidden=256, fan_out='5,10,15', batch_size=1000, batch_size_eval=100000, log_every=20, eval_every=21, lr=0.003, dropout=0.5, local_rank=None, standalone=False, sparse_lr=0.01, presampling=True, hot_threshold=0.1)
Namespace(cache_server_addr='127.0.0.1', cache_server_port=32451, graph_name='ogbn-products', id=None, ip_config='ip_config4.txt', part_config=None, n_classes=None, num_gpus=8, num_epochs=20, num_hidden=256, fan_out='5,10,15', batch_size=1000, batch_size_eval=100000, log_every=20, eval_every=21, lr=0.003, dropout=0.5, local_rank=None, standalone=False, sparse_lr=0.01, presampling=True, hot_threshold=0.1)
Namespace(cache_server_addr='127.0.0.1', cache_server_port=32451, graph_name='ogbn-products', id=None, ip_config='ip_config4.txt', part_config=None, n_classes=None, num_gpus=8, num_epochs=20, num_hidden=256, fan_out='5,10,15', batch_size=1000, batch_size_eval=100000, log_every=20, eval_every=21, lr=0.003, dropout=0.5, local_rank=None, standalone=False, sparse_lr=0.01, presampling=True, hot_threshold=0.1)
Namespace(cache_server_addr='127.0.0.1', cache_server_port=32451, graph_name='ogbn-products', id=None, ip_config='ip_config4.txt', part_config=None, n_classes=None, num_gpus=8, num_epochs=20, num_hidden=256, fan_out='5,10,15', batch_size=1000, batch_size_eval=100000, log_every=20, eval_every=21, lr=0.003, dropout=0.5, local_rank=None, standalone=False, sparse_lr=0.01, presampling=True, hot_threshold=0.1)
Namespace(cache_server_addr='127.0.0.1', cache_server_port=32451, graph_name='ogbn-products', id=None, ip_config='ip_config4.txt', part_config=None, n_classes=None, num_gpus=8, num_epochs=20, num_hidden=256, fan_out='5,10,15', batch_size=1000, batch_size_eval=100000, log_every=20, eval_every=21, lr=0.003, dropout=0.5, local_rank=None, standalone=False, sparse_lr=0.01, presampling=True, hot_threshold=0.1)
Namespace(cache_server_addr='127.0.0.1', cache_server_port=32451, graph_name='ogbn-products', id=None, ip_config='ip_config4.txt', part_config=None, n_classes=None, num_gpus=8, num_epochs=20, num_hidden=256, fan_out='5,10,15', batch_size=1000, batch_size_eval=100000, log_every=20, eval_every=21, lr=0.003, dropout=0.5, local_rank=None, standalone=False, sparse_lr=0.01, presampling=True, hot_threshold=0.1)
Namespace(cache_server_addr='127.0.0.1', cache_server_port=32451, graph_name='ogbn-products', id=None, ip_config='ip_config4.txt', part_config=None, n_classes=None, num_gpus=8, num_epochs=20, num_hidden=256, fan_out='5,10,15', batch_size=1000, batch_size_eval=100000, log_every=20, eval_every=21, lr=0.003, dropout=0.5, local_rank=None, standalone=False, sparse_lr=0.01, presampling=True, hot_threshold=0.1)
Namespace(cache_server_addr='127.0.0.1', cache_server_port=32451, graph_name='ogbn-products', id=None, ip_config='ip_config4.txt', part_config=None, n_classes=None, num_gpus=8, num_epochs=20, num_hidden=256, fan_out='5,10,15', batch_size=1000, batch_size_eval=100000, log_every=20, eval_every=21, lr=0.003, dropout=0.5, local_rank=None, standalone=False, sparse_lr=0.01, presampling=True, hot_threshold=0.1)
Namespace(cache_server_addr='127.0.0.1', cache_server_port=32451, graph_name='ogbn-products', id=None, ip_config='ip_config4.txt', part_config=None, n_classes=None, num_gpus=8, num_epochs=20, num_hidden=256, fan_out='5,10,15', batch_size=1000, batch_size_eval=100000, log_every=20, eval_every=21, lr=0.003, dropout=0.5, local_rank=None, standalone=False, sparse_lr=0.01, presampling=True, hot_threshold=0.1)
Namespace(cache_server_addr='127.0.0.1', cache_server_port=32451, graph_name='ogbn-products', id=None, ip_config='ip_config4.txt', part_config=None, n_classes=None, num_gpus=8, num_epochs=20, num_hidden=256, fan_out='5,10,15', batch_size=1000, batch_size_eval=100000, log_every=20, eval_every=21, lr=0.003, dropout=0.5, local_rank=None, standalone=False, sparse_lr=0.01, presampling=True, hot_threshold=0.1)
Namespace(cache_server_addr='127.0.0.1', cache_server_port=32451, graph_name='ogbn-products', id=None, ip_config='ip_config4.txt', part_config=None, n_classes=None, num_gpus=8, num_epochs=20, num_hidden=256, fan_out='5,10,15', batch_size=1000, batch_size_eval=100000, log_every=20, eval_every=21, lr=0.003, dropout=0.5, local_rank=None, standalone=False, sparse_lr=0.01, presampling=True, hot_threshold=0.1)
Namespace(cache_server_addr='127.0.0.1', cache_server_port=32451, graph_name='ogbn-products', id=None, ip_config='ip_config4.txt', part_config=None, n_classes=None, num_gpus=8, num_epochs=20, num_hidden=256, fan_out='5,10,15', batch_size=1000, batch_size_eval=100000, log_every=20, eval_every=21, lr=0.003, dropout=0.5, local_rank=None, standalone=False, sparse_lr=0.01, presampling=True, hot_threshold=0.1)
Namespace(cache_server_addr='127.0.0.1', cache_server_port=32451, graph_name='ogbn-products', id=None, ip_config='ip_config4.txt', part_config=None, n_classes=None, num_gpus=8, num_epochs=20, num_hidden=256, fan_out='5,10,15', batch_size=1000, batch_size_eval=100000, log_every=20, eval_every=21, lr=0.003, dropout=0.5, local_rank=None, standalone=False, sparse_lr=0.01, presampling=True, hot_threshold=0.1)
Namespace(cache_server_addr='127.0.0.1', cache_server_port=32451, graph_name='ogbn-products', id=None, ip_config='ip_config4.txt', part_config=None, n_classes=None, num_gpus=8, num_epochs=20, num_hidden=256, fan_out='5,10,15', batch_size=1000, batch_size_eval=100000, log_every=20, eval_every=21, lr=0.003, dropout=0.5, local_rank=None, standalone=False, sparse_lr=0.01, presampling=True, hot_threshold=0.1)
Namespace(cache_server_addr='127.0.0.1', cache_server_port=32451, graph_name='ogbn-products', id=None, ip_config='ip_config4.txt', part_config=None, n_classes=None, num_gpus=8, num_epochs=20, num_hidden=256, fan_out='5,10,15', batch_size=1000, batch_size_eval=100000, log_every=20, eval_every=21, lr=0.003, dropout=0.5, local_rank=None, standalone=False, sparse_lr=0.01, presampling=True, hot_threshold=0.1)
Namespace(cache_server_addr='127.0.0.1', cache_server_port=32451, graph_name='ogbn-products', id=None, ip_config='ip_config4.txt', part_config=None, n_classes=None, num_gpus=8, num_epochs=20, num_hidden=256, fan_out='5,10,15', batch_size=1000, batch_size_eval=100000, log_every=20, eval_every=21, lr=0.003, dropout=0.5, local_rank=None, standalone=False, sparse_lr=0.01, presampling=True, hot_threshold=0.1)
Namespace(cache_server_addr='127.0.0.1', cache_server_port=32451, graph_name='ogbn-products', id=None, ip_config='ip_config4.txt', part_config=None, n_classes=None, num_gpus=8, num_epochs=20, num_hidden=256, fan_out='5,10,15', batch_size=1000, batch_size_eval=100000, log_every=20, eval_every=21, lr=0.003, dropout=0.5, local_rank=None, standalone=False, sparse_lr=0.01, presampling=True, hot_threshold=0.1)
Namespace(cache_server_addr='127.0.0.1', cache_server_port=32451, graph_name='ogbn-products', id=None, ip_config='ip_config4.txt', part_config=None, n_classes=None, num_gpus=8, num_epochs=20, num_hidden=256, fan_out='5,10,15', batch_size=1000, batch_size_eval=100000, log_every=20, eval_every=21, lr=0.003, dropout=0.5, local_rank=None, standalone=False, sparse_lr=0.01, presampling=True, hot_threshold=0.1)
Namespace(cache_server_addr='127.0.0.1', cache_server_port=32451, graph_name='ogbn-products', id=None, ip_config='ip_config4.txt', part_config=None, n_classes=None, num_gpus=8, num_epochs=20, num_hidden=256, fan_out='5,10,15', batch_size=1000, batch_size_eval=100000, log_every=20, eval_every=21, lr=0.003, dropout=0.5, local_rank=None, standalone=False, sparse_lr=0.01, presampling=True, hot_threshold=0.1)
Namespace(cache_server_addr='127.0.0.1', cache_server_port=32451, graph_name='ogbn-products', id=None, ip_config='ip_config4.txt', part_config=None, n_classes=None, num_gpus=8, num_epochs=20, num_hidden=256, fan_out='5,10,15', batch_size=1000, batch_size_eval=100000, log_every=20, eval_every=21, lr=0.003, dropout=0.5, local_rank=None, standalone=False, sparse_lr=0.01, presampling=True, hot_threshold=0.1)
Namespace(cache_server_addr='127.0.0.1', cache_server_port=32451, graph_name='ogbn-products', id=None, ip_config='ip_config4.txt', part_config=None, n_classes=None, num_gpus=8, num_epochs=20, num_hidden=256, fan_out='5,10,15', batch_size=1000, batch_size_eval=100000, log_every=20, eval_every=21, lr=0.003, dropout=0.5, local_rank=None, standalone=False, sparse_lr=0.01, presampling=True, hot_threshold=0.1)
Namespace(cache_server_addr='127.0.0.1', cache_server_port=32451, graph_name='ogbn-products', id=None, ip_config='ip_config4.txt', part_config=None, n_classes=None, num_gpus=8, num_epochs=20, num_hidden=256, fan_out='5,10,15', batch_size=1000, batch_size_eval=100000, log_every=20, eval_every=21, lr=0.003, dropout=0.5, local_rank=None, standalone=False, sparse_lr=0.01, presampling=True, hot_threshold=0.1)
Namespace(cache_server_addr='127.0.0.1', cache_server_port=32451, graph_name='ogbn-products', id=None, ip_config='ip_config4.txt', part_config=None, n_classes=None, num_gpus=8, num_epochs=20, num_hidden=256, fan_out='5,10,15', batch_size=1000, batch_size_eval=100000, log_every=20, eval_every=21, lr=0.003, dropout=0.5, local_rank=None, standalone=False, sparse_lr=0.01, presampling=True, hot_threshold=0.1)
Namespace(cache_server_addr='127.0.0.1', cache_server_port=32451, graph_name='ogbn-products', id=None, ip_config='ip_config4.txt', part_config=None, n_classes=None, num_gpus=8, num_epochs=20, num_hidden=256, fan_out='5,10,15', batch_size=1000, batch_size_eval=100000, log_every=20, eval_every=21, lr=0.003, dropout=0.5, local_rank=None, standalone=False, sparse_lr=0.01, presampling=True, hot_threshold=0.1)
Namespace(cache_server_addr='127.0.0.1', cache_server_port=32451, graph_name='ogbn-products', id=None, ip_config='ip_config4.txt', part_config=None, n_classes=None, num_gpus=8, num_epochs=20, num_hidden=256, fan_out='5,10,15', batch_size=1000, batch_size_eval=100000, log_every=20, eval_every=21, lr=0.003, dropout=0.5, local_rank=None, standalone=False, sparse_lr=0.01, presampling=True, hot_threshold=0.1)
Namespace(cache_server_addr='127.0.0.1', cache_server_port=32451, graph_name='ogbn-products', id=None, ip_config='ip_config4.txt', part_config=None, n_classes=None, num_gpus=8, num_epochs=20, num_hidden=256, fan_out='5,10,15', batch_size=1000, batch_size_eval=100000, log_every=20, eval_every=21, lr=0.003, dropout=0.5, local_rank=None, standalone=False, sparse_lr=0.01, presampling=True, hot_threshold=0.1)
Namespace(cache_server_addr='127.0.0.1', cache_server_port=32451, graph_name='ogbn-products', id=None, ip_config='ip_config4.txt', part_config=None, n_classes=None, num_gpus=8, num_epochs=20, num_hidden=256, fan_out='5,10,15', batch_size=1000, batch_size_eval=100000, log_every=20, eval_every=21, lr=0.003, dropout=0.5, local_rank=None, standalone=False, sparse_lr=0.01, presampling=True, hot_threshold=0.1)
Client [18780] waits on 172.31.25.229:60403Client [18774] waits on 172.31.25.229:55239

Client [55673] waits on 172.31.20.34:55071
Client [18772] waits on 172.31.25.229:53025
Client [55656] waits on 172.31.20.34:51621Client [55641] waits on 172.31.20.34:44995

Client [55644] waits on 172.31.20.34:42349
Client [55642] waits on 172.31.20.34:34209Client [55662] waits on 172.31.20.34:33961

Client [19426] waits on 172.31.20.203:55251
Client [19447] waits on 172.31.20.203:54497
Client [19436] waits on 172.31.20.203:36019
Client [19427] waits on 172.31.20.203:39245
Client [19428] waits on 172.31.20.203:49587
Client [19429] waits on 172.31.20.203:48699
Client [19453] waits on 172.31.20.203:53823
Client [19430] waits on 172.31.20.203:54237
Client [55650] waits on 172.31.20.34:57499
Client [55643] waits on 172.31.20.34:59431
Client [18610] waits on 172.31.24.75:35057
Client [18635] waits on 172.31.24.75:39983
Client [18609] waits on 172.31.24.75:35115
Client [18608] waits on 172.31.24.75:41893
Client [18612] waits on 172.31.24.75:48645
Client [18611] waits on 172.31.24.75:51027
Client [18618] waits on 172.31.24.75:57949
Client [18773] waits on 172.31.25.229:33177
Client [18629] waits on 172.31.24.75:56523
Machine (2) group (0) client (1) connect to server successfuly!
Machine (2) group (0) client (5) connect to server successfuly!
Machine (2) group (0) client (8) connect to server successfuly!
Machine (2) group (0) client (10) connect to server successfuly!
Machine (2) group (0) client (7) connect to server successfuly!
Machine (0) group (0) client (17) connect to server successfuly!
Machine (0) group (0) client (18) connect to server successfuly!
Machine (2) group (0) client (12) connect to server successfuly!
Machine (2) group (0) client (14) connect to server successfuly!
Machine (2) group (0) client (13) connect to server successfuly!
Machine (0) group (0) client (21) connect to server successfuly!
Machine (0) group (0) client (23) connect to server successfuly!
Machine (0) group (0) client (25) connect to server successfuly!
Machine (0) group (0) client (28) connect to server successfuly!
Machine (0) group (0) client (30) connect to server successfuly!
Machine (0) group (0) client (31) connect to server successfuly!
Machine (3) group (0) client (32) connect to server successfuly!
Machine (3) group (0) client (33) connect to server successfuly!
Machine (3) group (0) client (35) connect to server successfuly!
Machine (3) group (0) client (37) connect to server successfuly!
Machine (3) group (0) client (41) connect to server successfuly!
Machine (3) group (0) client (42) connect to server successfuly!
Machine (1) group (0) client (49) connect to server successfuly!
Machine (3) group (0) client (45) connect to server successfuly!
Machine (3) group (0) client (46) connect to server successfuly!
Machine (1) group (0) client (62) connect to server successfuly!
Machine (1) group (0) client (60) connect to server successfuly!
Machine (1) group (0) client (63) connect to server successfuly!
Client [18771] waits on 172.31.25.229:38275
Client [18792] waits on 172.31.25.229:37031
Machine (1) group (0) client (53) connect to server successfuly!
Machine (1) group (0) client (52) connect to server successfuly!Client [18803] waits on 172.31.25.229:46917

Client [18786] waits on 172.31.25.229:40417
Machine (1) group (0) client (58) connect to server successfuly!
Machine (1) group (0) client (56) connect to server successfuly!
rank: rank:7
 6
rank: 4
rank: 13
rank: 15
rank: 9
rank: 24
rank: 28
rank: 26
rank: 11
rank: 10
rank:rank: 3
 8
rank: 22
rank: 0rank: 30

rank: 5
rank: 1
rank:rank: 18
 23
rank: 17
rank: 21rank: 
2
rank: 14
rank:rank:  2527

rank: 16
rank: 31
rank: 29
rank: 12
rank: 20
rank: 19
part 0, train: 6144 (local: 6144), val: 1229 (local: 1229), test: 69159 (local: 69159)
part 6, train: 6145 (local: 6145), val: 1229 (local: 1229), test: 69160 (local: 69160)
part 1, train: 6145 (local: 6145), val: 1229 (local: 1229), test: 69159 (local: 69159)
part 2, train: 6144 (local: 6144), val: 1228 (local: 1228), test: 69159 (local: 69159)
part 5, train: 6144 (local: 6144), val: 1229 (local: 1229), test: 69159 (local: 69159)
part 3, train: 6144 (local: 6144), val: 1229 (local: 1229), test: 69159 (local: 69159)
part 4, train: 6144 (local: 6144), val: 1229 (local: 1229), test: 69159 (local: 69159)
part 12, train: 6144 (local: 6014), val: 1228 (local: 1178), test: 69159 (local: 67487)
part 15, train: 6144 (local: 5997), val: 1229 (local: 1183), test: 69159 (local: 67378)
part 7, train: 6144 (local: 6144), val: 1229 (local: 1229), test: 69159 (local: 69159)
part 11, train: 6144 (local: 6007), val: 1229 (local: 1179), test: 69159 (local: 67364)
part 9, train: 6144 (local: 5995), val: 1229 (local: 1187), test: 69159 (local: 67372)
part 10, train: 6145 (local: 5999), val: 1229 (local: 1179), test: 69160 (local: 67441)
part 30, train: 6144 (local: 5939), val: 1228 (local: 1202), test: 69159 (local: 67328)
part 22, train: 6144 (local: 6038), val: 1229 (local: 1211), test: 69159 (local: 68973)
part 13, train: 6144 (local: 5992), val: 1229 (local: 1188), test: 69159 (local: 67368)
part 28, train: 6144 (local: 5950), val: 1229 (local: 1200), test: 69159 (local: 67401)
part 31, train: 6144 (local: 5952), val: 1229 (local: 1200), test: 69159 (local: 67348)
part 27, train: 6144 (local: 5925), val: 1229 (local: 1199), test: 69159 (local: 67341)
part 8, train: 6144 (local: 5989), val: 1229 (local: 1192), test: 69159 (local: 67473)
part 14, train: 6145 (local: 5984), val: 1229 (local: 1185), test: 69159 (local: 67363)
part 24, train: 6144 (local: 5958), val: 1229 (local: 1203), test: 69159 (local: 67364)
part 18, train: 6144 (local: 6031), val: 1229 (local: 1204), test: 69159 (local: 68977)
part 17, train: 6145 (local: 6050), val: 1229 (local: 1203), test: 69159 (local: 68985)
part 25, train: 6144 (local: 5933), val: 1229 (local: 1201), test: 69159 (local: 67290)
part 29, train: 6144 (local: 5946), val: 1228 (local: 1204), test: 69159 (local: 67407)
#labels: 47
part 21, train: 6145 (local: 6005), val: 1229 (local: 1212), test: 69160 (local: 68995)
part 19, train: 6144 (local: 6054), val: 1229 (local: 1208), test: 69159 (local: 69004)
part 20, train: 6144 (local: 6034), val: 1229 (local: 1216), test: 69159 (local: 69009)
part 16, train: 6144 (local: 6057), val: 1228 (local: 1206), test: 69159 (local: 68995)
part 26, train: 6145 (local: 5929), val: 1229 (local: 1204), test: 69159 (local: 67382)
part 23, train: 6144 (local: 6041), val: 1229 (local: 1212), test: 69159 (local: 68985)
#labels: 47
#labels: 47
#labels: 47
#labels: 47
#labels: 47
#labels: 47
#labels: 47
#labels: 47
#labels: 47
#labels: 47
#labels: 47
#labels: 47
#labels: 47
#labels: 47
#labels: 47
#labels: 47
#labels: 47
#labels: 47
#labels: 47
#labels: 47
#labels: 47
#labels: 47
#labels: 47
#labels: 47
#labels: 47
#labels: 47
#labels: 47
#labels: 47
#labels: 47
#labels: 47
#labels: 47
Presampling done, max: 1.000 min: 0.004 avg: 0.126
Presampling done, max: 1.000 min: 0.004 avg: 0.126
Presampling done, max: 1.000 min: 0.004 avg: 0.126
Presampling done, max: 1.000 min: 0.004 avg: 0.126
Presampling done, max: 1.000 min: 0.004 avg: 0.126
Presampling done, max: 1.000 min: 0.004 avg: 0.126
Presampling done, max: 1.000 min: 0.004 avg: 0.126
Presampling done, max: 1.000 min: 0.004 avg: 0.126
Presampling done, max: 1.000 min: 0.004 avg: 0.126
Presampling done, max: 1.000 min: 0.004 avg: 0.126
Presampling done, max: 1.000 min: 0.004 avg: 0.126
Presampling done, max: 1.000 min: 0.004 avg: 0.126
Presampling done, max: 1.000 min: 0.004 avg: 0.126
Presampling done, max: 1.000 min: 0.004 avg: 0.126Presampling done, max: 1.000 min: 0.004 avg: 0.126

Presampling done, max: 1.000 min: 0.004 avg: 0.126
Presampling done, max: 1.000 min: 0.004 avg: 0.126
Presampling done, max: 1.000 min: 0.004 avg: 0.126
Presampling done, max: 1.000 min: 0.004 avg: 0.126
#hot_nodes = 1038126
#hot_nodes = 1038126
Presampling done, max: 1.000 min: 0.004 avg: 0.126
Presampling done, max: 1.000 min: 0.004 avg: 0.126
Presampling done, max: 1.000 min: 0.004 avg: 0.126
Presampling done, max: 1.000 min: 0.004 avg: 0.126#hot_nodes = 1038126

Presampling done, max: 1.000 min: 0.004 avg: 0.126
Presampling done, max: 1.000 min: 0.004 avg: 0.126
Presampling done, max: 1.000 min: 0.004 avg: 0.126
Presampling done, max: 1.000 min: 0.004 avg: 0.126
Presampling done, max: 1.000 min: 0.004 avg: 0.126
#hot_nodes = 1038126
Presampling done, max: 1.000 min: 0.004 avg: 0.126
#hot_nodes = 1038126
#hot_nodes = 1038126
Presampling done, max: 1.000 min: 0.004 avg: 0.126
#hot_nodes = 1038126
#hot_nodes = 1038126
#hot_nodes = 1038126
#hot_nodes = 1038126
#hot_nodes = 1038126
Presampling done, max: 1.000 min: 0.004 avg: 0.126
#hot_nodes = 1038126
#hot_nodes = 1038126
#hot_nodes = 1038126
#hot_nodes = 1038126
#hot_nodes = 1038126
#hot_nodes = 1038126
#hot_nodes = 1038126
#hot_nodes = 1038126
Presampling done, max: 1.000 min: 0.004 avg: 0.126
#hot_nodes = 1038126
#hot_nodes = 1038126
#hot_nodes = 1038126
#hot_nodes = 1038126
#hot_nodes = 1038126
#hot_nodes = 1038126
#hot_nodes = 1038126
#hot_nodes = 1038126
#hot_nodes = 1038126
#hot_nodes = 1038126
#hot_nodes = 1038126
#hot_nodes = 1038126
#hot_nodes = 1038126
Client 5 build_connection start.
Client 5 build_connection succeed.
Client 7 build_connection start.
Client 7 build_connection succeed.
Client 4 build_connection start.
Client 5 build_connection start.
Client 5 build_connection succeed.
Client 4 build_connection succeed.
Client 5 build_connection start.
Client 5 build_connection succeed.
Client 7 build_connection start.
Client 7 build_connection succeed.
Client 3 build_connection start.
Client 3 build_connection succeed.
Client 3 build_connection start.
Client 3 build_connection succeed.
Client 0 build_connection start.Client 6 build_connection start.

Client 0 build_connection succeed.
Client 6 build_connection succeed.
Client 0 build_connection start.
Client 0 build_connection succeed.
Client 4 build_connection start.
Client 4 build_connection succeed.
Client 6 build_connection start.
Client 6 build_connection succeed.
Client 2 build_connection start.
Client 2 build_connection succeed.
Client 1 build_connection start.
Client 1 build_connection succeed.
Client 2 build_connection start.
Client 2 build_connection succeed.
Client 7 build_connection start.
Client 7 build_connection succeed.
Client 5 build_connection start.
Client 5 build_connection succeed.
Client 1 build_connection start.
Client 6 build_connection start.
Client 4 build_connection start.
Client 6 build_connection succeed.
Client 1 build_connection succeed.
Client 4 build_connection succeed.
Client 7 build_connection start.
Client 7 build_connection succeed.
Client 2 build_connection start.
Client 2 build_connection succeed.
Client 3 build_connection start.
Client 3 build_connection succeed.
Client 1 build_connection start.
Client 0 build_connection start.
Client 1 build_connection succeed.
Client 0 build_connection succeed.
Client 2 build_connection start.
Client 2 build_connection succeed.
Client 3 build_connection start.
Client 3 build_connection succeed.
Client 0 build_connection start.
Client 0 build_connection succeed.
Client 4 build_connection start.
Client 4 build_connection succeed.
Client 1 build_connection start.
Client 1 build_connection succeed.
Client 6 build_connection start.
Client 6 build_connection succeed.
Client register_cache succeed.
Client register_cache succeed.
Client register_cache succeed.
Client register_cache succeed.
Client register_cache succeed.
Client register_cache succeed.
Client register_cache succeed.
Client register_cache succeed.
Client register_cache succeed.
Client register_cache succeed.
Client register_cache succeed.
Client register_cache succeed.
Client register_cache succeed.
Client register_cache succeed.
Client register_cache succeed.
Client register_cache succeed.
Client register_cache succeed.
Client register_cache succeed.
Client register_cache succeed.
Client register_cache succeed.
Client register_cache succeed.
Client register_cache succeed.
Client register_cache succeed.
Client register_cache succeed.
Client register_cache succeed.
Client register_cache succeed.
Client register_cache succeed.Client register_cache succeed.

Client register_cache succeed.
Client register_cache succeed.
Client register_cache succeed.
Client register_cache succeed.
========================================
Rank 6 builds state cache in GPU
GPU alloca_mem_size 12.263 GB
Local node num 74500
GPU cached node num 74500
GPU cache size 0.147 GB
========================================

Part 30 | Epoch 00000 | Step 00000 | Loss 7.9834 | Train Acc 0.0130 | Speed (samples/sec) nan | GPU 1589.5 MB | time 3.805 s
========================================
Rank 1 builds state cache in GPU
GPU alloca_mem_size 12.305 GB
Local node num 78269
GPU cached node num 78269
GPU cache size 0.154 GB
========================================

========================================
Rank 1 builds state cache in GPU
GPU alloca_mem_size 12.227 GB
Local node num 74881
GPU cached node num 74881
GPU cache size 0.148 GB
========================================

Part 17 | Epoch 00000 | Step 00000 | Loss 6.8851 | Train Acc 0.0130 | Speed (samples/sec) nan | GPU 1545.0 MB | time 3.816 s
========================================
Rank 2 builds state cache in GPU
GPU alloca_mem_size 12.306 GB
Local node num 74501
GPU cached node num 74501
GPU cache size 0.147 GB
========================================

========================================
Rank 0 builds state cache in GPU
GPU alloca_mem_size 12.198 GB
Local node num 74881
GPU cached node num 74881
GPU cache size 0.148 GB
========================================

========================================
Rank 2 builds state cache in GPU
GPU alloca_mem_size 12.297 GB
Local node num 78478
GPU cached node num 78478
GPU cache size 0.155 GB
========================================

========================================
Rank 5 builds state cache in GPU
GPU alloca_mem_size 12.306 GB
Local node num 78478
GPU cached node num 78478
GPU cache size 0.155 GB
========================================

========================================
Rank 5 builds state cache in GPU
GPU alloca_mem_size 12.184 GB
Local node num 74880
GPU cached node num 74880
GPU cache size 0.148 GB
========================================

========================================
Rank 0 builds state cache in GPU
GPU alloca_mem_size 12.266 GB
Local node num 74501
GPU cached node num 74501
GPU cache size 0.147 GB
========================================

========================================
Rank 3 builds state cache in GPU
GPU alloca_mem_size 12.258 GB
Local node num 74501
GPU cached node num 74501
GPU cache size 0.147 GB
========================================

========================================
Rank 4 builds state cache in GPU
GPU alloca_mem_size 12.229 GB
Local node num 74881
GPU cached node num 74881
GPU cache size 0.148 GB
========================================

Part 9 | Epoch 00000 | Step 00000 | Loss 7.4804 | Train Acc 0.0090 | Speed (samples/sec) nan | GPU 1628.2 MB | time 3.824 s
========================================
Rank 4 builds state cache in GPU
GPU alloca_mem_size 12.276 GB
Local node num 74501
GPU cached node num 74501
GPU cache size 0.147 GB
========================================

Part 26 | Epoch 00000 | Step 00000 | Loss 7.9185 | Train Acc 0.0140 | Speed (samples/sec) nan | GPU 1543.5 MB | time 3.825 s
Part 8 | Epoch 00000 | Step 00000 | Loss 7.4315 | Train Acc 0.0200 | Speed (samples/sec) nan | GPU 1659.6 MB | time 3.826 s
========================================
Rank 7 builds state cache in GPU
GPU alloca_mem_size 12.310 GB
Local node num 78269
GPU cached node num 78269
GPU cache size 0.154 GB
========================================

Part 2 | Epoch 00000 | Step 00000 | Loss 7.9954 | Train Acc 0.0110 | Speed (samples/sec) nan | GPU 1553.1 MB | time 3.827 s
========================================
Rank 7 builds state cache in GPU
GPU alloca_mem_size 12.298 GB
Local node num 78477
GPU cached node num 78477
GPU cache size 0.155 GB
========================================

Part 5 | Epoch 00000 | Step 00000 | Loss 7.8166 | Train Acc 0.0190 | Speed (samples/sec) nan | GPU 1543.0 MB | time 3.827 s
========================================
Rank 7 builds state cache in GPU
GPU alloca_mem_size 12.283 GB
Local node num 74501
GPU cached node num 74501
GPU cache size 0.147 GB
========================================

========================================
Rank 4 builds state cache in GPU
GPU alloca_mem_size 12.306 GB
Local node num 78269
GPU cached node num 78269
GPU cache size 0.154 GB
========================================

========================================
Rank 1 builds state cache in GPU
GPU alloca_mem_size 12.291 GB
Local node num 74501
GPU cached node num 74501
GPU cache size 0.147 GB
========================================

========================================
Rank 3 builds state cache in GPU
GPU alloca_mem_size 12.200 GB
Local node num 74881
GPU cached node num 74881
GPU cache size 0.148 GB
========================================

Part 13 | Epoch 00000 | Step 00000 | Loss 7.5496 | Train Acc 0.0100 | Speed (samples/sec) nan | GPU 1674.4 MB | time 3.829 s
Part 24 | Epoch 00000 | Step 00000 | Loss 7.9274 | Train Acc 0.0090 | Speed (samples/sec) nan | GPU 1586.5 MB | time 3.829 s
========================================
Rank 6 builds state cache in GPU
GPU alloca_mem_size 12.230 GB
Local node num 74881
GPU cached node num 74881
GPU cache size 0.148 GB
========================================

========================================
Rank 5 builds state cache in GPU
GPU alloca_mem_size 12.289 GB
Local node num 74500
GPU cached node num 74500
GPU cache size 0.147 GB
========================================

Part 27 | Epoch 00000 | Step 00000 | Loss 7.7380 | Train Acc 0.0120 | Speed (samples/sec) nan | GPU 1595.4 MB | time 3.829 s
========================================
Rank 3 builds state cache in GPU
GPU alloca_mem_size 12.277 GB
Local node num 78478
GPU cached node num 78478
GPU cache size 0.155 GB
========================================

========================================
Rank 2 builds state cache in GPU
GPU alloca_mem_size 12.252 GB
Local node num 74881
GPU cached node num 74881
GPU cache size 0.148 GB
========================================

========================================
Rank 7 builds state cache in GPU
GPU alloca_mem_size 12.216 GB
Local node num 74881
GPU cached node num 74881
GPU cache size 0.148 GB
========================================

Part 12 | Epoch 00000 | Step 00000 | Loss 7.5090 | Train Acc 0.0150 | Speed (samples/sec) nan | GPU 1626.7 MB | time 3.830 s
========================================
Rank 1 builds state cache in GPU
GPU alloca_mem_size 12.300 GB
Local node num 78478
GPU cached node num 78478
GPU cache size 0.155 GB
========================================

========================================
Rank 2 builds state cache in GPU
GPU alloca_mem_size 12.316 GB
Local node num 78269
GPU cached node num 78269
GPU cache size 0.154 GB
========================================

========================================
Rank 6 builds state cache in GPU
GPU alloca_mem_size 12.322 GB
Local node num 78477
GPU cached node num 78477
GPU cache size 0.155 GB
========================================

========================================
Rank 6 builds state cache in GPU
GPU alloca_mem_size 12.305 GB
Local node num 78270
GPU cached node num 78270
GPU cache size 0.154 GB
========================================

Part 23 | Epoch 00000 | Step 00000 | Loss 7.0529 | Train Acc 0.0230 | Speed (samples/sec) nan | GPU 1538.9 MB | time 3.832 s
Part 28 | Epoch 00000 | Step 00000 | Loss 7.8852 | Train Acc 0.0120 | Speed (samples/sec) nan | GPU 1575.5 MB | time 3.831 s
Part 7 | Epoch 00000 | Step 00000 | Loss 7.9172 | Train Acc 0.0130 | Speed (samples/sec) nan | GPU 1552.4 MB | time 3.833 s
Part 20 | Epoch 00000 | Step 00000 | Loss 7.0611 | Train Acc 0.0250 | Speed (samples/sec) nan | GPU 1543.9 MB | time 3.833 s
========================================
Rank 5 builds state cache in GPU
GPU alloca_mem_size 12.331 GB
Local node num 78270
GPU cached node num 78270
GPU cache size 0.154 GB
========================================

Part 25 | Epoch 00000 | Step 00000 | Loss 7.9295 | Train Acc 0.0280 | Speed (samples/sec) nan | GPU 1559.7 MB | time 3.833 s
========================================
Rank 0 builds state cache in GPU
GPU alloca_mem_size 12.315 GB
Local node num 78269
GPU cached node num 78269
GPU cache size 0.154 GB
========================================

Part 31 | Epoch 00000 | Step 00000 | Loss 7.7714 | Train Acc 0.0150 | Speed (samples/sec) nan | GPU 1568.1 MB | time 3.833 s
Part 14 | Epoch 00000 | Step 00000 | Loss 7.4503 | Train Acc 0.0170 | Speed (samples/sec) nan | GPU 1625.1 MB | time 3.834 s
========================================
Rank 3 builds state cache in GPU
GPU alloca_mem_size 12.296 GB
Local node num 78269
GPU cached node num 78269
GPU cache size 0.154 GB
========================================

Part 11 | Epoch 00000 | Step 00000 | Loss 7.3356 | Train Acc 0.0170 | Speed (samples/sec) nan | GPU 1657.3 MB | time 3.834 s
Part 3 | Epoch 00000 | Step 00000 | Loss 7.8945 | Train Acc 0.0190 | Speed (samples/sec) nan | GPU 1574.4 MB | time 3.835 s
Part 29 | Epoch 00000 | Step 00000 | Loss 7.8522 | Train Acc 0.0200 | Speed (samples/sec) nan | GPU 1561.9 MB | time 3.835 s
Part 15 | Epoch 00000 | Step 00000 | Loss 7.3698 | Train Acc 0.0200 | Speed (samples/sec) nan | GPU 1640.5 MB | time 3.835 s
Part 10 | Epoch 00000 | Step 00000 | Loss 7.2676 | Train Acc 0.0230 | Speed (samples/sec) nan | GPU 1601.2 MB | time 3.835 s
Part 1 | Epoch 00000 | Step 00000 | Loss 7.8212 | Train Acc 0.0280 | Speed (samples/sec) nan | GPU 1549.5 MB | time 3.836 s
Part 18 | Epoch 00000 | Step 00000 | Loss 7.1281 | Train Acc 0.0190 | Speed (samples/sec) nan | GPU 1532.5 MB | time 3.837 s
Part 6 | Epoch 00000 | Step 00000 | Loss 7.9998 | Train Acc 0.0180 | Speed (samples/sec) nan | GPU 1526.6 MB | time 3.837 s
Part 22 | Epoch 00000 | Step 00000 | Loss 7.0464 | Train Acc 0.0190 | Speed (samples/sec) nan | GPU 1544.0 MB | time 3.837 s
Part 21 | Epoch 00000 | Step 00000 | Loss 7.1190 | Train Acc 0.0220 | Speed (samples/sec) nan | GPU 1516.5 MB | time 3.839 s
Part 16 | Epoch 00000 | Step 00000 | Loss 7.0403 | Train Acc 0.0170 | Speed (samples/sec) nan | GPU 1534.2 MB | time 3.839 s
Part 19 | Epoch 00000 | Step 00000 | Loss 7.0820 | Train Acc 0.0200 | Speed (samples/sec) nan | GPU 1554.5 MB | time 3.840 s
========================================
Rank 4 builds state cache in GPU
GPU alloca_mem_size 12.306 GB
Local node num 78478
GPU cached node num 78478
GPU cache size 0.155 GB
========================================

========================================
Rank 0 builds state cache in GPU
GPU alloca_mem_size 12.321 GB
Local node num 78478
GPU cached node num 78478
GPU cache size 0.155 GB
========================================

Part 4 | Epoch 00000 | Step 00000 | Loss 7.9584 | Train Acc 0.0160 | Speed (samples/sec) nan | GPU 1543.4 MB | time 3.861 s
Part 0 | Epoch 00000 | Step 00000 | Loss 7.9918 | Train Acc 0.0130 | Speed (samples/sec) nan | GPU 1527.1 MB | time 3.864 s
=====================
Part 4, Epoch Time(s): 9.6730
Sampling Time(s): 0.3242
Loading Time(s): 2.6997
Forward Time(s): 1.8710
Backward Time(s): 0.2820
Update Time(s): 0.0636
Emb Update Time(s): 4.4201
#seeds: 6144
#inputs: 1936394
==========================================
Part 2, Epoch Time(s): 9.6729
Sampling Time(s): 0.3014
Loading Time(s): 2.6864
Forward Time(s): 1.9609
Backward Time(s): 0.2655
Update Time(s): 0.0583
Emb Update Time(s): 4.3897
#seeds: 6144
#inputs: 1926142
==========================================
Part 0, Epoch Time(s): 9.6730
Sampling Time(s): 0.3436
Loading Time(s): 2.6150
Forward Time(s): 1.9575
Backward Time(s): 0.2601
Update Time(s): 0.0646
Emb Update Time(s): 4.4200
#seeds: 6144
#inputs: 1927371
=====================
=====================
Part 1, Epoch Time(s): 9.6728
Sampling Time(s): 0.2985
Loading Time(s): 2.7530
Forward Time(s): 1.8987
Backward Time(s): 0.2550
Update Time(s): 0.0599
Emb Update Time(s): 4.3981
#seeds: 6145
#inputs: 1917044
=====================
=====================
Part 5, Epoch Time(s): 9.6729
Sampling Time(s): 0.3162
Loading Time(s): 2.6108
Forward Time(s): 2.0287
Backward Time(s): 0.2578
Update Time(s): 0.0619
Emb Update Time(s): 4.3873
#seeds: 6144
#inputs: 1932079
==========================================
Part 3, Epoch Time(s): 9.6730
Sampling Time(s): 0.2865
Loading Time(s): 2.9597
Forward Time(s): 1.7065
Backward Time(s): 0.2536
Update Time(s): 0.0450
Emb Update Time(s): 4.4119
#seeds: 6144
#inputs: 1939271
=====================
=====================
Part 7, Epoch Time(s): 9.6732
Sampling Time(s): 0.3006
Loading Time(s): 2.8235
Forward Time(s): 1.8286
Backward Time(s): 0.2555
Update Time(s): 0.0426
Emb Update Time(s): 4.4125
#seeds: 6144
#inputs: 1929339
=====================


=====================
Part 6, Epoch Time(s): 9.6731
Sampling Time(s): 0.2945
Loading Time(s): 2.2814
Forward Time(s): 2.3708
Backward Time(s): 0.2591
Update Time(s): 0.0519
Emb Update Time(s): 4.4050
#seeds: 6145
#inputs: 1930679
=====================

=====================
Part 18, Epoch Time(s): 9.6729
Sampling Time(s): 0.3806
Loading Time(s): 3.1637
Forward Time(s): 1.3928
Backward Time(s): 0.2683
Update Time(s): 0.0569
Emb Update Time(s): 4.4006
#seeds: 6144
#inputs: 1938191
==========================================
Part 22, Epoch Time(s): 9.6730
Sampling Time(s): 0.2981
Loading Time(s): 3.1928
Forward Time(s): 1.4419
Backward Time(s): 0.2695
Update Time(s): 0.0496
Emb Update Time(s): 4.4108
#seeds: 6144
#inputs: 1924712
=====================

=====================
Part 16, Epoch Time(s): 9.6729
Sampling Time(s): 0.3406
Loading Time(s): 3.5367
Forward Time(s): 1.0701
Backward Time(s): 0.2557
Update Time(s): 0.0544
Emb Update Time(s): 4.4053
#seeds: 6144
#inputs: 1917122
==========================================
Part 17, Epoch Time(s): 9.6727
Sampling Time(s): 0.3244
Loading Time(s): 2.6891
Forward Time(s): 1.9527
Backward Time(s): 0.2569
Update Time(s): 0.0632
Emb Update Time(s): 4.3741
#seeds: 6145
#inputs: 1940921
==========================================
Part 19, Epoch Time(s): 9.6727
Sampling Time(s): 0.3096
Loading Time(s): 3.6304
Forward Time(s): 0.9918
Backward Time(s): 0.2687
Update Time(s): 0.0545
Emb Update Time(s): 4.4070
#seeds: 6144
#inputs: 1935536
=====================


=====================
Part 23, Epoch Time(s): 9.6729
Sampling Time(s): 0.3201
Loading Time(s): 3.1539
Forward Time(s): 1.4803
Backward Time(s): 0.2523
Update Time(s): 0.0613
Emb Update Time(s): 4.3945
#seeds: 6144
#inputs: 1930525
=====================
=====================
Part 21, Epoch Time(s): 9.6732
Sampling Time(s): 0.3225
Loading Time(s): 3.5145
Forward Time(s): 1.1273
Backward Time(s): 0.2440
Update Time(s): 0.0613
Emb Update Time(s): 4.3923
#seeds: 6145
#inputs: 1925692
=====================
=====================
Part 20, Epoch Time(s): 9.6731
Sampling Time(s): 0.3342
Loading Time(s): 3.3278
Forward Time(s): 1.2876
Backward Time(s): 0.2582
Update Time(s): 0.0512
Emb Update Time(s): 4.4034
#seeds: 6144
#inputs: 1947855
=====================
=====================
Part 8, Epoch Time(s): 9.6730
Sampling Time(s): 0.3247
Loading Time(s): 3.4994
Forward Time(s): 1.1433
Backward Time(s): 0.2459
Update Time(s): 0.0560
Emb Update Time(s): 4.3936
#seeds: 6144
#inputs: 2042512
==========================================
Part 9, Epoch Time(s): 9.6733
Sampling Time(s): 0.3534
Loading Time(s): 3.1874
Forward Time(s): 1.4261
Backward Time(s): 0.2515
Update Time(s): 0.0600
Emb Update Time(s): 4.3839
#seeds: 6144
#inputs: 2033929
==========================================
Part 10, Epoch Time(s): 9.6733
Sampling Time(s): 0.3396
Loading Time(s): 3.1665
Forward Time(s): 1.4172
Backward Time(s): 0.2807
Update Time(s): 0.0504
Emb Update Time(s): 4.4074
#seeds: 6145
#inputs: 2031774
==========================================
Part 14, Epoch Time(s): 9.6730
Sampling Time(s): 0.3159
Loading Time(s): 3.2814
Forward Time(s): 1.3595
Backward Time(s): 0.2491
Update Time(s): 0.0544
Emb Update Time(s): 4.4023
#seeds: 6145
#inputs: 2038112
==========================================
Part 12, Epoch Time(s): 9.6728
Sampling Time(s): 0.3314
Loading Time(s): 3.4412
Forward Time(s): 1.1913
Backward Time(s): 0.2518
Update Time(s): 0.0504
Emb Update Time(s): 4.3962
#seeds: 6144
#inputs: 2025586
=====================



=====================
Part 15, Epoch Time(s): 9.6731
Sampling Time(s): 0.3129
Loading Time(s): 3.2612
Forward Time(s): 1.3750
Backward Time(s): 0.2543
Update Time(s): 0.0545
Emb Update Time(s): 4.4050
#seeds: 6144
#inputs: 2046083
=====================
=====================
Part 13, Epoch Time(s): 9.6734
Sampling Time(s): 0.3166
Loading Time(s): 3.2161
Forward Time(s): 1.4004
Backward Time(s): 0.2776
Update Time(s): 0.0622
Emb Update Time(s): 4.3902
#seeds: 6144
#inputs: 2044308
=====================

=====================
Part 11, Epoch Time(s): 9.6733
Sampling Time(s): 0.3804
Loading Time(s): 3.6666
Forward Time(s): 0.9180
Backward Time(s): 0.2509
Update Time(s): 0.0541
Emb Update Time(s): 4.3916
#seeds: 6144
#inputs: 2046637
=====================
=====================
Part 26, Epoch Time(s): 9.6733
Sampling Time(s): 0.3167
Loading Time(s): 2.8807
Forward Time(s): 1.7696
Backward Time(s): 0.2513
Update Time(s): 0.0553
Emb Update Time(s): 4.3884
#seeds: 6145
#inputs: 1974268
==========================================
Part 30, Epoch Time(s): 9.6732
Sampling Time(s): 0.3586
Loading Time(s): 3.1498
Forward Time(s): 1.4918
Backward Time(s): 0.2475
Update Time(s): 0.0542
Emb Update Time(s): 4.3591
#seeds: 6144
#inputs: 1980272
==========================================
Part 31, Epoch Time(s): 9.6730
Sampling Time(s): 0.3422
Loading Time(s): 3.2332
Forward Time(s): 1.4066
Backward Time(s): 0.2450
Update Time(s): 0.0460
Emb Update Time(s): 4.3898
#seeds: 6144
#inputs: 1959485
==========================================
Part 24, Epoch Time(s): 9.6732
Sampling Time(s): 0.3607
Loading Time(s): 3.0823
Forward Time(s): 1.5197
Backward Time(s): 0.2493
Update Time(s): 0.0518
Emb Update Time(s): 4.3994
#seeds: 6144
#inputs: 1969447
=====================

=====================
Part 29, Epoch Time(s): 9.6729
Sampling Time(s): 0.3228
Loading Time(s): 3.4146
Forward Time(s): 1.2102
Backward Time(s): 0.2556
Update Time(s): 0.0574
Emb Update Time(s): 4.4009
#seeds: 6144
#inputs: 1960524
=====================

=====================
Part 25, Epoch Time(s): 9.6729
Sampling Time(s): 0.3867
Loading Time(s): 3.4298
Forward Time(s): 1.1484
Backward Time(s): 0.2494
Update Time(s): 0.0491
Emb Update Time(s): 4.3998
#seeds: 6144
#inputs: 1961814
=====================

=====================
Part 28, Epoch Time(s): 9.6734
Sampling Time(s): 0.3359
Loading Time(s): 3.1281
Forward Time(s): 1.4674
Backward Time(s): 0.2770
Update Time(s): 0.0562
Emb Update Time(s): 4.3965
#seeds: 6144
#inputs: 1975899
==========================================
Part 27, Epoch Time(s): 9.6730
Sampling Time(s): 0.3118
Loading Time(s): 2.7631
Forward Time(s): 1.8950
Backward Time(s): 0.2424
Update Time(s): 0.0588
Emb Update Time(s): 4.3924
#seeds: 6144
#inputs: 1972074
=====================

Part 5 | Epoch 00001 | Step 00000 | Loss 2.4228 | Train Acc 0.3850 | Speed (samples/sec) 837.8317 | GPU 1743.7 MB | time 1.316 s
Part 6 | Epoch 00001 | Step 00000 | Loss 2.3728 | Train Acc 0.4110 | Speed (samples/sec) 838.7599 | GPU 1740.2 MB | time 1.316 s
Part 1 | Epoch 00001 | Step 00000 | Loss 2.3723 | Train Acc 0.4230 | Speed (samples/sec) 838.6716 | GPU 1734.9 MB | time 1.316 sPart 4 | Epoch 00001 | Step 00000 | Loss 2.3418 | Train Acc 0.4070 | Speed (samples/sec) 837.8212 | GPU 1732.9 MB | time 1.316 s

Part 3 | Epoch 00001 | Step 00000 | Loss 2.3788 | Train Acc 0.3890 | Speed (samples/sec) 837.8555 | GPU 1735.5 MB | time 1.316 sPart 0 | Epoch 00001 | Step 00000 | Loss 2.3967 | Train Acc 0.3890 | Speed (samples/sec) 837.8386 | GPU 1728.5 MB | time 1.316 s

Part 7 | Epoch 00001 | Step 00000 | Loss 2.4281 | Train Acc 0.3760 | Speed (samples/sec) 837.8677 | GPU 1737.6 MB | time 1.316 s
Part 2 | Epoch 00001 | Step 00000 | Loss 2.3370 | Train Acc 0.4140 | Speed (samples/sec) 837.9278 | GPU 1725.4 MB | time 1.316 s
Part 18 | Epoch 00001 | Step 00000 | Loss 3.3911 | Train Acc 0.1110 | Speed (samples/sec) 838.1336 | GPU 1746.6 MB | time 1.316 s
Part 17 | Epoch 00001 | Step 00000 | Loss 3.3468 | Train Acc 0.1270 | Speed (samples/sec) 838.9618 | GPU 1730.3 MB | time 1.316 s
Part 16 | Epoch 00001 | Step 00000 | Loss 3.3578 | Train Acc 0.1120 | Speed (samples/sec) 837.9808 | GPU 1730.1 MB | time 1.316 s
Part 22 | Epoch 00001 | Step 00000 | Loss 3.3996 | Train Acc 0.1270 | Speed (samples/sec) 838.0376 | GPU 1717.1 MB | time 1.316 s
Part 14 | Epoch 00001 | Step 00000 | Loss 3.1774 | Train Acc 0.1420 | Speed (samples/sec) 838.9006 | GPU 1809.8 MB | time 1.316 s
Part 9 | Epoch 00001 | Step 00000 | Loss 3.0882 | Train Acc 0.1580 | Speed (samples/sec) 838.0101 | GPU 1821.6 MB | time 1.316 s
Part 8 | Epoch 00001 | Step 00000 | Loss 3.1324 | Train Acc 0.1600 | Speed (samples/sec) 838.0657 | GPU 1820.9 MB | time 1.316 s
Part 21 | Epoch 00001 | Step 00000 | Loss 3.3402 | Train Acc 0.1210 | Speed (samples/sec) 838.9689 | GPU 1730.2 MB | time 1.316 s
Part 19 | Epoch 00001 | Step 00000 | Loss 3.3234 | Train Acc 0.1200 | Speed (samples/sec) 838.0375 | GPU 1732.8 MB | time 1.316 sPart 20 | Epoch 00001 | Step 00000 | Loss 3.4149 | Train Acc 0.0970 | Speed (samples/sec) 838.2523 | GPU 1740.3 MB | time 1.316 s

Part 15 | Epoch 00001 | Step 00000 | Loss 3.0426 | Train Acc 0.1530 | Speed (samples/sec) 837.9846 | GPU 1818.9 MB | time 1.316 s
Part 12 | Epoch 00001 | Step 00000 | Loss 3.0783 | Train Acc 0.1510 | Speed (samples/sec) 838.0621 | GPU 1810.7 MB | time 1.316 s
Part 10 | Epoch 00001 | Step 00000 | Loss 3.0580 | Train Acc 0.1480 | Speed (samples/sec) 838.8785 | GPU 1822.7 MB | time 1.316 s
Part 13 | Epoch 00001 | Step 00000 | Loss 3.0964 | Train Acc 0.1670 | Speed (samples/sec) 837.9884 | GPU 1816.6 MB | time 1.316 s
Part 23 | Epoch 00001 | Step 00000 | Loss 3.4059 | Train Acc 0.0980 | Speed (samples/sec) 838.1697 | GPU 1724.1 MB | time 1.316 s
Part 29 | Epoch 00001 | Step 00000 | Loss 2.3397 | Train Acc 0.4120 | Speed (samples/sec) 838.1287 | GPU 1742.1 MB | time 1.316 s
Part 31 | Epoch 00001 | Step 00000 | Loss 2.3386 | Train Acc 0.4490 | Speed (samples/sec) 837.9161 | GPU 1738.5 MB | time 1.316 s
Part 28 | Epoch 00001 | Step 00000 | Loss 2.4087 | Train Acc 0.4360 | Speed (samples/sec) 837.8582 | GPU 1749.8 MB | time 1.316 s
Part 11 | Epoch 00001 | Step 00000 | Loss 3.0573 | Train Acc 0.1580 | Speed (samples/sec) 838.2287 | GPU 1809.1 MB | time 1.316 s
Part 25 | Epoch 00001 | Step 00000 | Loss 2.3581 | Train Acc 0.4440 | Speed (samples/sec) 837.8813 | GPU 1748.4 MB | time 1.316 s
Part 30 | Epoch 00001 | Step 00000 | Loss 2.3962 | Train Acc 0.4330 | Speed (samples/sec) 837.9885 | GPU 1767.3 MB | time 1.316 s
Part 24 | Epoch 00001 | Step 00000 | Loss 2.4419 | Train Acc 0.4140 | Speed (samples/sec) 838.0825 | GPU 1748.2 MB | time 1.316 s
Part 27 | Epoch 00001 | Step 00000 | Loss 2.3119 | Train Acc 0.4700 | Speed (samples/sec) 837.8418 | GPU 1764.7 MB | time 1.316 s
Part 26 | Epoch 00001 | Step 00000 | Loss 2.3585 | Train Acc 0.4550 | Speed (samples/sec) 838.6686 | GPU 1748.0 MB | time 1.316 s
=====================
Part 2, Epoch Time(s): 7.5405
Sampling Time(s): 0.3246
Loading Time(s): 2.2858
Forward Time(s): 2.0555
Backward Time(s): 0.2351
Update Time(s): 0.0043
Emb Update Time(s): 2.6292
#seeds: 6144
#inputs: 1920535
=====================
=====================
Part 5, Epoch Time(s): 7.5406
Sampling Time(s): 0.3002
Loading Time(s): 2.8098
Forward Time(s): 1.5564
Backward Time(s): 0.2343
Update Time(s): 0.0043
Emb Update Time(s): 2.6299
#seeds: 6144
#inputs: 1932715
==========================================
Part 3, Epoch Time(s): 7.5406
Sampling Time(s): 0.3035
Loading Time(s): 2.5210
Forward Time(s): 1.8419
Backward Time(s): 0.2346
Update Time(s): 0.0044
Emb Update Time(s): 2.6294
#seeds: 6144
#inputs: 1940404
==========================================
Part 0, Epoch Time(s): 7.5406
Sampling Time(s): 0.3251
Loading Time(s): 3.4207
Forward Time(s): 0.9207
Backward Time(s): 0.2356
Update Time(s): 0.0042
Emb Update Time(s): 2.6288
#seeds: 6144
#inputs: 1929051
=====================
=====================
Part 7, Epoch Time(s): 7.5406
Sampling Time(s): 0.3458
Loading Time(s): 2.5486
Forward Time(s): 1.7720
Backward Time(s): 0.2337
Update Time(s): 0.0044
Emb Update Time(s): 2.6305
#seeds: 6144
#inputs: 1928708
=====================
=====================
Part 4, Epoch Time(s): 7.5406
Sampling Time(s): 0.3087
Loading Time(s): 2.5723
Forward Time(s): 1.7854
Backward Time(s): 0.2344
Update Time(s): 0.0046
Emb Update Time(s): 2.6297
#seeds: 6144
#inputs: 1937650
=====================


=====================
Part 1, Epoch Time(s): 7.5407
Sampling Time(s): 0.3083
Loading Time(s): 2.8649
Forward Time(s): 1.4932
Backward Time(s): 0.2354
Update Time(s): 0.0045
Emb Update Time(s): 2.6286
#seeds: 6145
#inputs: 1923509
=====================
=====================
Part 6, Epoch Time(s): 7.5408
Sampling Time(s): 0.3243
Loading Time(s): 2.7469
Forward Time(s): 1.5945
Backward Time(s): 0.2342
Update Time(s): 0.0053
Emb Update Time(s): 2.6299
#seeds: 6145
#inputs: 1934069
=====================
=====================
Part 20, Epoch Time(s): 7.5412
Sampling Time(s): 0.3154
Loading Time(s): 2.7546
Forward Time(s): 1.6105
Backward Time(s): 0.2274
Update Time(s): 0.0051
Emb Update Time(s): 2.6212
#seeds: 6144
#inputs: 1943222
==========================================
Part 19, Epoch Time(s): 7.5405
Sampling Time(s): 0.2932
Loading Time(s): 2.8321
Forward Time(s): 1.5399
Backward Time(s): 0.2330
Update Time(s): 0.0046
Emb Update Time(s): 2.6318
#seeds: 6144
#inputs: 1931416
==========================================
Part 17, Epoch Time(s): 7.5405
Sampling Time(s): 0.3062
Loading Time(s): 2.8488
Forward Time(s): 1.5105
Backward Time(s): 0.2335
Update Time(s): 0.0051
Emb Update Time(s): 2.6305
#seeds: 6145
#inputs: 1938381
==========================================
Part 21, Epoch Time(s): 7.5405
Sampling Time(s): 0.3145
Loading Time(s): 2.8469
Forward Time(s): 1.5038
Backward Time(s): 0.2329
Update Time(s): 0.0049
Emb Update Time(s): 2.6313
#seeds: 6145
#inputs: 1926104
=====================



=====================
Part 16, Epoch Time(s): 7.5406
Sampling Time(s): 0.2889
Loading Time(s): 2.9987
Forward Time(s): 1.3778
Backward Time(s): 0.2336
Update Time(s): 0.0052
Emb Update Time(s): 2.6304
#seeds: 6144
#inputs: 1911172
==========================================
Part 18, Epoch Time(s): 7.5407
Sampling Time(s): 0.3661
Loading Time(s): 3.3393
Forward Time(s): 0.9599
Backward Time(s): 0.2333
Update Time(s): 0.0055
Emb Update Time(s): 2.6309
#seeds: 6144
#inputs: 1940145
=====================

=====================
Part 22, Epoch Time(s): 7.5406
Sampling Time(s): 0.2979
Loading Time(s): 2.7321
Forward Time(s): 1.6342
Backward Time(s): 0.2329
Update Time(s): 0.0056
Emb Update Time(s): 2.6313
#seeds: 6144
#inputs: 1929377
=====================
=====================
Part 23, Epoch Time(s): 7.5407
Sampling Time(s): 0.2909
Loading Time(s): 2.8336
Forward Time(s): 1.5547
Backward Time(s): 0.2285
Update Time(s): 0.0063
Emb Update Time(s): 2.6196
#seeds: 6144
#inputs: 1925576
=====================
=====================
Part 13, Epoch Time(s): 7.5406
Sampling Time(s): 0.3185
Loading Time(s): 3.1600
Forward Time(s): 1.2039
Backward Time(s): 0.2248
Update Time(s): 0.0043
Emb Update Time(s): 2.6231
#seeds: 6144
#inputs: 2046968
==========================================
Part 11, Epoch Time(s): 7.5405
Sampling Time(s): 0.3309
Loading Time(s): 3.5221
Forward Time(s): 0.8266
Backward Time(s): 0.2283
Update Time(s): 0.0050
Emb Update Time(s): 2.6211
#seeds: 6144
#inputs: 2039132
==========================================
Part 8, Epoch Time(s): 7.5406
Sampling Time(s): 0.3265
Loading Time(s): 3.1590
Forward Time(s): 1.1795
Backward Time(s): 0.2330
Update Time(s): 0.0054
Emb Update Time(s): 2.6316
#seeds: 6144
#inputs: 2041604
==========================================
Part 9, Epoch Time(s): 7.5406
Sampling Time(s): 0.3931
Loading Time(s): 3.3577
Forward Time(s): 0.9291
Backward Time(s): 0.2292
Update Time(s): 0.0044
Emb Update Time(s): 2.6213
#seeds: 6144
#inputs: 2035667
==========================================
Part 14, Epoch Time(s): 7.5406
Sampling Time(s): 0.2778
Loading Time(s): 2.6333
Forward Time(s): 1.7544
Backward Time(s): 0.2313
Update Time(s): 0.0045
Emb Update Time(s): 2.6338
#seeds: 6145
#inputs: 2041980
=====================



=====================
Part 12, Epoch Time(s): 7.5406
Sampling Time(s): 0.3498
Loading Time(s): 3.3516
Forward Time(s): 0.9625
Backward Time(s): 0.2318
Update Time(s): 0.0058
Emb Update Time(s): 2.6331
#seeds: 6144
#inputs: 2028336
=====================
=====================
Part 15, Epoch Time(s): 7.5407
Sampling Time(s): 0.2912
Loading Time(s): 2.6903
Forward Time(s): 1.6850
Backward Time(s): 0.2299
Update Time(s): 0.0053
Emb Update Time(s): 2.6332
#seeds: 6144
#inputs: 2046924
=====================

=====================
Part 10, Epoch Time(s): 7.5407
Sampling Time(s): 0.3376
Loading Time(s): 3.3240
Forward Time(s): 1.0042
Backward Time(s): 0.2315
Update Time(s): 0.0051
Emb Update Time(s): 2.6322
#seeds: 6145
#inputs: 2036943
=====================
=====================
Part 28, Epoch Time(s): 7.5406
Sampling Time(s): 0.3374
Loading Time(s): 2.9624
Forward Time(s): 1.3648
Backward Time(s): 0.2329
Update Time(s): 0.0060
Emb Update Time(s): 2.6306
#seeds: 6144
#inputs: 1975844
==========================================
Part 29, Epoch Time(s): 7.5406
Sampling Time(s): 0.3169
Loading Time(s): 3.1918
Forward Time(s): 1.1566
Backward Time(s): 0.2329
Update Time(s): 0.0051
Emb Update Time(s): 2.6311
#seeds: 6144
#inputs: 1960402
==========================================
Part 31, Epoch Time(s): 7.5405
Sampling Time(s): 0.2949
Loading Time(s): 3.1617
Forward Time(s): 1.2241
Backward Time(s): 0.2378
Update Time(s): 0.0044
Emb Update Time(s): 2.6115
#seeds: 6144
#inputs: 1967453
=====================


=====================
Part 24, Epoch Time(s): 7.5406
Sampling Time(s): 0.3222
Loading Time(s): 3.1856
Forward Time(s): 1.1552
Backward Time(s): 0.2333
Update Time(s): 0.0055
Emb Update Time(s): 2.6315
#seeds: 6144
#inputs: 1967102
==========================================
Part 27, Epoch Time(s): 7.5406
Sampling Time(s): 0.2907
Loading Time(s): 2.5582
Forward Time(s): 1.8146
Backward Time(s): 0.2371
Update Time(s): 0.0058
Emb Update Time(s): 2.6270
#seeds: 6144
#inputs: 1970715
=====================
=====================
Part 25, Epoch Time(s): 7.5406
Sampling Time(s): 0.3621
Loading Time(s): 3.2551
Forward Time(s): 1.0471
Backward Time(s): 0.2330
Update Time(s): 0.0044
Emb Update Time(s): 2.6324
#seeds: 6144
#inputs: 1966542
=====================
=====================
Part 26, Epoch Time(s): 7.5406
Sampling Time(s): 0.3036
Loading Time(s): 3.0709
Forward Time(s): 1.2871
Backward Time(s): 0.2327
Update Time(s): 0.0052
Emb Update Time(s): 2.6312
#seeds: 6145
#inputs: 1976022
==========================================
Part 30, Epoch Time(s): 7.5406
Sampling Time(s): 0.3734
Loading Time(s): 3.3537
Forward Time(s): 0.9403
Backward Time(s): 0.2298
Update Time(s): 0.0053
Emb Update Time(s): 2.6314
#seeds: 6144
#inputs: 1983934
=====================


Part 7 | Epoch 00002 | Step 00000 | Loss 1.9449 | Train Acc 0.4960 | Speed (samples/sec) 800.7184 | GPU 1743.9 MB | time 1.331 s
Part 0 | Epoch 00002 | Step 00000 | Loss 2.0554 | Train Acc 0.4760 | Speed (samples/sec) 800.7107 | GPU 1735.8 MB | time 1.331 s
Part 1 | Epoch 00002 | Step 00000 | Loss 1.9517 | Train Acc 0.4990 | Speed (samples/sec) 801.2236 | GPU 1734.9 MB | time 1.331 s
Part 4 | Epoch 00002 | Step 00000 | Loss 2.0138 | Train Acc 0.4790 | Speed (samples/sec) 800.6956 | GPU 1756.0 MB | time 1.331 s
Part 5 | Epoch 00002 | Step 00000 | Loss 1.9538 | Train Acc 0.4980 | Speed (samples/sec) 800.7026 | GPU 1743.7 MB | time 1.331 s
Part 6 | Epoch 00002 | Step 00000 | Loss 2.0199 | Train Acc 0.4790 | Speed (samples/sec) 801.2492 | GPU 1740.2 MB | time 1.331 s
Part 19 | Epoch 00002 | Step 00000 | Loss 2.8542 | Train Acc 0.1510 | Speed (samples/sec) 800.8284 | GPU 1734.0 MB | time 1.331 sPart 17 | Epoch 00002 | Step 00000 | Loss 2.8676 | Train Acc 0.1560 | Speed (samples/sec) 801.3568 | GPU 1730.6 MB | time 1.331 s

Part 23 | Epoch 00002 | Step 00000 | Loss 2.8367 | Train Acc 0.1500 | Speed (samples/sec) 800.9540 | GPU 1725.6 MB | time 1.331 s
Part 2 | Epoch 00002 | Step 00000 | Loss 1.9350 | Train Acc 0.5000 | Speed (samples/sec) 800.7622 | GPU 1727.3 MB | time 1.331 s
Part 21 | Epoch 00002 | Step 00000 | Loss 2.8824 | Train Acc 0.1460 | Speed (samples/sec) 801.3627 | GPU 1730.2 MB | time 1.331 s
Part 3 | Epoch 00002 | Step 00000 | Loss 1.9520 | Train Acc 0.5080 | Speed (samples/sec) 800.7172 | GPU 1759.2 MB | time 1.331 s
Part 25 | Epoch 00002 | Step 00000 | Loss 2.0044 | Train Acc 0.5070 | Speed (samples/sec) 800.7786 | GPU 1749.6 MB | time 1.331 s
Part 31 | Epoch 00002 | Step 00000 | Loss 1.9921 | Train Acc 0.5270 | Speed (samples/sec) 800.7683 | GPU 1748.0 MB | time 1.331 sPart 24 | Epoch 00002 | Step 00000 | Loss 2.0027 | Train Acc 0.5040 | Speed (samples/sec) 800.9107 | GPU 1748.2 MB | time 1.331 s

Part 27 | Epoch 00002 | Step 00000 | Loss 1.9688 | Train Acc 0.5350 | Speed (samples/sec) 800.8076 | GPU 1764.7 MB | time 1.331 s
Part 22 | Epoch 00002 | Step 00000 | Loss 2.8828 | Train Acc 0.1410 | Speed (samples/sec) 800.8442 | GPU 1723.8 MB | time 1.331 s
Part 20 | Epoch 00002 | Step 00000 | Loss 2.9132 | Train Acc 0.1360 | Speed (samples/sec) 800.9190 | GPU 1740.3 MB | time 1.331 s
Part 30 | Epoch 00002 | Step 00000 | Loss 1.8992 | Train Acc 0.5500 | Speed (samples/sec) 800.8267 | GPU 1767.3 MB | time 1.331 s
Part 28 | Epoch 00002 | Step 00000 | Loss 2.0523 | Train Acc 0.5140 | Speed (samples/sec) 800.7599 | GPU 1753.7 MB | time 1.331 s
Part 11 | Epoch 00002 | Step 00000 | Loss 2.5770 | Train Acc 0.2280 | Speed (samples/sec) 800.9282 | GPU 1809.1 MB | time 1.331 sPart 8 | Epoch 00002 | Step 00000 | Loss 2.5313 | Train Acc 0.2310 | Speed (samples/sec) 800.8052 | GPU 1833.6 MB | time 1.331 s

Part 10 | Epoch 00002 | Step 00000 | Loss 2.4740 | Train Acc 0.2560 | Speed (samples/sec) 801.3248 | GPU 1822.7 MB | time 1.331 s
Part 15 | Epoch 00002 | Step 00000 | Loss 2.5596 | Train Acc 0.2370 | Speed (samples/sec) 800.7706 | GPU 1829.0 MB | time 1.331 s
Part 9 | Epoch 00002 | Step 00000 | Loss 2.5007 | Train Acc 0.2460 | Speed (samples/sec) 800.7752 | GPU 1821.6 MB | time 1.331 s
Part 13 | Epoch 00002 | Step 00000 | Loss 2.5391 | Train Acc 0.2470 | Speed (samples/sec) 800.7740 | GPU 1821.7 MB | time 1.331 s
Part 16 | Epoch 00002 | Step 00000 | Loss 2.8806 | Train Acc 0.1260 | Speed (samples/sec) 800.7815 | GPU 1730.1 MB | time 1.331 sPart 14 | Epoch 00002 | Step 00000 | Loss 2.4955 | Train Acc 0.2560 | Speed (samples/sec) 801.3039 | GPU 1819.1 MB | time 1.331 s

Part 12 | Epoch 00002 | Step 00000 | Loss 2.5153 | Train Acc 0.2430 | Speed (samples/sec) 800.8125 | GPU 1810.7 MB | time 1.331 s
Part 26 | Epoch 00002 | Step 00000 | Loss 1.9482 | Train Acc 0.5410 | Speed (samples/sec) 801.4551 | GPU 1762.5 MB | time 1.331 s
Part 18 | Epoch 00002 | Step 00000 | Loss 2.8615 | Train Acc 0.1490 | Speed (samples/sec) 800.8228 | GPU 1746.6 MB | time 1.331 s
Part 29 | Epoch 00002 | Step 00000 | Loss 2.0171 | Train Acc 0.5170 | Speed (samples/sec) 800.8490 | GPU 1750.2 MB | time 1.331 s
=====================
Part 5, Epoch Time(s): 7.4146
Sampling Time(s): 0.2819
Loading Time(s): 2.5357
Forward Time(s): 1.8284
Backward Time(s): 0.2295
Update Time(s): 0.0055
Emb Update Time(s): 2.5214
#seeds: 6144
#inputs: 1932784
==========================================
Part 6, Epoch Time(s): 7.4145
Sampling Time(s): 0.3282
Loading Time(s): 2.7826
Forward Time(s): 1.5347
Backward Time(s): 0.2294
Update Time(s): 0.0054
Emb Update Time(s): 2.5218
#seeds: 6145
#inputs: 1929333
==========================================
Part 1, Epoch Time(s): 7.4146
Sampling Time(s): 0.3084
Loading Time(s): 2.4406
Forward Time(s): 1.8962
Backward Time(s): 0.2306
Update Time(s): 0.0061
Emb Update Time(s): 2.5201
#seeds: 6145
#inputs: 1920591
==========================================
Part 0, Epoch Time(s): 7.4146
Sampling Time(s): 0.2964
Loading Time(s): 2.5869
Forward Time(s): 1.7628
Backward Time(s): 0.2312
Update Time(s): 0.0045
Emb Update Time(s): 2.5204
#seeds: 6144
#inputs: 1924305
==========================================
Part 4, Epoch Time(s): 7.4146
Sampling Time(s): 0.2997
Loading Time(s): 3.4056
Forward Time(s): 0.9568
Backward Time(s): 0.2251
Update Time(s): 0.0044
Emb Update Time(s): 2.5109
#seeds: 6144
#inputs: 1936778
==========================================
Part 7, Epoch Time(s): 7.4146
Sampling Time(s): 0.2949
Loading Time(s): 2.2308
Forward Time(s): 2.1209
Backward Time(s): 0.2292
Update Time(s): 0.0052
Emb Update Time(s): 2.5219
#seeds: 6144
#inputs: 1936837
=====================
=====================
Part 3, Epoch Time(s): 7.4146
Sampling Time(s): 0.3081
Loading Time(s): 2.8490
Forward Time(s): 1.5043
Backward Time(s): 0.2256
Update Time(s): 0.0046
Emb Update Time(s): 2.5104
#seeds: 6144
#inputs: 1935848
=====================
=====================
Part 2, Epoch Time(s): 7.4147
Sampling Time(s): 0.3116
Loading Time(s): 2.4829
Forward Time(s): 1.8518
Backward Time(s): 0.2303
Update Time(s): 0.0045
Emb Update Time(s): 2.5212
#seeds: 6144
#inputs: 1926445
=====================





=====================
Part 19, Epoch Time(s): 7.4146
Sampling Time(s): 0.3313
Loading Time(s): 3.4240
Forward Time(s): 0.8932
Backward Time(s): 0.2253
Update Time(s): 0.0045
Emb Update Time(s): 2.5238
#seeds: 6144
#inputs: 1932751
=====================
=====================
Part 21, Epoch Time(s): 7.4147
Sampling Time(s): 0.3211
Loading Time(s): 3.3239
Forward Time(s): 0.9991
Backward Time(s): 0.2280
Update Time(s): 0.0052
Emb Update Time(s): 2.5243
#seeds: 6145
#inputs: 1926836
==========================================
Part 17, Epoch Time(s): 7.4147
Sampling Time(s): 0.2902
Loading Time(s): 3.2473
Forward Time(s): 1.1075
Backward Time(s): 0.2296
Update Time(s): 0.0043
Emb Update Time(s): 2.5231
#seeds: 6145
#inputs: 1941685
==========================================
Part 23, Epoch Time(s): 7.4146
Sampling Time(s): 0.3365
Loading Time(s): 2.9364
Forward Time(s): 1.3724
Backward Time(s): 0.2276
Update Time(s): 0.0049
Emb Update Time(s): 2.5241
#seeds: 6144
#inputs: 1928617
=====================


=====================
Part 20, Epoch Time(s): 7.4147
Sampling Time(s): 0.3311
Loading Time(s): 3.4073
Forward Time(s): 0.9052
Backward Time(s): 0.2282
Update Time(s): 0.0052
Emb Update Time(s): 2.5240
#seeds: 6144
#inputs: 1941844
==========================================
Part 16, Epoch Time(s): 7.4147
Sampling Time(s): 0.3160
Loading Time(s): 3.5942
Forward Time(s): 0.7332
Backward Time(s): 0.2302
Update Time(s): 0.0045
Emb Update Time(s): 2.5236
#seeds: 6144
#inputs: 1909796
=====================

=====================
Part 18, Epoch Time(s): 7.4147
Sampling Time(s): 0.3155
Loading Time(s): 3.1703
Forward Time(s): 1.1582
Backward Time(s): 0.2293
Update Time(s): 0.0063
Emb Update Time(s): 2.5215
#seeds: 6144
#inputs: 1930783
==========================================
Part 22, Epoch Time(s): 7.4148
Sampling Time(s): 0.3176
Loading Time(s): 3.7085
Forward Time(s): 0.6176
Backward Time(s): 0.2277
Update Time(s): 0.0050
Emb Update Time(s): 2.5250
#seeds: 6144
#inputs: 1921771
=====================

=====================
Part 15, Epoch Time(s): 7.4146
Sampling Time(s): 0.3493
Loading Time(s): 3.6723
Forward Time(s): 0.6387
Backward Time(s): 0.2238
Update Time(s): 0.0050
Emb Update Time(s): 2.5133
#seeds: 6144
#inputs: 2046942
==========================================
Part 10, Epoch Time(s): 7.4146
Sampling Time(s): 0.3503
Loading Time(s): 3.0060
Forward Time(s): 1.2897
Backward Time(s): 0.2281
Update Time(s): 0.0052
Emb Update Time(s): 2.5231
#seeds: 6145
#inputs: 2035005
==========================================
Part 8, Epoch Time(s): 7.4148
Sampling Time(s): 0.3469
Loading Time(s): 3.4569
Forward Time(s): 0.8415
Backward Time(s): 0.2291
Update Time(s): 0.0059
Emb Update Time(s): 2.5223
#seeds: 6144
#inputs: 2042841
==========================================
Part 13, Epoch Time(s): 7.4146
Sampling Time(s): 0.3321
Loading Time(s): 3.8335
Forward Time(s): 0.4950
Backward Time(s): 0.2246
Update Time(s): 0.0046
Emb Update Time(s): 2.5129
#seeds: 6144
#inputs: 2052458
=====================



=====================
Part 12, Epoch Time(s): 7.4148
Sampling Time(s): 0.3626
Loading Time(s): 2.8657
Forward Time(s): 1.4165
Backward Time(s): 0.2284
Update Time(s): 0.0052
Emb Update Time(s): 2.5240
#seeds: 6144
#inputs: 2020333
==========================================
Part 9, Epoch Time(s): 7.4147
Sampling Time(s): 0.3375
Loading Time(s): 3.3539
Forward Time(s): 0.9534
Backward Time(s): 0.2286
Update Time(s): 0.0044
Emb Update Time(s): 2.5246
#seeds: 6144
#inputs: 2031613
==========================================
Part 11, Epoch Time(s): 7.4147
Sampling Time(s): 0.3216
Loading Time(s): 3.0848
Forward Time(s): 1.2389
Backward Time(s): 0.2288
Update Time(s): 0.0050
Emb Update Time(s): 2.5234
#seeds: 6144
#inputs: 2044183
==========================================
Part 14, Epoch Time(s): 7.4148
Sampling Time(s): 0.2851
Loading Time(s): 3.0890
Forward Time(s): 1.2709
Backward Time(s): 0.2280
Update Time(s): 0.0048
Emb Update Time(s): 2.5246
#seeds: 6145
#inputs: 2036665
=====================



=====================
Part 27, Epoch Time(s): 7.4146
Sampling Time(s): 0.3202
Loading Time(s): 2.6756
Forward Time(s): 1.6495
Backward Time(s): 0.2278
Update Time(s): 0.0050
Emb Update Time(s): 2.5240
#seeds: 6144
#inputs: 1978148
==========================================
Part 28, Epoch Time(s): 7.4146
Sampling Time(s): 0.3063
Loading Time(s): 2.9295
Forward Time(s): 1.4091
Backward Time(s): 0.2277
Update Time(s): 0.0054
Emb Update Time(s): 2.5239
#seeds: 6144
#inputs: 1981296
==========================================
Part 25, Epoch Time(s): 7.4146
Sampling Time(s): 0.3236
Loading Time(s): 3.2465
Forward Time(s): 1.0753
Backward Time(s): 0.2283
Update Time(s): 0.0042
Emb Update Time(s): 2.5245
#seeds: 6144
#inputs: 1962132
==========================================
Part 30, Epoch Time(s): 7.4147
Sampling Time(s): 0.3285
Loading Time(s): 3.0818
Forward Time(s): 1.2496
Backward Time(s): 0.2238
Update Time(s): 0.0048
Emb Update Time(s): 2.5137
#seeds: 6144
#inputs: 1984577
=====================
=====================
Part 31, Epoch Time(s): 7.4146
Sampling Time(s): 0.3031
Loading Time(s): 2.8120
Forward Time(s): 1.5307
Backward Time(s): 0.2283
Update Time(s): 0.0052
Emb Update Time(s): 2.5232
#seeds: 6144
#inputs: 1961304
==========================================
Part 24, Epoch Time(s): 7.4146
Sampling Time(s): 0.3050
Loading Time(s): 3.2262
Forward Time(s): 1.1301
Backward Time(s): 0.2244
Update Time(s): 0.0044
Emb Update Time(s): 2.5123
#seeds: 6144
#inputs: 1968797
==========================================
Part 29, Epoch Time(s): 7.4146
Sampling Time(s): 0.3160
Loading Time(s): 3.3712
Forward Time(s): 0.9576
Backward Time(s): 0.2276
Update Time(s): 0.0057
Emb Update Time(s): 2.5234
#seeds: 6144
#inputs: 1963044
=====================


=====================
Part 26, Epoch Time(s): 7.4146
Sampling Time(s): 0.3215
Loading Time(s): 3.2013
Forward Time(s): 1.1227
Backward Time(s): 0.2281
Update Time(s): 0.0048
Emb Update Time(s): 2.5237
#seeds: 6145
#inputs: 1977759
=====================



Part 5 | Epoch 00003 | Step 00000 | Loss 1.5041 | Train Acc 0.5830 | Speed (samples/sec) 800.9601 | GPU 1751.3 MB | time 1.361 sPart 4 | Epoch 00003 | Step 00000 | Loss 1.5375 | Train Acc 0.5870 | Speed (samples/sec) 800.9469 | GPU 1756.0 MB | time 1.361 s

Part 17 | Epoch 00003 | Step 00000 | Loss 2.4647 | Train Acc 0.2730 | Speed (samples/sec) 801.6113 | GPU 1733.5 MB | time 1.361 s
Part 21 | Epoch 00003 | Step 00000 | Loss 2.4431 | Train Acc 0.2660 | Speed (samples/sec) 801.6468 | GPU 1733.6 MB | time 1.361 sPart 20 | Epoch 00003 | Step 00000 | Loss 2.4835 | Train Acc 0.2680 | Speed (samples/sec) 801.2007 | GPU 1745.2 MB | time 1.361 s

Part 0 | Epoch 00003 | Step 00000 | Loss 1.5156 | Train Acc 0.5920 | Speed (samples/sec) 800.9738 | GPU 1735.8 MB | time 1.361 s
Part 7 | Epoch 00003 | Step 00000 | Loss 1.4470 | Train Acc 0.6170 | Speed (samples/sec) 800.9326 | GPU 1743.9 MB | time 1.361 s
Part 6 | Epoch 00003 | Step 00000 | Loss 1.4251 | Train Acc 0.6070 | Speed (samples/sec) 801.5441 | GPU 1740.2 MB | time 1.361 s
Part 23 | Epoch 00003 | Step 00000 | Loss 2.4938 | Train Acc 0.2550 | Speed (samples/sec) 801.1315 | GPU 1725.6 MB | time 1.361 s
Part 19 | Epoch 00003 | Step 00000 | Loss 2.4643 | Train Acc 0.2570 | Speed (samples/sec) 801.0504 | GPU 1734.0 MB | time 1.361 s
Part 3 | Epoch 00003 | Step 00000 | Loss 1.5726 | Train Acc 0.5670 | Speed (samples/sec) 800.9756 | GPU 1759.2 MB | time 1.361 s
Part 25 | Epoch 00003 | Step 00000 | Loss 1.6305 | Train Acc 0.5600 | Speed (samples/sec) 801.0012 | GPU 1749.6 MB | time 1.361 s
Part 1 | Epoch 00003 | Step 00000 | Loss 1.4083 | Train Acc 0.6180 | Speed (samples/sec) 801.5408 | GPU 1734.9 MB | time 1.361 s
Part 24 | Epoch 00003 | Step 00000 | Loss 1.5866 | Train Acc 0.5770 | Speed (samples/sec) 801.0832 | GPU 1748.2 MB | time 1.361 s
Part 30 | Epoch 00003 | Step 00000 | Loss 1.6023 | Train Acc 0.5650 | Speed (samples/sec) 801.0439 | GPU 1767.3 MB | time 1.361 s
Part 26 | Epoch 00003 | Step 00000 | Loss 1.5605 | Train Acc 0.5710 | Speed (samples/sec) 801.6485 | GPU 1766.2 MB | time 1.361 s
Part 16 | Epoch 00003 | Step 00000 | Loss 2.4586 | Train Acc 0.2510 | Speed (samples/sec) 801.0655 | GPU 1730.1 MB | time 1.361 s
Part 2 | Epoch 00003 | Step 00000 | Loss 1.4599 | Train Acc 0.5820 | Speed (samples/sec) 800.9946 | GPU 1728.9 MB | time 1.361 s
Part 22 | Epoch 00003 | Step 00000 | Loss 2.5211 | Train Acc 0.2710 | Speed (samples/sec) 801.1030 | GPU 1723.8 MB | time 1.361 sPart 18 | Epoch 00003 | Step 00000 | Loss 2.4766 | Train Acc 0.2540 | Speed (samples/sec) 801.1091 | GPU 1746.6 MB | time 1.361 s

Part 27 | Epoch 00003 | Step 00000 | Loss 1.5686 | Train Acc 0.5840 | Speed (samples/sec) 801.0324 | GPU 1764.7 MB | time 1.361 s
Part 31 | Epoch 00003 | Step 00000 | Loss 1.5520 | Train Acc 0.5960 | Speed (samples/sec) 801.0024 | GPU 1748.0 MB | time 1.361 s
Part 28 | Epoch 00003 | Step 00000 | Loss 1.6217 | Train Acc 0.5670 | Speed (samples/sec) 800.9928 | GPU 1753.7 MB | time 1.361 s
Part 8 | Epoch 00003 | Step 00000 | Loss 1.8126 | Train Acc 0.5360 | Speed (samples/sec) 801.0252 | GPU 1833.6 MB | time 1.361 s
Part 13 | Epoch 00003 | Step 00000 | Loss 1.8059 | Train Acc 0.5370 | Speed (samples/sec) 801.0121 | GPU 1821.7 MB | time 1.361 s
Part 10 | Epoch 00003 | Step 00000 | Loss 1.8012 | Train Acc 0.5400 | Speed (samples/sec) 801.5578 | GPU 1828.2 MB | time 1.361 s
Part 15 | Epoch 00003 | Step 00000 | Loss 1.8622 | Train Acc 0.5230 | Speed (samples/sec) 801.0108 | GPU 1829.0 MB | time 1.361 s
Part 14 | Epoch 00003 | Step 00000 | Loss 1.8955 | Train Acc 0.5220 | Speed (samples/sec) 801.5441 | GPU 1819.7 MB | time 1.361 sPart 11 | Epoch 00003 | Step 00000 | Loss 1.7930 | Train Acc 0.5450 | Speed (samples/sec) 801.0866 | GPU 1812.0 MB | time 1.361 s

Part 9 | Epoch 00003 | Step 00000 | Loss 1.8328 | Train Acc 0.5370 | Speed (samples/sec) 801.0090 | GPU 1821.6 MB | time 1.361 s
Part 12 | Epoch 00003 | Step 00000 | Loss 1.8258 | Train Acc 0.5300 | Speed (samples/sec) 801.0278 | GPU 1810.7 MB | time 1.362 s
Part 29 | Epoch 00003 | Step 00000 | Loss 1.6011 | Train Acc 0.5780 | Speed (samples/sec) 801.0565 | GPU 1758.9 MB | time 1.362 s
=====================
Part 4, Epoch Time(s): 7.2064
Sampling Time(s): 0.3061
Loading Time(s): 2.1653
Forward Time(s): 2.1522
Backward Time(s): 0.2305
Update Time(s): 0.0053
Emb Update Time(s): 2.3416
#seeds: 6144
#inputs: 1935335
==========================================
Part 5, Epoch Time(s): 7.2064
Sampling Time(s): 0.2894
Loading Time(s): 2.4033
Forward Time(s): 1.9307
Backward Time(s): 0.2304
Update Time(s): 0.0042
Emb Update Time(s): 2.3430
#seeds: 6144
#inputs: 1930869
==========================================
Part 2, Epoch Time(s): 7.2064
Sampling Time(s): 0.2946
Loading Time(s): 2.5034
Forward Time(s): 1.8246
Backward Time(s): 0.2309
Update Time(s): 0.0044
Emb Update Time(s): 2.3427
#seeds: 6144
#inputs: 1927011
==========================================
Part 6, Epoch Time(s): 7.2063
Sampling Time(s): 0.2923
Loading Time(s): 2.7256
Forward Time(s): 1.6053
Backward Time(s): 0.2303
Update Time(s): 0.0047
Emb Update Time(s): 2.3426
#seeds: 6145
#inputs: 1929833
==========================================
Part 3, Epoch Time(s): 7.2064
Sampling Time(s): 0.2904
Loading Time(s): 2.5048
Forward Time(s): 1.8276
Backward Time(s): 0.2307
Update Time(s): 0.0044
Emb Update Time(s): 2.3427
#seeds: 6144
#inputs: 1940512
==========================================
Part 0, Epoch Time(s): 7.2063
Sampling Time(s): 0.3223
Loading Time(s): 2.8582
Forward Time(s): 1.4423
Backward Time(s): 0.2313
Update Time(s): 0.0045
Emb Update Time(s): 2.3418
#seeds: 6144
#inputs: 1926850
=====================





=====================
Part 7, Epoch Time(s): 7.2065
Sampling Time(s): 0.3265
Loading Time(s): 2.8935
Forward Time(s): 1.4027
Backward Time(s): 0.2295
Update Time(s): 0.0058
Emb Update Time(s): 2.3427
#seeds: 6144
#inputs: 1920071
=====================
=====================
Part 1, Epoch Time(s): 7.2064
Sampling Time(s): 0.3525
Loading Time(s): 2.7269
Forward Time(s): 1.5436
Backward Time(s): 0.2309
Update Time(s): 0.0055
Emb Update Time(s): 2.3412
#seeds: 6145
#inputs: 1921210
=====================
=====================
Part 23, Epoch Time(s): 7.2062
Sampling Time(s): 0.3616
Loading Time(s): 2.8844
Forward Time(s): 1.3767
Backward Time(s): 0.2288
Update Time(s): 0.0046
Emb Update Time(s): 2.3446
#seeds: 6144
#inputs: 1930129
==========================================
Part 17, Epoch Time(s): 7.2062
Sampling Time(s): 0.3119
Loading Time(s): 3.1228
Forward Time(s): 1.1874
Backward Time(s): 0.2300
Update Time(s): 0.0045
Emb Update Time(s): 2.3441
#seeds: 6145
#inputs: 1939490
=====================

=====================
Part 20, Epoch Time(s): 7.2062
Sampling Time(s): 0.3667
Loading Time(s): 2.8227
Forward Time(s): 1.4330
Backward Time(s): 0.2290
Update Time(s): 0.0049
Emb Update Time(s): 2.3446
#seeds: 6144
#inputs: 1945807
==========================================
Part 21, Epoch Time(s): 7.2063
Sampling Time(s): 0.2706
Loading Time(s): 2.3573
Forward Time(s): 1.9942
Backward Time(s): 0.2299
Update Time(s): 0.0051
Emb Update Time(s): 2.3435
#seeds: 6145
#inputs: 1929008
=====================

=====================
Part 19, Epoch Time(s): 7.2063
Sampling Time(s): 0.3302
Loading Time(s): 3.3509
Forward Time(s): 0.9559
Backward Time(s): 0.2251
Update Time(s): 0.0046
Emb Update Time(s): 2.3341
#seeds: 6144
#inputs: 1934775
==========================================
Part 16, Epoch Time(s): 7.2063
Sampling Time(s): 0.2897
Loading Time(s): 3.0108
Forward Time(s): 1.3211
Backward Time(s): 0.2329
Update Time(s): 0.0051
Emb Update Time(s): 2.3408
#seeds: 6144
#inputs: 1916036
=====================

=====================
Part 22, Epoch Time(s): 7.2062
Sampling Time(s): 0.2822
Loading Time(s): 2.7837
Forward Time(s): 1.5552
Backward Time(s): 0.2289
Update Time(s): 0.0051
Emb Update Time(s): 2.3451
#seeds: 6144
#inputs: 1933091
==========================================
Part 18, Epoch Time(s): 7.2063
Sampling Time(s): 0.3467
Loading Time(s): 2.9106
Forward Time(s): 1.3796
Backward Time(s): 0.2253
Update Time(s): 0.0049
Emb Update Time(s): 2.3334
#seeds: 6144
#inputs: 1939005
=====================

=====================
Part 14, Epoch Time(s): 7.2063
Sampling Time(s): 0.3029
Loading Time(s): 3.0605
Forward Time(s): 1.2579
Backward Time(s): 0.2277
Update Time(s): 0.0048
Emb Update Time(s): 2.3467
#seeds: 6145
#inputs: 2038450
==========================================
Part 11, Epoch Time(s): 7.2062
Sampling Time(s): 0.3469
Loading Time(s): 3.3253
Forward Time(s): 0.9599
Backward Time(s): 0.2267
Update Time(s): 0.0049
Emb Update Time(s): 2.3367
#seeds: 6144
#inputs: 2047145
==========================================
Part 9, Epoch Time(s): 7.2063
Sampling Time(s): 0.3144
Loading Time(s): 2.7296
Forward Time(s): 1.5771
Backward Time(s): 0.2290
Update Time(s): 0.0053
Emb Update Time(s): 2.3451
#seeds: 6144
#inputs: 2031710
==========================================
Part 8, Epoch Time(s): 7.2062
Sampling Time(s): 0.3722
Loading Time(s): 2.9563
Forward Time(s): 1.2937
Backward Time(s): 0.2292
Update Time(s): 0.0043
Emb Update Time(s): 2.3452
#seeds: 6144
#inputs: 2041496
==========================================
Part 13, Epoch Time(s): 7.2062
Sampling Time(s): 0.3815
Loading Time(s): 3.2654
Forward Time(s): 0.9752
Backward Time(s): 0.2279
Update Time(s): 0.0048
Emb Update Time(s): 2.3459
#seeds: 6144
#inputs: 2048051
=====================

=====================
Part 15, Epoch Time(s): 7.2064
Sampling Time(s): 0.3450
Loading Time(s): 3.0395
Forward Time(s): 1.2374
Backward Time(s): 0.2276
Update Time(s): 0.0046
Emb Update Time(s): 2.3464
#seeds: 6144
#inputs: 2049679
=====================



=====================
Part 10, Epoch Time(s): 7.2064
Sampling Time(s): 0.3862
Loading Time(s): 2.6264
Forward Time(s): 1.6096
Backward Time(s): 0.2287
Update Time(s): 0.0048
Emb Update Time(s): 2.3452
#seeds: 6145
#inputs: 2029206
=====================
=====================
Part 12, Epoch Time(s): 7.2064
Sampling Time(s): 0.4095
Loading Time(s): 3.2146
Forward Time(s): 0.9962
Backward Time(s): 0.2280
Update Time(s): 0.0068
Emb Update Time(s): 2.3453
#seeds: 6144
#inputs: 2024916
=====================
=====================
Part 27, Epoch Time(s): 7.2062
Sampling Time(s): 0.3396
Loading Time(s): 3.0850
Forward Time(s): 1.2127
Backward Time(s): 0.2249
Update Time(s): 0.0048
Emb Update Time(s): 2.3339
#seeds: 6144
#inputs: 1971604
==========================================
Part 25, Epoch Time(s): 7.2062
Sampling Time(s): 0.2807
Loading Time(s): 2.6325
Forward Time(s): 1.7094
Backward Time(s): 0.2296
Update Time(s): 0.0043
Emb Update Time(s): 2.3445
#seeds: 6144
#inputs: 1961610
==========================================
Part 28, Epoch Time(s): 7.2063
Sampling Time(s): 0.3778
Loading Time(s): 3.1064
Forward Time(s): 1.1378
Backward Time(s): 0.2285
Update Time(s): 0.0053
Emb Update Time(s): 2.3450
#seeds: 6144
#inputs: 1975325
==========================================
Part 30, Epoch Time(s): 7.2062
Sampling Time(s): 0.3017
Loading Time(s): 2.8147
Forward Time(s): 1.5062
Backward Time(s): 0.2285
Update Time(s): 0.0048
Emb Update Time(s): 2.3451
#seeds: 6144
#inputs: 1983964
=====================

=====================
Part 26, Epoch Time(s): 7.2062
Sampling Time(s): 0.3146
Loading Time(s): 3.4462
Forward Time(s): 0.8766
Backward Time(s): 0.2260
Update Time(s): 0.0050
Emb Update Time(s): 2.3325
#seeds: 6145
#inputs: 1981815
=====================

=====================
Part 24, Epoch Time(s): 7.2063
Sampling Time(s): 0.3342
Loading Time(s): 3.3926
Forward Time(s): 0.8955
Backward Time(s): 0.2300
Update Time(s): 0.0049
Emb Update Time(s): 2.3439
#seeds: 6144
#inputs: 1966758
==========================================
Part 29, Epoch Time(s): 7.2062
Sampling Time(s): 0.3033
Loading Time(s): 3.4567
Forward Time(s): 0.8750
Backward Time(s): 0.2237
Update Time(s): 0.0051
Emb Update Time(s): 2.3352
#seeds: 6144
#inputs: 1958984
=====================


=====================
Part 31, Epoch Time(s): 7.2062
Sampling Time(s): 0.3107
Loading Time(s): 3.5338
Forward Time(s): 0.7958
Backward Time(s): 0.2207
Update Time(s): 0.0052
Emb Update Time(s): 2.3347
#seeds: 6144
#inputs: 1966161
=====================
Part 10 | Epoch 00004 | Step 00000 | Loss 1.3632 | Train Acc 0.6910 | Speed (samples/sec) 806.9145 | GPU 1828.2 MB | time 1.455 s
Part 15 | Epoch 00004 | Step 00000 | Loss 1.3613 | Train Acc 0.6750 | Speed (samples/sec) 806.3689 | GPU 1829.0 MB | time 1.456 s
Part 13 | Epoch 00004 | Step 00000 | Loss 1.4030 | Train Acc 0.6640 | Speed (samples/sec) 806.3742 | GPU 1828.0 MB | time 1.456 s
Part 6 | Epoch 00004 | Step 00000 | Loss 1.0694 | Train Acc 0.7630 | Speed (samples/sec) 806.8944 | GPU 1740.2 MB | time 1.456 s
Part 14 | Epoch 00004 | Step 00000 | Loss 1.4250 | Train Acc 0.6660 | Speed (samples/sec) 806.9176 | GPU 1823.0 MB | time 1.456 s
Part 9 | Epoch 00004 | Step 00000 | Loss 1.4820 | Train Acc 0.6620 | Speed (samples/sec) 806.3787 | GPU 1821.6 MB | time 1.456 s
Part 11 | Epoch 00004 | Step 00000 | Loss 1.4640 | Train Acc 0.6540 | Speed (samples/sec) 806.4310 | GPU 1817.2 MB | time 1.456 s
Part 8 | Epoch 00004 | Step 00000 | Loss 1.4258 | Train Acc 0.6530 | Speed (samples/sec) 806.3699 | GPU 1833.6 MB | time 1.456 s
Part 21 | Epoch 00004 | Step 00000 | Loss 1.9268 | Train Acc 0.4940 | Speed (samples/sec) 806.9728 | GPU 1734.5 MB | time 1.455 sPart 22 | Epoch 00004 | Step 00000 | Loss 1.8952 | Train Acc 0.4940 | Speed (samples/sec) 806.4619 | GPU 1738.4 MB | time 1.455 s

Part 26 | Epoch 00004 | Step 00000 | Loss 1.2842 | Train Acc 0.6620 | Speed (samples/sec) 806.9783 | GPU 1766.2 MB | time 1.455 s
Part 31 | Epoch 00004 | Step 00000 | Loss 1.2281 | Train Acc 0.6720 | Speed (samples/sec) 806.3570 | GPU 1751.3 MB | time 1.456 s
Part 1 | Epoch 00004 | Step 00000 | Loss 1.0860 | Train Acc 0.7600 | Speed (samples/sec) 806.8885 | GPU 1734.9 MB | time 1.456 sPart 4 | Epoch 00004 | Step 00000 | Loss 1.0445 | Train Acc 0.7610 | Speed (samples/sec) 806.2893 | GPU 1756.0 MB | time 1.456 s

Part 0 | Epoch 00004 | Step 00000 | Loss 1.0919 | Train Acc 0.7470 | Speed (samples/sec) 806.3234 | GPU 1736.1 MB | time 1.456 s
Part 3 | Epoch 00004 | Step 00000 | Loss 1.0887 | Train Acc 0.7640 | Speed (samples/sec) 806.3223 | GPU 1759.2 MB | time 1.456 s
Part 24 | Epoch 00004 | Step 00000 | Loss 1.1988 | Train Acc 0.6840 | Speed (samples/sec) 806.4100 | GPU 1767.7 MB | time 1.456 s
Part 5 | Epoch 00004 | Step 00000 | Loss 1.0288 | Train Acc 0.7710 | Speed (samples/sec) 806.2998 | GPU 1751.3 MB | time 1.456 s
Part 16 | Epoch 00004 | Step 00000 | Loss 1.9989 | Train Acc 0.4700 | Speed (samples/sec) 806.4226 | GPU 1730.1 MB | time 1.455 s
Part 2 | Epoch 00004 | Step 00000 | Loss 1.0800 | Train Acc 0.7530 | Speed (samples/sec) 806.3469 | GPU 1730.9 MB | time 1.456 s
Part 23 | Epoch 00004 | Step 00000 | Loss 1.9664 | Train Acc 0.4870 | Speed (samples/sec) 806.4482 | GPU 1725.6 MB | time 1.455 s
Part 20 | Epoch 00004 | Step 00000 | Loss 2.0003 | Train Acc 0.4750 | Speed (samples/sec) 806.5022 | GPU 1745.2 MB | time 1.455 s
Part 17 | Epoch 00004 | Step 00000 | Loss 1.9456 | Train Acc 0.4830 | Speed (samples/sec) 806.9594 | GPU 1739.7 MB | time 1.456 s
Part 19 | Epoch 00004 | Step 00000 | Loss 2.0097 | Train Acc 0.4660 | Speed (samples/sec) 806.3856 | GPU 1734.0 MB | time 1.456 s
Part 25 | Epoch 00004 | Step 00000 | Loss 1.2820 | Train Acc 0.6630 | Speed (samples/sec) 806.3381 | GPU 1750.7 MB | time 1.456 s
Part 30 | Epoch 00004 | Step 00000 | Loss 1.2760 | Train Acc 0.6680 | Speed (samples/sec) 806.3761 | GPU 1767.3 MB | time 1.456 s
Part 28 | Epoch 00004 | Step 00000 | Loss 1.3001 | Train Acc 0.6500 | Speed (samples/sec) 806.3516 | GPU 1758.8 MB | time 1.456 s
Part 27 | Epoch 00004 | Step 00000 | Loss 1.2553 | Train Acc 0.6590 | Speed (samples/sec) 806.3645 | GPU 1764.7 MB | time 1.456 s
Part 7 | Epoch 00004 | Step 00000 | Loss 1.1291 | Train Acc 0.7500 | Speed (samples/sec) 806.2960 | GPU 1743.9 MB | time 1.456 s
Part 29 | Epoch 00004 | Step 00000 | Loss 1.1677 | Train Acc 0.6810 | Speed (samples/sec) 806.4819 | GPU 1758.9 MB | time 1.456 s
Part 12 | Epoch 00004 | Step 00000 | Loss 1.3979 | Train Acc 0.6780 | Speed (samples/sec) 806.4035 | GPU 1810.7 MB | time 1.456 s
Part 18 | Epoch 00004 | Step 00000 | Loss 1.9774 | Train Acc 0.4650 | Speed (samples/sec) 806.4534 | GPU 1746.6 MB | time 1.456 s
=====================
Part 2, Epoch Time(s): 7.1344
Sampling Time(s): 0.3457
Loading Time(s): 2.3247
Forward Time(s): 1.7834
Backward Time(s): 0.2346
Update Time(s): 0.0039
Emb Update Time(s): 2.4296
#seeds: 6144
#inputs: 1929897
=====================
=====================
Part 5, Epoch Time(s): 7.1344
Sampling Time(s): 0.2750
Loading Time(s): 2.6189
Forward Time(s): 1.5598
Backward Time(s): 0.2338
Update Time(s): 0.0040
Emb Update Time(s): 2.4304
#seeds: 6144
#inputs: 1930752
==========================================
Part 0, Epoch Time(s): 7.1345
Sampling Time(s): 0.3193
Loading Time(s): 3.0725
Forward Time(s): 1.0622
Backward Time(s): 0.2353
Update Time(s): 0.0049
Emb Update Time(s): 2.4277
#seeds: 6144
#inputs: 1923550
==========================================
Part 6, Epoch Time(s): 7.1345
Sampling Time(s): 0.2876
Loading Time(s): 2.1332
Forward Time(s): 2.0334
Backward Time(s): 0.2335
Update Time(s): 0.0044
Emb Update Time(s): 2.4298
#seeds: 6145
#inputs: 1928162
=====================


=====================
Part 3, Epoch Time(s): 7.1345
Sampling Time(s): 0.2933
Loading Time(s): 2.7712
Forward Time(s): 1.3900
Backward Time(s): 0.2344
Update Time(s): 0.0043
Emb Update Time(s): 2.4287
#seeds: 6144
#inputs: 1943589
=====================
=====================
Part 7, Epoch Time(s): 7.1346
Sampling Time(s): 0.3655
Loading Time(s): 2.5691
Forward Time(s): 1.5183
Backward Time(s): 0.2328
Update Time(s): 0.0065
Emb Update Time(s): 2.4284
#seeds: 6144
#inputs: 1930481
==========================================
Part 1, Epoch Time(s): 7.1348
Sampling Time(s): 0.3801
Loading Time(s): 2.8522
Forward Time(s): 1.2217
Backward Time(s): 0.2349
Update Time(s): 0.0054
Emb Update Time(s): 2.4277
#seeds: 6145
#inputs: 1919703
=====================

=====================
Part 4, Epoch Time(s): 7.1347
Sampling Time(s): 0.3034
Loading Time(s): 3.2656
Forward Time(s): 0.8852
Backward Time(s): 0.2354
Update Time(s): 0.0048
Emb Update Time(s): 2.4277
#seeds: 6144
#inputs: 1940287
=====================
=====================
Part 17, Epoch Time(s): 7.1345
Sampling Time(s): 0.2836
Loading Time(s): 2.4481
Forward Time(s): 1.7214
Backward Time(s): 0.2336
Update Time(s): 0.0045
Emb Update Time(s): 2.4303
#seeds: 6145
#inputs: 1937847
==========================================
Part 21, Epoch Time(s): 7.1344
Sampling Time(s): 0.3185
Loading Time(s): 2.9295
Forward Time(s): 1.2054
Backward Time(s): 0.2331
Update Time(s): 0.0050
Emb Update Time(s): 2.4303
#seeds: 6145
#inputs: 1928142
=====================

=====================
Part 20, Epoch Time(s): 7.1346
Sampling Time(s): 0.3756
Loading Time(s): 2.8334
Forward Time(s): 1.2596
Backward Time(s): 0.2283
Update Time(s): 0.0047
Emb Update Time(s): 2.4199
#seeds: 6144
#inputs: 1947833
==========================================
Part 19, Epoch Time(s): 7.1346
Sampling Time(s): 0.3233
Loading Time(s): 3.1188
Forward Time(s): 1.0245
Backward Time(s): 0.2289
Update Time(s): 0.0048
Emb Update Time(s): 2.4212
#seeds: 6144
#inputs: 1938800
=====================

=====================
Part 16, Epoch Time(s): 7.1344
Sampling Time(s): 0.3330
Loading Time(s): 2.9940
Forward Time(s): 1.1257
Backward Time(s): 0.2338
Update Time(s): 0.0048
Emb Update Time(s): 2.4302
#seeds: 6144
#inputs: 1919234
=====================
=====================
Part 18, Epoch Time(s): 7.1345
Sampling Time(s): 0.3481
Loading Time(s): 2.9551
Forward Time(s): 1.1645
Backward Time(s): 0.2277
Update Time(s): 0.0051
Emb Update Time(s): 2.4203
#seeds: 6144
#inputs: 1935408
==========================================
Part 22, Epoch Time(s): 7.1345
Sampling Time(s): 0.2963
Loading Time(s): 2.8792
Forward Time(s): 1.2777
Backward Time(s): 0.2330
Update Time(s): 0.0057
Emb Update Time(s): 2.4297
#seeds: 6144
#inputs: 1927998
=====================

=====================
Part 28, Epoch Time(s): 7.1345
Sampling Time(s): 0.2849
Loading Time(s): 2.5454
Forward Time(s): 1.6231
Backward Time(s): 0.2331
Update Time(s): 0.0044
Emb Update Time(s): 2.4311
#seeds: 6144
#inputs: 1973653
==========================================
Part 30, Epoch Time(s): 7.1345
Sampling Time(s): 0.2959
Loading Time(s): 3.0033
Forward Time(s): 1.1543
Backward Time(s): 0.2329
Update Time(s): 0.0046
Emb Update Time(s): 2.4311
#seeds: 6144
#inputs: 1982683
==========================================
Part 25, Epoch Time(s): 7.1345
Sampling Time(s): 0.2715
Loading Time(s): 2.7457
Forward Time(s): 1.4359
Backward Time(s): 0.2342
Update Time(s): 0.0041
Emb Update Time(s): 2.4307
#seeds: 6144
#inputs: 1968212
==========================================
Part 27, Epoch Time(s): 7.1345
Sampling Time(s): 0.3156
Loading Time(s): 3.1553
Forward Time(s): 0.9826
Backward Time(s): 0.2333
Update Time(s): 0.0049
Emb Update Time(s): 2.4302
#seeds: 6144
#inputs: 1969864
=====================



=====================
Part 29, Epoch Time(s): 7.1345
Sampling Time(s): 0.2885
Loading Time(s): 3.2297
Forward Time(s): 0.9422
Backward Time(s): 0.2281
Update Time(s): 0.0058
Emb Update Time(s): 2.4272
#seeds: 6144
#inputs: 1961622
==========================================
Part 24, Epoch Time(s): 7.1346
Sampling Time(s): 0.3228
Loading Time(s): 3.4943
Forward Time(s): 0.6517
Backward Time(s): 0.2298
Update Time(s): 0.0050
Emb Update Time(s): 2.4181
#seeds: 6144
#inputs: 1967210
==========================================
Part 31, Epoch Time(s): 7.1346
Sampling Time(s): 0.3116
Loading Time(s): 3.4192
Forward Time(s): 0.7529
Backward Time(s): 0.2229
Update Time(s): 0.0046
Emb Update Time(s): 2.4105
#seeds: 6144
#inputs: 1966244
==========================================
Part 26, Epoch Time(s): 7.1346
Sampling Time(s): 0.2871
Loading Time(s): 3.0233
Forward Time(s): 1.1433
Backward Time(s): 0.2340
Update Time(s): 0.0046
Emb Update Time(s): 2.4295
#seeds: 6145
#inputs: 1973756
=====================



=====================
Part 23, Epoch Time(s): 7.1346
Sampling Time(s): 0.3000
Loading Time(s): 2.9240
Forward Time(s): 1.2295
Backward Time(s): 0.2330
Update Time(s): 0.0060
Emb Update Time(s): 2.4293
#seeds: 6144
#inputs: 1928214
=====================
=====================
Part 14, Epoch Time(s): 7.1345
Sampling Time(s): 0.3299
Loading Time(s): 3.1223
Forward Time(s): 1.0012
Backward Time(s): 0.2315
Update Time(s): 0.0050
Emb Update Time(s): 2.4320
#seeds: 6145
#inputs: 2038487
==========================================
Part 9, Epoch Time(s): 7.1345
Sampling Time(s): 0.3982
Loading Time(s): 3.0658
Forward Time(s): 0.9892
Backward Time(s): 0.2327
Update Time(s): 0.0047
Emb Update Time(s): 2.4313
#seeds: 6144
#inputs: 2032314
==========================================
Part 10, Epoch Time(s): 7.1345
Sampling Time(s): 0.3230
Loading Time(s): 2.8506
Forward Time(s): 1.2731
Backward Time(s): 0.2319
Update Time(s): 0.0052
Emb Update Time(s): 2.4382
#seeds: 6145
#inputs: 2031158
=====================


=====================
Part 11, Epoch Time(s): 7.1345
Sampling Time(s): 0.3074
Loading Time(s): 2.6658
Forward Time(s): 1.4801
Backward Time(s): 0.2318
Update Time(s): 0.0053
Emb Update Time(s): 2.4315
#seeds: 6144
#inputs: 2046990
==========================================
Part 15, Epoch Time(s): 7.1345
Sampling Time(s): 0.2993
Loading Time(s): 3.0369
Forward Time(s): 1.1165
Backward Time(s): 0.2314
Update Time(s): 0.0048
Emb Update Time(s): 2.4328
#seeds: 6144
#inputs: 2049439
=====================
=====================
Part 8, Epoch Time(s): 7.1346
Sampling Time(s): 0.3263
Loading Time(s): 2.9776
Forward Time(s): 1.1517
Backward Time(s): 0.2303
Update Time(s): 0.0048
Emb Update Time(s): 2.4310
#seeds: 6144
#inputs: 2045679
==========================================
Part 13, Epoch Time(s): 7.1346
Sampling Time(s): 0.3114
Loading Time(s): 3.2885
Forward Time(s): 0.8675
Backward Time(s): 0.2278
Update Time(s): 0.0046
Emb Update Time(s): 2.4221
#seeds: 6144
#inputs: 2045272
=====================


=====================
Part 12, Epoch Time(s): 7.1344
Sampling Time(s): 0.3494
Loading Time(s): 3.2679
Forward Time(s): 0.8353
Backward Time(s): 0.2306
Update Time(s): 0.0059
Emb Update Time(s): 2.4319
#seeds: 6144
#inputs: 2019243
=====================
Part 18 | Epoch 00005 | Step 00000 | Loss 1.4768 | Train Acc 0.6470 | Speed (samples/sec) 815.7011 | GPU 1746.6 MB | time 1.298 s
Part 20 | Epoch 00005 | Step 00000 | Loss 1.4893 | Train Acc 0.6390 | Speed (samples/sec) 815.7266 | GPU 1745.2 MB | time 1.298 s
Part 23 | Epoch 00005 | Step 00000 | Loss 1.3126 | Train Acc 0.6890 | Speed (samples/sec) 815.6789 | GPU 1729.5 MB | time 1.298 s
Part 16 | Epoch 00005 | Step 00000 | Loss 1.4347 | Train Acc 0.6520 | Speed (samples/sec) 815.6592 | GPU 1730.1 MB | time 1.298 s
Part 1 | Epoch 00005 | Step 00000 | Loss 0.6217 | Train Acc 0.8610 | Speed (samples/sec) 816.1374 | GPU 1734.9 MB | time 1.298 sPart 2 | Epoch 00005 | Step 00000 | Loss 0.6838 | Train Acc 0.8530 | Speed (samples/sec) 815.6006 | GPU 1731.7 MB | time 1.298 s

Part 25 | Epoch 00005 | Step 00000 | Loss 1.0562 | Train Acc 0.7290 | Speed (samples/sec) 815.5869 | GPU 1762.2 MB | time 1.298 sPart 31 | Epoch 00005 | Step 00000 | Loss 0.9236 | Train Acc 0.7510 | Speed (samples/sec) 815.6036 | GPU 1751.3 MB | time 1.298 s

Part 28 | Epoch 00005 | Step 00000 | Loss 1.0061 | Train Acc 0.7370 | Speed (samples/sec) 815.6014 | GPU 1758.8 MB | time 1.298 s
Part 26 | Epoch 00005 | Step 00000 | Loss 0.9793 | Train Acc 0.7510 | Speed (samples/sec) 816.2025 | GPU 1766.2 MB | time 1.298 sPart 29 | Epoch 00005 | Step 00000 | Loss 0.9669 | Train Acc 0.7500 | Speed (samples/sec) 815.7282 | GPU 1758.9 MB | time 1.298 s

Part 30 | Epoch 00005 | Step 00000 | Loss 0.8825 | Train Acc 0.7510 | Speed (samples/sec) 815.6163 | GPU 1767.3 MB | time 1.298 s
Part 27 | Epoch 00005 | Step 00000 | Loss 0.9906 | Train Acc 0.7460 | Speed (samples/sec) 815.6178 | GPU 1764.7 MB | time 1.298 s
Part 24 | Epoch 00005 | Step 00000 | Loss 0.9371 | Train Acc 0.7590 | Speed (samples/sec) 815.6442 | GPU 1767.7 MB | time 1.298 s
Part 21 | Epoch 00005 | Step 00000 | Loss 1.3959 | Train Acc 0.6470 | Speed (samples/sec) 816.2007 | GPU 1740.3 MB | time 1.298 sPart 17 | Epoch 00005 | Step 00000 | Loss 1.4456 | Train Acc 0.6530 | Speed (samples/sec) 816.2095 | GPU 1739.7 MB | time 1.298 s

Part 22 | Epoch 00005 | Step 00000 | Loss 1.3785 | Train Acc 0.6620 | Speed (samples/sec) 815.6842 | GPU 1738.4 MB | time 1.298 s
Part 9 | Epoch 00005 | Step 00000 | Loss 0.9911 | Train Acc 0.7870 | Speed (samples/sec) 815.6324 | GPU 1821.6 MB | time 1.298 s
Part 3 | Epoch 00005 | Step 00000 | Loss 0.7414 | Train Acc 0.8360 | Speed (samples/sec) 815.5708 | GPU 1759.2 MB | time 1.298 s
Part 13 | Epoch 00005 | Step 00000 | Loss 1.0326 | Train Acc 0.7740 | Speed (samples/sec) 815.6339 | GPU 1828.0 MB | time 1.298 sPart 10 | Epoch 00005 | Step 00000 | Loss 0.9560 | Train Acc 0.7850 | Speed (samples/sec) 816.2003 | GPU 1828.2 MB | time 1.298 sPart 12 | Epoch 00005 | Step 00000 | Loss 0.9953 | Train Acc 0.7860 | Speed (samples/sec) 815.6807 | GPU 1810.7 MB | time 1.298 s


Part 8 | Epoch 00005 | Step 00000 | Loss 1.0100 | Train Acc 0.7570 | Speed (samples/sec) 815.6397 | GPU 1833.6 MB | time 1.298 s
Part 14 | Epoch 00005 | Step 00000 | Loss 1.0209 | Train Acc 0.7780 | Speed (samples/sec) 816.1697 | GPU 1823.0 MB | time 1.298 sPart 11 | Epoch 00005 | Step 00000 | Loss 0.9248 | Train Acc 0.7920 | Speed (samples/sec) 815.6747 | GPU 1817.2 MB | time 1.298 s

Part 5 | Epoch 00005 | Step 00000 | Loss 0.6339 | Train Acc 0.8560 | Speed (samples/sec) 815.5559 | GPU 1751.3 MB | time 1.298 s
Part 6 | Epoch 00005 | Step 00000 | Loss 0.7122 | Train Acc 0.8440 | Speed (samples/sec) 816.1289 | GPU 1740.2 MB | time 1.298 s
Part 15 | Epoch 00005 | Step 00000 | Loss 0.9877 | Train Acc 0.7790 | Speed (samples/sec) 815.6401 | GPU 1830.2 MB | time 1.298 s
Part 4 | Epoch 00005 | Step 00000 | Loss 0.7823 | Train Acc 0.8340 | Speed (samples/sec) 815.5414 | GPU 1756.0 MB | time 1.298 s
Part 7 | Epoch 00005 | Step 00000 | Loss 0.7367 | Train Acc 0.8460 | Speed (samples/sec) 815.5948 | GPU 1743.9 MB | time 1.298 s
Part 0 | Epoch 00005 | Step 00000 | Loss 0.7319 | Train Acc 0.8310 | Speed (samples/sec) 815.5695 | GPU 1736.1 MB | time 1.299 s
Part 19 | Epoch 00005 | Step 00000 | Loss 1.4254 | Train Acc 0.6450 | Speed (samples/sec) 815.6240 | GPU 1734.0 MB | time 1.299 s
=====================
Part 5, Epoch Time(s): 7.2745
Sampling Time(s): 0.2735
Loading Time(s): 2.1618
Forward Time(s): 1.9253
Backward Time(s): 0.2280
Update Time(s): 0.0042
Emb Update Time(s): 2.6760
#seeds: 6144
#inputs: 1924854
==========================================
Part 6, Epoch Time(s): 7.2746
Sampling Time(s): 0.2930
Loading Time(s): 2.1971
Forward Time(s): 1.8705
Backward Time(s): 0.2276
Update Time(s): 0.0043
Emb Update Time(s): 2.6765
#seeds: 6145
#inputs: 1929433
=====================

=====================
Part 7, Epoch Time(s): 7.2745
Sampling Time(s): 0.3366
Loading Time(s): 2.2275
Forward Time(s): 1.7962
Backward Time(s): 0.2274
Update Time(s): 0.0052
Emb Update Time(s): 2.6758
#seeds: 6144
#inputs: 1931618
=====================
=====================
Part 2, Epoch Time(s): 7.2746
Sampling Time(s): 0.2790
Loading Time(s): 2.4145
Forward Time(s): 1.6674
Backward Time(s): 0.2285
Update Time(s): 0.0041
Emb Update Time(s): 2.6756
#seeds: 6144
#inputs: 1926301
==========================================
Part 4, Epoch Time(s): 7.2745
Sampling Time(s): 0.3285
Loading Time(s): 2.8188
Forward Time(s): 1.2130
Backward Time(s): 0.2302
Update Time(s): 0.0052
Emb Update Time(s): 2.6731
#seeds: 6144
#inputs: 1934291
=====================
=====================
Part 3, Epoch Time(s): 7.2746
Sampling Time(s): 0.2938
Loading Time(s): 2.8500
Forward Time(s): 1.2172
Backward Time(s): 0.2283
Update Time(s): 0.0046
Emb Update Time(s): 2.6751
#seeds: 6144
#inputs: 1942345
==========================================
Part 1, Epoch Time(s): 7.2745
Sampling Time(s): 0.3440
Loading Time(s): 2.6718
Forward Time(s): 1.3451
Backward Time(s): 0.2285
Update Time(s): 0.0046
Emb Update Time(s): 2.6749
#seeds: 6145
#inputs: 1923529
=====================

=====================
Part 0, Epoch Time(s): 7.2747
Sampling Time(s): 0.3086
Loading Time(s): 2.8103
Forward Time(s): 1.2408
Backward Time(s): 0.2291
Update Time(s): 0.0051
Emb Update Time(s): 2.6748
#seeds: 6144
#inputs: 1917426
=====================

=====================
Part 19, Epoch Time(s): 7.2745
Sampling Time(s): 0.3176
Loading Time(s): 2.9781
Forward Time(s): 1.0630
Backward Time(s): 0.2278
Update Time(s): 0.0043
Emb Update Time(s): 2.6778
#seeds: 6144
#inputs: 1939008
==========================================
Part 17, Epoch Time(s): 7.2746
Sampling Time(s): 0.2877
Loading Time(s): 2.9454
Forward Time(s): 1.1426
Backward Time(s): 0.2237
Update Time(s): 0.0042
Emb Update Time(s): 2.6655
#seeds: 6145
#inputs: 1938629
=====================

=====================
Part 23, Epoch Time(s): 7.2746
Sampling Time(s): 0.3256
Loading Time(s): 2.9808
Forward Time(s): 1.0529
Backward Time(s): 0.2267
Update Time(s): 0.0062
Emb Update Time(s): 2.6765
#seeds: 6144
#inputs: 1926101
==========================================
Part 21, Epoch Time(s): 7.2746
Sampling Time(s): 0.2948
Loading Time(s): 2.6175
Forward Time(s): 1.4479
Backward Time(s): 0.2271
Update Time(s): 0.0049
Emb Update Time(s): 2.6772
#seeds: 6145
#inputs: 1928636
==========================================
Part 20, Epoch Time(s): 7.2746
Sampling Time(s): 0.3314
Loading Time(s): 3.0640
Forward Time(s): 0.9652
Backward Time(s): 0.2274
Update Time(s): 0.0043
Emb Update Time(s): 2.6770
#seeds: 6144
#inputs: 1947418
=====================


=====================
Part 16, Epoch Time(s): 7.2747
Sampling Time(s): 0.3464
Loading Time(s): 2.7727
Forward Time(s): 1.2410
Backward Time(s): 0.2282
Update Time(s): 0.0043
Emb Update Time(s): 2.6766
#seeds: 6144
#inputs: 1911490
==========================================
Part 18, Epoch Time(s): 7.2746
Sampling Time(s): 0.3027
Loading Time(s): 2.7583
Forward Time(s): 1.2991
Backward Time(s): 0.2280
Update Time(s): 0.0047
Emb Update Time(s): 2.6764
#seeds: 6144
#inputs: 1944804
==========================================
Part 22, Epoch Time(s): 7.2746
Sampling Time(s): 0.2921
Loading Time(s): 2.8929
Forward Time(s): 1.1749
Backward Time(s): 0.2270
Update Time(s): 0.0048
Emb Update Time(s): 2.6774
#seeds: 6144
#inputs: 1926727
=====================


=====================
Part 28, Epoch Time(s): 7.2745
Sampling Time(s): 0.3218
Loading Time(s): 2.8245
Forward Time(s): 1.2298
Backward Time(s): 0.2229
Update Time(s): 0.0045
Emb Update Time(s): 2.6660
#seeds: 6144
#inputs: 1973931
==========================================
Part 25, Epoch Time(s): 7.2745
Sampling Time(s): 0.3332
Loading Time(s): 2.6406
Forward Time(s): 1.4014
Backward Time(s): 0.2241
Update Time(s): 0.0044
Emb Update Time(s): 2.6658
#seeds: 6144
#inputs: 1966158
==========================================
Part 30, Epoch Time(s): 7.2746
Sampling Time(s): 0.3051
Loading Time(s): 3.1824
Forward Time(s): 0.8734
Backward Time(s): 0.2265
Update Time(s): 0.0047
Emb Update Time(s): 2.6775
#seeds: 6144
#inputs: 1985907
==========================================
Part 27, Epoch Time(s): 7.2746
Sampling Time(s): 0.3375
Loading Time(s): 3.3766
Forward Time(s): 0.6619
Backward Time(s): 0.2236
Update Time(s): 0.0043
Emb Update Time(s): 2.6657
#seeds: 6144
#inputs: 1977949
==========================================
Part 26, Epoch Time(s): 7.2745
Sampling Time(s): 0.3279
Loading Time(s): 3.0275
Forward Time(s): 1.0133
Backward Time(s): 0.2242
Update Time(s): 0.0043
Emb Update Time(s): 2.6724
#seeds: 6145
#inputs: 1974139
=====================



=====================
Part 24, Epoch Time(s): 7.2746
Sampling Time(s): 0.3424
Loading Time(s): 2.8784
Forward Time(s): 1.1398
Backward Time(s): 0.2275
Update Time(s): 0.0057
Emb Update Time(s): 2.6756
#seeds: 6144
#inputs: 1968692
==========================================
Part 31, Epoch Time(s): 7.2746
Sampling Time(s): 0.2905
Loading Time(s): 3.1390
Forward Time(s): 0.9469
Backward Time(s): 0.2224
Update Time(s): 0.0046
Emb Update Time(s): 2.6662
#seeds: 6144
#inputs: 1962455
=====================
=====================
Part 29, Epoch Time(s): 7.2745
Sampling Time(s): 0.3006
Loading Time(s): 2.9394
Forward Time(s): 1.1241
Backward Time(s): 0.2233
Update Time(s): 0.0048
Emb Update Time(s): 2.6773
#seeds: 6144
#inputs: 1963191
=====================


=====================
Part 13, Epoch Time(s): 7.2745
Sampling Time(s): 0.3196
Loading Time(s): 3.1543
Forward Time(s): 0.8866
Backward Time(s): 0.2259
Update Time(s): 0.0044
Emb Update Time(s): 2.6787
#seeds: 6144
#inputs: 2043474
==========================================
Part 14, Epoch Time(s): 7.2745
Sampling Time(s): 0.3432
Loading Time(s): 2.9080
Forward Time(s): 1.1091
Backward Time(s): 0.2258
Update Time(s): 0.0046
Emb Update Time(s): 2.6786
#seeds: 6145
#inputs: 2033354
==========================================
Part 8, Epoch Time(s): 7.2745
Sampling Time(s): 0.3375
Loading Time(s): 3.0574
Forward Time(s): 0.9656
Backward Time(s): 0.2268
Update Time(s): 0.0048
Emb Update Time(s): 2.6772
#seeds: 6144
#inputs: 2045137
==========================================
Part 11, Epoch Time(s): 7.2746
Sampling Time(s): 0.3126
Loading Time(s): 2.8688
Forward Time(s): 1.1787
Backward Time(s): 0.2260
Update Time(s): 0.0047
Emb Update Time(s): 2.6782
#seeds: 6144
#inputs: 2043361
==========================================
Part 10, Epoch Time(s): 7.2746
Sampling Time(s): 0.3192
Loading Time(s): 2.5650
Forward Time(s): 1.4745
Backward Time(s): 0.2263
Update Time(s): 0.0055
Emb Update Time(s): 2.6779
#seeds: 6145
#inputs: 2037164
=====================
=====================
Part 15, Epoch Time(s): 7.2745
Sampling Time(s): 0.3740
Loading Time(s): 2.9583
Forward Time(s): 1.0428
Backward Time(s): 0.2220
Update Time(s): 0.0044
Emb Update Time(s): 2.6677
#seeds: 6144
#inputs: 2044660
=====================
=====================
Part 9, Epoch Time(s): 7.2745
Sampling Time(s): 0.3545
Loading Time(s): 2.4993
Forward Time(s): 1.5065
Backward Time(s): 0.2265
Update Time(s): 0.0048
Emb Update Time(s): 2.6777
#seeds: 6144
#inputs: 2034262
=====================


=====================
Part 12, Epoch Time(s): 7.2746
Sampling Time(s): 0.3344
Loading Time(s): 2.8900
Forward Time(s): 1.1364
Backward Time(s): 0.2259
Update Time(s): 0.0050
Emb Update Time(s): 2.6778
#seeds: 6144
#inputs: 2022948
=====================


Part 5 | Epoch 00006 | Step 00000 | Loss 0.3826 | Train Acc 0.9120 | Speed (samples/sec) 812.9050 | GPU 1751.3 MB | time 1.349 sPart 2 | Epoch 00006 | Step 00000 | Loss 0.4787 | Train Acc 0.8870 | Speed (samples/sec) 812.9341 | GPU 1731.7 MB | time 1.349 sPart 6 | Epoch 00006 | Step 00000 | Loss 0.5009 | Train Acc 0.8900 | Speed (samples/sec) 813.4325 | GPU 1745.3 MB | time 1.349 s


Part 7 | Epoch 00006 | Step 00000 | Loss 0.4724 | Train Acc 0.8930 | Speed (samples/sec) 812.9396 | GPU 1743.9 MB | time 1.349 s
Part 4 | Epoch 00006 | Step 00000 | Loss 0.4553 | Train Acc 0.8900 | Speed (samples/sec) 812.8932 | GPU 1756.0 MB | time 1.349 s
Part 19 | Epoch 00006 | Step 00000 | Loss 0.9987 | Train Acc 0.7620 | Speed (samples/sec) 812.9688 | GPU 1734.0 MB | time 1.349 s
Part 26 | Epoch 00006 | Step 00000 | Loss 0.6219 | Train Acc 0.8610 | Speed (samples/sec) 813.4816 | GPU 1766.2 MB | time 1.349 s
Part 29 | Epoch 00006 | Step 00000 | Loss 0.6191 | Train Acc 0.8600 | Speed (samples/sec) 813.0343 | GPU 1758.9 MB | time 1.349 s
Part 20 | Epoch 00006 | Step 00000 | Loss 0.9900 | Train Acc 0.7700 | Speed (samples/sec) 813.0344 | GPU 1745.2 MB | time 1.349 sPart 22 | Epoch 00006 | Step 00000 | Loss 1.0751 | Train Acc 0.7620 | Speed (samples/sec) 813.0078 | GPU 1738.4 MB | time 1.349 s

Part 27 | Epoch 00006 | Step 00000 | Loss 0.7237 | Train Acc 0.8290 | Speed (samples/sec) 812.9436 | GPU 1764.7 MB | time 1.349 s
Part 30 | Epoch 00006 | Step 00000 | Loss 0.7942 | Train Acc 0.8420 | Speed (samples/sec) 812.9404 | GPU 1767.3 MB | time 1.349 s
Part 13 | Epoch 00006 | Step 00000 | Loss 0.7361 | Train Acc 0.8330 | Speed (samples/sec) 812.9612 | GPU 1828.0 MB | time 1.349 s
Part 10 | Epoch 00006 | Step 00000 | Loss 0.7597 | Train Acc 0.8310 | Speed (samples/sec) 813.5069 | GPU 1828.2 MB | time 1.349 s
Part 14 | Epoch 00006 | Step 00000 | Loss 0.7315 | Train Acc 0.8460 | Speed (samples/sec) 813.4618 | GPU 1823.0 MB | time 1.349 s
Part 15 | Epoch 00006 | Step 00000 | Loss 0.7590 | Train Acc 0.8410 | Speed (samples/sec) 812.9752 | GPU 1830.2 MB | time 1.349 s
Part 24 | Epoch 00006 | Step 00000 | Loss 0.6112 | Train Acc 0.8600 | Speed (samples/sec) 812.9666 | GPU 1767.7 MB | time 1.349 s
Part 28 | Epoch 00006 | Step 00000 | Loss 0.6770 | Train Acc 0.8480 | Speed (samples/sec) 812.9275 | GPU 1758.8 MB | time 1.349 sPart 16 | Epoch 00006 | Step 00000 | Loss 0.8705 | Train Acc 0.7930 | Speed (samples/sec) 812.9833 | GPU 1730.1 MB | time 1.349 s

Part 31 | Epoch 00006 | Step 00000 | Loss 0.6370 | Train Acc 0.8610 | Speed (samples/sec) 812.9278 | GPU 1763.4 MB | time 1.349 s
Part 0 | Epoch 00006 | Step 00000 | Loss 0.4589 | Train Acc 0.8980 | Speed (samples/sec) 812.9265 | GPU 1736.1 MB | time 1.349 s
Part 3 | Epoch 00006 | Step 00000 | Loss 0.4495 | Train Acc 0.8960 | Speed (samples/sec) 812.9148 | GPU 1759.2 MB | time 1.349 s
Part 25 | Epoch 00006 | Step 00000 | Loss 0.7311 | Train Acc 0.8370 | Speed (samples/sec) 812.9167 | GPU 1762.2 MB | time 1.349 s
Part 21 | Epoch 00006 | Step 00000 | Loss 0.9858 | Train Acc 0.7840 | Speed (samples/sec) 813.4824 | GPU 1740.3 MB | time 1.349 sPart 18 | Epoch 00006 | Step 00000 | Loss 0.9931 | Train Acc 0.7550 | Speed (samples/sec) 813.0148 | GPU 1754.0 MB | time 1.349 s
Part 17 | Epoch 00006 | Step 00000 | Loss 0.8761 | Train Acc 0.7880 | Speed (samples/sec) 813.4935 | GPU 1739.7 MB | time 1.349 s

Part 12 | Epoch 00006 | Step 00000 | Loss 0.7596 | Train Acc 0.8300 | Speed (samples/sec) 812.9952 | GPU 1814.1 MB | time 1.349 s
Part 8 | Epoch 00006 | Step 00000 | Loss 0.7237 | Train Acc 0.8400 | Speed (samples/sec) 812.9652 | GPU 1836.7 MB | time 1.350 s
Part 1 | Epoch 00006 | Step 00000 | Loss 0.4295 | Train Acc 0.9020 | Speed (samples/sec) 813.4341 | GPU 1737.5 MB | time 1.349 s
Part 11 | Epoch 00006 | Step 00000 | Loss 0.7514 | Train Acc 0.8350 | Speed (samples/sec) 812.9992 | GPU 1817.2 MB | time 1.350 s
Part 9 | Epoch 00006 | Step 00000 | Loss 0.7305 | Train Acc 0.8310 | Speed (samples/sec) 812.9595 | GPU 1821.6 MB | time 1.350 s
Part 23 | Epoch 00006 | Step 00000 | Loss 0.9163 | Train Acc 0.7830 | Speed (samples/sec) 813.0058 | GPU 1729.5 MB | time 1.350 s
=====================
Part 2, Epoch Time(s): 6.7785
Sampling Time(s): 0.2927
Loading Time(s): 2.5517
Forward Time(s): 1.4496
Backward Time(s): 0.2279
Update Time(s): 0.0040
Emb Update Time(s): 2.2472
#seeds: 6144
#inputs: 1927541
==========================================
Part 6, Epoch Time(s): 6.7786
Sampling Time(s): 0.2897
Loading Time(s): 2.0110
Forward Time(s): 1.9930
Backward Time(s): 0.2270
Update Time(s): 0.0045
Emb Update Time(s): 2.2478
#seeds: 6145
#inputs: 1926219
==========================================
Part 5, Epoch Time(s): 6.7786
Sampling Time(s): 0.2998
Loading Time(s): 2.4431
Forward Time(s): 1.5501
Backward Time(s): 0.2273
Update Time(s): 0.0041
Emb Update Time(s): 2.2489
#seeds: 6144
#inputs: 1929713
==========================================
Part 0, Epoch Time(s): 6.7785
Sampling Time(s): 0.2868
Loading Time(s): 2.8192
Forward Time(s): 1.1877
Backward Time(s): 0.2284
Update Time(s): 0.0044
Emb Update Time(s): 2.2465
#seeds: 6144
#inputs: 1924504
=====================
=====================
Part 3, Epoch Time(s): 6.7786
Sampling Time(s): 0.3051
Loading Time(s): 2.6367
Forward Time(s): 1.3519
Backward Time(s): 0.2276
Update Time(s): 0.0045
Emb Update Time(s): 2.2472
#seeds: 6144
#inputs: 1937632
==========================================
Part 7, Epoch Time(s): 6.7786
Sampling Time(s): 0.3125
Loading Time(s): 2.5831
Forward Time(s): 1.3983
Backward Time(s): 0.2267
Update Time(s): 0.0047
Emb Update Time(s): 2.2479
#seeds: 6144
#inputs: 1927770
==========================================
Part 1, Epoch Time(s): 6.7786
Sampling Time(s): 0.3344
Loading Time(s): 2.7992
Forward Time(s): 1.1593
Backward Time(s): 0.2281
Update Time(s): 0.0054
Emb Update Time(s): 2.2464
#seeds: 6145
#inputs: 1921136
=====================



=====================
Part 4, Epoch Time(s): 6.7785
Sampling Time(s): 0.3315
Loading Time(s): 2.6200
Forward Time(s): 1.3422
Backward Time(s): 0.2274
Update Time(s): 0.0052
Emb Update Time(s): 2.2467
#seeds: 6144
#inputs: 1942043
=====================


=====================
Part 23, Epoch Time(s): 6.7786
Sampling Time(s): 0.3585
Loading Time(s): 2.8183
Forward Time(s): 1.1157
Backward Time(s): 0.2320
Update Time(s): 0.0055
Emb Update Time(s): 2.2423
#seeds: 6144
#inputs: 1928366
==========================================
Part 16, Epoch Time(s): 6.7785
Sampling Time(s): 0.3102
Loading Time(s): 3.1578
Forward Time(s): 0.8409
Backward Time(s): 0.2215
Update Time(s): 0.0042
Emb Update Time(s): 2.2386
#seeds: 6144
#inputs: 1914096
=====================

=====================
Part 22, Epoch Time(s): 6.7785
Sampling Time(s): 0.3030
Loading Time(s): 3.0066
Forward Time(s): 0.9841
Backward Time(s): 0.2257
Update Time(s): 0.0047
Emb Update Time(s): 2.2491
#seeds: 6144
#inputs: 1926887
==========================================
Part 19, Epoch Time(s): 6.7786
Sampling Time(s): 0.3009
Loading Time(s): 3.2535
Forward Time(s): 0.7415
Backward Time(s): 0.2243
Update Time(s): 0.0041
Emb Update Time(s): 2.2492
#seeds: 6144
#inputs: 1932327
=====================
=====================
Part 21, Epoch Time(s): 6.7786
Sampling Time(s): 0.3273
Loading Time(s): 2.6115
Forward Time(s): 1.3550
Backward Time(s): 0.2258
Update Time(s): 0.0048
Emb Update Time(s): 2.2490
#seeds: 6145
#inputs: 1928808
=====================

=====================
Part 17, Epoch Time(s): 6.7786
Sampling Time(s): 0.2694
Loading Time(s): 2.4414
Forward Time(s): 1.5828
Backward Time(s): 0.2266
Update Time(s): 0.0042
Emb Update Time(s): 2.2488
#seeds: 6145
#inputs: 1935680
==========================================
Part 20, Epoch Time(s): 6.7786
Sampling Time(s): 0.3420
Loading Time(s): 2.8319
Forward Time(s): 1.1202
Backward Time(s): 0.2260
Update Time(s): 0.0044
Emb Update Time(s): 2.2490
#seeds: 6144
#inputs: 1945794
==========================================
Part 18, Epoch Time(s): 6.7786
Sampling Time(s): 0.3429
Loading Time(s): 3.0273
Forward Time(s): 0.9236
Backward Time(s): 0.2263
Update Time(s): 0.0043
Emb Update Time(s): 2.2488
#seeds: 6144
#inputs: 1938243
=====================


=====================
Part 9, Epoch Time(s): 6.7785
Sampling Time(s): 0.4162
Loading Time(s): 2.9390
Forward Time(s): 0.9379
Backward Time(s): 0.2256
Update Time(s): 0.0043
Emb Update Time(s): 2.2501
#seeds: 6144
#inputs: 2032038
==========================================
Part 11, Epoch Time(s): 6.7785
Sampling Time(s): 0.3031
Loading Time(s): 3.2141
Forward Time(s): 0.8039
Backward Time(s): 0.2197
Update Time(s): 0.0048
Emb Update Time(s): 2.2272
#seeds: 6144
#inputs: 2042340
=====================
=====================
Part 13, Epoch Time(s): 6.7785
Sampling Time(s): 0.2870
Loading Time(s): 2.5720
Forward Time(s): 1.4351
Backward Time(s): 0.2249
Update Time(s): 0.0045
Emb Update Time(s): 2.2501
#seeds: 6144
#inputs: 2041802
==========================================
Part 8, Epoch Time(s): 6.7785
Sampling Time(s): 0.3163
Loading Time(s): 3.4469
Forward Time(s): 0.5325
Backward Time(s): 0.2238
Update Time(s): 0.0045
Emb Update Time(s): 2.2494
#seeds: 6144
#inputs: 2036882
==========================================
Part 14, Epoch Time(s): 6.7786
Sampling Time(s): 0.2940
Loading Time(s): 3.1212
Forward Time(s): 0.8784
Backward Time(s): 0.2247
Update Time(s): 0.0049
Emb Update Time(s): 2.2499
#seeds: 6145
#inputs: 2036645
==========================================
Part 12, Epoch Time(s): 6.7785
Sampling Time(s): 0.3438
Loading Time(s): 3.2779
Forward Time(s): 0.6975
Backward Time(s): 0.2191
Update Time(s): 0.0042
Emb Update Time(s): 2.2307
#seeds: 6144
#inputs: 2032212
==========================================
Part 15, Epoch Time(s): 6.7786
Sampling Time(s): 0.3424
Loading Time(s): 2.8656
Forward Time(s): 1.0953
Backward Time(s): 0.2216
Update Time(s): 0.0045
Emb Update Time(s): 2.2439
#seeds: 6144
#inputs: 2042962
=====================





=====================
Part 10, Epoch Time(s): 6.7787
Sampling Time(s): 0.3070
Loading Time(s): 3.1748
Forward Time(s): 0.8120
Backward Time(s): 0.2255
Update Time(s): 0.0055
Emb Update Time(s): 2.2485
#seeds: 6145
#inputs: 2033582
=====================
=====================
Part 28, Epoch Time(s): 6.7786
Sampling Time(s): 0.2807
Loading Time(s): 2.8906
Forward Time(s): 1.1223
Backward Time(s): 0.2257
Update Time(s): 0.0044
Emb Update Time(s): 2.2498
#seeds: 6144
#inputs: 1969937
==========================================
Part 30, Epoch Time(s): 6.7785
Sampling Time(s): 0.2914
Loading Time(s): 2.6202
Forward Time(s): 1.3823
Backward Time(s): 0.2257
Update Time(s): 0.0045
Emb Update Time(s): 2.2495
#seeds: 6144
#inputs: 1987624
==========================================
Part 25, Epoch Time(s): 6.7786
Sampling Time(s): 0.3414
Loading Time(s): 3.0423
Forward Time(s): 0.9098
Backward Time(s): 0.2259
Update Time(s): 0.0048
Emb Update Time(s): 2.2492
#seeds: 6144
#inputs: 1960475
==========================================
Part 27, Epoch Time(s): 6.7786
Sampling Time(s): 0.3185
Loading Time(s): 2.8143
Forward Time(s): 1.1760
Backward Time(s): 0.2221
Update Time(s): 0.0050
Emb Update Time(s): 2.2374
#seeds: 6144
#inputs: 1979415
=====================



=====================
Part 24, Epoch Time(s): 6.7786
Sampling Time(s): 0.2966
Loading Time(s): 2.9661
Forward Time(s): 1.0312
Backward Time(s): 0.2260
Update Time(s): 0.0044
Emb Update Time(s): 2.2491
#seeds: 6144
#inputs: 1966883
==========================================
Part 26, Epoch Time(s): 6.7786
Sampling Time(s): 0.2782
Loading Time(s): 2.6643
Forward Time(s): 1.3515
Backward Time(s): 0.2258
Update Time(s): 0.0044
Emb Update Time(s): 2.2494
#seeds: 6145
#inputs: 1974479
==========================================
Part 29, Epoch Time(s): 6.7786
Sampling Time(s): 0.3516
Loading Time(s): 3.3474
Forward Time(s): 0.6123
Backward Time(s): 0.2192
Update Time(s): 0.0046
Emb Update Time(s): 2.2385
#seeds: 6144
#inputs: 1953676
=====================
=====================
Part 31, Epoch Time(s): 6.7786
Sampling Time(s): 0.2704
Loading Time(s): 3.0102
Forward Time(s): 1.0127
Backward Time(s): 0.2255
Update Time(s): 0.0050
Emb Update Time(s): 2.2496
#seeds: 6144
#inputs: 1961873
=====================


Part 4 | Epoch 00007 | Step 00000 | Loss 0.3493 | Train Acc 0.9210 | Speed (samples/sec) 822.4407 | GPU 1756.0 MB | time 1.402 sPart 3 | Epoch 00007 | Step 00000 | Loss 0.3620 | Train Acc 0.9070 | Speed (samples/sec) 822.4582 | GPU 1765.7 MB | time 1.402 s

Part 0 | Epoch 00007 | Step 00000 | Loss 0.3671 | Train Acc 0.9060 | Speed (samples/sec) 822.4677 | GPU 1736.1 MB | time 1.402 s
Part 1 | Epoch 00007 | Step 00000 | Loss 0.3613 | Train Acc 0.9190 | Speed (samples/sec) 822.9509 | GPU 1737.5 MB | time 1.402 s
Part 20 | Epoch 00007 | Step 00000 | Loss 0.7431 | Train Acc 0.8410 | Speed (samples/sec) 822.5519 | GPU 1745.2 MB | time 1.402 s
Part 19 | Epoch 00007 | Step 00000 | Loss 0.7349 | Train Acc 0.8600 | Speed (samples/sec) 822.4976 | GPU 1734.0 MB | time 1.402 s
Part 21 | Epoch 00007 | Step 00000 | Loss 0.6546 | Train Acc 0.8520 | Speed (samples/sec) 822.9805 | GPU 1740.3 MB | time 1.402 s
Part 17 | Epoch 00007 | Step 00000 | Loss 0.7598 | Train Acc 0.8440 | Speed (samples/sec) 822.9922 | GPU 1739.7 MB | time 1.402 s
Part 6 | Epoch 00007 | Step 00000 | Loss 0.4001 | Train Acc 0.9140 | Speed (samples/sec) 822.9443 | GPU 1745.3 MB | time 1.402 sPart 7 | Epoch 00007 | Step 00000 | Loss 0.3848 | Train Acc 0.9070 | Speed (samples/sec) 822.4767 | GPU 1743.9 MB | time 1.402 s

Part 5 | Epoch 00007 | Step 00000 | Loss 0.3503 | Train Acc 0.9080 | Speed (samples/sec) 822.4446 | GPU 1751.3 MB | time 1.402 s
Part 2 | Epoch 00007 | Step 00000 | Loss 0.3457 | Train Acc 0.9220 | Speed (samples/sec) 822.4701 | GPU 1738.5 MB | time 1.402 s
Part 14 | Epoch 00007 | Step 00000 | Loss 0.6072 | Train Acc 0.8720 | Speed (samples/sec) 822.9644 | GPU 1823.0 MB | time 1.402 s
Part 8 | Epoch 00007 | Step 00000 | Loss 0.6034 | Train Acc 0.8680 | Speed (samples/sec) 822.4992 | GPU 1836.7 MB | time 1.402 s
Part 12 | Epoch 00007 | Step 00000 | Loss 0.6264 | Train Acc 0.8630 | Speed (samples/sec) 822.5228 | GPU 1814.1 MB | time 1.402 s
Part 18 | Epoch 00007 | Step 00000 | Loss 0.6105 | Train Acc 0.8600 | Speed (samples/sec) 822.5380 | GPU 1754.0 MB | time 1.402 s
Part 16 | Epoch 00007 | Step 00000 | Loss 0.6769 | Train Acc 0.8570 | Speed (samples/sec) 822.5097 | GPU 1730.1 MB | time 1.402 s
Part 30 | Epoch 00007 | Step 00000 | Loss 0.5401 | Train Acc 0.8900 | Speed (samples/sec) 822.4693 | GPU 1767.3 MB | time 1.402 s
Part 27 | Epoch 00007 | Step 00000 | Loss 0.5751 | Train Acc 0.8790 | Speed (samples/sec) 822.4754 | GPU 1768.4 MB | time 1.402 sPart 25 | Epoch 00007 | Step 00000 | Loss 0.4105 | Train Acc 0.9080 | Speed (samples/sec) 822.4504 | GPU 1762.2 MB | time 1.402 s

Part 22 | Epoch 00007 | Step 00000 | Loss 0.7219 | Train Acc 0.8340 | Speed (samples/sec) 822.5315 | GPU 1738.4 MB | time 1.402 s
Part 11 | Epoch 00007 | Step 00000 | Loss 0.6990 | Train Acc 0.8510 | Speed (samples/sec) 822.5392 | GPU 1817.2 MB | time 1.402 sPart 9 | Epoch 00007 | Step 00000 | Loss 0.6353 | Train Acc 0.8630 | Speed (samples/sec) 822.4970 | GPU 1821.6 MB | time 1.402 s

Part 24 | Epoch 00007 | Step 00000 | Loss 0.5092 | Train Acc 0.8970 | Speed (samples/sec) 822.4934 | GPU 1767.7 MB | time 1.403 s
Part 26 | Epoch 00007 | Step 00000 | Loss 0.5552 | Train Acc 0.8880 | Speed (samples/sec) 822.9712 | GPU 1766.2 MB | time 1.403 s
Part 28 | Epoch 00007 | Step 00000 | Loss 0.5667 | Train Acc 0.8870 | Speed (samples/sec) 822.4579 | GPU 1761.6 MB | time 1.403 s
Part 31 | Epoch 00007 | Step 00000 | Loss 0.5461 | Train Acc 0.8940 | Speed (samples/sec) 822.4614 | GPU 1763.4 MB | time 1.403 s
Part 29 | Epoch 00007 | Step 00000 | Loss 0.4503 | Train Acc 0.9040 | Speed (samples/sec) 822.5481 | GPU 1758.9 MB | time 1.403 s
Part 23 | Epoch 00007 | Step 00000 | Loss 0.6209 | Train Acc 0.8580 | Speed (samples/sec) 822.5487 | GPU 1729.5 MB | time 1.402 s
Part 13 | Epoch 00007 | Step 00000 | Loss 0.6426 | Train Acc 0.8610 | Speed (samples/sec) 822.4854 | GPU 1828.0 MB | time 1.402 s
Part 10 | Epoch 00007 | Step 00000 | Loss 0.6394 | Train Acc 0.8520 | Speed (samples/sec) 822.9990 | GPU 1828.2 MB | time 1.402 s
Part 15 | Epoch 00007 | Step 00000 | Loss 0.6292 | Train Acc 0.8620 | Speed (samples/sec) 822.5033 | GPU 1830.2 MB | time 1.402 s
=====================
Part 6, Epoch Time(s): 7.0402
Sampling Time(s): 0.2803
Loading Time(s): 2.1288
Forward Time(s): 1.9734
Backward Time(s): 0.2287
Update Time(s): 0.0044
Emb Update Time(s): 2.4189
#seeds: 6145
#inputs: 1931935
==========================================
Part 7, Epoch Time(s): 7.0402
Sampling Time(s): 0.3059
Loading Time(s): 1.9514
Forward Time(s): 2.1252
Backward Time(s): 0.2283
Update Time(s): 0.0046
Emb Update Time(s): 2.4191
#seeds: 6144
#inputs: 1935248
==========================================
Part 5, Epoch Time(s): 7.0403
Sampling Time(s): 0.3368
Loading Time(s): 2.2989
Forward Time(s): 1.7469
Backward Time(s): 0.2288
Update Time(s): 0.0042
Emb Update Time(s): 2.4192
#seeds: 6144
#inputs: 1927198
==========================================
Part 2, Epoch Time(s): 7.0403
Sampling Time(s): 0.3516
Loading Time(s): 2.6236
Forward Time(s): 1.4070
Backward Time(s): 0.2294
Update Time(s): 0.0042
Emb Update Time(s): 2.4183
#seeds: 6144
#inputs: 1925380
=====================



=====================
Part 0, Epoch Time(s): 7.0402
Sampling Time(s): 0.2990
Loading Time(s): 2.4307
Forward Time(s): 1.6534
Backward Time(s): 0.2299
Update Time(s): 0.0043
Emb Update Time(s): 2.4174
#seeds: 6144
#inputs: 1925586
==========================================
Part 3, Epoch Time(s): 7.0403
Sampling Time(s): 0.3094
Loading Time(s): 2.8311
Forward Time(s): 1.2425
Backward Time(s): 0.2293
Update Time(s): 0.0043
Emb Update Time(s): 2.4182
#seeds: 6144
#inputs: 1941720
==========================================
Part 1, Epoch Time(s): 7.0403
Sampling Time(s): 0.3468
Loading Time(s): 2.7987
Forward Time(s): 1.2368
Backward Time(s): 0.2297
Update Time(s): 0.0052
Emb Update Time(s): 2.4174
#seeds: 6145
#inputs: 1918626
=====================


=====================
Part 4, Epoch Time(s): 7.0403
Sampling Time(s): 0.3016
Loading Time(s): 2.2219
Forward Time(s): 1.8595
Backward Time(s): 0.2290
Update Time(s): 0.0047
Emb Update Time(s): 2.4182
#seeds: 6144
#inputs: 1936616
=====================
=====================
Part 17, Epoch Time(s): 7.0402
Sampling Time(s): 0.3143
Loading Time(s): 2.8434
Forward Time(s): 1.2251
Backward Time(s): 0.2289
Update Time(s): 0.0044
Emb Update Time(s): 2.4186
#seeds: 6145
#inputs: 1933596
=====================
=====================
Part 16, Epoch Time(s): 7.0403
Sampling Time(s): 0.3111
Loading Time(s): 3.2499
Forward Time(s): 0.8215
Backward Time(s): 0.2290
Update Time(s): 0.0043
Emb Update Time(s): 2.4185
#seeds: 6144
#inputs: 1910920
==========================================
Part 20, Epoch Time(s): 7.0402
Sampling Time(s): 0.3283
Loading Time(s): 2.7177
Forward Time(s): 1.3518
Backward Time(s): 0.2245
Update Time(s): 0.0044
Emb Update Time(s): 2.4078
#seeds: 6144
#inputs: 1938724
==========================================
Part 18, Epoch Time(s): 7.0402
Sampling Time(s): 0.3441
Loading Time(s): 2.7169
Forward Time(s): 1.3211
Backward Time(s): 0.2286
Update Time(s): 0.0048
Emb Update Time(s): 2.4183
#seeds: 6144
#inputs: 1936359
==========================================
Part 21, Epoch Time(s): 7.0403
Sampling Time(s): 0.2958
Loading Time(s): 2.7861
Forward Time(s): 1.3014
Backward Time(s): 0.2283
Update Time(s): 0.0047
Emb Update Time(s): 2.4187
#seeds: 6145
#inputs: 1927164
==========================================
Part 19, Epoch Time(s): 7.0403
Sampling Time(s): 0.3128
Loading Time(s): 2.8431
Forward Time(s): 1.2273
Backward Time(s): 0.2286
Update Time(s): 0.0044
Emb Update Time(s): 2.4187
#seeds: 6144
#inputs: 1934229
=====================




=====================
Part 23, Epoch Time(s): 7.0404
Sampling Time(s): 0.3677
Loading Time(s): 2.7375
Forward Time(s): 1.2761
Backward Time(s): 0.2279
Update Time(s): 0.0060
Emb Update Time(s): 2.4183
#seeds: 6144
#inputs: 1928484
=====================
=====================
Part 22, Epoch Time(s): 7.0403
Sampling Time(s): 0.3290
Loading Time(s): 2.7609
Forward Time(s): 1.2920
Backward Time(s): 0.2280
Update Time(s): 0.0046
Emb Update Time(s): 2.4194
#seeds: 6144
#inputs: 1923460
=====================
=====================
Part 9, Epoch Time(s): 7.0402
Sampling Time(s): 0.3615
Loading Time(s): 2.8611
Forward Time(s): 1.1591
Backward Time(s): 0.2278
Update Time(s): 0.0044
Emb Update Time(s): 2.4203
#seeds: 6144
#inputs: 2027196
==========================================
Part 12, Epoch Time(s): 7.0402
Sampling Time(s): 0.3378
Loading Time(s): 3.2535
Forward Time(s): 0.7908
Backward Time(s): 0.2273
Update Time(s): 0.0044
Emb Update Time(s): 2.4205
#seeds: 6144
#inputs: 2023270
==========================================
Part 8, Epoch Time(s): 7.0402
Sampling Time(s): 0.3828
Loading Time(s): 3.2215
Forward Time(s): 0.7780
Backward Time(s): 0.2317
Update Time(s): 0.0043
Emb Update Time(s): 2.4161
#seeds: 6144
#inputs: 2047746
==========================================
Part 15, Epoch Time(s): 7.0403
Sampling Time(s): 0.3405
Loading Time(s): 3.1801
Forward Time(s): 0.8606
Backward Time(s): 0.2269
Update Time(s): 0.0052
Emb Update Time(s): 2.4203
#seeds: 6144
#inputs: 2049799
==========================================
Part 13, Epoch Time(s): 7.0402
Sampling Time(s): 0.2714
Loading Time(s): 3.1121
Forward Time(s): 1.0012
Backward Time(s): 0.2244
Update Time(s): 0.0045
Emb Update Time(s): 2.4205
#seeds: 6144
#inputs: 2042107
=====================




=====================
Part 11, Epoch Time(s): 7.0403
Sampling Time(s): 0.3711
Loading Time(s): 3.0815
Forward Time(s): 0.9446
Backward Time(s): 0.2228
Update Time(s): 0.0049
Emb Update Time(s): 2.4092
#seeds: 6144
#inputs: 2038640
=====================
=====================
Part 14, Epoch Time(s): 7.0403
Sampling Time(s): 0.3180
Loading Time(s): 3.2188
Forward Time(s): 0.8455
Backward Time(s): 0.2262
Update Time(s): 0.0053
Emb Update Time(s): 2.4209
#seeds: 6145
#inputs: 2041655
=====================
=====================
Part 10, Epoch Time(s): 7.0404
Sampling Time(s): 0.3289
Loading Time(s): 2.8055
Forward Time(s): 1.2472
Backward Time(s): 0.2276
Update Time(s): 0.0060
Emb Update Time(s): 2.4188
#seeds: 6145
#inputs: 2034983
=====================
=====================
Part 25, Epoch Time(s): 7.0402
Sampling Time(s): 0.2777
Loading Time(s): 3.0488
Forward Time(s): 1.0560
Backward Time(s): 0.2280
Update Time(s): 0.0042
Emb Update Time(s): 2.4201
#seeds: 6144
#inputs: 1959748
==========================================
Part 28, Epoch Time(s): 7.0402
Sampling Time(s): 0.2849
Loading Time(s): 3.0506
Forward Time(s): 1.0757
Backward Time(s): 0.2195
Update Time(s): 0.0044
Emb Update Time(s): 2.3993
#seeds: 6144
#inputs: 1974312
==========================================
Part 24, Epoch Time(s): 7.0404
Sampling Time(s): 0.3392
Loading Time(s): 2.8734
Forward Time(s): 1.1688
Backward Time(s): 0.2281
Update Time(s): 0.0058
Emb Update Time(s): 2.4187
#seeds: 6144
#inputs: 1961271
=====================


=====================
Part 30, Epoch Time(s): 7.0402
Sampling Time(s): 0.2836
Loading Time(s): 2.5781
Forward Time(s): 1.5210
Backward Time(s): 0.2271
Update Time(s): 0.0047
Emb Update Time(s): 2.4202
#seeds: 6144
#inputs: 1975825
=====================
=====================
Part 27, Epoch Time(s): 7.0404
Sampling Time(s): 0.3193
Loading Time(s): 3.2454
Forward Time(s): 0.8331
Backward Time(s): 0.2241
Update Time(s): 0.0051
Emb Update Time(s): 2.4078
#seeds: 6144
#inputs: 1977991
=====================
=====================
Part 26, Epoch Time(s): 7.0405
Sampling Time(s): 0.3098
Loading Time(s): 2.6872
Forward Time(s): 1.3876
Backward Time(s): 0.2247
Update Time(s): 0.0046
Emb Update Time(s): 2.4205
#seeds: 6145
#inputs: 1975474
==========================================
Part 29, Epoch Time(s): 7.0405
Sampling Time(s): 0.3577
Loading Time(s): 3.4378
Forward Time(s): 0.6006
Backward Time(s): 0.2231
Update Time(s): 0.0050
Emb Update Time(s): 2.4102
#seeds: 6144
#inputs: 1965575
==========================================
Part 31, Epoch Time(s): 7.0405
Sampling Time(s): 0.3152
Loading Time(s): 3.1449
Forward Time(s): 0.9236
Backward Time(s): 0.2244
Update Time(s): 0.0049
Emb Update Time(s): 2.4212
#seeds: 6144
#inputs: 1964316
=====================


Part 20 | Epoch 00008 | Step 00000 | Loss 0.5047 | Train Acc 0.8810 | Speed (samples/sec) 826.1759 | GPU 1745.2 MB | time 1.379 s
Part 16 | Epoch 00008 | Step 00000 | Loss 0.5574 | Train Acc 0.8670 | Speed (samples/sec) 826.1417 | GPU 1730.1 MB | time 1.379 s
Part 0 | Epoch 00008 | Step 00000 | Loss 0.3254 | Train Acc 0.9260 | Speed (samples/sec) 826.0979 | GPU 1736.1 MB | time 1.379 s
Part 7 | Epoch 00008 | Step 00000 | Loss 0.3117 | Train Acc 0.9230 | Speed (samples/sec) 826.1081 | GPU 1743.9 MB | time 1.379 s
Part 3 | Epoch 00008 | Step 00000 | Loss 0.3236 | Train Acc 0.9180 | Speed (samples/sec) 826.0852 | GPU 1765.7 MB | time 1.379 s
Part 4 | Epoch 00008 | Step 00000 | Loss 0.3677 | Train Acc 0.9100 | Speed (samples/sec) 826.0709 | GPU 1756.0 MB | time 1.379 s
Part 2 | Epoch 00008 | Step 00000 | Loss 0.2431 | Train Acc 0.9510 | Speed (samples/sec) 826.1109 | GPU 1738.5 MB | time 1.379 s
Part 5 | Epoch 00008 | Step 00000 | Loss 0.2828 | Train Acc 0.9290 | Speed (samples/sec) 826.0784 | GPU 1751.3 MB | time 1.379 s
Part 22 | Epoch 00008 | Step 00000 | Loss 0.6375 | Train Acc 0.8530 | Speed (samples/sec) 826.1700 | GPU 1738.4 MB | time 1.379 s
Part 28 | Epoch 00008 | Step 00000 | Loss 0.3340 | Train Acc 0.9130 | Speed (samples/sec) 826.1057 | GPU 1761.6 MB | time 1.379 sPart 25 | Epoch 00008 | Step 00000 | Loss 0.3611 | Train Acc 0.9270 | Speed (samples/sec) 826.0866 | GPU 1762.2 MB | time 1.379 s

Part 1 | Epoch 00008 | Step 00000 | Loss 0.3266 | Train Acc 0.9270 | Speed (samples/sec) 826.5625 | GPU 1737.5 MB | time 1.379 sPart 6 | Epoch 00008 | Step 00000 | Loss 0.2965 | Train Acc 0.9270 | Speed (samples/sec) 826.5620 | GPU 1745.3 MB | time 1.379 s

Part 15 | Epoch 00008 | Step 00000 | Loss 0.5134 | Train Acc 0.8830 | Speed (samples/sec) 826.1442 | GPU 1830.2 MB | time 1.379 s
Part 8 | Epoch 00008 | Step 00000 | Loss 0.5473 | Train Acc 0.8680 | Speed (samples/sec) 826.1336 | GPU 1836.7 MB | time 1.379 s
Part 13 | Epoch 00008 | Step 00000 | Loss 0.5029 | Train Acc 0.8890 | Speed (samples/sec) 826.1274 | GPU 1828.0 MB | time 1.379 s
Part 12 | Epoch 00008 | Step 00000 | Loss 0.5303 | Train Acc 0.8660 | Speed (samples/sec) 826.1533 | GPU 1814.1 MB | time 1.379 s
Part 30 | Epoch 00008 | Step 00000 | Loss 0.4232 | Train Acc 0.9080 | Speed (samples/sec) 826.1006 | GPU 1767.3 MB | time 1.379 sPart 26 | Epoch 00008 | Step 00000 | Loss 0.4180 | Train Acc 0.9090 | Speed (samples/sec) 826.5930 | GPU 1766.2 MB | time 1.379 s

Part 31 | Epoch 00008 | Step 00000 | Loss 0.3363 | Train Acc 0.9100 | Speed (samples/sec) 826.1119 | GPU 1763.4 MB | time 1.379 s
Part 10 | Epoch 00008 | Step 00000 | Loss 0.4661 | Train Acc 0.8880 | Speed (samples/sec) 826.6156 | GPU 1828.2 MB | time 1.379 s
Part 18 | Epoch 00008 | Step 00000 | Loss 0.5589 | Train Acc 0.8590 | Speed (samples/sec) 826.1760 | GPU 1754.0 MB | time 1.379 s
Part 9 | Epoch 00008 | Step 00000 | Loss 0.4995 | Train Acc 0.8870 | Speed (samples/sec) 826.1341 | GPU 1821.6 MB | time 1.379 sPart 14 | Epoch 00008 | Step 00000 | Loss 0.4821 | Train Acc 0.8820 | Speed (samples/sec) 826.5813 | GPU 1823.0 MB | time 1.379 sPart 11 | Epoch 00008 | Step 00000 | Loss 0.4616 | Train Acc 0.8890 | Speed (samples/sec) 826.1698 | GPU 1818.6 MB | time 1.379 s


Part 24 | Epoch 00008 | Step 00000 | Loss 0.3417 | Train Acc 0.9230 | Speed (samples/sec) 826.1417 | GPU 1767.7 MB | time 1.379 sPart 29 | Epoch 00008 | Step 00000 | Loss 0.3298 | Train Acc 0.9350 | Speed (samples/sec) 826.1891 | GPU 1758.9 MB | time 1.379 s

Part 21 | Epoch 00008 | Step 00000 | Loss 0.5271 | Train Acc 0.8830 | Speed (samples/sec) 826.5829 | GPU 1740.3 MB | time 1.379 sPart 19 | Epoch 00008 | Step 00000 | Loss 0.6283 | Train Acc 0.8510 | Speed (samples/sec) 826.1215 | GPU 1734.0 MB | time 1.379 s

Part 17 | Epoch 00008 | Step 00000 | Loss 0.6055 | Train Acc 0.8620 | Speed (samples/sec) 826.5963 | GPU 1739.7 MB | time 1.379 s
Part 27 | Epoch 00008 | Step 00000 | Loss 0.3842 | Train Acc 0.9220 | Speed (samples/sec) 826.1030 | GPU 1768.4 MB | time 1.380 s
Part 23 | Epoch 00008 | Step 00000 | Loss 0.5404 | Train Acc 0.8700 | Speed (samples/sec) 826.1889 | GPU 1741.6 MB | time 1.380 s
=====================
Part 1, Epoch Time(s): 7.0093
Sampling Time(s): 0.3395
Loading Time(s): 2.6874
Forward Time(s): 1.4696
Backward Time(s): 0.2290
Update Time(s): 0.0045
Emb Update Time(s): 2.2732
#seeds: 6145
#inputs: 1917504
==========================================
Part 3, Epoch Time(s): 7.0093
Sampling Time(s): 0.3259
Loading Time(s): 2.5028
Forward Time(s): 1.6681
Backward Time(s): 0.2285
Update Time(s): 0.0043
Emb Update Time(s): 2.2739
#seeds: 6144
#inputs: 1938076
==========================================
Part 6, Epoch Time(s): 7.0093
Sampling Time(s): 0.2973
Loading Time(s): 2.1891
Forward Time(s): 2.0099
Backward Time(s): 0.2309
Update Time(s): 0.0046
Emb Update Time(s): 2.2715
#seeds: 6145
#inputs: 1935016
==========================================
Part 7, Epoch Time(s): 7.0093
Sampling Time(s): 0.3206
Loading Time(s): 2.7620
Forward Time(s): 1.4139
Backward Time(s): 0.2342
Update Time(s): 0.0044
Emb Update Time(s): 2.2685
#seeds: 6144
#inputs: 1934956
==========================================
Part 5, Epoch Time(s): 7.0094
Sampling Time(s): 0.3068
Loading Time(s): 2.7148
Forward Time(s): 1.4750
Backward Time(s): 0.2282
Update Time(s): 0.0042
Emb Update Time(s): 2.2745
#seeds: 6144
#inputs: 1931370
=====================

=====================
Part 0, Epoch Time(s): 7.0093
Sampling Time(s): 0.3155
Loading Time(s): 2.5560
Forward Time(s): 1.6248
Backward Time(s): 0.2295
Update Time(s): 0.0044
Emb Update Time(s): 2.2732
#seeds: 6144
#inputs: 1921721
=====================


=====================
Part 2, Epoch Time(s): 7.0093
Sampling Time(s): 0.2731
Loading Time(s): 2.4047
Forward Time(s): 1.8185
Backward Time(s): 0.2287
Update Time(s): 0.0043
Emb Update Time(s): 2.2739
#seeds: 6144
#inputs: 1919505
=====================

=====================
Part 4, Epoch Time(s): 7.0093
Sampling Time(s): 0.2936
Loading Time(s): 3.0780
Forward Time(s): 1.1249
Backward Time(s): 0.2284
Update Time(s): 0.0044
Emb Update Time(s): 2.2743
#seeds: 6144
#inputs: 1939584
=====================
=====================
Part 20, Epoch Time(s): 7.0092
Sampling Time(s): 0.3412
Loading Time(s): 2.7911
Forward Time(s): 1.3644
Backward Time(s): 0.2279
Update Time(s): 0.0043
Emb Update Time(s): 2.2749
#seeds: 6144
#inputs: 1946901
==========================================
Part 17, Epoch Time(s): 7.0094
Sampling Time(s): 0.2700
Loading Time(s): 2.6194
Forward Time(s): 1.6075
Backward Time(s): 0.2279
Update Time(s): 0.0043
Emb Update Time(s): 2.2744
#seeds: 6145
#inputs: 1942875
=====================

=====================
Part 16, Epoch Time(s): 7.0093
Sampling Time(s): 0.3154
Loading Time(s): 2.7437
Forward Time(s): 1.4372
Backward Time(s): 0.2288
Update Time(s): 0.0047
Emb Update Time(s): 2.2740
#seeds: 6144
#inputs: 1918065
==========================================
Part 23, Epoch Time(s): 7.0094
Sampling Time(s): 0.3288
Loading Time(s): 2.9983
Forward Time(s): 1.1828
Backward Time(s): 0.2239
Update Time(s): 0.0052
Emb Update Time(s): 2.2646
#seeds: 6144
#inputs: 1928423
==========================================
Part 21, Epoch Time(s): 7.0092
Sampling Time(s): 0.2762
Loading Time(s): 2.3519
Forward Time(s): 1.8679
Backward Time(s): 0.2279
Update Time(s): 0.0046
Emb Update Time(s): 2.2749
#seeds: 6145
#inputs: 1932596
==========================================
Part 19, Epoch Time(s): 7.0092
Sampling Time(s): 0.3291
Loading Time(s): 3.0098
Forward Time(s): 1.1573
Backward Time(s): 0.2280
Update Time(s): 0.0043
Emb Update Time(s): 2.2748
#seeds: 6144
#inputs: 1931918
==========================================
Part 18, Epoch Time(s): 7.0093
Sampling Time(s): 0.3150
Loading Time(s): 3.2713
Forward Time(s): 0.9095
Backward Time(s): 0.2283
Update Time(s): 0.0047
Emb Update Time(s): 2.2746
#seeds: 6144
#inputs: 1938118
=====================
=====================
Part 22, Epoch Time(s): 7.0093
Sampling Time(s): 0.2778
Loading Time(s): 2.5663
Forward Time(s): 1.6523
Backward Time(s): 0.2276
Update Time(s): 0.0049
Emb Update Time(s): 2.2748
#seeds: 6144
#inputs: 1924419
=====================




=====================
Part 27, Epoch Time(s): 7.0092
Sampling Time(s): 0.3092
Loading Time(s): 2.7867
Forward Time(s): 1.4002
Backward Time(s): 0.2277
Update Time(s): 0.0050
Emb Update Time(s): 2.2747
#seeds: 6144
#inputs: 1976838
==========================================
Part 30, Epoch Time(s): 7.0092
Sampling Time(s): 0.2667
Loading Time(s): 2.8455
Forward Time(s): 1.3883
Backward Time(s): 0.2232
Update Time(s): 0.0046
Emb Update Time(s): 2.2755
#seeds: 6144
#inputs: 1977620
=====================
=====================
Part 25, Epoch Time(s): 7.0093
Sampling Time(s): 0.2888
Loading Time(s): 3.1105
Forward Time(s): 1.0970
Backward Time(s): 0.2281
Update Time(s): 0.0046
Emb Update Time(s): 2.2749
#seeds: 6144
#inputs: 1962848
=====================
=====================
Part 31, Epoch Time(s): 7.0093
Sampling Time(s): 0.2979
Loading Time(s): 2.9892
Forward Time(s): 1.2119
Backward Time(s): 0.2244
Update Time(s): 0.0045
Emb Update Time(s): 2.2757
#seeds: 6144
#inputs: 1958445
==========================================
Part 26, Epoch Time(s): 7.0092
Sampling Time(s): 0.3464
Loading Time(s): 2.9353
Forward Time(s): 1.2220
Backward Time(s): 0.2259
Update Time(s): 0.0053
Emb Update Time(s): 2.2686
#seeds: 6145
#inputs: 1977442
=====================
=====================
Part 28, Epoch Time(s): 7.0093
Sampling Time(s): 0.2687
Loading Time(s): 2.8730
Forward Time(s): 1.3685
Backward Time(s): 0.2246
Update Time(s): 0.0045
Emb Update Time(s): 2.2645
#seeds: 6144
#inputs: 1974227
=====================

=====================
Part 24, Epoch Time(s): 7.0093
Sampling Time(s): 0.3182
Loading Time(s): 3.1423
Forward Time(s): 1.0519
Backward Time(s): 0.2221
Update Time(s): 0.0054
Emb Update Time(s): 2.2632
#seeds: 6144
#inputs: 1965765
=====================

=====================
Part 29, Epoch Time(s): 7.0094
Sampling Time(s): 0.3351
Loading Time(s): 3.6626
Forward Time(s): 0.5220
Backward Time(s): 0.2190
Update Time(s): 0.0048
Emb Update Time(s): 2.2600
#seeds: 6144
#inputs: 1963827
=====================
=====================
Part 15, Epoch Time(s): 7.0093
Sampling Time(s): 0.2864
Loading Time(s): 2.8738
Forward Time(s): 1.3515
Backward Time(s): 0.2226
Update Time(s): 0.0044
Emb Update Time(s): 2.2652
#seeds: 6144
#inputs: 2036799
==========================================
Part 9, Epoch Time(s): 7.0093
Sampling Time(s): 0.3457
Loading Time(s): 2.7842
Forward Time(s): 1.3666
Backward Time(s): 0.2265
Update Time(s): 0.0041
Emb Update Time(s): 2.2763
#seeds: 6144
#inputs: 2031187
==========================================
Part 8, Epoch Time(s): 7.0097
Sampling Time(s): 0.3096
Loading Time(s): 3.3980
Forward Time(s): 0.7891
Backward Time(s): 0.2268
Update Time(s): 0.0045
Emb Update Time(s): 2.2757
#seeds: 6144
#inputs: 2042193
==========================================
Part 12, Epoch Time(s): 7.0093
Sampling Time(s): 0.2935
Loading Time(s): 3.5785
Forward Time(s): 0.6401
Backward Time(s): 0.2221
Update Time(s): 0.0051
Emb Update Time(s): 2.2645
#seeds: 6144
#inputs: 2019664
=====================



=====================
Part 10, Epoch Time(s): 7.0092
Sampling Time(s): 0.3291
Loading Time(s): 3.1860
Forward Time(s): 0.9810
Backward Time(s): 0.2260
Update Time(s): 0.0052
Emb Update Time(s): 2.2760
#seeds: 6145
#inputs: 2028255
=====================
=====================
Part 14, Epoch Time(s): 7.0094
Sampling Time(s): 0.3164
Loading Time(s): 3.4827
Forward Time(s): 0.6968
Backward Time(s): 0.2258
Update Time(s): 0.0044
Emb Update Time(s): 2.2773
#seeds: 6145
#inputs: 2037600
==========================================
Part 13, Epoch Time(s): 7.0093
Sampling Time(s): 0.2929
Loading Time(s): 2.7995
Forward Time(s): 1.4048
Backward Time(s): 0.2257
Update Time(s): 0.0045
Emb Update Time(s): 2.2766
#seeds: 6144
#inputs: 2051154
==========================================
Part 11, Epoch Time(s): 7.0094
Sampling Time(s): 0.2926
Loading Time(s): 2.7725
Forward Time(s): 1.4314
Backward Time(s): 0.2259
Update Time(s): 0.0048
Emb Update Time(s): 2.2763
#seeds: 6144
#inputs: 2036417
=====================


Part 13 | Epoch 00009 | Step 00000 | Loss 0.4200 | Train Acc 0.8950 | Speed (samples/sec) 830.5299 | GPU 1849.3 MB | time 1.235 s
Part 15 | Epoch 00009 | Step 00000 | Loss 0.3983 | Train Acc 0.9020 | Speed (samples/sec) 830.5457 | GPU 1830.2 MB | time 1.235 s
Part 12 | Epoch 00009 | Step 00000 | Loss 0.3952 | Train Acc 0.9050 | Speed (samples/sec) 830.5531 | GPU 1815.3 MB | time 1.235 s
Part 8 | Epoch 00009 | Step 00000 | Loss 0.4142 | Train Acc 0.8880 | Speed (samples/sec) 830.5367 | GPU 1836.7 MB | time 1.235 s
Part 25 | Epoch 00009 | Step 00000 | Loss 0.2808 | Train Acc 0.9280 | Speed (samples/sec) 830.4962 | GPU 1762.2 MB | time 1.235 s
Part 30 | Epoch 00009 | Step 00000 | Loss 0.3750 | Train Acc 0.9140 | Speed (samples/sec) 830.5052 | GPU 1767.3 MB | time 1.235 s
Part 31 | Epoch 00009 | Step 00000 | Loss 0.3962 | Train Acc 0.9030 | Speed (samples/sec) 830.5171 | GPU 1763.4 MB | time 1.235 s
Part 27 | Epoch 00009 | Step 00000 | Loss 0.3385 | Train Acc 0.9190 | Speed (samples/sec) 830.5140 | GPU 1768.4 MB | time 1.235 s
Part 29 | Epoch 00009 | Step 00000 | Loss 0.3079 | Train Acc 0.9280 | Speed (samples/sec) 830.5882 | GPU 1758.9 MB | time 1.235 sPart 24 | Epoch 00009 | Step 00000 | Loss 0.3342 | Train Acc 0.9210 | Speed (samples/sec) 830.5490 | GPU 1767.7 MB | time 1.235 s

Part 28 | Epoch 00009 | Step 00000 | Loss 0.3247 | Train Acc 0.9230 | Speed (samples/sec) 830.5101 | GPU 1761.6 MB | time 1.235 s
Part 26 | Epoch 00009 | Step 00000 | Loss 0.3260 | Train Acc 0.9290 | Speed (samples/sec) 830.9795 | GPU 1766.2 MB | time 1.235 s
Part 20 | Epoch 00009 | Step 00000 | Loss 0.5454 | Train Acc 0.8660 | Speed (samples/sec) 830.5693 | GPU 1745.2 MB | time 1.235 s
Part 17 | Epoch 00009 | Step 00000 | Loss 0.4527 | Train Acc 0.8770 | Speed (samples/sec) 830.9851 | GPU 1739.7 MB | time 1.235 s
Part 23 | Epoch 00009 | Step 00000 | Loss 0.5590 | Train Acc 0.8670 | Speed (samples/sec) 830.5886 | GPU 1741.6 MB | time 1.235 s
Part 21 | Epoch 00009 | Step 00000 | Loss 0.5165 | Train Acc 0.8830 | Speed (samples/sec) 830.9738 | GPU 1741.5 MB | time 1.235 s
Part 18 | Epoch 00009 | Step 00000 | Loss 0.5526 | Train Acc 0.8630 | Speed (samples/sec) 830.5780 | GPU 1754.0 MB | time 1.235 sPart 16 | Epoch 00009 | Step 00000 | Loss 0.4185 | Train Acc 0.8920 | Speed (samples/sec) 830.5424 | GPU 1730.1 MB | time 1.235 s

Part 19 | Epoch 00009 | Step 00000 | Loss 0.5259 | Train Acc 0.8720 | Speed (samples/sec) 830.5323 | GPU 1738.5 MB | time 1.235 s
Part 22 | Epoch 00009 | Step 00000 | Loss 0.5307 | Train Acc 0.8770 | Speed (samples/sec) 830.5669 | GPU 1738.4 MB | time 1.235 s
Part 9 | Epoch 00009 | Step 00000 | Loss 0.4377 | Train Acc 0.8930 | Speed (samples/sec) 830.5435 | GPU 1821.6 MB | time 1.235 sPart 14 | Epoch 00009 | Step 00000 | Loss 0.4308 | Train Acc 0.8940 | Speed (samples/sec) 830.9797 | GPU 1823.0 MB | time 1.235 s

Part 10 | Epoch 00009 | Step 00000 | Loss 0.4880 | Train Acc 0.8780 | Speed (samples/sec) 831.0029 | GPU 1830.1 MB | time 1.235 s
Part 11 | Epoch 00009 | Step 00000 | Loss 0.4286 | Train Acc 0.8930 | Speed (samples/sec) 830.5700 | GPU 1826.5 MB | time 1.235 s
Part 7 | Epoch 00009 | Step 00000 | Loss 0.1992 | Train Acc 0.9620 | Speed (samples/sec) 830.5139 | GPU 1745.7 MB | time 1.236 s
Part 5 | Epoch 00009 | Step 00000 | Loss 0.2348 | Train Acc 0.9450 | Speed (samples/sec) 830.4870 | GPU 1751.3 MB | time 1.236 s
Part 2 | Epoch 00009 | Step 00000 | Loss 0.2102 | Train Acc 0.9530 | Speed (samples/sec) 830.5177 | GPU 1738.5 MB | time 1.236 s
Part 1 | Epoch 00009 | Step 00000 | Loss 0.2477 | Train Acc 0.9480 | Speed (samples/sec) 830.9525 | GPU 1737.5 MB | time 1.236 sPart 6 | Epoch 00009 | Step 00000 | Loss 0.2671 | Train Acc 0.9310 | Speed (samples/sec) 830.9555 | GPU 1745.3 MB | time 1.236 s

Part 3 | Epoch 00009 | Step 00000 | Loss 0.2295 | Train Acc 0.9480 | Speed (samples/sec) 830.4892 | GPU 1765.7 MB | time 1.236 s
Part 0 | Epoch 00009 | Step 00000 | Loss 0.2487 | Train Acc 0.9430 | Speed (samples/sec) 830.4985 | GPU 1736.1 MB | time 1.236 s
Part 4 | Epoch 00009 | Step 00000 | Loss 0.2444 | Train Acc 0.9550 | Speed (samples/sec) 830.4767 | GPU 1756.0 MB | time 1.236 s
=====================
Part 5, Epoch Time(s): 7.0140
Sampling Time(s): 0.3453
Loading Time(s): 2.5737
Forward Time(s): 1.3514
Backward Time(s): 0.2362
Update Time(s): 0.0041
Emb Update Time(s): 2.4973
#seeds: 6144
#inputs: 1932381
==========================================
Part 2, Epoch Time(s): 7.0140
Sampling Time(s): 0.2710
Loading Time(s): 2.4019
Forward Time(s): 1.5976
Backward Time(s): 0.2367
Update Time(s): 0.0094
Emb Update Time(s): 2.4913
#seeds: 6144
#inputs: 1924969
==========================================
Part 1, Epoch Time(s): 7.0141
Sampling Time(s): 0.4247
Loading Time(s): 2.5301
Forward Time(s): 1.3156
Backward Time(s): 0.2371
Update Time(s): 0.0043
Emb Update Time(s): 2.4965
#seeds: 6145
#inputs: 1918107
==========================================
Part 3, Epoch Time(s): 7.0140
Sampling Time(s): 0.3056
Loading Time(s): 2.2935
Forward Time(s): 1.6716
Backward Time(s): 0.2366
Update Time(s): 0.0044
Emb Update Time(s): 2.4965
#seeds: 6144
#inputs: 1938341
==========================================
Part 0, Epoch Time(s): 7.0140
Sampling Time(s): 0.2926
Loading Time(s): 2.7504
Forward Time(s): 1.2265
Backward Time(s): 0.2376
Update Time(s): 0.0053
Emb Update Time(s): 2.4955
#seeds: 6144
#inputs: 1925994
==========================================
Part 7, Epoch Time(s): 7.0141
Sampling Time(s): 0.3412
Loading Time(s): 2.4288
Forward Time(s): 1.5008
Backward Time(s): 0.2355
Update Time(s): 0.0044
Emb Update Time(s): 2.4977
#seeds: 6144
#inputs: 1930454
=====================

=====================
Part 4, Epoch Time(s): 7.0141
Sampling Time(s): 0.2967
Loading Time(s): 2.7129
Forward Time(s): 1.2719
Backward Time(s): 0.2318
Update Time(s): 0.0045
Emb Update Time(s): 2.4905
#seeds: 6144
#inputs: 1938140
=====================


=====================
Part 6, Epoch Time(s): 7.0198
Sampling Time(s): 0.2961
Loading Time(s): 2.0801
Forward Time(s): 1.8941
Backward Time(s): 0.2360
Update Time(s): 0.0043
Emb Update Time(s): 2.4975
#seeds: 6145
#inputs: 1925333
=====================


=====================
Part 21, Epoch Time(s): 7.0140
Sampling Time(s): 0.2841
Loading Time(s): 2.9042
Forward Time(s): 1.0978
Backward Time(s): 0.2310
Update Time(s): 0.0044
Emb Update Time(s): 2.4866
#seeds: 6145
#inputs: 1930771
==========================================
Part 16, Epoch Time(s): 7.0141
Sampling Time(s): 0.3458
Loading Time(s): 3.1089
Forward Time(s): 0.8167
Backward Time(s): 0.2363
Update Time(s): 0.0044
Emb Update Time(s): 2.4965
#seeds: 6144
#inputs: 1912703
==========================================
Part 17, Epoch Time(s): 7.0140
Sampling Time(s): 0.3375
Loading Time(s): 2.8724
Forward Time(s): 1.0616
Backward Time(s): 0.2354
Update Time(s): 0.0046
Emb Update Time(s): 2.4974
#seeds: 6145
#inputs: 1938191
==========================================
Part 18, Epoch Time(s): 7.0140
Sampling Time(s): 0.3644
Loading Time(s): 2.7307
Forward Time(s): 1.1763
Backward Time(s): 0.2352
Update Time(s): 0.0045
Emb Update Time(s): 2.4975
#seeds: 6144
#inputs: 1936915
=====================
=====================
Part 19, Epoch Time(s): 7.0140
Sampling Time(s): 0.3149
Loading Time(s): 2.9296
Forward Time(s): 1.0268
Backward Time(s): 0.2351
Update Time(s): 0.0044
Emb Update Time(s): 2.4978
#seeds: 6144
#inputs: 1935909
=====================
=====================
Part 22, Epoch Time(s): 7.0140
Sampling Time(s): 0.2981
Loading Time(s): 2.9995
Forward Time(s): 0.9735
Backward Time(s): 0.2350
Update Time(s): 0.0048
Emb Update Time(s): 2.4976
#seeds: 6144
#inputs: 1925542
==========================================
Part 23, Epoch Time(s): 7.0142
Sampling Time(s): 0.3137
Loading Time(s): 2.5729
Forward Time(s): 1.3848
Backward Time(s): 0.2351
Update Time(s): 0.0051
Emb Update Time(s): 2.4973
#seeds: 6144
#inputs: 1927864
==========================================
Part 20, Epoch Time(s): 7.0141
Sampling Time(s): 0.3299
Loading Time(s): 2.9715
Forward Time(s): 0.9700
Backward Time(s): 0.2350
Update Time(s): 0.0045
Emb Update Time(s): 2.4980
#seeds: 6144
#inputs: 1946773
=====================





=====================
Part 15, Epoch Time(s): 7.0140
Sampling Time(s): 0.3010
Loading Time(s): 3.0268
Forward Time(s): 0.9420
Backward Time(s): 0.2333
Update Time(s): 0.0045
Emb Update Time(s): 2.5007
#seeds: 6144
#inputs: 2055429
==========================================
Part 14, Epoch Time(s): 7.0139
Sampling Time(s): 0.2960
Loading Time(s): 3.0371
Forward Time(s): 0.9361
Backward Time(s): 0.2334
Update Time(s): 0.0048
Emb Update Time(s): 2.5002
#seeds: 6145
#inputs: 2042709
==========================================
Part 9, Epoch Time(s): 7.0139
Sampling Time(s): 0.3597
Loading Time(s): 2.7264
Forward Time(s): 1.1819
Backward Time(s): 0.2347
Update Time(s): 0.0042
Emb Update Time(s): 2.5013
#seeds: 6144
#inputs: 2029834
==========================================
Part 13, Epoch Time(s): 7.0139
Sampling Time(s): 0.2651
Loading Time(s): 3.3047
Forward Time(s): 0.7221
Backward Time(s): 0.2271
Update Time(s): 0.0042
Emb Update Time(s): 2.4846
#seeds: 6144
#inputs: 2043353
==========================================
Part 11, Epoch Time(s): 7.0139
Sampling Time(s): 0.3285
Loading Time(s): 3.1665
Forward Time(s): 0.7890
Backward Time(s): 0.2306
Update Time(s): 0.0046
Emb Update Time(s): 2.4881
#seeds: 6144
#inputs: 2039680
==========================================
Part 8, Epoch Time(s): 7.0140
Sampling Time(s): 0.3843
Loading Time(s): 3.1517
Forward Time(s): 0.7329
Backward Time(s): 0.2350
Update Time(s): 0.0043
Emb Update Time(s): 2.4999
#seeds: 6144
#inputs: 2043455
=====================
=====================
Part 10, Epoch Time(s): 7.0140
Sampling Time(s): 0.3764
Loading Time(s): 2.7567
Forward Time(s): 1.1380
Backward Time(s): 0.2317
Update Time(s): 0.0054
Emb Update Time(s): 2.4991
#seeds: 6145
#inputs: 2033874
=====================
=====================
Part 12, Epoch Time(s): 7.0140
Sampling Time(s): 0.3186
Loading Time(s): 2.9758
Forward Time(s): 0.9749
Backward Time(s): 0.2344
Update Time(s): 0.0044
Emb Update Time(s): 2.5003
#seeds: 6144
#inputs: 2031319
=====================





=====================
Part 26, Epoch Time(s): 7.0141
Sampling Time(s): 0.2961
Loading Time(s): 2.8630
Forward Time(s): 1.1117
Backward Time(s): 0.2351
Update Time(s): 0.0111
Emb Update Time(s): 2.4913
#seeds: 6145
#inputs: 1973743
==========================================
Part 24, Epoch Time(s): 7.0143
Sampling Time(s): 0.3064
Loading Time(s): 3.1283
Forward Time(s): 0.8357
Backward Time(s): 0.2357
Update Time(s): 0.0051
Emb Update Time(s): 2.4970
#seeds: 6144
#inputs: 1968840
=====================
=====================
Part 29, Epoch Time(s): 7.0141
Sampling Time(s): 0.3637
Loading Time(s): 3.4976
Forward Time(s): 0.4242
Backward Time(s): 0.2295
Update Time(s): 0.0047
Emb Update Time(s): 2.4889
#seeds: 6144
#inputs: 1956020
=====================

=====================
Part 30, Epoch Time(s): 7.0142
Sampling Time(s): 0.2988
Loading Time(s): 2.6090
Forward Time(s): 1.3632
Backward Time(s): 0.2346
Update Time(s): 0.0048
Emb Update Time(s): 2.4984
#seeds: 6144
#inputs: 1984506
==========================================
Part 27, Epoch Time(s): 7.0142
Sampling Time(s): 0.3257
Loading Time(s): 2.5102
Forward Time(s): 1.4431
Backward Time(s): 0.2297
Update Time(s): 0.0047
Emb Update Time(s): 2.4954
#seeds: 6144
#inputs: 1973998
==========================================
Part 25, Epoch Time(s): 7.0142
Sampling Time(s): 0.2704
Loading Time(s): 2.5792
Forward Time(s): 1.4213
Backward Time(s): 0.2356
Update Time(s): 0.0044
Emb Update Time(s): 2.4978
#seeds: 6144
#inputs: 1964157
=====================

=====================
Part 28, Epoch Time(s): 7.0142
Sampling Time(s): 0.3071
Loading Time(s): 3.0921
Forward Time(s): 0.8863
Backward Time(s): 0.2310
Update Time(s): 0.0045
Emb Update Time(s): 2.4874
#seeds: 6144
#inputs: 1974551
=====================
=====================
Part 31, Epoch Time(s): 7.0143
Sampling Time(s): 0.3005
Loading Time(s): 2.9185
Forward Time(s): 1.0664
Backward Time(s): 0.2295
Update Time(s): 0.0046
Emb Update Time(s): 2.4889
#seeds: 6144
#inputs: 1957722
=====================

Part 6 | Epoch 00010 | Step 00000 | Loss 0.2352 | Train Acc 0.9490 | Speed (samples/sec) 830.7809 | GPU 1745.3 MB | time 1.310 s
Part 5 | Epoch 00010 | Step 00000 | Loss 0.1945 | Train Acc 0.9590 | Speed (samples/sec) 830.3276 | GPU 1751.3 MB | time 1.310 s
Part 2 | Epoch 00010 | Step 00000 | Loss 0.1891 | Train Acc 0.9580 | Speed (samples/sec) 830.3549 | GPU 1738.5 MB | time 1.310 s
Part 21 | Epoch 00010 | Step 00000 | Loss 0.4240 | Train Acc 0.9070 | Speed (samples/sec) 830.7856 | GPU 1741.5 MB | time 1.310 s
Part 19 | Epoch 00010 | Step 00000 | Loss 0.4827 | Train Acc 0.8650 | Speed (samples/sec) 830.3538 | GPU 1738.5 MB | time 1.310 sPart 16 | Epoch 00010 | Step 00000 | Loss 0.4883 | Train Acc 0.8890 | Speed (samples/sec) 830.3601 | GPU 1730.1 MB | time 1.310 s

Part 17 | Epoch 00010 | Step 00000 | Loss 0.4292 | Train Acc 0.8960 | Speed (samples/sec) 830.7870 | GPU 1739.7 MB | time 1.310 s
Part 18 | Epoch 00010 | Step 00000 | Loss 0.5122 | Train Acc 0.8980 | Speed (samples/sec) 830.3927 | GPU 1754.0 MB | time 1.310 s
Part 22 | Epoch 00010 | Step 00000 | Loss 0.4281 | Train Acc 0.8870 | Speed (samples/sec) 830.3829 | GPU 1738.4 MB | time 1.310 s
Part 7 | Epoch 00010 | Step 00000 | Loss 0.1805 | Train Acc 0.9540 | Speed (samples/sec) 830.3464 | GPU 1745.7 MB | time 1.310 s
Part 31 | Epoch 00010 | Step 00000 | Loss 0.2708 | Train Acc 0.9380 | Speed (samples/sec) 830.3390 | GPU 1763.4 MB | time 1.310 sPart 26 | Epoch 00010 | Step 00000 | Loss 0.2755 | Train Acc 0.9320 | Speed (samples/sec) 830.7874 | GPU 1766.2 MB | time 1.310 s

Part 27 | Epoch 00010 | Step 00000 | Loss 0.2661 | Train Acc 0.9300 | Speed (samples/sec) 830.3324 | GPU 1768.4 MB | time 1.310 s
Part 29 | Epoch 00010 | Step 00000 | Loss 0.2907 | Train Acc 0.9310 | Speed (samples/sec) 830.4023 | GPU 1758.9 MB | time 1.310 s
Part 24 | Epoch 00010 | Step 00000 | Loss 0.2693 | Train Acc 0.9400 | Speed (samples/sec) 830.3691 | GPU 1767.7 MB | time 1.310 s
Part 30 | Epoch 00010 | Step 00000 | Loss 0.3093 | Train Acc 0.9290 | Speed (samples/sec) 830.3241 | GPU 1767.3 MB | time 1.310 s
Part 0 | Epoch 00010 | Step 00000 | Loss 0.2392 | Train Acc 0.9500 | Speed (samples/sec) 830.3435 | GPU 1736.1 MB | time 1.310 s
Part 3 | Epoch 00010 | Step 00000 | Loss 0.1698 | Train Acc 0.9600 | Speed (samples/sec) 830.3307 | GPU 1765.7 MB | time 1.310 s
Part 1 | Epoch 00010 | Step 00000 | Loss 0.1716 | Train Acc 0.9570 | Speed (samples/sec) 830.7741 | GPU 1737.5 MB | time 1.310 s
Part 4 | Epoch 00010 | Step 00000 | Loss 0.2095 | Train Acc 0.9470 | Speed (samples/sec) 830.3159 | GPU 1756.0 MB | time 1.310 s
Part 20 | Epoch 00010 | Step 00000 | Loss 0.4827 | Train Acc 0.8850 | Speed (samples/sec) 830.3802 | GPU 1745.2 MB | time 1.310 s
Part 25 | Epoch 00010 | Step 00000 | Loss 0.2962 | Train Acc 0.9380 | Speed (samples/sec) 830.3160 | GPU 1762.2 MB | time 1.310 s
Part 28 | Epoch 00010 | Step 00000 | Loss 0.2586 | Train Acc 0.9360 | Speed (samples/sec) 830.3321 | GPU 1761.6 MB | time 1.310 s
Part 13 | Epoch 00010 | Step 00000 | Loss 0.3605 | Train Acc 0.9110 | Speed (samples/sec) 830.3550 | GPU 1849.3 MB | time 1.310 sPart 12 | Epoch 00010 | Step 00000 | Loss 0.3999 | Train Acc 0.8950 | Speed (samples/sec) 830.3706 | GPU 1815.3 MB | time 1.310 sPart 15 | Epoch 00010 | Step 00000 | Loss 0.3753 | Train Acc 0.9000 | Speed (samples/sec) 830.3657 | GPU 1830.2 MB | time 1.310 s


Part 8 | Epoch 00010 | Step 00000 | Loss 0.4555 | Train Acc 0.8880 | Speed (samples/sec) 830.3597 | GPU 1836.7 MB | time 1.310 s
Part 10 | Epoch 00010 | Step 00000 | Loss 0.3814 | Train Acc 0.9070 | Speed (samples/sec) 830.8187 | GPU 1830.1 MB | time 1.310 s
Part 11 | Epoch 00010 | Step 00000 | Loss 0.3558 | Train Acc 0.9210 | Speed (samples/sec) 830.3992 | GPU 1826.5 MB | time 1.310 s
Part 9 | Epoch 00010 | Step 00000 | Loss 0.3571 | Train Acc 0.9160 | Speed (samples/sec) 830.3638 | GPU 1821.6 MB | time 1.310 s
Part 23 | Epoch 00010 | Step 00000 | Loss 0.5050 | Train Acc 0.8900 | Speed (samples/sec) 830.3977 | GPU 1741.6 MB | time 1.310 s
Part 14 | Epoch 00010 | Step 00000 | Loss 0.4091 | Train Acc 0.8940 | Speed (samples/sec) 830.7923 | GPU 1824.7 MB | time 1.310 s
=====================
Part 7, Epoch Time(s): 6.8764
Sampling Time(s): 0.3279
Loading Time(s): 2.1097
Forward Time(s): 1.8780
Backward Time(s): 0.2267
Update Time(s): 0.0043
Emb Update Time(s): 2.3241
#seeds: 6144
#inputs: 1927417
==========================================
Part 3, Epoch Time(s): 6.8763
Sampling Time(s): 0.3000
Loading Time(s): 2.4053
Forward Time(s): 1.6103
Backward Time(s): 0.2279
Update Time(s): 0.0046
Emb Update Time(s): 2.3225
#seeds: 6144
#inputs: 1941553
==========================================
Part 2, Epoch Time(s): 6.8764
Sampling Time(s): 0.2910
Loading Time(s): 2.7928
Forward Time(s): 1.2317
Backward Time(s): 0.2280
Update Time(s): 0.0040
Emb Update Time(s): 2.3232
#seeds: 6144
#inputs: 1927928
==========================================
Part 4, Epoch Time(s): 6.8763
Sampling Time(s): 0.3382
Loading Time(s): 2.6164
Forward Time(s): 1.3605
Backward Time(s): 0.2274
Update Time(s): 0.0049
Emb Update Time(s): 2.3230
#seeds: 6144
#inputs: 1937099
==========================================
Part 1, Epoch Time(s): 6.8764
Sampling Time(s): 0.2967
Loading Time(s): 2.6389
Forward Time(s): 1.3798
Backward Time(s): 0.2281
Update Time(s): 0.0045
Emb Update Time(s): 2.3227
#seeds: 6145
#inputs: 1919700
==========================================
Part 5, Epoch Time(s): 6.8764
Sampling Time(s): 0.3458
Loading Time(s): 2.3087
Forward Time(s): 1.6616
Backward Time(s): 0.2272
Update Time(s): 0.0040
Emb Update Time(s): 2.3234
#seeds: 6144
#inputs: 1932244
=====================




=====================
Part 0, Epoch Time(s): 6.8766
Sampling Time(s): 0.2876
Loading Time(s): 2.5259
Forward Time(s): 1.5022
Backward Time(s): 0.2284
Update Time(s): 0.0044
Emb Update Time(s): 2.3224
#seeds: 6144
#inputs: 1924624
=====================

=====================
Part 6, Epoch Time(s): 6.8764
Sampling Time(s): 0.3213
Loading Time(s): 2.4242
Forward Time(s): 1.5706
Backward Time(s): 0.2269
Update Time(s): 0.0043
Emb Update Time(s): 2.3235
#seeds: 6145
#inputs: 1928579
=====================
=====================
Part 20, Epoch Time(s): 6.8763
Sampling Time(s): 0.3549
Loading Time(s): 2.9632
Forward Time(s): 0.9964
Backward Time(s): 0.2254
Update Time(s): 0.0043
Emb Update Time(s): 2.3266
#seeds: 6144
#inputs: 1942736
==========================================
Part 17, Epoch Time(s): 6.8764
Sampling Time(s): 0.2932
Loading Time(s): 2.7452
Forward Time(s): 1.2767
Backward Time(s): 0.2262
Update Time(s): 0.0044
Emb Update Time(s): 2.3254
#seeds: 6145
#inputs: 1931631
=====================

=====================
Part 16, Epoch Time(s): 6.8764
Sampling Time(s): 0.3207
Loading Time(s): 2.7118
Forward Time(s): 1.2832
Backward Time(s): 0.2265
Update Time(s): 0.0047
Emb Update Time(s): 2.3245
#seeds: 6144
#inputs: 1917079
=====================
=====================
Part 19, Epoch Time(s): 6.8764
Sampling Time(s): 0.3210
Loading Time(s): 3.0716
Forward Time(s): 0.9227
Backward Time(s): 0.2258
Update Time(s): 0.0041
Emb Update Time(s): 2.3260
#seeds: 6144
#inputs: 1936815
=====================
=====================
Part 21, Epoch Time(s): 6.8764
Sampling Time(s): 0.3459
Loading Time(s): 2.8212
Forward Time(s): 1.1482
Backward Time(s): 0.2253
Update Time(s): 0.0046
Emb Update Time(s): 2.3263
#seeds: 6145
#inputs: 1928517
==========================================
Part 18, Epoch Time(s): 6.8765
Sampling Time(s): 0.3117
Loading Time(s): 2.8139
Forward Time(s): 1.1894
Backward Time(s): 0.2259
Update Time(s): 0.0042
Emb Update Time(s): 2.3261
#seeds: 6144
#inputs: 1936051
=====================

=====================
Part 22, Epoch Time(s): 6.8765
Sampling Time(s): 0.2746
Loading Time(s): 2.4963
Forward Time(s): 1.5439
Backward Time(s): 0.2250
Update Time(s): 0.0047
Emb Update Time(s): 2.3266
#seeds: 6144
#inputs: 1927909
==========================================
Part 23, Epoch Time(s): 6.8765
Sampling Time(s): 0.3178
Loading Time(s): 2.5385
Forward Time(s): 1.4580
Backward Time(s): 0.2247
Update Time(s): 0.0055
Emb Update Time(s): 2.3260
#seeds: 6144
#inputs: 1924235
=====================

=====================
Part 14, Epoch Time(s): 6.8764
Sampling Time(s): 0.3400
Loading Time(s): 3.2450
Forward Time(s): 0.7478
Backward Time(s): 0.2184
Update Time(s): 0.0043
Emb Update Time(s): 2.3151
#seeds: 6145
#inputs: 2040322
==========================================
Part 11, Epoch Time(s): 6.8764
Sampling Time(s): 0.3056
Loading Time(s): 3.0773
Forward Time(s): 0.9316
Backward Time(s): 0.2249
Update Time(s): 0.0045
Emb Update Time(s): 2.3267
#seeds: 6144
#inputs: 2043643
==========================================
Part 13, Epoch Time(s): 6.8764
Sampling Time(s): 0.3201
Loading Time(s): 2.9159
Forward Time(s): 1.0831
Backward Time(s): 0.2215
Update Time(s): 0.0044
Emb Update Time(s): 2.3262
#seeds: 6144
#inputs: 2049375
==========================================
Part 15, Epoch Time(s): 6.8764
Sampling Time(s): 0.2975
Loading Time(s): 2.6908
Forward Time(s): 1.3276
Backward Time(s): 0.2245
Update Time(s): 0.0063
Emb Update Time(s): 2.3245
#seeds: 6144
#inputs: 2051672
=====================



=====================
Part 12, Epoch Time(s): 6.8764
Sampling Time(s): 0.3127
Loading Time(s): 3.1894
Forward Time(s): 0.8291
Backward Time(s): 0.2209
Update Time(s): 0.0048
Emb Update Time(s): 2.3143
#seeds: 6144
#inputs: 2022159
=====================
=====================
Part 8, Epoch Time(s): 6.8764
Sampling Time(s): 0.3363
Loading Time(s): 3.1638
Forward Time(s): 0.8152
Backward Time(s): 0.2260
Update Time(s): 0.0044
Emb Update Time(s): 2.3255
#seeds: 6144
#inputs: 2044146
=====================
=====================
Part 9, Epoch Time(s): 6.8765
Sampling Time(s): 0.3262
Loading Time(s): 3.1177
Forward Time(s): 0.8710
Backward Time(s): 0.2256
Update Time(s): 0.0041
Emb Update Time(s): 2.3263
#seeds: 6144
#inputs: 2031859
=====================
=====================
Part 10, Epoch Time(s): 6.8765
Sampling Time(s): 0.3322
Loading Time(s): 3.1655
Forward Time(s): 0.8175
Backward Time(s): 0.2252
Update Time(s): 0.0046
Emb Update Time(s): 2.3261
#seeds: 6145
#inputs: 2032068
=====================
=====================
Part 27, Epoch Time(s): 6.8763
Sampling Time(s): 0.2906
Loading Time(s): 2.5118
Forward Time(s): 1.5131
Backward Time(s): 0.2253
Update Time(s): 0.0046
Emb Update Time(s): 2.3253
#seeds: 6144
#inputs: 1978199
==========================================
Part 26, Epoch Time(s): 6.8764
Sampling Time(s): 0.2998
Loading Time(s): 2.8536
Forward Time(s): 1.1791
Backward Time(s): 0.2197
Update Time(s): 0.0045
Emb Update Time(s): 2.3142
#seeds: 6145
#inputs: 1977870
==========================================
Part 29, Epoch Time(s): 6.8764
Sampling Time(s): 0.3311
Loading Time(s): 2.9487
Forward Time(s): 1.0496
Backward Time(s): 0.2216
Update Time(s): 0.0050
Emb Update Time(s): 2.3151
#seeds: 6144
#inputs: 1960553
=====================
=====================
Part 31, Epoch Time(s): 6.8764
Sampling Time(s): 0.3140
Loading Time(s): 2.8425
Forward Time(s): 1.1591
Backward Time(s): 0.2251
Update Time(s): 0.0048
Emb Update Time(s): 2.3257
#seeds: 6144
#inputs: 1963170
=====================
=====================
Part 28, Epoch Time(s): 6.8765
Sampling Time(s): 0.2756
Loading Time(s): 2.8296
Forward Time(s): 1.2245
Backward Time(s): 0.2223
Update Time(s): 0.0042
Emb Update Time(s): 2.3147
#seeds: 6144
#inputs: 1978709
=====================
=====================
Part 24, Epoch Time(s): 6.8764
Sampling Time(s): 0.3172
Loading Time(s): 3.3494
Forward Time(s): 0.6626
Backward Time(s): 0.2223
Update Time(s): 0.0050
Emb Update Time(s): 2.3143
#seeds: 6144
#inputs: 1961744
=====================
=====================
Part 25, Epoch Time(s): 6.8765
Sampling Time(s): 0.2883
Loading Time(s): 2.8363
Forward Time(s): 1.1906
Backward Time(s): 0.2258
Update Time(s): 0.0043
Emb Update Time(s): 2.3256
#seeds: 6144
#inputs: 1966311
=====================
=====================
Part 30, Epoch Time(s): 6.8764
Sampling Time(s): 0.3307
Loading Time(s): 2.7993
Forward Time(s): 1.1854
Backward Time(s): 0.2250
Update Time(s): 0.0048
Emb Update Time(s): 2.3258
#seeds: 6144
#inputs: 1986497
=====================


Part 2 | Epoch 00011 | Step 00000 | Loss 0.1910 | Train Acc 0.9570 | Speed (samples/sec) 833.6116 | GPU 1740.5 MB | time 1.320 s
Part 6 | Epoch 00011 | Step 00000 | Loss 0.1355 | Train Acc 0.9630 | Speed (samples/sec) 834.0460 | GPU 1745.3 MB | time 1.320 s
Part 17 | Epoch 00011 | Step 00000 | Loss 0.3380 | Train Acc 0.9150 | Speed (samples/sec) 834.0541 | GPU 1739.7 MB | time 1.320 s
Part 5 | Epoch 00011 | Step 00000 | Loss 0.1964 | Train Acc 0.9540 | Speed (samples/sec) 833.5785 | GPU 1751.3 MB | time 1.320 s
Part 21 | Epoch 00011 | Step 00000 | Loss 0.3929 | Train Acc 0.8990 | Speed (samples/sec) 834.0499 | GPU 1741.5 MB | time 1.320 s
Part 10 | Epoch 00011 | Step 00000 | Loss 0.3629 | Train Acc 0.9030 | Speed (samples/sec) 834.0829 | GPU 1830.1 MB | time 1.320 s
Part 9 | Epoch 00011 | Step 00000 | Loss 0.3631 | Train Acc 0.9140 | Speed (samples/sec) 833.6186 | GPU 1834.3 MB | time 1.320 sPart 12 | Epoch 00011 | Step 00000 | Loss 0.3068 | Train Acc 0.9310 | Speed (samples/sec) 833.6205 | GPU 1815.3 MB | time 1.320 s

Part 20 | Epoch 00011 | Step 00000 | Loss 0.3620 | Train Acc 0.9040 | Speed (samples/sec) 833.6373 | GPU 1745.2 MB | time 1.320 s
Part 13 | Epoch 00011 | Step 00000 | Loss 0.3522 | Train Acc 0.9100 | Speed (samples/sec) 833.6043 | GPU 1849.3 MB | time 1.320 sPart 14 | Epoch 00011 | Step 00000 | Loss 0.3161 | Train Acc 0.9170 | Speed (samples/sec) 834.0642 | GPU 1824.7 MB | time 1.320 sPart 8 | Epoch 00011 | Step 00000 | Loss 0.4354 | Train Acc 0.8850 | Speed (samples/sec) 833.6102 | GPU 1836.7 MB | time 1.320 s

Part 15 | Epoch 00011 | Step 00000 | Loss 0.3223 | Train Acc 0.9110 | Speed (samples/sec) 833.6157 | GPU 1830.2 MB | time 1.320 s

Part 26 | Epoch 00011 | Step 00000 | Loss 0.2671 | Train Acc 0.9330 | Speed (samples/sec) 834.0539 | GPU 1780.1 MB | time 1.320 sPart 31 | Epoch 00011 | Step 00000 | Loss 0.3126 | Train Acc 0.9290 | Speed (samples/sec) 833.5892 | GPU 1763.4 MB | time 1.320 s

Part 29 | Epoch 00011 | Step 00000 | Loss 0.3074 | Train Acc 0.9290 | Speed (samples/sec) 833.6510 | GPU 1758.9 MB | time 1.320 s
Part 3 | Epoch 00011 | Step 00000 | Loss 0.2562 | Train Acc 0.9430 | Speed (samples/sec) 833.5852 | GPU 1765.7 MB | time 1.320 sPart 1 | Epoch 00011 | Step 00000 | Loss 0.1829 | Train Acc 0.9610 | Speed (samples/sec) 834.0429 | GPU 1737.5 MB | time 1.320 s
Part 7 | Epoch 00011 | Step 00000 | Loss 0.2123 | Train Acc 0.9490 | Speed (samples/sec) 833.5979 | GPU 1745.7 MB | time 1.320 s
Part 4 | Epoch 00011 | Step 00000 | Loss 0.1871 | Train Acc 0.9510 | Speed (samples/sec) 833.5799 | GPU 1756.0 MB | time 1.320 s

Part 28 | Epoch 00011 | Step 00000 | Loss 0.2785 | Train Acc 0.9310 | Speed (samples/sec) 833.5874 | GPU 1761.6 MB | time 1.320 sPart 25 | Epoch 00011 | Step 00000 | Loss 0.2868 | Train Acc 0.9380 | Speed (samples/sec) 833.5728 | GPU 1762.2 MB | time 1.320 sPart 30 | Epoch 00011 | Step 00000 | Loss 0.3122 | Train Acc 0.9340 | Speed (samples/sec) 833.5766 | GPU 1767.3 MB | time 1.320 s


Part 19 | Epoch 00011 | Step 00000 | Loss 0.3968 | Train Acc 0.8980 | Speed (samples/sec) 833.6037 | GPU 1738.5 MB | time 1.320 s
Part 11 | Epoch 00011 | Step 00000 | Loss 0.4206 | Train Acc 0.8970 | Speed (samples/sec) 833.6538 | GPU 1826.5 MB | time 1.320 s
Part 27 | Epoch 00011 | Step 00000 | Loss 0.2173 | Train Acc 0.9480 | Speed (samples/sec) 833.5885 | GPU 1768.4 MB | time 1.320 s
Part 0 | Epoch 00011 | Step 00000 | Loss 0.1530 | Train Acc 0.9590 | Speed (samples/sec) 833.5920 | GPU 1736.1 MB | time 1.320 s
Part 24 | Epoch 00011 | Step 00000 | Loss 0.3243 | Train Acc 0.9240 | Speed (samples/sec) 833.6240 | GPU 1767.7 MB | time 1.320 s
Part 23 | Epoch 00011 | Step 00000 | Loss 0.4048 | Train Acc 0.8980 | Speed (samples/sec) 833.6592 | GPU 1741.6 MB | time 1.320 s
Part 16 | Epoch 00011 | Step 00000 | Loss 0.3827 | Train Acc 0.9010 | Speed (samples/sec) 833.6090 | GPU 1730.1 MB | time 1.320 sPart 18 | Epoch 00011 | Step 00000 | Loss 0.4098 | Train Acc 0.9030 | Speed (samples/sec) 833.6395 | GPU 1754.0 MB | time 1.320 sPart 22 | Epoch 00011 | Step 00000 | Loss 0.3996 | Train Acc 0.8970 | Speed (samples/sec) 833.6328 | GPU 1738.4 MB | time 1.320 s


=====================
Part 2, Epoch Time(s): 6.9367
Sampling Time(s): 0.3560
Loading Time(s): 2.6764
Forward Time(s): 1.5059
Backward Time(s): 0.2348
Update Time(s): 0.0040
Emb Update Time(s): 2.1542
#seeds: 6144
#inputs: 1927970
==========================================
Part 0, Epoch Time(s): 6.9367
Sampling Time(s): 0.2999
Loading Time(s): 2.5742
Forward Time(s): 1.6632
Backward Time(s): 0.2355
Update Time(s): 0.0042
Emb Update Time(s): 2.1537
#seeds: 6144
#inputs: 1923275
==========================================
Part 6, Epoch Time(s): 6.9366
Sampling Time(s): 0.2983
Loading Time(s): 2.0575
Forward Time(s): 2.1824
Backward Time(s): 0.2338
Update Time(s): 0.0042
Emb Update Time(s): 2.1551
#seeds: 6145
#inputs: 1927833
==========================================
Part 1, Epoch Time(s): 6.9368
Sampling Time(s): 0.3186
Loading Time(s): 2.8244
Forward Time(s): 1.3946
Backward Time(s): 0.2349
Update Time(s): 0.0044
Emb Update Time(s): 2.1538
#seeds: 6145
#inputs: 1921852
=====================


=====================
Part 4, Epoch Time(s): 6.9367
Sampling Time(s): 0.3546
Loading Time(s): 2.6586
Forward Time(s): 1.5237
Backward Time(s): 0.2342
Update Time(s): 0.0044
Emb Update Time(s): 2.1549
#seeds: 6144
#inputs: 1934576
==========================================
Part 5, Epoch Time(s): 6.9368
Sampling Time(s): 0.2930
Loading Time(s): 2.4962
Forward Time(s): 1.7485
Backward Time(s): 0.2339
Update Time(s): 0.0043
Emb Update Time(s): 2.1551
#seeds: 6144
#inputs: 1930870
==========================================
Part 3, Epoch Time(s): 6.9368
Sampling Time(s): 0.3373
Loading Time(s): 2.7256
Forward Time(s): 1.4752
Backward Time(s): 0.2348
Update Time(s): 0.0044
Emb Update Time(s): 2.1539
#seeds: 6144
#inputs: 1940564
=====================

=====================
Part 7, Epoch Time(s): 6.9369
Sampling Time(s): 0.3203
Loading Time(s): 2.4810
Forward Time(s): 1.7363
Backward Time(s): 0.2335
Update Time(s): 0.0044
Emb Update Time(s): 2.1557
#seeds: 6144
#inputs: 1934001
=====================


=====================
Part 17, Epoch Time(s): 6.9367
Sampling Time(s): 0.2830
Loading Time(s): 2.4679
Forward Time(s): 1.7876
Backward Time(s): 0.2331
Update Time(s): 0.0105
Emb Update Time(s): 2.1494
#seeds: 6145
#inputs: 1935840
==========================================
Part 19, Epoch Time(s): 6.9366
Sampling Time(s): 0.3024
Loading Time(s): 2.7745
Forward Time(s): 1.4612
Backward Time(s): 0.2327
Update Time(s): 0.0044
Emb Update Time(s): 2.1560
#seeds: 6144
#inputs: 1930614
=====================

=====================
Part 20, Epoch Time(s): 6.9367
Sampling Time(s): 0.3299
Loading Time(s): 2.4228
Forward Time(s): 1.7851
Backward Time(s): 0.2327
Update Time(s): 0.0048
Emb Update Time(s): 2.1556
#seeds: 6144
#inputs: 1944407
=====================
=====================
Part 16, Epoch Time(s): 6.9368
Sampling Time(s): 0.3244
Loading Time(s): 2.9668
Forward Time(s): 1.2608
Backward Time(s): 0.2281
Update Time(s): 0.0043
Emb Update Time(s): 2.1461
#seeds: 6144
#inputs: 1914086
==========================================
Part 21, Epoch Time(s): 6.9367
Sampling Time(s): 0.3138
Loading Time(s): 2.5153
Forward Time(s): 1.7092
Backward Time(s): 0.2328
Update Time(s): 0.0046
Emb Update Time(s): 2.1557
#seeds: 6145
#inputs: 1923645
==========================================
Part 18, Epoch Time(s): 6.9368
Sampling Time(s): 0.3192
Loading Time(s): 3.0529
Forward Time(s): 1.1647
Backward Time(s): 0.2326
Update Time(s): 0.0048
Emb Update Time(s): 2.1562
#seeds: 6144
#inputs: 1938568
==========================================
Part 22, Epoch Time(s): 6.9368
Sampling Time(s): 0.3380
Loading Time(s): 3.1839
Forward Time(s): 1.0146
Backward Time(s): 0.2359
Update Time(s): 0.0046
Emb Update Time(s): 2.1534
#seeds: 6144
#inputs: 1930149
=====================


=====================
Part 23, Epoch Time(s): 6.9369
Sampling Time(s): 0.3310
Loading Time(s): 2.8978
Forward Time(s): 1.3080
Backward Time(s): 0.2330
Update Time(s): 0.0058
Emb Update Time(s): 2.1548
#seeds: 6144
#inputs: 1927309
=====================

=====================
Part 9, Epoch Time(s): 6.9366
Sampling Time(s): 0.3451
Loading Time(s): 2.9998
Forward Time(s): 1.1929
Backward Time(s): 0.2326
Update Time(s): 0.0044
Emb Update Time(s): 2.1563
#seeds: 6144
#inputs: 2034038
=====================
=====================
Part 8, Epoch Time(s): 6.9367
Sampling Time(s): 0.3276
Loading Time(s): 3.3618
Forward Time(s): 0.8484
Backward Time(s): 0.2329
Update Time(s): 0.0043
Emb Update Time(s): 2.1564
#seeds: 6144
#inputs: 2040685
=====================
=====================
Part 15, Epoch Time(s): 6.9368
Sampling Time(s): 0.2774
Loading Time(s): 2.9694
Forward Time(s): 1.2913
Backward Time(s): 0.2309
Update Time(s): 0.0047
Emb Update Time(s): 2.1578
#seeds: 6144
#inputs: 2043958
=====================
=====================
Part 13, Epoch Time(s): 6.9369
Sampling Time(s): 0.2786
Loading Time(s): 2.9446
Forward Time(s): 1.3452
Backward Time(s): 0.2243
Update Time(s): 0.0046
Emb Update Time(s): 2.1344
#seeds: 6144
#inputs: 2049739
==========================================
Part 12, Epoch Time(s): 6.9368
Sampling Time(s): 0.3229
Loading Time(s): 3.3370
Forward Time(s): 0.8933
Backward Time(s): 0.2279
Update Time(s): 0.0044
Emb Update Time(s): 2.1460
#seeds: 6144
#inputs: 2025411
==========================================
Part 10, Epoch Time(s): 6.9368
Sampling Time(s): 0.3365
Loading Time(s): 2.7019
Forward Time(s): 1.4995
Backward Time(s): 0.2435
Update Time(s): 0.0050
Emb Update Time(s): 2.1447
#seeds: 6145
#inputs: 2031830
=====================


=====================
Part 14, Epoch Time(s): 6.9369
Sampling Time(s): 0.3162
Loading Time(s): 3.0240
Forward Time(s): 1.2001
Backward Time(s): 0.2283
Update Time(s): 0.0045
Emb Update Time(s): 2.1581
#seeds: 6145
#inputs: 2032795
=====================
=====================
Part 11, Epoch Time(s): 6.9369
Sampling Time(s): 0.3282
Loading Time(s): 3.1626
Forward Time(s): 1.0632
Backward Time(s): 0.2270
Update Time(s): 0.0055
Emb Update Time(s): 2.1446
#seeds: 6144
#inputs: 2037629
=====================
=====================
Part 25, Epoch Time(s): 6.9367
Sampling Time(s): 0.3566
Loading Time(s): 2.8629
Forward Time(s): 1.3176
Backward Time(s): 0.2336
Update Time(s): 0.0041
Emb Update Time(s): 2.1565
#seeds: 6144
#inputs: 1960953
==========================================
Part 27, Epoch Time(s): 6.9367
Sampling Time(s): 0.3461
Loading Time(s): 2.9956
Forward Time(s): 1.2107
Backward Time(s): 0.2293
Update Time(s): 0.0047
Emb Update Time(s): 2.1447
#seeds: 6144
#inputs: 1975876
=====================

=====================
Part 30, Epoch Time(s): 6.9368
Sampling Time(s): 0.3274
Loading Time(s): 2.9794
Forward Time(s): 1.2303
Backward Time(s): 0.2330
Update Time(s): 0.0043
Emb Update Time(s): 2.1569
#seeds: 6144
#inputs: 1987585
==========================================
Part 28, Epoch Time(s): 6.9368
Sampling Time(s): 0.2776
Loading Time(s): 2.5609
Forward Time(s): 1.6986
Backward Time(s): 0.2332
Update Time(s): 0.0041
Emb Update Time(s): 2.1568
#seeds: 6144
#inputs: 1973849
=====================

=====================
Part 26, Epoch Time(s): 6.9368
Sampling Time(s): 0.3353
Loading Time(s): 2.9154
Forward Time(s): 1.2866
Backward Time(s): 0.2335
Update Time(s): 0.0042
Emb Update Time(s): 2.1565
#seeds: 6145
#inputs: 1978955
==========================================
Part 31, Epoch Time(s): 6.9368
Sampling Time(s): 0.2867
Loading Time(s): 2.9414
Forward Time(s): 1.3089
Backward Time(s): 0.2328
Update Time(s): 0.0105
Emb Update Time(s): 2.1508
#seeds: 6144
#inputs: 1963489
=====================

=====================
Part 29, Epoch Time(s): 6.9368
Sampling Time(s): 0.3630
Loading Time(s): 3.4220
Forward Time(s): 0.7517
Backward Time(s): 0.2339
Update Time(s): 0.0048
Emb Update Time(s): 2.1557
#seeds: 6144
#inputs: 1966691
=====================
=====================
Part 24, Epoch Time(s): 6.9369
Sampling Time(s): 0.3086
Loading Time(s): 2.9714
Forward Time(s): 1.2560
Backward Time(s): 0.2335
Update Time(s): 0.0055
Emb Update Time(s): 2.1555
#seeds: 6144
#inputs: 1963671
=====================
Part 6 | Epoch 00012 | Step 00000 | Loss 0.1569 | Train Acc 0.9590 | Speed (samples/sec) 836.2899 | GPU 1745.3 MB | time 1.350 sPart 7 | Epoch 00012 | Step 00000 | Loss 0.1745 | Train Acc 0.9460 | Speed (samples/sec) 835.8331 | GPU 1745.7 MB | time 1.350 s

Part 2 | Epoch 00012 | Step 00000 | Loss 0.1743 | Train Acc 0.9570 | Speed (samples/sec) 835.8393 | GPU 1740.5 MB | time 1.350 s
Part 4 | Epoch 00012 | Step 00000 | Loss 0.1695 | Train Acc 0.9580 | Speed (samples/sec) 835.8267 | GPU 1756.0 MB | time 1.350 s
Part 3 | Epoch 00012 | Step 00000 | Loss 0.1356 | Train Acc 0.9660 | Speed (samples/sec) 835.8211 | GPU 1765.7 MB | time 1.350 s
Part 0 | Epoch 00012 | Step 00000 | Loss 0.1535 | Train Acc 0.9560 | Speed (samples/sec) 835.8354 | GPU 1736.1 MB | time 1.350 s
Part 1 | Epoch 00012 | Step 00000 | Loss 0.1844 | Train Acc 0.9540 | Speed (samples/sec) 836.2948 | GPU 1737.5 MB | time 1.350 s
Part 25 | Epoch 00012 | Step 00000 | Loss 0.2518 | Train Acc 0.9400 | Speed (samples/sec) 835.8048 | GPU 1762.2 MB | time 1.350 s
Part 26 | Epoch 00012 | Step 00000 | Loss 0.2672 | Train Acc 0.9310 | Speed (samples/sec) 836.2868 | GPU 1780.1 MB | time 1.350 s
Part 28 | Epoch 00012 | Step 00000 | Loss 0.2565 | Train Acc 0.9370 | Speed (samples/sec) 835.8170 | GPU 1761.6 MB | time 1.350 sPart 30 | Epoch 00012 | Step 00000 | Loss 0.2181 | Train Acc 0.9490 | Speed (samples/sec) 835.8060 | GPU 1767.3 MB | time 1.350 s

Part 24 | Epoch 00012 | Step 00000 | Loss 0.2333 | Train Acc 0.9360 | Speed (samples/sec) 835.8614 | GPU 1767.7 MB | time 1.350 s
Part 8 | Epoch 00012 | Step 00000 | Loss 0.3109 | Train Acc 0.9240 | Speed (samples/sec) 835.8366 | GPU 1836.7 MB | time 1.350 sPart 12 | Epoch 00012 | Step 00000 | Loss 0.3479 | Train Acc 0.9110 | Speed (samples/sec) 835.8426 | GPU 1815.3 MB | time 1.350 sPart 10 | Epoch 00012 | Step 00000 | Loss 0.3185 | Train Acc 0.9240 | Speed (samples/sec) 836.3180 | GPU 1830.1 MB | time 1.350 sPart 13 | Epoch 00012 | Step 00000 | Loss 0.3328 | Train Acc 0.9110 | Speed (samples/sec) 835.8275 | GPU 1849.3 MB | time 1.350 s



Part 15 | Epoch 00012 | Step 00000 | Loss 0.3078 | Train Acc 0.9120 | Speed (samples/sec) 835.8380 | GPU 1830.2 MB | time 1.350 s
Part 5 | Epoch 00012 | Step 00000 | Loss 0.1196 | Train Acc 0.9700 | Speed (samples/sec) 835.8139 | GPU 1751.3 MB | time 1.350 s
Part 27 | Epoch 00012 | Step 00000 | Loss 0.3110 | Train Acc 0.9170 | Speed (samples/sec) 835.8265 | GPU 1768.4 MB | time 1.350 s
Part 19 | Epoch 00012 | Step 00000 | Loss 0.3945 | Train Acc 0.8930 | Speed (samples/sec) 835.8368 | GPU 1743.5 MB | time 1.350 sPart 17 | Epoch 00012 | Step 00000 | Loss 0.3629 | Train Acc 0.9020 | Speed (samples/sec) 836.2925 | GPU 1740.1 MB | time 1.350 s

Part 21 | Epoch 00012 | Step 00000 | Loss 0.3721 | Train Acc 0.9070 | Speed (samples/sec) 836.2869 | GPU 1741.5 MB | time 1.350 s
Part 14 | Epoch 00012 | Step 00000 | Loss 0.3227 | Train Acc 0.9190 | Speed (samples/sec) 836.3092 | GPU 1824.7 MB | time 1.350 sPart 11 | Epoch 00012 | Step 00000 | Loss 0.3125 | Train Acc 0.9280 | Speed (samples/sec) 835.8806 | GPU 1826.5 MB | time 1.350 sPart 9 | Epoch 00012 | Step 00000 | Loss 0.3200 | Train Acc 0.9220 | Speed (samples/sec) 835.8467 | GPU 1834.3 MB | time 1.350 s


Part 18 | Epoch 00012 | Step 00000 | Loss 0.3880 | Train Acc 0.8980 | Speed (samples/sec) 835.8744 | GPU 1754.0 MB | time 1.350 s
Part 20 | Epoch 00012 | Step 00000 | Loss 0.4060 | Train Acc 0.8990 | Speed (samples/sec) 835.8652 | GPU 1745.2 MB | time 1.350 s
Part 23 | Epoch 00012 | Step 00000 | Loss 0.3128 | Train Acc 0.9200 | Speed (samples/sec) 835.8949 | GPU 1741.6 MB | time 1.350 s
Part 31 | Epoch 00012 | Step 00000 | Loss 0.2742 | Train Acc 0.9350 | Speed (samples/sec) 835.8171 | GPU 1763.4 MB | time 1.350 s
Part 22 | Epoch 00012 | Step 00000 | Loss 0.3304 | Train Acc 0.9200 | Speed (samples/sec) 835.8806 | GPU 1738.4 MB | time 1.350 sPart 16 | Epoch 00012 | Step 00000 | Loss 0.3290 | Train Acc 0.9320 | Speed (samples/sec) 835.8467 | GPU 1730.1 MB | time 1.350 s

Part 29 | Epoch 00012 | Step 00000 | Loss 0.2620 | Train Acc 0.9350 | Speed (samples/sec) 835.8760 | GPU 1758.9 MB | time 1.350 s
=====================
Part 6, Epoch Time(s): 7.3245
Sampling Time(s): 0.3231
Loading Time(s): 1.8192
Forward Time(s): 2.3184
Backward Time(s): 0.2286
Update Time(s): 0.0045
Emb Update Time(s): 2.6253
#seeds: 6145
#inputs: 1927524
==========================================
Part 5, Epoch Time(s): 7.3245
Sampling Time(s): 0.2723
Loading Time(s): 2.8191
Forward Time(s): 1.3688
Backward Time(s): 0.2289
Update Time(s): 0.0042
Emb Update Time(s): 2.6256
#seeds: 6144
#inputs: 1928877
==========================================
Part 0, Epoch Time(s): 7.3246
Sampling Time(s): 0.3231
Loading Time(s): 3.0730
Forward Time(s): 1.0641
Backward Time(s): 0.2298
Update Time(s): 0.0042
Emb Update Time(s): 2.6246
#seeds: 6144
#inputs: 1922977
=====================


=====================
Part 2, Epoch Time(s): 7.3246
Sampling Time(s): 0.3003
Loading Time(s): 2.9220
Forward Time(s): 1.2382
Backward Time(s): 0.2295
Update Time(s): 0.0042
Emb Update Time(s): 2.6250
#seeds: 6144
#inputs: 1920364
==========================================
Part 4, Epoch Time(s): 7.3247
Sampling Time(s): 0.3182
Loading Time(s): 3.0218
Forward Time(s): 1.1204
Backward Time(s): 0.2292
Update Time(s): 0.0045
Emb Update Time(s): 2.6250
#seeds: 6144
#inputs: 1933312
==========================================
Part 1, Epoch Time(s): 7.3247
Sampling Time(s): 0.2926
Loading Time(s): 2.7355
Forward Time(s): 1.4321
Backward Time(s): 0.2296
Update Time(s): 0.0044
Emb Update Time(s): 2.6247
#seeds: 6145
#inputs: 1921684
==========================================
Part 3, Epoch Time(s): 7.3246
Sampling Time(s): 0.3453
Loading Time(s): 2.5503
Forward Time(s): 1.5648
Backward Time(s): 0.2293
Update Time(s): 0.0044
Emb Update Time(s): 2.6249
#seeds: 6144
#inputs: 1939043
=====================


=====================
Part 7, Epoch Time(s): 7.3247
Sampling Time(s): 0.3184
Loading Time(s): 2.4550
Forward Time(s): 1.6872
Backward Time(s): 0.2286
Update Time(s): 0.0044
Emb Update Time(s): 2.6256
#seeds: 6144
#inputs: 1941556
=====================

=====================
Part 16, Epoch Time(s): 7.3246
Sampling Time(s): 0.2862
Loading Time(s): 2.6640
Forward Time(s): 1.5094
Backward Time(s): 0.2293
Update Time(s): 0.0045
Emb Update Time(s): 2.6254
#seeds: 6144
#inputs: 1914817
=====================
=====================
Part 17, Epoch Time(s): 7.3247
Sampling Time(s): 0.3028
Loading Time(s): 2.5154
Forward Time(s): 1.6420
Backward Time(s): 0.2291
Update Time(s): 0.0041
Emb Update Time(s): 2.6257
#seeds: 6145
#inputs: 1939588
==========================================
Part 23, Epoch Time(s): 7.3246
Sampling Time(s): 0.3120
Loading Time(s): 2.9177
Forward Time(s): 1.2282
Backward Time(s): 0.2279
Update Time(s): 0.0138
Emb Update Time(s): 2.6191
#seeds: 6144
#inputs: 1925891
==========================================
Part 20, Epoch Time(s): 7.3247
Sampling Time(s): 0.3135
Loading Time(s): 2.8867
Forward Time(s): 1.2596
Backward Time(s): 0.2283
Update Time(s): 0.0043
Emb Update Time(s): 2.6266
#seeds: 6144
#inputs: 1941327
==========================================
Part 21, Epoch Time(s): 7.3246
Sampling Time(s): 0.3155
Loading Time(s): 2.6454
Forward Time(s): 1.4994
Backward Time(s): 0.2282
Update Time(s): 0.0044
Emb Update Time(s): 2.6263
#seeds: 6145
#inputs: 1931209
==========================================
Part 22, Epoch Time(s): 7.3246
Sampling Time(s): 0.2829
Loading Time(s): 2.7264
Forward Time(s): 1.4500
Backward Time(s): 0.2280
Update Time(s): 0.0049
Emb Update Time(s): 2.6264
#seeds: 6144
#inputs: 1923954
==========================================
Part 19, Epoch Time(s): 7.3247
Sampling Time(s): 0.3561
Loading Time(s): 2.8848
Forward Time(s): 1.2189
Backward Time(s): 0.2285
Update Time(s): 0.0042
Emb Update Time(s): 2.6266
#seeds: 6144
#inputs: 1935470
=====================





=====================
Part 18, Epoch Time(s): 7.3247
Sampling Time(s): 0.3518
Loading Time(s): 2.7501
Forward Time(s): 1.3576
Backward Time(s): 0.2289
Update Time(s): 0.0046
Emb Update Time(s): 2.6258
#seeds: 6144
#inputs: 1938020
=====================
=====================
Part 9, Epoch Time(s): 7.3246
Sampling Time(s): 0.3318
Loading Time(s): 2.5699
Forward Time(s): 1.5583
Backward Time(s): 0.2277
Update Time(s): 0.0042
Emb Update Time(s): 2.6275
#seeds: 6144
#inputs: 2030291
==========================================
Part 14, Epoch Time(s): 7.3245
Sampling Time(s): 0.3441
Loading Time(s): 3.0067
Forward Time(s): 1.1087
Backward Time(s): 0.2271
Update Time(s): 0.0043
Emb Update Time(s): 2.6282
#seeds: 6145
#inputs: 2040219
==========================================
Part 13, Epoch Time(s): 7.3245
Sampling Time(s): 0.2917
Loading Time(s): 3.3446
Forward Time(s): 0.8380
Backward Time(s): 0.2240
Update Time(s): 0.0042
Emb Update Time(s): 2.6168
#seeds: 6144
#inputs: 2052306
=====================

=====================
Part 12, Epoch Time(s): 7.3245
Sampling Time(s): 0.3315
Loading Time(s): 3.4596
Forward Time(s): 0.6979
Backward Time(s): 0.2212
Update Time(s): 0.0043
Emb Update Time(s): 2.6047
#seeds: 6144
#inputs: 2025240
==========================================
Part 15, Epoch Time(s): 7.3246
Sampling Time(s): 0.3588
Loading Time(s): 2.8872
Forward Time(s): 1.2138
Backward Time(s): 0.2268
Update Time(s): 0.0044
Emb Update Time(s): 2.6282
#seeds: 6144
#inputs: 2043038
=====================
=====================
Part 11, Epoch Time(s): 7.3245
Sampling Time(s): 0.2955
Loading Time(s): 2.9780
Forward Time(s): 1.1859
Backward Time(s): 0.2274
Update Time(s): 0.0048
Emb Update Time(s): 2.6274
#seeds: 6144
#inputs: 2042718
==========================================
Part 10, Epoch Time(s): 7.3246
Sampling Time(s): 0.3225
Loading Time(s): 2.8162
Forward Time(s): 1.3208
Backward Time(s): 0.2275
Update Time(s): 0.0045
Emb Update Time(s): 2.6277
#seeds: 6145
#inputs: 2034113
=====================



=====================
Part 30, Epoch Time(s): 7.3246
Sampling Time(s): 0.3080
Loading Time(s): 3.4189
Forward Time(s): 0.7485
Backward Time(s): 0.2229
Update Time(s): 0.0050
Emb Update Time(s): 2.6160
#seeds: 6144
#inputs: 1984262
==========================================
Part 26, Epoch Time(s): 7.3245
Sampling Time(s): 0.3465
Loading Time(s): 2.8154
Forward Time(s): 1.2985
Backward Time(s): 0.2283
Update Time(s): 0.0047
Emb Update Time(s): 2.6258
#seeds: 6145
#inputs: 1979235
==========================================
Part 25, Epoch Time(s): 7.3246
Sampling Time(s): 0.3082
Loading Time(s): 2.7951
Forward Time(s): 1.3595
Backward Time(s): 0.2262
Update Time(s): 0.0043
Emb Update Time(s): 2.6260
#seeds: 6144
#inputs: 1960805
=====================


=====================
Part 28, Epoch Time(s): 7.3246
Sampling Time(s): 0.3236
Loading Time(s): 3.1126
Forward Time(s): 1.0242
Backward Time(s): 0.2277
Update Time(s): 0.0042
Emb Update Time(s): 2.6271
#seeds: 6144
#inputs: 1974588
=====================
=====================
Part 31, Epoch Time(s): 7.3246
Sampling Time(s): 0.2832
Loading Time(s): 2.7855
Forward Time(s): 1.4061
Backward Time(s): 0.2222
Update Time(s): 0.0045
Emb Update Time(s): 2.6177
#seeds: 6144
#inputs: 1958901
==========================================
Part 27, Epoch Time(s): 7.3247
Sampling Time(s): 0.3404
Loading Time(s): 3.0234
Forward Time(s): 1.0960
Backward Time(s): 0.2280
Update Time(s): 0.0053
Emb Update Time(s): 2.6258
#seeds: 6144
#inputs: 1977953
=====================
=====================
Part 24, Epoch Time(s): 7.3246
Sampling Time(s): 0.2923
Loading Time(s): 3.1734
Forward Time(s): 1.0093
Backward Time(s): 0.2245
Update Time(s): 0.0053
Emb Update Time(s): 2.6141
#seeds: 6144
#inputs: 1971670
=====================

=====================
Part 29, Epoch Time(s): 7.3247
Sampling Time(s): 0.2924
Loading Time(s): 3.1915
Forward Time(s): 0.9831
Backward Time(s): 0.2240
Update Time(s): 0.0050
Emb Update Time(s): 2.6228
#seeds: 6144
#inputs: 1956604
=====================
=====================
Part 8, Epoch Time(s): 7.3246
Sampling Time(s): 0.3182
Loading Time(s): 3.2041
Forward Time(s): 0.9375
Backward Time(s): 0.2280
Update Time(s): 0.0046
Emb Update Time(s): 2.6270
#seeds: 6144
#inputs: 2046844
=====================
Part 5 | Epoch 00013 | Step 00000 | Loss 0.1671 | Train Acc 0.9630 | Speed (samples/sec) 833.4116 | GPU 1751.3 MB | time 1.321 s
Part 6 | Epoch 00013 | Step 00000 | Loss 0.1388 | Train Acc 0.9640 | Speed (samples/sec) 833.8723 | GPU 1745.3 MB | time 1.321 s
Part 4 | Epoch 00013 | Step 00000 | Loss 0.1516 | Train Acc 0.9590 | Speed (samples/sec) 833.4224 | GPU 1756.0 MB | time 1.321 s
Part 21 | Epoch 00013 | Step 00000 | Loss 0.2939 | Train Acc 0.9250 | Speed (samples/sec) 833.8689 | GPU 1741.5 MB | time 1.321 s
Part 16 | Epoch 00013 | Step 00000 | Loss 0.3783 | Train Acc 0.9070 | Speed (samples/sec) 833.4436 | GPU 1730.1 MB | time 1.321 s
Part 20 | Epoch 00013 | Step 00000 | Loss 0.2869 | Train Acc 0.9230 | Speed (samples/sec) 833.4570 | GPU 1745.2 MB | time 1.321 s
Part 18 | Epoch 00013 | Step 00000 | Loss 0.3437 | Train Acc 0.9180 | Speed (samples/sec) 833.4672 | GPU 1754.0 MB | time 1.321 s
Part 17 | Epoch 00013 | Step 00000 | Loss 0.3210 | Train Acc 0.9150 | Speed (samples/sec) 833.8737 | GPU 1740.1 MB | time 1.321 s
Part 23 | Epoch 00013 | Step 00000 | Loss 0.3000 | Train Acc 0.9260 | Speed (samples/sec) 833.4883 | GPU 1741.6 MB | time 1.321 s
Part 3 | Epoch 00013 | Step 00000 | Loss 0.1561 | Train Acc 0.9600 | Speed (samples/sec) 833.4165 | GPU 1765.7 MB | time 1.321 sPart 0 | Epoch 00013 | Step 00000 | Loss 0.1974 | Train Acc 0.9530 | Speed (samples/sec) 833.4309 | GPU 1736.1 MB | time 1.321 s

Part 22 | Epoch 00013 | Step 00000 | Loss 0.2931 | Train Acc 0.9320 | Speed (samples/sec) 833.4750 | GPU 1745.1 MB | time 1.321 s
Part 1 | Epoch 00013 | Step 00000 | Loss 0.1262 | Train Acc 0.9700 | Speed (samples/sec) 833.8789 | GPU 1737.5 MB | time 1.321 s
Part 19 | Epoch 00013 | Step 00000 | Loss 0.4207 | Train Acc 0.8970 | Speed (samples/sec) 833.4290 | GPU 1750.1 MB | time 1.321 s
Part 30 | Epoch 00013 | Step 00000 | Loss 0.2175 | Train Acc 0.9470 | Speed (samples/sec) 833.4006 | GPU 1767.3 MB | time 1.321 s
Part 28 | Epoch 00013 | Step 00000 | Loss 0.2662 | Train Acc 0.9350 | Speed (samples/sec) 833.4098 | GPU 1761.6 MB | time 1.321 s
Part 25 | Epoch 00013 | Step 00000 | Loss 0.1921 | Train Acc 0.9510 | Speed (samples/sec) 833.3987 | GPU 1762.2 MB | time 1.321 s
Part 2 | Epoch 00013 | Step 00000 | Loss 0.1478 | Train Acc 0.9670 | Speed (samples/sec) 833.4318 | GPU 1740.5 MB | time 1.321 s
Part 27 | Epoch 00013 | Step 00000 | Loss 0.2617 | Train Acc 0.9310 | Speed (samples/sec) 833.4217 | GPU 1768.4 MB | time 1.321 sPart 24 | Epoch 00013 | Step 00000 | Loss 0.2220 | Train Acc 0.9430 | Speed (samples/sec) 833.4540 | GPU 1767.7 MB | time 1.321 s
Part 15 | Epoch 00013 | Step 00000 | Loss 0.2945 | Train Acc 0.9230 | Speed (samples/sec) 833.4318 | GPU 1830.2 MB | time 1.321 sPart 10 | Epoch 00013 | Step 00000 | Loss 0.2842 | Train Acc 0.9280 | Speed (samples/sec) 833.8987 | GPU 1830.1 MB | time 1.321 s


Part 29 | Epoch 00013 | Step 00000 | Loss 0.2301 | Train Acc 0.9460 | Speed (samples/sec) 833.4703 | GPU 1758.9 MB | time 1.321 sPart 26 | Epoch 00013 | Step 00000 | Loss 0.2318 | Train Acc 0.9450 | Speed (samples/sec) 833.8669 | GPU 1780.1 MB | time 1.321 s

Part 31 | Epoch 00013 | Step 00000 | Loss 0.2015 | Train Acc 0.9540 | Speed (samples/sec) 833.4123 | GPU 1763.4 MB | time 1.321 s
Part 7 | Epoch 00013 | Step 00000 | Loss 0.1530 | Train Acc 0.9640 | Speed (samples/sec) 833.4237 | GPU 1745.7 MB | time 1.321 s
Part 13 | Epoch 00013 | Step 00000 | Loss 0.2892 | Train Acc 0.9300 | Speed (samples/sec) 833.4195 | GPU 1849.3 MB | time 1.321 s
Part 8 | Epoch 00013 | Step 00000 | Loss 0.2806 | Train Acc 0.9320 | Speed (samples/sec) 833.4287 | GPU 1836.7 MB | time 1.321 s
Part 9 | Epoch 00013 | Step 00000 | Loss 0.2856 | Train Acc 0.9250 | Speed (samples/sec) 833.4390 | GPU 1834.3 MB | time 1.321 sPart 12 | Epoch 00013 | Step 00000 | Loss 0.3291 | Train Acc 0.9150 | Speed (samples/sec) 833.4344 | GPU 1815.3 MB | time 1.321 s

Part 11 | Epoch 00013 | Step 00000 | Loss 0.3391 | Train Acc 0.9120 | Speed (samples/sec) 833.4704 | GPU 1838.6 MB | time 1.321 sPart 14 | Epoch 00013 | Step 00000 | Loss 0.3175 | Train Acc 0.9190 | Speed (samples/sec) 833.8881 | GPU 1824.7 MB | time 1.321 s

=====================
Part 2, Epoch Time(s): 7.2413
Sampling Time(s): 0.2943
Loading Time(s): 2.2698
Forward Time(s): 1.9286
Backward Time(s): 0.2286
Update Time(s): 0.0040
Emb Update Time(s): 2.5104
#seeds: 6144
#inputs: 1924974
==========================================
Part 7, Epoch Time(s): 7.2413
Sampling Time(s): 0.3256
Loading Time(s): 2.2573
Forward Time(s): 1.9094
Backward Time(s): 0.2276
Update Time(s): 0.0044
Emb Update Time(s): 2.5114
#seeds: 6144
#inputs: 1932105
==========================================
Part 6, Epoch Time(s): 7.2414
Sampling Time(s): 0.3076
Loading Time(s): 2.4757
Forward Time(s): 1.7097
Backward Time(s): 0.2277
Update Time(s): 0.0044
Emb Update Time(s): 2.5109
#seeds: 6145
#inputs: 1928884
==========================================
Part 4, Epoch Time(s): 7.2413
Sampling Time(s): 0.3092
Loading Time(s): 2.6285
Forward Time(s): 1.5549
Backward Time(s): 0.2282
Update Time(s): 0.0044
Emb Update Time(s): 2.5108
#seeds: 6144
#inputs: 1942645
=====================


=====================
Part 5, Epoch Time(s): 7.2414
Sampling Time(s): 0.2672
Loading Time(s): 2.6199
Forward Time(s): 1.6060
Backward Time(s): 0.2278
Update Time(s): 0.0042
Emb Update Time(s): 2.5112
#seeds: 6144
#inputs: 1924965
==========================================
Part 3, Epoch Time(s): 7.2414
Sampling Time(s): 0.3971
Loading Time(s): 2.9778
Forward Time(s): 1.1175
Backward Time(s): 0.2284
Update Time(s): 0.0043
Emb Update Time(s): 2.5106
#seeds: 6144
#inputs: 1934808
==========================================
Part 0, Epoch Time(s): 7.2414
Sampling Time(s): 0.3185
Loading Time(s): 2.7712
Forward Time(s): 1.4086
Backward Time(s): 0.2249
Update Time(s): 0.0043
Emb Update Time(s): 2.5083
#seeds: 6144
#inputs: 1924138
=====================
=====================
Part 1, Epoch Time(s): 7.2413
Sampling Time(s): 0.2874
Loading Time(s): 2.8160
Forward Time(s): 1.3885
Backward Time(s): 0.2288
Update Time(s): 0.0051
Emb Update Time(s): 2.5097
#seeds: 6145
#inputs: 1911664
=====================



=====================
Part 17, Epoch Time(s): 7.2414
Sampling Time(s): 0.2590
Loading Time(s): 2.5274
Forward Time(s): 1.7063
Backward Time(s): 0.2272
Update Time(s): 0.0044
Emb Update Time(s): 2.5117
#seeds: 6145
#inputs: 1933101
==========================================
Part 20, Epoch Time(s): 7.2414
Sampling Time(s): 0.3371
Loading Time(s): 2.7884
Forward Time(s): 1.3780
Backward Time(s): 0.2221
Update Time(s): 0.0043
Emb Update Time(s): 2.5060
#seeds: 6144
#inputs: 1946258
==========================================
Part 19, Epoch Time(s): 7.2414
Sampling Time(s): 0.3262
Loading Time(s): 2.7602
Forward Time(s): 1.4061
Backward Time(s): 0.2270
Update Time(s): 0.0044
Emb Update Time(s): 2.5119
#seeds: 6144
#inputs: 1936622
=====================


=====================
Part 21, Epoch Time(s): 7.2414
Sampling Time(s): 0.2706
Loading Time(s): 2.7454
Forward Time(s): 1.4769
Backward Time(s): 0.2266
Update Time(s): 0.0048
Emb Update Time(s): 2.5120
#seeds: 6145
#inputs: 1930413
=====================
=====================
Part 16, Epoch Time(s): 7.2415
Sampling Time(s): 0.3331
Loading Time(s): 2.8879
Forward Time(s): 1.2709
Backward Time(s): 0.2274
Update Time(s): 0.0045
Emb Update Time(s): 2.5117
#seeds: 6144
#inputs: 1913647
==========================================
Part 18, Epoch Time(s): 7.2415
Sampling Time(s): 0.3008
Loading Time(s): 2.3324
Forward Time(s): 1.8578
Backward Time(s): 0.2271
Update Time(s): 0.0046
Emb Update Time(s): 2.5124
#seeds: 6144
#inputs: 1941646
==========================================
Part 23, Epoch Time(s): 7.2415
Sampling Time(s): 0.2954
Loading Time(s): 2.7633
Forward Time(s): 1.4330
Backward Time(s): 0.2263
Update Time(s): 0.0051
Emb Update Time(s): 2.5123
#seeds: 6144
#inputs: 1929210
=====================


=====================
Part 22, Epoch Time(s): 7.2415
Sampling Time(s): 0.3918
Loading Time(s): 3.0920
Forward Time(s): 1.0070
Backward Time(s): 0.2265
Update Time(s): 0.0046
Emb Update Time(s): 2.5133
#seeds: 6144
#inputs: 1928675
=====================
=====================
Part 27, Epoch Time(s): 7.2414
Sampling Time(s): 0.3462
Loading Time(s): 3.1884
Forward Time(s): 0.9604
Backward Time(s): 0.2242
Update Time(s): 0.0043
Emb Update Time(s): 2.5126
#seeds: 6144
#inputs: 1979347
==========================================
Part 25, Epoch Time(s): 7.2414
Sampling Time(s): 0.3142
Loading Time(s): 3.1372
Forward Time(s): 1.0410
Backward Time(s): 0.2275
Update Time(s): 0.0042
Emb Update Time(s): 2.5121
#seeds: 6144
#inputs: 1963479
==========================================
Part 30, Epoch Time(s): 7.2414
Sampling Time(s): 0.2735
Loading Time(s): 2.7921
Forward Time(s): 1.4270
Backward Time(s): 0.2262
Update Time(s): 0.0043
Emb Update Time(s): 2.5131
#seeds: 6144
#inputs: 1984279
=====================
=====================
Part 28, Epoch Time(s): 7.2415
Sampling Time(s): 0.3022
Loading Time(s): 2.8079
Forward Time(s): 1.3821
Backward Time(s): 0.2267
Update Time(s): 0.0045
Emb Update Time(s): 2.5126
#seeds: 6144
#inputs: 1977880
=====================
=====================
Part 31, Epoch Time(s): 7.2414
Sampling Time(s): 0.2917
Loading Time(s): 2.8821
Forward Time(s): 1.3338
Backward Time(s): 0.2222
Update Time(s): 0.0045
Emb Update Time(s): 2.5018
#seeds: 6144
#inputs: 1959111
=====================
=====================
Part 29, Epoch Time(s): 7.2414
Sampling Time(s): 0.3577
Loading Time(s): 3.5458
Forward Time(s): 0.6032
Backward Time(s): 0.2220
Update Time(s): 0.0055
Emb Update Time(s): 2.5018
#seeds: 6144
#inputs: 1955345
=====================
=====================
Part 26, Epoch Time(s): 7.2415
Sampling Time(s): 0.3201
Loading Time(s): 3.1021
Forward Time(s): 1.0848
Backward Time(s): 0.2236
Update Time(s): 0.0051
Emb Update Time(s): 2.5005
#seeds: 6145
#inputs: 1978894
=====================


=====================
Part 24, Epoch Time(s): 7.2416
Sampling Time(s): 0.3301
Loading Time(s): 3.3263
Forward Time(s): 0.8510
Backward Time(s): 0.2224
Update Time(s): 0.0050
Emb Update Time(s): 2.5012
#seeds: 6144
#inputs: 1966950
=====================
=====================
Part 9, Epoch Time(s): 7.2414
Sampling Time(s): 0.3304
Loading Time(s): 2.8232
Forward Time(s): 1.3379
Backward Time(s): 0.2263
Update Time(s): 0.0040
Emb Update Time(s): 2.5137
#seeds: 6144
#inputs: 2027823
==========================================
Part 13, Epoch Time(s): 7.2414
Sampling Time(s): 0.2772
Loading Time(s): 2.9904
Forward Time(s): 1.2397
Backward Time(s): 0.2223
Update Time(s): 0.0048
Emb Update Time(s): 2.5016
#seeds: 6144
#inputs: 2051143
==========================================
Part 11, Epoch Time(s): 7.2414
Sampling Time(s): 0.3087
Loading Time(s): 2.6655
Forward Time(s): 1.5176
Backward Time(s): 0.2260
Update Time(s): 0.0104
Emb Update Time(s): 2.5073
#seeds: 6144
#inputs: 2044126
==========================================
Part 15, Epoch Time(s): 7.2414
Sampling Time(s): 0.3052
Loading Time(s): 2.7958
Forward Time(s): 1.4014
Backward Time(s): 0.2220
Update Time(s): 0.0045
Emb Update Time(s): 2.5070
#seeds: 6144
#inputs: 2047325
==========================================
Part 8, Epoch Time(s): 7.2413
Sampling Time(s): 0.2989
Loading Time(s): 3.0060
Forward Time(s): 1.1874
Backward Time(s): 0.2267
Update Time(s): 0.0043
Emb Update Time(s): 2.5123
#seeds: 6144
#inputs: 2038383
==========================================
Part 12, Epoch Time(s): 7.2414
Sampling Time(s): 0.3319
Loading Time(s): 3.1822
Forward Time(s): 0.9776
Backward Time(s): 0.2253
Update Time(s): 0.0045
Emb Update Time(s): 2.5140
#seeds: 6144
#inputs: 2023297
=====================





=====================
Part 14, Epoch Time(s): 7.2415
Sampling Time(s): 0.3567
Loading Time(s): 3.0991
Forward Time(s): 1.0497
Backward Time(s): 0.2219
Update Time(s): 0.0045
Emb Update Time(s): 2.5036
#seeds: 6145
#inputs: 2040235
=====================
=====================
Part 10, Epoch Time(s): 7.2417
Sampling Time(s): 0.3220
Loading Time(s): 3.1262
Forward Time(s): 1.0436
Backward Time(s): 0.2262
Update Time(s): 0.0048
Emb Update Time(s): 2.5131
#seeds: 6145
#inputs: 2033044
=====================
Part 2 | Epoch 00014 | Step 00000 | Loss 0.1426 | Train Acc 0.9650 | Speed (samples/sec) 831.9187 | GPU 1740.5 MB | time 1.285 s
Part 6 | Epoch 00014 | Step 00000 | Loss 0.1228 | Train Acc 0.9640 | Speed (samples/sec) 832.3479 | GPU 1745.9 MB | time 1.285 s
Part 5 | Epoch 00014 | Step 00000 | Loss 0.1333 | Train Acc 0.9720 | Speed (samples/sec) 831.8954 | GPU 1751.3 MB | time 1.285 s
Part 13 | Epoch 00014 | Step 00000 | Loss 0.2886 | Train Acc 0.9250 | Speed (samples/sec) 831.9057 | GPU 1849.3 MB | time 1.285 s
Part 15 | Epoch 00014 | Step 00000 | Loss 0.2920 | Train Acc 0.9260 | Speed (samples/sec) 831.9160 | GPU 1830.2 MB | time 1.285 s
Part 8 | Epoch 00014 | Step 00000 | Loss 0.2844 | Train Acc 0.9210 | Speed (samples/sec) 831.9150 | GPU 1836.7 MB | time 1.285 s
Part 9 | Epoch 00014 | Step 00000 | Loss 0.2746 | Train Acc 0.9300 | Speed (samples/sec) 831.9287 | GPU 1834.3 MB | time 1.285 s
Part 4 | Epoch 00014 | Step 00000 | Loss 0.1277 | Train Acc 0.9680 | Speed (samples/sec) 831.9074 | GPU 1756.0 MB | time 1.285 s
Part 10 | Epoch 00014 | Step 00000 | Loss 0.2408 | Train Acc 0.9360 | Speed (samples/sec) 832.3756 | GPU 1830.1 MB | time 1.285 s
Part 12 | Epoch 00014 | Step 00000 | Loss 0.2458 | Train Acc 0.9410 | Speed (samples/sec) 831.9235 | GPU 1815.3 MB | time 1.285 s
Part 7 | Epoch 00014 | Step 00000 | Loss 0.1174 | Train Acc 0.9700 | Speed (samples/sec) 831.9111 | GPU 1745.7 MB | time 1.285 s
Part 3 | Epoch 00014 | Step 00000 | Loss 0.1552 | Train Acc 0.9690 | Speed (samples/sec) 831.9037 | GPU 1765.7 MB | time 1.285 s
Part 14 | Epoch 00014 | Step 00000 | Loss 0.2615 | Train Acc 0.9280 | Speed (samples/sec) 832.3689 | GPU 1824.7 MB | time 1.285 s
Part 0 | Epoch 00014 | Step 00000 | Loss 0.1386 | Train Acc 0.9650 | Speed (samples/sec) 831.9166 | GPU 1736.1 MB | time 1.285 s
Part 11 | Epoch 00014 | Step 00000 | Loss 0.2558 | Train Acc 0.9350 | Speed (samples/sec) 831.9558 | GPU 1838.6 MB | time 1.285 s
Part 20 | Epoch 00014 | Step 00000 | Loss 0.3451 | Train Acc 0.9110 | Speed (samples/sec) 831.9401 | GPU 1745.2 MB | time 1.285 s
Part 1 | Epoch 00014 | Step 00000 | Loss 0.1263 | Train Acc 0.9670 | Speed (samples/sec) 832.3548 | GPU 1737.5 MB | time 1.286 s
Part 31 | Epoch 00014 | Step 00000 | Loss 0.1865 | Train Acc 0.9540 | Speed (samples/sec) 831.8989 | GPU 1763.4 MB | time 1.285 s
Part 25 | Epoch 00014 | Step 00000 | Loss 0.1490 | Train Acc 0.9610 | Speed (samples/sec) 831.8846 | GPU 1762.2 MB | time 1.285 s
Part 16 | Epoch 00014 | Step 00000 | Loss 0.3239 | Train Acc 0.9220 | Speed (samples/sec) 831.9307 | GPU 1730.1 MB | time 1.285 sPart 17 | Epoch 00014 | Step 00000 | Loss 0.2560 | Train Acc 0.9310 | Speed (samples/sec) 832.3505 | GPU 1740.1 MB | time 1.285 sPart 21 | Epoch 00014 | Step 00000 | Loss 0.3072 | Train Acc 0.9180 | Speed (samples/sec) 832.3426 | GPU 1741.5 MB | time 1.285 s


Part 19 | Epoch 00014 | Step 00000 | Loss 0.3059 | Train Acc 0.9180 | Speed (samples/sec) 831.9145 | GPU 1750.1 MB | time 1.285 s
Part 26 | Epoch 00014 | Step 00000 | Loss 0.2049 | Train Acc 0.9510 | Speed (samples/sec) 832.3440 | GPU 1780.1 MB | time 1.285 s
Part 30 | Epoch 00014 | Step 00000 | Loss 0.2893 | Train Acc 0.9350 | Speed (samples/sec) 831.8866 | GPU 1767.3 MB | time 1.285 s
Part 18 | Epoch 00014 | Step 00000 | Loss 0.3236 | Train Acc 0.9260 | Speed (samples/sec) 831.9546 | GPU 1754.0 MB | time 1.285 s
Part 23 | Epoch 00014 | Step 00000 | Loss 0.3246 | Train Acc 0.9200 | Speed (samples/sec) 831.9729 | GPU 1741.6 MB | time 1.285 s
Part 27 | Epoch 00014 | Step 00000 | Loss 0.1931 | Train Acc 0.9500 | Speed (samples/sec) 831.9071 | GPU 1768.4 MB | time 1.285 s
Part 24 | Epoch 00014 | Step 00000 | Loss 0.1980 | Train Acc 0.9460 | Speed (samples/sec) 831.9375 | GPU 1767.7 MB | time 1.285 s
Part 28 | Epoch 00014 | Step 00000 | Loss 0.2593 | Train Acc 0.9370 | Speed (samples/sec) 831.8960 | GPU 1761.6 MB | time 1.285 s
Part 29 | Epoch 00014 | Step 00000 | Loss 0.1746 | Train Acc 0.9570 | Speed (samples/sec) 831.9525 | GPU 1758.9 MB | time 1.285 s
Part 22 | Epoch 00014 | Step 00000 | Loss 0.2774 | Train Acc 0.9320 | Speed (samples/sec) 831.9613 | GPU 1745.1 MB | time 1.285 s
=====================
Part 2, Epoch Time(s): 7.2984
Sampling Time(s): 0.2754
Loading Time(s): 2.3526
Forward Time(s): 1.8069
Backward Time(s): 0.2321
Update Time(s): 0.0039
Emb Update Time(s): 2.6218
#seeds: 6144
#inputs: 1918369
==========================================
Part 0, Epoch Time(s): 7.2984
Sampling Time(s): 0.2676
Loading Time(s): 2.2803
Forward Time(s): 1.8865
Backward Time(s): 0.2327
Update Time(s): 0.0041
Emb Update Time(s): 2.6213
#seeds: 6144
#inputs: 1925199
==========================================
Part 1, Epoch Time(s): 7.2984
Sampling Time(s): 0.2942
Loading Time(s): 2.7580
Forward Time(s): 1.3820
Backward Time(s): 0.2322
Update Time(s): 0.0104
Emb Update Time(s): 2.6157
#seeds: 6145
#inputs: 1923835
==========================================
Part 6, Epoch Time(s): 7.2993
Sampling Time(s): 0.2828
Loading Time(s): 2.2097
Forward Time(s): 1.9573
Backward Time(s): 0.2261
Update Time(s): 0.0041
Emb Update Time(s): 2.6122
#seeds: 6145
#inputs: 1927187
==========================================
Part 7, Epoch Time(s): 7.2985
Sampling Time(s): 0.3089
Loading Time(s): 2.1835
Forward Time(s): 1.9421
Backward Time(s): 0.2313
Update Time(s): 0.0041
Emb Update Time(s): 2.6230
#seeds: 6144
#inputs: 1932721
==========================================
Part 5, Epoch Time(s): 7.2984
Sampling Time(s): 0.2919
Loading Time(s): 2.5660
Forward Time(s): 1.5768
Backward Time(s): 0.2315
Update Time(s): 0.0043
Emb Update Time(s): 2.6224
#seeds: 6144
#inputs: 1929345
=====================




=====================
Part 3, Epoch Time(s): 7.2984
Sampling Time(s): 0.3059
Loading Time(s): 2.2041
Forward Time(s): 1.9245
Backward Time(s): 0.2319
Update Time(s): 0.0043
Emb Update Time(s): 2.6219
#seeds: 6144
#inputs: 1934230
=====================
=====================
Part 4, Epoch Time(s): 7.2985
Sampling Time(s): 0.2889
Loading Time(s): 3.0710
Forward Time(s): 1.0906
Backward Time(s): 0.2270
Update Time(s): 0.0043
Emb Update Time(s): 2.6111
#seeds: 6144
#inputs: 1939286
=====================

=====================
Part 21, Epoch Time(s): 7.2983
Sampling Time(s): 0.3057
Loading Time(s): 2.8446
Forward Time(s): 1.2835
Backward Time(s): 0.2313
Update Time(s): 0.0044
Emb Update Time(s): 2.6229
#seeds: 6145
#inputs: 1928396
==========================================
Part 19, Epoch Time(s): 7.2984
Sampling Time(s): 0.3392
Loading Time(s): 3.0449
Forward Time(s): 1.0499
Backward Time(s): 0.2319
Update Time(s): 0.0042
Emb Update Time(s): 2.6222
#seeds: 6144
#inputs: 1933577
=====================

=====================
Part 17, Epoch Time(s): 7.2985
Sampling Time(s): 0.2766
Loading Time(s): 2.3848
Forward Time(s): 1.7726
Backward Time(s): 0.2323
Update Time(s): 0.0042
Emb Update Time(s): 2.6218
#seeds: 6145
#inputs: 1942752
==========================================
Part 23, Epoch Time(s): 7.2984
Sampling Time(s): 0.3441
Loading Time(s): 2.6156
Forward Time(s): 1.4740
Backward Time(s): 0.2308
Update Time(s): 0.0051
Emb Update Time(s): 2.6224
#seeds: 6144
#inputs: 1927669
=====================

=====================
Part 16, Epoch Time(s): 7.2984
Sampling Time(s): 0.3313
Loading Time(s): 3.1716
Forward Time(s): 0.9313
Backward Time(s): 0.2324
Update Time(s): 0.0043
Emb Update Time(s): 2.6215
#seeds: 6144
#inputs: 1913847
==========================================
Part 18, Epoch Time(s): 7.2984
Sampling Time(s): 0.3043
Loading Time(s): 2.7594
Forward Time(s): 1.3694
Backward Time(s): 0.2321
Update Time(s): 0.0043
Emb Update Time(s): 2.6223
#seeds: 6144
#inputs: 1937230
=====================
=====================
Part 20, Epoch Time(s): 7.2985
Sampling Time(s): 0.3406
Loading Time(s): 2.3901
Forward Time(s): 1.7037
Backward Time(s): 0.2315
Update Time(s): 0.0043
Emb Update Time(s): 2.6224
#seeds: 6144
#inputs: 1947265
=====================
=====================
Part 22, Epoch Time(s): 7.2985
Sampling Time(s): 0.3023
Loading Time(s): 2.7218
Forward Time(s): 1.4242
Backward Time(s): 0.2257
Update Time(s): 0.0047
Emb Update Time(s): 2.6129
#seeds: 6144
#inputs: 1922772
=====================

=====================
Part 27, Epoch Time(s): 7.2985
Sampling Time(s): 0.3515
Loading Time(s): 3.1823
Forward Time(s): 0.8998
Backward Time(s): 0.2306
Update Time(s): 0.0043
Emb Update Time(s): 2.6235
#seeds: 6144
#inputs: 1969705
==========================================
Part 26, Epoch Time(s): 7.2985
Sampling Time(s): 0.4170
Loading Time(s): 3.3191
Forward Time(s): 0.7074
Backward Time(s): 0.2254
Update Time(s): 0.0059
Emb Update Time(s): 2.6173
#seeds: 6145
#inputs: 1975481
==========================================
Part 31, Epoch Time(s): 7.2985
Sampling Time(s): 0.2792
Loading Time(s): 3.0481
Forward Time(s): 1.1226
Backward Time(s): 0.2257
Update Time(s): 0.0048
Emb Update Time(s): 2.6125
#seeds: 6144
#inputs: 1963943
=====================


=====================
Part 25, Epoch Time(s): 7.2985
Sampling Time(s): 0.2724
Loading Time(s): 2.4011
Forward Time(s): 1.7612
Backward Time(s): 0.2311
Update Time(s): 0.0041
Emb Update Time(s): 2.6230
#seeds: 6144
#inputs: 1963490
==========================================
Part 28, Epoch Time(s): 7.2985
Sampling Time(s): 0.2920
Loading Time(s): 2.6623
Forward Time(s): 1.4793
Backward Time(s): 0.2300
Update Time(s): 0.0044
Emb Update Time(s): 2.6243
#seeds: 6144
#inputs: 1975287
=====================

=====================
Part 30, Epoch Time(s): 7.2985
Sampling Time(s): 0.3172
Loading Time(s): 3.0881
Forward Time(s): 1.0285
Backward Time(s): 0.2298
Update Time(s): 0.0042
Emb Update Time(s): 2.6246
#seeds: 6144
#inputs: 1982852
=====================
=====================
Part 29, Epoch Time(s): 7.2986
Sampling Time(s): 0.2980
Loading Time(s): 3.0612
Forward Time(s): 1.0747
Backward Time(s): 0.2298
Update Time(s): 0.0045
Emb Update Time(s): 2.6240
#seeds: 6144
#inputs: 1959772
=====================
=====================
Part 24, Epoch Time(s): 7.2985
Sampling Time(s): 0.2936
Loading Time(s): 3.0476
Forward Time(s): 1.0921
Backward Time(s): 0.2319
Update Time(s): 0.0049
Emb Update Time(s): 2.6219
#seeds: 6144
#inputs: 1961917
=====================
=====================
Part 8, Epoch Time(s): 7.2984
Sampling Time(s): 0.3384
Loading Time(s): 3.4129
Forward Time(s): 0.6970
Backward Time(s): 0.2288
Update Time(s): 0.0041
Emb Update Time(s): 2.6115
#seeds: 6144
#inputs: 2044466
==========================================
Part 12, Epoch Time(s): 7.2984
Sampling Time(s): 0.3496
Loading Time(s): 3.0282
Forward Time(s): 1.0568
Backward Time(s): 0.2305
Update Time(s): 0.0049
Emb Update Time(s): 2.6231
#seeds: 6144
#inputs: 2022958
==========================================
Part 13, Epoch Time(s): 7.2984
Sampling Time(s): 0.3231
Loading Time(s): 3.2236
Forward Time(s): 0.8879
Backward Time(s): 0.2303
Update Time(s): 0.0045
Emb Update Time(s): 2.6237
#seeds: 6144
#inputs: 2047625
=====================


=====================
Part 10, Epoch Time(s): 7.2993
Sampling Time(s): 0.3241
Loading Time(s): 2.8087
Forward Time(s): 1.3009
Backward Time(s): 0.2307
Update Time(s): 0.0051
Emb Update Time(s): 2.6228
#seeds: 6145
#inputs: 2037228
=====================
=====================
Part 15, Epoch Time(s): 7.2986
Sampling Time(s): 0.3263
Loading Time(s): 3.4264
Forward Time(s): 0.7173
Backward Time(s): 0.2212
Update Time(s): 0.0042
Emb Update Time(s): 2.5977
#seeds: 6144
#inputs: 2040331
==========================================
Part 9, Epoch Time(s): 7.2988
Sampling Time(s): 0.3087
Loading Time(s): 2.7162
Forward Time(s): 1.4088
Backward Time(s): 0.2315
Update Time(s): 0.0045
Emb Update Time(s): 2.6229
#seeds: 6144
#inputs: 2033236
=====================
=====================
Part 11, Epoch Time(s): 7.2988
Sampling Time(s): 0.3170
Loading Time(s): 2.9086
Forward Time(s): 1.2084
Backward Time(s): 0.2305
Update Time(s): 0.0046
Emb Update Time(s): 2.6235
#seeds: 6144
#inputs: 2043959
=====================
=====================
Part 14, Epoch Time(s): 7.2988
Sampling Time(s): 0.3164
Loading Time(s): 2.8479
Forward Time(s): 1.2718
Backward Time(s): 0.2272
Update Time(s): 0.0049
Emb Update Time(s): 2.6246
#seeds: 6145
#inputs: 2033271
=====================

Part 6 | Epoch 00015 | Step 00000 | Loss 0.1364 | Train Acc 0.9620 | Speed (samples/sec) 830.1527 | GPU 1745.9 MB | time 1.302 s
Part 1 | Epoch 00015 | Step 00000 | Loss 0.1128 | Train Acc 0.9750 | Speed (samples/sec) 830.1596 | GPU 1743.1 MB | time 1.302 s
Part 4 | Epoch 00015 | Step 00000 | Loss 0.1113 | Train Acc 0.9700 | Speed (samples/sec) 829.7151 | GPU 1756.0 MB | time 1.302 s
Part 5 | Epoch 00015 | Step 00000 | Loss 0.1114 | Train Acc 0.9710 | Speed (samples/sec) 829.7034 | GPU 1751.3 MB | time 1.302 s
Part 2 | Epoch 00015 | Step 00000 | Loss 0.1253 | Train Acc 0.9680 | Speed (samples/sec) 829.7259 | GPU 1740.5 MB | time 1.302 sPart 7 | Epoch 00015 | Step 00000 | Loss 0.1495 | Train Acc 0.9640 | Speed (samples/sec) 829.7195 | GPU 1745.7 MB | time 1.302 s

Part 0 | Epoch 00015 | Step 00000 | Loss 0.1099 | Train Acc 0.9740 | Speed (samples/sec) 829.7257 | GPU 1736.1 MB | time 1.302 s
Part 3 | Epoch 00015 | Step 00000 | Loss 0.1110 | Train Acc 0.9710 | Speed (samples/sec) 829.7125 | GPU 1765.7 MB | time 1.302 s
Part 12 | Epoch 00015 | Step 00000 | Loss 0.2378 | Train Acc 0.9380 | Speed (samples/sec) 829.7291 | GPU 1815.3 MB | time 1.302 sPart 15 | Epoch 00015 | Step 00000 | Loss 0.2507 | Train Acc 0.9320 | Speed (samples/sec) 829.7216 | GPU 1830.2 MB | time 1.302 sPart 8 | Epoch 00015 | Step 00000 | Loss 0.2538 | Train Acc 0.9320 | Speed (samples/sec) 829.7239 | GPU 1836.7 MB | time 1.302 s


Part 13 | Epoch 00015 | Step 00000 | Loss 0.2528 | Train Acc 0.9350 | Speed (samples/sec) 829.7130 | GPU 1849.3 MB | time 1.302 s
Part 21 | Epoch 00015 | Step 00000 | Loss 0.2412 | Train Acc 0.9370 | Speed (samples/sec) 830.1466 | GPU 1741.5 MB | time 1.302 sPart 19 | Epoch 00015 | Step 00000 | Loss 0.2893 | Train Acc 0.9260 | Speed (samples/sec) 829.7267 | GPU 1750.1 MB | time 1.302 s

Part 20 | Epoch 00015 | Step 00000 | Loss 0.2615 | Train Acc 0.9340 | Speed (samples/sec) 829.7478 | GPU 1745.2 MB | time 1.302 s
Part 17 | Epoch 00015 | Step 00000 | Loss 0.2771 | Train Acc 0.9190 | Speed (samples/sec) 830.1535 | GPU 1740.1 MB | time 1.302 s
Part 25 | Epoch 00015 | Step 00000 | Loss 0.2316 | Train Acc 0.9530 | Speed (samples/sec) 829.6947 | GPU 1762.2 MB | time 1.302 s
Part 23 | Epoch 00015 | Step 00000 | Loss 0.2758 | Train Acc 0.9270 | Speed (samples/sec) 829.7826 | GPU 1741.6 MB | time 1.302 sPart 18 | Epoch 00015 | Step 00000 | Loss 0.3062 | Train Acc 0.9190 | Speed (samples/sec) 829.7669 | GPU 1754.0 MB | time 1.302 sPart 16 | Epoch 00015 | Step 00000 | Loss 0.3700 | Train Acc 0.9200 | Speed (samples/sec) 829.7415 | GPU 1730.1 MB | time 1.302 s


Part 22 | Epoch 00015 | Step 00000 | Loss 0.3065 | Train Acc 0.9220 | Speed (samples/sec) 829.7761 | GPU 1745.1 MB | time 1.302 s
Part 14 | Epoch 00015 | Step 00000 | Loss 0.2597 | Train Acc 0.9310 | Speed (samples/sec) 830.1678 | GPU 1824.7 MB | time 1.302 s
Part 9 | Epoch 00015 | Step 00000 | Loss 0.2778 | Train Acc 0.9300 | Speed (samples/sec) 829.7371 | GPU 1834.3 MB | time 1.302 s
Part 10 | Epoch 00015 | Step 00000 | Loss 0.2794 | Train Acc 0.9310 | Speed (samples/sec) 830.1770 | GPU 1830.1 MB | time 1.302 s
Part 30 | Epoch 00015 | Step 00000 | Loss 0.2191 | Train Acc 0.9440 | Speed (samples/sec) 829.6990 | GPU 1767.3 MB | time 1.302 s
Part 28 | Epoch 00015 | Step 00000 | Loss 0.1578 | Train Acc 0.9620 | Speed (samples/sec) 829.7095 | GPU 1761.6 MB | time 1.302 s
Part 24 | Epoch 00015 | Step 00000 | Loss 0.1894 | Train Acc 0.9420 | Speed (samples/sec) 829.7503 | GPU 1767.7 MB | time 1.302 s
Part 27 | Epoch 00015 | Step 00000 | Loss 0.2199 | Train Acc 0.9400 | Speed (samples/sec) 829.7197 | GPU 1768.4 MB | time 1.302 s
Part 31 | Epoch 00015 | Step 00000 | Loss 0.2133 | Train Acc 0.9440 | Speed (samples/sec) 829.7066 | GPU 1763.4 MB | time 1.302 sPart 29 | Epoch 00015 | Step 00000 | Loss 0.1569 | Train Acc 0.9670 | Speed (samples/sec) 829.7624 | GPU 1758.9 MB | time 1.302 s

Part 26 | Epoch 00015 | Step 00000 | Loss 0.2248 | Train Acc 0.9460 | Speed (samples/sec) 830.1492 | GPU 1780.1 MB | time 1.302 s
Part 11 | Epoch 00015 | Step 00000 | Loss 0.2631 | Train Acc 0.9290 | Speed (samples/sec) 829.7624 | GPU 1838.6 MB | time 1.302 s
=====================
Part 2, Epoch Time(s): 6.9250
Sampling Time(s): 0.2935
Loading Time(s): 2.3348
Forward Time(s): 1.6963
Backward Time(s): 0.2305
Update Time(s): 0.0040
Emb Update Time(s): 2.3601
#seeds: 6144
#inputs: 1922109
==========================================
Part 5, Epoch Time(s): 6.9250
Sampling Time(s): 0.2781
Loading Time(s): 2.1828
Forward Time(s): 1.8638
Backward Time(s): 0.2299
Update Time(s): 0.0044
Emb Update Time(s): 2.3599
#seeds: 6144
#inputs: 1933584
==========================================
Part 6, Epoch Time(s): 6.9250
Sampling Time(s): 0.2700
Loading Time(s): 1.9850
Forward Time(s): 2.0699
Backward Time(s): 0.2297
Update Time(s): 0.0044
Emb Update Time(s): 2.3602
#seeds: 6145
#inputs: 1928373
==========================================
Part 4, Epoch Time(s): 6.9250
Sampling Time(s): 0.2835
Loading Time(s): 2.6931
Forward Time(s): 1.3481
Backward Time(s): 0.2302
Update Time(s): 0.0043
Emb Update Time(s): 2.3599
#seeds: 6144
#inputs: 1939874
=====================
=====================
Part 7, Epoch Time(s): 6.9250
Sampling Time(s): 0.2905
Loading Time(s): 2.4691
Forward Time(s): 1.5651
Backward Time(s): 0.2294
Update Time(s): 0.0043
Emb Update Time(s): 2.3607
#seeds: 6144
#inputs: 1926995
==========================================
Part 3, Epoch Time(s): 6.9250
Sampling Time(s): 0.2906
Loading Time(s): 2.6183
Forward Time(s): 1.4156
Backward Time(s): 0.2304
Update Time(s): 0.0041
Emb Update Time(s): 2.3601
#seeds: 6144
#inputs: 1935071
=====================
=====================
Part 1, Epoch Time(s): 6.9250
Sampling Time(s): 0.3079
Loading Time(s): 2.4770
Forward Time(s): 1.5395
Backward Time(s): 0.2310
Update Time(s): 0.0047
Emb Update Time(s): 2.3590
#seeds: 6145
#inputs: 1915472
==========================================
Part 0, Epoch Time(s): 6.9251
Sampling Time(s): 0.2826
Loading Time(s): 2.6136
Forward Time(s): 1.4325
Backward Time(s): 0.2274
Update Time(s): 0.0043
Emb Update Time(s): 2.3587
#seeds: 6144
#inputs: 1923441
=====================





=====================
Part 17, Epoch Time(s): 6.9250
Sampling Time(s): 0.2873
Loading Time(s): 2.8129
Forward Time(s): 1.2235
Backward Time(s): 0.2309
Update Time(s): 0.0041
Emb Update Time(s): 2.3601
#seeds: 6145
#inputs: 1940354
==========================================
Part 20, Epoch Time(s): 6.9249
Sampling Time(s): 0.3550
Loading Time(s): 2.9836
Forward Time(s): 0.9850
Backward Time(s): 0.2296
Update Time(s): 0.0042
Emb Update Time(s): 2.3613
#seeds: 6144
#inputs: 1942135
=====================
=====================
Part 16, Epoch Time(s): 6.9250
Sampling Time(s): 0.3357
Loading Time(s): 2.8420
Forward Time(s): 1.1460
Backward Time(s): 0.2313
Update Time(s): 0.0045
Emb Update Time(s): 2.3592
#seeds: 6144
#inputs: 1914591
=====================

=====================
Part 21, Epoch Time(s): 6.9251
Sampling Time(s): 0.3195
Loading Time(s): 2.4693
Forward Time(s): 1.5355
Backward Time(s): 0.2295
Update Time(s): 0.0045
Emb Update Time(s): 2.3610
#seeds: 6145
#inputs: 1933614
==========================================
Part 19, Epoch Time(s): 6.9250
Sampling Time(s): 0.3611
Loading Time(s): 2.9549
Forward Time(s): 1.0081
Backward Time(s): 0.2304
Update Time(s): 0.0041
Emb Update Time(s): 2.3605
#seeds: 6144
#inputs: 1937673
=====================

=====================
Part 18, Epoch Time(s): 6.9251
Sampling Time(s): 0.3338
Loading Time(s): 3.0886
Forward Time(s): 0.9168
Backward Time(s): 0.2258
Update Time(s): 0.0044
Emb Update Time(s): 2.3493
#seeds: 6144
#inputs: 1937595
==========================================
Part 23, Epoch Time(s): 6.9251
Sampling Time(s): 0.2887
Loading Time(s): 2.9540
Forward Time(s): 1.0811
Backward Time(s): 0.2294
Update Time(s): 0.0048
Emb Update Time(s): 2.3608
#seeds: 6144
#inputs: 1930129
==========================================
Part 22, Epoch Time(s): 6.9250
Sampling Time(s): 0.3083
Loading Time(s): 3.0904
Forward Time(s): 0.9246
Backward Time(s): 0.2295
Update Time(s): 0.0048
Emb Update Time(s): 2.3609
#seeds: 6144
#inputs: 1929686
=====================


=====================
Part 25, Epoch Time(s): 6.9250
Sampling Time(s): 0.3406
Loading Time(s): 3.1906
Forward Time(s): 0.7923
Backward Time(s): 0.2294
Update Time(s): 0.0045
Emb Update Time(s): 2.3614
#seeds: 6144
#inputs: 1962031
==========================================
Part 28, Epoch Time(s): 6.9250
Sampling Time(s): 0.3050
Loading Time(s): 2.7376
Forward Time(s): 1.2955
Backward Time(s): 0.2248
Update Time(s): 0.0048
Emb Update Time(s): 2.3505
#seeds: 6144
#inputs: 1978116
=====================
=====================
Part 30, Epoch Time(s): 6.9250
Sampling Time(s): 0.3483
Loading Time(s): 2.5464
Forward Time(s): 1.4290
Backward Time(s): 0.2283
Update Time(s): 0.0046
Emb Update Time(s): 2.3620
#seeds: 6144
#inputs: 1981204
=====================
=====================
Part 26, Epoch Time(s): 6.9250
Sampling Time(s): 0.3154
Loading Time(s): 2.9574
Forward Time(s): 1.0499
Backward Time(s): 0.2292
Update Time(s): 0.0052
Emb Update Time(s): 2.3610
#seeds: 6145
#inputs: 1975636
==========================================
Part 24, Epoch Time(s): 6.9250
Sampling Time(s): 0.2911
Loading Time(s): 3.1120
Forward Time(s): 0.9502
Backward Time(s): 0.2217
Update Time(s): 0.0051
Emb Update Time(s): 2.3383
#seeds: 6144
#inputs: 1964207
==========================================
Part 31, Epoch Time(s): 6.9250
Sampling Time(s): 0.2855
Loading Time(s): 2.9769
Forward Time(s): 1.0604
Backward Time(s): 0.2282
Update Time(s): 0.0048
Emb Update Time(s): 2.3624
#seeds: 6144
#inputs: 1961671
=====================

=====================
Part 29, Epoch Time(s): 6.9250
Sampling Time(s): 0.3207
Loading Time(s): 3.0299
Forward Time(s): 0.9723
Backward Time(s): 0.2285
Update Time(s): 0.0048
Emb Update Time(s): 2.3620
#seeds: 6144
#inputs: 1956693
=====================

=====================
Part 27, Epoch Time(s): 6.9255
Sampling Time(s): 0.3258
Loading Time(s): 3.4128
Forward Time(s): 0.5842
Backward Time(s): 0.2291
Update Time(s): 0.0049
Emb Update Time(s): 2.3615
#seeds: 6144
#inputs: 1972207
=====================

=====================
Part 13, Epoch Time(s): 6.9250
Sampling Time(s): 0.2751
Loading Time(s): 2.8398
Forward Time(s): 1.2095
Backward Time(s): 0.2282
Update Time(s): 0.0045
Emb Update Time(s): 2.3624
#seeds: 6144
#inputs: 2046764
==========================================
Part 11, Epoch Time(s): 6.9249
Sampling Time(s): 0.3486
Loading Time(s): 3.0985
Forward Time(s): 0.8904
Backward Time(s): 0.2242
Update Time(s): 0.0044
Emb Update Time(s): 2.3518
#seeds: 6144
#inputs: 2039927
==========================================
Part 9, Epoch Time(s): 6.9250
Sampling Time(s): 0.3051
Loading Time(s): 2.7085
Forward Time(s): 1.3245
Backward Time(s): 0.2253
Update Time(s): 0.0044
Emb Update Time(s): 2.3505
#seeds: 6144
#inputs: 2033896
==========================================
Part 15, Epoch Time(s): 6.9250
Sampling Time(s): 0.2886
Loading Time(s): 3.0223
Forward Time(s): 1.0135
Backward Time(s): 0.2281
Update Time(s): 0.0044
Emb Update Time(s): 2.3625
#seeds: 6144
#inputs: 2053845
==========================================
Part 14, Epoch Time(s): 6.9249
Sampling Time(s): 0.3110
Loading Time(s): 2.9244
Forward Time(s): 1.0870
Backward Time(s): 0.2279
Update Time(s): 0.0044
Emb Update Time(s): 2.3637
#seeds: 6145
#inputs: 2039918
==========================================
Part 10, Epoch Time(s): 6.9250
Sampling Time(s): 0.3458
Loading Time(s): 2.9065
Forward Time(s): 1.0713
Backward Time(s): 0.2286
Update Time(s): 0.0044
Emb Update Time(s): 2.3623
#seeds: 6145
#inputs: 2037139
=====================

=====================
Part 12, Epoch Time(s): 6.9250
Sampling Time(s): 0.3478
Loading Time(s): 3.1446
Forward Time(s): 0.8325
Backward Time(s): 0.2275
Update Time(s): 0.0044
Emb Update Time(s): 2.3625
#seeds: 6144
#inputs: 2023980
==========================================
Part 8, Epoch Time(s): 6.9251
Sampling Time(s): 0.4149
Loading Time(s): 2.9660
Forward Time(s): 0.9431
Backward Time(s): 0.2289
Update Time(s): 0.0043
Emb Update Time(s): 2.3623
#seeds: 6144
#inputs: 2045884
=====================





Part 8 | Epoch 00016 | Step 00000 | Loss 0.2177 | Train Acc 0.9390 | Speed (samples/sec) 830.6060 | GPU 1836.7 MB | time 1.402 sPart 15 | Epoch 00016 | Step 00000 | Loss 0.2246 | Train Acc 0.9370 | Speed (samples/sec) 830.6048 | GPU 1830.2 MB | time 1.403 sPart 12 | Epoch 00016 | Step 00000 | Loss 0.2363 | Train Acc 0.9400 | Speed (samples/sec) 830.6128 | GPU 1815.3 MB | time 1.403 s


Part 14 | Epoch 00016 | Step 00000 | Loss 0.2538 | Train Acc 0.9320 | Speed (samples/sec) 831.0509 | GPU 1824.7 MB | time 1.403 s
Part 13 | Epoch 00016 | Step 00000 | Loss 0.2831 | Train Acc 0.9250 | Speed (samples/sec) 830.5965 | GPU 1849.3 MB | time 1.403 s
Part 2 | Epoch 00016 | Step 00000 | Loss 0.1435 | Train Acc 0.9610 | Speed (samples/sec) 830.6118 | GPU 1740.5 MB | time 1.403 sPart 6 | Epoch 00016 | Step 00000 | Loss 0.1223 | Train Acc 0.9660 | Speed (samples/sec) 831.0312 | GPU 1745.9 MB | time 1.403 sPart 7 | Epoch 00016 | Step 00000 | Loss 0.1189 | Train Acc 0.9710 | Speed (samples/sec) 830.6067 | GPU 1745.7 MB | time 1.403 s


Part 3 | Epoch 00016 | Step 00000 | Loss 0.1176 | Train Acc 0.9660 | Speed (samples/sec) 830.6000 | GPU 1765.7 MB | time 1.403 s
Part 9 | Epoch 00016 | Step 00000 | Loss 0.2245 | Train Acc 0.9390 | Speed (samples/sec) 830.6294 | GPU 1834.3 MB | time 1.403 s
Part 29 | Epoch 00016 | Step 00000 | Loss 0.1486 | Train Acc 0.9610 | Speed (samples/sec) 830.6529 | GPU 1758.9 MB | time 1.403 s
Part 24 | Epoch 00016 | Step 00000 | Loss 0.1836 | Train Acc 0.9540 | Speed (samples/sec) 830.6388 | GPU 1767.7 MB | time 1.403 s
Part 26 | Epoch 00016 | Step 00000 | Loss 0.1584 | Train Acc 0.9560 | Speed (samples/sec) 831.0364 | GPU 1780.1 MB | time 1.403 s
Part 31 | Epoch 00016 | Step 00000 | Loss 0.1617 | Train Acc 0.9550 | Speed (samples/sec) 830.5988 | GPU 1763.4 MB | time 1.403 sPart 30 | Epoch 00016 | Step 00000 | Loss 0.1577 | Train Acc 0.9490 | Speed (samples/sec) 830.5894 | GPU 1767.3 MB | time 1.403 s
Part 10 | Epoch 00016 | Step 00000 | Loss 0.2221 | Train Acc 0.9380 | Speed (samples/sec) 831.0582 | GPU 1830.1 MB | time 1.403 s

Part 5 | Epoch 00016 | Step 00000 | Loss 0.1172 | Train Acc 0.9690 | Speed (samples/sec) 830.5908 | GPU 1751.3 MB | time 1.403 s
Part 11 | Epoch 00016 | Step 00000 | Loss 0.2296 | Train Acc 0.9340 | Speed (samples/sec) 830.6564 | GPU 1838.6 MB | time 1.403 s
Part 16 | Epoch 00016 | Step 00000 | Loss 0.2811 | Train Acc 0.9310 | Speed (samples/sec) 830.6301 | GPU 1730.1 MB | time 1.403 s
Part 25 | Epoch 00016 | Step 00000 | Loss 0.1907 | Train Acc 0.9450 | Speed (samples/sec) 830.5842 | GPU 1762.2 MB | time 1.403 s
Part 28 | Epoch 00016 | Step 00000 | Loss 0.1786 | Train Acc 0.9550 | Speed (samples/sec) 830.6006 | GPU 1772.5 MB | time 1.403 s
Part 27 | Epoch 00016 | Step 00000 | Loss 0.1753 | Train Acc 0.9550 | Speed (samples/sec) 830.6102 | GPU 1768.4 MB | time 1.403 s
Part 21 | Epoch 00016 | Step 00000 | Loss 0.2375 | Train Acc 0.9400 | Speed (samples/sec) 831.0254 | GPU 1741.5 MB | time 1.403 s
Part 20 | Epoch 00016 | Step 00000 | Loss 0.2466 | Train Acc 0.9390 | Speed (samples/sec) 830.6351 | GPU 1746.3 MB | time 1.403 s
Part 17 | Epoch 00016 | Step 00000 | Loss 0.2463 | Train Acc 0.9260 | Speed (samples/sec) 831.0357 | GPU 1740.1 MB | time 1.403 s
Part 18 | Epoch 00016 | Step 00000 | Loss 0.3112 | Train Acc 0.9260 | Speed (samples/sec) 830.6525 | GPU 1754.0 MB | time 1.403 s
Part 19 | Epoch 00016 | Step 00000 | Loss 0.2854 | Train Acc 0.9280 | Speed (samples/sec) 830.6111 | GPU 1750.1 MB | time 1.403 s
Part 1 | Epoch 00016 | Step 00000 | Loss 0.1263 | Train Acc 0.9740 | Speed (samples/sec) 831.0375 | GPU 1743.1 MB | time 1.403 s
Part 4 | Epoch 00016 | Step 00000 | Loss 0.1069 | Train Acc 0.9690 | Speed (samples/sec) 830.5995 | GPU 1756.0 MB | time 1.403 s
Part 23 | Epoch 00016 | Step 00000 | Loss 0.1915 | Train Acc 0.9530 | Speed (samples/sec) 830.6676 | GPU 1741.6 MB | time 1.403 sPart 22 | Epoch 00016 | Step 00000 | Loss 0.2606 | Train Acc 0.9250 | Speed (samples/sec) 830.6648 | GPU 1745.1 MB | time 1.403 s

Part 0 | Epoch 00016 | Step 00000 | Loss 0.1132 | Train Acc 0.9750 | Speed (samples/sec) 830.6097 | GPU 1736.1 MB | time 1.403 s
=====================
Part 2, Epoch Time(s): 7.2163
Sampling Time(s): 0.4482
Loading Time(s): 2.3118
Forward Time(s): 1.8302
Backward Time(s): 0.2307
Update Time(s): 0.0041
Emb Update Time(s): 2.3860
#seeds: 6144
#inputs: 1924810
==========================================
Part 7, Epoch Time(s): 7.2163
Sampling Time(s): 0.4814
Loading Time(s): 2.0161
Forward Time(s): 2.0928
Backward Time(s): 0.2294
Update Time(s): 0.0042
Emb Update Time(s): 2.3871
#seeds: 6144
#inputs: 1939192
==========================================
Part 5, Epoch Time(s): 7.2163
Sampling Time(s): 0.4459
Loading Time(s): 2.1820
Forward Time(s): 1.9621
Backward Time(s): 0.2296
Update Time(s): 0.0041
Emb Update Time(s): 2.3869
#seeds: 6144
#inputs: 1929215
==========================================
Part 1, Epoch Time(s): 7.2163
Sampling Time(s): 0.3702
Loading Time(s): 2.2593
Forward Time(s): 1.9603
Backward Time(s): 0.2311
Update Time(s): 0.0042
Emb Update Time(s): 2.3855
#seeds: 6145
#inputs: 1915767
=====================
=====================
Part 0, Epoch Time(s): 7.2164
Sampling Time(s): 0.3628
Loading Time(s): 2.2404
Forward Time(s): 1.9857
Backward Time(s): 0.2314
Update Time(s): 0.0050
Emb Update Time(s): 2.3852
#seeds: 6144
#inputs: 1928181
=====================

=====================
Part 4, Epoch Time(s): 7.2163
Sampling Time(s): 0.3803
Loading Time(s): 2.5758
Forward Time(s): 1.6334
Backward Time(s): 0.2301
Update Time(s): 0.0044
Emb Update Time(s): 2.3866
#seeds: 6144
#inputs: 1938518
=====================
=====================
Part 3, Epoch Time(s): 7.2165
Sampling Time(s): 0.3657
Loading Time(s): 2.6377
Forward Time(s): 1.5869
Backward Time(s): 0.2305
Update Time(s): 0.0044
Emb Update Time(s): 2.3858
#seeds: 6144
#inputs: 1934597
=====================
=====================
Part 6, Epoch Time(s): 7.2163
Sampling Time(s): 0.4419
Loading Time(s): 2.4170
Forward Time(s): 1.7311
Backward Time(s): 0.2294
Update Time(s): 0.0048
Emb Update Time(s): 2.3865
#seeds: 6145
#inputs: 1935463
=====================


=====================
Part 16, Epoch Time(s): 7.2164
Sampling Time(s): 0.4006
Loading Time(s): 2.6485
Forward Time(s): 1.5402
Backward Time(s): 0.2305
Update Time(s): 0.0043
Emb Update Time(s): 2.3867
#seeds: 6144
#inputs: 1913083
=====================
=====================
Part 20, Epoch Time(s): 7.2165
Sampling Time(s): 0.5171
Loading Time(s): 2.4158
Forward Time(s): 1.6564
Backward Time(s): 0.2298
Update Time(s): 0.0046
Emb Update Time(s): 2.3870
#seeds: 6144
#inputs: 1939902
==========================================
Part 19, Epoch Time(s): 7.2165
Sampling Time(s): 0.5065
Loading Time(s): 2.9609
Forward Time(s): 1.1375
Backward Time(s): 0.2194
Update Time(s): 0.0044
Emb Update Time(s): 2.3819
#seeds: 6144
#inputs: 1929053
==========================================
Part 23, Epoch Time(s): 7.2164
Sampling Time(s): 0.4169
Loading Time(s): 2.8405
Forward Time(s): 1.3313
Backward Time(s): 0.2297
Update Time(s): 0.0053
Emb Update Time(s): 2.3864
#seeds: 6144
#inputs: 1926985
=====================
=====================
Part 21, Epoch Time(s): 7.2165
Sampling Time(s): 0.5022
Loading Time(s): 2.8615
Forward Time(s): 1.2409
Backward Time(s): 0.2250
Update Time(s): 0.0046
Emb Update Time(s): 2.3766
#seeds: 6145
#inputs: 1930164
=====================


=====================
Part 17, Epoch Time(s): 7.2165
Sampling Time(s): 0.4878
Loading Time(s): 2.8953
Forward Time(s): 1.2013
Backward Time(s): 0.2283
Update Time(s): 0.0043
Emb Update Time(s): 2.3933
#seeds: 6145
#inputs: 1937182
==========================================
Part 18, Epoch Time(s): 7.2166
Sampling Time(s): 0.3868
Loading Time(s): 2.8775
Forward Time(s): 1.3244
Backward Time(s): 0.2302
Update Time(s): 0.0045
Emb Update Time(s): 2.3872
#seeds: 6144
#inputs: 1938552
=====================

=====================
Part 22, Epoch Time(s): 7.2165
Sampling Time(s): 0.4201
Loading Time(s): 2.9801
Forward Time(s): 1.1872
Backward Time(s): 0.2298
Update Time(s): 0.0051
Emb Update Time(s): 2.3873
#seeds: 6144
#inputs: 1926789
=====================
=====================
Part 8, Epoch Time(s): 7.2161
Sampling Time(s): 0.4138
Loading Time(s): 3.0041
Forward Time(s): 1.1717
Backward Time(s): 0.2290
Update Time(s): 0.0040
Emb Update Time(s): 2.3886
#seeds: 6144
#inputs: 2044995
==========================================
Part 13, Epoch Time(s): 7.2161
Sampling Time(s): 0.3878
Loading Time(s): 2.7836
Forward Time(s): 1.4201
Backward Time(s): 0.2256
Update Time(s): 0.0043
Emb Update Time(s): 2.3896
#seeds: 6144
#inputs: 2049892
==========================================
Part 9, Epoch Time(s): 7.2162
Sampling Time(s): 0.4632
Loading Time(s): 2.7721
Forward Time(s): 1.3529
Backward Time(s): 0.2287
Update Time(s): 0.0045
Emb Update Time(s): 2.3893
#seeds: 6144
#inputs: 2028942
==========================================
Part 11, Epoch Time(s): 7.2162
Sampling Time(s): 0.5322
Loading Time(s): 3.1278
Forward Time(s): 0.9280
Backward Time(s): 0.2284
Update Time(s): 0.0048
Emb Update Time(s): 2.3891
#seeds: 6144
#inputs: 2043779
=====================



=====================
Part 14, Epoch Time(s): 7.2162
Sampling Time(s): 0.3885
Loading Time(s): 3.0520
Forward Time(s): 1.1637
Backward Time(s): 0.2247
Update Time(s): 0.0044
Emb Update Time(s): 2.3778
#seeds: 6145
#inputs: 2044379
==========================================
Part 15, Epoch Time(s): 7.2162
Sampling Time(s): 0.3968
Loading Time(s): 2.7953
Forward Time(s): 1.3976
Backward Time(s): 0.2282
Update Time(s): 0.0046
Emb Update Time(s): 2.3888
#seeds: 6144
#inputs: 2042981
=====================
=====================
Part 12, Epoch Time(s): 7.2161
Sampling Time(s): 0.4109
Loading Time(s): 2.7266
Forward Time(s): 1.4521
Backward Time(s): 0.2284
Update Time(s): 0.0044
Emb Update Time(s): 2.3888
#seeds: 6144
#inputs: 2024223
=====================
=====================
Part 10, Epoch Time(s): 7.2162
Sampling Time(s): 0.4292
Loading Time(s): 2.9638
Forward Time(s): 1.1992
Backward Time(s): 0.2254
Update Time(s): 0.0058
Emb Update Time(s): 2.3876
#seeds: 6145
#inputs: 2034259
=====================

=====================
Part 30, Epoch Time(s): 7.2163
Sampling Time(s): 0.4582
Loading Time(s): 2.4595
Forward Time(s): 1.6719
Backward Time(s): 0.2291
Update Time(s): 0.0042
Emb Update Time(s): 2.3884
#seeds: 6144
#inputs: 1982549
==========================================
Part 27, Epoch Time(s): 7.2162
Sampling Time(s): 0.4495
Loading Time(s): 3.1141
Forward Time(s): 1.0252
Backward Time(s): 0.2296
Update Time(s): 0.0045
Emb Update Time(s): 2.3883
#seeds: 6144
#inputs: 1970409
==========================================
Part 25, Epoch Time(s): 7.2163
Sampling Time(s): 0.4252
Loading Time(s): 3.2328
Forward Time(s): 0.9313
Backward Time(s): 0.2301
Update Time(s): 0.0042
Emb Update Time(s): 2.3878
#seeds: 6144
#inputs: 1964430
==========================================
Part 28, Epoch Time(s): 7.2163
Sampling Time(s): 0.5498
Loading Time(s): 3.3325
Forward Time(s): 0.7217
Backward Time(s): 0.2258
Update Time(s): 0.0042
Emb Update Time(s): 2.3772
#seeds: 6144
#inputs: 1980987
=====================



=====================
Part 26, Epoch Time(s): 7.2163
Sampling Time(s): 0.4633
Loading Time(s): 3.0283
Forward Time(s): 1.1131
Backward Time(s): 0.2261
Update Time(s): 0.0047
Emb Update Time(s): 2.3757
#seeds: 6145
#inputs: 1974422
==========================================
Part 31, Epoch Time(s): 7.2163
Sampling Time(s): 0.4081
Loading Time(s): 2.7566
Forward Time(s): 1.4248
Backward Time(s): 0.2290
Update Time(s): 0.0050
Emb Update Time(s): 2.3878
#seeds: 6144
#inputs: 1960922
=====================
=====================
Part 29, Epoch Time(s): 7.2163
Sampling Time(s): 0.4076
Loading Time(s): 3.1988
Forward Time(s): 0.9832
Backward Time(s): 0.2293
Update Time(s): 0.0044
Emb Update Time(s): 2.3878
#seeds: 6144
#inputs: 1961689
=====================
=====================
Part 24, Epoch Time(s): 7.2163
Sampling Time(s): 0.4935
Loading Time(s): 3.3236
Forward Time(s): 0.8015
Backward Time(s): 0.2225
Update Time(s): 0.0066
Emb Update Time(s): 2.3628
#seeds: 6144
#inputs: 1965170
=====================

Part 17 | Epoch 00017 | Step 00000 | Loss 0.2019 | Train Acc 0.9390 | Speed (samples/sec) 831.3554 | GPU 1757.9 MB | time 1.313 sPart 19 | Epoch 00017 | Step 00000 | Loss 0.2327 | Train Acc 0.9450 | Speed (samples/sec) 830.9215 | GPU 1750.1 MB | time 1.313 s

Part 20 | Epoch 00017 | Step 00000 | Loss 0.2245 | Train Acc 0.9380 | Speed (samples/sec) 830.9436 | GPU 1746.3 MB | time 1.313 s
Part 23 | Epoch 00017 | Step 00000 | Loss 0.2336 | Train Acc 0.9420 | Speed (samples/sec) 830.9767 | GPU 1741.6 MB | time 1.313 s
Part 16 | Epoch 00017 | Step 00000 | Loss 0.2020 | Train Acc 0.9500 | Speed (samples/sec) 830.9362 | GPU 1730.1 MB | time 1.313 s
Part 21 | Epoch 00017 | Step 00000 | Loss 0.2175 | Train Acc 0.9410 | Speed (samples/sec) 831.3407 | GPU 1741.5 MB | time 1.313 s
Part 8 | Epoch 00017 | Step 00000 | Loss 0.1965 | Train Acc 0.9560 | Speed (samples/sec) 830.9092 | GPU 1836.7 MB | time 1.313 s
Part 9 | Epoch 00017 | Step 00000 | Loss 0.2324 | Train Acc 0.9490 | Speed (samples/sec) 830.9388 | GPU 1834.3 MB | time 1.313 s
Part 15 | Epoch 00017 | Step 00000 | Loss 0.2067 | Train Acc 0.9480 | Speed (samples/sec) 830.9085 | GPU 1834.4 MB | time 1.313 s
Part 14 | Epoch 00017 | Step 00000 | Loss 0.1902 | Train Acc 0.9470 | Speed (samples/sec) 831.3630 | GPU 1834.1 MB | time 1.313 s
Part 13 | Epoch 00017 | Step 00000 | Loss 0.2171 | Train Acc 0.9440 | Speed (samples/sec) 830.9039 | GPU 1849.3 MB | time 1.313 s
Part 12 | Epoch 00017 | Step 00000 | Loss 0.2226 | Train Acc 0.9370 | Speed (samples/sec) 830.9163 | GPU 1815.3 MB | time 1.313 s
Part 10 | Epoch 00017 | Step 00000 | Loss 0.2077 | Train Acc 0.9410 | Speed (samples/sec) 831.3714 | GPU 1830.1 MB | time 1.313 s
Part 18 | Epoch 00017 | Step 00000 | Loss 0.2788 | Train Acc 0.9260 | Speed (samples/sec) 830.9591 | GPU 1754.0 MB | time 1.313 s
Part 30 | Epoch 00017 | Step 00000 | Loss 0.1976 | Train Acc 0.9510 | Speed (samples/sec) 830.8951 | GPU 1767.3 MB | time 1.313 sPart 28 | Epoch 00017 | Step 00000 | Loss 0.1737 | Train Acc 0.9550 | Speed (samples/sec) 830.9071 | GPU 1772.5 MB | time 1.313 s

Part 25 | Epoch 00017 | Step 00000 | Loss 0.1405 | Train Acc 0.9560 | Speed (samples/sec) 830.8915 | GPU 1762.2 MB | time 1.313 s
Part 26 | Epoch 00017 | Step 00000 | Loss 0.1767 | Train Acc 0.9520 | Speed (samples/sec) 831.3500 | GPU 1780.1 MB | time 1.313 sPart 31 | Epoch 00017 | Step 00000 | Loss 0.1268 | Train Acc 0.9670 | Speed (samples/sec) 830.9053 | GPU 1763.4 MB | time 1.313 s

Part 27 | Epoch 00017 | Step 00000 | Loss 0.1915 | Train Acc 0.9500 | Speed (samples/sec) 830.9177 | GPU 1768.4 MB | time 1.313 s
Part 24 | Epoch 00017 | Step 00000 | Loss 0.1425 | Train Acc 0.9650 | Speed (samples/sec) 830.9485 | GPU 1767.7 MB | time 1.313 sPart 29 | Epoch 00017 | Step 00000 | Loss 0.1352 | Train Acc 0.9560 | Speed (samples/sec) 830.9541 | GPU 1758.9 MB | time 1.313 s

Part 22 | Epoch 00017 | Step 00000 | Loss 0.2345 | Train Acc 0.9350 | Speed (samples/sec) 830.9758 | GPU 1745.1 MB | time 1.313 s
Part 2 | Epoch 00017 | Step 00000 | Loss 0.0980 | Train Acc 0.9740 | Speed (samples/sec) 830.9153 | GPU 1740.5 MB | time 1.313 sPart 7 | Epoch 00017 | Step 00000 | Loss 0.1299 | Train Acc 0.9690 | Speed (samples/sec) 830.9107 | GPU 1746.0 MB | time 1.313 s

Part 4 | Epoch 00017 | Step 00000 | Loss 0.0822 | Train Acc 0.9810 | Speed (samples/sec) 830.9102 | GPU 1756.0 MB | time 1.313 s
Part 5 | Epoch 00017 | Step 00000 | Loss 0.1281 | Train Acc 0.9670 | Speed (samples/sec) 830.8969 | GPU 1751.3 MB | time 1.314 s
Part 3 | Epoch 00017 | Step 00000 | Loss 0.1383 | Train Acc 0.9630 | Speed (samples/sec) 830.9030 | GPU 1765.7 MB | time 1.313 s
Part 6 | Epoch 00017 | Step 00000 | Loss 0.1180 | Train Acc 0.9730 | Speed (samples/sec) 831.3458 | GPU 1745.9 MB | time 1.314 s
Part 1 | Epoch 00017 | Step 00000 | Loss 0.1025 | Train Acc 0.9790 | Speed (samples/sec) 831.3533 | GPU 1743.1 MB | time 1.313 s
Part 0 | Epoch 00017 | Step 00000 | Loss 0.1052 | Train Acc 0.9760 | Speed (samples/sec) 830.9195 | GPU 1736.1 MB | time 1.313 s
Part 11 | Epoch 00017 | Step 00000 | Loss 0.1927 | Train Acc 0.9460 | Speed (samples/sec) 830.9238 | GPU 1838.6 MB | time 1.322 s
=====================
Part 2, Epoch Time(s): 7.2199
Sampling Time(s): 0.3291
Loading Time(s): 2.6629
Forward Time(s): 1.3044
Backward Time(s): 0.2309
Update Time(s): 0.0041
Emb Update Time(s): 2.6782
#seeds: 6144
#inputs: 1926957
==========================================
Part 4, Epoch Time(s): 7.2199
Sampling Time(s): 0.3806
Loading Time(s): 2.6165
Forward Time(s): 1.2987
Backward Time(s): 0.2306
Update Time(s): 0.0044
Emb Update Time(s): 2.6787
#seeds: 6144
#inputs: 1934877
==========================================
Part 1, Epoch Time(s): 7.2198
Sampling Time(s): 0.3406
Loading Time(s): 2.2662
Forward Time(s): 1.6888
Backward Time(s): 0.2311
Update Time(s): 0.0042
Emb Update Time(s): 2.6783
#seeds: 6145
#inputs: 1920253
=====================
=====================
Part 0, Epoch Time(s): 7.2199
Sampling Time(s): 0.2713
Loading Time(s): 2.0804
Forward Time(s): 1.9442
Backward Time(s): 0.2313
Update Time(s): 0.0043
Emb Update Time(s): 2.6778
#seeds: 6144
#inputs: 1927378
==========================================
Part 7, Epoch Time(s): 7.2199
Sampling Time(s): 0.2756
Loading Time(s): 1.9716
Forward Time(s): 2.0492
Backward Time(s): 0.2302
Update Time(s): 0.0042
Emb Update Time(s): 2.6790
#seeds: 6144
#inputs: 1930640
==========================================
Part 5, Epoch Time(s): 7.2199
Sampling Time(s): 0.2824
Loading Time(s): 2.0865
Forward Time(s): 1.9266
Backward Time(s): 0.2304
Update Time(s): 0.0043
Emb Update Time(s): 2.6791
#seeds: 6144
#inputs: 1925292
==========================================
Part 3, Epoch Time(s): 7.2198
Sampling Time(s): 0.2785
Loading Time(s): 2.5567
Forward Time(s): 1.4605
Backward Time(s): 0.2308
Update Time(s): 0.0042
Emb Update Time(s): 2.6787
#seeds: 6144
#inputs: 1935212
=====================

=====================
Part 6, Epoch Time(s): 7.2199
Sampling Time(s): 0.2917
Loading Time(s): 2.4588
Forward Time(s): 1.5448
Backward Time(s): 0.2303
Update Time(s): 0.0045
Emb Update Time(s): 2.6794
#seeds: 6145
#inputs: 1923874
=====================




=====================
Part 16, Epoch Time(s): 7.2199
Sampling Time(s): 0.3002
Loading Time(s): 2.6729
Forward Time(s): 1.3234
Backward Time(s): 0.2313
Update Time(s): 0.0044
Emb Update Time(s): 2.6780
#seeds: 6144
#inputs: 1914025
==========================================
Part 19, Epoch Time(s): 7.2199
Sampling Time(s): 0.3270
Loading Time(s): 3.3860
Forward Time(s): 0.5829
Backward Time(s): 0.2297
Update Time(s): 0.0050
Emb Update Time(s): 2.6797
#seeds: 6144
#inputs: 1930960
=====================

=====================
Part 17, Epoch Time(s): 7.2202
Sampling Time(s): 0.3197
Loading Time(s): 2.7643
Forward Time(s): 1.2126
Backward Time(s): 0.2308
Update Time(s): 0.0044
Emb Update Time(s): 2.6787
#seeds: 6145
#inputs: 1931708
==========================================
Part 21, Epoch Time(s): 7.2201
Sampling Time(s): 0.3367
Loading Time(s): 2.4383
Forward Time(s): 1.5210
Backward Time(s): 0.2294
Update Time(s): 0.0046
Emb Update Time(s): 2.6804
#seeds: 6145
#inputs: 1925691
=====================

=====================
Part 18, Epoch Time(s): 7.2203
Sampling Time(s): 0.3152
Loading Time(s): 2.7870
Forward Time(s): 1.1941
Backward Time(s): 0.2307
Update Time(s): 0.0043
Emb Update Time(s): 2.6789
#seeds: 6144
#inputs: 1942089
==========================================
Part 20, Epoch Time(s): 7.2201
Sampling Time(s): 0.3135
Loading Time(s): 2.7966
Forward Time(s): 1.1853
Backward Time(s): 0.2299
Update Time(s): 0.0044
Emb Update Time(s): 2.6802
#seeds: 6144
#inputs: 1947194
=====================

=====================
Part 23, Epoch Time(s): 7.2201
Sampling Time(s): 0.2974
Loading Time(s): 2.5859
Forward Time(s): 1.4134
Backward Time(s): 0.2291
Update Time(s): 0.0047
Emb Update Time(s): 2.6801
#seeds: 6144
#inputs: 1926191
==========================================
Part 22, Epoch Time(s): 7.2201
Sampling Time(s): 0.3057
Loading Time(s): 2.8215
Forward Time(s): 1.1678
Backward Time(s): 0.2293
Update Time(s): 0.0048
Emb Update Time(s): 2.6806
#seeds: 6144
#inputs: 1931793
=====================

=====================
Part 27, Epoch Time(s): 7.2199
Sampling Time(s): 0.2960
Loading Time(s): 2.7837
Forward Time(s): 1.2167
Backward Time(s): 0.2293
Update Time(s): 0.0046
Emb Update Time(s): 2.6801
#seeds: 6144
#inputs: 1976082
==========================================
Part 25, Epoch Time(s): 7.2199
Sampling Time(s): 0.2736
Loading Time(s): 3.1028
Forward Time(s): 0.9331
Backward Time(s): 0.2238
Update Time(s): 0.0041
Emb Update Time(s): 2.6730
#seeds: 6144
#inputs: 1961139
==========================================
Part 31, Epoch Time(s): 7.2199
Sampling Time(s): 0.3118
Loading Time(s): 2.9993
Forward Time(s): 0.9855
Backward Time(s): 0.2285
Update Time(s): 0.0042
Emb Update Time(s): 2.6812
#seeds: 6144
#inputs: 1962452
=====================
=====================
Part 24, Epoch Time(s): 7.2199
Sampling Time(s): 0.3279
Loading Time(s): 2.6614
Forward Time(s): 1.3068
Backward Time(s): 0.2295
Update Time(s): 0.0051
Emb Update Time(s): 2.6795
#seeds: 6144
#inputs: 1960224
=====================
=====================
Part 30, Epoch Time(s): 7.2199
Sampling Time(s): 0.2764
Loading Time(s): 2.4003
Forward Time(s): 1.6202
Backward Time(s): 0.2287
Update Time(s): 0.0042
Emb Update Time(s): 2.6808
#seeds: 6144
#inputs: 1979479
==========================================
Part 26, Epoch Time(s): 7.2199
Sampling Time(s): 0.3757
Loading Time(s): 3.4742
Forward Time(s): 0.4620
Backward Time(s): 0.2241
Update Time(s): 0.0053
Emb Update Time(s): 2.6690
#seeds: 6145
#inputs: 1976945
=====================
=====================
Part 29, Epoch Time(s): 7.2199
Sampling Time(s): 0.3027
Loading Time(s): 2.6225
Forward Time(s): 1.3712
Backward Time(s): 0.2290
Update Time(s): 0.0043
Emb Update Time(s): 2.6807
#seeds: 6144
#inputs: 1965963
=====================


=====================
Part 28, Epoch Time(s): 7.2199
Sampling Time(s): 0.3044
Loading Time(s): 2.6149
Forward Time(s): 1.3778
Backward Time(s): 0.2292
Update Time(s): 0.0044
Emb Update Time(s): 2.6801
#seeds: 6144
#inputs: 1970457
=====================

=====================
Part 12, Epoch Time(s): 7.2199
Sampling Time(s): 0.3587
Loading Time(s): 2.6333
Forward Time(s): 1.3038
Backward Time(s): 0.2292
Update Time(s): 0.0043
Emb Update Time(s): 2.6810
#seeds: 6144
#inputs: 2023219
==========================================
Part 11, Epoch Time(s): 7.2199
Sampling Time(s): 0.3035
Loading Time(s): 3.0387
Forward Time(s): 0.9551
Backward Time(s): 0.2264
Update Time(s): 0.0046
Emb Update Time(s): 2.6821
#seeds: 6144
#inputs: 2037940
==========================================
Part 14, Epoch Time(s): 7.2200
Sampling Time(s): 0.2888
Loading Time(s): 2.7611
Forward Time(s): 1.2464
Backward Time(s): 0.2291
Update Time(s): 0.0041
Emb Update Time(s): 2.6813
#seeds: 6145
#inputs: 2034046
==========================================
Part 8, Epoch Time(s): 7.2200
Sampling Time(s): 0.3586
Loading Time(s): 2.9302
Forward Time(s): 1.0217
Backward Time(s): 0.2274
Update Time(s): 0.0043
Emb Update Time(s): 2.6684
#seeds: 6144
#inputs: 2038881
==========================================
Part 9, Epoch Time(s): 7.2200
Sampling Time(s): 0.3602
Loading Time(s): 3.1990
Forward Time(s): 0.7512
Backward Time(s): 0.2268
Update Time(s): 0.0043
Emb Update Time(s): 2.6691
#seeds: 6144
#inputs: 2031805
=====================



=====================
Part 10, Epoch Time(s): 7.2200
Sampling Time(s): 0.3641
Loading Time(s): 3.0606
Forward Time(s): 0.8866
Backward Time(s): 0.2257
Update Time(s): 0.0053
Emb Update Time(s): 2.6681
#seeds: 6145
#inputs: 2034262
==========================================
Part 15, Epoch Time(s): 7.2200
Sampling Time(s): 0.2949
Loading Time(s): 2.9281
Forward Time(s): 1.0877
Backward Time(s): 0.2248
Update Time(s): 0.0043
Emb Update Time(s): 2.6709
#seeds: 6144
#inputs: 2047666
=====================


=====================
Part 13, Epoch Time(s): 7.2200
Sampling Time(s): 0.3723
Loading Time(s): 3.2070
Forward Time(s): 0.7339
Backward Time(s): 0.2226
Update Time(s): 0.0043
Emb Update Time(s): 2.6703
#seeds: 6144
#inputs: 2049079
=====================
Part 18 | Epoch 00018 | Step 00000 | Loss 0.2205 | Train Acc 0.9400 | Speed (samples/sec) 830.0469 | GPU 1754.0 MB | time 1.294 s
Part 16 | Epoch 00018 | Step 00000 | Loss 0.2149 | Train Acc 0.9460 | Speed (samples/sec) 830.0244 | GPU 1730.1 MB | time 1.294 s
Part 22 | Epoch 00018 | Step 00000 | Loss 0.2060 | Train Acc 0.9440 | Speed (samples/sec) 830.0663 | GPU 1745.1 MB | time 1.294 s
Part 19 | Epoch 00018 | Step 00000 | Loss 0.2601 | Train Acc 0.9360 | Speed (samples/sec) 830.0096 | GPU 1750.1 MB | time 1.294 sPart 21 | Epoch 00018 | Step 00000 | Loss 0.2142 | Train Acc 0.9480 | Speed (samples/sec) 830.4245 | GPU 1741.5 MB | time 1.294 sPart 20 | Epoch 00018 | Step 00000 | Loss 0.2035 | Train Acc 0.9590 | Speed (samples/sec) 830.0338 | GPU 1746.3 MB | time 1.294 s


Part 12 | Epoch 00018 | Step 00000 | Loss 0.1799 | Train Acc 0.9430 | Speed (samples/sec) 830.0054 | GPU 1815.3 MB | time 1.294 s
Part 13 | Epoch 00018 | Step 00000 | Loss 0.1588 | Train Acc 0.9480 | Speed (samples/sec) 829.9927 | GPU 1849.3 MB | time 1.294 s
Part 10 | Epoch 00018 | Step 00000 | Loss 0.1707 | Train Acc 0.9530 | Speed (samples/sec) 830.4518 | GPU 1837.0 MB | time 1.294 s
Part 15 | Epoch 00018 | Step 00000 | Loss 0.2087 | Train Acc 0.9450 | Speed (samples/sec) 829.9959 | GPU 1834.4 MB | time 1.294 s
Part 14 | Epoch 00018 | Step 00000 | Loss 0.1506 | Train Acc 0.9540 | Speed (samples/sec) 830.4425 | GPU 1834.1 MB | time 1.294 s
Part 1 | Epoch 00018 | Step 00000 | Loss 0.0878 | Train Acc 0.9750 | Speed (samples/sec) 830.4438 | GPU 1743.1 MB | time 1.294 s
Part 5 | Epoch 00018 | Step 00000 | Loss 0.1063 | Train Acc 0.9720 | Speed (samples/sec) 829.9960 | GPU 1751.3 MB | time 1.294 s
Part 11 | Epoch 00018 | Step 00000 | Loss 0.1845 | Train Acc 0.9500 | Speed (samples/sec) 830.0639 | GPU 1838.6 MB | time 1.294 s
Part 9 | Epoch 00018 | Step 00000 | Loss 0.2296 | Train Acc 0.9460 | Speed (samples/sec) 830.0252 | GPU 1834.3 MB | time 1.294 s
Part 6 | Epoch 00018 | Step 00000 | Loss 0.0976 | Train Acc 0.9740 | Speed (samples/sec) 830.4348 | GPU 1745.9 MB | time 1.294 s
Part 26 | Epoch 00018 | Step 00000 | Loss 0.1305 | Train Acc 0.9690 | Speed (samples/sec) 830.4334 | GPU 1780.1 MB | time 1.294 sPart 29 | Epoch 00018 | Step 00000 | Loss 0.1426 | Train Acc 0.9570 | Speed (samples/sec) 830.0417 | GPU 1758.9 MB | time 1.294 s

Part 25 | Epoch 00018 | Step 00000 | Loss 0.1078 | Train Acc 0.9710 | Speed (samples/sec) 829.9805 | GPU 1762.2 MB | time 1.294 sPart 28 | Epoch 00018 | Step 00000 | Loss 0.1564 | Train Acc 0.9580 | Speed (samples/sec) 829.9941 | GPU 1772.5 MB | time 1.294 s

Part 31 | Epoch 00018 | Step 00000 | Loss 0.1595 | Train Acc 0.9540 | Speed (samples/sec) 829.9939 | GPU 1763.4 MB | time 1.294 s
Part 27 | Epoch 00018 | Step 00000 | Loss 0.1672 | Train Acc 0.9570 | Speed (samples/sec) 830.0057 | GPU 1768.4 MB | time 1.294 s
Part 30 | Epoch 00018 | Step 00000 | Loss 0.1649 | Train Acc 0.9540 | Speed (samples/sec) 829.9832 | GPU 1767.3 MB | time 1.294 s
Part 17 | Epoch 00018 | Step 00000 | Loss 0.1859 | Train Acc 0.9420 | Speed (samples/sec) 830.4358 | GPU 1757.9 MB | time 1.294 s
Part 23 | Epoch 00018 | Step 00000 | Loss 0.1881 | Train Acc 0.9440 | Speed (samples/sec) 830.0596 | GPU 1741.6 MB | time 1.294 s
Part 7 | Epoch 00018 | Step 00000 | Loss 0.1069 | Train Acc 0.9720 | Speed (samples/sec) 830.0035 | GPU 1750.0 MB | time 1.294 s
Part 2 | Epoch 00018 | Step 00000 | Loss 0.0758 | Train Acc 0.9810 | Speed (samples/sec) 830.0082 | GPU 1740.5 MB | time 1.294 s
Part 3 | Epoch 00018 | Step 00000 | Loss 0.1008 | Train Acc 0.9750 | Speed (samples/sec) 830.0004 | GPU 1765.7 MB | time 1.294 s
Part 4 | Epoch 00018 | Step 00000 | Loss 0.0998 | Train Acc 0.9710 | Speed (samples/sec) 830.0047 | GPU 1756.0 MB | time 1.294 s
Part 0 | Epoch 00018 | Step 00000 | Loss 0.0845 | Train Acc 0.9770 | Speed (samples/sec) 830.0160 | GPU 1736.1 MB | time 1.294 s
Part 8 | Epoch 00018 | Step 00000 | Loss 0.1891 | Train Acc 0.9500 | Speed (samples/sec) 829.9932 | GPU 1836.7 MB | time 1.295 s
Part 24 | Epoch 00018 | Step 00000 | Loss 0.1567 | Train Acc 0.9580 | Speed (samples/sec) 830.0356 | GPU 1767.7 MB | time 1.294 s
=====================
Part 0, Epoch Time(s): 6.9279
Sampling Time(s): 0.2740
Loading Time(s): 2.4115
Forward Time(s): 1.6601
Backward Time(s): 0.2313
Update Time(s): 0.0041
Emb Update Time(s): 2.3397
#seeds: 6144
#inputs: 1928077
==========================================
Part 7, Epoch Time(s): 6.9278
Sampling Time(s): 0.3437
Loading Time(s): 2.2565
Forward Time(s): 1.7456
Backward Time(s): 0.2295
Update Time(s): 0.0043
Emb Update Time(s): 2.3414
#seeds: 6144
#inputs: 1933784
==========================================
Part 4, Epoch Time(s): 6.9279
Sampling Time(s): 0.2838
Loading Time(s): 2.6477
Forward Time(s): 1.4138
Backward Time(s): 0.2302
Update Time(s): 0.0042
Emb Update Time(s): 2.3410
#seeds: 6144
#inputs: 1939352
==========================================
Part 5, Epoch Time(s): 6.9279
Sampling Time(s): 0.2927
Loading Time(s): 2.4809
Forward Time(s): 1.5722
Backward Time(s): 0.2297
Update Time(s): 0.0042
Emb Update Time(s): 2.3416
#seeds: 6144
#inputs: 1935312
==========================================
Part 2, Epoch Time(s): 6.9278
Sampling Time(s): 0.3286
Loading Time(s): 2.4722
Forward Time(s): 1.5448
Backward Time(s): 0.2306
Update Time(s): 0.0103
Emb Update Time(s): 2.3343
#seeds: 6144
#inputs: 1927015
=====================
=====================
Part 3, Epoch Time(s): 6.9280
Sampling Time(s): 0.2998
Loading Time(s): 2.6919
Forward Time(s): 1.3540
Backward Time(s): 0.2305
Update Time(s): 0.0043
Emb Update Time(s): 2.3403
#seeds: 6144
#inputs: 1937686
=====================




=====================
Part 1, Epoch Time(s): 6.9278
Sampling Time(s): 0.3649
Loading Time(s): 2.9608
Forward Time(s): 1.0207
Backward Time(s): 0.2309
Update Time(s): 0.0042
Emb Update Time(s): 2.3396
#seeds: 6145
#inputs: 1922123
==========================================
Part 6, Epoch Time(s): 6.9279
Sampling Time(s): 0.2896
Loading Time(s): 2.4337
Forward Time(s): 1.6223
Backward Time(s): 0.2293
Update Time(s): 0.0053
Emb Update Time(s): 2.3426
#seeds: 6145
#inputs: 1930564
=====================

=====================
Part 17, Epoch Time(s): 6.9335
Sampling Time(s): 0.2851
Loading Time(s): 2.2919
Forward Time(s): 1.7714
Backward Time(s): 0.2270
Update Time(s): 0.0043
Emb Update Time(s): 2.3413
#seeds: 6145
#inputs: 1932237
=====================
=====================
Part 21, Epoch Time(s): 6.9278
Sampling Time(s): 0.3093
Loading Time(s): 2.7801
Forward Time(s): 1.2592
Backward Time(s): 0.2265
Update Time(s): 0.0045
Emb Update Time(s): 2.3418
#seeds: 6145
#inputs: 1928592
=====================
=====================
Part 19, Epoch Time(s): 6.9279
Sampling Time(s): 0.3135
Loading Time(s): 2.7484
Forward Time(s): 1.2834
Backward Time(s): 0.2295
Update Time(s): 0.0046
Emb Update Time(s): 2.3419
#seeds: 6144
#inputs: 1935155
==========================================
Part 16, Epoch Time(s): 6.9279
Sampling Time(s): 0.3499
Loading Time(s): 2.8724
Forward Time(s): 1.1376
Backward Time(s): 0.2249
Update Time(s): 0.0050
Emb Update Time(s): 2.3312
#seeds: 6144
#inputs: 1915142
==========================================
Part 18, Epoch Time(s): 6.9278
Sampling Time(s): 0.2932
Loading Time(s): 2.7874
Forward Time(s): 1.2645
Backward Time(s): 0.2404
Update Time(s): 0.0044
Emb Update Time(s): 2.3309
#seeds: 6144
#inputs: 1940777
=====================
=====================
Part 20, Epoch Time(s): 6.9278
Sampling Time(s): 0.3136
Loading Time(s): 3.0693
Forward Time(s): 0.9628
Backward Time(s): 0.2291
Update Time(s): 0.0043
Emb Update Time(s): 2.3421
#seeds: 6144
#inputs: 1941321
=====================

=====================
Part 23, Epoch Time(s): 6.9279
Sampling Time(s): 0.2925
Loading Time(s): 3.0850
Forward Time(s): 0.9821
Backward Time(s): 0.2322
Update Time(s): 0.0050
Emb Update Time(s): 2.3240
#seeds: 6144
#inputs: 1927052
==========================================
Part 22, Epoch Time(s): 6.9278
Sampling Time(s): 0.3448
Loading Time(s): 2.7337
Forward Time(s): 1.2659
Backward Time(s): 0.2287
Update Time(s): 0.0050
Emb Update Time(s): 2.3426
#seeds: 6144
#inputs: 1927731
=====================


=====================
Part 30, Epoch Time(s): 6.9280
Sampling Time(s): 0.2880
Loading Time(s): 2.8759
Forward Time(s): 1.1823
Backward Time(s): 0.2280
Update Time(s): 0.0043
Emb Update Time(s): 2.3430
#seeds: 6144
#inputs: 1984473
==========================================
Part 24, Epoch Time(s): 6.9280
Sampling Time(s): 0.3221
Loading Time(s): 3.2393
Forward Time(s): 0.7838
Backward Time(s): 0.2297
Update Time(s): 0.0053
Emb Update Time(s): 2.3408
#seeds: 6144
#inputs: 1965007
==========================================
Part 29, Epoch Time(s): 6.9279
Sampling Time(s): 0.2749
Loading Time(s): 2.8025
Forward Time(s): 1.2692
Backward Time(s): 0.2279
Update Time(s): 0.0049
Emb Update Time(s): 2.3422
#seeds: 6144
#inputs: 1961751
==========================================
Part 26, Epoch Time(s): 6.9279
Sampling Time(s): 0.3304
Loading Time(s): 2.9462
Forward Time(s): 1.0701
Backward Time(s): 0.2287
Update Time(s): 0.0043
Emb Update Time(s): 2.3420
#seeds: 6145
#inputs: 1975050
=====================


=====================
Part 31, Epoch Time(s): 6.9280
Sampling Time(s): 0.3327
Loading Time(s): 3.2976
Forward Time(s): 0.7390
Backward Time(s): 0.2196
Update Time(s): 0.0041
Emb Update Time(s): 2.3286
#seeds: 6144
#inputs: 1969852
=====================

=====================
Part 25, Epoch Time(s): 6.9281
Sampling Time(s): 0.3130
Loading Time(s): 3.2495
Forward Time(s): 0.7838
Backward Time(s): 0.2289
Update Time(s): 0.0042
Emb Update Time(s): 2.3421
#seeds: 6144
#inputs: 1954900
=====================
=====================
Part 28, Epoch Time(s): 6.9281
Sampling Time(s): 0.3054
Loading Time(s): 3.0211
Forward Time(s): 1.0196
Backward Time(s): 0.2282
Update Time(s): 0.0045
Emb Update Time(s): 2.3429
#seeds: 6144
#inputs: 1977086
=====================
=====================
Part 27, Epoch Time(s): 6.9284
Sampling Time(s): 0.3188
Loading Time(s): 2.8458
Forward Time(s): 1.1819
Backward Time(s): 0.2284
Update Time(s): 0.0054
Emb Update Time(s): 2.3413
#seeds: 6144
#inputs: 1974476
=====================
=====================
Part 13, Epoch Time(s): 6.9278
Sampling Time(s): 0.2973
Loading Time(s): 3.0377
Forward Time(s): 1.0260
Backward Time(s): 0.2254
Update Time(s): 0.0042
Emb Update Time(s): 2.3314
#seeds: 6144
#inputs: 2049275
=====================
=====================
Part 10, Epoch Time(s): 6.9278
Sampling Time(s): 0.3264
Loading Time(s): 2.9537
Forward Time(s): 1.0665
Backward Time(s): 0.2281
Update Time(s): 0.0047
Emb Update Time(s): 2.3424
#seeds: 6145
#inputs: 2031095
==========================================
Part 11, Epoch Time(s): 6.9279
Sampling Time(s): 0.3030
Loading Time(s): 2.9663
Forward Time(s): 1.0919
Backward Time(s): 0.2237
Update Time(s): 0.0043
Emb Update Time(s): 2.3330
#seeds: 6144
#inputs: 2040443
=====================
=====================
Part 8, Epoch Time(s): 6.9279
Sampling Time(s): 0.3345
Loading Time(s): 3.2595
Forward Time(s): 0.7669
Backward Time(s): 0.2251
Update Time(s): 0.0043
Emb Update Time(s): 2.3314
#seeds: 6144
#inputs: 2030098
==========================================
Part 9, Epoch Time(s): 6.9279
Sampling Time(s): 0.2858
Loading Time(s): 2.6820
Forward Time(s): 1.3787
Backward Time(s): 0.2283
Update Time(s): 0.0041
Emb Update Time(s): 2.3429
#seeds: 6144
#inputs: 2036388
=====================
=====================
Part 14, Epoch Time(s): 6.9278
Sampling Time(s): 0.2844
Loading Time(s): 2.7962
Forward Time(s): 1.2662
Backward Time(s): 0.2278
Update Time(s): 0.0042
Emb Update Time(s): 2.3431
#seeds: 6145
#inputs: 2033382
==========================================
Part 15, Epoch Time(s): 6.9278
Sampling Time(s): 0.3186
Loading Time(s): 3.0211
Forward Time(s): 1.0071
Backward Time(s): 0.2278
Update Time(s): 0.0044
Emb Update Time(s): 2.3429
#seeds: 6144
#inputs: 2044026
=====================
=====================
Part 12, Epoch Time(s): 6.9278
Sampling Time(s): 0.3151
Loading Time(s): 2.5971
Forward Time(s): 1.4346
Backward Time(s): 0.2280
Update Time(s): 0.0050
Emb Update Time(s): 2.3423
#seeds: 6144
#inputs: 2023646
=====================



Part 3 | Epoch 00019 | Step 00000 | Loss 0.0996 | Train Acc 0.9790 | Speed (samples/sec) 831.1906 | GPU 1765.7 MB | time 1.278 sPart 2 | Epoch 00019 | Step 00000 | Loss 0.0853 | Train Acc 0.9730 | Speed (samples/sec) 831.1982 | GPU 1740.5 MB | time 1.278 s

Part 6 | Epoch 00019 | Step 00000 | Loss 0.0803 | Train Acc 0.9800 | Speed (samples/sec) 831.6077 | GPU 1745.9 MB | time 1.278 s
Part 1 | Epoch 00019 | Step 00000 | Loss 0.0652 | Train Acc 0.9790 | Speed (samples/sec) 831.6263 | GPU 1743.1 MB | time 1.278 s
Part 4 | Epoch 00019 | Step 00000 | Loss 0.0797 | Train Acc 0.9800 | Speed (samples/sec) 831.1947 | GPU 1756.9 MB | time 1.278 s
Part 0 | Epoch 00019 | Step 00000 | Loss 0.0737 | Train Acc 0.9790 | Speed (samples/sec) 831.2064 | GPU 1736.1 MB | time 1.278 s
Part 7 | Epoch 00019 | Step 00000 | Loss 0.0756 | Train Acc 0.9810 | Speed (samples/sec) 831.1922 | GPU 1750.0 MB | time 1.278 s
Part 5 | Epoch 00019 | Step 00000 | Loss 0.0650 | Train Acc 0.9840 | Speed (samples/sec) 831.1832 | GPU 1751.3 MB | time 1.278 sPart 8 | Epoch 00019 | Step 00000 | Loss 0.1625 | Train Acc 0.9530 | Speed (samples/sec) 831.1826 | GPU 1836.7 MB | time 1.278 s
Part 14 | Epoch 00019 | Step 00000 | Loss 0.1812 | Train Acc 0.9550 | Speed (samples/sec) 831.6211 | GPU 1834.1 MB | time 1.278 s
Part 9 | Epoch 00019 | Step 00000 | Loss 0.1584 | Train Acc 0.9590 | Speed (samples/sec) 831.2091 | GPU 1834.3 MB | time 1.278 s
Part 11 | Epoch 00019 | Step 00000 | Loss 0.1769 | Train Acc 0.9540 | Speed (samples/sec) 831.2434 | GPU 1838.6 MB | time 1.278 s

Part 12 | Epoch 00019 | Step 00000 | Loss 0.1427 | Train Acc 0.9600 | Speed (samples/sec) 831.1876 | GPU 1815.3 MB | time 1.278 s
Part 15 | Epoch 00019 | Step 00000 | Loss 0.1949 | Train Acc 0.9450 | Speed (samples/sec) 831.1801 | GPU 1842.0 MB | time 1.278 s
Part 13 | Epoch 00019 | Step 00000 | Loss 0.1508 | Train Acc 0.9510 | Speed (samples/sec) 831.1763 | GPU 1849.3 MB | time 1.278 s
Part 10 | Epoch 00019 | Step 00000 | Loss 0.1659 | Train Acc 0.9580 | Speed (samples/sec) 831.6306 | GPU 1837.0 MB | time 1.278 s
Part 20 | Epoch 00019 | Step 00000 | Loss 0.1888 | Train Acc 0.9470 | Speed (samples/sec) 831.2223 | GPU 1746.3 MB | time 1.278 sPart 17 | Epoch 00019 | Step 00000 | Loss 0.1885 | Train Acc 0.9400 | Speed (samples/sec) 831.6212 | GPU 1757.9 MB | time 1.278 s

Part 19 | Epoch 00019 | Step 00000 | Loss 0.1981 | Train Acc 0.9470 | Speed (samples/sec) 831.1981 | GPU 1750.1 MB | time 1.278 s
Part 21 | Epoch 00019 | Step 00000 | Loss 0.2222 | Train Acc 0.9390 | Speed (samples/sec) 831.6077 | GPU 1741.7 MB | time 1.278 s
Part 23 | Epoch 00019 | Step 00000 | Loss 0.2123 | Train Acc 0.9460 | Speed (samples/sec) 831.2490 | GPU 1741.6 MB | time 1.278 s
Part 16 | Epoch 00019 | Step 00000 | Loss 0.1783 | Train Acc 0.9550 | Speed (samples/sec) 831.2150 | GPU 1730.1 MB | time 1.278 sPart 29 | Epoch 00019 | Step 00000 | Loss 0.1242 | Train Acc 0.9650 | Speed (samples/sec) 831.2235 | GPU 1758.9 MB | time 1.278 s
Part 30 | Epoch 00019 | Step 00000 | Loss 0.1386 | Train Acc 0.9560 | Speed (samples/sec) 831.1686 | GPU 1767.8 MB | time 1.278 s
Part 31 | Epoch 00019 | Step 00000 | Loss 0.1565 | Train Acc 0.9530 | Speed (samples/sec) 831.1784 | GPU 1763.4 MB | time 1.278 s
Part 26 | Epoch 00019 | Step 00000 | Loss 0.1221 | Train Acc 0.9720 | Speed (samples/sec) 831.6124 | GPU 1780.1 MB | time 1.278 s

Part 22 | Epoch 00019 | Step 00000 | Loss 0.2182 | Train Acc 0.9380 | Speed (samples/sec) 831.2555 | GPU 1745.1 MB | time 1.278 s
Part 24 | Epoch 00019 | Step 00000 | Loss 0.1252 | Train Acc 0.9570 | Speed (samples/sec) 831.2257 | GPU 1767.7 MB | time 1.278 s
Part 28 | Epoch 00019 | Step 00000 | Loss 0.1241 | Train Acc 0.9620 | Speed (samples/sec) 831.1790 | GPU 1772.5 MB | time 1.278 s
Part 25 | Epoch 00019 | Step 00000 | Loss 0.1098 | Train Acc 0.9700 | Speed (samples/sec) 831.1658 | GPU 1762.2 MB | time 1.278 s
Part 18 | Epoch 00019 | Step 00000 | Loss 0.2061 | Train Acc 0.9470 | Speed (samples/sec) 831.2346 | GPU 1754.0 MB | time 1.278 s
Part 27 | Epoch 00019 | Step 00000 | Loss 0.1324 | Train Acc 0.9650 | Speed (samples/sec) 831.1891 | GPU 1768.4 MB | time 1.278 s
=====================
Part 2, Epoch Time(s): 7.3082
Sampling Time(s): 0.3299
Loading Time(s): 2.2379
Forward Time(s): 1.8964
Backward Time(s): 0.2284
Update Time(s): 0.0040
Emb Update Time(s): 2.6064
#seeds: 6144
#inputs: 1920372
==========================================
Part 1, Epoch Time(s): 7.3081
Sampling Time(s): 0.2773
Loading Time(s): 2.4403
Forward Time(s): 1.7464
Backward Time(s): 0.2299
Update Time(s): 0.0042
Emb Update Time(s): 2.6047
#seeds: 6145
#inputs: 1917498
==========================================
Part 7, Epoch Time(s): 7.3082
Sampling Time(s): 0.3871
Loading Time(s): 2.1755
Forward Time(s): 1.9013
Backward Time(s): 0.2270
Update Time(s): 0.0041
Emb Update Time(s): 2.6080
#seeds: 6144
#inputs: 1928207
==========================================
Part 0, Epoch Time(s): 7.3081
Sampling Time(s): 0.3831
Loading Time(s): 2.5260
Forward Time(s): 1.5549
Backward Time(s): 0.2291
Update Time(s): 0.0042
Emb Update Time(s): 2.6055
#seeds: 6144
#inputs: 1926704
==========================================
Part 6, Epoch Time(s): 7.3081
Sampling Time(s): 0.2753
Loading Time(s): 2.2029
Forward Time(s): 1.9862
Backward Time(s): 0.2270
Update Time(s): 0.0045
Emb Update Time(s): 2.6073
#seeds: 6145
#inputs: 1927095
==========================================
Part 3, Epoch Time(s): 7.3081
Sampling Time(s): 0.2937
Loading Time(s): 2.4432
Forward Time(s): 1.7269
Backward Time(s): 0.2279
Update Time(s): 0.0045
Emb Update Time(s): 2.6066
#seeds: 6144
#inputs: 1935079
=====================
=====================
Part 4, Epoch Time(s): 7.3082
Sampling Time(s): 0.2847
Loading Time(s): 2.7971
Forward Time(s): 1.3821
Backward Time(s): 0.2277
Update Time(s): 0.0049
Emb Update Time(s): 2.6065
#seeds: 6144
#inputs: 1941738
=====================

=====================
Part 5, Epoch Time(s): 7.3082
Sampling Time(s): 0.2755
Loading Time(s): 2.6642
Forward Time(s): 1.5239
Backward Time(s): 0.2273
Update Time(s): 0.0041
Emb Update Time(s): 2.6078
#seeds: 6144
#inputs: 1931464
=====================




Rank 2, Avg Epoch Time(s): 7.1193
Rank 4, Avg Epoch Time(s): 7.1193Rank 7, Avg Epoch Time(s): 7.1193

Rank 6, Avg Epoch Time(s): 7.1196
Rank 1, Avg Epoch Time(s): 7.1193Rank 0, Avg Epoch Time(s): 7.1193
Rank 3, Avg Epoch Time(s): 7.1193

Rank 5, Avg Epoch Time(s): 7.1193
=====================
Part 18, Epoch Time(s): 7.3082
Sampling Time(s): 0.3314
Loading Time(s): 2.7502
Forward Time(s): 1.3804
Backward Time(s): 0.2268
Update Time(s): 0.0046
Emb Update Time(s): 2.6078
#seeds: 6144
#inputs: 1940660
==========================================
Part 16, Epoch Time(s): 7.3081
Sampling Time(s): 0.3337
Loading Time(s): 2.7279
Forward Time(s): 1.4006
Backward Time(s): 0.2271
Update Time(s): 0.0046
Emb Update Time(s): 2.6077
#seeds: 6144
#inputs: 1916853
==========================================
Part 23, Epoch Time(s): 7.3081
Sampling Time(s): 0.3313
Loading Time(s): 2.8379
Forward Time(s): 1.2934
Backward Time(s): 0.2264
Update Time(s): 0.0050
Emb Update Time(s): 2.6078
#seeds: 6144
#inputs: 1929841
=====================


=====================
Part 21, Epoch Time(s): 7.3082
Sampling Time(s): 0.3671
Loading Time(s): 2.7066
Forward Time(s): 1.4050
Backward Time(s): 0.2223
Update Time(s): 0.0046
Emb Update Time(s): 2.5973
#seeds: 6145
#inputs: 1928054
==========================================
Part 17, Epoch Time(s): 7.3082
Sampling Time(s): 0.3118
Loading Time(s): 2.3799
Forward Time(s): 1.7720
Backward Time(s): 0.2270
Update Time(s): 0.0044
Emb Update Time(s): 2.6076
#seeds: 6145
#inputs: 1945210
=====================
=====================
Part 19, Epoch Time(s): 7.3081
Sampling Time(s): 0.3397
Loading Time(s): 3.1430
Forward Time(s): 0.9798
Backward Time(s): 0.2266
Update Time(s): 0.0047
Emb Update Time(s): 2.6083
#seeds: 6144
#inputs: 1932411
=====================
=====================
Part 20, Epoch Time(s): 7.3082
Sampling Time(s): 0.3317
Loading Time(s): 2.8947
Forward Time(s): 1.2366
Backward Time(s): 0.2264
Update Time(s): 0.0045
Emb Update Time(s): 2.6086
#seeds: 6144
#inputs: 1947703
=====================

=====================
Part 22, Epoch Time(s): 7.3082
Sampling Time(s): 0.3067
Loading Time(s): 3.0561
Forward Time(s): 1.1012
Backward Time(s): 0.2235
Update Time(s): 0.0047
Emb Update Time(s): 2.6093
#seeds: 6144
#inputs: 1927399
=====================
Rank 23, Avg Epoch Time(s): 7.1193Rank 18, Avg Epoch Time(s): 7.1193
Rank 16, Avg Epoch Time(s): 7.1193

Rank 21, Avg Epoch Time(s): 7.1193Rank 17, Avg Epoch Time(s): 7.1196

=====================
Part 25, Epoch Time(s): 7.3081
Sampling Time(s): 0.3267
Loading Time(s): 2.9598
Forward Time(s): 1.1763
Backward Time(s): 0.2270
Update Time(s): 0.0040
Emb Update Time(s): 2.6089
#seeds: 6144
#inputs: 1963298
==========================================
Part 31, Epoch Time(s): 7.3082
Sampling Time(s): 0.2963
Loading Time(s): 3.3414
Forward Time(s): 0.8406
Backward Time(s): 0.2215
Update Time(s): 0.0044
Emb Update Time(s): 2.5988
#seeds: 6144
#inputs: 1961662
=====================
=====================
Part 24, Epoch Time(s): 7.3083
Sampling Time(s): 0.3380
Loading Time(s): 2.9999
Forward Time(s): 1.1242
Backward Time(s): 0.2270
Update Time(s): 0.0048
Emb Update Time(s): 2.6084
#seeds: 6144
#inputs: 1959691
==========================================
Part 30, Epoch Time(s): 7.3082
Sampling Time(s): 0.3498
Loading Time(s): 2.9945
Forward Time(s): 1.1191
Backward Time(s): 0.2260
Update Time(s): 0.0042
Emb Update Time(s): 2.6095
#seeds: 6144
#inputs: 1982066
=====================


=====================
Part 28, Epoch Time(s): 7.3082
Sampling Time(s): 0.3181
Loading Time(s): 3.2515
Forward Time(s): 0.9080
Backward Time(s): 0.2227
Update Time(s): 0.0041
Emb Update Time(s): 2.5982
#seeds: 6144
#inputs: 1972680
==========================================
Part 26, Epoch Time(s): 7.3082
Sampling Time(s): 0.3028
Loading Time(s): 3.6200
Forward Time(s): 0.5688
Backward Time(s): 0.2180
Update Time(s): 0.0051
Emb Update Time(s): 2.5880
#seeds: 6145
#inputs: 1979335
=====================

=====================
Part 29, Epoch Time(s): 7.3082
Sampling Time(s): 0.3347
Loading Time(s): 3.0491
Forward Time(s): 1.0847
Backward Time(s): 0.2222
Update Time(s): 0.0043
Emb Update Time(s): 2.6082
#seeds: 6144
#inputs: 1955869
==========================================
Part 27, Epoch Time(s): 7.3081
Sampling Time(s): 0.3290
Loading Time(s): 3.1855
Forward Time(s): 0.9471
Backward Time(s): 0.2266
Update Time(s): 0.0056
Emb Update Time(s): 2.6082
#seeds: 6144
#inputs: 1968432
=====================

=====================
Part 15, Epoch Time(s): 7.3081
Sampling Time(s): 0.3001
Loading Time(s): 2.8615
Forward Time(s): 1.3015
Backward Time(s): 0.2245
Update Time(s): 0.0046
Emb Update Time(s): 2.6105
#seeds: 6144
#inputs: 2044901
==========================================
Part 8, Epoch Time(s): 7.3081
Sampling Time(s): 0.3723
Loading Time(s): 2.7263
Forward Time(s): 1.3797
Backward Time(s): 0.2226
Update Time(s): 0.0047
Emb Update Time(s): 2.5972
#seeds: 6144
#inputs: 2041893
=====================

=====================
Part 13, Epoch Time(s): 7.3081
Sampling Time(s): 0.3359
Loading Time(s): 3.1473
Forward Time(s): 0.9951
Backward Time(s): 0.2214
Update Time(s): 0.0044
Emb Update Time(s): 2.5989
#seeds: 6144
#inputs: 2049772
==========================================
Part 10, Epoch Time(s): 7.3082
Sampling Time(s): 0.3343
Loading Time(s): 3.1785
Forward Time(s): 0.9502
Backward Time(s): 0.2258
Update Time(s): 0.0045
Emb Update Time(s): 2.6095
#seeds: 6145
#inputs: 2033101
=====================
=====================
Part 12, Epoch Time(s): 7.3081
Sampling Time(s): 0.3176
Loading Time(s): 3.0808
Forward Time(s): 1.0646
Backward Time(s): 0.2249
Update Time(s): 0.0048
Emb Update Time(s): 2.6102
#seeds: 6144
#inputs: 2027141
=====================

=====================
Part 11, Epoch Time(s): 7.3082
Sampling Time(s): 0.3071
Loading Time(s): 2.6108
Forward Time(s): 1.5447
Backward Time(s): 0.2253
Update Time(s): 0.0050
Emb Update Time(s): 2.6097
#seeds: 6144
#inputs: 2044370
==========================================
Part 14, Epoch Time(s): 7.3081
Sampling Time(s): 0.2871
Loading Time(s): 2.7122
Forward Time(s): 1.4636
Backward Time(s): 0.2245
Update Time(s): 0.0042
Emb Update Time(s): 2.6109
#seeds: 6145
#inputs: 2036472
=====================

=====================
Part 9, Epoch Time(s): 7.3082
Sampling Time(s): 0.2986
Loading Time(s): 2.4352
Forward Time(s): 1.7288
Backward Time(s): 0.2260
Update Time(s): 0.0045
Emb Update Time(s): 2.6093
#seeds: 6144
#inputs: 2037116
=====================
Rank 15, Avg Epoch Time(s): 7.1193
Rank 12, Avg Epoch Time(s): 7.1193
Rank 8, Avg Epoch Time(s): 7.1193
Rank 13, Avg Epoch Time(s): 7.1193
Rank 31, Avg Epoch Time(s): 7.1193
Rank 25, Avg Epoch Time(s): 7.1193Rank 30, Avg Epoch Time(s): 7.1193

Rank 24, Avg Epoch Time(s): 7.1193
Rank 10, Avg Epoch Time(s): 7.1194
Rank 14, Avg Epoch Time(s): 7.1193
Rank 26, Avg Epoch Time(s): 7.1193
Rank 28, Avg Epoch Time(s): 7.1193Rank 29, Avg Epoch Time(s): 7.1193

Rank 19, Avg Epoch Time(s): 7.1193Rank 20, Avg Epoch Time(s): 7.1193

Rank 22, Avg Epoch Time(s): 7.1193
Rank 27, Avg Epoch Time(s): 7.1193
Rank 11, Avg Epoch Time(s): 7.1193
Rank 9, Avg Epoch Time(s): 7.1193
All parts avg epoch time 7.1193 sec, throughput 27617.1144 seeds/sec
parent ends
parent ends
parent ends
parent ends
Client[25] in group[0] is exiting...
parent ends
parent ends
Client[28] in group[0] is exiting...
Client[17] in group[0] is exiting...
Client[23] in group[0] is exiting...
parent ends
Client[18] in group[0] is exiting...
parent ends
Client[30] in group[0] is exiting...
Client[31] in group[0] is exiting...
Client[21] in group[0] is exiting...
parent ends
parent ends
parent ends
parent ends
parent ends
parent ends
Client[60] in group[0] is exiting...
Client[52] in group[0] is exiting...
Client[58] in group[0] is exiting...
Client[56] in group[0] is exiting...
Client[62] in group[0] is exiting...
parent ends
parent ends
Client[53] in group[0] is exiting...
Client[49] in group[0] is exiting...
parent ends
parent ends
parent ends
parent ends
parent ends
Client[10] in group[0] is exiting...
parent ends
Client[1] in group[0] is exiting...
Client[8] in group[0] is exiting...
Client[63] in group[0] is exiting...
Client[13] in group[0] is exiting...
parent ends
Client[14] in group[0] is exiting...
parent ends
parent ends
parent ends
parent ends
Client[12] in group[0] is exiting...
Client[41] in group[0] is exiting...
parent ends
Client[5] in group[0] is exiting...
Client[35] in group[0] is exiting...
Client[7] in group[0] is exiting...
Client[46] in group[0] is exiting...
Client[37] in group[0] is exiting...
parent ends
parent ends
parent ends
Client[45] in group[0] is exiting...
Client[33] in group[0] is exiting...
Client[32] in group[0] is exiting...
parent ends
Client[42] in group[0] is exiting...
Namespace(cache_server_addr='127.0.0.1', cache_server_port=32451, graph_name='ogbn-products', id=None, ip_config='ip_config4.txt', part_config=None, n_classes=None, num_gpus=8, num_epochs=20, num_hidden=256, fan_out='5,10,15', batch_size=1000, batch_size_eval=100000, log_every=20, eval_every=21, lr=0.003, dropout=0.5, local_rank=None, standalone=False, sparse_lr=0.01, presampling=True, hot_threshold=0.1)
load ogbn-products
Start to create specified graph formats which may take non-trivial time.
Finished creating specified graph formats.
start graph service on server 6 for part 3
Server is waiting for connections on [172.31.24.75:30050]...
Server (6) shutdown.
Server is exiting...
Namespace(cache_server_addr='127.0.0.1', cache_server_port=32451, graph_name='ogbn-products', id=None, ip_config='ip_config4.txt', part_config=None, n_classes=None, num_gpus=8, num_epochs=20, num_hidden=256, fan_out='5,10,15', batch_size=1000, batch_size_eval=100000, log_every=20, eval_every=21, lr=0.003, dropout=0.5, local_rank=None, standalone=False, sparse_lr=0.01, presampling=True, hot_threshold=0.1)
load ogbn-products
Start to create specified graph formats which may take non-trivial time.
Finished creating specified graph formats.
start graph service on server 4 for part 2
Server is waiting for connections on [172.31.20.203:30050]...
Server (4) shutdown.
Server is exiting...
Namespace(cache_server_addr='127.0.0.1', cache_server_port=32451, graph_name='ogbn-products', id=None, ip_config='ip_config4.txt', part_config=None, n_classes=None, num_gpus=8, num_epochs=20, num_hidden=256, fan_out='5,10,15', batch_size=1000, batch_size_eval=100000, log_every=20, eval_every=21, lr=0.003, dropout=0.5, local_rank=None, standalone=False, sparse_lr=0.01, presampling=True, hot_threshold=0.1)
load ogbn-products
Start to create specified graph formats which may take non-trivial time.
Finished creating specified graph formats.
start graph service on server 2 for part 1
Server is waiting for connections on [172.31.25.229:30050]...
Server (2) shutdown.
Server is exiting...
Namespace(cache_server_addr='127.0.0.1', cache_server_port=32451, graph_name='ogbn-products', id=None, ip_config='ip_config4.txt', part_config=None, n_classes=None, num_gpus=8, num_epochs=20, num_hidden=256, fan_out='5,10,15', batch_size=1000, batch_size_eval=100000, log_every=20, eval_every=21, lr=0.003, dropout=0.5, local_rank=None, standalone=False, sparse_lr=0.01, presampling=True, hot_threshold=0.1)
load ogbn-products
Start to create specified graph formats which may take non-trivial time.
Finished creating specified graph formats.
start graph service on server 0 for part 0
Server is waiting for connections on [172.31.20.34:30050]...
Server (0) shutdown.
Server is exiting...
Namespace(cache_server_addr='127.0.0.1', cache_server_port=32451, graph_name='ogbn-products', id=None, ip_config='ip_config4.txt', part_config=None, n_classes=None, num_gpus=8, num_epochs=20, num_hidden=256, fan_out='5,10,15', batch_size=1000, batch_size_eval=100000, log_every=20, eval_every=21, lr=0.003, dropout=0.5, local_rank=None, standalone=False, sparse_lr=0.01, presampling=True, hot_threshold=0.1)
start graph service on server 1 for part 0
Server is waiting for connections on [172.31.20.34:30051]...
Server (1) shutdown.
Server is exiting...
Namespace(cache_server_addr='127.0.0.1', cache_server_port=32451, graph_name='ogbn-products', id=None, ip_config='ip_config4.txt', part_config=None, n_classes=None, num_gpus=8, num_epochs=20, num_hidden=256, fan_out='5,10,15', batch_size=1000, batch_size_eval=100000, log_every=20, eval_every=21, lr=0.003, dropout=0.5, local_rank=None, standalone=False, sparse_lr=0.01, presampling=True, hot_threshold=0.1)
start graph service on server 5 for part 2
Server is waiting for connections on [172.31.20.203:30051]...
Server (5) shutdown.
Server is exiting...
Namespace(cache_server_addr='127.0.0.1', cache_server_port=32451, graph_name='ogbn-products', id=None, ip_config='ip_config4.txt', part_config=None, n_classes=None, num_gpus=8, num_epochs=20, num_hidden=256, fan_out='5,10,15', batch_size=1000, batch_size_eval=100000, log_every=20, eval_every=21, lr=0.003, dropout=0.5, local_rank=None, standalone=False, sparse_lr=0.01, presampling=True, hot_threshold=0.1)
start graph service on server 7 for part 3
Server is waiting for connections on [172.31.24.75:30051]...
Server (7) shutdown.
Server is exiting...
Namespace(cache_server_addr='127.0.0.1', cache_server_port=32451, graph_name='ogbn-products', id=None, ip_config='ip_config4.txt', part_config=None, n_classes=None, num_gpus=8, num_epochs=20, num_hidden=256, fan_out='5,10,15', batch_size=1000, batch_size_eval=100000, log_every=20, eval_every=21, lr=0.003, dropout=0.5, local_rank=None, standalone=False, sparse_lr=0.01, presampling=True, hot_threshold=0.1)
start graph service on server 3 for part 1
Server is waiting for connections on [172.31.25.229:30051]...
Server (3) shutdown.
Server is exiting...
Client [18699] waits on 172.31.24.75:42763
Machine (3) group (0) client (38) connect to server successfuly!
Client[38] in group[0] is exiting...
Client [18692] waits on 172.31.24.75:44963
Machine (3) group (0) client (39) connect to server successfuly!
Client[39] in group[0] is exiting...
Client [18724] waits on 172.31.24.75:41007
Machine (3) group (0) client (36) connect to server successfuly!
Client[36] in group[0] is exiting...
Client [18713] waits on 172.31.24.75:39895
Machine (3) group (0) client (34) connect to server successfuly!
Client[34] in group[0] is exiting...
Client [18722] waits on 172.31.24.75:55989
Machine (3) group (0) client (44) connect to server successfuly!
Client[44] in group[0] is exiting...
Client [18721] waits on 172.31.24.75:48245
Machine (3) group (0) client (40) connect to server successfuly!
Client[40] in group[0] is exiting...
Client [18746] waits on 172.31.24.75:55359
Machine (3) group (0) client (43) connect to server successfuly!
Client[43] in group[0] is exiting...
Client [55727] waits on 172.31.20.34:44629
Machine (0) group (0) client (22) connect to server successfuly!
Client[22] in group[0] is exiting...
Client [19513] waits on 172.31.20.203:35451
Machine (2) group (0) client (0) connect to server successfuly!
Client[0] in group[0] is exiting...
Client [55731] waits on 172.31.20.34:52475
Machine (0) group (0) client (26) connect to server successfuly!
Client[26] in group[0] is exiting...
Client [55726] waits on 172.31.20.34:39277
Machine (0) group (0) client (20) connect to server successfuly!
Client[20] in group[0] is exiting...
Client [19526] waits on 172.31.20.203:51495
Machine (2) group (0) client (9) connect to server successfuly!
Client[9] in group[0] is exiting...
Client [19527] waits on 172.31.20.203:36429
Machine (2) group (0) client (3) connect to server successfuly!
Client[3] in group[0] is exiting...
Client [19525] waits on 172.31.20.203:56045
Machine (2) group (0) client (15) connect to server successfuly!
Client[15] in group[0] is exiting...
Client [19515] waits on 172.31.20.203:48575
Machine (2) group (0) client (6) connect to server successfuly!
Client[6] in group[0] is exiting...
Client [55779] waits on 172.31.20.34:36767
Machine (0) group (0) client (19) connect to server successfuly!
Client[19] in group[0] is exiting...
Client [55729] waits on 172.31.20.34:56461
Machine (0) group (0) client (29) connect to server successfuly!
Client[29] in group[0] is exiting...
Client [55734] waits on 172.31.20.34:33189
Machine (0) group (0) client (16) connect to server successfuly!
Client[16] in group[0] is exiting...
Client [55752] waits on 172.31.20.34:48697
Machine (0) group (0) client (24) connect to server successfuly!
Client[24] in group[0] is exiting...
Client [19564] waits on 172.31.20.203:36031
Machine (2) group (0) client (2) connect to server successfuly!
Client[2] in group[0] is exiting...
Client [19516] waits on 172.31.20.203:54075
Machine (2) group (0) client (11) connect to server successfuly!
Client[11] in group[0] is exiting...
Client [18866] waits on 172.31.25.229:39579
Machine (1) group (0) client (55) connect to server successfuly!
Client[55] in group[0] is exiting...
Client [18864] waits on 172.31.25.229:33167
Machine (1) group (0) client (48) connect to server successfuly!
Client[48] in group[0] is exiting...
Client [18867] waits on 172.31.25.229:47983
Machine (1) group (0) client (59) connect to server successfuly!
Client[59] in group[0] is exiting...
Client [18872] waits on 172.31.25.229:35151
Machine (1) group (0) client (51) connect to server successfuly!
Client[51] in group[0] is exiting...
Client [18870] waits on 172.31.25.229:44293
Machine (1) group (0) client (57) connect to server successfuly!
Client[57] in group[0] is exiting...
Client [18868] waits on 172.31.25.229:35097
Machine (1) group (0) client (50) connect to server successfuly!
Client[50] in group[0] is exiting...
Client [18861] waits on 172.31.25.229:53267
Machine (1) group (0) client (61) connect to server successfuly!
Client[61] in group[0] is exiting...
Client [18706] waits on 172.31.24.75:58321
Machine (3) group (0) client (47) connect to server successfuly!
Client[47] in group[0] is exiting...
Client [19510] waits on 172.31.20.203:36457
Machine (2) group (0) client (4) connect to server successfuly!
Client[4] in group[0] is exiting...
Client [55740] waits on 172.31.20.34:54311
Machine (0) group (0) client (27) connect to server successfuly!
Client[27] in group[0] is exiting...
Client [18904] waits on 172.31.25.229:39533
Machine (1) group (0) client (54) connect to server successfuly!
Client[54] in group[0] is exiting...
cleanup process runs
