The number of OMP threads per trainer is set to 6
Namespace(cache_server_addr='127.0.0.1', cache_server_port=32451, graph_name='ogbn-products', id=None, ip_config='ip_config4.txt', part_config=None, n_classes=None, num_gpus=8, num_epochs=20, num_hidden=256, model_num_hidden=256, fan_out='5,10,15', batch_size=1000, batch_size_eval=100000, log_every=20, eval_every=1, lr=0.003, dropout=0.5, local_rank=None, standalone=False, sparse_lr=0.01, presampling=True, hot_threshold=0.1, emb_cache_rate=0.2, optim='adam', model='gcn', infer_method='layerwise', state_cache=False)
Namespace(cache_server_addr='127.0.0.1', cache_server_port=32451, graph_name='ogbn-products', id=None, ip_config='ip_config4.txt', part_config=None, n_classes=None, num_gpus=8, num_epochs=20, num_hidden=256, model_num_hidden=256, fan_out='5,10,15', batch_size=1000, batch_size_eval=100000, log_every=20, eval_every=1, lr=0.003, dropout=0.5, local_rank=None, standalone=False, sparse_lr=0.01, presampling=True, hot_threshold=0.1, emb_cache_rate=0.2, optim='adam', model='gcn', infer_method='layerwise', state_cache=False)
Namespace(cache_server_addr='127.0.0.1', cache_server_port=32451, graph_name='ogbn-products', id=None, ip_config='ip_config4.txt', part_config=None, n_classes=None, num_gpus=8, num_epochs=20, num_hidden=256, model_num_hidden=256, fan_out='5,10,15', batch_size=1000, batch_size_eval=100000, log_every=20, eval_every=1, lr=0.003, dropout=0.5, local_rank=None, standalone=False, sparse_lr=0.01, presampling=True, hot_threshold=0.1, emb_cache_rate=0.2, optim='adam', model='gcn', infer_method='layerwise', state_cache=False)
Namespace(cache_server_addr='127.0.0.1', cache_server_port=32451, graph_name='ogbn-products', id=None, ip_config='ip_config4.txt', part_config=None, n_classes=None, num_gpus=8, num_epochs=20, num_hidden=256, model_num_hidden=256, fan_out='5,10,15', batch_size=1000, batch_size_eval=100000, log_every=20, eval_every=1, lr=0.003, dropout=0.5, local_rank=None, standalone=False, sparse_lr=0.01, presampling=True, hot_threshold=0.1, emb_cache_rate=0.2, optim='adam', model='gcn', infer_method='layerwise', state_cache=False)
Namespace(cache_server_addr='127.0.0.1', cache_server_port=32451, graph_name='ogbn-products', id=None, ip_config='ip_config4.txt', part_config=None, n_classes=None, num_gpus=8, num_epochs=20, num_hidden=256, model_num_hidden=256, fan_out='5,10,15', batch_size=1000, batch_size_eval=100000, log_every=20, eval_every=1, lr=0.003, dropout=0.5, local_rank=None, standalone=False, sparse_lr=0.01, presampling=True, hot_threshold=0.1, emb_cache_rate=0.2, optim='adam', model='gcn', infer_method='layerwise', state_cache=False)
Namespace(cache_server_addr='127.0.0.1', cache_server_port=32451, graph_name='ogbn-products', id=None, ip_config='ip_config4.txt', part_config=None, n_classes=None, num_gpus=8, num_epochs=20, num_hidden=256, model_num_hidden=256, fan_out='5,10,15', batch_size=1000, batch_size_eval=100000, log_every=20, eval_every=1, lr=0.003, dropout=0.5, local_rank=None, standalone=False, sparse_lr=0.01, presampling=True, hot_threshold=0.1, emb_cache_rate=0.2, optim='adam', model='gcn', infer_method='layerwise', state_cache=False)
Namespace(cache_server_addr='127.0.0.1', cache_server_port=32451, graph_name='ogbn-products', id=None, ip_config='ip_config4.txt', part_config=None, n_classes=None, num_gpus=8, num_epochs=20, num_hidden=256, model_num_hidden=256, fan_out='5,10,15', batch_size=1000, batch_size_eval=100000, log_every=20, eval_every=1, lr=0.003, dropout=0.5, local_rank=None, standalone=False, sparse_lr=0.01, presampling=True, hot_threshold=0.1, emb_cache_rate=0.2, optim='adam', model='gcn', infer_method='layerwise', state_cache=False)
Namespace(cache_server_addr='127.0.0.1', cache_server_port=32451, graph_name='ogbn-products', id=None, ip_config='ip_config4.txt', part_config=None, n_classes=None, num_gpus=8, num_epochs=20, num_hidden=256, model_num_hidden=256, fan_out='5,10,15', batch_size=1000, batch_size_eval=100000, log_every=20, eval_every=1, lr=0.003, dropout=0.5, local_rank=None, standalone=False, sparse_lr=0.01, presampling=True, hot_threshold=0.1, emb_cache_rate=0.2, optim='adam', model='gcn', infer_method='layerwise', state_cache=False)
Namespace(cache_server_addr='127.0.0.1', cache_server_port=32451, graph_name='ogbn-products', id=None, ip_config='ip_config4.txt', part_config=None, n_classes=None, num_gpus=8, num_epochs=20, num_hidden=256, model_num_hidden=256, fan_out='5,10,15', batch_size=1000, batch_size_eval=100000, log_every=20, eval_every=1, lr=0.003, dropout=0.5, local_rank=None, standalone=False, sparse_lr=0.01, presampling=True, hot_threshold=0.1, emb_cache_rate=0.2, optim='adam', model='gcn', infer_method='layerwise', state_cache=False)
Namespace(cache_server_addr='127.0.0.1', cache_server_port=32451, graph_name='ogbn-products', id=None, ip_config='ip_config4.txt', part_config=None, n_classes=None, num_gpus=8, num_epochs=20, num_hidden=256, model_num_hidden=256, fan_out='5,10,15', batch_size=1000, batch_size_eval=100000, log_every=20, eval_every=1, lr=0.003, dropout=0.5, local_rank=None, standalone=False, sparse_lr=0.01, presampling=True, hot_threshold=0.1, emb_cache_rate=0.2, optim='adam', model='gcn', infer_method='layerwise', state_cache=False)
Namespace(cache_server_addr='127.0.0.1', cache_server_port=32451, graph_name='ogbn-products', id=None, ip_config='ip_config4.txt', part_config=None, n_classes=None, num_gpus=8, num_epochs=20, num_hidden=256, model_num_hidden=256, fan_out='5,10,15', batch_size=1000, batch_size_eval=100000, log_every=20, eval_every=1, lr=0.003, dropout=0.5, local_rank=None, standalone=False, sparse_lr=0.01, presampling=True, hot_threshold=0.1, emb_cache_rate=0.2, optim='adam', model='gcn', infer_method='layerwise', state_cache=False)
Namespace(cache_server_addr='127.0.0.1', cache_server_port=32451, graph_name='ogbn-products', id=None, ip_config='ip_config4.txt', part_config=None, n_classes=None, num_gpus=8, num_epochs=20, num_hidden=256, model_num_hidden=256, fan_out='5,10,15', batch_size=1000, batch_size_eval=100000, log_every=20, eval_every=1, lr=0.003, dropout=0.5, local_rank=None, standalone=False, sparse_lr=0.01, presampling=True, hot_threshold=0.1, emb_cache_rate=0.2, optim='adam', model='gcn', infer_method='layerwise', state_cache=False)
Namespace(cache_server_addr='127.0.0.1', cache_server_port=32451, graph_name='ogbn-products', id=None, ip_config='ip_config4.txt', part_config=None, n_classes=None, num_gpus=8, num_epochs=20, num_hidden=256, model_num_hidden=256, fan_out='5,10,15', batch_size=1000, batch_size_eval=100000, log_every=20, eval_every=1, lr=0.003, dropout=0.5, local_rank=None, standalone=False, sparse_lr=0.01, presampling=True, hot_threshold=0.1, emb_cache_rate=0.2, optim='adam', model='gcn', infer_method='layerwise', state_cache=False)
Namespace(cache_server_addr='127.0.0.1', cache_server_port=32451, graph_name='ogbn-products', id=None, ip_config='ip_config4.txt', part_config=None, n_classes=None, num_gpus=8, num_epochs=20, num_hidden=256, model_num_hidden=256, fan_out='5,10,15', batch_size=1000, batch_size_eval=100000, log_every=20, eval_every=1, lr=0.003, dropout=0.5, local_rank=None, standalone=False, sparse_lr=0.01, presampling=True, hot_threshold=0.1, emb_cache_rate=0.2, optim='adam', model='gcn', infer_method='layerwise', state_cache=False)
Namespace(cache_server_addr='127.0.0.1', cache_server_port=32451, graph_name='ogbn-products', id=None, ip_config='ip_config4.txt', part_config=None, n_classes=None, num_gpus=8, num_epochs=20, num_hidden=256, model_num_hidden=256, fan_out='5,10,15', batch_size=1000, batch_size_eval=100000, log_every=20, eval_every=1, lr=0.003, dropout=0.5, local_rank=None, standalone=False, sparse_lr=0.01, presampling=True, hot_threshold=0.1, emb_cache_rate=0.2, optim='adam', model='gcn', infer_method='layerwise', state_cache=False)
Namespace(cache_server_addr='127.0.0.1', cache_server_port=32451, graph_name='ogbn-products', id=None, ip_config='ip_config4.txt', part_config=None, n_classes=None, num_gpus=8, num_epochs=20, num_hidden=256, model_num_hidden=256, fan_out='5,10,15', batch_size=1000, batch_size_eval=100000, log_every=20, eval_every=1, lr=0.003, dropout=0.5, local_rank=None, standalone=False, sparse_lr=0.01, presampling=True, hot_threshold=0.1, emb_cache_rate=0.2, optim='adam', model='gcn', infer_method='layerwise', state_cache=False)
Namespace(cache_server_addr='127.0.0.1', cache_server_port=32451, graph_name='ogbn-products', id=None, ip_config='ip_config4.txt', part_config=None, n_classes=None, num_gpus=8, num_epochs=20, num_hidden=256, model_num_hidden=256, fan_out='5,10,15', batch_size=1000, batch_size_eval=100000, log_every=20, eval_every=1, lr=0.003, dropout=0.5, local_rank=None, standalone=False, sparse_lr=0.01, presampling=True, hot_threshold=0.1, emb_cache_rate=0.2, optim='adam', model='gcn', infer_method='layerwise', state_cache=False)
Namespace(cache_server_addr='127.0.0.1', cache_server_port=32451, graph_name='ogbn-products', id=None, ip_config='ip_config4.txt', part_config=None, n_classes=None, num_gpus=8, num_epochs=20, num_hidden=256, model_num_hidden=256, fan_out='5,10,15', batch_size=1000, batch_size_eval=100000, log_every=20, eval_every=1, lr=0.003, dropout=0.5, local_rank=None, standalone=False, sparse_lr=0.01, presampling=True, hot_threshold=0.1, emb_cache_rate=0.2, optim='adam', model='gcn', infer_method='layerwise', state_cache=False)
Namespace(cache_server_addr='127.0.0.1', cache_server_port=32451, graph_name='ogbn-products', id=None, ip_config='ip_config4.txt', part_config=None, n_classes=None, num_gpus=8, num_epochs=20, num_hidden=256, model_num_hidden=256, fan_out='5,10,15', batch_size=1000, batch_size_eval=100000, log_every=20, eval_every=1, lr=0.003, dropout=0.5, local_rank=None, standalone=False, sparse_lr=0.01, presampling=True, hot_threshold=0.1, emb_cache_rate=0.2, optim='adam', model='gcn', infer_method='layerwise', state_cache=False)
Namespace(cache_server_addr='127.0.0.1', cache_server_port=32451, graph_name='ogbn-products', id=None, ip_config='ip_config4.txt', part_config=None, n_classes=None, num_gpus=8, num_epochs=20, num_hidden=256, model_num_hidden=256, fan_out='5,10,15', batch_size=1000, batch_size_eval=100000, log_every=20, eval_every=1, lr=0.003, dropout=0.5, local_rank=None, standalone=False, sparse_lr=0.01, presampling=True, hot_threshold=0.1, emb_cache_rate=0.2, optim='adam', model='gcn', infer_method='layerwise', state_cache=False)
Namespace(cache_server_addr='127.0.0.1', cache_server_port=32451, graph_name='ogbn-products', id=None, ip_config='ip_config4.txt', part_config=None, n_classes=None, num_gpus=8, num_epochs=20, num_hidden=256, model_num_hidden=256, fan_out='5,10,15', batch_size=1000, batch_size_eval=100000, log_every=20, eval_every=1, lr=0.003, dropout=0.5, local_rank=None, standalone=False, sparse_lr=0.01, presampling=True, hot_threshold=0.1, emb_cache_rate=0.2, optim='adam', model='gcn', infer_method='layerwise', state_cache=False)
Namespace(cache_server_addr='127.0.0.1', cache_server_port=32451, graph_name='ogbn-products', id=None, ip_config='ip_config4.txt', part_config=None, n_classes=None, num_gpus=8, num_epochs=20, num_hidden=256, model_num_hidden=256, fan_out='5,10,15', batch_size=1000, batch_size_eval=100000, log_every=20, eval_every=1, lr=0.003, dropout=0.5, local_rank=None, standalone=False, sparse_lr=0.01, presampling=True, hot_threshold=0.1, emb_cache_rate=0.2, optim='adam', model='gcn', infer_method='layerwise', state_cache=False)
Namespace(cache_server_addr='127.0.0.1', cache_server_port=32451, graph_name='ogbn-products', id=None, ip_config='ip_config4.txt', part_config=None, n_classes=None, num_gpus=8, num_epochs=20, num_hidden=256, model_num_hidden=256, fan_out='5,10,15', batch_size=1000, batch_size_eval=100000, log_every=20, eval_every=1, lr=0.003, dropout=0.5, local_rank=None, standalone=False, sparse_lr=0.01, presampling=True, hot_threshold=0.1, emb_cache_rate=0.2, optim='adam', model='gcn', infer_method='layerwise', state_cache=False)
Namespace(cache_server_addr='127.0.0.1', cache_server_port=32451, graph_name='ogbn-products', id=None, ip_config='ip_config4.txt', part_config=None, n_classes=None, num_gpus=8, num_epochs=20, num_hidden=256, model_num_hidden=256, fan_out='5,10,15', batch_size=1000, batch_size_eval=100000, log_every=20, eval_every=1, lr=0.003, dropout=0.5, local_rank=None, standalone=False, sparse_lr=0.01, presampling=True, hot_threshold=0.1, emb_cache_rate=0.2, optim='adam', model='gcn', infer_method='layerwise', state_cache=False)
Namespace(cache_server_addr='127.0.0.1', cache_server_port=32451, graph_name='ogbn-products', id=None, ip_config='ip_config4.txt', part_config=None, n_classes=None, num_gpus=8, num_epochs=20, num_hidden=256, model_num_hidden=256, fan_out='5,10,15', batch_size=1000, batch_size_eval=100000, log_every=20, eval_every=1, lr=0.003, dropout=0.5, local_rank=None, standalone=False, sparse_lr=0.01, presampling=True, hot_threshold=0.1, emb_cache_rate=0.2, optim='adam', model='gcn', infer_method='layerwise', state_cache=False)
Namespace(cache_server_addr='127.0.0.1', cache_server_port=32451, graph_name='ogbn-products', id=None, ip_config='ip_config4.txt', part_config=None, n_classes=None, num_gpus=8, num_epochs=20, num_hidden=256, model_num_hidden=256, fan_out='5,10,15', batch_size=1000, batch_size_eval=100000, log_every=20, eval_every=1, lr=0.003, dropout=0.5, local_rank=None, standalone=False, sparse_lr=0.01, presampling=True, hot_threshold=0.1, emb_cache_rate=0.2, optim='adam', model='gcn', infer_method='layerwise', state_cache=False)
Namespace(cache_server_addr='127.0.0.1', cache_server_port=32451, graph_name='ogbn-products', id=None, ip_config='ip_config4.txt', part_config=None, n_classes=None, num_gpus=8, num_epochs=20, num_hidden=256, model_num_hidden=256, fan_out='5,10,15', batch_size=1000, batch_size_eval=100000, log_every=20, eval_every=1, lr=0.003, dropout=0.5, local_rank=None, standalone=False, sparse_lr=0.01, presampling=True, hot_threshold=0.1, emb_cache_rate=0.2, optim='adam', model='gcn', infer_method='layerwise', state_cache=False)
Namespace(cache_server_addr='127.0.0.1', cache_server_port=32451, graph_name='ogbn-products', id=None, ip_config='ip_config4.txt', part_config=None, n_classes=None, num_gpus=8, num_epochs=20, num_hidden=256, model_num_hidden=256, fan_out='5,10,15', batch_size=1000, batch_size_eval=100000, log_every=20, eval_every=1, lr=0.003, dropout=0.5, local_rank=None, standalone=False, sparse_lr=0.01, presampling=True, hot_threshold=0.1, emb_cache_rate=0.2, optim='adam', model='gcn', infer_method='layerwise', state_cache=False)
Namespace(cache_server_addr='127.0.0.1', cache_server_port=32451, graph_name='ogbn-products', id=None, ip_config='ip_config4.txt', part_config=None, n_classes=None, num_gpus=8, num_epochs=20, num_hidden=256, model_num_hidden=256, fan_out='5,10,15', batch_size=1000, batch_size_eval=100000, log_every=20, eval_every=1, lr=0.003, dropout=0.5, local_rank=None, standalone=False, sparse_lr=0.01, presampling=True, hot_threshold=0.1, emb_cache_rate=0.2, optim='adam', model='gcn', infer_method='layerwise', state_cache=False)
Namespace(cache_server_addr='127.0.0.1', cache_server_port=32451, graph_name='ogbn-products', id=None, ip_config='ip_config4.txt', part_config=None, n_classes=None, num_gpus=8, num_epochs=20, num_hidden=256, model_num_hidden=256, fan_out='5,10,15', batch_size=1000, batch_size_eval=100000, log_every=20, eval_every=1, lr=0.003, dropout=0.5, local_rank=None, standalone=False, sparse_lr=0.01, presampling=True, hot_threshold=0.1, emb_cache_rate=0.2, optim='adam', model='gcn', infer_method='layerwise', state_cache=False)
Namespace(cache_server_addr='127.0.0.1', cache_server_port=32451, graph_name='ogbn-products', id=None, ip_config='ip_config4.txt', part_config=None, n_classes=None, num_gpus=8, num_epochs=20, num_hidden=256, model_num_hidden=256, fan_out='5,10,15', batch_size=1000, batch_size_eval=100000, log_every=20, eval_every=1, lr=0.003, dropout=0.5, local_rank=None, standalone=False, sparse_lr=0.01, presampling=True, hot_threshold=0.1, emb_cache_rate=0.2, optim='adam', model='gcn', infer_method='layerwise', state_cache=False)
Namespace(cache_server_addr='127.0.0.1', cache_server_port=32451, graph_name='ogbn-products', id=None, ip_config='ip_config4.txt', part_config=None, n_classes=None, num_gpus=8, num_epochs=20, num_hidden=256, model_num_hidden=256, fan_out='5,10,15', batch_size=1000, batch_size_eval=100000, log_every=20, eval_every=1, lr=0.003, dropout=0.5, local_rank=None, standalone=False, sparse_lr=0.01, presampling=True, hot_threshold=0.1, emb_cache_rate=0.2, optim='adam', model='gcn', infer_method='layerwise', state_cache=False)
Client [225611] waits on 172.31.20.203:47985
Client [226263] waits on 172.31.25.229:60035
Client [226295] waits on 172.31.25.229:56763
Machine (2) group (0) client (24) connect to server successfuly!
Machine (1) group (0) client (61) connect to server successfuly!
Machine (1) group (0) client (62) connect to server successfuly!
Client [225588] waits on 172.31.20.203:53733
Machine (2) group (0) client (26) connect to server successfuly!
Client [225585] waits on 172.31.20.203:48289
Client [225605] waits on 172.31.20.203:46191
Machine (2) group (0) client (25) connect to server successfuly!
Machine (2) group (0) client (22) connect to server successfuly!
Client [225586] waits on 172.31.20.203:42391
Machine (2) group (0) client (21) connect to server successfuly!
Client [225594] waits on 172.31.20.203:33249
Client [225587] waits on 172.31.20.203:36733
Client [233994] waits on 172.31.16.179:56527
Client [226267] waits on 172.31.25.229:36481
Client [233993] waits on 172.31.16.179:38439
Client [234018] waits on 172.31.16.179:47831
Client [233991] waits on 172.31.16.179:59775
Client [419264] waits on 172.31.20.34:41859
Client [419252] waits on 172.31.20.34:37245
Client [419233] waits on 172.31.20.34:38235
Client [234001] waits on 172.31.16.179:49149
Client [233992] waits on 172.31.16.179:50419
Client [234012] waits on 172.31.16.179:53431
Client [419234] waits on 172.31.20.34:44143
Client [225584] waits on 172.31.20.203:38253
Client [419235] waits on 172.31.20.34:57947
Client [419241] waits on 172.31.20.34:44269
Client [419232] waits on 172.31.20.34:45517
Client [233995] waits on 172.31.16.179:41937
Client [419270] waits on 172.31.20.34:50815
Machine (3) group (0) client (15) connect to server successfuly!
Machine (3) group (0) client (13) connect to server successfuly!
Machine (1) group (0) client (49) connect to server successfuly!
Machine (3) group (0) client (8) connect to server successfuly!
Machine (3) group (0) client (7) connect to server successfuly!
Machine (3) group (0) client (11) connect to server successfuly!
Machine (3) group (0) client (12) connect to server successfuly!
Machine (3) group (0) client (6) connect to server successfuly!
Machine (3) group (0) client (3) connect to server successfuly!
Machine (0) group (0) client (41) connect to server successfuly!
Machine (0) group (0) client (42) connect to server successfuly!
Machine (0) group (0) client (36) connect to server successfuly!
Machine (0) group (0) client (35) connect to server successfuly!Machine (0) group (0) client (38) connect to server successfuly!

Client [226273] waits on 172.31.25.229:41905
Machine (1) group (0) client (52) connect to server successfuly!
Client [226266] waits on 172.31.25.229:39635
Machine (1) group (0) client (51) connect to server successfuly!
Client [226265] waits on 172.31.25.229:54307
Machine (1) group (0) client (56) connect to server successfuly!
Machine (0) group (0) client (46) connect to server successfuly!
Client [226264] waits on 172.31.25.229:54887
Machine (1) group (0) client (57) connect to server successfuly!
Client [226284] waits on 172.31.25.229:55419
Machine (2) group (0) client (18) connect to server successfuly!
Machine (2) group (0) client (19) connect to server successfuly!
Machine (1) group (0) client (58) connect to server successfuly!
Machine (2) group (0) client (17) connect to server successfuly!
Machine (0) group (0) client (43) connect to server successfuly!
Machine (0) group (0) client (44) connect to server successfuly!
rank: 22
rank: 14
rank: 10
rank: 2
rank: 8
rank: 0
rank: 11
rank: 23
rank: 21
rank: 20
rank: 12
rank: 29
rank: 1
rank:rank: 16
 30
rank: 9
rank: 6
rank: 26
rank:rank: 13 
15
rank: 24
rank: 31
rank: 4
rank: 25
rank: 17
rank:rank:  53

rank: 7
rank:rank: 27
 19
rank: 18
rank: 28
part 5, train: 6145 (local: 6145), val: 1229 (local: 1229), test: 69160 (local: 69160)
part 6, train: 6144 (local: 6144), val: 1229 (local: 1229), test: 69159 (local: 69159)
part 3, train: 6144 (local: 6144), val: 1228 (local: 1228), test: 69159 (local: 69159)
part 2, train: 6144 (local: 6144), val: 1229 (local: 1229), test: 69159 (local: 69159)
part 0, train: 6144 (local: 6144), val: 1229 (local: 1229), test: 69159 (local: 69159)
part 1, train: 6145 (local: 6145), val: 1229 (local: 1229), test: 69159 (local: 69159)
part 4, train: 6144 (local: 6144), val: 1229 (local: 1229), test: 69159 (local: 69159)
part 7, train: 6144 (local: 6144), val: 1229 (local: 1229), test: 69159 (local: 69159)
part 11, train: 6145 (local: 5984), val: 1229 (local: 1185), test: 69159 (local: 67363)
part 12, train: 6145 (local: 5999), val: 1229 (local: 1179), test: 69160 (local: 67441)
part 9, train: 6144 (local: 5997), val: 1229 (local: 1183), test: 69159 (local: 67378)
part 15, train: 6144 (local: 6007), val: 1229 (local: 1179), test: 69159 (local: 67364)
part 8, train: 6144 (local: 6014), val: 1228 (local: 1178), test: 69159 (local: 67487)
part 14, train: 6144 (local: 5995), val: 1229 (local: 1187), test: 69159 (local: 67372)
part 13, train: 6144 (local: 5989), val: 1229 (local: 1192), test: 69159 (local: 67473)
part 10, train: 6144 (local: 5992), val: 1229 (local: 1188), test: 69159 (local: 67368)
part 25, train: 6144 (local: 5950), val: 1229 (local: 1200), test: 69159 (local: 67401)
part 27, train: 6144 (local: 5939), val: 1228 (local: 1202), test: 69159 (local: 67328)
part 24, train: 6144 (local: 5946), val: 1228 (local: 1204), test: 69159 (local: 67407)
part 28, train: 6144 (local: 5933), val: 1229 (local: 1201), test: 69159 (local: 67290)
part 31, train: 6144 (local: 5952), val: 1229 (local: 1200), test: 69159 (local: 67348)
part 16, train: 6144 (local: 6054), val: 1229 (local: 1208), test: 69159 (local: 69004)
part 23, train: 6144 (local: 6034), val: 1229 (local: 1216), test: 69159 (local: 69009)
part 30, train: 6144 (local: 5925), val: 1229 (local: 1199), test: 69159 (local: 67341)
part 18, train: 6144 (local: 6031), val: 1229 (local: 1204), test: 69159 (local: 68977)
part 19, train: 6145 (local: 6050), val: 1229 (local: 1203), test: 69159 (local: 68985)
part 17, train: 6144 (local: 6038), val: 1229 (local: 1211), test: 69159 (local: 68973)
part 20, train: 6144 (local: 6057), val: 1228 (local: 1206), test: 69159 (local: 68995)
part 21, train: 6145 (local: 6005), val: 1229 (local: 1212), test: 69160 (local: 68995)
#labels: 47
part 22, train: 6144 (local: 6041), val: 1229 (local: 1212), test: 69159 (local: 68985)
part 26, train: 6145 (local: 5929), val: 1229 (local: 1204), test: 69159 (local: 67382)
#labels: 47
part 29, train: 6144 (local: 5958), val: 1229 (local: 1203), test: 69159 (local: 67364)
#labels: 47
#labels: 47
#labels: 47
#labels: 47
#labels: 47
#labels: 47
#labels: 47
#labels: 47
#labels: 47
#labels: 47
#labels: 47
#labels: 47
#labels: 47
#labels: 47
#labels: 47
#labels: 47
#labels: 47
#labels: 47
#labels: 47
#labels: 47
#labels: 47
#labels: 47
#labels: 47
#labels: #labels:47
 47
#labels: 47
#labels: 47
#labels: 47
#labels: 47
#labels: 47
Presampling done, max: 0.991 min: 0.004 avg: 0.126
Presampling done, max: 0.991 min: 0.004 avg: 0.126
Presampling done, max: 0.991 min: 0.004 avg: 0.126
Presampling done, max: 0.991 min: 0.004 avg: 0.126
Presampling done, max: 0.991 min: 0.004 avg: 0.126
Presampling done, max: 0.991 min: 0.004 avg: 0.126Presampling done, max: 0.991 min: 0.004 avg: 0.126

Presampling done, max: 0.991 min: 0.004 avg: 0.126
Presampling done, max: 0.991 min: 0.004 avg: 0.126
Presampling done, max: 0.991 min: 0.004 avg: 0.126
Presampling done, max: 0.991 min: 0.004 avg: 0.126
Presampling done, max: 0.991 min: 0.004 avg: 0.126
Presampling done, max: 0.991 min: 0.004 avg: 0.126
Presampling done, max: 0.991 min: 0.004 avg: 0.126
Presampling done, max: 0.991 min: 0.004 avg: 0.126
Presampling done, max: 0.991 min: 0.004 avg: 0.126
#hot_nodes = 1037993
Create distemb
Presampling done, max: 0.991 min: 0.004 avg: 0.126
Presampling done, max: 0.991 min: 0.004 avg: 0.126
Presampling done, max: 0.991 min: 0.004 avg: 0.126
Presampling done, max: 0.991 min: 0.004 avg: 0.126
#hot_nodes = 1037993
Create distemb
Presampling done, max: 0.991 min: 0.004 avg: 0.126
#hot_nodes = 1037993
Create distemb
#hot_nodes = 1037993
Create distemb
Presampling done, max: 0.991 min: 0.004 avg: 0.126
Presampling done, max: 0.991 min: 0.004 avg: 0.126
#hot_nodes = 1037993
Create distemb
Presampling done, max: 0.991 min: 0.004 avg: 0.126
#hot_nodes = 1037993
Create distemb
Presampling done, max: 0.991 min: 0.004 avg: 0.126
#hot_nodes = 1037993
Create distemb
#hot_nodes = 1037993
Create distemb
#hot_nodes = 1037993
Create distemb
#hot_nodes = 1037993
Create distemb
#hot_nodes = 1037993
Create distemb
Presampling done, max: 0.991 min: 0.004 avg: 0.126
Presampling done, max: 0.991 min: 0.004 avg: 0.126
#hot_nodes = 1037993
Create distemb
#hot_nodes = 1037993
Create distemb
#hot_nodes = 1037993
Create distemb
#hot_nodes = 1037993
Create distemb
Presampling done, max: 0.991 min: 0.004 avg: 0.126
#hot_nodes = 1037993
Create distemb
#hot_nodes = 1037993
Create distemb
#hot_nodes = 1037993
Create distemb
#hot_nodes = 1037993
Create distemb
Presampling done, max: 0.991 min: 0.004 avg: 0.126
#hot_nodes = 1037993
Create distemb
Presampling done, max: 0.991 min: 0.004 avg: 0.126
#hot_nodes = 1037993
Create distemb
Presampling done, max: 0.991 min: 0.004 avg: 0.126
#hot_nodes = 1037993
Create distemb
#hot_nodes = 1037993
Create distemb
#hot_nodes = 1037993
Create distemb
#hot_nodes = 1037993
Create distemb
#hot_nodes = 1037993
Create distemb
#hot_nodes = 1037993
Create distemb
Presampling done, max: 0.991 min: 0.004 avg: 0.126
#hot_nodes = 1037993
Create distemb
#hot_nodes = 1037993
Create distemb
#hot_nodes = 1037993
Create distemb
#hot_nodes = 1037993
Create distemb
#hot_nodes = 1037993
Create distemb
Client 3 build_connection start.
Client 3 build_connection succeed.
Client 6 build_connection start.
Client 6 build_connection succeed.
Client 0 build_connection start.
Client 0 build_connection succeed.
Client 7 build_connection start.
Client 7 build_connection succeed.
Client 5 build_connection start.
Client 5 build_connection succeed.
Client 2 build_connection start.
Client 2 build_connection succeed.
Client 5 build_connection start.
Client 5 build_connection succeed.
Client 2 build_connection start.
Client 4 build_connection start.
Client 2 build_connection succeed.
Client 0 build_connection start.
Client 3 build_connection start.
Client 4 build_connection succeed.
Client 6 build_connection start.
Client 0 build_connection succeed.
Client 3 build_connection succeed.
Client 6 build_connection succeed.
Client 1 build_connection start.
Client 1 build_connection succeed.
Client 4 build_connection start.
Client 4 build_connection succeed.
Client 2 build_connection start.
Client 2 build_connection succeed.
Client 4 build_connection start.
Client 3 build_connection start.
Client 7 build_connection start.
Client 4 build_connection succeed.
Client 7 build_connection succeed.
Client 3 build_connection succeed.
Client 6 build_connection start.
Client 5 build_connection start.
Client 6 build_connection succeed.
Client 5 build_connection succeed.
Client 1 build_connection start.
Client 1 build_connection succeed.
Client 1 build_connection start.
Client 1 build_connection succeed.
Client 7 build_connection start.
Client 7 build_connection succeed.
Client 0 build_connection start.
Client 0 build_connection succeed.
Client 0 build_connection start.
Client 0 build_connection succeed.
Client 2 build_connection start.
Client 2 build_connection succeed.
Client 3 build_connection start.
Client 3 build_connection succeed.
Client 7 build_connection start.
Client 7 build_connection succeed.
Client 1 build_connection start.
Client 1 build_connection succeed.
Client 5 build_connection start.
Client 5 build_connection succeed.
Client 6 build_connection start.
Client 6 build_connection succeed.
Client 4 build_connection start.
Client 4 build_connection succeed.
Client register_cache succeed.
Client register_cache succeed.
Client register_cache succeed.
Client register_cache succeed.
Client register_cache succeed.
Client register_cache succeed.
Client register_cache succeed.
Create model
Create model
Create modelClient register_cache succeed.Create model


Create model
Create modelCreate model

Create model
Client register_cache succeed.
Client register_cache succeed.
Create model
Client register_cache succeed.
Client register_cache succeed.Client register_cache succeed.

Client register_cache succeed.
Client register_cache succeed.Client register_cache succeed.

Create model
Create model
Create model
Create model
Create model
Create model
Create model
Client register_cache succeed.
Client register_cache succeed.
Client register_cache succeed.Create model

Client register_cache succeed.
Client register_cache succeed.
Create model
Client register_cache succeed.
Client register_cache succeed.
Client register_cache succeed.
Create model
Create model
Create modelCreate model

Create model
Create model
Client register_cache succeed.
Client register_cache succeed.Client register_cache succeed.

Client register_cache succeed.
Client register_cache succeed.
Client register_cache succeed.
Client register_cache succeed.Create model

Client register_cache succeed.
Create model
Create modelCreate modelCreate model


Create model
Create model
Create model
Create model optimizer
Create model optimizer
Create model optimizer
Create model optimizer
Create emb optimizer
Create emb optimizer
Create model optimizer
Create emb optimizer
Create model optimizerCreate model optimizer

Create emb optimizer
Create emb optimizer
Create emb optimizer
Create model optimizer
Create model optimizer
Create model optimizer
Create emb optimizer
Create model optimizer
Create model optimizer
Create emb optimizer
Create model optimizer
Create emb optimizer
Create model optimizer
Create emb optimizer
Create emb optimizer
Create emb optimizer
Create model optimizer
Create model optimizer
Create emb optimizer
Create model optimizer
Create model optimizer
Create model optimizer
Create emb optimizer
Create model optimizer
Create emb optimizerCreate emb optimizer

Create emb optimizer
Create emb optimizer
Create emb optimizer
Create model optimizer
Create model optimizer
Create model optimizer
Create emb optimizer
Create model optimizer
Create model optimizer
Create emb optimizer
Create emb optimizer
Create model optimizer
Create emb optimizer
Create emb optimizer
Create emb optimizer
Create model optimizer
Create emb optimizer
Create model optimizerCreate emb optimizer

Create emb optimizer
Create model optimizer
Create emb optimizer
Create model optimizer
Create model optimizer
Create model optimizer
Create emb optimizer
Create emb optimizer
Create emb optimizer
Start train
Start train
Start train
Start train
Start trainStart train
Start train
Start train

Start train
Start trainStart train

Start train
Start train
Start train
Start train
Start trainStart train

Start trainStart train

Start trainStart train

Start train
Start trainStart trainStart train


Start train
Start train
Start train
Start train
Start train
Start train
Start train
Part 26 | Epoch 00000 | Step 00000 | Loss 4.6773 | Train Acc 0.0340 | Speed (samples/sec) nan | GPU 1600.3 MB | time 3.081 s
Part 4 | Epoch 00000 | Step 00000 | Loss 4.6963 | Train Acc 0.0010 | Speed (samples/sec) nan | GPU 1545.1 MB | time 3.081 s
Part 1 | Epoch 00000 | Step 00000 | Loss 4.5420 | Train Acc 0.0000 | Speed (samples/sec) nan | GPU 1527.0 MB | time 3.081 s
Part 16 | Epoch 00000 | Step 00000 | Loss 5.3390 | Train Acc 0.0030 | Speed (samples/sec) nan | GPU 1555.3 MB | time 3.081 sPart 20 | Epoch 00000 | Step 00000 | Loss 5.3542 | Train Acc 0.0050 | Speed (samples/sec) nan | GPU 1521.7 MB | time 3.081 s

Part 7 | Epoch 00000 | Step 00000 | Loss 4.6567 | Train Acc 0.0000 | Speed (samples/sec) nan | GPU 1530.9 MB | time 3.081 s
Part 30 | Epoch 00000 | Step 00000 | Loss 4.7254 | Train Acc 0.0270 | Speed (samples/sec) nan | GPU 1599.5 MB | time 3.081 s
Part 22 | Epoch 00000 | Step 00000 | Loss 5.3300 | Train Acc 0.0050 | Speed (samples/sec) nan | GPU 1540.0 MB | time 3.081 s
Part 19 | Epoch 00000 | Step 00000 | Loss 5.2280 | Train Acc 0.0060 | Speed (samples/sec) nan | GPU 1537.3 MB | time 3.081 s
Part 27 | Epoch 00000 | Step 00000 | Loss 4.6226 | Train Acc 0.0380 | Speed (samples/sec) nan | GPU 1585.8 MB | time 3.081 s
Part 23 | Epoch 00000 | Step 00000 | Loss 5.3192 | Train Acc 0.0070 | Speed (samples/sec) nan | GPU 1537.0 MB | time 3.081 s
Part 8 | Epoch 00000 | Step 00000 | Loss 4.8694 | Train Acc 0.0010 | Speed (samples/sec) nan | GPU 1625.3 MB | time 3.081 s
Part 29 | Epoch 00000 | Step 00000 | Loss 4.7281 | Train Acc 0.0330 | Speed (samples/sec) nan | GPU 1573.8 MB | time 3.081 s
Part 6 | Epoch 00000 | Step 00000 | Loss 4.6841 | Train Acc 0.0020 | Speed (samples/sec) nan | GPU 1557.3 MB | time 3.081 s
Part 3 | Epoch 00000 | Step 00000 | Loss 4.6394 | Train Acc 0.0030 | Speed (samples/sec) nan | GPU 1524.7 MB | time 3.081 s
Part 24 | Epoch 00000 | Step 00000 | Loss 4.6703 | Train Acc 0.0230 | Speed (samples/sec) nan | GPU 1574.5 MB | time 3.081 s
Part 25 | Epoch 00000 | Step 00000 | Loss 4.6902 | Train Acc 0.0230 | Speed (samples/sec) nan | GPU 1584.6 MB | time 3.081 s
Part 28 | Epoch 00000 | Step 00000 | Loss 4.7221 | Train Acc 0.0320 | Speed (samples/sec) nan | GPU 1573.8 MB | time 3.081 s
Part 21 | Epoch 00000 | Step 00000 | Loss 5.2307 | Train Acc 0.0040 | Speed (samples/sec) nan | GPU 1527.2 MB | time 3.081 s
Part 18 | Epoch 00000 | Step 00000 | Loss 5.3181 | Train Acc 0.0080 | Speed (samples/sec) nan | GPU 1552.7 MB | time 3.081 s
Part 0 | Epoch 00000 | Step 00000 | Loss 4.7011 | Train Acc 0.0010 | Speed (samples/sec) nan | GPU 1565.7 MB | time 3.081 s
Part 13 | Epoch 00000 | Step 00000 | Loss 4.7997 | Train Acc 0.0050 | Speed (samples/sec) nan | GPU 1625.6 MB | time 3.081 s
Part 5 | Epoch 00000 | Step 00000 | Loss 4.6799 | Train Acc 0.0000 | Speed (samples/sec) nan | GPU 1526.0 MB | time 3.081 s
Part 14 | Epoch 00000 | Step 00000 | Loss 4.8773 | Train Acc 0.0020 | Speed (samples/sec) nan | GPU 1618.7 MB | time 3.081 s
Part 31 | Epoch 00000 | Step 00000 | Loss 4.6007 | Train Acc 0.0350 | Speed (samples/sec) nan | GPU 1561.2 MB | time 3.081 s
Part 9 | Epoch 00000 | Step 00000 | Loss 4.8898 | Train Acc 0.0010 | Speed (samples/sec) nan | GPU 1638.1 MB | time 3.081 s
Part 2 | Epoch 00000 | Step 00000 | Loss 4.6070 | Train Acc 0.0000 | Speed (samples/sec) nan | GPU 1516.3 MB | time 3.081 s
Part 15 | Epoch 00000 | Step 00000 | Loss 4.9083 | Train Acc 0.0000 | Speed (samples/sec) nan | GPU 1636.5 MB | time 3.081 sPart 11 | Epoch 00000 | Step 00000 | Loss 4.9138 | Train Acc 0.0030 | Speed (samples/sec) nan | GPU 1631.5 MB | time 3.081 s

Part 17 | Epoch 00000 | Step 00000 | Loss 5.2452 | Train Acc 0.0080 | Speed (samples/sec) nan | GPU 1549.3 MB | time 3.081 s
Part 12 | Epoch 00000 | Step 00000 | Loss 4.8888 | Train Acc 0.0020 | Speed (samples/sec) nan | GPU 1622.7 MB | time 3.081 s
Part 10 | Epoch 00000 | Step 00000 | Loss 4.9476 | Train Acc 0.0010 | Speed (samples/sec) nan | GPU 1658.4 MB | time 3.082 s
Avg train acc 0.0098
=====================
Part 3, Epoch Time(s): 7.4015
Sampling Time(s): 0.3250
Loading Time(s): 1.7541
Forward Time(s): 1.0505
Backward Time(s): 0.2084
Update Time(s): 0.0488
Emb Update Time(s): 4.0029
#seeds: 6144
#inputs: 1920584
==========================================
Part 0, Epoch Time(s): 7.4021
Sampling Time(s): 0.2993
Loading Time(s): 1.8021
Forward Time(s): 1.0246
Backward Time(s): 0.2101
Update Time(s): 0.0481
Emb Update Time(s): 4.0046
#seeds: 6144
#inputs: 1932958
==========================================
Part 5, Epoch Time(s): 7.4019
Sampling Time(s): 0.3495
Loading Time(s): 1.7675
Forward Time(s): 1.0111
Backward Time(s): 0.2082
Update Time(s): 0.0490
Emb Update Time(s): 4.0045
#seeds: 6145
#inputs: 1924954
==========================================
Part 2, Epoch Time(s): 7.4022
Sampling Time(s): 0.2888
Loading Time(s): 1.7011
Forward Time(s): 1.1323
Backward Time(s): 0.2142
Update Time(s): 0.0525
Emb Update Time(s): 4.0008
#seeds: 6144
#inputs: 1920323
==========================================
Part 6, Epoch Time(s): 7.4020
Sampling Time(s): 0.3529
Loading Time(s): 1.7917
Forward Time(s): 0.9868
Backward Time(s): 0.2087
Update Time(s): 0.0555
Emb Update Time(s): 3.9946
#seeds: 6144
#inputs: 1936534
==========================================
Part 4, Epoch Time(s): 7.4018
Sampling Time(s): 0.3102
Loading Time(s): 1.8253
Forward Time(s): 0.9565
Backward Time(s): 0.2452
Update Time(s): 0.0540
Emb Update Time(s): 3.9996
#seeds: 6144
#inputs: 1928397
==========================================
Part 7, Epoch Time(s): 7.4019
Sampling Time(s): 0.3121
Loading Time(s): 1.7278
Forward Time(s): 1.0832
Backward Time(s): 0.2141
Update Time(s): 0.0580
Emb Update Time(s): 3.9954
#seeds: 6144
#inputs: 1940947
=====================
=====================
Part 1, Epoch Time(s): 7.4021
Sampling Time(s): 0.3048
Loading Time(s): 1.7272
Forward Time(s): 1.0549
Backward Time(s): 0.2526
Update Time(s): 0.0656
Emb Update Time(s): 3.9858
#seeds: 6145
#inputs: 1917909
=====================






=====================
Part 17, Epoch Time(s): 7.4018
Sampling Time(s): 0.3003
Loading Time(s): 1.7120
Forward Time(s): 1.1081
Backward Time(s): 0.2143
Update Time(s): 0.0547
Emb Update Time(s): 3.9996
#seeds: 6144
#inputs: 1927056
==========================================
Part 16, Epoch Time(s): 7.4020
Sampling Time(s): 0.3536
Loading Time(s): 1.7547
Forward Time(s): 1.0182
Backward Time(s): 0.2105
Update Time(s): 0.0447
Emb Update Time(s): 4.0094
#seeds: 6144
#inputs: 1935068
==========================================
Part 18, Epoch Time(s): 7.4017
Sampling Time(s): 0.3136
Loading Time(s): 1.6848
Forward Time(s): 1.0975
Backward Time(s): 0.2396
Update Time(s): 0.0480
Emb Update Time(s): 4.0064
#seeds: 6144
#inputs: 1937877
==========================================
Part 19, Epoch Time(s): 7.4019
Sampling Time(s): 0.2929
Loading Time(s): 1.7362
Forward Time(s): 1.0813
Backward Time(s): 0.2261
Update Time(s): 0.0466
Emb Update Time(s): 4.0074
#seeds: 6145
#inputs: 1940532
==========================================
Part 23, Epoch Time(s): 7.4022
Sampling Time(s): 0.3025
Loading Time(s): 1.7490
Forward Time(s): 1.0578
Backward Time(s): 0.2265
Update Time(s): 0.0525
Emb Update Time(s): 4.0025
#seeds: 6144
#inputs: 1941351
==========================================
Part 21, Epoch Time(s): 7.4021
Sampling Time(s): 0.3676
Loading Time(s): 1.7826
Forward Time(s): 0.9742
Backward Time(s): 0.2107
Update Time(s): 0.0580
Emb Update Time(s): 3.9974
#seeds: 6145
#inputs: 1930394
==========================================
Part 20, Epoch Time(s): 7.4022
Sampling Time(s): 0.3043
Loading Time(s): 1.7413
Forward Time(s): 1.0794
Backward Time(s): 0.2111
Update Time(s): 0.0527
Emb Update Time(s): 4.0024
#seeds: 6144
#inputs: 1915061
==========================================
Part 22, Epoch Time(s): 7.4023
Sampling Time(s): 0.3005
Loading Time(s): 1.8148
Forward Time(s): 0.9950
Backward Time(s): 0.2253
Update Time(s): 0.0458
Emb Update Time(s): 4.0098
#seeds: 6144
#inputs: 1924331
=====================







=====================
Part 24, Epoch Time(s): 7.4019
Sampling Time(s): 0.3000
Loading Time(s): 1.9124
Forward Time(s): 0.9016
Backward Time(s): 0.2221
Update Time(s): 0.0528
Emb Update Time(s): 4.0020
#seeds: 6144
#inputs: 1958228
==========================================
Part 30, Epoch Time(s): 7.4021
Sampling Time(s): 0.2934
Loading Time(s): 1.7861
Forward Time(s): 1.0145
Backward Time(s): 0.2423
Update Time(s): 0.0529
Emb Update Time(s): 4.0019
#seeds: 6144
#inputs: 1978032
==========================================
Part 26, Epoch Time(s): 7.4021
Sampling Time(s): 0.3106
Loading Time(s): 1.9522
Forward Time(s): 0.8570
Backward Time(s): 0.2176
Update Time(s): 0.0535
Emb Update Time(s): 4.0012
#seeds: 6145
#inputs: 1981094
==========================================
Part 25, Epoch Time(s): 7.4019
Sampling Time(s): 0.3702
Loading Time(s): 1.7892
Forward Time(s): 0.9374
Backward Time(s): 0.2390
Update Time(s): 0.0531
Emb Update Time(s): 4.0017
#seeds: 6144
#inputs: 1973240
==========================================
Part 27, Epoch Time(s): 7.4019
Sampling Time(s): 0.3234
Loading Time(s): 1.9805
Forward Time(s): 0.8007
Backward Time(s): 0.2321
Update Time(s): 0.0537
Emb Update Time(s): 4.0003
#seeds: 6144
#inputs: 1981678
==========================================
Part 29, Epoch Time(s): 7.4021
Sampling Time(s): 0.2992
Loading Time(s): 2.0542
Forward Time(s): 0.7994
Backward Time(s): 0.1938
Update Time(s): 0.0530
Emb Update Time(s): 3.9911
#seeds: 6144
#inputs: 1968058
==========================================
Part 28, Epoch Time(s): 7.4021
Sampling Time(s): 0.3236
Loading Time(s): 1.8545
Forward Time(s): 0.9266
Backward Time(s): 0.2317
Update Time(s): 0.0542
Emb Update Time(s): 3.9999
#seeds: 6144
#inputs: 1963549
==========================================
Part 31, Epoch Time(s): 7.4021
Sampling Time(s): 0.3796
Loading Time(s): 1.7478
Forward Time(s): 0.9942
Backward Time(s): 0.2156
Update Time(s): 0.0540
Emb Update Time(s): 3.9989
#seeds: 6144
#inputs: 1962979
=====================







=====================
Part 10, Epoch Time(s): 7.4023
Sampling Time(s): 0.3676
Loading Time(s): 2.2296
Forward Time(s): 0.5397
Backward Time(s): 0.2047
Update Time(s): 0.0523
Emb Update Time(s): 3.9955
#seeds: 6144
#inputs: 2046331
==========================================
Part 8, Epoch Time(s): 7.4021
Sampling Time(s): 0.2742
Loading Time(s): 1.9694
Forward Time(s): 0.8881
Backward Time(s): 0.2095
Update Time(s): 0.0531
Emb Update Time(s): 3.9966
#seeds: 6144
#inputs: 2023937
==========================================
Part 13, Epoch Time(s): 7.4020
Sampling Time(s): 0.3018
Loading Time(s): 2.0606
Forward Time(s): 0.7610
Backward Time(s): 0.2138
Update Time(s): 0.0501
Emb Update Time(s): 4.0031
#seeds: 6144
#inputs: 2041868
==========================================
Part 11, Epoch Time(s): 7.4023
Sampling Time(s): 0.3383
Loading Time(s): 2.1239
Forward Time(s): 0.7002
Backward Time(s): 0.1874
Update Time(s): 0.0516
Emb Update Time(s): 3.9886
#seeds: 6145
#inputs: 2043474
==========================================
Part 9, Epoch Time(s): 7.4020
Sampling Time(s): 0.3238
Loading Time(s): 2.0757
Forward Time(s): 0.7381
Backward Time(s): 0.1992
Update Time(s): 0.0479
Emb Update Time(s): 4.0052
#seeds: 6144
#inputs: 2042590
==========================================
Part 12, Epoch Time(s): 7.4063
Sampling Time(s): 0.3644
Loading Time(s): 2.0068
Forward Time(s): 0.7603
Backward Time(s): 0.2058
Update Time(s): 0.0603
Emb Update Time(s): 3.9919
#seeds: 6145
#inputs: 2036070
==========================================
Part 14, Epoch Time(s): 7.4022
Sampling Time(s): 0.3630
Loading Time(s): 1.9979
Forward Time(s): 0.7555
Backward Time(s): 0.2196
Update Time(s): 0.0496
Emb Update Time(s): 4.0050
#seeds: 6144
#inputs: 2032595
=====================




=====================
Part 15, Epoch Time(s): 7.4020
Sampling Time(s): 0.3406
Loading Time(s): 2.0319
Forward Time(s): 0.7724
Backward Time(s): 0.1940
Update Time(s): 0.0502
Emb Update Time(s): 4.0008
#seeds: 6144
#inputs: 2042756
=====================


|V|=2449029, eval batch size: 100000
|V|=2449029, eval batch size: 100000
|V|=2449029, eval batch size: 100000
|V|=2449029, eval batch size: 100000
|V|=2449029, eval batch size: 100000
|V|=2449029, eval batch size: 100000
|V|=2449029, eval batch size: 100000
|V|=2449029, eval batch size: 100000
|V|=2449029, eval batch size: 100000
|V|=2449029, eval batch size: 100000
|V|=2449029, eval batch size: 100000
|V|=2449029, eval batch size: 100000
|V|=2449029, eval batch size: 100000
|V|=2449029, eval batch size: 100000
|V|=2449029, eval batch size: 100000
|V|=2449029, eval batch size: 100000
|V|=2449029, eval batch size: 100000
|V|=2449029, eval batch size: 100000
|V|=2449029, eval batch size: 100000
|V|=2449029, eval batch size: 100000
|V|=2449029, eval batch size: 100000
|V|=2449029, eval batch size: 100000
|V|=2449029, eval batch size: 100000
|V|=2449029, eval batch size: 100000
|V|=2449029, eval batch size: 100000
|V|=2449029, eval batch size: 100000
|V|=2449029, eval batch size: 100000
|V|=2449029, eval batch size: 100000
|V|=2449029, eval batch size: 100000
|V|=2449029, eval batch size: 100000
|V|=2449029, eval batch size: 100000
|V|=2449029, eval batch size: 100000
|V|=2449029, eval batch size: 100000
|V|=2449029, eval batch size: 100000
|V|=2449029, eval batch size: 100000|V|=2449029, eval batch size: 100000

|V|=2449029, eval batch size: 100000
|V|=2449029, eval batch size: 100000
|V|=2449029, eval batch size: 100000
|V|=2449029, eval batch size: 100000
|V|=2449029, eval batch size: 100000|V|=2449029, eval batch size: 100000

|V|=2449029, eval batch size: 100000
|V|=2449029, eval batch size: 100000
|V|=2449029, eval batch size: 100000
|V|=2449029, eval batch size: 100000
|V|=2449029, eval batch size: 100000
|V|=2449029, eval batch size: 100000
|V|=2449029, eval batch size: 100000
|V|=2449029, eval batch size: 100000
|V|=2449029, eval batch size: 100000
|V|=2449029, eval batch size: 100000
|V|=2449029, eval batch size: 100000|V|=2449029, eval batch size: 100000|V|=2449029, eval batch size: 100000

|V|=2449029, eval batch size: 100000

|V|=2449029, eval batch size: 100000|V|=2449029, eval batch size: 100000

|V|=2449029, eval batch size: 100000
|V|=2449029, eval batch size: 100000
|V|=2449029, eval batch size: 100000
|V|=2449029, eval batch size: 100000
|V|=2449029, eval batch size: 100000|V|=2449029, eval batch size: 100000

|V|=2449029, eval batch size: 100000
|V|=2449029, eval batch size: 100000
|V|=2449029, eval batch size: 100000
|V|=2449029, eval batch size: 100000
|V|=2449029, eval batch size: 100000
|V|=2449029, eval batch size: 100000
|V|=2449029, eval batch size: 100000
|V|=2449029, eval batch size: 100000
|V|=2449029, eval batch size: 100000
|V|=2449029, eval batch size: 100000
|V|=2449029, eval batch size: 100000
|V|=2449029, eval batch size: 100000
|V|=2449029, eval batch size: 100000
|V|=2449029, eval batch size: 100000
|V|=2449029, eval batch size: 100000
|V|=2449029, eval batch size: 100000
|V|=2449029, eval batch size: 100000
|V|=2449029, eval batch size: 100000
|V|=2449029, eval batch size: 100000
|V|=2449029, eval batch size: 100000
|V|=2449029, eval batch size: 100000
|V|=2449029, eval batch size: 100000
|V|=2449029, eval batch size: 100000
|V|=2449029, eval batch size: 100000
|V|=2449029, eval batch size: 100000
|V|=2449029, eval batch size: 100000
|V|=2449029, eval batch size: 100000
|V|=2449029, eval batch size: 100000
|V|=2449029, eval batch size: 100000
|V|=2449029, eval batch size: 100000
|V|=2449029, eval batch size: 100000
|V|=2449029, eval batch size: 100000
Part 2, Val Acc 0.8340, Test Acc 0.7072, time: 9.1795
Part 9, Val Acc 0.7356, Test Acc 0.5277, time: 9.1812
Part 7, Val Acc 0.8478, Test Acc 0.7022, time: 9.1851
Part 0, Val Acc 0.8470, Test Acc 0.7015, time: 9.1854
Part 4, Val Acc 0.8397, Test Acc 0.7015, time: 9.1855
Part 20, Val Acc 0.7785, Test Acc 0.4781, time: 9.1881
Part 1, Val Acc 0.8568, Test Acc 0.7003, time: 9.1886
Part 23, Val Acc 0.7860, Test Acc 0.4785, time: 9.1890
Part 22, Val Acc 0.7754, Test Acc 0.4777, time: 9.1890
Part 5, Val Acc 0.8430, Test Acc 0.7035, time: 9.1893
Part 6, Val Acc 0.8446, Test Acc 0.6989, time: 9.1897
Part 8, Val Acc 0.7410, Test Acc 0.5284, time: 9.1906
Part 21, Val Acc 0.7657, Test Acc 0.4754, time: 9.1937
Part 16, Val Acc 0.7624, Test Acc 0.4776, time: 9.1938
Part 3, Val Acc 0.8420, Test Acc 0.7036, time: 9.1948
Part 13, Val Acc 0.7469, Test Acc 0.5315, time: 9.1947
Part 19, Val Acc 0.7502, Test Acc 0.4793, time: 9.1950
Part 17, Val Acc 0.7592, Test Acc 0.4804, time: 9.1979
Part 11, Val Acc 0.7290, Test Acc 0.5306, time: 9.1980
Part 24, Val Acc 0.7907, Test Acc 0.5741, time: 9.1997
Part 12, Val Acc 0.7526, Test Acc 0.5318, time: 9.2006
Part 18, Val Acc 0.7608, Test Acc 0.4755, time: 9.2015
Part 29, Val Acc 0.7893, Test Acc 0.5753, time: 9.2066
Part 28, Val Acc 0.8186, Test Acc 0.5758, time: 9.2088
Part 26, Val Acc 0.7876, Test Acc 0.5786, time: 9.2099
Part 31, Val Acc 0.8039, Test Acc 0.5800, time: 9.2108
Part 25, Val Acc 0.7917, Test Acc 0.5795, time: 9.2114
Part 15, Val Acc 0.7250, Test Acc 0.5298, time: 9.2123
Part 27, Val Acc 0.7940, Test Acc 0.5745, time: 9.2124
Part 10, Val Acc 0.7217, Test Acc 0.5334, time: 9.2127
Part 30, Val Acc 0.8324, Test Acc 0.5766, time: 9.2130
Part 14, Val Acc 0.7380, Test Acc 0.5287, time: 9.2155
All parts avg val acc 0.7872, test acc 0.5718
Part 7 | Epoch 00001 | Step 00000 | Loss 1.4629 | Train Acc 0.5850 | Speed (samples/sec) 1060.8069 | GPU 1924.6 MB | time 0.998 s
Part 3 | Epoch 00001 | Step 00000 | Loss 1.4356 | Train Acc 0.5950 | Speed (samples/sec) 1062.7769 | GPU 1923.3 MB | time 0.989 sPart 5 | Epoch 00001 | Step 00000 | Loss 1.4747 | Train Acc 0.5910 | Speed (samples/sec) 1062.5112 | GPU 1931.6 MB | time 0.994 s

Part 0 | Epoch 00001 | Step 00000 | Loss 1.5917 | Train Acc 0.5540 | Speed (samples/sec) 1067.1185 | GPU 1923.1 MB | time 0.968 s
Part 4 | Epoch 00001 | Step 00000 | Loss 1.4651 | Train Acc 0.5860 | Speed (samples/sec) 1060.8247 | GPU 1921.6 MB | time 0.998 s
Part 6 | Epoch 00001 | Step 00000 | Loss 1.3645 | Train Acc 0.6240 | Speed (samples/sec) 1061.7161 | GPU 1914.4 MB | time 0.994 s
Part 15 | Epoch 00001 | Step 00000 | Loss 2.1548 | Train Acc 0.3810 | Speed (samples/sec) 1066.4146 | GPU 2217.7 MB | time 0.971 sPart 8 | Epoch 00001 | Step 00000 | Loss 2.1374 | Train Acc 0.3710 | Speed (samples/sec) 1061.8421 | GPU 2203.6 MB | time 0.993 sPart 13 | Epoch 00001 | Step 00000 | Loss 2.0782 | Train Acc 0.3870 | Speed (samples/sec) 1062.7444 | GPU 2218.5 MB | time 0.989 s


Part 9 | Epoch 00001 | Step 00000 | Loss 2.1185 | Train Acc 0.3740 | Speed (samples/sec) 1059.9361 | GPU 2226.2 MB | time 1.002 s
Part 23 | Epoch 00001 | Step 00000 | Loss 2.2299 | Train Acc 0.2550 | Speed (samples/sec) 1061.5906 | GPU 1972.4 MB | time 0.994 s
Part 16 | Epoch 00001 | Step 00000 | Loss 2.2843 | Train Acc 0.2470 | Speed (samples/sec) 1062.5176 | GPU 1957.9 MB | time 0.990 s
Part 11 | Epoch 00001 | Step 00000 | Loss 2.1536 | Train Acc 0.3680 | Speed (samples/sec) 1064.1990 | GPU 2229.1 MB | time 0.986 s
Part 17 | Epoch 00001 | Step 00000 | Loss 2.2084 | Train Acc 0.2820 | Speed (samples/sec) 1063.3291 | GPU 1964.7 MB | time 0.986 s
Part 21 | Epoch 00001 | Step 00000 | Loss 2.2160 | Train Acc 0.2590 | Speed (samples/sec) 1063.4458 | GPU 1972.2 MB | time 0.990 s
Part 22 | Epoch 00001 | Step 00000 | Loss 2.1774 | Train Acc 0.2730 | Speed (samples/sec) 1061.5485 | GPU 1971.0 MB | time 0.995 s
Part 2 | Epoch 00001 | Step 00000 | Loss 1.4892 | Train Acc 0.5760 | Speed (samples/sec) 1059.6346 | GPU 1936.0 MB | time 1.004 s
Part 24 | Epoch 00001 | Step 00000 | Loss 1.7287 | Train Acc 0.5810 | Speed (samples/sec) 1063.6681 | GPU 2051.1 MB | time 0.984 sPart 29 | Epoch 00001 | Step 00000 | Loss 1.8557 | Train Acc 0.5150 | Speed (samples/sec) 1065.1772 | GPU 2063.8 MB | time 0.977 s

Part 20 | Epoch 00001 | Step 00000 | Loss 2.1677 | Train Acc 0.2570 | Speed (samples/sec) 1061.3410 | GPU 1964.4 MB | time 0.995 s
Part 25 | Epoch 00001 | Step 00000 | Loss 1.7700 | Train Acc 0.5420 | Speed (samples/sec) 1066.1256 | GPU 2058.8 MB | time 0.972 s
Part 31 | Epoch 00001 | Step 00000 | Loss 1.7442 | Train Acc 0.5500 | Speed (samples/sec) 1066.1273 | GPU 2061.1 MB | time 0.972 s
Part 26 | Epoch 00001 | Step 00000 | Loss 1.7974 | Train Acc 0.5490 | Speed (samples/sec) 1066.6847 | GPU 2052.8 MB | time 0.974 s
Part 30 | Epoch 00001 | Step 00000 | Loss 1.8145 | Train Acc 0.5430 | Speed (samples/sec) 1066.5228 | GPU 2055.5 MB | time 0.971 s
Part 14 | Epoch 00001 | Step 00000 | Loss 2.1065 | Train Acc 0.3760 | Speed (samples/sec) 1067.0367 | GPU 2218.9 MB | time 0.968 s
Part 27 | Epoch 00001 | Step 00000 | Loss 1.7655 | Train Acc 0.5670 | Speed (samples/sec) 1066.4692 | GPU 2048.8 MB | time 0.971 s
Part 18 | Epoch 00001 | Step 00000 | Loss 2.2372 | Train Acc 0.2540 | Speed (samples/sec) 1064.0957 | GPU 1965.9 MB | time 0.982 s
Part 19 | Epoch 00001 | Step 00000 | Loss 2.1915 | Train Acc 0.2560 | Speed (samples/sec) 1063.7111 | GPU 1964.8 MB | time 0.989 s
Part 1 | Epoch 00001 | Step 00000 | Loss 1.4523 | Train Acc 0.5900 | Speed (samples/sec) 1062.3863 | GPU 1915.7 MB | time 0.995 s
Part 10 | Epoch 00001 | Step 00000 | Loss 2.0980 | Train Acc 0.3860 | Speed (samples/sec) 1066.5009 | GPU 2210.4 MB | time 0.971 sPart 12 | Epoch 00001 | Step 00000 | Loss 2.0836 | Train Acc 0.4090 | Speed (samples/sec) 1064.8071 | GPU 2215.4 MB | time 0.983 s

Part 28 | Epoch 00001 | Step 00000 | Loss 1.6466 | Train Acc 0.5880 | Speed (samples/sec) 1065.6887 | GPU 2077.0 MB | time 0.974 s
Avg train acc 0.4460
=====================
Part 1, Epoch Time(s): 5.3043
Sampling Time(s): 0.2944
Loading Time(s): 1.7435
Forward Time(s): 0.4367
Backward Time(s): 0.2199
Update Time(s): 0.0044
Emb Update Time(s): 2.5957
#seeds: 6145
#inputs: 1917146
==========================================
Part 3, Epoch Time(s): 5.2982
Sampling Time(s): 0.2829
Loading Time(s): 1.6411
Forward Time(s): 0.5455
Backward Time(s): 0.2197
Update Time(s): 0.0038
Emb Update Time(s): 2.5960
#seeds: 6144
#inputs: 1924105
==========================================
Part 4, Epoch Time(s): 5.3075
Sampling Time(s): 0.2635
Loading Time(s): 1.6643
Forward Time(s): 0.5507
Backward Time(s): 0.2196
Update Time(s): 0.0039
Emb Update Time(s): 2.5962
#seeds: 6144
#inputs: 1927624
==========================================
Part 2, Epoch Time(s): 5.3134
Sampling Time(s): 0.2650
Loading Time(s): 1.5899
Forward Time(s): 0.6294
Backward Time(s): 0.2198
Update Time(s): 0.0039
Emb Update Time(s): 2.5961
#seeds: 6144
#inputs: 1915646
==========================================
Part 0, Epoch Time(s): 5.2771
Sampling Time(s): 0.2923
Loading Time(s): 1.6881
Forward Time(s): 0.4866
Backward Time(s): 0.2065
Update Time(s): 0.0037
Emb Update Time(s): 2.5900
#seeds: 6144
#inputs: 1938402
==========================================
Part 7, Epoch Time(s): 5.3078
Sampling Time(s): 0.3152
Loading Time(s): 1.6104
Forward Time(s): 0.5536
Backward Time(s): 0.2195
Update Time(s): 0.0038
Emb Update Time(s): 2.5962
#seeds: 6144
#inputs: 1934593
=====================
=====================
Part 5, Epoch Time(s): 5.3037
Sampling Time(s): 0.3131
Loading Time(s): 1.6833
Forward Time(s): 0.4784
Backward Time(s): 0.2196
Update Time(s): 0.0040
Emb Update Time(s): 2.5961
#seeds: 6145
#inputs: 1933765
=====================

=====================
Part 6, Epoch Time(s): 5.3033
Sampling Time(s): 0.3143
Loading Time(s): 1.8214
Forward Time(s): 0.3559
Backward Time(s): 0.2073
Update Time(s): 0.0039
Emb Update Time(s): 2.5911
#seeds: 6144
#inputs: 1933513
=====================




=====================
Part 18, Epoch Time(s): 5.2916
Sampling Time(s): 0.2875
Loading Time(s): 1.6000
Forward Time(s): 0.5834
Backward Time(s): 0.2100
Update Time(s): 0.0037
Emb Update Time(s): 2.5977
#seeds: 6144
#inputs: 1939149
==========================================
Part 17, Epoch Time(s): 5.2951
Sampling Time(s): 0.2622
Loading Time(s): 1.5322
Forward Time(s): 0.6714
Backward Time(s): 0.2187
Update Time(s): 0.0042
Emb Update Time(s): 2.5971
#seeds: 6144
#inputs: 1930773
==========================================
Part 22, Epoch Time(s): 5.3040
Sampling Time(s): 0.2682
Loading Time(s): 1.6768
Forward Time(s): 0.5299
Backward Time(s): 0.2178
Update Time(s): 0.0042
Emb Update Time(s): 2.5979
#seeds: 6144
#inputs: 1925069
==========================================
Part 20, Epoch Time(s): 5.3049
Sampling Time(s): 0.2596
Loading Time(s): 1.5582
Forward Time(s): 0.6580
Backward Time(s): 0.2180
Update Time(s): 0.0037
Emb Update Time(s): 2.5982
#seeds: 6144
#inputs: 1916691
==========================================
Part 21, Epoch Time(s): 5.2991
Sampling Time(s): 0.3128
Loading Time(s): 1.6164
Forward Time(s): 0.5406
Backward Time(s): 0.2179
Update Time(s): 0.0042
Emb Update Time(s): 2.5977
#seeds: 6145
#inputs: 1936369
==========================================
Part 23, Epoch Time(s): 5.3038
Sampling Time(s): 0.2718
Loading Time(s): 1.5427
Forward Time(s): 0.6606
Backward Time(s): 0.2178
Update Time(s): 0.0038
Emb Update Time(s): 2.5980
#seeds: 6144
#inputs: 1942258
==========================================
Part 16, Epoch Time(s): 5.2992
Sampling Time(s): 0.2762
Loading Time(s): 1.6501
Forward Time(s): 0.5438
Backward Time(s): 0.2189
Update Time(s): 0.0036
Emb Update Time(s): 2.5973
#seeds: 6144
#inputs: 1931920
=====================






=====================
Part 19, Epoch Time(s): 5.2979
Sampling Time(s): 0.2468
Loading Time(s): 1.3913
Forward Time(s): 0.8302
Backward Time(s): 0.2181
Update Time(s): 0.0040
Emb Update Time(s): 2.5980
#seeds: 6145
#inputs: 1934473
=====================
=====================
Part 9, Epoch Time(s): 5.3118
Sampling Time(s): 0.3776
Loading Time(s): 1.8583
Forward Time(s): 0.2573
Backward Time(s): 0.2083
Update Time(s): 0.0037
Emb Update Time(s): 2.5977
#seeds: 6144
#inputs: 2042899
==========================================
Part 11, Epoch Time(s): 5.2951
Sampling Time(s): 0.2667
Loading Time(s): 1.9738
Forward Time(s): 0.2532
Backward Time(s): 0.2000
Update Time(s): 0.0036
Emb Update Time(s): 2.5888
#seeds: 6145
#inputs: 2038000
==========================================
Part 13, Epoch Time(s): 5.2982
Sampling Time(s): 0.2642
Loading Time(s): 1.9267
Forward Time(s): 0.2948
Backward Time(s): 0.2085
Update Time(s): 0.0038
Emb Update Time(s): 2.5912
#seeds: 6144
#inputs: 2039742
==========================================
Part 8, Epoch Time(s): 5.3024
Sampling Time(s): 0.2895
Loading Time(s): 1.7816
Forward Time(s): 0.4025
Backward Time(s): 0.2188
Update Time(s): 0.0041
Emb Update Time(s): 2.5970
#seeds: 6144
#inputs: 2020715
==========================================
Part 12, Epoch Time(s): 5.2923
Sampling Time(s): 0.2766
Loading Time(s): 1.8043
Forward Time(s): 0.3820
Backward Time(s): 0.2181
Update Time(s): 0.0046
Emb Update Time(s): 2.5974
#seeds: 6145
#inputs: 2033275
==========================================
Part 10, Epoch Time(s): 5.2803
Sampling Time(s): 0.2835
Loading Time(s): 1.9552
Forward Time(s): 0.2227
Backward Time(s): 0.2081
Update Time(s): 0.0037
Emb Update Time(s): 2.5978
#seeds: 6144
#inputs: 2052253
==========================================
Part 15, Epoch Time(s): 5.2804
Sampling Time(s): 0.2928
Loading Time(s): 1.9051
Forward Time(s): 0.2773
Backward Time(s): 0.1991
Update Time(s): 0.0039
Emb Update Time(s): 2.5933
#seeds: 6144
#inputs: 2048775
==========================================
Part 14, Epoch Time(s): 5.2775
Sampling Time(s): 0.2818
Loading Time(s): 1.8401
Forward Time(s): 0.3413
Backward Time(s): 0.2084
Update Time(s): 0.0039
Emb Update Time(s): 2.5929
#seeds: 6144
#inputs: 2033044
=====================







=====================
Part 24, Epoch Time(s): 5.2932
Sampling Time(s): 0.2676
Loading Time(s): 1.7846
Forward Time(s): 0.4123
Backward Time(s): 0.2181
Update Time(s): 0.0036
Emb Update Time(s): 2.5981
#seeds: 6144
#inputs: 1965012
==========================================
Part 25, Epoch Time(s): 5.2817
Sampling Time(s): 0.2741
Loading Time(s): 1.7572
Forward Time(s): 0.4210
Backward Time(s): 0.2180
Update Time(s): 0.0036
Emb Update Time(s): 2.5984
#seeds: 6144
#inputs: 1977544
==========================================
Part 27, Epoch Time(s): 5.2803
Sampling Time(s): 0.3069
Loading Time(s): 1.8635
Forward Time(s): 0.2986
Backward Time(s): 0.2055
Update Time(s): 0.0043
Emb Update Time(s): 2.5922
#seeds: 6144
#inputs: 1977870
==========================================
Part 28, Epoch Time(s): 5.2839
Sampling Time(s): 0.3262
Loading Time(s): 1.7453
Forward Time(s): 0.3827
Backward Time(s): 0.2180
Update Time(s): 0.0044
Emb Update Time(s): 2.5976
#seeds: 6144
#inputs: 1962382
==========================================
Part 26, Epoch Time(s): 5.2832
Sampling Time(s): 0.2772
Loading Time(s): 1.8822
Forward Time(s): 0.3115
Backward Time(s): 0.2081
Update Time(s): 0.0036
Emb Update Time(s): 2.5916
#seeds: 6145
#inputs: 1973074
=====================

=====================
Part 30, Epoch Time(s): 5.2799
Sampling Time(s): 0.2766
Loading Time(s): 1.7661
Forward Time(s): 0.4112
Backward Time(s): 0.2148
Update Time(s): 0.0035
Emb Update Time(s): 2.5984
#seeds: 6144
#inputs: 1971978
==========================================
Part 29, Epoch Time(s): 5.2864
Sampling Time(s): 0.2581
Loading Time(s): 1.8351
Forward Time(s): 0.3642
Backward Time(s): 0.2181
Update Time(s): 0.0036
Emb Update Time(s): 2.5982
#seeds: 6144
#inputs: 1965026
==========================================
Part 31, Epoch Time(s): 5.2820
Sampling Time(s): 0.2911
Loading Time(s): 1.7451
Forward Time(s): 0.4165
Backward Time(s): 0.2181
Update Time(s): 0.0043
Emb Update Time(s): 2.5976
#seeds: 6144
#inputs: 1964294
=====================





|V|=2449029, eval batch size: 100000
|V|=2449029, eval batch size: 100000
|V|=2449029, eval batch size: 100000
|V|=2449029, eval batch size: 100000
|V|=2449029, eval batch size: 100000
|V|=2449029, eval batch size: 100000
|V|=2449029, eval batch size: 100000
|V|=2449029, eval batch size: 100000
|V|=2449029, eval batch size: 100000
|V|=2449029, eval batch size: 100000
|V|=2449029, eval batch size: 100000
|V|=2449029, eval batch size: 100000
|V|=2449029, eval batch size: 100000
|V|=2449029, eval batch size: 100000
|V|=2449029, eval batch size: 100000
|V|=2449029, eval batch size: 100000
|V|=2449029, eval batch size: 100000
|V|=2449029, eval batch size: 100000
|V|=2449029, eval batch size: 100000
|V|=2449029, eval batch size: 100000
|V|=2449029, eval batch size: 100000
|V|=2449029, eval batch size: 100000
|V|=2449029, eval batch size: 100000
|V|=2449029, eval batch size: 100000
|V|=2449029, eval batch size: 100000
|V|=2449029, eval batch size: 100000
|V|=2449029, eval batch size: 100000
|V|=2449029, eval batch size: 100000
|V|=2449029, eval batch size: 100000
|V|=2449029, eval batch size: 100000
|V|=2449029, eval batch size: 100000
|V|=2449029, eval batch size: 100000
|V|=2449029, eval batch size: 100000|V|=2449029, eval batch size: 100000
|V|=2449029, eval batch size: 100000
|V|=2449029, eval batch size: 100000
|V|=2449029, eval batch size: 100000

|V|=2449029, eval batch size: 100000
|V|=2449029, eval batch size: 100000
|V|=2449029, eval batch size: 100000
|V|=2449029, eval batch size: 100000
|V|=2449029, eval batch size: 100000
|V|=2449029, eval batch size: 100000
|V|=2449029, eval batch size: 100000
|V|=2449029, eval batch size: 100000
|V|=2449029, eval batch size: 100000
|V|=2449029, eval batch size: 100000|V|=2449029, eval batch size: 100000|V|=2449029, eval batch size: 100000|V|=2449029, eval batch size: 100000
|V|=2449029, eval batch size: 100000|V|=2449029, eval batch size: 100000



|V|=2449029, eval batch size: 100000
|V|=2449029, eval batch size: 100000
|V|=2449029, eval batch size: 100000
|V|=2449029, eval batch size: 100000

|V|=2449029, eval batch size: 100000|V|=2449029, eval batch size: 100000|V|=2449029, eval batch size: 100000

|V|=2449029, eval batch size: 100000|V|=2449029, eval batch size: 100000


|V|=2449029, eval batch size: 100000
|V|=2449029, eval batch size: 100000
|V|=2449029, eval batch size: 100000
|V|=2449029, eval batch size: 100000
|V|=2449029, eval batch size: 100000|V|=2449029, eval batch size: 100000

|V|=2449029, eval batch size: 100000
|V|=2449029, eval batch size: 100000
|V|=2449029, eval batch size: 100000
|V|=2449029, eval batch size: 100000
|V|=2449029, eval batch size: 100000
|V|=2449029, eval batch size: 100000|V|=2449029, eval batch size: 100000
|V|=2449029, eval batch size: 100000

|V|=2449029, eval batch size: 100000
|V|=2449029, eval batch size: 100000|V|=2449029, eval batch size: 100000|V|=2449029, eval batch size: 100000


|V|=2449029, eval batch size: 100000
|V|=2449029, eval batch size: 100000
|V|=2449029, eval batch size: 100000|V|=2449029, eval batch size: 100000

|V|=2449029, eval batch size: 100000
|V|=2449029, eval batch size: 100000|V|=2449029, eval batch size: 100000|V|=2449029, eval batch size: 100000


|V|=2449029, eval batch size: 100000
|V|=2449029, eval batch size: 100000
|V|=2449029, eval batch size: 100000
|V|=2449029, eval batch size: 100000
|V|=2449029, eval batch size: 100000
|V|=2449029, eval batch size: 100000
|V|=2449029, eval batch size: 100000
|V|=2449029, eval batch size: 100000
|V|=2449029, eval batch size: 100000
Part 21, Val Acc 0.8218, Test Acc 0.6077, time: 7.0241
Part 7, Val Acc 0.9072, Test Acc 0.7249, time: 7.0262
Part 2, Val Acc 0.8828, Test Acc 0.7252, time: 7.0268
Part 6, Val Acc 0.9072, Test Acc 0.7223, time: 7.0290
Part 3, Val Acc 0.9145, Test Acc 0.7264, time: 7.0300
Part 4, Val Acc 0.9007, Test Acc 0.7245, time: 7.0308
Part 0, Val Acc 0.9097, Test Acc 0.7233, time: 7.0313
Part 20, Val Acc 0.8363, Test Acc 0.6098, time: 7.0328
Part 23, Val Acc 0.8356, Test Acc 0.6092, time: 7.0329
Part 14, Val Acc 0.8495, Test Acc 0.6493, time: 7.0332
Part 5, Val Acc 0.9064, Test Acc 0.7271, time: 7.0353
Part 18, Val Acc 0.8308, Test Acc 0.6073, time: 7.0372
Part 22, Val Acc 0.8397, Test Acc 0.6099, time: 7.0386
Part 19, Val Acc 0.8259, Test Acc 0.6097, time: 7.0395
Part 1, Val Acc 0.9113, Test Acc 0.7242, time: 7.0399
Part 13, Val Acc 0.8438, Test Acc 0.6536, time: 7.0400
Part 12, Val Acc 0.8544, Test Acc 0.6548, time: 7.0400
Part 17, Val Acc 0.8218, Test Acc 0.6109, time: 7.0416
Part 16, Val Acc 0.8267, Test Acc 0.6097, time: 7.0450
Part 28, Val Acc 0.8763, Test Acc 0.6438, time: 7.0450
Part 15, Val Acc 0.8397, Test Acc 0.6536, time: 7.0468
Part 30, Val Acc 0.8893, Test Acc 0.6430, time: 7.0482
Part 25, Val Acc 0.8755, Test Acc 0.6461, time: 7.0485
Part 26, Val Acc 0.8723, Test Acc 0.6458, time: 7.0497
Part 24, Val Acc 0.8811, Test Acc 0.6443, time: 7.0520
Part 29, Val Acc 0.8633, Test Acc 0.6416, time: 7.0545
Part 31, Val Acc 0.8592, Test Acc 0.6471, time: 7.0562
Part 11, Val Acc 0.8291, Test Acc 0.6547, time: 7.0578
Part 9, Val Acc 0.8316, Test Acc 0.6522, time: 7.0594
Part 27, Val Acc 0.8664, Test Acc 0.6428, time: 7.0596
Part 8, Val Acc 0.8624, Test Acc 0.6539, time: 7.0620
Part 10, Val Acc 0.8356, Test Acc 0.6542, time: 7.0628
All parts avg val acc 0.8628, test acc 0.6579
Part 0 | Epoch 00002 | Step 00000 | Loss 0.5870 | Train Acc 0.8870 | Speed (samples/sec) 1091.7593 | GPU 1927.5 MB | time 1.009 s
Part 2 | Epoch 00002 | Step 00000 | Loss 0.5616 | Train Acc 0.8880 | Speed (samples/sec) 1085.7054 | GPU 1936.0 MB | time 1.045 s
Part 4 | Epoch 00002 | Step 00000 | Loss 0.5801 | Train Acc 0.8770 | Speed (samples/sec) 1086.4712 | GPU 1921.6 MB | time 1.041 sPart 3 | Epoch 00002 | Step 00000 | Loss 0.5286 | Train Acc 0.9010 | Speed (samples/sec) 1087.2152 | GPU 1923.3 MB | time 1.042 s

Part 6 | Epoch 00002 | Step 00000 | Loss 0.5863 | Train Acc 0.8800 | Speed (samples/sec) 1086.7208 | GPU 1921.8 MB | time 1.043 sPart 7 | Epoch 00002 | Step 00000 | Loss 0.5702 | Train Acc 0.8900 | Speed (samples/sec) 1086.1025 | GPU 1924.6 MB | time 1.046 s

Part 16 | Epoch 00002 | Step 00000 | Loss 1.0866 | Train Acc 0.7720 | Speed (samples/sec) 1088.2811 | GPU 1957.9 MB | time 1.027 s
Part 18 | Epoch 00002 | Step 00000 | Loss 1.0767 | Train Acc 0.7730 | Speed (samples/sec) 1088.3774 | GPU 1966.1 MB | time 1.035 sPart 21 | Epoch 00002 | Step 00000 | Loss 1.1515 | Train Acc 0.7520 | Speed (samples/sec) 1087.2806 | GPU 1972.2 MB | time 1.048 s

Part 19 | Epoch 00002 | Step 00000 | Loss 1.0839 | Train Acc 0.7660 | Speed (samples/sec) 1088.6247 | GPU 1964.8 MB | time 1.032 sPart 17 | Epoch 00002 | Step 00000 | Loss 1.1743 | Train Acc 0.7690 | Speed (samples/sec) 1088.3570 | GPU 1964.7 MB | time 1.030 s

Part 22 | Epoch 00002 | Step 00000 | Loss 1.1620 | Train Acc 0.7710 | Speed (samples/sec) 1087.3897 | GPU 1972.4 MB | time 1.033 s
Part 20 | Epoch 00002 | Step 00000 | Loss 1.1184 | Train Acc 0.7700 | Speed (samples/sec) 1086.8367 | GPU 1964.4 MB | time 1.039 s
Part 8 | Epoch 00002 | Step 00000 | Loss 0.8983 | Train Acc 0.8140 | Speed (samples/sec) 1089.3650 | GPU 2203.6 MB | time 1.010 s
Part 10 | Epoch 00002 | Step 00000 | Loss 0.8173 | Train Acc 0.8350 | Speed (samples/sec) 1091.4325 | GPU 2212.2 MB | time 1.009 s
Part 9 | Epoch 00002 | Step 00000 | Loss 0.7731 | Train Acc 0.8370 | Speed (samples/sec) 1088.3783 | GPU 2226.2 MB | time 1.012 s
Part 13 | Epoch 00002 | Step 00000 | Loss 0.8114 | Train Acc 0.8380 | Speed (samples/sec) 1087.9609 | GPU 2218.5 MB | time 1.032 s
Part 24 | Epoch 00002 | Step 00000 | Loss 0.9516 | Train Acc 0.7750 | Speed (samples/sec) 1089.3103 | GPU 2055.4 MB | time 1.020 s
Part 26 | Epoch 00002 | Step 00000 | Loss 0.9411 | Train Acc 0.7810 | Speed (samples/sec) 1090.6119 | GPU 2058.4 MB | time 1.022 sPart 29 | Epoch 00002 | Step 00000 | Loss 0.8907 | Train Acc 0.7870 | Speed (samples/sec) 1090.1480 | GPU 2068.1 MB | time 1.017 s

Part 23 | Epoch 00002 | Step 00000 | Loss 1.1321 | Train Acc 0.7740 | Speed (samples/sec) 1086.9373 | GPU 1974.2 MB | time 1.039 s
Part 11 | Epoch 00002 | Step 00000 | Loss 0.7887 | Train Acc 0.8420 | Speed (samples/sec) 1090.2137 | GPU 2232.5 MB | time 1.014 s
Part 15 | Epoch 00002 | Step 00000 | Loss 0.8788 | Train Acc 0.8140 | Speed (samples/sec) 1090.0117 | GPU 2220.6 MB | time 1.025 s
Part 25 | Epoch 00002 | Step 00000 | Loss 0.8918 | Train Acc 0.7900 | Speed (samples/sec) 1090.0672 | GPU 2063.4 MB | time 1.024 s
Part 30 | Epoch 00002 | Step 00000 | Loss 0.8398 | Train Acc 0.7880 | Speed (samples/sec) 1090.2135 | GPU 2058.2 MB | time 1.024 s
Part 5 | Epoch 00002 | Step 00000 | Loss 0.6158 | Train Acc 0.8810 | Speed (samples/sec) 1087.8765 | GPU 1931.6 MB | time 1.035 sPart 1 | Epoch 00002 | Step 00000 | Loss 0.6528 | Train Acc 0.8770 | Speed (samples/sec) 1088.1417 | GPU 1915.7 MB | time 1.032 s

Part 28 | Epoch 00002 | Step 00000 | Loss 0.8952 | Train Acc 0.7850 | Speed (samples/sec) 1089.6649 | GPU 2077.0 MB | time 1.027 sPart 31 | Epoch 00002 | Step 00000 | Loss 0.9137 | Train Acc 0.7700 | Speed (samples/sec) 1090.6627 | GPU 2066.8 MB | time 1.016 s

Part 12 | Epoch 00002 | Step 00000 | Loss 0.8012 | Train Acc 0.8320 | Speed (samples/sec) 1089.0805 | GPU 2223.4 MB | time 1.032 s
Part 14 | Epoch 00002 | Step 00000 | Loss 0.7946 | Train Acc 0.8240 | Speed (samples/sec) 1089.2484 | GPU 2221.0 MB | time 1.039 s
Part 27 | Epoch 00002 | Step 00000 | Loss 0.9164 | Train Acc 0.7890 | Speed (samples/sec) 1091.1759 | GPU 2055.9 MB | time 1.012 s
Avg train acc 0.8165
=====================
Part 4, Epoch Time(s): 5.5505
Sampling Time(s): 0.2716
Loading Time(s): 1.5744
Forward Time(s): 0.7939
Backward Time(s): 0.2153
Update Time(s): 0.0037
Emb Update Time(s): 2.6818
#seeds: 6144
#inputs: 1930574
==========================================
Part 2, Epoch Time(s): 5.5544
Sampling Time(s): 0.3418
Loading Time(s): 1.6317
Forward Time(s): 0.6703
Backward Time(s): 0.2158
Update Time(s): 0.0036
Emb Update Time(s): 2.6814
#seeds: 6144
#inputs: 1922584
==========================================
Part 5, Epoch Time(s): 5.5442
Sampling Time(s): 0.3341
Loading Time(s): 1.5438
Forward Time(s): 0.7554
Backward Time(s): 0.2152
Update Time(s): 0.0046
Emb Update Time(s): 2.6810
#seeds: 6145
#inputs: 1925431
==========================================
Part 0, Epoch Time(s): 5.5179
Sampling Time(s): 0.3305
Loading Time(s): 1.6784
Forward Time(s): 0.5971
Backward Time(s): 0.2162
Update Time(s): 0.0037
Emb Update Time(s): 2.6810
#seeds: 6144
#inputs: 1937534
==========================================
Part 1, Epoch Time(s): 5.5409
Sampling Time(s): 0.2913
Loading Time(s): 1.6091
Forward Time(s): 0.7295
Backward Time(s): 0.2160
Update Time(s): 0.0040
Emb Update Time(s): 2.6810
#seeds: 6145
#inputs: 1920843
=====================
=====================
Part 6, Epoch Time(s): 5.5522
Sampling Time(s): 0.2980
Loading Time(s): 1.6672
Forward Time(s): 0.6764
Backward Time(s): 0.2152
Update Time(s): 0.0037
Emb Update Time(s): 2.6821
#seeds: 6144
#inputs: 1937965
==========================================
Part 7, Epoch Time(s): 5.5548
Sampling Time(s): 0.3039
Loading Time(s): 1.6516
Forward Time(s): 0.6888
Backward Time(s): 0.2153
Update Time(s): 0.0037
Emb Update Time(s): 2.6818
#seeds: 6144
#inputs: 1934943
==========================================
Part 3, Epoch Time(s): 5.5512
Sampling Time(s): 0.2933
Loading Time(s): 1.6403
Forward Time(s): 0.7064
Backward Time(s): 0.2157
Update Time(s): 0.0036
Emb Update Time(s): 2.6819
#seeds: 6144
#inputs: 1928619
=====================






=====================
Part 25, Epoch Time(s): 5.5327
Sampling Time(s): 0.2759
Loading Time(s): 1.7775
Forward Time(s): 0.5682
Backward Time(s): 0.2147
Update Time(s): 0.0035
Emb Update Time(s): 2.6831
#seeds: 6144
#inputs: 1970329
==========================================
Part 30, Epoch Time(s): 5.5330
Sampling Time(s): 0.2806
Loading Time(s): 1.8250
Forward Time(s): 0.5163
Backward Time(s): 0.2142
Update Time(s): 0.0037
Emb Update Time(s): 2.6834
#seeds: 6144
#inputs: 1972874
==========================================
Part 26, Epoch Time(s): 5.5313
Sampling Time(s): 0.3437
Loading Time(s): 1.7945
Forward Time(s): 0.4926
Backward Time(s): 0.2049
Update Time(s): 0.0037
Emb Update Time(s): 2.6824
#seeds: 6145
#inputs: 1975513
==========================================
Part 29, Epoch Time(s): 5.5266
Sampling Time(s): 0.3117
Loading Time(s): 1.7048
Forward Time(s): 0.5994
Backward Time(s): 0.2143
Update Time(s): 0.0040
Emb Update Time(s): 2.6827
#seeds: 6144
#inputs: 1968062
==========================================
Part 31, Epoch Time(s): 5.5251
Sampling Time(s): 0.2788
Loading Time(s): 1.7712
Forward Time(s): 0.5636
Backward Time(s): 0.2142
Update Time(s): 0.0042
Emb Update Time(s): 2.6831
#seeds: 6144
#inputs: 1965322
=====================
=====================
Part 28, Epoch Time(s): 5.5359
Sampling Time(s): 0.2811
Loading Time(s): 1.7454
Forward Time(s): 0.5982
Backward Time(s): 0.2144
Update Time(s): 0.0042
Emb Update Time(s): 2.6827
#seeds: 6144
#inputs: 1966245
=====================
=====================
Part 24, Epoch Time(s): 5.5293
Sampling Time(s): 0.2768
Loading Time(s): 1.8283
Forward Time(s): 0.5310
Backward Time(s): 0.2032
Update Time(s): 0.0038
Emb Update Time(s): 2.6764
#seeds: 6144
#inputs: 1958193
=====================




=====================
Part 27, Epoch Time(s): 5.5211
Sampling Time(s): 0.3021
Loading Time(s): 1.9151
Forward Time(s): 0.3923
Backward Time(s): 0.2143
Update Time(s): 0.0040
Emb Update Time(s): 2.6827
#seeds: 6144
#inputs: 1982012
=====================
=====================
Part 12, Epoch Time(s): 5.5412
Sampling Time(s): 0.3173
Loading Time(s): 1.8431
Forward Time(s): 0.4707
Backward Time(s): 0.2137
Update Time(s): 0.0045
Emb Update Time(s): 2.6821
#seeds: 6145
#inputs: 2031546
==========================================
Part 13, Epoch Time(s): 5.5412
Sampling Time(s): 0.3213
Loading Time(s): 1.9457
Forward Time(s): 0.3780
Backward Time(s): 0.2058
Update Time(s): 0.0039
Emb Update Time(s): 2.6769
#seeds: 6144
#inputs: 2045366
==========================================
Part 10, Epoch Time(s): 5.5181
Sampling Time(s): 0.3441
Loading Time(s): 2.0464
Forward Time(s): 0.2594
Backward Time(s): 0.1850
Update Time(s): 0.0036
Emb Update Time(s): 2.6700
#seeds: 6144
#inputs: 2045810
==========================================
Part 14, Epoch Time(s): 5.5480
Sampling Time(s): 0.3185
Loading Time(s): 1.9235
Forward Time(s): 0.4152
Backward Time(s): 0.2014
Update Time(s): 0.0039
Emb Update Time(s): 2.6817
#seeds: 6144
#inputs: 2033569
==========================================
Part 11, Epoch Time(s): 5.5233
Sampling Time(s): 0.2827
Loading Time(s): 1.9976
Forward Time(s): 0.3502
Backward Time(s): 0.2035
Update Time(s): 0.0044
Emb Update Time(s): 2.6748
#seeds: 6145
#inputs: 2036518
==========================================
Part 8, Epoch Time(s): 5.5190
Sampling Time(s): 0.2751
Loading Time(s): 1.8510
Forward Time(s): 0.4893
Backward Time(s): 0.2084
Update Time(s): 0.0039
Emb Update Time(s): 2.6818
#seeds: 6144
#inputs: 2029741
=====================

=====================
Part 9, Epoch Time(s): 5.5214
Sampling Time(s): 0.2901
Loading Time(s): 1.9228
Forward Time(s): 0.4092
Backward Time(s): 0.2036
Update Time(s): 0.0040
Emb Update Time(s): 2.6819
#seeds: 6144
#inputs: 2049151
=====================
=====================
Part 15, Epoch Time(s): 5.5344
Sampling Time(s): 0.3074
Loading Time(s): 1.9709
Forward Time(s): 0.3652
Backward Time(s): 0.2009
Update Time(s): 0.0037
Emb Update Time(s): 2.6765
#seeds: 6144
#inputs: 2040419
=====================




=====================
Part 17, Epoch Time(s): 5.5397
Sampling Time(s): 0.2958
Loading Time(s): 1.5917
Forward Time(s): 0.7410
Backward Time(s): 0.2156
Update Time(s): 0.0038
Emb Update Time(s): 2.6821
#seeds: 6144
#inputs: 1924847
==========================================
Part 19, Epoch Time(s): 5.5417
Sampling Time(s): 0.2667
Loading Time(s): 1.5110
Forward Time(s): 0.8527
Backward Time(s): 0.2153
Update Time(s): 0.0043
Emb Update Time(s): 2.6816
#seeds: 6145
#inputs: 1937248
==========================================
Part 16, Epoch Time(s): 5.5363
Sampling Time(s): 0.2767
Loading Time(s): 1.5309
Forward Time(s): 0.8180
Backward Time(s): 0.2158
Update Time(s): 0.0035
Emb Update Time(s): 2.6817
#seeds: 6144
#inputs: 1935734
==========================================
Part 18, Epoch Time(s): 5.5440
Sampling Time(s): 0.2991
Loading Time(s): 1.5370
Forward Time(s): 0.7968
Backward Time(s): 0.2155
Update Time(s): 0.0037
Emb Update Time(s): 2.6819
#seeds: 6144
#inputs: 1938092
==========================================
Part 20, Epoch Time(s): 5.5484
Sampling Time(s): 0.2660
Loading Time(s): 1.5699
Forward Time(s): 0.8018
Backward Time(s): 0.2148
Update Time(s): 0.0037
Emb Update Time(s): 2.6826
#seeds: 6144
#inputs: 1909493
=====================

=====================
Part 21, Epoch Time(s): 5.5571
Sampling Time(s): 0.3050
Loading Time(s): 1.6275
Forward Time(s): 0.7139
Backward Time(s): 0.2147
Update Time(s): 0.0037
Emb Update Time(s): 2.6826
#seeds: 6145
#inputs: 1929365
=====================

=====================
Part 23, Epoch Time(s): 5.5483
Sampling Time(s): 0.2684
Loading Time(s): 1.5941
Forward Time(s): 0.7749
Backward Time(s): 0.2146
Update Time(s): 0.0038
Emb Update Time(s): 2.6826
#seeds: 6144
#inputs: 1945550
==========================================
Part 22, Epoch Time(s): 5.5426
Sampling Time(s): 0.2634
Loading Time(s): 1.5215
Forward Time(s): 0.8467
Backward Time(s): 0.2146
Update Time(s): 0.0037
Emb Update Time(s): 2.6828
#seeds: 6144
#inputs: 1926138
=====================



|V|=2449029, eval batch size: 100000
|V|=2449029, eval batch size: 100000
|V|=2449029, eval batch size: 100000
|V|=2449029, eval batch size: 100000
|V|=2449029, eval batch size: 100000
|V|=2449029, eval batch size: 100000
|V|=2449029, eval batch size: 100000
|V|=2449029, eval batch size: 100000
|V|=2449029, eval batch size: 100000
|V|=2449029, eval batch size: 100000
|V|=2449029, eval batch size: 100000
|V|=2449029, eval batch size: 100000
|V|=2449029, eval batch size: 100000
|V|=2449029, eval batch size: 100000
|V|=2449029, eval batch size: 100000
|V|=2449029, eval batch size: 100000
|V|=2449029, eval batch size: 100000
|V|=2449029, eval batch size: 100000
|V|=2449029, eval batch size: 100000
|V|=2449029, eval batch size: 100000
|V|=2449029, eval batch size: 100000
|V|=2449029, eval batch size: 100000
|V|=2449029, eval batch size: 100000
|V|=2449029, eval batch size: 100000
|V|=2449029, eval batch size: 100000
|V|=2449029, eval batch size: 100000
|V|=2449029, eval batch size: 100000
|V|=2449029, eval batch size: 100000
|V|=2449029, eval batch size: 100000
|V|=2449029, eval batch size: 100000
|V|=2449029, eval batch size: 100000
|V|=2449029, eval batch size: 100000
|V|=2449029, eval batch size: 100000
|V|=2449029, eval batch size: 100000|V|=2449029, eval batch size: 100000

|V|=2449029, eval batch size: 100000
|V|=2449029, eval batch size: 100000
|V|=2449029, eval batch size: 100000
|V|=2449029, eval batch size: 100000
|V|=2449029, eval batch size: 100000|V|=2449029, eval batch size: 100000

|V|=2449029, eval batch size: 100000
|V|=2449029, eval batch size: 100000|V|=2449029, eval batch size: 100000

|V|=2449029, eval batch size: 100000|V|=2449029, eval batch size: 100000

|V|=2449029, eval batch size: 100000
|V|=2449029, eval batch size: 100000
|V|=2449029, eval batch size: 100000
|V|=2449029, eval batch size: 100000|V|=2449029, eval batch size: 100000

|V|=2449029, eval batch size: 100000|V|=2449029, eval batch size: 100000

|V|=2449029, eval batch size: 100000
|V|=2449029, eval batch size: 100000
|V|=2449029, eval batch size: 100000
|V|=2449029, eval batch size: 100000|V|=2449029, eval batch size: 100000

|V|=2449029, eval batch size: 100000
|V|=2449029, eval batch size: 100000
|V|=2449029, eval batch size: 100000
|V|=2449029, eval batch size: 100000
|V|=2449029, eval batch size: 100000
|V|=2449029, eval batch size: 100000
|V|=2449029, eval batch size: 100000|V|=2449029, eval batch size: 100000
|V|=2449029, eval batch size: 100000

|V|=2449029, eval batch size: 100000
|V|=2449029, eval batch size: 100000|V|=2449029, eval batch size: 100000

|V|=2449029, eval batch size: 100000
|V|=2449029, eval batch size: 100000|V|=2449029, eval batch size: 100000
|V|=2449029, eval batch size: 100000

|V|=2449029, eval batch size: 100000
|V|=2449029, eval batch size: 100000
|V|=2449029, eval batch size: 100000
|V|=2449029, eval batch size: 100000
|V|=2449029, eval batch size: 100000|V|=2449029, eval batch size: 100000|V|=2449029, eval batch size: 100000


|V|=2449029, eval batch size: 100000|V|=2449029, eval batch size: 100000
|V|=2449029, eval batch size: 100000|V|=2449029, eval batch size: 100000|V|=2449029, eval batch size: 100000



|V|=2449029, eval batch size: 100000
|V|=2449029, eval batch size: 100000
|V|=2449029, eval batch size: 100000
|V|=2449029, eval batch size: 100000
|V|=2449029, eval batch size: 100000
|V|=2449029, eval batch size: 100000
|V|=2449029, eval batch size: 100000
|V|=2449029, eval batch size: 100000
|V|=2449029, eval batch size: 100000
|V|=2449029, eval batch size: 100000
Part 5, Val Acc 0.9146, Test Acc 0.7616, time: 7.1715
Part 21, Val Acc 0.8617, Test Acc 0.6706, time: 7.1745
Part 2, Val Acc 0.8999, Test Acc 0.7612, time: 7.1808
Part 22, Val Acc 0.8739, Test Acc 0.6732, time: 7.1808
Part 7, Val Acc 0.9284, Test Acc 0.7604, time: 7.1810
Part 6, Val Acc 0.9105, Test Acc 0.7588, time: 7.1810
Part 4, Val Acc 0.9146, Test Acc 0.7610, time: 7.1810
Part 0, Val Acc 0.9178, Test Acc 0.7583, time: 7.1815
Part 19, Val Acc 0.8592, Test Acc 0.6711, time: 7.1816
Part 3, Val Acc 0.9251, Test Acc 0.7624, time: 7.1820
Part 17, Val Acc 0.8584, Test Acc 0.6733, time: 7.1839
Part 18, Val Acc 0.8649, Test Acc 0.6717, time: 7.1846
Part 23, Val Acc 0.8706, Test Acc 0.6704, time: 7.1848
Part 10, Val Acc 0.8454, Test Acc 0.6894, time: 7.1849
Part 1, Val Acc 0.9203, Test Acc 0.7611, time: 7.1862
Part 14, Val Acc 0.8657, Test Acc 0.6842, time: 7.1882
Part 30, Val Acc 0.9089, Test Acc 0.6773, time: 7.1887
Part 20, Val Acc 0.8607, Test Acc 0.6734, time: 7.1891
Part 16, Val Acc 0.8617, Test Acc 0.6708, time: 7.1908
Part 25, Val Acc 0.8991, Test Acc 0.6794, time: 7.1915
Part 13, Val Acc 0.8535, Test Acc 0.6887, time: 7.1915
Part 29, Val Acc 0.8869, Test Acc 0.6770, time: 7.1928
Part 9, Val Acc 0.8495, Test Acc 0.6877, time: 7.1931
Part 26, Val Acc 0.9056, Test Acc 0.6796, time: 7.1931
Part 24, Val Acc 0.9047, Test Acc 0.6774, time: 7.1943
Part 27, Val Acc 0.9015, Test Acc 0.6765, time: 7.2017
Part 28, Val Acc 0.9056, Test Acc 0.6778, time: 7.2018
Part 31, Val Acc 0.8836, Test Acc 0.6811, time: 7.2018
Part 11, Val Acc 0.8389, Test Acc 0.6888, time: 7.2094
Part 8, Val Acc 0.8721, Test Acc 0.6865, time: 7.2129
Part 15, Val Acc 0.8576, Test Acc 0.6898, time: 7.2139
Part 12, Val Acc 0.8706, Test Acc 0.6882, time: 7.2248
All parts avg val acc 0.8841, test acc 0.6996
Part 7 | Epoch 00003 | Step 00000 | Loss 0.3282 | Train Acc 0.9390 | Speed (samples/sec) 1077.0825 | GPU 1924.6 MB | time 1.034 s
Part 5 | Epoch 00003 | Step 00000 | Loss 0.3584 | Train Acc 0.9220 | Speed (samples/sec) 1077.9007 | GPU 1931.6 MB | time 1.043 s
Part 2 | Epoch 00003 | Step 00000 | Loss 0.3644 | Train Acc 0.9200 | Speed (samples/sec) 1076.8206 | GPU 1936.0 MB | time 1.034 s
Part 0 | Epoch 00003 | Step 00000 | Loss 0.4386 | Train Acc 0.9040 | Speed (samples/sec) 1083.0178 | GPU 1927.6 MB | time 0.989 s
Part 6 | Epoch 00003 | Step 00000 | Loss 0.4044 | Train Acc 0.9150 | Speed (samples/sec) 1077.4705 | GPU 1921.8 MB | time 1.034 s
Part 4 | Epoch 00003 | Step 00000 | Loss 0.4247 | Train Acc 0.9120 | Speed (samples/sec) 1077.3087 | GPU 1921.6 MB | time 1.034 s
Part 1 | Epoch 00003 | Step 00000 | Loss 0.3366 | Train Acc 0.9300 | Speed (samples/sec) 1078.7786 | GPU 1917.7 MB | time 1.029 s
Part 18 | Epoch 00003 | Step 00000 | Loss 0.6545 | Train Acc 0.8540 | Speed (samples/sec) 1078.7032 | GPU 1971.3 MB | time 1.030 sPart 21 | Epoch 00003 | Step 00000 | Loss 0.6476 | Train Acc 0.8650 | Speed (samples/sec) 1077.6413 | GPU 1972.2 MB | time 1.040 s

Part 16 | Epoch 00003 | Step 00000 | Loss 0.7560 | Train Acc 0.8310 | Speed (samples/sec) 1078.9453 | GPU 1957.9 MB | time 1.024 s
Part 3 | Epoch 00003 | Step 00000 | Loss 0.4391 | Train Acc 0.9180 | Speed (samples/sec) 1077.8404 | GPU 1923.3 MB | time 1.033 s
Part 20 | Epoch 00003 | Step 00000 | Loss 0.6267 | Train Acc 0.8590 | Speed (samples/sec) 1077.9508 | GPU 1964.4 MB | time 1.026 s
Part 10 | Epoch 00003 | Step 00000 | Loss 0.6175 | Train Acc 0.8640 | Speed (samples/sec) 1080.6268 | GPU 2212.6 MB | time 1.030 s
Part 8 | Epoch 00003 | Step 00000 | Loss 0.6712 | Train Acc 0.8510 | Speed (samples/sec) 1080.7511 | GPU 2210.4 MB | time 1.002 sPart 13 | Epoch 00003 | Step 00000 | Loss 0.5999 | Train Acc 0.8690 | Speed (samples/sec) 1078.7663 | GPU 2218.5 MB | time 1.023 s

Part 15 | Epoch 00003 | Step 00000 | Loss 0.6710 | Train Acc 0.8460 | Speed (samples/sec) 1081.2326 | GPU 2220.6 MB | time 1.001 s
Part 22 | Epoch 00003 | Step 00000 | Loss 0.6638 | Train Acc 0.8690 | Speed (samples/sec) 1077.8820 | GPU 1975.9 MB | time 1.034 s
Part 19 | Epoch 00003 | Step 00000 | Loss 0.6649 | Train Acc 0.8580 | Speed (samples/sec) 1078.8508 | GPU 1964.8 MB | time 1.033 s
Part 23 | Epoch 00003 | Step 00000 | Loss 0.6567 | Train Acc 0.8640 | Speed (samples/sec) 1077.8240 | GPU 1975.2 MB | time 1.030 s
Part 14 | Epoch 00003 | Step 00000 | Loss 0.6658 | Train Acc 0.8530 | Speed (samples/sec) 1079.1383 | GPU 2225.8 MB | time 1.027 s
Part 29 | Epoch 00003 | Step 00000 | Loss 0.4393 | Train Acc 0.9110 | Speed (samples/sec) 1080.2270 | GPU 2068.1 MB | time 1.022 s
Part 31 | Epoch 00003 | Step 00000 | Loss 0.4933 | Train Acc 0.9060 | Speed (samples/sec) 1081.0433 | GPU 2070.7 MB | time 1.013 s
Part 24 | Epoch 00003 | Step 00000 | Loss 0.4673 | Train Acc 0.9120 | Speed (samples/sec) 1079.7909 | GPU 2055.4 MB | time 1.020 s
Part 26 | Epoch 00003 | Step 00000 | Loss 0.5302 | Train Acc 0.8970 | Speed (samples/sec) 1080.6602 | GPU 2060.7 MB | time 1.022 s
Part 25 | Epoch 00003 | Step 00000 | Loss 0.4649 | Train Acc 0.8970 | Speed (samples/sec) 1080.1155 | GPU 2063.4 MB | time 1.023 s
Part 28 | Epoch 00003 | Step 00000 | Loss 0.5460 | Train Acc 0.8850 | Speed (samples/sec) 1080.4028 | GPU 2077.0 MB | time 1.013 sPart 27 | Epoch 00003 | Step 00000 | Loss 0.5399 | Train Acc 0.8820 | Speed (samples/sec) 1081.4683 | GPU 2058.6 MB | time 1.012 s

Part 30 | Epoch 00003 | Step 00000 | Loss 0.5290 | Train Acc 0.8920 | Speed (samples/sec) 1080.0678 | GPU 2058.2 MB | time 1.026 s
Part 11 | Epoch 00003 | Step 00000 | Loss 0.6431 | Train Acc 0.8480 | Speed (samples/sec) 1081.2772 | GPU 2234.7 MB | time 1.005 s
Part 17 | Epoch 00003 | Step 00000 | Loss 0.7064 | Train Acc 0.8570 | Speed (samples/sec) 1078.6285 | GPU 1964.7 MB | time 1.031 s
Part 9 | Epoch 00003 | Step 00000 | Loss 0.5758 | Train Acc 0.8700 | Speed (samples/sec) 1079.0998 | GPU 2226.2 MB | time 1.022 s
Part 12 | Epoch 00003 | Step 00000 | Loss 0.6509 | Train Acc 0.8380 | Speed (samples/sec) 1081.3521 | GPU 2223.4 MB | time 0.990 s
Avg train acc 0.8824
=====================
Part 1, Epoch Time(s): 5.4839
Sampling Time(s): 0.2794
Loading Time(s): 1.4531
Forward Time(s): 0.8821
Backward Time(s): 0.2185
Update Time(s): 0.0039
Emb Update Time(s): 2.6380
#seeds: 6145
#inputs: 1917932
==========================================
Part 5, Epoch Time(s): 5.4985
Sampling Time(s): 0.2900
Loading Time(s): 1.4731
Forward Time(s): 0.8664
Backward Time(s): 0.2181
Update Time(s): 0.0040
Emb Update Time(s): 2.6381
#seeds: 6145
#inputs: 1928017
==========================================
Part 3, Epoch Time(s): 5.4880
Sampling Time(s): 0.3338
Loading Time(s): 1.6140
Forward Time(s): 0.6706
Backward Time(s): 0.2183
Update Time(s): 0.0036
Emb Update Time(s): 2.6389
#seeds: 6144
#inputs: 1923584
==========================================
Part 7, Epoch Time(s): 5.4892
Sampling Time(s): 0.2876
Loading Time(s): 1.5285
Forward Time(s): 0.8042
Backward Time(s): 0.2177
Update Time(s): 0.0038
Emb Update Time(s): 2.6388
#seeds: 6144
#inputs: 1937580
==========================================
Part 2, Epoch Time(s): 5.4893
Sampling Time(s): 0.2853
Loading Time(s): 1.6256
Forward Time(s): 0.7093
Backward Time(s): 0.2184
Update Time(s): 0.0036
Emb Update Time(s): 2.6384
#seeds: 6144
#inputs: 1918234
=====================
=====================
Part 4, Epoch Time(s): 5.4892
Sampling Time(s): 0.2723
Loading Time(s): 1.6023
Forward Time(s): 0.7452
Backward Time(s): 0.2186
Update Time(s): 0.0040
Emb Update Time(s): 2.6378
#seeds: 6144
#inputs: 1930844
=====================




=====================
Part 6, Epoch Time(s): 5.4893
Sampling Time(s): 0.3294
Loading Time(s): 1.7818
Forward Time(s): 0.5160
Backward Time(s): 0.2107
Update Time(s): 0.0037
Emb Update Time(s): 2.6392
#seeds: 6144
#inputs: 1939009
=====================
=====================
Part 0, Epoch Time(s): 5.4449
Sampling Time(s): 0.3305
Loading Time(s): 1.5674
Forward Time(s): 0.6760
Backward Time(s): 0.2187
Update Time(s): 0.0039
Emb Update Time(s): 2.6380
#seeds: 6144
#inputs: 1937377
=====================
=====================
Part 18, Epoch Time(s): 5.4914
Sampling Time(s): 0.2792
Loading Time(s): 1.5571
Forward Time(s): 0.7796
Backward Time(s): 0.2172
Update Time(s): 0.0036
Emb Update Time(s): 2.6400
#seeds: 6144
#inputs: 1939048
==========================================
Part 20, Epoch Time(s): 5.4809
Sampling Time(s): 0.2782
Loading Time(s): 1.7198
Forward Time(s): 0.6212
Backward Time(s): 0.2090
Update Time(s): 0.0038
Emb Update Time(s): 2.6400
#seeds: 6144
#inputs: 1915580
==========================================
Part 21, Epoch Time(s): 5.4955
Sampling Time(s): 0.2773
Loading Time(s): 1.5929
Forward Time(s): 0.7562
Backward Time(s): 0.2167
Update Time(s): 0.0038
Emb Update Time(s): 2.6399
#seeds: 6145
#inputs: 1927312
=====================
=====================
Part 16, Epoch Time(s): 5.4853
Sampling Time(s): 0.2919
Loading Time(s): 1.5338
Forward Time(s): 0.7839
Backward Time(s): 0.2176
Update Time(s): 0.0041
Emb Update Time(s): 2.6391
#seeds: 6144
#inputs: 1933593
=====================

=====================
Part 22, Epoch Time(s): 5.4893
Sampling Time(s): 0.2677
Loading Time(s): 1.5103
Forward Time(s): 0.8419
Backward Time(s): 0.2166
Update Time(s): 0.0040
Emb Update Time(s): 2.6400
#seeds: 6144
#inputs: 1929718
=====================
=====================
Part 23, Epoch Time(s): 5.4849
Sampling Time(s): 0.2725
Loading Time(s): 1.6018
Forward Time(s): 0.7405
Backward Time(s): 0.2165
Update Time(s): 0.0040
Emb Update Time(s): 2.6457
#seeds: 6144
#inputs: 1944252
==========================================
Part 19, Epoch Time(s): 5.4885
Sampling Time(s): 0.2904
Loading Time(s): 1.5612
Forward Time(s): 0.7669
Backward Time(s): 0.2169
Update Time(s): 0.0041
Emb Update Time(s): 2.6399
#seeds: 6145
#inputs: 1938479
=====================


=====================
Part 17, Epoch Time(s): 5.4863
Sampling Time(s): 0.2867
Loading Time(s): 1.5430
Forward Time(s): 0.7858
Backward Time(s): 0.2174
Update Time(s): 0.0048
Emb Update Time(s): 2.6392
#seeds: 6144
#inputs: 1925273
=====================
=====================
Part 25, Epoch Time(s): 5.4784
Sampling Time(s): 0.3216
Loading Time(s): 1.7261
Forward Time(s): 0.5809
Backward Time(s): 0.1998
Update Time(s): 0.0036
Emb Update Time(s): 2.6376
#seeds: 6144
#inputs: 1976964
==========================================
Part 24, Epoch Time(s): 5.4756
Sampling Time(s): 0.2708
Loading Time(s): 1.6399
Forward Time(s): 0.6950
Backward Time(s): 0.2172
Update Time(s): 0.0039
Emb Update Time(s): 2.6397
#seeds: 6144
#inputs: 1958361
==========================================
Part 30, Epoch Time(s): 5.4814
Sampling Time(s): 0.3141
Loading Time(s): 1.7976
Forward Time(s): 0.5119
Backward Time(s): 0.2050
Update Time(s): 0.0038
Emb Update Time(s): 2.6401
#seeds: 6144
#inputs: 1973912
==========================================
Part 29, Epoch Time(s): 5.4770
Sampling Time(s): 0.3116
Loading Time(s): 1.7627
Forward Time(s): 0.5332
Backward Time(s): 0.2168
Update Time(s): 0.0038
Emb Update Time(s): 2.6400
#seeds: 6144
#inputs: 1967719
==========================================
Part 28, Epoch Time(s): 5.4682
Sampling Time(s): 0.2976
Loading Time(s): 1.6108
Forward Time(s): 0.6898
Backward Time(s): 0.2169
Update Time(s): 0.0041
Emb Update Time(s): 2.6399
#seeds: 6144
#inputs: 1961943
=====================



=====================
Part 31, Epoch Time(s): 5.4682
Sampling Time(s): 0.3281
Loading Time(s): 1.6444
Forward Time(s): 0.6262
Backward Time(s): 0.2169
Update Time(s): 0.0044
Emb Update Time(s): 2.6393
#seeds: 6144
#inputs: 1956435
=====================
=====================
Part 27, Epoch Time(s): 5.4668
Sampling Time(s): 0.2907
Loading Time(s): 1.8192
Forward Time(s): 0.5029
Backward Time(s): 0.2062
Update Time(s): 0.0046
Emb Update Time(s): 2.6340
#seeds: 6144
#inputs: 1978883
==========================================
Part 26, Epoch Time(s): 5.4771
Sampling Time(s): 0.3062
Loading Time(s): 1.8223
Forward Time(s): 0.4778
Backward Time(s): 0.2169
Update Time(s): 0.0052
Emb Update Time(s): 2.6395
#seeds: 6145
#inputs: 1981072
=====================


=====================
Part 8, Epoch Time(s): 5.4572
Sampling Time(s): 0.2957
Loading Time(s): 1.8750
Forward Time(s): 0.4284
Backward Time(s): 0.2059
Update Time(s): 0.0036
Emb Update Time(s): 2.6399
#seeds: 6144
#inputs: 2027371
==========================================
Part 12, Epoch Time(s): 5.4451
Sampling Time(s): 0.2747
Loading Time(s): 1.8190
Forward Time(s): 0.5055
Backward Time(s): 0.1984
Update Time(s): 0.0042
Emb Update Time(s): 2.6336
#seeds: 6145
#inputs: 2032318
==========================================
Part 10, Epoch Time(s): 5.4852
Sampling Time(s): 0.3444
Loading Time(s): 1.8827
Forward Time(s): 0.4251
Backward Time(s): 0.1891
Update Time(s): 0.0037
Emb Update Time(s): 2.6315
#seeds: 6144
#inputs: 2050613
==========================================
Part 14, Epoch Time(s): 5.4817
Sampling Time(s): 0.3179
Loading Time(s): 1.8667
Forward Time(s): 0.4331
Backward Time(s): 0.2107
Update Time(s): 0.0039
Emb Update Time(s): 2.6407
#seeds: 6144
#inputs: 2029731
==========================================
Part 13, Epoch Time(s): 5.4786
Sampling Time(s): 0.2951
Loading Time(s): 1.9850
Forward Time(s): 0.3519
Backward Time(s): 0.1958
Update Time(s): 0.0037
Emb Update Time(s): 2.6384
#seeds: 6144
#inputs: 2039716
==========================================
Part 11, Epoch Time(s): 5.4604
Sampling Time(s): 0.2913
Loading Time(s): 1.8349
Forward Time(s): 0.4826
Backward Time(s): 0.2048
Update Time(s): 0.0042
Emb Update Time(s): 2.6334
#seeds: 6145
#inputs: 2033007
=====================
=====================
Part 15, Epoch Time(s): 5.4562
Sampling Time(s): 0.3318
Loading Time(s): 1.8674
Forward Time(s): 0.4066
Backward Time(s): 0.2026
Update Time(s): 0.0045
Emb Update Time(s): 2.6346
#seeds: 6144
#inputs: 2038158
=====================





=====================
Part 9, Epoch Time(s): 5.4772
Sampling Time(s): 0.3065
Loading Time(s): 1.9140
Forward Time(s): 0.4194
Backward Time(s): 0.1955
Update Time(s): 0.0041
Emb Update Time(s): 2.6282
#seeds: 6144
#inputs: 2048398
=====================
|V|=2449029, eval batch size: 100000
|V|=2449029, eval batch size: 100000
|V|=2449029, eval batch size: 100000
|V|=2449029, eval batch size: 100000
|V|=2449029, eval batch size: 100000
|V|=2449029, eval batch size: 100000
|V|=2449029, eval batch size: 100000
|V|=2449029, eval batch size: 100000
|V|=2449029, eval batch size: 100000
|V|=2449029, eval batch size: 100000
|V|=2449029, eval batch size: 100000
|V|=2449029, eval batch size: 100000
|V|=2449029, eval batch size: 100000
|V|=2449029, eval batch size: 100000
|V|=2449029, eval batch size: 100000
|V|=2449029, eval batch size: 100000
|V|=2449029, eval batch size: 100000
|V|=2449029, eval batch size: 100000
|V|=2449029, eval batch size: 100000
|V|=2449029, eval batch size: 100000
|V|=2449029, eval batch size: 100000
|V|=2449029, eval batch size: 100000
|V|=2449029, eval batch size: 100000
|V|=2449029, eval batch size: 100000
|V|=2449029, eval batch size: 100000
|V|=2449029, eval batch size: 100000
|V|=2449029, eval batch size: 100000
|V|=2449029, eval batch size: 100000
|V|=2449029, eval batch size: 100000
|V|=2449029, eval batch size: 100000
|V|=2449029, eval batch size: 100000
|V|=2449029, eval batch size: 100000
|V|=2449029, eval batch size: 100000
|V|=2449029, eval batch size: 100000
|V|=2449029, eval batch size: 100000|V|=2449029, eval batch size: 100000

|V|=2449029, eval batch size: 100000|V|=2449029, eval batch size: 100000

|V|=2449029, eval batch size: 100000
|V|=2449029, eval batch size: 100000
|V|=2449029, eval batch size: 100000
|V|=2449029, eval batch size: 100000
|V|=2449029, eval batch size: 100000|V|=2449029, eval batch size: 100000

|V|=2449029, eval batch size: 100000
|V|=2449029, eval batch size: 100000
|V|=2449029, eval batch size: 100000
|V|=2449029, eval batch size: 100000
|V|=2449029, eval batch size: 100000
|V|=2449029, eval batch size: 100000
|V|=2449029, eval batch size: 100000
|V|=2449029, eval batch size: 100000|V|=2449029, eval batch size: 100000

|V|=2449029, eval batch size: 100000
|V|=2449029, eval batch size: 100000
|V|=2449029, eval batch size: 100000
|V|=2449029, eval batch size: 100000
|V|=2449029, eval batch size: 100000|V|=2449029, eval batch size: 100000

|V|=2449029, eval batch size: 100000
|V|=2449029, eval batch size: 100000
|V|=2449029, eval batch size: 100000
|V|=2449029, eval batch size: 100000
|V|=2449029, eval batch size: 100000
|V|=2449029, eval batch size: 100000
|V|=2449029, eval batch size: 100000
|V|=2449029, eval batch size: 100000|V|=2449029, eval batch size: 100000

|V|=2449029, eval batch size: 100000
|V|=2449029, eval batch size: 100000
|V|=2449029, eval batch size: 100000
|V|=2449029, eval batch size: 100000
|V|=2449029, eval batch size: 100000|V|=2449029, eval batch size: 100000

|V|=2449029, eval batch size: 100000
|V|=2449029, eval batch size: 100000
|V|=2449029, eval batch size: 100000
|V|=2449029, eval batch size: 100000
|V|=2449029, eval batch size: 100000
|V|=2449029, eval batch size: 100000|V|=2449029, eval batch size: 100000

|V|=2449029, eval batch size: 100000
|V|=2449029, eval batch size: 100000
|V|=2449029, eval batch size: 100000|V|=2449029, eval batch size: 100000

|V|=2449029, eval batch size: 100000
|V|=2449029, eval batch size: 100000
|V|=2449029, eval batch size: 100000
|V|=2449029, eval batch size: 100000
|V|=2449029, eval batch size: 100000
|V|=2449029, eval batch size: 100000
|V|=2449029, eval batch size: 100000
|V|=2449029, eval batch size: 100000
|V|=2449029, eval batch size: 100000
|V|=2449029, eval batch size: 100000
|V|=2449029, eval batch size: 100000
Part 5, Val Acc 0.9317, Test Acc 0.7725, time: 7.1735
Part 20, Val Acc 0.8632, Test Acc 0.6849, time: 7.1782
Part 2, Val Acc 0.9072, Test Acc 0.7740, time: 7.1881
Part 7, Val Acc 0.9308, Test Acc 0.7738, time: 7.1891
Part 4, Val Acc 0.9178, Test Acc 0.7733, time: 7.1902
Part 1, Val Acc 0.9235, Test Acc 0.7733, time: 7.1909
Part 16, Val Acc 0.8657, Test Acc 0.6834, time: 7.1914
Part 3, Val Acc 0.9300, Test Acc 0.7744, time: 7.1924
Part 6, Val Acc 0.9219, Test Acc 0.7729, time: 7.1926
Part 0, Val Acc 0.9235, Test Acc 0.7718, time: 7.1932
Part 23, Val Acc 0.8779, Test Acc 0.6824, time: 7.1950
Part 22, Val Acc 0.8714, Test Acc 0.6862, time: 7.1952
Part 24, Val Acc 0.9129, Test Acc 0.6892, time: 7.1956
Part 10, Val Acc 0.8527, Test Acc 0.6945, time: 7.1975
Part 30, Val Acc 0.9154, Test Acc 0.6906, time: 7.1986
Part 25, Val Acc 0.9072, Test Acc 0.6909, time: 7.1993
Part 21, Val Acc 0.8690, Test Acc 0.6820, time: 7.2026
Part 11, Val Acc 0.8381, Test Acc 0.6929, time: 7.2026
Part 18, Val Acc 0.8747, Test Acc 0.6837, time: 7.2061
Part 19, Val Acc 0.8682, Test Acc 0.6845, time: 7.2090
Part 27, Val Acc 0.9047, Test Acc 0.6888, time: 7.2092
Part 31, Val Acc 0.8877, Test Acc 0.6922, time: 7.2100
Part 17, Val Acc 0.8633, Test Acc 0.6847, time: 7.2107
Part 26, Val Acc 0.9129, Test Acc 0.6916, time: 7.2109
Part 8, Val Acc 0.8730, Test Acc 0.6911, time: 7.2133
Part 14, Val Acc 0.8771, Test Acc 0.6889, time: 7.2138
Part 28, Val Acc 0.9113, Test Acc 0.6891, time: 7.2149
Part 15, Val Acc 0.8600, Test Acc 0.6952, time: 7.2160
Part 13, Val Acc 0.8617, Test Acc 0.6938, time: 7.2179
Part 12, Val Acc 0.8779, Test Acc 0.6946, time: 7.2179
Part 9, Val Acc 0.8592, Test Acc 0.6922, time: 7.2180
Part 29, Val Acc 0.8926, Test Acc 0.6892, time: 7.2185
All parts avg val acc 0.8901, test acc 0.7101
Part 4 | Epoch 00004 | Step 00000 | Loss 0.3805 | Train Acc 0.9160 | Speed (samples/sec) 1082.7188 | GPU 1921.6 MB | time 1.015 s
Part 7 | Epoch 00004 | Step 00000 | Loss 0.3251 | Train Acc 0.9210 | Speed (samples/sec) 1082.5016 | GPU 1924.6 MB | time 1.016 s
Part 1 | Epoch 00004 | Step 00000 | Loss 0.3026 | Train Acc 0.9350 | Speed (samples/sec) 1083.8942 | GPU 1918.0 MB | time 1.014 sPart 6 | Epoch 00004 | Step 00000 | Loss 0.3588 | Train Acc 0.9270 | Speed (samples/sec) 1082.9089 | GPU 1921.8 MB | time 1.012 s
Part 2 | Epoch 00004 | Step 00000 | Loss 0.3194 | Train Acc 0.9230 | Speed (samples/sec) 1082.2759 | GPU 1941.3 MB | time 1.017 s

Part 5 | Epoch 00004 | Step 00000 | Loss 0.3455 | Train Acc 0.9290 | Speed (samples/sec) 1082.6020 | GPU 1931.6 MB | time 1.031 s
Part 3 | Epoch 00004 | Step 00000 | Loss 0.3819 | Train Acc 0.9200 | Speed (samples/sec) 1083.2051 | GPU 1924.8 MB | time 1.012 s
Part 0 | Epoch 00004 | Step 00000 | Loss 0.3296 | Train Acc 0.9270 | Speed (samples/sec) 1088.0875 | GPU 1928.6 MB | time 0.986 s
Part 18 | Epoch 00004 | Step 00000 | Loss 0.5816 | Train Acc 0.8720 | Speed (samples/sec) 1084.3395 | GPU 1971.3 MB | time 0.999 s
Part 28 | Epoch 00004 | Step 00000 | Loss 0.3600 | Train Acc 0.9150 | Speed (samples/sec) 1085.9243 | GPU 2077.0 MB | time 0.990 s
Part 31 | Epoch 00004 | Step 00000 | Loss 0.3432 | Train Acc 0.9050 | Speed (samples/sec) 1086.2057 | GPU 2070.7 MB | time 0.995 s
Part 24 | Epoch 00004 | Step 00000 | Loss 0.3786 | Train Acc 0.9150 | Speed (samples/sec) 1084.7440 | GPU 2057.3 MB | time 1.009 s
Part 29 | Epoch 00004 | Step 00000 | Loss 0.4257 | Train Acc 0.9030 | Speed (samples/sec) 1085.9397 | GPU 2068.1 MB | time 0.987 s
Part 26 | Epoch 00004 | Step 00000 | Loss 0.4360 | Train Acc 0.9100 | Speed (samples/sec) 1086.0684 | GPU 2066.0 MB | time 0.993 s
Part 21 | Epoch 00004 | Step 00000 | Loss 0.6291 | Train Acc 0.8700 | Speed (samples/sec) 1083.4947 | GPU 1973.3 MB | time 1.002 s
Part 22 | Epoch 00004 | Step 00000 | Loss 0.6268 | Train Acc 0.8640 | Speed (samples/sec) 1083.3525 | GPU 1975.9 MB | time 1.009 s
Part 17 | Epoch 00004 | Step 00000 | Loss 0.5457 | Train Acc 0.8590 | Speed (samples/sec) 1084.5386 | GPU 1964.7 MB | time 0.994 sPart 20 | Epoch 00004 | Step 00000 | Loss 0.5597 | Train Acc 0.8880 | Speed (samples/sec) 1082.7366 | GPU 1966.1 MB | time 1.027 s

Part 16 | Epoch 00004 | Step 00000 | Loss 0.6258 | Train Acc 0.8620 | Speed (samples/sec) 1083.9649 | GPU 1957.9 MB | time 1.013 s
Part 19 | Epoch 00004 | Step 00000 | Loss 0.5683 | Train Acc 0.8820 | Speed (samples/sec) 1084.6444 | GPU 1964.8 MB | time 0.996 s
Part 10 | Epoch 00004 | Step 00000 | Loss 0.4929 | Train Acc 0.8830 | Speed (samples/sec) 1085.4160 | GPU 2212.6 MB | time 1.008 s
Part 12 | Epoch 00004 | Step 00000 | Loss 0.5942 | Train Acc 0.8570 | Speed (samples/sec) 1086.8606 | GPU 2223.4 MB | time 0.987 s
Part 15 | Epoch 00004 | Step 00000 | Loss 0.5293 | Train Acc 0.8730 | Speed (samples/sec) 1086.5716 | GPU 2220.6 MB | time 0.989 s
Part 14 | Epoch 00004 | Step 00000 | Loss 0.6051 | Train Acc 0.8650 | Speed (samples/sec) 1084.9582 | GPU 2225.8 MB | time 0.991 sPart 8 | Epoch 00004 | Step 00000 | Loss 0.5244 | Train Acc 0.8620 | Speed (samples/sec) 1086.1166 | GPU 2210.4 MB | time 0.991 s

Part 13 | Epoch 00004 | Step 00000 | Loss 0.5389 | Train Acc 0.8660 | Speed (samples/sec) 1084.8323 | GPU 2219.8 MB | time 0.987 s
Part 30 | Epoch 00004 | Step 00000 | Loss 0.3858 | Train Acc 0.9070 | Speed (samples/sec) 1085.0626 | GPU 2058.2 MB | time 1.006 sPart 27 | Epoch 00004 | Step 00000 | Loss 0.4832 | Train Acc 0.9000 | Speed (samples/sec) 1086.5142 | GPU 2058.6 MB | time 0.996 s

Part 11 | Epoch 00004 | Step 00000 | Loss 0.6754 | Train Acc 0.8390 | Speed (samples/sec) 1086.1624 | GPU 2234.7 MB | time 1.003 s
Part 9 | Epoch 00004 | Step 00000 | Loss 0.5950 | Train Acc 0.8540 | Speed (samples/sec) 1085.1501 | GPU 2226.2 MB | time 0.987 s
Part 23 | Epoch 00004 | Step 00000 | Loss 0.5930 | Train Acc 0.8650 | Speed (samples/sec) 1083.2032 | GPU 1975.2 MB | time 1.010 s
Part 25 | Epoch 00004 | Step 00000 | Loss 0.4471 | Train Acc 0.8960 | Speed (samples/sec) 1085.1054 | GPU 2065.2 MB | time 1.006 s
Avg train acc 0.8909
=====================
Part 1, Epoch Time(s): 5.0916
Sampling Time(s): 0.2857
Loading Time(s): 1.6259
Forward Time(s): 0.5334
Backward Time(s): 0.2068
Update Time(s): 0.0040
Emb Update Time(s): 2.4268
#seeds: 6145
#inputs: 1922352
==========================================
Part 0, Epoch Time(s): 5.0633
Sampling Time(s): 0.3201
Loading Time(s): 1.5995
Forward Time(s): 0.4951
Backward Time(s): 0.2078
Update Time(s): 0.0047
Emb Update Time(s): 2.4261
#seeds: 6144
#inputs: 1937782
=====================
=====================
Part 5, Epoch Time(s): 5.1091
Sampling Time(s): 0.2964
Loading Time(s): 1.4956
Forward Time(s): 0.6638
Backward Time(s): 0.2114
Update Time(s): 0.0041
Emb Update Time(s): 2.4278
#seeds: 6145
#inputs: 1926339
==========================================
Part 3, Epoch Time(s): 5.0899
Sampling Time(s): 0.3509
Loading Time(s): 1.7110
Forward Time(s): 0.3751
Backward Time(s): 0.2117
Update Time(s): 0.0038
Emb Update Time(s): 2.4280
#seeds: 6144
#inputs: 1929194
=====================

=====================
Part 7, Epoch Time(s): 5.0934
Sampling Time(s): 0.3048
Loading Time(s): 1.6261
Forward Time(s): 0.5101
Backward Time(s): 0.2111
Update Time(s): 0.0041
Emb Update Time(s): 2.4280
#seeds: 6144
#inputs: 1936792
==========================================
Part 2, Epoch Time(s): 5.0944
Sampling Time(s): 0.2668
Loading Time(s): 1.6764
Forward Time(s): 0.4989
Backward Time(s): 0.2123
Update Time(s): 0.0037
Emb Update Time(s): 2.4270
#seeds: 6144
#inputs: 1922840
==========================================
Part 4, Epoch Time(s): 5.0925
Sampling Time(s): 0.2651
Loading Time(s): 1.6331
Forward Time(s): 0.5421
Backward Time(s): 0.2117
Update Time(s): 0.0036
Emb Update Time(s): 2.4278
#seeds: 6144
#inputs: 1933206
=====================



=====================
Part 6, Epoch Time(s): 5.0900
Sampling Time(s): 0.3058
Loading Time(s): 1.6640
Forward Time(s): 0.4673
Backward Time(s): 0.2112
Update Time(s): 0.0041
Emb Update Time(s): 2.4282
#seeds: 6144
#inputs: 1940699
=====================
=====================
Part 17, Epoch Time(s): 5.0712
Sampling Time(s): 0.3372
Loading Time(s): 1.4665
Forward Time(s): 0.6146
Backward Time(s): 0.2112
Update Time(s): 0.0040
Emb Update Time(s): 2.4283
#seeds: 6144
#inputs: 1927163
==========================================
Part 22, Epoch Time(s): 5.0868
Sampling Time(s): 0.2794
Loading Time(s): 1.5600
Forward Time(s): 0.5946
Backward Time(s): 0.2105
Update Time(s): 0.0040
Emb Update Time(s): 2.4291
#seeds: 6144
#inputs: 1929707
==========================================
Part 16, Epoch Time(s): 5.0908
Sampling Time(s): 0.2784
Loading Time(s): 1.6423
Forward Time(s): 0.5173
Backward Time(s): 0.2117
Update Time(s): 0.0039
Emb Update Time(s): 2.4279
#seeds: 6144
#inputs: 1930748
==========================================
Part 20, Epoch Time(s): 5.1044
Sampling Time(s): 0.2774
Loading Time(s): 1.5187
Forward Time(s): 0.6556
Backward Time(s): 0.2107
Update Time(s): 0.0038
Emb Update Time(s): 2.4289
#seeds: 6144
#inputs: 1915145
==========================================
Part 18, Epoch Time(s): 5.0763
Sampling Time(s): 0.2831
Loading Time(s): 1.5537
Forward Time(s): 0.5872
Backward Time(s): 0.2110
Update Time(s): 0.0036
Emb Update Time(s): 2.4286
#seeds: 6144
#inputs: 1932303
==========================================
Part 19, Epoch Time(s): 5.0735
Sampling Time(s): 0.2743
Loading Time(s): 1.5723
Forward Time(s): 0.5738
Backward Time(s): 0.2108
Update Time(s): 0.0038
Emb Update Time(s): 2.4291
#seeds: 6145
#inputs: 1936017
=====================


=====================
Part 21, Epoch Time(s): 5.0797
Sampling Time(s): 0.3156
Loading Time(s): 1.6410
Forward Time(s): 0.4704
Backward Time(s): 0.2107
Update Time(s): 0.0038
Emb Update Time(s): 2.4289
#seeds: 6145
#inputs: 1930741
=====================



=====================
Part 23, Epoch Time(s): 5.0872
Sampling Time(s): 0.2950
Loading Time(s): 1.5632
Forward Time(s): 0.5750
Backward Time(s): 0.2104
Update Time(s): 0.0055
Emb Update Time(s): 2.4281
#seeds: 6144
#inputs: 1947063
=====================
=====================
Part 26, Epoch Time(s): 5.0710
Sampling Time(s): 0.2919
Loading Time(s): 1.8816
Forward Time(s): 0.2769
Backward Time(s): 0.1890
Update Time(s): 0.0042
Emb Update Time(s): 2.4179
#seeds: 6145
#inputs: 1975915
==========================================
Part 25, Epoch Time(s): 5.0833
Sampling Time(s): 0.3162
Loading Time(s): 1.7733
Forward Time(s): 0.3404
Backward Time(s): 0.2108
Update Time(s): 0.0039
Emb Update Time(s): 2.4289
#seeds: 6144
#inputs: 1970073
==========================================
Part 28, Epoch Time(s): 5.0677
Sampling Time(s): 0.2758
Loading Time(s): 1.5972
Forward Time(s): 0.5419
Backward Time(s): 0.2105
Update Time(s): 0.0042
Emb Update Time(s): 2.4289
#seeds: 6144
#inputs: 1955213
==========================================
Part 30, Epoch Time(s): 5.0837
Sampling Time(s): 0.3075
Loading Time(s): 1.8470
Forward Time(s): 0.2856
Backward Time(s): 0.2009
Update Time(s): 0.0040
Emb Update Time(s): 2.4290
#seeds: 6144
#inputs: 1981633
==========================================
Part 27, Epoch Time(s): 5.0730
Sampling Time(s): 0.2918
Loading Time(s): 1.7393
Forward Time(s): 0.3887
Backward Time(s): 0.2106
Update Time(s): 0.0045
Emb Update Time(s): 2.4287
#seeds: 6144
#inputs: 1979697
==========================================
Part 31, Epoch Time(s): 5.0724
Sampling Time(s): 0.2839
Loading Time(s): 1.6517
Forward Time(s): 0.4836
Backward Time(s): 0.2106
Update Time(s): 0.0042
Emb Update Time(s): 2.4290
#seeds: 6144
#inputs: 1966072
=====================
=====================
Part 24, Epoch Time(s): 5.0868
Sampling Time(s): 0.3044
Loading Time(s): 1.7850
Forward Time(s): 0.3629
Backward Time(s): 0.1993
Update Time(s): 0.0043
Emb Update Time(s): 2.4216
#seeds: 6144
#inputs: 1960368
==========================================
Part 29, Epoch Time(s): 5.0641
Sampling Time(s): 0.2881
Loading Time(s): 1.8018
Forward Time(s): 0.3298
Backward Time(s): 0.2023
Update Time(s): 0.0039
Emb Update Time(s): 2.4291
#seeds: 6144
#inputs: 1965982
=====================






=====================
Part 12, Epoch Time(s): 5.0645
Sampling Time(s): 0.2864
Loading Time(s): 1.8462
Forward Time(s): 0.2855
Backward Time(s): 0.2041
Update Time(s): 0.0043
Emb Update Time(s): 2.4288
#seeds: 6145
#inputs: 2032523
==========================================
Part 11, Epoch Time(s): 5.0800
Sampling Time(s): 0.2870
Loading Time(s): 1.9032
Forward Time(s): 0.2597
Backward Time(s): 0.1920
Update Time(s): 0.0042
Emb Update Time(s): 2.4246
#seeds: 6145
#inputs: 2040788
==========================================
Part 10, Epoch Time(s): 5.0851
Sampling Time(s): 0.3007
Loading Time(s): 1.8253
Forward Time(s): 0.3065
Backward Time(s): 0.2106
Update Time(s): 0.0038
Emb Update Time(s): 2.4290
#seeds: 6144
#inputs: 2050292
==========================================
Part 14, Epoch Time(s): 5.0687
Sampling Time(s): 0.3222
Loading Time(s): 1.8142
Forward Time(s): 0.2836
Backward Time(s): 0.2060
Update Time(s): 0.0041
Emb Update Time(s): 2.4294
#seeds: 6144
#inputs: 2035273
=====================
=====================
Part 15, Epoch Time(s): 5.0664
Sampling Time(s): 0.3299
Loading Time(s): 1.8932
Forward Time(s): 0.2144
Backward Time(s): 0.1934
Update Time(s): 0.0039
Emb Update Time(s): 2.4225
#seeds: 6144
#inputs: 2039788
=====================


=====================
Part 8, Epoch Time(s): 5.0690
Sampling Time(s): 0.2678
Loading Time(s): 1.9194
Forward Time(s): 0.2600
Backward Time(s): 0.1904
Update Time(s): 0.0037
Emb Update Time(s): 2.4185
#seeds: 6144
#inputs: 2027417
==========================================
Part 13, Epoch Time(s): 5.0647
Sampling Time(s): 0.2640
Loading Time(s): 1.9160
Forward Time(s): 0.2602
Backward Time(s): 0.1898
Update Time(s): 0.0041
Emb Update Time(s): 2.4214
#seeds: 6144
#inputs: 2046707
=====================


=====================
Part 9, Epoch Time(s): 5.0644
Sampling Time(s): 0.3135
Loading Time(s): 1.8617
Forward Time(s): 0.2363
Backward Time(s): 0.2101
Update Time(s): 0.0049
Emb Update Time(s): 2.4282
#seeds: 6144
#inputs: 2041793
=====================
|V|=2449029, eval batch size: 100000
|V|=2449029, eval batch size: 100000
|V|=2449029, eval batch size: 100000
|V|=2449029, eval batch size: 100000
|V|=2449029, eval batch size: 100000
|V|=2449029, eval batch size: 100000
|V|=2449029, eval batch size: 100000
|V|=2449029, eval batch size: 100000
|V|=2449029, eval batch size: 100000|V|=2449029, eval batch size: 100000

|V|=2449029, eval batch size: 100000
|V|=2449029, eval batch size: 100000
|V|=2449029, eval batch size: 100000
|V|=2449029, eval batch size: 100000
|V|=2449029, eval batch size: 100000
|V|=2449029, eval batch size: 100000
|V|=2449029, eval batch size: 100000
|V|=2449029, eval batch size: 100000
|V|=2449029, eval batch size: 100000
|V|=2449029, eval batch size: 100000
|V|=2449029, eval batch size: 100000
|V|=2449029, eval batch size: 100000
|V|=2449029, eval batch size: 100000
|V|=2449029, eval batch size: 100000
|V|=2449029, eval batch size: 100000
|V|=2449029, eval batch size: 100000
|V|=2449029, eval batch size: 100000
|V|=2449029, eval batch size: 100000
|V|=2449029, eval batch size: 100000
|V|=2449029, eval batch size: 100000
|V|=2449029, eval batch size: 100000
|V|=2449029, eval batch size: 100000
|V|=2449029, eval batch size: 100000|V|=2449029, eval batch size: 100000

|V|=2449029, eval batch size: 100000|V|=2449029, eval batch size: 100000

|V|=2449029, eval batch size: 100000
|V|=2449029, eval batch size: 100000
|V|=2449029, eval batch size: 100000
|V|=2449029, eval batch size: 100000
|V|=2449029, eval batch size: 100000|V|=2449029, eval batch size: 100000

|V|=2449029, eval batch size: 100000|V|=2449029, eval batch size: 100000

|V|=2449029, eval batch size: 100000
|V|=2449029, eval batch size: 100000|V|=2449029, eval batch size: 100000

|V|=2449029, eval batch size: 100000
|V|=2449029, eval batch size: 100000
|V|=2449029, eval batch size: 100000
|V|=2449029, eval batch size: 100000|V|=2449029, eval batch size: 100000

|V|=2449029, eval batch size: 100000
|V|=2449029, eval batch size: 100000
|V|=2449029, eval batch size: 100000
|V|=2449029, eval batch size: 100000
|V|=2449029, eval batch size: 100000
|V|=2449029, eval batch size: 100000
|V|=2449029, eval batch size: 100000
|V|=2449029, eval batch size: 100000
|V|=2449029, eval batch size: 100000
|V|=2449029, eval batch size: 100000
|V|=2449029, eval batch size: 100000
|V|=2449029, eval batch size: 100000
|V|=2449029, eval batch size: 100000
|V|=2449029, eval batch size: 100000
|V|=2449029, eval batch size: 100000
|V|=2449029, eval batch size: 100000
|V|=2449029, eval batch size: 100000
|V|=2449029, eval batch size: 100000
|V|=2449029, eval batch size: 100000|V|=2449029, eval batch size: 100000

|V|=2449029, eval batch size: 100000
|V|=2449029, eval batch size: 100000
|V|=2449029, eval batch size: 100000
|V|=2449029, eval batch size: 100000
|V|=2449029, eval batch size: 100000|V|=2449029, eval batch size: 100000

|V|=2449029, eval batch size: 100000
|V|=2449029, eval batch size: 100000|V|=2449029, eval batch size: 100000

|V|=2449029, eval batch size: 100000
|V|=2449029, eval batch size: 100000
|V|=2449029, eval batch size: 100000
|V|=2449029, eval batch size: 100000
|V|=2449029, eval batch size: 100000
|V|=2449029, eval batch size: 100000
|V|=2449029, eval batch size: 100000
|V|=2449029, eval batch size: 100000
|V|=2449029, eval batch size: 100000|V|=2449029, eval batch size: 100000

|V|=2449029, eval batch size: 100000
|V|=2449029, eval batch size: 100000
|V|=2449029, eval batch size: 100000
|V|=2449029, eval batch size: 100000
|V|=2449029, eval batch size: 100000
Part 5, Val Acc 0.9373, Test Acc 0.7863, time: 7.0794
Part 8, Val Acc 0.8819, Test Acc 0.7049, time: 7.0831
Part 6, Val Acc 0.9292, Test Acc 0.7862, time: 7.0835
Part 1, Val Acc 0.9284, Test Acc 0.7861, time: 7.0849
Part 7, Val Acc 0.9382, Test Acc 0.7875, time: 7.0868
Part 2, Val Acc 0.9194, Test Acc 0.7872, time: 7.0877
Part 4, Val Acc 0.9268, Test Acc 0.7871, time: 7.0877
Part 3, Val Acc 0.9381, Test Acc 0.7890, time: 7.0878
Part 22, Val Acc 0.8812, Test Acc 0.7299, time: 7.0889
Part 20, Val Acc 0.8697, Test Acc 0.7287, time: 7.0890
Part 30, Val Acc 0.9178, Test Acc 0.7265, time: 7.0898
Part 26, Val Acc 0.9194, Test Acc 0.7270, time: 7.0903
Part 17, Val Acc 0.8698, Test Acc 0.7286, time: 7.0925
Part 25, Val Acc 0.9072, Test Acc 0.7247, time: 7.0934
Part 27, Val Acc 0.9112, Test Acc 0.7238, time: 7.0952
Part 0, Val Acc 0.9292, Test Acc 0.7856, time: 7.0961
Part 10, Val Acc 0.8544, Test Acc 0.7085, time: 7.0974
Part 29, Val Acc 0.9015, Test Acc 0.7242, time: 7.0978
Part 28, Val Acc 0.9211, Test Acc 0.7250, time: 7.0996
Part 24, Val Acc 0.9226, Test Acc 0.7256, time: 7.0999
Part 16, Val Acc 0.8731, Test Acc 0.7275, time: 7.0999
Part 19, Val Acc 0.8739, Test Acc 0.7298, time: 7.1002
Part 21, Val Acc 0.8763, Test Acc 0.7279, time: 7.1003
Part 23, Val Acc 0.8885, Test Acc 0.7271, time: 7.1012
Part 15, Val Acc 0.8682, Test Acc 0.7083, time: 7.1030
Part 12, Val Acc 0.8893, Test Acc 0.7068, time: 7.1043
Part 13, Val Acc 0.8731, Test Acc 0.7068, time: 7.1045
Part 14, Val Acc 0.8804, Test Acc 0.7040, time: 7.1046
Part 9, Val Acc 0.8706, Test Acc 0.7062, time: 7.1049
Part 18, Val Acc 0.8910, Test Acc 0.7275, time: 7.1065
Part 11, Val Acc 0.8584, Test Acc 0.7069, time: 7.1070
Part 31, Val Acc 0.8975, Test Acc 0.7268, time: 7.1107
All parts avg val acc 0.8983, test acc 0.7368
Part 1 | Epoch 00005 | Step 00000 | Loss 0.3294 | Train Acc 0.9330 | Speed (samples/sec) 1101.1286 | GPU 1924.3 MB | time 1.004 s
Part 0 | Epoch 00005 | Step 00000 | Loss 0.2477 | Train Acc 0.9310 | Speed (samples/sec) 1105.1591 | GPU 1931.2 MB | time 0.977 s
Part 3 | Epoch 00005 | Step 00000 | Loss 0.2346 | Train Acc 0.9410 | Speed (samples/sec) 1100.5458 | GPU 1924.8 MB | time 1.001 s
Part 5 | Epoch 00005 | Step 00000 | Loss 0.2928 | Train Acc 0.9380 | Speed (samples/sec) 1099.9803 | GPU 1931.6 MB | time 1.009 s
Part 2 | Epoch 00005 | Step 00000 | Loss 0.2897 | Train Acc 0.9340 | Speed (samples/sec) 1099.7982 | GPU 1941.3 MB | time 1.001 s
Part 6 | Epoch 00005 | Step 00000 | Loss 0.2349 | Train Acc 0.9410 | Speed (samples/sec) 1100.2069 | GPU 1921.8 MB | time 1.005 s
Part 16 | Epoch 00005 | Step 00000 | Loss 0.5261 | Train Acc 0.8630 | Speed (samples/sec) 1101.5223 | GPU 1957.9 MB | time 0.988 sPart 17 | Epoch 00005 | Step 00000 | Loss 0.5313 | Train Acc 0.8860 | Speed (samples/sec) 1101.7445 | GPU 1964.7 MB | time 0.996 s

Part 4 | Epoch 00005 | Step 00000 | Loss 0.2390 | Train Acc 0.9460 | Speed (samples/sec) 1100.1354 | GPU 1927.8 MB | time 1.001 s
Part 25 | Epoch 00005 | Step 00000 | Loss 0.4227 | Train Acc 0.8950 | Speed (samples/sec) 1102.2455 | GPU 2065.2 MB | time 0.995 s
Part 24 | Epoch 00005 | Step 00000 | Loss 0.4030 | Train Acc 0.9110 | Speed (samples/sec) 1102.1223 | GPU 2057.3 MB | time 0.989 s
Part 7 | Epoch 00005 | Step 00000 | Loss 0.3047 | Train Acc 0.9200 | Speed (samples/sec) 1099.9492 | GPU 1925.8 MB | time 1.002 s
Part 8 | Epoch 00005 | Step 00000 | Loss 0.4579 | Train Acc 0.8850 | Speed (samples/sec) 1102.7147 | GPU 2210.4 MB | time 1.004 s
Part 18 | Epoch 00005 | Step 00000 | Loss 0.5710 | Train Acc 0.8700 | Speed (samples/sec) 1101.9992 | GPU 1971.3 MB | time 0.982 sPart 20 | Epoch 00005 | Step 00000 | Loss 0.5050 | Train Acc 0.8880 | Speed (samples/sec) 1100.2068 | GPU 1966.1 MB | time 0.999 s

Part 29 | Epoch 00005 | Step 00000 | Loss 0.3274 | Train Acc 0.9190 | Speed (samples/sec) 1102.9871 | GPU 2068.1 MB | time 0.991 s
Part 23 | Epoch 00005 | Step 00000 | Loss 0.5282 | Train Acc 0.8760 | Speed (samples/sec) 1100.9984 | GPU 1975.2 MB | time 0.987 s
Part 30 | Epoch 00005 | Step 00000 | Loss 0.4237 | Train Acc 0.8940 | Speed (samples/sec) 1102.0854 | GPU 2058.6 MB | time 0.998 s
Part 28 | Epoch 00005 | Step 00000 | Loss 0.3442 | Train Acc 0.9150 | Speed (samples/sec) 1103.0318 | GPU 2077.0 MB | time 0.989 s
Part 27 | Epoch 00005 | Step 00000 | Loss 0.4093 | Train Acc 0.9060 | Speed (samples/sec) 1103.3866 | GPU 2058.6 MB | time 0.993 s
Part 10 | Epoch 00005 | Step 00000 | Loss 0.4566 | Train Acc 0.8810 | Speed (samples/sec) 1102.5746 | GPU 2214.2 MB | time 0.991 sPart 11 | Epoch 00005 | Step 00000 | Loss 0.5517 | Train Acc 0.8560 | Speed (samples/sec) 1103.6114 | GPU 2234.7 MB | time 0.981 s

Part 13 | Epoch 00005 | Step 00000 | Loss 0.5342 | Train Acc 0.8610 | Speed (samples/sec) 1102.3324 | GPU 2219.8 MB | time 0.984 sPart 14 | Epoch 00005 | Step 00000 | Loss 0.4838 | Train Acc 0.8710 | Speed (samples/sec) 1102.4311 | GPU 2225.8 MB | time 0.984 s
Part 9 | Epoch 00005 | Step 00000 | Loss 0.5137 | Train Acc 0.8700 | Speed (samples/sec) 1102.6253 | GPU 2226.2 MB | time 0.983 s

Part 15 | Epoch 00005 | Step 00000 | Loss 0.5626 | Train Acc 0.8700 | Speed (samples/sec) 1103.6566 | GPU 2220.6 MB | time 0.986 s
Part 12 | Epoch 00005 | Step 00000 | Loss 0.4512 | Train Acc 0.8800 | Speed (samples/sec) 1104.0558 | GPU 2223.4 MB | time 0.984 s
Part 19 | Epoch 00005 | Step 00000 | Loss 0.6317 | Train Acc 0.8540 | Speed (samples/sec) 1102.1985 | GPU 1965.4 MB | time 0.988 s
Part 31 | Epoch 00005 | Step 00000 | Loss 0.4049 | Train Acc 0.9030 | Speed (samples/sec) 1103.6212 | GPU 2073.8 MB | time 0.978 s
Part 22 | Epoch 00005 | Step 00000 | Loss 0.5193 | Train Acc 0.8870 | Speed (samples/sec) 1100.6897 | GPU 1975.9 MB | time 0.999 s
Part 21 | Epoch 00005 | Step 00000 | Loss 0.5070 | Train Acc 0.8730 | Speed (samples/sec) 1101.2880 | GPU 1973.3 MB | time 0.988 s
Part 26 | Epoch 00005 | Step 00000 | Loss 0.3244 | Train Acc 0.9270 | Speed (samples/sec) 1103.0388 | GPU 2066.0 MB | time 0.998 s
Avg train acc 0.8977
=====================
Part 3, Epoch Time(s): 5.3786
Sampling Time(s): 0.3183
Loading Time(s): 1.7387
Forward Time(s): 0.5622
Backward Time(s): 0.2007
Update Time(s): 0.0036
Emb Update Time(s): 2.5499
#seeds: 6144
#inputs: 1925993
==========================================
Part 2, Epoch Time(s): 5.3787
Sampling Time(s): 0.2820
Loading Time(s): 1.6418
Forward Time(s): 0.6824
Backward Time(s): 0.2140
Update Time(s): 0.0038
Emb Update Time(s): 2.5497
#seeds: 6144
#inputs: 1919955
==========================================
Part 6, Epoch Time(s): 5.3824
Sampling Time(s): 0.3575
Loading Time(s): 1.6149
Forward Time(s): 0.6372
Backward Time(s): 0.2133
Update Time(s): 0.0040
Emb Update Time(s): 2.5503
#seeds: 6144
#inputs: 1938128
=====================
=====================
Part 4, Epoch Time(s): 5.3787
Sampling Time(s): 0.2724
Loading Time(s): 1.7413
Forward Time(s): 0.6061
Backward Time(s): 0.2002
Update Time(s): 0.0037
Emb Update Time(s): 2.5498
#seeds: 6144
#inputs: 1928863
==========================================
Part 7, Epoch Time(s): 5.3796
Sampling Time(s): 0.2886
Loading Time(s): 1.5756
Forward Time(s): 0.7429
Backward Time(s): 0.2132
Update Time(s): 0.0040
Emb Update Time(s): 2.5501
#seeds: 6144
#inputs: 1929445
==========================================
Part 0, Epoch Time(s): 5.3552
Sampling Time(s): 0.3219
Loading Time(s): 1.6156
Forward Time(s): 0.6436
Backward Time(s): 0.2142
Update Time(s): 0.0041
Emb Update Time(s): 2.5494
#seeds: 6144
#inputs: 1930112
==========================================
Part 5, Epoch Time(s): 5.3869
Sampling Time(s): 0.2731
Loading Time(s): 1.4368
Forward Time(s): 0.9043
Backward Time(s): 0.2135
Update Time(s): 0.0041
Emb Update Time(s): 2.5502
#seeds: 6145
#inputs: 1927353
=====================





=====================
Part 1, Epoch Time(s): 5.3815
Sampling Time(s): 0.3404
Loading Time(s): 1.5159
Forward Time(s): 0.7530
Backward Time(s): 0.2141
Update Time(s): 0.0045
Emb Update Time(s): 2.5486
#seeds: 6145
#inputs: 1921292
=====================
=====================
Part 19, Epoch Time(s): 5.3661
Sampling Time(s): 0.3132
Loading Time(s): 1.5628
Forward Time(s): 0.7173
Backward Time(s): 0.2126
Update Time(s): 0.0041
Emb Update Time(s): 2.5509
#seeds: 6145
#inputs: 1940754
==========================================
Part 17, Epoch Time(s): 5.3737
Sampling Time(s): 0.3193
Loading Time(s): 1.5225
Forward Time(s): 0.7645
Backward Time(s): 0.2076
Update Time(s): 0.0043
Emb Update Time(s): 2.5504
#seeds: 6144
#inputs: 1926773
==========================================
Part 18, Epoch Time(s): 5.3599
Sampling Time(s): 0.2584
Loading Time(s): 1.6157
Forward Time(s): 0.7205
Backward Time(s): 0.2052
Update Time(s): 0.0039
Emb Update Time(s): 2.5511
#seeds: 6144
#inputs: 1941509
==========================================
Part 20, Epoch Time(s): 5.3780
Sampling Time(s): 0.3025
Loading Time(s): 1.5117
Forward Time(s): 0.7903
Backward Time(s): 0.2126
Update Time(s): 0.0039
Emb Update Time(s): 2.5512
#seeds: 6144
#inputs: 1912892
==========================================
Part 16, Epoch Time(s): 5.3662
Sampling Time(s): 0.2811
Loading Time(s): 1.6183
Forward Time(s): 0.6941
Backward Time(s): 0.2130
Update Time(s): 0.0039
Emb Update Time(s): 2.5508
#seeds: 6144
#inputs: 1936221
==========================================
Part 22, Epoch Time(s): 5.3772
Sampling Time(s): 0.2776
Loading Time(s): 1.4664
Forward Time(s): 0.8601
Backward Time(s): 0.2126
Update Time(s): 0.0044
Emb Update Time(s): 2.5506
#seeds: 6144
#inputs: 1928600
=====================

=====================
Part 21, Epoch Time(s): 5.3659
Sampling Time(s): 0.3338
Loading Time(s): 1.7011
Forward Time(s): 0.5748
Backward Time(s): 0.1992
Update Time(s): 0.0042
Emb Update Time(s): 2.5473
#seeds: 6145
#inputs: 1931746
=====================




=====================
Part 23, Epoch Time(s): 5.3650
Sampling Time(s): 0.2640
Loading Time(s): 1.6473
Forward Time(s): 0.6793
Backward Time(s): 0.2125
Update Time(s): 0.0050
Emb Update Time(s): 2.5513
#seeds: 6144
#inputs: 1950845
=====================
=====================
Part 24, Epoch Time(s): 5.3665
Sampling Time(s): 0.3035
Loading Time(s): 1.8253
Forward Time(s): 0.4854
Backward Time(s): 0.1992
Update Time(s): 0.0039
Emb Update Time(s): 2.5442
#seeds: 6144
#inputs: 1958777
==========================================
Part 25, Epoch Time(s): 5.3730
Sampling Time(s): 0.2757
Loading Time(s): 1.8376
Forward Time(s): 0.5053
Backward Time(s): 0.2013
Update Time(s): 0.0036
Emb Update Time(s): 2.5446
#seeds: 6144
#inputs: 1970989
==========================================
Part 30, Epoch Time(s): 5.3762
Sampling Time(s): 0.2965
Loading Time(s): 1.9217
Forward Time(s): 0.4031
Backward Time(s): 0.2012
Update Time(s): 0.0038
Emb Update Time(s): 2.5448
#seeds: 6144
#inputs: 1975357
==========================================
Part 29, Epoch Time(s): 5.3686
Sampling Time(s): 0.2734
Loading Time(s): 1.7207
Forward Time(s): 0.6019
Backward Time(s): 0.2123
Update Time(s): 0.0039
Emb Update Time(s): 2.5515
#seeds: 6144
#inputs: 1963776
=====================

=====================
Part 26, Epoch Time(s): 5.3756
Sampling Time(s): 0.3100
Loading Time(s): 1.8179
Forward Time(s): 0.4899
Backward Time(s): 0.2024
Update Time(s): 0.0057
Emb Update Time(s): 2.5436
#seeds: 6145
#inputs: 1975156
=====================
=====================
Part 31, Epoch Time(s): 5.3555
Sampling Time(s): 0.3114
Loading Time(s): 1.7367
Forward Time(s): 0.5490
Backward Time(s): 0.2021
Update Time(s): 0.0043
Emb Update Time(s): 2.5470
#seeds: 6144
#inputs: 1964801
=====================

=====================
Part 28, Epoch Time(s): 5.3669
Sampling Time(s): 0.2855
Loading Time(s): 1.8206
Forward Time(s): 0.4881
Backward Time(s): 0.2124
Update Time(s): 0.0042
Emb Update Time(s): 2.5512
#seeds: 6144
#inputs: 1963403
=====================

=====================
Part 27, Epoch Time(s): 5.3715
Sampling Time(s): 0.3134
Loading Time(s): 1.8005
Forward Time(s): 0.4845
Backward Time(s): 0.2126
Update Time(s): 0.0042
Emb Update Time(s): 2.5511
#seeds: 6144
#inputs: 1985781
=====================
=====================
Part 10, Epoch Time(s): 5.3689
Sampling Time(s): 0.2843
Loading Time(s): 1.7954
Forward Time(s): 0.5341
Backward Time(s): 0.2023
Update Time(s): 0.0035
Emb Update Time(s): 2.5444
#seeds: 6144
#inputs: 2053016
==========================================
Part 14, Epoch Time(s): 5.3617
Sampling Time(s): 0.2980
Loading Time(s): 1.8562
Forward Time(s): 0.4346
Backward Time(s): 0.2115
Update Time(s): 0.0038
Emb Update Time(s): 2.5525
#seeds: 6144
#inputs: 2034998
==========================================
Part 13, Epoch Time(s): 5.3619
Sampling Time(s): 0.2743
Loading Time(s): 1.8029
Forward Time(s): 0.5121
Backward Time(s): 0.2119
Update Time(s): 0.0039
Emb Update Time(s): 2.5520
#seeds: 6144
#inputs: 2044607
=====================
=====================
Part 12, Epoch Time(s): 5.3620
Sampling Time(s): 0.2816
Loading Time(s): 1.7677
Forward Time(s): 0.5395
Backward Time(s): 0.2123
Update Time(s): 0.0041
Emb Update Time(s): 2.5517
#seeds: 6145
#inputs: 2030726
==========================================
Part 9, Epoch Time(s): 5.3610
Sampling Time(s): 0.3141
Loading Time(s): 1.8307
Forward Time(s): 0.4432
Backward Time(s): 0.2127
Update Time(s): 0.0054
Emb Update Time(s): 2.5498
#seeds: 6144
#inputs: 2047431
==========================================
Part 8, Epoch Time(s): 5.3821
Sampling Time(s): 0.2555
Loading Time(s): 1.8467
Forward Time(s): 0.5069
Backward Time(s): 0.2129
Update Time(s): 0.0039
Emb Update Time(s): 2.5511
#seeds: 6144
#inputs: 2024583
=====================
=====================
Part 11, Epoch Time(s): 5.3592
Sampling Time(s): 0.2712
Loading Time(s): 1.7645
Forward Time(s): 0.5507
Backward Time(s): 0.2124
Update Time(s): 0.0041
Emb Update Time(s): 2.5513
#seeds: 6145
#inputs: 2039414
=====================

=====================
Part 15, Epoch Time(s): 5.3633
Sampling Time(s): 0.3095
Loading Time(s): 1.7803
Forward Time(s): 0.5008
Backward Time(s): 0.2113
Update Time(s): 0.0039
Emb Update Time(s): 2.5526
#seeds: 6144
#inputs: 2050171
=====================



|V|=2449029, eval batch size: 100000
|V|=2449029, eval batch size: 100000
|V|=2449029, eval batch size: 100000
|V|=2449029, eval batch size: 100000
|V|=2449029, eval batch size: 100000
|V|=2449029, eval batch size: 100000
|V|=2449029, eval batch size: 100000
|V|=2449029, eval batch size: 100000
|V|=2449029, eval batch size: 100000
|V|=2449029, eval batch size: 100000
|V|=2449029, eval batch size: 100000
|V|=2449029, eval batch size: 100000
|V|=2449029, eval batch size: 100000
|V|=2449029, eval batch size: 100000
|V|=2449029, eval batch size: 100000
|V|=2449029, eval batch size: 100000
|V|=2449029, eval batch size: 100000
|V|=2449029, eval batch size: 100000
|V|=2449029, eval batch size: 100000
|V|=2449029, eval batch size: 100000
|V|=2449029, eval batch size: 100000
|V|=2449029, eval batch size: 100000
|V|=2449029, eval batch size: 100000
|V|=2449029, eval batch size: 100000
|V|=2449029, eval batch size: 100000
|V|=2449029, eval batch size: 100000
|V|=2449029, eval batch size: 100000
|V|=2449029, eval batch size: 100000
|V|=2449029, eval batch size: 100000
|V|=2449029, eval batch size: 100000
|V|=2449029, eval batch size: 100000
|V|=2449029, eval batch size: 100000
|V|=2449029, eval batch size: 100000
|V|=2449029, eval batch size: 100000|V|=2449029, eval batch size: 100000|V|=2449029, eval batch size: 100000


|V|=2449029, eval batch size: 100000
|V|=2449029, eval batch size: 100000
|V|=2449029, eval batch size: 100000
|V|=2449029, eval batch size: 100000
|V|=2449029, eval batch size: 100000
|V|=2449029, eval batch size: 100000|V|=2449029, eval batch size: 100000

|V|=2449029, eval batch size: 100000
|V|=2449029, eval batch size: 100000
|V|=2449029, eval batch size: 100000
|V|=2449029, eval batch size: 100000
|V|=2449029, eval batch size: 100000
|V|=2449029, eval batch size: 100000|V|=2449029, eval batch size: 100000

|V|=2449029, eval batch size: 100000
|V|=2449029, eval batch size: 100000
|V|=2449029, eval batch size: 100000
|V|=2449029, eval batch size: 100000
|V|=2449029, eval batch size: 100000
|V|=2449029, eval batch size: 100000
|V|=2449029, eval batch size: 100000
|V|=2449029, eval batch size: 100000
|V|=2449029, eval batch size: 100000
|V|=2449029, eval batch size: 100000
|V|=2449029, eval batch size: 100000
|V|=2449029, eval batch size: 100000
|V|=2449029, eval batch size: 100000
|V|=2449029, eval batch size: 100000
|V|=2449029, eval batch size: 100000|V|=2449029, eval batch size: 100000

|V|=2449029, eval batch size: 100000
|V|=2449029, eval batch size: 100000
|V|=2449029, eval batch size: 100000
|V|=2449029, eval batch size: 100000
|V|=2449029, eval batch size: 100000
|V|=2449029, eval batch size: 100000
|V|=2449029, eval batch size: 100000
|V|=2449029, eval batch size: 100000|V|=2449029, eval batch size: 100000
|V|=2449029, eval batch size: 100000

|V|=2449029, eval batch size: 100000
|V|=2449029, eval batch size: 100000
|V|=2449029, eval batch size: 100000
|V|=2449029, eval batch size: 100000
|V|=2449029, eval batch size: 100000
|V|=2449029, eval batch size: 100000
|V|=2449029, eval batch size: 100000|V|=2449029, eval batch size: 100000|V|=2449029, eval batch size: 100000

|V|=2449029, eval batch size: 100000|V|=2449029, eval batch size: 100000


|V|=2449029, eval batch size: 100000
|V|=2449029, eval batch size: 100000
|V|=2449029, eval batch size: 100000|V|=2449029, eval batch size: 100000

|V|=2449029, eval batch size: 100000
|V|=2449029, eval batch size: 100000
|V|=2449029, eval batch size: 100000
|V|=2449029, eval batch size: 100000
|V|=2449029, eval batch size: 100000
Part 23, Val Acc 0.8902, Test Acc 0.7269, time: 6.9471
Part 5, Val Acc 0.9439, Test Acc 0.7935, time: 6.9489
Part 6, Val Acc 0.9300, Test Acc 0.7918, time: 6.9490
Part 4, Val Acc 0.9268, Test Acc 0.7933, time: 6.9499
Part 1, Val Acc 0.9317, Test Acc 0.7930, time: 6.9499
Part 3, Val Acc 0.9463, Test Acc 0.7948, time: 6.9513
Part 0, Val Acc 0.9365, Test Acc 0.7913, time: 6.9519
Part 2, Val Acc 0.9284, Test Acc 0.7945, time: 6.9522
Part 7, Val Acc 0.9398, Test Acc 0.7932, time: 6.9523
Part 8, Val Acc 0.8860, Test Acc 0.7137, time: 6.9573
Part 24, Val Acc 0.9194, Test Acc 0.7167, time: 6.9591
Part 31, Val Acc 0.9024, Test Acc 0.7194, time: 6.9600
Part 10, Val Acc 0.8568, Test Acc 0.7168, time: 6.9605
Part 20, Val Acc 0.8762, Test Acc 0.7282, time: 6.9607
Part 16, Val Acc 0.8747, Test Acc 0.7274, time: 6.9610
Part 27, Val Acc 0.9112, Test Acc 0.7156, time: 6.9624
Part 29, Val Acc 0.8991, Test Acc 0.7151, time: 6.9637
Part 9, Val Acc 0.8755, Test Acc 0.7137, time: 6.9638
Part 12, Val Acc 0.8999, Test Acc 0.7157, time: 6.9639
Part 19, Val Acc 0.8731, Test Acc 0.7289, time: 6.9650
Part 17, Val Acc 0.8714, Test Acc 0.7291, time: 6.9652
Part 18, Val Acc 0.8902, Test Acc 0.7273, time: 6.9660
Part 22, Val Acc 0.8877, Test Acc 0.7298, time: 6.9680
Part 13, Val Acc 0.8771, Test Acc 0.7160, time: 6.9685
Part 21, Val Acc 0.8739, Test Acc 0.7269, time: 6.9690
Part 30, Val Acc 0.9235, Test Acc 0.7177, time: 6.9710
Part 25, Val Acc 0.9089, Test Acc 0.7162, time: 6.9713
Part 11, Val Acc 0.8649, Test Acc 0.7155, time: 6.9733
Part 26, Val Acc 0.9219, Test Acc 0.7182, time: 6.9755
Part 14, Val Acc 0.8812, Test Acc 0.7127, time: 6.9760
Part 15, Val Acc 0.8779, Test Acc 0.7158, time: 6.9792
Part 28, Val Acc 0.9203, Test Acc 0.7172, time: 6.9823
All parts avg val acc 0.9015, test acc 0.7383
Part 1 | Epoch 00006 | Step 00000 | Loss 0.2502 | Train Acc 0.9290 | Speed (samples/sec) 1101.0903 | GPU 1924.3 MB | time 0.972 s
Part 4 | Epoch 00006 | Step 00000 | Loss 0.2085 | Train Acc 0.9490 | Speed (samples/sec) 1100.2122 | GPU 1927.8 MB | time 0.972 s
Part 3 | Epoch 00006 | Step 00000 | Loss 0.2569 | Train Acc 0.9340 | Speed (samples/sec) 1100.5914 | GPU 1925.6 MB | time 0.971 s
Part 2 | Epoch 00006 | Step 00000 | Loss 0.2764 | Train Acc 0.9310 | Speed (samples/sec) 1099.9933 | GPU 1941.3 MB | time 0.970 sPart 7 | Epoch 00006 | Step 00000 | Loss 0.2751 | Train Acc 0.9330 | Speed (samples/sec) 1100.1268 | GPU 1925.8 MB | time 0.970 s

Part 0 | Epoch 00006 | Step 00000 | Loss 0.2646 | Train Acc 0.9340 | Speed (samples/sec) 1105.3067 | GPU 1931.2 MB | time 0.940 s
Part 5 | Epoch 00006 | Step 00000 | Loss 0.2330 | Train Acc 0.9440 | Speed (samples/sec) 1100.1159 | GPU 1931.6 MB | time 0.973 s
Part 20 | Epoch 00006 | Step 00000 | Loss 0.4167 | Train Acc 0.8970 | Speed (samples/sec) 1100.5620 | GPU 1966.1 MB | time 0.962 s
Part 16 | Epoch 00006 | Step 00000 | Loss 0.5164 | Train Acc 0.8790 | Speed (samples/sec) 1101.6561 | GPU 1957.9 MB | time 0.961 s
Part 17 | Epoch 00006 | Step 00000 | Loss 0.4328 | Train Acc 0.8940 | Speed (samples/sec) 1101.9494 | GPU 1964.7 MB | time 0.957 s
Part 18 | Epoch 00006 | Step 00000 | Loss 0.5103 | Train Acc 0.8800 | Speed (samples/sec) 1102.1872 | GPU 1971.3 MB | time 0.956 s
Part 6 | Epoch 00006 | Step 00000 | Loss 0.2457 | Train Acc 0.9410 | Speed (samples/sec) 1100.2479 | GPU 1921.8 MB | time 0.973 s
Part 19 | Epoch 00006 | Step 00000 | Loss 0.4997 | Train Acc 0.8760 | Speed (samples/sec) 1102.3888 | GPU 1965.4 MB | time 0.957 s
Part 15 | Epoch 00006 | Step 00000 | Loss 0.4359 | Train Acc 0.8930 | Speed (samples/sec) 1103.9122 | GPU 2223.9 MB | time 0.943 sPart 14 | Epoch 00006 | Step 00000 | Loss 0.5287 | Train Acc 0.8740 | Speed (samples/sec) 1102.8244 | GPU 2225.8 MB | time 0.946 s

Part 12 | Epoch 00006 | Step 00000 | Loss 0.4323 | Train Acc 0.8820 | Speed (samples/sec) 1103.8886 | GPU 2223.4 MB | time 0.959 s
Part 8 | Epoch 00006 | Step 00000 | Loss 0.4557 | Train Acc 0.8790 | Speed (samples/sec) 1102.5282 | GPU 2210.4 MB | time 0.965 s
Part 9 | Epoch 00006 | Step 00000 | Loss 0.4616 | Train Acc 0.8760 | Speed (samples/sec) 1102.6471 | GPU 2226.2 MB | time 0.958 s
Part 11 | Epoch 00006 | Step 00000 | Loss 0.4941 | Train Acc 0.8790 | Speed (samples/sec) 1103.7759 | GPU 2234.7 MB | time 0.949 s
Part 13 | Epoch 00006 | Step 00000 | Loss 0.4516 | Train Acc 0.8820 | Speed (samples/sec) 1102.5233 | GPU 2219.8 MB | time 0.954 s
Part 10 | Epoch 00006 | Step 00000 | Loss 0.4526 | Train Acc 0.8840 | Speed (samples/sec) 1102.5048 | GPU 2214.2 MB | time 0.962 s
Part 29 | Epoch 00006 | Step 00000 | Loss 0.3671 | Train Acc 0.9150 | Speed (samples/sec) 1102.9295 | GPU 2068.1 MB | time 0.959 sPart 27 | Epoch 00006 | Step 00000 | Loss 0.3395 | Train Acc 0.9130 | Speed (samples/sec) 1103.2236 | GPU 2058.6 MB | time 0.960 sPart 24 | Epoch 00006 | Step 00000 | Loss 0.3187 | Train Acc 0.9170 | Speed (samples/sec) 1102.0849 | GPU 2057.3 MB | time 0.963 s


Part 30 | Epoch 00006 | Step 00000 | Loss 0.3447 | Train Acc 0.9110 | Speed (samples/sec) 1102.3892 | GPU 2058.6 MB | time 0.951 s
Part 26 | Epoch 00006 | Step 00000 | Loss 0.3185 | Train Acc 0.9290 | Speed (samples/sec) 1103.4278 | GPU 2066.0 MB | time 0.947 sPart 25 | Epoch 00006 | Step 00000 | Loss 0.3323 | Train Acc 0.9200 | Speed (samples/sec) 1102.5170 | GPU 2066.5 MB | time 0.951 s

Part 22 | Epoch 00006 | Step 00000 | Loss 0.5173 | Train Acc 0.8690 | Speed (samples/sec) 1101.1773 | GPU 1975.9 MB | time 0.954 s
Part 23 | Epoch 00006 | Step 00000 | Loss 0.5141 | Train Acc 0.8720 | Speed (samples/sec) 1100.8656 | GPU 1976.6 MB | time 0.975 s
Part 28 | Epoch 00006 | Step 00000 | Loss 0.2761 | Train Acc 0.9320 | Speed (samples/sec) 1103.4827 | GPU 2077.0 MB | time 0.940 s
Part 31 | Epoch 00006 | Step 00000 | Loss 0.3293 | Train Acc 0.9140 | Speed (samples/sec) 1103.3569 | GPU 2073.8 MB | time 0.962 s
Part 21 | Epoch 00006 | Step 00000 | Loss 0.4813 | Train Acc 0.8840 | Speed (samples/sec) 1101.7790 | GPU 1973.3 MB | time 0.953 s
Avg train acc 0.9046
=====================
Part 5, Epoch Time(s): 5.2782
Sampling Time(s): 0.2920
Loading Time(s): 1.5845
Forward Time(s): 0.5888
Backward Time(s): 0.2146
Update Time(s): 0.0043
Emb Update Time(s): 2.5849
#seeds: 6145
#inputs: 1930369
==========================================
Part 2, Epoch Time(s): 5.2751
Sampling Time(s): 0.2747
Loading Time(s): 1.7484
Forward Time(s): 0.4389
Backward Time(s): 0.2149
Update Time(s): 0.0038
Emb Update Time(s): 2.5855
#seeds: 6144
#inputs: 1922343
==========================================
Part 1, Epoch Time(s): 5.2773
Sampling Time(s): 0.2805
Loading Time(s): 1.5231
Forward Time(s): 0.6607
Backward Time(s): 0.2150
Update Time(s): 0.0041
Emb Update Time(s): 2.5849
#seeds: 6145
#inputs: 1923143
==========================================
Part 4, Epoch Time(s): 5.2774
Sampling Time(s): 0.2594
Loading Time(s): 1.6695
Forward Time(s): 0.5357
Backward Time(s): 0.2146
Update Time(s): 0.0039
Emb Update Time(s): 2.5854
#seeds: 6144
#inputs: 1925373
==========================================
Part 0, Epoch Time(s): 5.2446
Sampling Time(s): 0.3673
Loading Time(s): 1.5041
Forward Time(s): 0.5765
Backward Time(s): 0.2030
Update Time(s): 0.0044
Emb Update Time(s): 2.5789
#seeds: 6144
#inputs: 1933841
=====================
=====================
Part 3, Epoch Time(s): 5.2758
Sampling Time(s): 0.3260
Loading Time(s): 1.6351
Forward Time(s): 0.5014
Backward Time(s): 0.2147
Update Time(s): 0.0042
Emb Update Time(s): 2.5851
#seeds: 6144
#inputs: 1924093
=====================



=====================
Part 6, Epoch Time(s): 5.2782
Sampling Time(s): 0.2963
Loading Time(s): 1.6549
Forward Time(s): 0.5139
Backward Time(s): 0.2146
Update Time(s): 0.0044
Emb Update Time(s): 2.5849
#seeds: 6144
#inputs: 1940567
=====================

=====================
Part 7, Epoch Time(s): 5.2750
Sampling Time(s): 0.3083
Loading Time(s): 1.6354
Forward Time(s): 0.5182
Backward Time(s): 0.2146
Update Time(s): 0.0044
Emb Update Time(s): 2.5850
#seeds: 6144
#inputs: 1933346
=====================
=====================
Part 17, Epoch Time(s): 5.2620
Sampling Time(s): 0.2721
Loading Time(s): 1.6223
Forward Time(s): 0.5547
Backward Time(s): 0.2150
Update Time(s): 0.0037
Emb Update Time(s): 2.5854
#seeds: 6144
#inputs: 1932297
==========================================
Part 18, Epoch Time(s): 5.2612
Sampling Time(s): 0.2826
Loading Time(s): 1.6591
Forward Time(s): 0.5061
Backward Time(s): 0.2149
Update Time(s): 0.0037
Emb Update Time(s): 2.5857
#seeds: 6144
#inputs: 1942755
==========================================
Part 19, Epoch Time(s): 5.2623
Sampling Time(s): 0.2826
Loading Time(s): 1.5341
Forward Time(s): 0.6322
Backward Time(s): 0.2146
Update Time(s): 0.0041
Emb Update Time(s): 2.5856
#seeds: 6145
#inputs: 1942370
==========================================
Part 16, Epoch Time(s): 5.2661
Sampling Time(s): 0.2813
Loading Time(s): 1.5512
Forward Time(s): 0.6205
Backward Time(s): 0.2149
Update Time(s): 0.0038
Emb Update Time(s): 2.5853
#seeds: 6144
#inputs: 1934689
==========================================
Part 23, Epoch Time(s): 5.2797
Sampling Time(s): 0.3087
Loading Time(s): 1.6317
Forward Time(s): 0.5253
Backward Time(s): 0.2141
Update Time(s): 0.0052
Emb Update Time(s): 2.5852
#seeds: 6144
#inputs: 1946192
=====================


=====================
Part 20, Epoch Time(s): 5.2666
Sampling Time(s): 0.2832
Loading Time(s): 1.4876
Forward Time(s): 0.6824
Backward Time(s): 0.2144
Update Time(s): 0.0039
Emb Update Time(s): 2.5861
#seeds: 6144
#inputs: 1911520
=====================

=====================
Part 21, Epoch Time(s): 5.2582
Sampling Time(s): 0.2884
Loading Time(s): 1.6639
Forward Time(s): 0.4918
Backward Time(s): 0.2143
Update Time(s): 0.0044
Emb Update Time(s): 2.5858
#seeds: 6145
#inputs: 1931066
=====================
=====================
Part 22, Epoch Time(s): 5.2591
Sampling Time(s): 0.2754
Loading Time(s): 1.5609
Forward Time(s): 0.6092
Backward Time(s): 0.2139
Update Time(s): 0.0050
Emb Update Time(s): 2.5855
#seeds: 6144
#inputs: 1932062
=====================

=====================
Part 25, Epoch Time(s): 5.2560
Sampling Time(s): 0.2456
Loading Time(s): 1.7208
Forward Time(s): 0.4762
Backward Time(s): 0.2142
Update Time(s): 0.0037
Emb Update Time(s): 2.5864
#seeds: 6144
#inputs: 1976242
==========================================
Part 28, Epoch Time(s): 5.2449
Sampling Time(s): 0.2973
Loading Time(s): 1.6647
Forward Time(s): 0.4691
Backward Time(s): 0.2138
Update Time(s): 0.0047
Emb Update Time(s): 2.5863
#seeds: 6144
#inputs: 1960267
==========================================
Part 29, Epoch Time(s): 5.2636
Sampling Time(s): 0.2870
Loading Time(s): 1.9305
Forward Time(s): 0.2560
Backward Time(s): 0.1977
Update Time(s): 0.0038
Emb Update Time(s): 2.5797
#seeds: 6144
#inputs: 1974337
=====================
=====================
Part 24, Epoch Time(s): 5.2682
Sampling Time(s): 0.2884
Loading Time(s): 1.8225
Forward Time(s): 0.3615
Backward Time(s): 0.2036
Update Time(s): 0.0037
Emb Update Time(s): 2.5795
#seeds: 6144
#inputs: 1960122
=====================
=====================
Part 27, Epoch Time(s): 5.2649
Sampling Time(s): 0.2818
Loading Time(s): 1.9684
Forward Time(s): 0.2358
Backward Time(s): 0.1850
Update Time(s): 0.0043
Emb Update Time(s): 2.5807
#seeds: 6144
#inputs: 1984757
==========================================
Part 26, Epoch Time(s): 5.2515
Sampling Time(s): 0.2993
Loading Time(s): 1.8541
Forward Time(s): 0.3090
Backward Time(s): 0.1957
Update Time(s): 0.0042
Emb Update Time(s): 2.5799
#seeds: 6145
#inputs: 1980223
=====================

=====================
Part 31, Epoch Time(s): 5.2673
Sampling Time(s): 0.3076
Loading Time(s): 1.8127
Forward Time(s): 0.3340
Backward Time(s): 0.2129
Update Time(s): 0.0043
Emb Update Time(s): 2.5864
#seeds: 6144
#inputs: 1965047
=====================
=====================
Part 30, Epoch Time(s): 5.2562
Sampling Time(s): 0.2952
Loading Time(s): 1.8364
Forward Time(s): 0.3114
Backward Time(s): 0.2138
Update Time(s): 0.0045
Emb Update Time(s): 2.5860
#seeds: 6144
#inputs: 1976578
=====================


=====================
Part 10, Epoch Time(s): 5.2668
Sampling Time(s): 0.2890
Loading Time(s): 1.7863
Forward Time(s): 0.3781
Backward Time(s): 0.2141
Update Time(s): 0.0039
Emb Update Time(s): 2.5864
#seeds: 6144
#inputs: 2047751
==========================================
Part 8, Epoch Time(s): 5.2699
Sampling Time(s): 0.2609
Loading Time(s): 1.7737
Forward Time(s): 0.4306
Backward Time(s): 0.2060
Update Time(s): 0.0037
Emb Update Time(s): 2.5861
#seeds: 6144
#inputs: 2026228
=====================
=====================
Part 11, Epoch Time(s): 5.2539
Sampling Time(s): 0.2724
Loading Time(s): 1.7448
Forward Time(s): 0.4234
Backward Time(s): 0.2139
Update Time(s): 0.0044
Emb Update Time(s): 2.5858
#seeds: 6145
#inputs: 2036724
==========================================
Part 12, Epoch Time(s): 5.2634
Sampling Time(s): 0.2805
Loading Time(s): 1.7666
Forward Time(s): 0.4028
Backward Time(s): 0.2138
Update Time(s): 0.0044
Emb Update Time(s): 2.5862
#seeds: 6145
#inputs: 2030900
=====================
=====================
Part 9, Epoch Time(s): 5.2696
Sampling Time(s): 0.2852
Loading Time(s): 1.8468
Forward Time(s): 0.3177
Backward Time(s): 0.2143
Update Time(s): 0.0046
Emb Update Time(s): 2.5856
#seeds: 6144
#inputs: 2046229
==========================================
Part 13, Epoch Time(s): 5.2587
Sampling Time(s): 0.2870
Loading Time(s): 1.9393
Forward Time(s): 0.2389
Backward Time(s): 0.2012
Update Time(s): 0.0038
Emb Update Time(s): 2.5794
#seeds: 6144
#inputs: 2035796
==========================================
Part 15, Epoch Time(s): 5.2479
Sampling Time(s): 0.2937
Loading Time(s): 1.7990
Forward Time(s): 0.3422
Backward Time(s): 0.2137
Update Time(s): 0.0042
Emb Update Time(s): 2.5862
#seeds: 6144
#inputs: 2036604
=====================



=====================
Part 14, Epoch Time(s): 5.2509
Sampling Time(s): 0.2815
Loading Time(s): 1.8856
Forward Time(s): 0.2889
Backward Time(s): 0.2022
Update Time(s): 0.0040
Emb Update Time(s): 2.5797
#seeds: 6144
#inputs: 2034985
=====================

|V|=2449029, eval batch size: 100000
|V|=2449029, eval batch size: 100000
|V|=2449029, eval batch size: 100000
|V|=2449029, eval batch size: 100000
|V|=2449029, eval batch size: 100000
|V|=2449029, eval batch size: 100000
|V|=2449029, eval batch size: 100000
|V|=2449029, eval batch size: 100000
|V|=2449029, eval batch size: 100000
|V|=2449029, eval batch size: 100000
|V|=2449029, eval batch size: 100000
|V|=2449029, eval batch size: 100000
|V|=2449029, eval batch size: 100000
|V|=2449029, eval batch size: 100000
|V|=2449029, eval batch size: 100000
|V|=2449029, eval batch size: 100000
|V|=2449029, eval batch size: 100000
|V|=2449029, eval batch size: 100000
|V|=2449029, eval batch size: 100000
|V|=2449029, eval batch size: 100000
|V|=2449029, eval batch size: 100000
|V|=2449029, eval batch size: 100000
|V|=2449029, eval batch size: 100000
|V|=2449029, eval batch size: 100000
|V|=2449029, eval batch size: 100000
|V|=2449029, eval batch size: 100000
|V|=2449029, eval batch size: 100000
|V|=2449029, eval batch size: 100000
|V|=2449029, eval batch size: 100000
|V|=2449029, eval batch size: 100000
|V|=2449029, eval batch size: 100000
|V|=2449029, eval batch size: 100000
|V|=2449029, eval batch size: 100000|V|=2449029, eval batch size: 100000

|V|=2449029, eval batch size: 100000|V|=2449029, eval batch size: 100000

|V|=2449029, eval batch size: 100000|V|=2449029, eval batch size: 100000

|V|=2449029, eval batch size: 100000
|V|=2449029, eval batch size: 100000
|V|=2449029, eval batch size: 100000|V|=2449029, eval batch size: 100000
|V|=2449029, eval batch size: 100000

|V|=2449029, eval batch size: 100000
|V|=2449029, eval batch size: 100000
|V|=2449029, eval batch size: 100000|V|=2449029, eval batch size: 100000
|V|=2449029, eval batch size: 100000
|V|=2449029, eval batch size: 100000

|V|=2449029, eval batch size: 100000
|V|=2449029, eval batch size: 100000
|V|=2449029, eval batch size: 100000|V|=2449029, eval batch size: 100000

|V|=2449029, eval batch size: 100000|V|=2449029, eval batch size: 100000

|V|=2449029, eval batch size: 100000|V|=2449029, eval batch size: 100000

|V|=2449029, eval batch size: 100000
|V|=2449029, eval batch size: 100000
|V|=2449029, eval batch size: 100000
|V|=2449029, eval batch size: 100000
|V|=2449029, eval batch size: 100000
|V|=2449029, eval batch size: 100000
|V|=2449029, eval batch size: 100000
|V|=2449029, eval batch size: 100000|V|=2449029, eval batch size: 100000

|V|=2449029, eval batch size: 100000
|V|=2449029, eval batch size: 100000|V|=2449029, eval batch size: 100000

|V|=2449029, eval batch size: 100000
|V|=2449029, eval batch size: 100000
|V|=2449029, eval batch size: 100000|V|=2449029, eval batch size: 100000

|V|=2449029, eval batch size: 100000
|V|=2449029, eval batch size: 100000
|V|=2449029, eval batch size: 100000
|V|=2449029, eval batch size: 100000
|V|=2449029, eval batch size: 100000
|V|=2449029, eval batch size: 100000
|V|=2449029, eval batch size: 100000
|V|=2449029, eval batch size: 100000
|V|=2449029, eval batch size: 100000
|V|=2449029, eval batch size: 100000
|V|=2449029, eval batch size: 100000|V|=2449029, eval batch size: 100000|V|=2449029, eval batch size: 100000


|V|=2449029, eval batch size: 100000|V|=2449029, eval batch size: 100000

|V|=2449029, eval batch size: 100000
|V|=2449029, eval batch size: 100000
|V|=2449029, eval batch size: 100000
|V|=2449029, eval batch size: 100000
|V|=2449029, eval batch size: 100000
|V|=2449029, eval batch size: 100000
|V|=2449029, eval batch size: 100000
|V|=2449029, eval batch size: 100000
Part 6, Val Acc 0.9317, Test Acc 0.7897, time: 6.8949
Part 5, Val Acc 0.9414, Test Acc 0.7910, time: 6.8965
Part 14, Val Acc 0.8869, Test Acc 0.7162, time: 6.9014
Part 0, Val Acc 0.9349, Test Acc 0.7891, time: 6.9040
Part 4, Val Acc 0.9292, Test Acc 0.7903, time: 6.9056
Part 8, Val Acc 0.8884, Test Acc 0.7181, time: 6.9066
Part 2, Val Acc 0.9308, Test Acc 0.7921, time: 6.9071
Part 11, Val Acc 0.8714, Test Acc 0.7200, time: 6.9075
Part 20, Val Acc 0.8803, Test Acc 0.7406, time: 6.9080
Part 23, Val Acc 0.8983, Test Acc 0.7405, time: 6.9083
Part 22, Val Acc 0.8918, Test Acc 0.7411, time: 6.9087
Part 7, Val Acc 0.9390, Test Acc 0.7902, time: 6.9091
Part 10, Val Acc 0.8609, Test Acc 0.7206, time: 6.9102
Part 9, Val Acc 0.8828, Test Acc 0.7184, time: 6.9102
Part 24, Val Acc 0.9210, Test Acc 0.7261, time: 6.9108
Part 28, Val Acc 0.9235, Test Acc 0.7274, time: 6.9117
Part 1, Val Acc 0.9357, Test Acc 0.7904, time: 6.9136
Part 18, Val Acc 0.8991, Test Acc 0.7404, time: 6.9161
Part 19, Val Acc 0.8739, Test Acc 0.7417, time: 6.9164
Part 13, Val Acc 0.8853, Test Acc 0.7201, time: 6.9170
Part 29, Val Acc 0.8991, Test Acc 0.7265, time: 6.9196
Part 27, Val Acc 0.9096, Test Acc 0.7267, time: 6.9206
Part 26, Val Acc 0.9219, Test Acc 0.7276, time: 6.9215
Part 31, Val Acc 0.9024, Test Acc 0.7286, time: 6.9215
Part 17, Val Acc 0.8739, Test Acc 0.7409, time: 6.9216
Part 3, Val Acc 0.9471, Test Acc 0.7931, time: 6.9220
Part 30, Val Acc 0.9235, Test Acc 0.7288, time: 6.9226
Part 16, Val Acc 0.8804, Test Acc 0.7404, time: 6.9233
Part 25, Val Acc 0.9081, Test Acc 0.7268, time: 6.9238
Part 21, Val Acc 0.8796, Test Acc 0.7400, time: 6.9267
Part 15, Val Acc 0.8845, Test Acc 0.7205, time: 6.9277
Part 12, Val Acc 0.9032, Test Acc 0.7192, time: 6.9298
All parts avg val acc 0.9044, test acc 0.7445
Part 3 | Epoch 00007 | Step 00000 | Loss 0.2543 | Train Acc 0.9440 | Speed (samples/sec) 1102.3443 | GPU 1925.6 MB | time 1.000 s
Part 7 | Epoch 00007 | Step 00000 | Loss 0.2255 | Train Acc 0.9470 | Speed (samples/sec) 1101.6682 | GPU 1925.8 MB | time 1.013 sPart 4 | Epoch 00007 | Step 00000 | Loss 0.2350 | Train Acc 0.9430 | Speed (samples/sec) 1101.6689 | GPU 1927.8 MB | time 1.017 sPart 2 | Epoch 00007 | Step 00000 | Loss 0.2934 | Train Acc 0.9350 | Speed (samples/sec) 1101.5129 | GPU 1941.3 MB | time 1.015 s


Part 1 | Epoch 00007 | Step 00000 | Loss 0.2743 | Train Acc 0.9340 | Speed (samples/sec) 1102.6328 | GPU 1924.3 MB | time 1.009 s
Part 5 | Epoch 00007 | Step 00000 | Loss 0.2342 | Train Acc 0.9410 | Speed (samples/sec) 1101.4569 | GPU 1931.6 MB | time 1.026 s
Part 19 | Epoch 00007 | Step 00000 | Loss 0.3988 | Train Acc 0.9050 | Speed (samples/sec) 1103.8045 | GPU 1966.5 MB | time 1.006 s
Part 20 | Epoch 00007 | Step 00000 | Loss 0.4739 | Train Acc 0.8780 | Speed (samples/sec) 1102.0148 | GPU 1966.1 MB | time 1.014 s
Part 18 | Epoch 00007 | Step 00000 | Loss 0.4645 | Train Acc 0.8880 | Speed (samples/sec) 1103.5716 | GPU 1971.3 MB | time 1.006 sPart 23 | Epoch 00007 | Step 00000 | Loss 0.4142 | Train Acc 0.8920 | Speed (samples/sec) 1102.3069 | GPU 1976.6 MB | time 1.014 s

Part 16 | Epoch 00007 | Step 00000 | Loss 0.4732 | Train Acc 0.8940 | Speed (samples/sec) 1103.2703 | GPU 1960.6 MB | time 0.999 sPart 21 | Epoch 00007 | Step 00000 | Loss 0.4238 | Train Acc 0.8960 | Speed (samples/sec) 1103.5203 | GPU 1973.3 MB | time 0.996 s

Part 6 | Epoch 00007 | Step 00000 | Loss 0.2657 | Train Acc 0.9280 | Speed (samples/sec) 1101.4967 | GPU 1921.8 MB | time 1.027 s
Part 0 | Epoch 00007 | Step 00000 | Loss 0.2622 | Train Acc 0.9360 | Speed (samples/sec) 1106.5706 | GPU 1931.2 MB | time 0.992 s
Part 27 | Epoch 00007 | Step 00000 | Loss 0.3552 | Train Acc 0.9070 | Speed (samples/sec) 1104.5482 | GPU 2058.6 MB | time 1.002 s
Part 30 | Epoch 00007 | Step 00000 | Loss 0.3014 | Train Acc 0.9320 | Speed (samples/sec) 1103.8760 | GPU 2058.6 MB | time 1.000 s
Part 24 | Epoch 00007 | Step 00000 | Loss 0.3198 | Train Acc 0.9290 | Speed (samples/sec) 1103.3698 | GPU 2057.3 MB | time 1.012 s
Part 25 | Epoch 00007 | Step 00000 | Loss 0.3340 | Train Acc 0.9230 | Speed (samples/sec) 1104.0190 | GPU 2066.5 MB | time 0.999 s
Part 31 | Epoch 00007 | Step 00000 | Loss 0.3531 | Train Acc 0.9090 | Speed (samples/sec) 1104.6956 | GPU 2073.8 MB | time 1.001 s
Part 29 | Epoch 00007 | Step 00000 | Loss 0.3381 | Train Acc 0.9190 | Speed (samples/sec) 1104.2693 | GPU 2068.1 MB | time 1.003 s
Part 28 | Epoch 00007 | Step 00000 | Loss 0.2791 | Train Acc 0.9340 | Speed (samples/sec) 1104.5871 | GPU 2077.0 MB | time 1.011 sPart 11 | Epoch 00007 | Step 00000 | Loss 0.4448 | Train Acc 0.8810 | Speed (samples/sec) 1104.7993 | GPU 2234.7 MB | time 1.015 s
Part 8 | Epoch 00007 | Step 00000 | Loss 0.3652 | Train Acc 0.8970 | Speed (samples/sec) 1103.6611 | GPU 2210.4 MB | time 1.016 s
Part 14 | Epoch 00007 | Step 00000 | Loss 0.3995 | Train Acc 0.8820 | Speed (samples/sec) 1103.8086 | GPU 2225.8 MB | time 1.021 sPart 15 | Epoch 00007 | Step 00000 | Loss 0.4110 | Train Acc 0.8930 | Speed (samples/sec) 1105.2839 | GPU 2223.9 MB | time 0.995 s

Part 13 | Epoch 00007 | Step 00000 | Loss 0.4148 | Train Acc 0.8940 | Speed (samples/sec) 1103.8710 | GPU 2219.8 MB | time 1.006 s
Part 12 | Epoch 00007 | Step 00000 | Loss 0.4466 | Train Acc 0.8790 | Speed (samples/sec) 1105.3689 | GPU 2223.4 MB | time 0.993 s

Part 22 | Epoch 00007 | Step 00000 | Loss 0.4480 | Train Acc 0.8900 | Speed (samples/sec) 1102.5718 | GPU 1975.9 MB | time 1.014 s
Part 10 | Epoch 00007 | Step 00000 | Loss 0.4130 | Train Acc 0.8880 | Speed (samples/sec) 1103.7135 | GPU 2214.2 MB | time 1.012 s
Part 26 | Epoch 00007 | Step 00000 | Loss 0.2934 | Train Acc 0.9190 | Speed (samples/sec) 1104.7983 | GPU 2066.0 MB | time 1.001 s
Part 9 | Epoch 00007 | Step 00000 | Loss 0.3366 | Train Acc 0.9110 | Speed (samples/sec) 1103.8422 | GPU 2226.2 MB | time 1.012 s
Part 17 | Epoch 00007 | Step 00000 | Loss 0.4924 | Train Acc 0.8800 | Speed (samples/sec) 1103.4771 | GPU 1964.7 MB | time 1.001 s
Avg train acc 0.9103
=====================
Part 1, Epoch Time(s): 5.0071
Sampling Time(s): 0.2979
Loading Time(s): 1.5187
Forward Time(s): 0.6883
Backward Time(s): 0.2130
Update Time(s): 0.0039
Emb Update Time(s): 2.2810
#seeds: 6145
#inputs: 1919466
==========================================
Part 0, Epoch Time(s): 4.9905
Sampling Time(s): 0.3680
Loading Time(s): 1.6548
Forward Time(s): 0.4642
Backward Time(s): 0.2132
Update Time(s): 0.0051
Emb Update Time(s): 2.2800
#seeds: 6144
#inputs: 1927483
==========================================
Part 3, Epoch Time(s): 4.9986
Sampling Time(s): 0.3185
Loading Time(s): 1.6901
Forward Time(s): 0.4877
Backward Time(s): 0.2121
Update Time(s): 0.0038
Emb Update Time(s): 2.2821
#seeds: 6144
#inputs: 1927918
==========================================
Part 4, Epoch Time(s): 5.0151
Sampling Time(s): 0.2659
Loading Time(s): 1.5788
Forward Time(s): 0.6684
Backward Time(s): 0.2120
Update Time(s): 0.0037
Emb Update Time(s): 2.2821
#seeds: 6144
#inputs: 1925483
=====================
=====================
Part 2, Epoch Time(s): 5.0137
Sampling Time(s): 0.2780
Loading Time(s): 1.6297
Forward Time(s): 0.6037
Backward Time(s): 0.2125
Update Time(s): 0.0036
Emb Update Time(s): 2.2818
#seeds: 6144
#inputs: 1917432
=====================


=====================
Part 5, Epoch Time(s): 5.0241
Sampling Time(s): 0.2604
Loading Time(s): 1.4853
Forward Time(s): 0.7765
Backward Time(s): 0.2119
Update Time(s): 0.0037
Emb Update Time(s): 2.2822
#seeds: 6145
#inputs: 1920797
=====================

=====================
Part 6, Epoch Time(s): 5.0254
Sampling Time(s): 0.3074
Loading Time(s): 1.7193
Forward Time(s): 0.4960
Backward Time(s): 0.2118
Update Time(s): 0.0039
Emb Update Time(s): 2.2825
#seeds: 6144
#inputs: 1940498
==========================================
Part 7, Epoch Time(s): 5.0118
Sampling Time(s): 0.2972
Loading Time(s): 1.6411
Forward Time(s): 0.5714
Backward Time(s): 0.2118
Update Time(s): 0.0040
Emb Update Time(s): 2.2819
#seeds: 6144
#inputs: 1939164
=====================

=====================
Part 18, Epoch Time(s): 5.0046
Sampling Time(s): 0.2571
Loading Time(s): 1.7884
Forward Time(s): 0.4765
Backward Time(s): 0.1981
Update Time(s): 0.0039
Emb Update Time(s): 2.2762
#seeds: 6144
#inputs: 1937450
=====================
=====================
Part 17, Epoch Time(s): 4.9992
Sampling Time(s): 0.2976
Loading Time(s): 1.4390
Forward Time(s): 0.7595
Backward Time(s): 0.2116
Update Time(s): 0.0038
Emb Update Time(s): 2.2829
#seeds: 6144
#inputs: 1923869
==========================================
Part 20, Epoch Time(s): 5.0127
Sampling Time(s): 0.2658
Loading Time(s): 1.6277
Forward Time(s): 0.6169
Backward Time(s): 0.2112
Update Time(s): 0.0038
Emb Update Time(s): 2.2830
#seeds: 6144
#inputs: 1916494
==========================================
Part 16, Epoch Time(s): 4.9974
Sampling Time(s): 0.2691
Loading Time(s): 1.5771
Forward Time(s): 0.6487
Backward Time(s): 0.2118
Update Time(s): 0.0043
Emb Update Time(s): 2.2820
#seeds: 6144
#inputs: 1936477
==========================================
Part 19, Epoch Time(s): 5.0044
Sampling Time(s): 0.2955
Loading Time(s): 1.6935
Forward Time(s): 0.5244
Backward Time(s): 0.2021
Update Time(s): 0.0039
Emb Update Time(s): 2.2808
#seeds: 6145
#inputs: 1934426
=====================



=====================
Part 23, Epoch Time(s): 5.0121
Sampling Time(s): 0.3047
Loading Time(s): 1.5515
Forward Time(s): 0.6537
Backward Time(s): 0.2110
Update Time(s): 0.0042
Emb Update Time(s): 2.2826
#seeds: 6144
#inputs: 1943461
=====================
=====================
Part 21, Epoch Time(s): 4.9940
Sampling Time(s): 0.2961
Loading Time(s): 1.6653
Forward Time(s): 0.5454
Backward Time(s): 0.1986
Update Time(s): 0.0045
Emb Update Time(s): 2.2796
#seeds: 6145
#inputs: 1932055
==========================================
Part 22, Epoch Time(s): 5.0121
Sampling Time(s): 0.2802
Loading Time(s): 1.5674
Forward Time(s): 0.6618
Backward Time(s): 0.2111
Update Time(s): 0.0046
Emb Update Time(s): 2.2825
#seeds: 6144
#inputs: 1925538
=====================

=====================
Part 11, Epoch Time(s): 5.0132
Sampling Time(s): 0.2999
Loading Time(s): 1.8035
Forward Time(s): 0.4147
Backward Time(s): 0.2038
Update Time(s): 0.0039
Emb Update Time(s): 2.2832
#seeds: 6145
#inputs: 2038514
==========================================
Part 10, Epoch Time(s): 5.0106
Sampling Time(s): 0.2793
Loading Time(s): 1.8563
Forward Time(s): 0.3785
Backward Time(s): 0.2055
Update Time(s): 0.0036
Emb Update Time(s): 2.2832
#seeds: 6144
#inputs: 2043276
==========================================
Part 9, Epoch Time(s): 5.0104
Sampling Time(s): 0.2772
Loading Time(s): 1.8149
Forward Time(s): 0.4341
Backward Time(s): 0.1999
Update Time(s): 0.0042
Emb Update Time(s): 2.2756
#seeds: 6144
#inputs: 2043861
==========================================
Part 12, Epoch Time(s): 4.9956
Sampling Time(s): 0.2941
Loading Time(s): 1.7110
Forward Time(s): 0.4835
Backward Time(s): 0.2108
Update Time(s): 0.0044
Emb Update Time(s): 2.2826
#seeds: 6145
#inputs: 2032636
==========================================
Part 13, Epoch Time(s): 5.0038
Sampling Time(s): 0.2927
Loading Time(s): 1.8767
Forward Time(s): 0.3686
Backward Time(s): 0.1872
Update Time(s): 0.0036
Emb Update Time(s): 2.2708
#seeds: 6144
#inputs: 2038447
=====================
=====================
Part 14, Epoch Time(s): 5.0193
Sampling Time(s): 0.2814
Loading Time(s): 1.8510
Forward Time(s): 0.3990
Backward Time(s): 0.2020
Update Time(s): 0.0038
Emb Update Time(s): 2.2776
#seeds: 6144
#inputs: 2032633
==========================================
Part 8, Epoch Time(s): 5.0141
Sampling Time(s): 0.2581
Loading Time(s): 1.7986
Forward Time(s): 0.4725
Backward Time(s): 0.1999
Update Time(s): 0.0038
Emb Update Time(s): 2.2768
#seeds: 6144
#inputs: 2025023
=====================


=====================
Part 15, Epoch Time(s): 4.9929
Sampling Time(s): 0.3151
Loading Time(s): 1.8497
Forward Time(s): 0.3261
Backward Time(s): 0.2105
Update Time(s): 0.0039
Emb Update Time(s): 2.2833
#seeds: 6144
#inputs: 2046073
=====================



=====================
Part 24, Epoch Time(s): 5.0099
Sampling Time(s): 0.2646
Loading Time(s): 1.7949
Forward Time(s): 0.4582
Backward Time(s): 0.2010
Update Time(s): 0.0036
Emb Update Time(s): 2.2833
#seeds: 6144
#inputs: 1957620
==========================================
Part 25, Epoch Time(s): 4.9968
Sampling Time(s): 0.3021
Loading Time(s): 1.7921
Forward Time(s): 0.4161
Backward Time(s): 0.2023
Update Time(s): 0.0036
Emb Update Time(s): 2.2763
#seeds: 6144
#inputs: 1973138
==========================================
Part 29, Epoch Time(s): 5.0012
Sampling Time(s): 0.3011
Loading Time(s): 1.7584
Forward Time(s): 0.4393
Backward Time(s): 0.2106
Update Time(s): 0.0039
Emb Update Time(s): 2.2836
#seeds: 6144
#inputs: 1961810
==========================================
Part 30, Epoch Time(s): 4.9982
Sampling Time(s): 0.2772
Loading Time(s): 1.7747
Forward Time(s): 0.4490
Backward Time(s): 0.2053
Update Time(s): 0.0038
Emb Update Time(s): 2.2838
#seeds: 6144
#inputs: 1972661
==========================================
Part 28, Epoch Time(s): 5.0089
Sampling Time(s): 0.3740
Loading Time(s): 1.7528
Forward Time(s): 0.3801
Backward Time(s): 0.2099
Update Time(s): 0.0044
Emb Update Time(s): 2.2832
#seeds: 6144
#inputs: 1964898
==========================================
Part 26, Epoch Time(s): 4.9993
Sampling Time(s): 0.3003
Loading Time(s): 1.8506
Forward Time(s): 0.3454
Backward Time(s): 0.2107
Update Time(s): 0.0048
Emb Update Time(s): 2.2827
#seeds: 6145
#inputs: 1972558
==========================================
Part 27, Epoch Time(s): 5.0001
Sampling Time(s): 0.2867
Loading Time(s): 1.6410
Forward Time(s): 0.5699
Backward Time(s): 0.2107
Update Time(s): 0.0047
Emb Update Time(s): 2.2827
#seeds: 6144
#inputs: 1986414
=====================


=====================
Part 31, Epoch Time(s): 4.9992
Sampling Time(s): 0.3106
Loading Time(s): 1.6350
Forward Time(s): 0.5508
Backward Time(s): 0.2104
Update Time(s): 0.0046
Emb Update Time(s): 2.2831
#seeds: 6144
#inputs: 1970397
=====================




|V|=2449029, eval batch size: 100000
|V|=2449029, eval batch size: 100000
|V|=2449029, eval batch size: 100000
|V|=2449029, eval batch size: 100000
|V|=2449029, eval batch size: 100000
|V|=2449029, eval batch size: 100000
|V|=2449029, eval batch size: 100000
|V|=2449029, eval batch size: 100000
|V|=2449029, eval batch size: 100000
|V|=2449029, eval batch size: 100000
|V|=2449029, eval batch size: 100000
|V|=2449029, eval batch size: 100000
|V|=2449029, eval batch size: 100000
|V|=2449029, eval batch size: 100000
|V|=2449029, eval batch size: 100000
|V|=2449029, eval batch size: 100000
|V|=2449029, eval batch size: 100000
|V|=2449029, eval batch size: 100000
|V|=2449029, eval batch size: 100000
|V|=2449029, eval batch size: 100000
|V|=2449029, eval batch size: 100000
|V|=2449029, eval batch size: 100000
|V|=2449029, eval batch size: 100000
|V|=2449029, eval batch size: 100000
|V|=2449029, eval batch size: 100000
|V|=2449029, eval batch size: 100000
|V|=2449029, eval batch size: 100000
|V|=2449029, eval batch size: 100000
|V|=2449029, eval batch size: 100000
|V|=2449029, eval batch size: 100000
|V|=2449029, eval batch size: 100000
|V|=2449029, eval batch size: 100000
|V|=2449029, eval batch size: 100000|V|=2449029, eval batch size: 100000|V|=2449029, eval batch size: 100000|V|=2449029, eval batch size: 100000



|V|=2449029, eval batch size: 100000|V|=2449029, eval batch size: 100000
|V|=2449029, eval batch size: 100000

|V|=2449029, eval batch size: 100000
|V|=2449029, eval batch size: 100000
|V|=2449029, eval batch size: 100000|V|=2449029, eval batch size: 100000

|V|=2449029, eval batch size: 100000
|V|=2449029, eval batch size: 100000
|V|=2449029, eval batch size: 100000
|V|=2449029, eval batch size: 100000
|V|=2449029, eval batch size: 100000
|V|=2449029, eval batch size: 100000
|V|=2449029, eval batch size: 100000
|V|=2449029, eval batch size: 100000
|V|=2449029, eval batch size: 100000
|V|=2449029, eval batch size: 100000|V|=2449029, eval batch size: 100000
|V|=2449029, eval batch size: 100000

|V|=2449029, eval batch size: 100000
|V|=2449029, eval batch size: 100000
|V|=2449029, eval batch size: 100000
|V|=2449029, eval batch size: 100000
|V|=2449029, eval batch size: 100000|V|=2449029, eval batch size: 100000

|V|=2449029, eval batch size: 100000
|V|=2449029, eval batch size: 100000|V|=2449029, eval batch size: 100000

|V|=2449029, eval batch size: 100000
|V|=2449029, eval batch size: 100000|V|=2449029, eval batch size: 100000

|V|=2449029, eval batch size: 100000
|V|=2449029, eval batch size: 100000
|V|=2449029, eval batch size: 100000|V|=2449029, eval batch size: 100000

|V|=2449029, eval batch size: 100000
|V|=2449029, eval batch size: 100000
|V|=2449029, eval batch size: 100000
|V|=2449029, eval batch size: 100000|V|=2449029, eval batch size: 100000

|V|=2449029, eval batch size: 100000
|V|=2449029, eval batch size: 100000|V|=2449029, eval batch size: 100000
|V|=2449029, eval batch size: 100000
|V|=2449029, eval batch size: 100000
|V|=2449029, eval batch size: 100000
|V|=2449029, eval batch size: 100000|V|=2449029, eval batch size: 100000

|V|=2449029, eval batch size: 100000

|V|=2449029, eval batch size: 100000
|V|=2449029, eval batch size: 100000
|V|=2449029, eval batch size: 100000
|V|=2449029, eval batch size: 100000
|V|=2449029, eval batch size: 100000|V|=2449029, eval batch size: 100000

|V|=2449029, eval batch size: 100000
|V|=2449029, eval batch size: 100000
|V|=2449029, eval batch size: 100000
|V|=2449029, eval batch size: 100000
|V|=2449029, eval batch size: 100000
Part 26, Val Acc 0.9268, Test Acc 0.7429, time: 6.9022
Part 6, Val Acc 0.9325, Test Acc 0.7968, time: 6.9060
Part 5, Val Acc 0.9463, Test Acc 0.7977, time: 6.9063
Part 8, Val Acc 0.8860, Test Acc 0.7203, time: 6.9083
Part 16, Val Acc 0.8877, Test Acc 0.7516, time: 6.9084
Part 23, Val Acc 0.8950, Test Acc 0.7503, time: 6.9095
Part 11, Val Acc 0.8731, Test Acc 0.7220, time: 6.9099
Part 18, Val Acc 0.9007, Test Acc 0.7511, time: 6.9099
Part 12, Val Acc 0.9081, Test Acc 0.7214, time: 6.9101
Part 20, Val Acc 0.8860, Test Acc 0.7514, time: 6.9109
Part 1, Val Acc 0.9357, Test Acc 0.7971, time: 6.9114
Part 0, Val Acc 0.9390, Test Acc 0.7962, time: 6.9119
Part 25, Val Acc 0.9129, Test Acc 0.7410, time: 6.9121
Part 22, Val Acc 0.8893, Test Acc 0.7515, time: 6.9127
Part 9, Val Acc 0.8845, Test Acc 0.7206, time: 6.9150
Part 3, Val Acc 0.9495, Test Acc 0.8006, time: 6.9155
Part 28, Val Acc 0.9235, Test Acc 0.7418, time: 6.9156
Part 7, Val Acc 0.9373, Test Acc 0.7981, time: 6.9159Part 4, Val Acc 0.9317, Test Acc 0.7976, time: 6.9159

Part 2, Val Acc 0.9341, Test Acc 0.7987, time: 6.9160
Part 29, Val Acc 0.9032, Test Acc 0.7409, time: 6.9162
Part 24, Val Acc 0.9300, Test Acc 0.7398, time: 6.9167
Part 31, Val Acc 0.9056, Test Acc 0.7419, time: 6.9183
Part 27, Val Acc 0.9072, Test Acc 0.7413, time: 6.9200
Part 19, Val Acc 0.8796, Test Acc 0.7519, time: 6.9210
Part 30, Val Acc 0.9260, Test Acc 0.7438, time: 6.9225
Part 17, Val Acc 0.8755, Test Acc 0.7512, time: 6.9239
Part 10, Val Acc 0.8690, Test Acc 0.7226, time: 6.9296
Part 21, Val Acc 0.8779, Test Acc 0.7508, time: 6.9297
Part 14, Val Acc 0.8885, Test Acc 0.7190, time: 6.9320
Part 13, Val Acc 0.8828, Test Acc 0.7216, time: 6.9336
Part 15, Val Acc 0.8853, Test Acc 0.7227, time: 6.9386
All parts avg val acc 0.9066, test acc 0.7530
Part 4 | Epoch 00008 | Step 00000 | Loss 0.2269 | Train Acc 0.9340 | Speed (samples/sec) 1113.6232 | GPU 1927.8 MB | time 0.994 s
Part 2 | Epoch 00008 | Step 00000 | Loss 0.2287 | Train Acc 0.9410 | Speed (samples/sec) 1113.4818 | GPU 1941.3 MB | time 0.994 s
Part 20 | Epoch 00008 | Step 00000 | Loss 0.3834 | Train Acc 0.8910 | Speed (samples/sec) 1113.8220 | GPU 1966.1 MB | time 0.999 s
Part 18 | Epoch 00008 | Step 00000 | Loss 0.4825 | Train Acc 0.8830 | Speed (samples/sec) 1115.1638 | GPU 1971.3 MB | time 1.000 s
Part 0 | Epoch 00008 | Step 00000 | Loss 0.2307 | Train Acc 0.9400 | Speed (samples/sec) 1118.3554 | GPU 1931.2 MB | time 0.971 s
Part 3 | Epoch 00008 | Step 00000 | Loss 0.2182 | Train Acc 0.9500 | Speed (samples/sec) 1114.2020 | GPU 1925.6 MB | time 0.995 sPart 5 | Epoch 00008 | Step 00000 | Loss 0.2204 | Train Acc 0.9400 | Speed (samples/sec) 1113.3384 | GPU 1931.6 MB | time 1.004 sPart 7 | Epoch 00008 | Step 00000 | Loss 0.2169 | Train Acc 0.9430 | Speed (samples/sec) 1113.6147 | GPU 1925.8 MB | time 0.994 sPart 1 | Epoch 00008 | Step 00000 | Loss 0.1933 | Train Acc 0.9480 | Speed (samples/sec) 1114.4600 | GPU 1924.3 MB | time 0.999 s



Part 6 | Epoch 00008 | Step 00000 | Loss 0.2362 | Train Acc 0.9500 | Speed (samples/sec) 1113.3016 | GPU 1921.8 MB | time 1.004 s
Part 19 | Epoch 00008 | Step 00000 | Loss 0.4515 | Train Acc 0.8830 | Speed (samples/sec) 1115.6497 | GPU 1966.5 MB | time 0.989 s
Part 17 | Epoch 00008 | Step 00000 | Loss 0.4090 | Train Acc 0.9030 | Speed (samples/sec) 1115.3645 | GPU 1964.7 MB | time 0.986 s
Part 23 | Epoch 00008 | Step 00000 | Loss 0.4357 | Train Acc 0.8880 | Speed (samples/sec) 1114.0463 | GPU 1976.8 MB | time 1.001 s
Part 28 | Epoch 00008 | Step 00000 | Loss 0.3044 | Train Acc 0.9280 | Speed (samples/sec) 1116.1502 | GPU 2077.0 MB | time 0.995 s
Part 16 | Epoch 00008 | Step 00000 | Loss 0.4787 | Train Acc 0.8830 | Speed (samples/sec) 1114.8733 | GPU 1960.6 MB | time 1.002 s
Part 25 | Epoch 00008 | Step 00000 | Loss 0.3042 | Train Acc 0.9300 | Speed (samples/sec) 1115.5900 | GPU 2066.5 MB | time 0.998 s
Part 30 | Epoch 00008 | Step 00000 | Loss 0.3071 | Train Acc 0.9200 | Speed (samples/sec) 1115.6672 | GPU 2058.6 MB | time 0.988 s
Part 24 | Epoch 00008 | Step 00000 | Loss 0.2642 | Train Acc 0.9290 | Speed (samples/sec) 1115.1109 | GPU 2057.3 MB | time 0.993 s
Part 29 | Epoch 00008 | Step 00000 | Loss 0.2853 | Train Acc 0.9280 | Speed (samples/sec) 1115.8789 | GPU 2068.1 MB | time 0.994 sPart 10 | Epoch 00008 | Step 00000 | Loss 0.3801 | Train Acc 0.8940 | Speed (samples/sec) 1115.6632 | GPU 2214.2 MB | time 0.980 s
Part 11 | Epoch 00008 | Step 00000 | Loss 0.4100 | Train Acc 0.8930 | Speed (samples/sec) 1116.3105 | GPU 2234.7 MB | time 1.000 s
Part 9 | Epoch 00008 | Step 00000 | Loss 0.4450 | Train Acc 0.8800 | Speed (samples/sec) 1115.5035 | GPU 2226.2 MB | time 0.995 s
Part 8 | Epoch 00008 | Step 00000 | Loss 0.4235 | Train Acc 0.8950 | Speed (samples/sec) 1115.2094 | GPU 2210.4 MB | time 1.002 s
Part 13 | Epoch 00008 | Step 00000 | Loss 0.4020 | Train Acc 0.8930 | Speed (samples/sec) 1115.8641 | GPU 2220.6 MB | time 0.977 s

Part 27 | Epoch 00008 | Step 00000 | Loss 0.3056 | Train Acc 0.9180 | Speed (samples/sec) 1116.1987 | GPU 2060.3 MB | time 0.990 s
Part 12 | Epoch 00008 | Step 00000 | Loss 0.4107 | Train Acc 0.8840 | Speed (samples/sec) 1116.8120 | GPU 2223.4 MB | time 1.000 sPart 14 | Epoch 00008 | Step 00000 | Loss 0.4254 | Train Acc 0.8850 | Speed (samples/sec) 1115.7941 | GPU 2225.8 MB | time 0.978 s

Part 26 | Epoch 00008 | Step 00000 | Loss 0.3666 | Train Acc 0.9020 | Speed (samples/sec) 1116.1885 | GPU 2066.7 MB | time 1.008 s
Part 22 | Epoch 00008 | Step 00000 | Loss 0.4929 | Train Acc 0.8820 | Speed (samples/sec) 1114.3431 | GPU 1975.9 MB | time 0.998 s
Part 15 | Epoch 00008 | Step 00000 | Loss 0.4117 | Train Acc 0.8850 | Speed (samples/sec) 1117.1893 | GPU 2223.9 MB | time 0.972 s
Part 21 | Epoch 00008 | Step 00000 | Loss 0.4358 | Train Acc 0.8920 | Speed (samples/sec) 1115.5898 | GPU 1973.3 MB | time 0.980 s
Part 31 | Epoch 00008 | Step 00000 | Loss 0.3542 | Train Acc 0.9130 | Speed (samples/sec) 1116.3062 | GPU 2073.8 MB | time 0.992 s
Avg train acc 0.9103
=====================
Part 4, Epoch Time(s): 5.2763
Sampling Time(s): 0.3264
Loading Time(s): 1.6152
Forward Time(s): 0.4815
Backward Time(s): 0.2123
Update Time(s): 0.0040
Emb Update Time(s): 2.6327
#seeds: 6144
#inputs: 1934217
==========================================
Part 7, Epoch Time(s): 5.2763
Sampling Time(s): 0.2954
Loading Time(s): 1.6278
Forward Time(s): 0.4998
Backward Time(s): 0.2118
Update Time(s): 0.0040
Emb Update Time(s): 2.6333
#seeds: 6144
#inputs: 1941555
==========================================
Part 3, Epoch Time(s): 5.2766
Sampling Time(s): 0.3842
Loading Time(s): 1.7004
Forward Time(s): 0.3571
Backward Time(s): 0.1945
Update Time(s): 0.0039
Emb Update Time(s): 2.6320
#seeds: 6144
#inputs: 1928430
==========================================
Part 5, Epoch Time(s): 5.2857
Sampling Time(s): 0.2978
Loading Time(s): 1.5842
Forward Time(s): 0.5502
Backward Time(s): 0.2122
Update Time(s): 0.0044
Emb Update Time(s): 2.6327
#seeds: 6145
#inputs: 1932453
=====================


=====================
Part 6, Epoch Time(s): 5.2856
Sampling Time(s): 0.3122
Loading Time(s): 1.6598
Forward Time(s): 0.4596
Backward Time(s): 0.2120
Update Time(s): 0.0043
Emb Update Time(s): 2.6330
#seeds: 6144
#inputs: 1941022
==========================================
Part 2, Epoch Time(s): 5.2762
Sampling Time(s): 0.2727
Loading Time(s): 1.7122
Forward Time(s): 0.4553
Backward Time(s): 0.2010
Update Time(s): 0.0040
Emb Update Time(s): 2.6267
#seeds: 6144
#inputs: 1928449
==========================================
Part 0, Epoch Time(s): 5.2534
Sampling Time(s): 0.3902
Loading Time(s): 1.6823
Forward Time(s): 0.3461
Backward Time(s): 0.1970
Update Time(s): 0.0039
Emb Update Time(s): 2.6273
#seeds: 6144
#inputs: 1929925
=====================



=====================
Part 1, Epoch Time(s): 5.2870
Sampling Time(s): 0.2800
Loading Time(s): 1.4638
Forward Time(s): 0.6837
Backward Time(s): 0.2129
Update Time(s): 0.0040
Emb Update Time(s): 2.6321
#seeds: 6145
#inputs: 1916502
=====================
=====================
Part 19, Epoch Time(s): 5.2712
Sampling Time(s): 0.2879
Loading Time(s): 1.5257
Forward Time(s): 0.6041
Backward Time(s): 0.2119
Update Time(s): 0.0038
Emb Update Time(s): 2.6335
#seeds: 6145
#inputs: 1938189
==========================================
Part 18, Epoch Time(s): 5.2822
Sampling Time(s): 0.2470
Loading Time(s): 1.5748
Forward Time(s): 0.6072
Backward Time(s): 0.2121
Update Time(s): 0.0036
Emb Update Time(s): 2.6334
#seeds: 6144
#inputs: 1935015
==========================================
Part 17, Epoch Time(s): 5.2681
Sampling Time(s): 0.2947
Loading Time(s): 1.4810
Forward Time(s): 0.6389
Backward Time(s): 0.2122
Update Time(s): 0.0037
Emb Update Time(s): 2.6332
#seeds: 6144
#inputs: 1930533
=====================

=====================
Part 16, Epoch Time(s): 5.2837
Sampling Time(s): 0.2845
Loading Time(s): 1.5220
Forward Time(s): 0.6235
Backward Time(s): 0.2125
Update Time(s): 0.0038
Emb Update Time(s): 2.6329
#seeds: 6144
#inputs: 1934545
=====================
=====================
Part 23, Epoch Time(s): 5.2826
Sampling Time(s): 0.2910
Loading Time(s): 1.5086
Forward Time(s): 0.6297
Backward Time(s): 0.2114
Update Time(s): 0.0037
Emb Update Time(s): 2.6338
#seeds: 6144
#inputs: 1947111
==========================================
Part 22, Epoch Time(s): 5.2795
Sampling Time(s): 0.2674
Loading Time(s): 1.5307
Forward Time(s): 0.6278
Backward Time(s): 0.2115
Update Time(s): 0.0038
Emb Update Time(s): 2.6340
#seeds: 6144
#inputs: 1926013
=====================


=====================
Part 21, Epoch Time(s): 5.2617
Sampling Time(s): 0.2979
Loading Time(s): 1.6458
Forward Time(s): 0.4577
Backward Time(s): 0.2116
Update Time(s): 0.0053
Emb Update Time(s): 2.6364
#seeds: 6145
#inputs: 1932748
=====================
=====================
Part 20, Epoch Time(s): 5.2812
Sampling Time(s): 0.2788
Loading Time(s): 1.4974
Forward Time(s): 0.6515
Backward Time(s): 0.2117
Update Time(s): 0.0039
Emb Update Time(s): 2.6336
#seeds: 6144
#inputs: 1916571
=====================
=====================
Part 12, Epoch Time(s): 5.2823
Sampling Time(s): 0.2782
Loading Time(s): 1.6497
Forward Time(s): 0.5008
Backward Time(s): 0.2112
Update Time(s): 0.0043
Emb Update Time(s): 2.6336
#seeds: 6145
#inputs: 2037779
==========================================
Part 11, Epoch Time(s): 5.2824
Sampling Time(s): 0.2718
Loading Time(s): 1.8043
Forward Time(s): 0.3677
Backward Time(s): 0.2008
Update Time(s): 0.0040
Emb Update Time(s): 2.6295
#seeds: 6145
#inputs: 2036768
==========================================
Part 10, Epoch Time(s): 5.2622
Sampling Time(s): 0.2784
Loading Time(s): 1.8737
Forward Time(s): 0.2744
Backward Time(s): 0.2014
Update Time(s): 0.0036
Emb Update Time(s): 2.6264
#seeds: 6144
#inputs: 2046967
=====================
=====================
Part 9, Epoch Time(s): 5.2773
Sampling Time(s): 0.2881
Loading Time(s): 1.9770
Forward Time(s): 0.1820
Backward Time(s): 0.1882
Update Time(s): 0.0042
Emb Update Time(s): 2.6331
#seeds: 6144
#inputs: 2042770
=====================

=====================
Part 15, Epoch Time(s): 5.2536
Sampling Time(s): 0.2976
Loading Time(s): 1.7447
Forward Time(s): 0.3685
Backward Time(s): 0.2004
Update Time(s): 0.0041
Emb Update Time(s): 2.6340
#seeds: 6144
#inputs: 2037426
==========================================
Part 13, Epoch Time(s): 5.2585
Sampling Time(s): 0.3072
Loading Time(s): 1.7939
Forward Time(s): 0.3198
Backward Time(s): 0.1986
Update Time(s): 0.0038
Emb Update Time(s): 2.6310
#seeds: 6144
#inputs: 2043733
==========================================
Part 8, Epoch Time(s): 5.2839
Sampling Time(s): 0.3088
Loading Time(s): 1.9114
Forward Time(s): 0.2267
Backward Time(s): 0.1946
Update Time(s): 0.0048
Emb Update Time(s): 2.6320
#seeds: 6144
#inputs: 2021933
==========================================
Part 14, Epoch Time(s): 5.2597
Sampling Time(s): 0.2861
Loading Time(s): 1.8262
Forward Time(s): 0.2939
Backward Time(s): 0.2111
Update Time(s): 0.0041
Emb Update Time(s): 2.6339
#seeds: 6144
#inputs: 2030194
=====================




=====================
Part 25, Epoch Time(s): 5.2801
Sampling Time(s): 0.2582
Loading Time(s): 1.7000
Forward Time(s): 0.4686
Backward Time(s): 0.2116
Update Time(s): 0.0039
Emb Update Time(s): 2.6337
#seeds: 6144
#inputs: 1974125
=====================
=====================
Part 24, Epoch Time(s): 5.2755
Sampling Time(s): 0.2679
Loading Time(s): 1.8449
Forward Time(s): 0.3089
Backward Time(s): 0.2117
Update Time(s): 0.0040
Emb Update Time(s): 2.6336
#seeds: 6144
#inputs: 1962645
==========================================
Part 28, Epoch Time(s): 5.2767
Sampling Time(s): 0.2594
Loading Time(s): 1.6537
Forward Time(s): 0.5102
Backward Time(s): 0.2110
Update Time(s): 0.0039
Emb Update Time(s): 2.6342
#seeds: 6144
#inputs: 1966072
==========================================
Part 29, Epoch Time(s): 5.2760
Sampling Time(s): 0.2774
Loading Time(s): 1.7707
Forward Time(s): 0.3926
Backward Time(s): 0.1999
Update Time(s): 0.0039
Emb Update Time(s): 2.6272
#seeds: 6144
#inputs: 1970266
==========================================
Part 26, Epoch Time(s): 5.2898
Sampling Time(s): 0.3117
Loading Time(s): 1.9474
Forward Time(s): 0.2053
Backward Time(s): 0.1900
Update Time(s): 0.0046
Emb Update Time(s): 2.6262
#seeds: 6145
#inputs: 1981409
==========================================
Part 27, Epoch Time(s): 5.2722
Sampling Time(s): 0.2908
Loading Time(s): 1.8812
Forward Time(s): 0.2540
Backward Time(s): 0.2037
Update Time(s): 0.0046
Emb Update Time(s): 2.6336
#seeds: 6144
#inputs: 1989052
==========================================
Part 30, Epoch Time(s): 5.2696
Sampling Time(s): 0.2663
Loading Time(s): 1.7744
Forward Time(s): 0.3780
Backward Time(s): 0.2083
Update Time(s): 0.0038
Emb Update Time(s): 2.6345
#seeds: 6144
#inputs: 1981599
=====================





=====================
Part 31, Epoch Time(s): 5.2739
Sampling Time(s): 0.2994
Loading Time(s): 1.7157
Forward Time(s): 0.4031
Backward Time(s): 0.2111
Update Time(s): 0.0060
Emb Update Time(s): 2.6326
#seeds: 6144
#inputs: 1960757
=====================
|V|=2449029, eval batch size: 100000
|V|=2449029, eval batch size: 100000
|V|=2449029, eval batch size: 100000
|V|=2449029, eval batch size: 100000
|V|=2449029, eval batch size: 100000
|V|=2449029, eval batch size: 100000
|V|=2449029, eval batch size: 100000
|V|=2449029, eval batch size: 100000
|V|=2449029, eval batch size: 100000
|V|=2449029, eval batch size: 100000
|V|=2449029, eval batch size: 100000
|V|=2449029, eval batch size: 100000
|V|=2449029, eval batch size: 100000
|V|=2449029, eval batch size: 100000
|V|=2449029, eval batch size: 100000
|V|=2449029, eval batch size: 100000
|V|=2449029, eval batch size: 100000
|V|=2449029, eval batch size: 100000
|V|=2449029, eval batch size: 100000
|V|=2449029, eval batch size: 100000
|V|=2449029, eval batch size: 100000
|V|=2449029, eval batch size: 100000
|V|=2449029, eval batch size: 100000
|V|=2449029, eval batch size: 100000
|V|=2449029, eval batch size: 100000
|V|=2449029, eval batch size: 100000
|V|=2449029, eval batch size: 100000
|V|=2449029, eval batch size: 100000
|V|=2449029, eval batch size: 100000
|V|=2449029, eval batch size: 100000
|V|=2449029, eval batch size: 100000
|V|=2449029, eval batch size: 100000
|V|=2449029, eval batch size: 100000
|V|=2449029, eval batch size: 100000|V|=2449029, eval batch size: 100000

|V|=2449029, eval batch size: 100000
|V|=2449029, eval batch size: 100000|V|=2449029, eval batch size: 100000

|V|=2449029, eval batch size: 100000
|V|=2449029, eval batch size: 100000
|V|=2449029, eval batch size: 100000|V|=2449029, eval batch size: 100000

|V|=2449029, eval batch size: 100000
|V|=2449029, eval batch size: 100000|V|=2449029, eval batch size: 100000

|V|=2449029, eval batch size: 100000
|V|=2449029, eval batch size: 100000|V|=2449029, eval batch size: 100000|V|=2449029, eval batch size: 100000
|V|=2449029, eval batch size: 100000|V|=2449029, eval batch size: 100000



|V|=2449029, eval batch size: 100000|V|=2449029, eval batch size: 100000

|V|=2449029, eval batch size: 100000
|V|=2449029, eval batch size: 100000
|V|=2449029, eval batch size: 100000
|V|=2449029, eval batch size: 100000|V|=2449029, eval batch size: 100000

|V|=2449029, eval batch size: 100000|V|=2449029, eval batch size: 100000

|V|=2449029, eval batch size: 100000
|V|=2449029, eval batch size: 100000
|V|=2449029, eval batch size: 100000
|V|=2449029, eval batch size: 100000
|V|=2449029, eval batch size: 100000|V|=2449029, eval batch size: 100000

|V|=2449029, eval batch size: 100000
|V|=2449029, eval batch size: 100000
|V|=2449029, eval batch size: 100000
|V|=2449029, eval batch size: 100000
|V|=2449029, eval batch size: 100000
|V|=2449029, eval batch size: 100000
|V|=2449029, eval batch size: 100000
|V|=2449029, eval batch size: 100000
|V|=2449029, eval batch size: 100000
|V|=2449029, eval batch size: 100000|V|=2449029, eval batch size: 100000|V|=2449029, eval batch size: 100000
|V|=2449029, eval batch size: 100000


|V|=2449029, eval batch size: 100000
|V|=2449029, eval batch size: 100000
|V|=2449029, eval batch size: 100000
|V|=2449029, eval batch size: 100000
|V|=2449029, eval batch size: 100000
|V|=2449029, eval batch size: 100000|V|=2449029, eval batch size: 100000

|V|=2449029, eval batch size: 100000|V|=2449029, eval batch size: 100000

|V|=2449029, eval batch size: 100000
|V|=2449029, eval batch size: 100000
|V|=2449029, eval batch size: 100000
|V|=2449029, eval batch size: 100000
|V|=2449029, eval batch size: 100000
|V|=2449029, eval batch size: 100000
|V|=2449029, eval batch size: 100000
|V|=2449029, eval batch size: 100000
Part 5, Val Acc 0.9471, Test Acc 0.8036, time: 6.6773
Part 6, Val Acc 0.9308, Test Acc 0.8033, time: 6.6774
Part 23, Val Acc 0.8950, Test Acc 0.7607, time: 6.6797
Part 14, Val Acc 0.8926, Test Acc 0.7220, time: 6.6809
Part 10, Val Acc 0.8788, Test Acc 0.7256, time: 6.6819
Part 8, Val Acc 0.8868, Test Acc 0.7233, time: 6.6825
Part 0, Val Acc 0.9406, Test Acc 0.8024, time: 6.6836
Part 15, Val Acc 0.8869, Test Acc 0.7256, time: 6.6836
Part 17, Val Acc 0.8779, Test Acc 0.7612, time: 6.6842
Part 4, Val Acc 0.9300, Test Acc 0.8044, time: 6.6858
Part 3, Val Acc 0.9471, Test Acc 0.8069, time: 6.6860
Part 1, Val Acc 0.9365, Test Acc 0.8039, time: 6.6861
Part 7, Val Acc 0.9390, Test Acc 0.8043, time: 6.6866
Part 2, Val Acc 0.9373, Test Acc 0.8056, time: 6.6869
Part 18, Val Acc 0.9032, Test Acc 0.7615, time: 6.6871
Part 12, Val Acc 0.9097, Test Acc 0.7242, time: 6.6871
Part 20, Val Acc 0.8852, Test Acc 0.7622, time: 6.6879
Part 9, Val Acc 0.8869, Test Acc 0.7240, time: 6.6883
Part 26, Val Acc 0.9219, Test Acc 0.7547, time: 6.6884
Part 19, Val Acc 0.8812, Test Acc 0.7621, time: 6.6896
Part 13, Val Acc 0.8902, Test Acc 0.7239, time: 6.6907
Part 28, Val Acc 0.9227, Test Acc 0.7525, time: 6.6925
Part 21, Val Acc 0.8836, Test Acc 0.7612, time: 6.6937
Part 30, Val Acc 0.9268, Test Acc 0.7551, time: 6.6938
Part 22, Val Acc 0.8983, Test Acc 0.7626, time: 6.6947
Part 24, Val Acc 0.9300, Test Acc 0.7505, time: 6.6964
Part 11, Val Acc 0.8739, Test Acc 0.7252, time: 6.6984
Part 29, Val Acc 0.9056, Test Acc 0.7525, time: 6.7007
Part 16, Val Acc 0.8950, Test Acc 0.7629, time: 6.7011
Part 25, Val Acc 0.9162, Test Acc 0.7520, time: 6.7018
Part 27, Val Acc 0.9072, Test Acc 0.7525, time: 6.7029
Part 31, Val Acc 0.9024, Test Acc 0.7529, time: 6.7077
All parts avg val acc 0.9083, test acc 0.7608
Part 1 | Epoch 00009 | Step 00000 | Loss 0.2144 | Train Acc 0.9480 | Speed (samples/sec) 1115.9979 | GPU 1924.3 MB | time 0.927 s
Part 5 | Epoch 00009 | Step 00000 | Loss 0.2236 | Train Acc 0.9480 | Speed (samples/sec) 1114.8418 | GPU 1931.6 MB | time 0.936 s
Part 3 | Epoch 00009 | Step 00000 | Loss 0.2117 | Train Acc 0.9460 | Speed (samples/sec) 1115.7321 | GPU 1926.3 MB | time 0.928 s
Part 20 | Epoch 00009 | Step 00000 | Loss 0.4057 | Train Acc 0.8920 | Speed (samples/sec) 1115.4231 | GPU 1966.1 MB | time 0.926 s
Part 23 | Epoch 00009 | Step 00000 | Loss 0.4229 | Train Acc 0.8870 | Speed (samples/sec) 1115.4710 | GPU 1977.5 MB | time 0.934 s
Part 17 | Epoch 00009 | Step 00000 | Loss 0.4040 | Train Acc 0.8930 | Speed (samples/sec) 1116.7232 | GPU 1964.7 MB | time 0.929 s
Part 16 | Epoch 00009 | Step 00000 | Loss 0.4406 | Train Acc 0.8790 | Speed (samples/sec) 1116.6262 | GPU 1960.6 MB | time 0.912 s
Part 4 | Epoch 00009 | Step 00000 | Loss 0.2183 | Train Acc 0.9470 | Speed (samples/sec) 1115.2059 | GPU 1927.8 MB | time 0.928 s
Part 0 | Epoch 00009 | Step 00000 | Loss 0.2073 | Train Acc 0.9480 | Speed (samples/sec) 1119.9264 | GPU 1931.2 MB | time 0.904 s
Part 7 | Epoch 00009 | Step 00000 | Loss 0.2004 | Train Acc 0.9490 | Speed (samples/sec) 1115.2186 | GPU 1925.8 MB | time 0.927 sPart 2 | Epoch 00009 | Step 00000 | Loss 0.2315 | Train Acc 0.9380 | Speed (samples/sec) 1115.1047 | GPU 1943.5 MB | time 0.927 s

Part 11 | Epoch 00009 | Step 00000 | Loss 0.4188 | Train Acc 0.8870 | Speed (samples/sec) 1117.8696 | GPU 2234.7 MB | time 0.915 s
Part 15 | Epoch 00009 | Step 00000 | Loss 0.4243 | Train Acc 0.8810 | Speed (samples/sec) 1118.3307 | GPU 2223.9 MB | time 0.930 s
Part 12 | Epoch 00009 | Step 00000 | Loss 0.3896 | Train Acc 0.8930 | Speed (samples/sec) 1118.1076 | GPU 2223.4 MB | time 0.926 s
Part 29 | Epoch 00009 | Step 00000 | Loss 0.2711 | Train Acc 0.9280 | Speed (samples/sec) 1117.4980 | GPU 2068.1 MB | time 0.913 s
Part 24 | Epoch 00009 | Step 00000 | Loss 0.3329 | Train Acc 0.9100 | Speed (samples/sec) 1116.7359 | GPU 2057.3 MB | time 0.917 s
Part 25 | Epoch 00009 | Step 00000 | Loss 0.2693 | Train Acc 0.9330 | Speed (samples/sec) 1117.2640 | GPU 2066.5 MB | time 0.912 sPart 28 | Epoch 00009 | Step 00000 | Loss 0.2978 | Train Acc 0.9300 | Speed (samples/sec) 1117.5763 | GPU 2077.0 MB | time 0.921 s

Part 27 | Epoch 00009 | Step 00000 | Loss 0.3175 | Train Acc 0.9220 | Speed (samples/sec) 1117.8256 | GPU 2060.3 MB | time 0.911 s
Part 31 | Epoch 00009 | Step 00000 | Loss 0.2883 | Train Acc 0.9300 | Speed (samples/sec) 1118.1019 | GPU 2073.8 MB | time 0.904 s
Part 13 | Epoch 00009 | Step 00000 | Loss 0.3768 | Train Acc 0.8970 | Speed (samples/sec) 1117.2879 | GPU 2220.6 MB | time 0.923 s
Part 10 | Epoch 00009 | Step 00000 | Loss 0.4061 | Train Acc 0.9010 | Speed (samples/sec) 1116.9411 | GPU 2214.2 MB | time 0.932 s
Part 18 | Epoch 00009 | Step 00000 | Loss 0.3799 | Train Acc 0.9010 | Speed (samples/sec) 1116.5945 | GPU 1971.3 MB | time 0.927 s
Part 19 | Epoch 00009 | Step 00000 | Loss 0.3996 | Train Acc 0.8950 | Speed (samples/sec) 1117.1163 | GPU 1966.6 MB | time 0.924 s
Part 14 | Epoch 00009 | Step 00000 | Loss 0.4286 | Train Acc 0.8850 | Speed (samples/sec) 1117.0399 | GPU 2225.8 MB | time 0.933 s
Part 8 | Epoch 00009 | Step 00000 | Loss 0.3693 | Train Acc 0.9010 | Speed (samples/sec) 1116.5756 | GPU 2210.4 MB | time 0.931 s
Part 30 | Epoch 00009 | Step 00000 | Loss 0.2926 | Train Acc 0.9320 | Speed (samples/sec) 1117.1760 | GPU 2058.6 MB | time 0.920 s
Part 21 | Epoch 00009 | Step 00000 | Loss 0.4040 | Train Acc 0.8950 | Speed (samples/sec) 1117.2243 | GPU 1973.3 MB | time 0.920 s
Part 6 | Epoch 00009 | Step 00000 | Loss 0.2500 | Train Acc 0.9320 | Speed (samples/sec) 1114.7751 | GPU 1921.8 MB | time 0.936 s
Part 9 | Epoch 00009 | Step 00000 | Loss 0.3813 | Train Acc 0.9000 | Speed (samples/sec) 1116.9319 | GPU 2226.2 MB | time 0.925 s
Part 26 | Epoch 00009 | Step 00000 | Loss 0.3001 | Train Acc 0.9240 | Speed (samples/sec) 1117.5855 | GPU 2066.7 MB | time 0.925 s
Part 22 | Epoch 00009 | Step 00000 | Loss 0.3517 | Train Acc 0.9030 | Speed (samples/sec) 1116.0259 | GPU 1976.0 MB | time 0.919 s
Avg train acc 0.9142
=====================
Part 1, Epoch Time(s): 4.9057
Sampling Time(s): 0.2785
Loading Time(s): 1.6294
Forward Time(s): 0.5151
Backward Time(s): 0.2035
Update Time(s): 0.0039
Emb Update Time(s): 2.2667
#seeds: 6145
#inputs: 1917901
=====================
=====================
Part 5, Epoch Time(s): 4.9144
Sampling Time(s): 0.2831
Loading Time(s): 1.5428
Forward Time(s): 0.5956
Backward Time(s): 0.2132
Update Time(s): 0.0038
Emb Update Time(s): 2.2673
#seeds: 6145
#inputs: 1931087
==========================================
Part 3, Epoch Time(s): 4.9058
Sampling Time(s): 0.3433
Loading Time(s): 1.7922
Forward Time(s): 0.2993
Backward Time(s): 0.1952
Update Time(s): 0.0046
Emb Update Time(s): 2.2625
#seeds: 6144
#inputs: 1923371
==========================================
Part 7, Epoch Time(s): 4.9052
Sampling Time(s): 0.3376
Loading Time(s): 1.6099
Forward Time(s): 0.4730
Backward Time(s): 0.2050
Update Time(s): 0.0038
Emb Update Time(s): 2.2673
#seeds: 6144
#inputs: 1934132
==========================================
Part 2, Epoch Time(s): 4.9049
Sampling Time(s): 0.2772
Loading Time(s): 1.6286
Forward Time(s): 0.5059
Backward Time(s): 0.2135
Update Time(s): 0.0040
Emb Update Time(s): 2.2670
#seeds: 6144
#inputs: 1926156
=====================
=====================
Part 6, Epoch Time(s): 4.9142
Sampling Time(s): 0.3084
Loading Time(s): 1.7551
Forward Time(s): 0.3575
Backward Time(s): 0.2131
Update Time(s): 0.0039
Emb Update Time(s): 2.2673
#seeds: 6144
#inputs: 1942432
==========================================
Part 0, Epoch Time(s): 4.8823
Sampling Time(s): 0.3672
Loading Time(s): 1.4665
Forward Time(s): 0.5635
Backward Time(s): 0.2046
Update Time(s): 0.0038
Emb Update Time(s): 2.2672
#seeds: 6144
#inputs: 1934164
==========================================
Part 4, Epoch Time(s): 4.9060
Sampling Time(s): 0.2729
Loading Time(s): 1.7295
Forward Time(s): 0.4292
Backward Time(s): 0.2003
Update Time(s): 0.0038
Emb Update Time(s): 2.2616
#seeds: 6144
#inputs: 1924380
=====================





=====================
Part 17, Epoch Time(s): 4.9076
Sampling Time(s): 0.2684
Loading Time(s): 1.5868
Forward Time(s): 0.5693
Backward Time(s): 0.2036
Update Time(s): 0.0036
Emb Update Time(s): 2.2674
#seeds: 6144
#inputs: 1922030
==========================================
Part 19, Epoch Time(s): 4.9022
Sampling Time(s): 0.2736
Loading Time(s): 1.4671
Forward Time(s): 0.6680
Backward Time(s): 0.2131
Update Time(s): 0.0039
Emb Update Time(s): 2.2677
#seeds: 6145
#inputs: 1933708
==========================================
Part 23, Epoch Time(s): 4.9120
Sampling Time(s): 0.3089
Loading Time(s): 1.5965
Forward Time(s): 0.5135
Backward Time(s): 0.2124
Update Time(s): 0.0040
Emb Update Time(s): 2.2683
#seeds: 6144
#inputs: 1944989
=====================

=====================
Part 18, Epoch Time(s): 4.9047
Sampling Time(s): 0.2534
Loading Time(s): 1.7134
Forward Time(s): 0.4443
Backward Time(s): 0.2133
Update Time(s): 0.0037
Emb Update Time(s): 2.2680
#seeds: 6144
#inputs: 1945127
=====================
=====================
Part 16, Epoch Time(s): 4.8905
Sampling Time(s): 0.2990
Loading Time(s): 1.7063
Forward Time(s): 0.3915
Backward Time(s): 0.2138
Update Time(s): 0.0037
Emb Update Time(s): 2.2676
#seeds: 6144
#inputs: 1939171
==========================================
Part 20, Epoch Time(s): 4.9038
Sampling Time(s): 0.2715
Loading Time(s): 1.5613
Forward Time(s): 0.5776
Backward Time(s): 0.2130
Update Time(s): 0.0038
Emb Update Time(s): 2.2681
#seeds: 6144
#inputs: 1913106
=====================
=====================
Part 21, Epoch Time(s): 4.8977
Sampling Time(s): 0.2821
Loading Time(s): 1.5624
Forward Time(s): 0.5593
Backward Time(s): 0.2129
Update Time(s): 0.0044
Emb Update Time(s): 2.2676
#seeds: 6145
#inputs: 1932422
=====================


=====================
Part 22, Epoch Time(s): 4.8970
Sampling Time(s): 0.2846
Loading Time(s): 1.6871
Forward Time(s): 0.4310
Backward Time(s): 0.2126
Update Time(s): 0.0040
Emb Update Time(s): 2.2686
#seeds: 6144
#inputs: 1931225
=====================
=====================
Part 24, Epoch Time(s): 4.8953
Sampling Time(s): 0.2813
Loading Time(s): 1.7616
Forward Time(s): 0.3776
Backward Time(s): 0.2001
Update Time(s): 0.0039
Emb Update Time(s): 2.2623
#seeds: 6144
#inputs: 1961749
==========================================
Part 28, Epoch Time(s): 4.8992
Sampling Time(s): 0.2951
Loading Time(s): 1.5746
Forward Time(s): 0.5427
Backward Time(s): 0.2060
Update Time(s): 0.0039
Emb Update Time(s): 2.2685
#seeds: 6144
#inputs: 1961011
==========================================
Part 25, Epoch Time(s): 4.8899
Sampling Time(s): 0.2704
Loading Time(s): 1.7874
Forward Time(s): 0.3572
Backward Time(s): 0.2010
Update Time(s): 0.0039
Emb Update Time(s): 2.2614
#seeds: 6144
#inputs: 1979653
==========================================
Part 30, Epoch Time(s): 4.8979
Sampling Time(s): 0.2815
Loading Time(s): 1.7974
Forward Time(s): 0.3256
Backward Time(s): 0.2122
Update Time(s): 0.0039
Emb Update Time(s): 2.2688
#seeds: 6144
#inputs: 1978496
==========================================
Part 27, Epoch Time(s): 4.8888
Sampling Time(s): 0.2849
Loading Time(s): 1.7614
Forward Time(s): 0.3600
Backward Time(s): 0.2016
Update Time(s): 0.0043
Emb Update Time(s): 2.2681
#seeds: 6144
#inputs: 1981647
=====================




=====================
Part 31, Epoch Time(s): 4.8825
Sampling Time(s): 0.3039
Loading Time(s): 1.7052
Forward Time(s): 0.3808
Backward Time(s): 0.2113
Update Time(s): 0.0042
Emb Update Time(s): 2.2684
#seeds: 6144
#inputs: 1961110
==========================================
Part 29, Epoch Time(s): 4.8911
Sampling Time(s): 0.2975
Loading Time(s): 1.7853
Forward Time(s): 0.3165
Backward Time(s): 0.2111
Update Time(s): 0.0041
Emb Update Time(s): 2.2682
#seeds: 6144
#inputs: 1967703
==========================================
Part 26, Epoch Time(s): 4.9032
Sampling Time(s): 0.2829
Loading Time(s): 1.7726
Forward Time(s): 0.3605
Backward Time(s): 0.2049
Update Time(s): 0.0042
Emb Update Time(s): 2.2687
#seeds: 6145
#inputs: 1976037
=====================


=====================
Part 11, Epoch Time(s): 4.8934
Sampling Time(s): 0.2617
Loading Time(s): 1.7128
Forward Time(s): 0.4258
Backward Time(s): 0.2125
Update Time(s): 0.0039
Emb Update Time(s): 2.2683
#seeds: 6145
#inputs: 2032450
==========================================
Part 10, Epoch Time(s): 4.9098
Sampling Time(s): 0.2689
Loading Time(s): 1.8441
Forward Time(s): 0.3395
Backward Time(s): 0.1904
Update Time(s): 0.0035
Emb Update Time(s): 2.2550
#seeds: 6144
#inputs: 2047509
==========================================
Part 9, Epoch Time(s): 4.9035
Sampling Time(s): 0.2855
Loading Time(s): 1.7561
Forward Time(s): 0.3680
Backward Time(s): 0.2127
Update Time(s): 0.0043
Emb Update Time(s): 2.2679
#seeds: 6144
#inputs: 2045859
==========================================
Part 13, Epoch Time(s): 4.9010
Sampling Time(s): 0.2665
Loading Time(s): 1.8869
Forward Time(s): 0.2888
Backward Time(s): 0.1918
Update Time(s): 0.0038
Emb Update Time(s): 2.2546
#seeds: 6144
#inputs: 2040415
=====================


=====================
Part 14, Epoch Time(s): 4.9109
Sampling Time(s): 0.2675
Loading Time(s): 1.7587
Forward Time(s): 0.3914
Backward Time(s): 0.2123
Update Time(s): 0.0039
Emb Update Time(s): 2.2687
#seeds: 6144
#inputs: 2034099
==========================================
Part 8, Epoch Time(s): 4.9091
Sampling Time(s): 0.2936
Loading Time(s): 1.7851
Forward Time(s): 0.3545
Backward Time(s): 0.2014
Update Time(s): 0.0044
Emb Update Time(s): 2.2614
#seeds: 6144
#inputs: 2019781
=====================
=====================
Part 12, Epoch Time(s): 4.9044
Sampling Time(s): 0.3001
Loading Time(s): 1.7516
Forward Time(s): 0.3593
Backward Time(s): 0.2124
Update Time(s): 0.0044
Emb Update Time(s): 2.2680
#seeds: 6145
#inputs: 2030968
=====================


=====================
Part 15, Epoch Time(s): 4.9083
Sampling Time(s): 0.2769
Loading Time(s): 1.8243
Forward Time(s): 0.3213
Backward Time(s): 0.2047
Update Time(s): 0.0044
Emb Update Time(s): 2.2682
#seeds: 6144
#inputs: 2044194
=====================
|V|=2449029, eval batch size: 100000
|V|=2449029, eval batch size: 100000
|V|=2449029, eval batch size: 100000
|V|=2449029, eval batch size: 100000
|V|=2449029, eval batch size: 100000
|V|=2449029, eval batch size: 100000
|V|=2449029, eval batch size: 100000
|V|=2449029, eval batch size: 100000
|V|=2449029, eval batch size: 100000
|V|=2449029, eval batch size: 100000
|V|=2449029, eval batch size: 100000
|V|=2449029, eval batch size: 100000
|V|=2449029, eval batch size: 100000
|V|=2449029, eval batch size: 100000
|V|=2449029, eval batch size: 100000
|V|=2449029, eval batch size: 100000
|V|=2449029, eval batch size: 100000
|V|=2449029, eval batch size: 100000
|V|=2449029, eval batch size: 100000
|V|=2449029, eval batch size: 100000
|V|=2449029, eval batch size: 100000
|V|=2449029, eval batch size: 100000
|V|=2449029, eval batch size: 100000
|V|=2449029, eval batch size: 100000
|V|=2449029, eval batch size: 100000
|V|=2449029, eval batch size: 100000
|V|=2449029, eval batch size: 100000
|V|=2449029, eval batch size: 100000
|V|=2449029, eval batch size: 100000
|V|=2449029, eval batch size: 100000
|V|=2449029, eval batch size: 100000
|V|=2449029, eval batch size: 100000
|V|=2449029, eval batch size: 100000
|V|=2449029, eval batch size: 100000
|V|=2449029, eval batch size: 100000|V|=2449029, eval batch size: 100000|V|=2449029, eval batch size: 100000


|V|=2449029, eval batch size: 100000
|V|=2449029, eval batch size: 100000
|V|=2449029, eval batch size: 100000
|V|=2449029, eval batch size: 100000|V|=2449029, eval batch size: 100000

|V|=2449029, eval batch size: 100000
|V|=2449029, eval batch size: 100000|V|=2449029, eval batch size: 100000

|V|=2449029, eval batch size: 100000|V|=2449029, eval batch size: 100000

|V|=2449029, eval batch size: 100000
|V|=2449029, eval batch size: 100000
|V|=2449029, eval batch size: 100000
|V|=2449029, eval batch size: 100000|V|=2449029, eval batch size: 100000

|V|=2449029, eval batch size: 100000|V|=2449029, eval batch size: 100000

|V|=2449029, eval batch size: 100000
|V|=2449029, eval batch size: 100000
|V|=2449029, eval batch size: 100000
|V|=2449029, eval batch size: 100000
|V|=2449029, eval batch size: 100000
|V|=2449029, eval batch size: 100000|V|=2449029, eval batch size: 100000

|V|=2449029, eval batch size: 100000
|V|=2449029, eval batch size: 100000
|V|=2449029, eval batch size: 100000
|V|=2449029, eval batch size: 100000
|V|=2449029, eval batch size: 100000
|V|=2449029, eval batch size: 100000
|V|=2449029, eval batch size: 100000
|V|=2449029, eval batch size: 100000
|V|=2449029, eval batch size: 100000
|V|=2449029, eval batch size: 100000
|V|=2449029, eval batch size: 100000
|V|=2449029, eval batch size: 100000
|V|=2449029, eval batch size: 100000
|V|=2449029, eval batch size: 100000|V|=2449029, eval batch size: 100000

|V|=2449029, eval batch size: 100000
|V|=2449029, eval batch size: 100000
|V|=2449029, eval batch size: 100000|V|=2449029, eval batch size: 100000|V|=2449029, eval batch size: 100000|V|=2449029, eval batch size: 100000



|V|=2449029, eval batch size: 100000
|V|=2449029, eval batch size: 100000
|V|=2449029, eval batch size: 100000
|V|=2449029, eval batch size: 100000|V|=2449029, eval batch size: 100000

|V|=2449029, eval batch size: 100000
|V|=2449029, eval batch size: 100000
|V|=2449029, eval batch size: 100000
|V|=2449029, eval batch size: 100000
|V|=2449029, eval batch size: 100000
|V|=2449029, eval batch size: 100000
|V|=2449029, eval batch size: 100000
|V|=2449029, eval batch size: 100000
|V|=2449029, eval batch size: 100000
Part 5, Val Acc 0.9463, Test Acc 0.8056, time: 6.7686
Part 20, Val Acc 0.8884, Test Acc 0.7662, time: 6.7752
Part 9, Val Acc 0.8877, Test Acc 0.7270, time: 6.7795
Part 24, Val Acc 0.9308, Test Acc 0.7611, time: 6.7810
Part 6, Val Acc 0.9317, Test Acc 0.8055, time: 6.7817
Part 27, Val Acc 0.9072, Test Acc 0.7637, time: 6.7819
Part 29, Val Acc 0.9040, Test Acc 0.7631, time: 6.7827
Part 1, Val Acc 0.9373, Test Acc 0.8055, time: 6.7829
Part 16, Val Acc 0.8967, Test Acc 0.7673, time: 6.7838
Part 19, Val Acc 0.8828, Test Acc 0.7659, time: 6.7839
Part 0, Val Acc 0.9414, Test Acc 0.8044, time: 6.7845
Part 4, Val Acc 0.9308, Test Acc 0.8061, time: 6.7847
Part 22, Val Acc 0.8991, Test Acc 0.7666, time: 6.7846
Part 3, Val Acc 0.9487, Test Acc 0.8087, time: 6.7850
Part 7, Val Acc 0.9406, Test Acc 0.8058, time: 6.7855
Part 2, Val Acc 0.9373, Test Acc 0.8072, time: 6.7855
Part 17, Val Acc 0.8804, Test Acc 0.7648, time: 6.7879
Part 18, Val Acc 0.9056, Test Acc 0.7655, time: 6.7881
Part 23, Val Acc 0.8959, Test Acc 0.7654, time: 6.7883
Part 8, Val Acc 0.8884, Test Acc 0.7267, time: 6.7885
Part 28, Val Acc 0.9243, Test Acc 0.7631, time: 6.7902
Part 10, Val Acc 0.8820, Test Acc 0.7291, time: 6.7920
Part 21, Val Acc 0.8885, Test Acc 0.7652, time: 6.7927
Part 31, Val Acc 0.9032, Test Acc 0.7644, time: 6.7951
Part 30, Val Acc 0.9284, Test Acc 0.7657, time: 6.7953
Part 11, Val Acc 0.8771, Test Acc 0.7283, time: 6.7985
Part 14, Val Acc 0.8910, Test Acc 0.7251, time: 6.7986
Part 13, Val Acc 0.8902, Test Acc 0.7270, time: 6.8014
Part 15, Val Acc 0.8926, Test Acc 0.7283, time: 6.8026
Part 25, Val Acc 0.9194, Test Acc 0.7638, time: 6.8078
Part 26, Val Acc 0.9268, Test Acc 0.7655, time: 6.8097
Part 12, Val Acc 0.9089, Test Acc 0.7275, time: 6.8119
All parts avg val acc 0.9098, test acc 0.7658
Part 6 | Epoch 00010 | Step 00000 | Loss 0.1944 | Train Acc 0.9450 | Speed (samples/sec) 1123.6065 | GPU 1921.8 MB | time 0.969 s
Part 5 | Epoch 00010 | Step 00000 | Loss 0.2105 | Train Acc 0.9430 | Speed (samples/sec) 1123.5216 | GPU 1931.6 MB | time 0.982 s
Part 4 | Epoch 00010 | Step 00000 | Loss 0.2017 | Train Acc 0.9490 | Speed (samples/sec) 1124.0251 | GPU 1927.8 MB | time 0.966 s
Part 7 | Epoch 00010 | Step 00000 | Loss 0.1901 | Train Acc 0.9460 | Speed (samples/sec) 1124.0490 | GPU 1925.8 MB | time 0.965 s
Part 2 | Epoch 00010 | Step 00000 | Loss 0.1442 | Train Acc 0.9650 | Speed (samples/sec) 1123.9520 | GPU 1943.5 MB | time 0.965 s
Part 1 | Epoch 00010 | Step 00000 | Loss 0.2710 | Train Acc 0.9310 | Speed (samples/sec) 1124.7744 | GPU 1924.3 MB | time 0.968 s
Part 17 | Epoch 00010 | Step 00000 | Loss 0.3943 | Train Acc 0.9010 | Speed (samples/sec) 1125.4380 | GPU 1964.7 MB | time 0.963 sPart 16 | Epoch 00010 | Step 00000 | Loss 0.3849 | Train Acc 0.9010 | Speed (samples/sec) 1125.2844 | GPU 1960.6 MB | time 0.967 s

Part 22 | Epoch 00010 | Step 00000 | Loss 0.3592 | Train Acc 0.9040 | Speed (samples/sec) 1124.7730 | GPU 1978.6 MB | time 0.966 s
Part 23 | Epoch 00010 | Step 00000 | Loss 0.3960 | Train Acc 0.8980 | Speed (samples/sec) 1124.3160 | GPU 1977.5 MB | time 0.962 s
Part 19 | Epoch 00010 | Step 00000 | Loss 0.3569 | Train Acc 0.9060 | Speed (samples/sec) 1125.7903 | GPU 1966.6 MB | time 0.967 sPart 20 | Epoch 00010 | Step 00000 | Loss 0.3457 | Train Acc 0.9160 | Speed (samples/sec) 1124.0665 | GPU 1966.1 MB | time 0.976 s

Part 31 | Epoch 00010 | Step 00000 | Loss 0.2957 | Train Acc 0.9220 | Speed (samples/sec) 1126.7934 | GPU 2073.8 MB | time 0.955 s
Part 25 | Epoch 00010 | Step 00000 | Loss 0.2813 | Train Acc 0.9220 | Speed (samples/sec) 1126.2420 | GPU 2066.5 MB | time 0.943 sPart 24 | Epoch 00010 | Step 00000 | Loss 0.2765 | Train Acc 0.9300 | Speed (samples/sec) 1125.3373 | GPU 2057.3 MB | time 0.970 s
Part 30 | Epoch 00010 | Step 00000 | Loss 0.2885 | Train Acc 0.9210 | Speed (samples/sec) 1125.9593 | GPU 2058.6 MB | time 0.955 s

Part 29 | Epoch 00010 | Step 00000 | Loss 0.2464 | Train Acc 0.9370 | Speed (samples/sec) 1126.0493 | GPU 2068.1 MB | time 0.968 s
Part 8 | Epoch 00010 | Step 00000 | Loss 0.3051 | Train Acc 0.9200 | Speed (samples/sec) 1125.3177 | GPU 2210.4 MB | time 0.962 sPart 14 | Epoch 00010 | Step 00000 | Loss 0.3998 | Train Acc 0.8980 | Speed (samples/sec) 1125.8988 | GPU 2225.8 MB | time 0.952 sPart 13 | Epoch 00010 | Step 00000 | Loss 0.4138 | Train Acc 0.8840 | Speed (samples/sec) 1126.1599 | GPU 2220.6 MB | time 0.949 s


Part 9 | Epoch 00010 | Step 00000 | Loss 0.3698 | Train Acc 0.9020 | Speed (samples/sec) 1125.5040 | GPU 2226.2 MB | time 0.971 s
Part 15 | Epoch 00010 | Step 00000 | Loss 0.4015 | Train Acc 0.8900 | Speed (samples/sec) 1127.1164 | GPU 2223.9 MB | time 0.948 s
Part 18 | Epoch 00010 | Step 00000 | Loss 0.3402 | Train Acc 0.9160 | Speed (samples/sec) 1125.3252 | GPU 1971.3 MB | time 0.963 s
Part 0 | Epoch 00010 | Step 00000 | Loss 0.2742 | Train Acc 0.9270 | Speed (samples/sec) 1128.7357 | GPU 1931.2 MB | time 0.938 s
Part 27 | Epoch 00010 | Step 00000 | Loss 0.2494 | Train Acc 0.9360 | Speed (samples/sec) 1126.3234 | GPU 2060.3 MB | time 0.969 s
Part 28 | Epoch 00010 | Step 00000 | Loss 0.2373 | Train Acc 0.9390 | Speed (samples/sec) 1126.2343 | GPU 2077.0 MB | time 0.960 s
Part 26 | Epoch 00010 | Step 00000 | Loss 0.2613 | Train Acc 0.9390 | Speed (samples/sec) 1126.6642 | GPU 2066.7 MB | time 0.941 s
Part 10 | Epoch 00010 | Step 00000 | Loss 0.3949 | Train Acc 0.8870 | Speed (samples/sec) 1125.7019 | GPU 2214.2 MB | time 0.958 sPart 11 | Epoch 00010 | Step 00000 | Loss 0.3723 | Train Acc 0.9040 | Speed (samples/sec) 1126.6926 | GPU 2234.7 MB | time 0.952 s

Part 12 | Epoch 00010 | Step 00000 | Loss 0.3931 | Train Acc 0.8900 | Speed (samples/sec) 1127.1396 | GPU 2223.4 MB | time 0.939 s
Part 21 | Epoch 00010 | Step 00000 | Loss 0.3514 | Train Acc 0.9000 | Speed (samples/sec) 1126.0374 | GPU 1973.3 MB | time 0.958 s
Part 3 | Epoch 00010 | Step 00000 | Loss 0.1818 | Train Acc 0.9480 | Speed (samples/sec) 1124.5081 | GPU 1926.3 MB | time 0.966 s
Avg train acc 0.9193
=====================
Part 0, Epoch Time(s): 4.5574
Sampling Time(s): 0.3570
Loading Time(s): 1.5693
Forward Time(s): 0.4832
Backward Time(s): 0.2206
Update Time(s): 0.0036
Emb Update Time(s): 1.9191
#seeds: 6144
#inputs: 1932176
=====================
=====================
Part 3, Epoch Time(s): 4.5846
Sampling Time(s): 0.3486
Loading Time(s): 1.6966
Forward Time(s): 0.3913
Backward Time(s): 0.2203
Update Time(s): 0.0041
Emb Update Time(s): 1.9190
#seeds: 6144
#inputs: 1926773
==========================================
Part 4, Epoch Time(s): 4.5851
Sampling Time(s): 0.2914
Loading Time(s): 1.7858
Forward Time(s): 0.3601
Backward Time(s): 0.2198
Update Time(s): 0.0036
Emb Update Time(s): 1.9201
#seeds: 6144
#inputs: 1931003
==========================================
Part 6, Epoch Time(s): 4.5877
Sampling Time(s): 0.2719
Loading Time(s): 1.6792
Forward Time(s): 0.4890
Backward Time(s): 0.2196
Update Time(s): 0.0037
Emb Update Time(s): 1.9200
#seeds: 6144
#inputs: 1938407
=====================
=====================
Part 5, Epoch Time(s): 4.6011
Sampling Time(s): 0.2642
Loading Time(s): 1.5447
Forward Time(s): 0.6447
Backward Time(s): 0.2197
Update Time(s): 0.0037
Emb Update Time(s): 1.9199
#seeds: 6145
#inputs: 1931821
==========================================
Part 7, Epoch Time(s): 4.5843
Sampling Time(s): 0.3097
Loading Time(s): 1.6695
Forward Time(s): 0.4569
Backward Time(s): 0.2193
Update Time(s): 0.0039
Emb Update Time(s): 1.9207
#seeds: 6144
#inputs: 1936185
==========================================
Part 1, Epoch Time(s): 4.5869
Sampling Time(s): 0.2642
Loading Time(s): 1.4212
Forward Time(s): 0.7540
Backward Time(s): 0.2203
Update Time(s): 0.0042
Emb Update Time(s): 1.9185
#seeds: 6145
#inputs: 1915799
=====================

=====================
Part 2, Epoch Time(s): 4.5843
Sampling Time(s): 0.2898
Loading Time(s): 1.6568
Forward Time(s): 0.4922
Backward Time(s): 0.2185
Update Time(s): 0.0037
Emb Update Time(s): 1.9191
#seeds: 6144
#inputs: 1918648
=====================



=====================
Part 17, Epoch Time(s): 4.5818
Sampling Time(s): 0.2526
Loading Time(s): 1.5349
Forward Time(s): 0.6468
Backward Time(s): 0.2192
Update Time(s): 0.0044
Emb Update Time(s): 1.9198
#seeds: 6144
#inputs: 1927536
==========================================
Part 19, Epoch Time(s): 4.5858
Sampling Time(s): 0.2770
Loading Time(s): 1.5294
Forward Time(s): 0.6318
Backward Time(s): 0.2189
Update Time(s): 0.0038
Emb Update Time(s): 1.9207
#seeds: 6145
#inputs: 1942990
=====================

=====================
Part 18, Epoch Time(s): 4.5817
Sampling Time(s): 0.2627
Loading Time(s): 1.6355
Forward Time(s): 0.5359
Backward Time(s): 0.2191
Update Time(s): 0.0037
Emb Update Time(s): 1.9205
#seeds: 6144
#inputs: 1937572
==========================================
Part 21, Epoch Time(s): 4.5769
Sampling Time(s): 0.2556
Loading Time(s): 1.5074
Forward Time(s): 0.6743
Backward Time(s): 0.2106
Update Time(s): 0.0040
Emb Update Time(s): 1.9206
#seeds: 6145
#inputs: 1929913
=====================

=====================
Part 16, Epoch Time(s): 4.5859
Sampling Time(s): 0.2522
Loading Time(s): 1.5486
Forward Time(s): 0.6379
Backward Time(s): 0.2196
Update Time(s): 0.0037
Emb Update Time(s): 1.9199
#seeds: 6144
#inputs: 1934941
==========================================
Part 20, Epoch Time(s): 4.5946
Sampling Time(s): 0.2578
Loading Time(s): 1.4920
Forward Time(s): 0.6975
Backward Time(s): 0.2187
Update Time(s): 0.0036
Emb Update Time(s): 1.9208
#seeds: 6144
#inputs: 1910021
==========================================
Part 23, Epoch Time(s): 4.5816
Sampling Time(s): 0.2515
Loading Time(s): 1.6982
Forward Time(s): 0.4846
Backward Time(s): 0.2185
Update Time(s): 0.0041
Emb Update Time(s): 1.9206
#seeds: 6144
#inputs: 1941791
==========================================
Part 22, Epoch Time(s): 4.5851
Sampling Time(s): 0.2612
Loading Time(s): 1.5734
Forward Time(s): 0.6029
Backward Time(s): 0.2187
Update Time(s): 0.0040
Emb Update Time(s): 1.9206
#seeds: 6144
#inputs: 1927699
=====================



=====================
Part 27, Epoch Time(s): 4.5879
Sampling Time(s): 0.2879
Loading Time(s): 1.8485
Forward Time(s): 0.3099
Backward Time(s): 0.2119
Update Time(s): 0.0039
Emb Update Time(s): 1.9215
#seeds: 6144
#inputs: 1986188
==========================================
Part 25, Epoch Time(s): 4.5620
Sampling Time(s): 0.2618
Loading Time(s): 1.6964
Forward Time(s): 0.4583
Backward Time(s): 0.2162
Update Time(s): 0.0036
Emb Update Time(s): 1.9215
#seeds: 6144
#inputs: 1970822
==========================================
Part 30, Epoch Time(s): 4.5743
Sampling Time(s): 0.2722
Loading Time(s): 1.8726
Forward Time(s): 0.2997
Backward Time(s): 0.2051
Update Time(s): 0.0037
Emb Update Time(s): 1.9167
#seeds: 6144
#inputs: 1978182
==========================================
Part 24, Epoch Time(s): 4.5888
Sampling Time(s): 0.2675
Loading Time(s): 1.7704
Forward Time(s): 0.4030
Backward Time(s): 0.2190
Update Time(s): 0.0036
Emb Update Time(s): 1.9211
#seeds: 6144
#inputs: 1956595
==========================================
Part 28, Epoch Time(s): 4.5795
Sampling Time(s): 0.2620
Loading Time(s): 1.7026
Forward Time(s): 0.4678
Backward Time(s): 0.2170
Update Time(s): 0.0037
Emb Update Time(s): 1.9218
#seeds: 6144
#inputs: 1965354
==========================================
Part 29, Epoch Time(s): 4.5868
Sampling Time(s): 0.2895
Loading Time(s): 1.7108
Forward Time(s): 0.4473
Backward Time(s): 0.2101
Update Time(s): 0.0040
Emb Update Time(s): 1.9210
#seeds: 6144
#inputs: 1967894
==========================================
Part 26, Epoch Time(s): 4.5598
Sampling Time(s): 0.3262
Loading Time(s): 1.7526
Forward Time(s): 0.3346
Backward Time(s): 0.2168
Update Time(s): 0.0041
Emb Update Time(s): 1.9210
#seeds: 6145
#inputs: 1979426
=====================



=====================
Part 31, Epoch Time(s): 4.5745
Sampling Time(s): 0.3070
Loading Time(s): 1.7552
Forward Time(s): 0.3664
Backward Time(s): 0.2164
Update Time(s): 0.0043
Emb Update Time(s): 1.9208
#seeds: 6144
#inputs: 1965504
=====================



=====================
Part 10, Epoch Time(s): 4.5773
Sampling Time(s): 0.2728
Loading Time(s): 1.7819
Forward Time(s): 0.3747
Backward Time(s): 0.2186
Update Time(s): 0.0038
Emb Update Time(s): 1.9212
#seeds: 6144
#inputs: 2047756
==========================================
Part 12, Epoch Time(s): 4.5576
Sampling Time(s): 0.2690
Loading Time(s): 1.8057
Forward Time(s): 0.3546
Backward Time(s): 0.2060
Update Time(s): 0.0039
Emb Update Time(s): 1.9139
#seeds: 6145
#inputs: 2031495
==========================================
Part 11, Epoch Time(s): 4.5712
Sampling Time(s): 0.2588
Loading Time(s): 1.7068
Forward Time(s): 0.4747
Backward Time(s): 0.2054
Update Time(s): 0.0043
Emb Update Time(s): 1.9170
#seeds: 6145
#inputs: 2035931
==========================================
Part 9, Epoch Time(s): 4.5902
Sampling Time(s): 0.2854
Loading Time(s): 1.8660
Forward Time(s): 0.3275
Backward Time(s): 0.1949
Update Time(s): 0.0044
Emb Update Time(s): 1.9077
#seeds: 6144
#inputs: 2049298
==========================================
Part 15, Epoch Time(s): 4.5670
Sampling Time(s): 0.2858
Loading Time(s): 1.8724
Forward Time(s): 0.2673
Backward Time(s): 0.2116
Update Time(s): 0.0041
Emb Update Time(s): 1.9213
#seeds: 6144
#inputs: 2042882
=====================
=====================
Part 13, Epoch Time(s): 4.5684
Sampling Time(s): 0.2695
Loading Time(s): 1.8903
Forward Time(s): 0.2869
Backward Time(s): 0.1941
Update Time(s): 0.0039
Emb Update Time(s): 1.9195
#seeds: 6144
#inputs: 2037201
=====================



=====================
Part 14, Epoch Time(s): 4.5709
Sampling Time(s): 0.2887
Loading Time(s): 1.9022
Forward Time(s): 0.2612
Backward Time(s): 0.2023
Update Time(s): 0.0038
Emb Update Time(s): 1.9085
#seeds: 6144
#inputs: 2038398
==========================================
Part 8, Epoch Time(s): 4.5812
Sampling Time(s): 0.2915
Loading Time(s): 1.7729
Forward Time(s): 0.3692
Backward Time(s): 0.2188
Update Time(s): 0.0039
Emb Update Time(s): 1.9204
#seeds: 6144
#inputs: 2030054
=====================


|V|=2449029, eval batch size: 100000
|V|=2449029, eval batch size: 100000
|V|=2449029, eval batch size: 100000
|V|=2449029, eval batch size: 100000
|V|=2449029, eval batch size: 100000
|V|=2449029, eval batch size: 100000
|V|=2449029, eval batch size: 100000
|V|=2449029, eval batch size: 100000
|V|=2449029, eval batch size: 100000
|V|=2449029, eval batch size: 100000
|V|=2449029, eval batch size: 100000
|V|=2449029, eval batch size: 100000
|V|=2449029, eval batch size: 100000
|V|=2449029, eval batch size: 100000
|V|=2449029, eval batch size: 100000
|V|=2449029, eval batch size: 100000
|V|=2449029, eval batch size: 100000
|V|=2449029, eval batch size: 100000
|V|=2449029, eval batch size: 100000
|V|=2449029, eval batch size: 100000
|V|=2449029, eval batch size: 100000
|V|=2449029, eval batch size: 100000
|V|=2449029, eval batch size: 100000
|V|=2449029, eval batch size: 100000
|V|=2449029, eval batch size: 100000
|V|=2449029, eval batch size: 100000
|V|=2449029, eval batch size: 100000
|V|=2449029, eval batch size: 100000
|V|=2449029, eval batch size: 100000
|V|=2449029, eval batch size: 100000
|V|=2449029, eval batch size: 100000
|V|=2449029, eval batch size: 100000
|V|=2449029, eval batch size: 100000|V|=2449029, eval batch size: 100000

|V|=2449029, eval batch size: 100000
|V|=2449029, eval batch size: 100000
|V|=2449029, eval batch size: 100000
|V|=2449029, eval batch size: 100000
|V|=2449029, eval batch size: 100000
|V|=2449029, eval batch size: 100000|V|=2449029, eval batch size: 100000

|V|=2449029, eval batch size: 100000
|V|=2449029, eval batch size: 100000
|V|=2449029, eval batch size: 100000
|V|=2449029, eval batch size: 100000|V|=2449029, eval batch size: 100000
|V|=2449029, eval batch size: 100000|V|=2449029, eval batch size: 100000

|V|=2449029, eval batch size: 100000

|V|=2449029, eval batch size: 100000
|V|=2449029, eval batch size: 100000
|V|=2449029, eval batch size: 100000
|V|=2449029, eval batch size: 100000
|V|=2449029, eval batch size: 100000
|V|=2449029, eval batch size: 100000|V|=2449029, eval batch size: 100000|V|=2449029, eval batch size: 100000


|V|=2449029, eval batch size: 100000|V|=2449029, eval batch size: 100000

|V|=2449029, eval batch size: 100000
|V|=2449029, eval batch size: 100000
|V|=2449029, eval batch size: 100000
|V|=2449029, eval batch size: 100000
|V|=2449029, eval batch size: 100000
|V|=2449029, eval batch size: 100000|V|=2449029, eval batch size: 100000

|V|=2449029, eval batch size: 100000
|V|=2449029, eval batch size: 100000
|V|=2449029, eval batch size: 100000
|V|=2449029, eval batch size: 100000
|V|=2449029, eval batch size: 100000
|V|=2449029, eval batch size: 100000|V|=2449029, eval batch size: 100000

|V|=2449029, eval batch size: 100000|V|=2449029, eval batch size: 100000

|V|=2449029, eval batch size: 100000
|V|=2449029, eval batch size: 100000|V|=2449029, eval batch size: 100000|V|=2449029, eval batch size: 100000


|V|=2449029, eval batch size: 100000
|V|=2449029, eval batch size: 100000
|V|=2449029, eval batch size: 100000
|V|=2449029, eval batch size: 100000|V|=2449029, eval batch size: 100000
|V|=2449029, eval batch size: 100000

|V|=2449029, eval batch size: 100000
|V|=2449029, eval batch size: 100000
|V|=2449029, eval batch size: 100000
|V|=2449029, eval batch size: 100000
|V|=2449029, eval batch size: 100000
|V|=2449029, eval batch size: 100000
|V|=2449029, eval batch size: 100000
|V|=2449029, eval batch size: 100000
|V|=2449029, eval batch size: 100000|V|=2449029, eval batch size: 100000

|V|=2449029, eval batch size: 100000
Part 6, Val Acc 0.9325, Test Acc 0.8068, time: 6.7217
Part 23, Val Acc 0.8975, Test Acc 0.7670, time: 6.7216
Part 5, Val Acc 0.9504, Test Acc 0.8062, time: 6.7272
Part 20, Val Acc 0.8917, Test Acc 0.7681, time: 6.7307
Part 12, Val Acc 0.9097, Test Acc 0.7286, time: 6.7320
Part 21, Val Acc 0.8902, Test Acc 0.7669, time: 6.7326
Part 16, Val Acc 0.8975, Test Acc 0.7691, time: 6.7330
Part 22, Val Acc 0.9015, Test Acc 0.7688, time: 6.7354
Part 19, Val Acc 0.8861, Test Acc 0.7675, time: 6.7363
Part 27, Val Acc 0.9072, Test Acc 0.7685, time: 6.7377
Part 0, Val Acc 0.9463, Test Acc 0.8053, time: 6.7380
Part 17, Val Acc 0.8804, Test Acc 0.7674, time: 6.7388
Part 1, Val Acc 0.9398, Test Acc 0.8056, time: 6.7394
Part 8, Val Acc 0.8884, Test Acc 0.7275, time: 6.7402
Part 18, Val Acc 0.9072, Test Acc 0.7680, time: 6.7406
Part 4, Val Acc 0.9308, Test Acc 0.8070, time: 6.7415
Part 9, Val Acc 0.8926, Test Acc 0.7272, time: 6.7432
Part 2, Val Acc 0.9365, Test Acc 0.8081, time: 6.7438
Part 13, Val Acc 0.8918, Test Acc 0.7281, time: 6.7437
Part 11, Val Acc 0.8747, Test Acc 0.7285, time: 6.7442
Part 7, Val Acc 0.9430, Test Acc 0.8064, time: 6.7444
Part 29, Val Acc 0.9024, Test Acc 0.7670, time: 6.7446
Part 24, Val Acc 0.9340, Test Acc 0.7657, time: 6.7459
Part 10, Val Acc 0.8836, Test Acc 0.7295, time: 6.7465
Part 15, Val Acc 0.8926, Test Acc 0.7292, time: 6.7468
Part 26, Val Acc 0.9300, Test Acc 0.7688, time: 6.7475
Part 25, Val Acc 0.9219, Test Acc 0.7683, time: 6.7477
Part 3, Val Acc 0.9520, Test Acc 0.8087, time: 6.7487
Part 31, Val Acc 0.9024, Test Acc 0.7690, time: 6.7486
Part 28, Val Acc 0.9227, Test Acc 0.7668, time: 6.7497
Part 14, Val Acc 0.8918, Test Acc 0.7260, time: 6.7506
Part 30, Val Acc 0.9260, Test Acc 0.7691, time: 6.7529
All parts avg val acc 0.9111, test acc 0.7677
Part 5 | Epoch 00011 | Step 00000 | Loss 0.1667 | Train Acc 0.9570 | Speed (samples/sec) 1139.8396 | GPU 1931.6 MB | time 1.021 sPart 1 | Epoch 00011 | Step 00000 | Loss 0.2042 | Train Acc 0.9530 | Speed (samples/sec) 1141.1373 | GPU 1924.3 MB | time 1.009 s

Part 2 | Epoch 00011 | Step 00000 | Loss 0.1735 | Train Acc 0.9530 | Speed (samples/sec) 1140.3873 | GPU 1943.5 MB | time 1.005 s
Part 4 | Epoch 00011 | Step 00000 | Loss 0.1977 | Train Acc 0.9480 | Speed (samples/sec) 1140.4262 | GPU 1927.8 MB | time 1.007 s
Part 7 | Epoch 00011 | Step 00000 | Loss 0.1595 | Train Acc 0.9540 | Speed (samples/sec) 1140.4857 | GPU 1925.8 MB | time 1.004 s
Part 0 | Epoch 00011 | Step 00000 | Loss 0.2161 | Train Acc 0.9410 | Speed (samples/sec) 1144.8605 | GPU 1931.2 MB | time 0.996 s
Part 3 | Epoch 00011 | Step 00000 | Loss 0.1919 | Train Acc 0.9530 | Speed (samples/sec) 1140.9700 | GPU 1929.9 MB | time 1.000 s
Part 20 | Epoch 00011 | Step 00000 | Loss 0.3580 | Train Acc 0.8970 | Speed (samples/sec) 1140.3136 | GPU 1966.1 MB | time 1.018 sPart 18 | Epoch 00011 | Step 00000 | Loss 0.4006 | Train Acc 0.9020 | Speed (samples/sec) 1141.5934 | GPU 1971.3 MB | time 1.008 s

Part 16 | Epoch 00011 | Step 00000 | Loss 0.4053 | Train Acc 0.8890 | Speed (samples/sec) 1141.4486 | GPU 1960.6 MB | time 1.016 s
Part 21 | Epoch 00011 | Step 00000 | Loss 0.4467 | Train Acc 0.8920 | Speed (samples/sec) 1142.1984 | GPU 1974.9 MB | time 1.016 s
Part 19 | Epoch 00011 | Step 00000 | Loss 0.3840 | Train Acc 0.9010 | Speed (samples/sec) 1142.0122 | GPU 1966.6 MB | time 1.013 s
Part 15 | Epoch 00011 | Step 00000 | Loss 0.3124 | Train Acc 0.9060 | Speed (samples/sec) 1143.3036 | GPU 2224.3 MB | time 1.002 sPart 8 | Epoch 00011 | Step 00000 | Loss 0.3553 | Train Acc 0.8960 | Speed (samples/sec) 1141.5818 | GPU 2210.4 MB | time 1.009 sPart 12 | Epoch 00011 | Step 00000 | Loss 0.3224 | Train Acc 0.9100 | Speed (samples/sec) 1143.1956 | GPU 2223.4 MB | time 1.017 s


Part 13 | Epoch 00011 | Step 00000 | Loss 0.3435 | Train Acc 0.8970 | Speed (samples/sec) 1142.3851 | GPU 2222.0 MB | time 1.005 sPart 9 | Epoch 00011 | Step 00000 | Loss 0.3474 | Train Acc 0.8980 | Speed (samples/sec) 1141.8013 | GPU 2226.2 MB | time 1.005 s

Part 22 | Epoch 00011 | Step 00000 | Loss 0.4276 | Train Acc 0.8840 | Speed (samples/sec) 1141.0170 | GPU 1978.6 MB | time 1.013 s
Part 17 | Epoch 00011 | Step 00000 | Loss 0.4487 | Train Acc 0.8870 | Speed (samples/sec) 1141.6635 | GPU 1964.7 MB | time 1.010 s
Part 25 | Epoch 00011 | Step 00000 | Loss 0.2832 | Train Acc 0.9310 | Speed (samples/sec) 1142.5188 | GPU 2066.5 MB | time 1.001 sPart 28 | Epoch 00011 | Step 00000 | Loss 0.2218 | Train Acc 0.9530 | Speed (samples/sec) 1142.5487 | GPU 2082.7 MB | time 0.999 sPart 29 | Epoch 00011 | Step 00000 | Loss 0.2814 | Train Acc 0.9310 | Speed (samples/sec) 1142.2966 | GPU 2068.1 MB | time 1.004 s


Part 31 | Epoch 00011 | Step 00000 | Loss 0.2819 | Train Acc 0.9190 | Speed (samples/sec) 1143.0317 | GPU 2075.9 MB | time 1.000 s
Part 24 | Epoch 00011 | Step 00000 | Loss 0.2488 | Train Acc 0.9320 | Speed (samples/sec) 1141.6683 | GPU 2057.3 MB | time 1.003 s
Part 23 | Epoch 00011 | Step 00000 | Loss 0.3544 | Train Acc 0.9040 | Speed (samples/sec) 1140.4279 | GPU 1977.5 MB | time 1.027 s
Part 26 | Epoch 00011 | Step 00000 | Loss 0.3077 | Train Acc 0.9300 | Speed (samples/sec) 1142.9678 | GPU 2066.7 MB | time 1.001 s
Part 30 | Epoch 00011 | Step 00000 | Loss 0.2986 | Train Acc 0.9290 | Speed (samples/sec) 1142.3321 | GPU 2058.6 MB | time 0.996 s
Part 27 | Epoch 00011 | Step 00000 | Loss 0.2884 | Train Acc 0.9170 | Speed (samples/sec) 1142.4589 | GPU 2060.3 MB | time 1.011 s
Part 6 | Epoch 00011 | Step 00000 | Loss 0.1732 | Train Acc 0.9470 | Speed (samples/sec) 1139.7902 | GPU 1921.8 MB | time 1.027 s
Part 14 | Epoch 00011 | Step 00000 | Loss 0.3164 | Train Acc 0.9130 | Speed (samples/sec) 1142.2414 | GPU 2225.8 MB | time 0.998 s
Part 11 | Epoch 00011 | Step 00000 | Loss 0.3760 | Train Acc 0.8930 | Speed (samples/sec) 1142.9364 | GPU 2234.7 MB | time 1.005 s
Part 10 | Epoch 00011 | Step 00000 | Loss 0.3386 | Train Acc 0.9110 | Speed (samples/sec) 1142.0095 | GPU 2214.9 MB | time 1.002 s
Avg train acc 0.9196
=====================
Part 5, Epoch Time(s): 5.2516
Sampling Time(s): 0.2714
Loading Time(s): 1.5789
Forward Time(s): 0.6013
Backward Time(s): 0.2125
Update Time(s): 0.0038
Emb Update Time(s): 2.5743
#seeds: 6145
#inputs: 1930081
==========================================
Part 2, Epoch Time(s): 5.2350
Sampling Time(s): 0.2806
Loading Time(s): 1.7094
Forward Time(s): 0.4450
Backward Time(s): 0.2130
Update Time(s): 0.0036
Emb Update Time(s): 2.5742
#seeds: 6144
#inputs: 1921911
==========================================
Part 3, Epoch Time(s): 5.2300
Sampling Time(s): 0.3020
Loading Time(s): 1.7218
Forward Time(s): 0.4062
Backward Time(s): 0.2126
Update Time(s): 0.0037
Emb Update Time(s): 2.5742
#seeds: 6144
#inputs: 1924983
==========================================
Part 1, Epoch Time(s): 5.2394
Sampling Time(s): 0.3009
Loading Time(s): 1.6381
Forward Time(s): 0.4995
Backward Time(s): 0.2135
Update Time(s): 0.0040
Emb Update Time(s): 2.5733
#seeds: 6145
#inputs: 1918041
=====================



=====================
Part 7, Epoch Time(s): 5.2343
Sampling Time(s): 0.3081
Loading Time(s): 1.7123
Forward Time(s): 0.4270
Backward Time(s): 0.1993
Update Time(s): 0.0045
Emb Update Time(s): 2.5738
#seeds: 6144
#inputs: 1936045
==========================================
Part 0, Epoch Time(s): 5.2257
Sampling Time(s): 0.3070
Loading Time(s): 1.6469
Forward Time(s): 0.4707
Backward Time(s): 0.2138
Update Time(s): 0.0037
Emb Update Time(s): 2.5737
#seeds: 6144
#inputs: 1931435
==========================================
Part 4, Epoch Time(s): 5.2437
Sampling Time(s): 0.2755
Loading Time(s): 1.6279
Forward Time(s): 0.5340
Backward Time(s): 0.2126
Update Time(s): 0.0039
Emb Update Time(s): 2.5740
#seeds: 6144
#inputs: 1931447
==========================================
Part 6, Epoch Time(s): 5.2570
Sampling Time(s): 0.2838
Loading Time(s): 1.7986
Forward Time(s): 0.3742
Backward Time(s): 0.2122
Update Time(s): 0.0042
Emb Update Time(s): 2.5746
#seeds: 6144
#inputs: 1935935
=====================



=====================
Part 18, Epoch Time(s): 5.2380
Sampling Time(s): 0.2888
Loading Time(s): 1.5612
Forward Time(s): 0.5877
Backward Time(s): 0.2128
Update Time(s): 0.0036
Emb Update Time(s): 2.5745
#seeds: 6144
#inputs: 1940751
==========================================
Part 17, Epoch Time(s): 5.2400
Sampling Time(s): 0.2680
Loading Time(s): 1.6807
Forward Time(s): 0.4987
Backward Time(s): 0.2052
Update Time(s): 0.0038
Emb Update Time(s): 2.5743
#seeds: 6144
#inputs: 1924441
==========================================
Part 16, Epoch Time(s): 5.2457
Sampling Time(s): 0.2651
Loading Time(s): 1.6018
Forward Time(s): 0.5785
Backward Time(s): 0.2133
Update Time(s): 0.0035
Emb Update Time(s): 2.5742
#seeds: 6144
#inputs: 1935754
==========================================
Part 22, Epoch Time(s): 5.2434
Sampling Time(s): 0.2594
Loading Time(s): 1.6310
Forward Time(s): 0.5526
Backward Time(s): 0.2118
Update Time(s): 0.0037
Emb Update Time(s): 2.5755
#seeds: 6144
#inputs: 1926552
==========================================
Part 19, Epoch Time(s): 5.2426
Sampling Time(s): 0.2660
Loading Time(s): 1.6080
Forward Time(s): 0.5681
Backward Time(s): 0.2127
Update Time(s): 0.0038
Emb Update Time(s): 2.5744
#seeds: 6145
#inputs: 1937123
==========================================
Part 23, Epoch Time(s): 5.2571
Sampling Time(s): 0.2733
Loading Time(s): 1.5622
Forward Time(s): 0.6212
Backward Time(s): 0.2120
Update Time(s): 0.0038
Emb Update Time(s): 2.5752
#seeds: 6144
#inputs: 1941360
=====================





=====================
Part 20, Epoch Time(s): 5.2482
Sampling Time(s): 0.2834
Loading Time(s): 1.5144
Forward Time(s): 0.6497
Backward Time(s): 0.2128
Update Time(s): 0.0041
Emb Update Time(s): 2.5745
#seeds: 6144
#inputs: 1912777
==========================================
Part 21, Epoch Time(s): 5.2461
Sampling Time(s): 0.2737
Loading Time(s): 1.4986
Forward Time(s): 0.6727
Backward Time(s): 0.2122
Update Time(s): 0.0041
Emb Update Time(s): 2.5751
#seeds: 6145
#inputs: 1920318
=====================

=====================
Part 25, Epoch Time(s): 5.2308
Sampling Time(s): 0.2672
Loading Time(s): 1.8469
Forward Time(s): 0.3244
Backward Time(s): 0.2038
Update Time(s): 0.0038
Emb Update Time(s): 2.5753
#seeds: 6144
#inputs: 1976283
==========================================
Part 28, Epoch Time(s): 5.2290
Sampling Time(s): 0.2817
Loading Time(s): 1.7565
Forward Time(s): 0.3905
Backward Time(s): 0.2117
Update Time(s): 0.0038
Emb Update Time(s): 2.5756
#seeds: 6144
#inputs: 1963149
==========================================
Part 29, Epoch Time(s): 5.2342
Sampling Time(s): 0.2968
Loading Time(s): 1.7664
Forward Time(s): 0.3968
Backward Time(s): 0.1925
Update Time(s): 0.0038
Emb Update Time(s): 2.5685
#seeds: 6144
#inputs: 1965380
==========================================
Part 27, Epoch Time(s): 5.2411
Sampling Time(s): 0.2698
Loading Time(s): 1.9263
Forward Time(s): 0.2705
Backward Time(s): 0.1919
Update Time(s): 0.0040
Emb Update Time(s): 2.5690
#seeds: 6144
#inputs: 1973338
==========================================
Part 24, Epoch Time(s): 5.2330
Sampling Time(s): 0.2628
Loading Time(s): 1.7298
Forward Time(s): 0.4403
Backward Time(s): 0.2116
Update Time(s): 0.0038
Emb Update Time(s): 2.5751
#seeds: 6144
#inputs: 1958919
==========================================
Part 30, Epoch Time(s): 5.2260
Sampling Time(s): 0.2859
Loading Time(s): 1.8066
Forward Time(s): 0.3537
Backward Time(s): 0.1947
Update Time(s): 0.0043
Emb Update Time(s): 2.5712
#seeds: 6144
#inputs: 1971499
==========================================
Part 26, Epoch Time(s): 5.2311
Sampling Time(s): 0.3285
Loading Time(s): 1.7788
Forward Time(s): 0.3423
Backward Time(s): 0.1982
Update Time(s): 0.0041
Emb Update Time(s): 2.5698
#seeds: 6145
#inputs: 1972611
=====================




=====================
Part 31, Epoch Time(s): 5.2302
Sampling Time(s): 0.3150
Loading Time(s): 1.8502
Forward Time(s): 0.2773
Backward Time(s): 0.1990
Update Time(s): 0.0049
Emb Update Time(s): 2.5746
#seeds: 6144
#inputs: 1959522
=====================


=====================
Part 10, Epoch Time(s): 5.2323
Sampling Time(s): 0.2730
Loading Time(s): 1.8886
Forward Time(s): 0.2808
Backward Time(s): 0.2007
Update Time(s): 0.0037
Emb Update Time(s): 2.5759
#seeds: 6144
#inputs: 2046295
==========================================
Part 11, Epoch Time(s): 5.2346
Sampling Time(s): 0.2721
Loading Time(s): 1.7910
Forward Time(s): 0.3787
Backward Time(s): 0.2038
Update Time(s): 0.0041
Emb Update Time(s): 2.5755
#seeds: 6145
#inputs: 2035081
==========================================
Part 12, Epoch Time(s): 5.2467
Sampling Time(s): 0.2683
Loading Time(s): 1.8386
Forward Time(s): 0.3406
Backward Time(s): 0.2102
Update Time(s): 0.0038
Emb Update Time(s): 2.5757
#seeds: 6145
#inputs: 2036339
==========================================
Part 9, Epoch Time(s): 5.2352
Sampling Time(s): 0.2699
Loading Time(s): 1.7818
Forward Time(s): 0.3831
Backward Time(s): 0.2123
Update Time(s): 0.0040
Emb Update Time(s): 2.5747
#seeds: 6144
#inputs: 2046627
==========================================
Part 15, Epoch Time(s): 5.2320
Sampling Time(s): 0.2832
Loading Time(s): 1.9866
Forward Time(s): 0.2114
Backward Time(s): 0.1793
Update Time(s): 0.0037
Emb Update Time(s): 2.5587
#seeds: 6144
#inputs: 2039500
==========================================
Part 8, Epoch Time(s): 5.2386
Sampling Time(s): 0.2850
Loading Time(s): 1.8132
Forward Time(s): 0.3401
Backward Time(s): 0.2121
Update Time(s): 0.0038
Emb Update Time(s): 2.5751
#seeds: 6144
#inputs: 2023686
==========================================
Part 14, Epoch Time(s): 5.2281
Sampling Time(s): 0.2641
Loading Time(s): 1.8406
Forward Time(s): 0.3228
Backward Time(s): 0.2115
Update Time(s): 0.0038
Emb Update Time(s): 2.5758
#seeds: 6144
#inputs: 2036210
=====================
=====================
Part 13, Epoch Time(s): 5.2350
Sampling Time(s): 0.3004
Loading Time(s): 1.8267
Forward Time(s): 0.3073
Backward Time(s): 0.2115
Update Time(s): 0.0040
Emb Update Time(s): 2.5756
#seeds: 6144
#inputs: 2042890
=====================






|V|=2449029, eval batch size: 100000
|V|=2449029, eval batch size: 100000
|V|=2449029, eval batch size: 100000
|V|=2449029, eval batch size: 100000
|V|=2449029, eval batch size: 100000
|V|=2449029, eval batch size: 100000
|V|=2449029, eval batch size: 100000
|V|=2449029, eval batch size: 100000
|V|=2449029, eval batch size: 100000
|V|=2449029, eval batch size: 100000
|V|=2449029, eval batch size: 100000
|V|=2449029, eval batch size: 100000
|V|=2449029, eval batch size: 100000
|V|=2449029, eval batch size: 100000
|V|=2449029, eval batch size: 100000
|V|=2449029, eval batch size: 100000
|V|=2449029, eval batch size: 100000
|V|=2449029, eval batch size: 100000
|V|=2449029, eval batch size: 100000
|V|=2449029, eval batch size: 100000
|V|=2449029, eval batch size: 100000
|V|=2449029, eval batch size: 100000
|V|=2449029, eval batch size: 100000
|V|=2449029, eval batch size: 100000
|V|=2449029, eval batch size: 100000
|V|=2449029, eval batch size: 100000
|V|=2449029, eval batch size: 100000
|V|=2449029, eval batch size: 100000
|V|=2449029, eval batch size: 100000
|V|=2449029, eval batch size: 100000
|V|=2449029, eval batch size: 100000
|V|=2449029, eval batch size: 100000
|V|=2449029, eval batch size: 100000
|V|=2449029, eval batch size: 100000
|V|=2449029, eval batch size: 100000
|V|=2449029, eval batch size: 100000
|V|=2449029, eval batch size: 100000|V|=2449029, eval batch size: 100000
|V|=2449029, eval batch size: 100000

|V|=2449029, eval batch size: 100000
|V|=2449029, eval batch size: 100000|V|=2449029, eval batch size: 100000|V|=2449029, eval batch size: 100000|V|=2449029, eval batch size: 100000



|V|=2449029, eval batch size: 100000
|V|=2449029, eval batch size: 100000
|V|=2449029, eval batch size: 100000
|V|=2449029, eval batch size: 100000
|V|=2449029, eval batch size: 100000|V|=2449029, eval batch size: 100000

|V|=2449029, eval batch size: 100000
|V|=2449029, eval batch size: 100000
|V|=2449029, eval batch size: 100000
|V|=2449029, eval batch size: 100000
|V|=2449029, eval batch size: 100000
|V|=2449029, eval batch size: 100000
|V|=2449029, eval batch size: 100000
|V|=2449029, eval batch size: 100000|V|=2449029, eval batch size: 100000

|V|=2449029, eval batch size: 100000
|V|=2449029, eval batch size: 100000|V|=2449029, eval batch size: 100000

|V|=2449029, eval batch size: 100000
|V|=2449029, eval batch size: 100000
|V|=2449029, eval batch size: 100000|V|=2449029, eval batch size: 100000

|V|=2449029, eval batch size: 100000|V|=2449029, eval batch size: 100000

|V|=2449029, eval batch size: 100000
|V|=2449029, eval batch size: 100000
|V|=2449029, eval batch size: 100000
|V|=2449029, eval batch size: 100000
|V|=2449029, eval batch size: 100000
|V|=2449029, eval batch size: 100000
|V|=2449029, eval batch size: 100000
|V|=2449029, eval batch size: 100000
|V|=2449029, eval batch size: 100000
|V|=2449029, eval batch size: 100000|V|=2449029, eval batch size: 100000|V|=2449029, eval batch size: 100000


|V|=2449029, eval batch size: 100000
|V|=2449029, eval batch size: 100000
|V|=2449029, eval batch size: 100000|V|=2449029, eval batch size: 100000

|V|=2449029, eval batch size: 100000
|V|=2449029, eval batch size: 100000
|V|=2449029, eval batch size: 100000
|V|=2449029, eval batch size: 100000|V|=2449029, eval batch size: 100000

|V|=2449029, eval batch size: 100000
|V|=2449029, eval batch size: 100000
|V|=2449029, eval batch size: 100000
|V|=2449029, eval batch size: 100000
|V|=2449029, eval batch size: 100000
|V|=2449029, eval batch size: 100000
|V|=2449029, eval batch size: 100000
Part 5, Val Acc 0.9528, Test Acc 0.8067, time: 6.7343
Part 6, Val Acc 0.9317, Test Acc 0.8069, time: 6.7488
Part 8, Val Acc 0.8876, Test Acc 0.7301, time: 6.7522
Part 11, Val Acc 0.8723, Test Acc 0.7305, time: 6.7534
Part 1, Val Acc 0.9430, Test Acc 0.8060, time: 6.7541
Part 20, Val Acc 0.8933, Test Acc 0.7708, time: 6.7554
Part 19, Val Acc 0.8861, Test Acc 0.7706, time: 6.7565
Part 13, Val Acc 0.8918, Test Acc 0.7303, time: 6.7568
Part 22, Val Acc 0.8975, Test Acc 0.7728, time: 6.7581
Part 23, Val Acc 0.8967, Test Acc 0.7715, time: 6.7586
Part 21, Val Acc 0.8918, Test Acc 0.7703, time: 6.7588
Part 12, Val Acc 0.9138, Test Acc 0.7303, time: 6.7589
Part 16, Val Acc 0.8975, Test Acc 0.7719, time: 6.7592
Part 31, Val Acc 0.9040, Test Acc 0.7733, time: 6.7602
Part 24, Val Acc 0.9292, Test Acc 0.7702, time: 6.7613
Part 3, Val Acc 0.9503, Test Acc 0.8093, time: 6.7618
Part 4, Val Acc 0.9333, Test Acc 0.8071, time: 6.7620
Part 18, Val Acc 0.9064, Test Acc 0.7715, time: 6.7624
Part 17, Val Acc 0.8820, Test Acc 0.7709, time: 6.7625
Part 7, Val Acc 0.9439, Test Acc 0.8068, time: 6.7628
Part 0, Val Acc 0.9463, Test Acc 0.8067, time: 6.7651
Part 30, Val Acc 0.9317, Test Acc 0.7741, time: 6.7662
Part 28, Val Acc 0.9243, Test Acc 0.7711, time: 6.7675
Part 2, Val Acc 0.9382, Test Acc 0.8078, time: 6.7684
Part 10, Val Acc 0.8853, Test Acc 0.7315, time: 6.7682
Part 25, Val Acc 0.9178, Test Acc 0.7727, time: 6.7684
Part 29, Val Acc 0.8991, Test Acc 0.7720, time: 6.7695
Part 14, Val Acc 0.8918, Test Acc 0.7276, time: 6.7704
Part 27, Val Acc 0.9031, Test Acc 0.7722, time: 6.7707
Part 15, Val Acc 0.8885, Test Acc 0.7310, time: 6.7709
Part 9, Val Acc 0.8959, Test Acc 0.7288, time: 6.7719
Part 26, Val Acc 0.9325, Test Acc 0.7735, time: 6.7811
All parts avg val acc 0.9112, test acc 0.7702
Part 2 | Epoch 00012 | Step 00000 | Loss 0.1683 | Train Acc 0.9590 | Speed (samples/sec) 1138.6972 | GPU 1943.5 MB | time 1.069 s
Part 1 | Epoch 00012 | Step 00000 | Loss 0.2092 | Train Acc 0.9460 | Speed (samples/sec) 1139.2804 | GPU 1924.3 MB | time 1.083 s
Part 19 | Epoch 00012 | Step 00000 | Loss 0.3434 | Train Acc 0.9170 | Speed (samples/sec) 1140.0923 | GPU 1966.6 MB | time 1.081 sPart 18 | Epoch 00012 | Step 00000 | Loss 0.3744 | Train Acc 0.9050 | Speed (samples/sec) 1139.7391 | GPU 1971.3 MB | time 1.075 sPart 17 | Epoch 00012 | Step 00000 | Loss 0.3376 | Train Acc 0.9100 | Speed (samples/sec) 1139.8049 | GPU 1964.7 MB | time 1.075 s


Part 20 | Epoch 00012 | Step 00000 | Loss 0.3661 | Train Acc 0.8940 | Speed (samples/sec) 1138.4986 | GPU 1966.1 MB | time 1.082 s
Part 5 | Epoch 00012 | Step 00000 | Loss 0.1915 | Train Acc 0.9440 | Speed (samples/sec) 1137.8728 | GPU 1932.1 MB | time 1.103 s
Part 4 | Epoch 00012 | Step 00000 | Loss 0.1541 | Train Acc 0.9550 | Speed (samples/sec) 1138.6664 | GPU 1927.8 MB | time 1.075 s
Part 3 | Epoch 00012 | Step 00000 | Loss 0.2375 | Train Acc 0.9420 | Speed (samples/sec) 1139.1653 | GPU 1929.9 MB | time 1.076 s
Part 7 | Epoch 00012 | Step 00000 | Loss 0.2338 | Train Acc 0.9420 | Speed (samples/sec) 1138.7284 | GPU 1925.8 MB | time 1.075 s
Part 27 | Epoch 00012 | Step 00000 | Loss 0.2765 | Train Acc 0.9210 | Speed (samples/sec) 1140.6254 | GPU 2060.3 MB | time 1.067 s
Part 25 | Epoch 00012 | Step 00000 | Loss 0.2421 | Train Acc 0.9300 | Speed (samples/sec) 1140.6486 | GPU 2066.5 MB | time 1.069 s
Part 0 | Epoch 00012 | Step 00000 | Loss 0.2281 | Train Acc 0.9370 | Speed (samples/sec) 1142.9445 | GPU 1931.2 MB | time 1.056 s
Part 26 | Epoch 00012 | Step 00000 | Loss 0.2709 | Train Acc 0.9330 | Speed (samples/sec) 1141.2313 | GPU 2066.7 MB | time 1.056 s
Part 11 | Epoch 00012 | Step 00000 | Loss 0.3899 | Train Acc 0.8940 | Speed (samples/sec) 1140.9055 | GPU 2234.7 MB | time 1.084 s
Part 10 | Epoch 00012 | Step 00000 | Loss 0.3419 | Train Acc 0.9020 | Speed (samples/sec) 1140.1916 | GPU 2219.8 MB | time 1.069 s
Part 9 | Epoch 00012 | Step 00000 | Loss 0.3715 | Train Acc 0.8900 | Speed (samples/sec) 1140.0311 | GPU 2226.2 MB | time 1.065 s
Part 16 | Epoch 00012 | Step 00000 | Loss 0.3525 | Train Acc 0.8980 | Speed (samples/sec) 1139.5712 | GPU 1960.6 MB | time 1.078 s
Part 22 | Epoch 00012 | Step 00000 | Loss 0.4139 | Train Acc 0.8950 | Speed (samples/sec) 1139.1670 | GPU 1978.6 MB | time 1.079 s
Part 24 | Epoch 00012 | Step 00000 | Loss 0.2395 | Train Acc 0.9340 | Speed (samples/sec) 1139.7977 | GPU 2057.3 MB | time 1.076 sPart 28 | Epoch 00012 | Step 00000 | Loss 0.2144 | Train Acc 0.9310 | Speed (samples/sec) 1140.6650 | GPU 2082.7 MB | time 1.070 s
Part 29 | Epoch 00012 | Step 00000 | Loss 0.2574 | Train Acc 0.9270 | Speed (samples/sec) 1140.4578 | GPU 2068.1 MB | time 1.068 s

Part 23 | Epoch 00012 | Step 00000 | Loss 0.3563 | Train Acc 0.9000 | Speed (samples/sec) 1138.6337 | GPU 1977.6 MB | time 1.079 s
Part 21 | Epoch 00012 | Step 00000 | Loss 0.3754 | Train Acc 0.9100 | Speed (samples/sec) 1140.2956 | GPU 1974.9 MB | time 1.078 sPart 8 | Epoch 00012 | Step 00000 | Loss 0.3979 | Train Acc 0.8840 | Speed (samples/sec) 1139.6192 | GPU 2210.4 MB | time 1.085 sPart 13 | Epoch 00012 | Step 00000 | Loss 0.4018 | Train Acc 0.8980 | Speed (samples/sec) 1140.4036 | GPU 2222.0 MB | time 1.081 sPart 12 | Epoch 00012 | Step 00000 | Loss 0.3417 | Train Acc 0.9210 | Speed (samples/sec) 1141.1994 | GPU 2223.4 MB | time 1.078 s


Part 14 | Epoch 00012 | Step 00000 | Loss 0.3309 | Train Acc 0.9120 | Speed (samples/sec) 1140.4204 | GPU 2225.8 MB | time 1.067 s

Part 15 | Epoch 00012 | Step 00000 | Loss 0.4147 | Train Acc 0.8880 | Speed (samples/sec) 1141.3905 | GPU 2224.3 MB | time 1.066 s
Part 30 | Epoch 00012 | Step 00000 | Loss 0.2931 | Train Acc 0.9180 | Speed (samples/sec) 1140.4586 | GPU 2060.7 MB | time 1.071 s
Part 6 | Epoch 00012 | Step 00000 | Loss 0.1647 | Train Acc 0.9590 | Speed (samples/sec) 1137.9551 | GPU 1921.8 MB | time 1.088 s
Part 31 | Epoch 00012 | Step 00000 | Loss 0.2972 | Train Acc 0.9170 | Speed (samples/sec) 1141.0266 | GPU 2075.9 MB | time 1.077 s
Avg train acc 0.9192
=====================
Part 0, Epoch Time(s): 5.2029
Sampling Time(s): 0.3766
Loading Time(s): 1.6358
Forward Time(s): 0.4553
Backward Time(s): 0.2115
Update Time(s): 0.0035
Emb Update Time(s): 2.5156
#seeds: 6144
#inputs: 1931145
==========================================
Part 5, Epoch Time(s): 5.2503
Sampling Time(s): 0.3124
Loading Time(s): 1.5013
Forward Time(s): 0.6977
Backward Time(s): 0.2148
Update Time(s): 0.0037
Emb Update Time(s): 2.5163
#seeds: 6145
#inputs: 1929363
=====================
=====================
Part 1, Epoch Time(s): 5.2303
Sampling Time(s): 0.2967
Loading Time(s): 1.5820
Forward Time(s): 0.6116
Backward Time(s): 0.2156
Update Time(s): 0.0040
Emb Update Time(s): 2.5155
#seeds: 6145
#inputs: 1920987
=====================
=====================
Part 3, Epoch Time(s): 5.2227
Sampling Time(s): 0.3520
Loading Time(s): 1.6981
Forward Time(s): 0.4331
Backward Time(s): 0.2152
Update Time(s): 0.0039
Emb Update Time(s): 2.5160
#seeds: 6144
#inputs: 1931692
=====================

=====================
Part 2, Epoch Time(s): 5.2162
Sampling Time(s): 0.2915
Loading Time(s): 1.6885
Forward Time(s): 0.4970
Backward Time(s): 0.2154
Update Time(s): 0.0038
Emb Update Time(s): 2.5156
#seeds: 6144
#inputs: 1919300
==========================================
Part 4, Epoch Time(s): 5.2225
Sampling Time(s): 0.2957
Loading Time(s): 1.7225
Forward Time(s): 0.4841
Backward Time(s): 0.2029
Update Time(s): 0.0037
Emb Update Time(s): 2.5094
#seeds: 6144
#inputs: 1929150
==========================================
Part 7, Epoch Time(s): 5.2217
Sampling Time(s): 0.2947
Loading Time(s): 1.6752
Forward Time(s): 0.5188
Backward Time(s): 0.2085
Update Time(s): 0.0044
Emb Update Time(s): 2.5159
#seeds: 6144
#inputs: 1937521
=====================


=====================
Part 6, Epoch Time(s): 5.2353
Sampling Time(s): 0.2711
Loading Time(s): 1.6152
Forward Time(s): 0.6093
Backward Time(s): 0.2147
Update Time(s): 0.0044
Emb Update Time(s): 2.5157
#seeds: 6144
#inputs: 1937246
=====================
=====================
Part 19, Epoch Time(s): 5.2280
Sampling Time(s): 0.2654
Loading Time(s): 1.5310
Forward Time(s): 0.6925
Backward Time(s): 0.2146
Update Time(s): 0.0040
Emb Update Time(s): 2.5163
#seeds: 6145
#inputs: 1939824
==========================================
Part 17, Epoch Time(s): 5.2221
Sampling Time(s): 0.2697
Loading Time(s): 1.5983
Forward Time(s): 0.6141
Backward Time(s): 0.2148
Update Time(s): 0.0040
Emb Update Time(s): 2.5163
#seeds: 6144
#inputs: 1926975
==========================================
Part 18, Epoch Time(s): 5.2221
Sampling Time(s): 0.2542
Loading Time(s): 1.5178
Forward Time(s): 0.7110
Backward Time(s): 0.2147
Update Time(s): 0.0038
Emb Update Time(s): 2.5165
#seeds: 6144
#inputs: 1937099
==========================================
Part 22, Epoch Time(s): 5.2265
Sampling Time(s): 0.2713
Loading Time(s): 1.6149
Forward Time(s): 0.6012
Backward Time(s): 0.2143
Update Time(s): 0.0037
Emb Update Time(s): 2.5169
#seeds: 6144
#inputs: 1929070
==========================================
Part 23, Epoch Time(s): 5.2260
Sampling Time(s): 0.2598
Loading Time(s): 1.5711
Forward Time(s): 0.6559
Backward Time(s): 0.2142
Update Time(s): 0.0038
Emb Update Time(s): 2.5169
#seeds: 6144
#inputs: 1946856
=====================



=====================
Part 16, Epoch Time(s): 5.2253
Sampling Time(s): 0.2551
Loading Time(s): 1.6247
Forward Time(s): 0.6062
Backward Time(s): 0.2149
Update Time(s): 0.0035
Emb Update Time(s): 2.5168
#seeds: 6144
#inputs: 1936083
=====================
=====================
Part 20, Epoch Time(s): 5.2289
Sampling Time(s): 0.2742
Loading Time(s): 1.5842
Forward Time(s): 0.6310
Backward Time(s): 0.2145
Update Time(s): 0.0038
Emb Update Time(s): 2.5171
#seeds: 6144
#inputs: 1921103
=====================

=====================
Part 21, Epoch Time(s): 5.2252
Sampling Time(s): 0.2747
Loading Time(s): 1.5434
Forward Time(s): 0.6676
Backward Time(s): 0.2144
Update Time(s): 0.0043
Emb Update Time(s): 2.5163
#seeds: 6145
#inputs: 1923512
=====================
=====================
Part 25, Epoch Time(s): 5.2161
Sampling Time(s): 0.2701
Loading Time(s): 1.7486
Forward Time(s): 0.4646
Backward Time(s): 0.2080
Update Time(s): 0.0039
Emb Update Time(s): 2.5168
#seeds: 6144
#inputs: 1971599
==========================================
Part 28, Epoch Time(s): 5.2170
Sampling Time(s): 0.2733
Loading Time(s): 1.5946
Forward Time(s): 0.6100
Backward Time(s): 0.2142
Update Time(s): 0.0040
Emb Update Time(s): 2.5167
#seeds: 6144
#inputs: 1964243
==========================================
Part 27, Epoch Time(s): 5.2138
Sampling Time(s): 0.2711
Loading Time(s): 1.8104
Forward Time(s): 0.3933
Backward Time(s): 0.2144
Update Time(s): 0.0040
Emb Update Time(s): 2.5166
#seeds: 6144
#inputs: 1982353
==========================================
Part 24, Epoch Time(s): 5.2231
Sampling Time(s): 0.2870
Loading Time(s): 1.8180
Forward Time(s): 0.3847
Backward Time(s): 0.2090
Update Time(s): 0.0038
Emb Update Time(s): 2.5163
#seeds: 6144
#inputs: 1957781
==========================================
Part 29, Epoch Time(s): 5.2147
Sampling Time(s): 0.3053
Loading Time(s): 1.9020
Forward Time(s): 0.3096
Backward Time(s): 0.1851
Update Time(s): 0.0037
Emb Update Time(s): 2.5049
#seeds: 6144
#inputs: 1969638
==========================================
Part 26, Epoch Time(s): 5.2031
Sampling Time(s): 0.3317
Loading Time(s): 1.9174
Forward Time(s): 0.2364
Backward Time(s): 0.1963
Update Time(s): 0.0040
Emb Update Time(s): 2.5113
#seeds: 6145
#inputs: 1974343
=====================
=====================
Part 31, Epoch Time(s): 5.2244
Sampling Time(s): 0.4033
Loading Time(s): 1.6249
Forward Time(s): 0.4568
Backward Time(s): 0.2140
Update Time(s): 0.0044
Emb Update Time(s): 2.5167
#seeds: 6144
#inputs: 1964146
=====================





=====================
Part 30, Epoch Time(s): 5.2181
Sampling Time(s): 0.2543
Loading Time(s): 1.6204
Forward Time(s): 0.6044
Backward Time(s): 0.2142
Update Time(s): 0.0040
Emb Update Time(s): 2.5166
#seeds: 6144
#inputs: 1975324
=====================
=====================
Part 11, Epoch Time(s): 5.2312
Sampling Time(s): 0.2618
Loading Time(s): 1.7190
Forward Time(s): 0.5112
Backward Time(s): 0.2142
Update Time(s): 0.0040
Emb Update Time(s): 2.5168
#seeds: 6145
#inputs: 2034078
==========================================
Part 10, Epoch Time(s): 5.2159
Sampling Time(s): 0.2856
Loading Time(s): 1.8584
Forward Time(s): 0.3590
Backward Time(s): 0.1953
Update Time(s): 0.0036
Emb Update Time(s): 2.5100
#seeds: 6144
#inputs: 2043578
==========================================
Part 9, Epoch Time(s): 5.2124
Sampling Time(s): 0.2716
Loading Time(s): 1.8488
Forward Time(s): 0.3707
Backward Time(s): 0.2018
Update Time(s): 0.0043
Emb Update Time(s): 2.5110
#seeds: 6144
#inputs: 2048893
==========================================
Part 15, Epoch Time(s): 5.2135
Sampling Time(s): 0.2852
Loading Time(s): 1.7783
Forward Time(s): 0.4107
Backward Time(s): 0.2136
Update Time(s): 0.0039
Emb Update Time(s): 2.5177
#seeds: 6144
#inputs: 2044979
==========================================
Part 12, Epoch Time(s): 5.2254
Sampling Time(s): 0.3080
Loading Time(s): 1.8217
Forward Time(s): 0.3847
Backward Time(s): 0.1937
Update Time(s): 0.0041
Emb Update Time(s): 2.5091
#seeds: 6145
#inputs: 2035188
=====================

=====================
Part 14, Epoch Time(s): 5.2141
Sampling Time(s): 0.2642
Loading Time(s): 1.8147
Forward Time(s): 0.4020
Backward Time(s): 0.2078
Update Time(s): 0.0038
Emb Update Time(s): 2.5175
#seeds: 6144
#inputs: 2037527
=====================


=====================
Part 8, Epoch Time(s): 5.2325
Sampling Time(s): 0.2749
Loading Time(s): 1.7789
Forward Time(s): 0.4388
Backward Time(s): 0.2148
Update Time(s): 0.0037
Emb Update Time(s): 2.5169
#seeds: 6144
#inputs: 2018102
=====================
=====================
Part 13, Epoch Time(s): 5.2278
Sampling Time(s): 0.2707
Loading Time(s): 1.9015
Forward Time(s): 0.3176
Backward Time(s): 0.2122
Update Time(s): 0.0041
Emb Update Time(s): 2.5174
#seeds: 6144
#inputs: 2040987
=====================

|V|=2449029, eval batch size: 100000
|V|=2449029, eval batch size: 100000
|V|=2449029, eval batch size: 100000
|V|=2449029, eval batch size: 100000
|V|=2449029, eval batch size: 100000
|V|=2449029, eval batch size: 100000
|V|=2449029, eval batch size: 100000
|V|=2449029, eval batch size: 100000
|V|=2449029, eval batch size: 100000
|V|=2449029, eval batch size: 100000
|V|=2449029, eval batch size: 100000
|V|=2449029, eval batch size: 100000
|V|=2449029, eval batch size: 100000
|V|=2449029, eval batch size: 100000
|V|=2449029, eval batch size: 100000
|V|=2449029, eval batch size: 100000
|V|=2449029, eval batch size: 100000
|V|=2449029, eval batch size: 100000
|V|=2449029, eval batch size: 100000
|V|=2449029, eval batch size: 100000
|V|=2449029, eval batch size: 100000
|V|=2449029, eval batch size: 100000
|V|=2449029, eval batch size: 100000
|V|=2449029, eval batch size: 100000
|V|=2449029, eval batch size: 100000
|V|=2449029, eval batch size: 100000
|V|=2449029, eval batch size: 100000
|V|=2449029, eval batch size: 100000
|V|=2449029, eval batch size: 100000
|V|=2449029, eval batch size: 100000
|V|=2449029, eval batch size: 100000
|V|=2449029, eval batch size: 100000
|V|=2449029, eval batch size: 100000|V|=2449029, eval batch size: 100000|V|=2449029, eval batch size: 100000|V|=2449029, eval batch size: 100000



|V|=2449029, eval batch size: 100000
|V|=2449029, eval batch size: 100000
|V|=2449029, eval batch size: 100000
|V|=2449029, eval batch size: 100000
|V|=2449029, eval batch size: 100000
|V|=2449029, eval batch size: 100000
|V|=2449029, eval batch size: 100000|V|=2449029, eval batch size: 100000

|V|=2449029, eval batch size: 100000
|V|=2449029, eval batch size: 100000|V|=2449029, eval batch size: 100000

|V|=2449029, eval batch size: 100000
|V|=2449029, eval batch size: 100000
|V|=2449029, eval batch size: 100000
|V|=2449029, eval batch size: 100000
|V|=2449029, eval batch size: 100000
|V|=2449029, eval batch size: 100000
|V|=2449029, eval batch size: 100000|V|=2449029, eval batch size: 100000
|V|=2449029, eval batch size: 100000
|V|=2449029, eval batch size: 100000|V|=2449029, eval batch size: 100000

|V|=2449029, eval batch size: 100000|V|=2449029, eval batch size: 100000
|V|=2449029, eval batch size: 100000

|V|=2449029, eval batch size: 100000
|V|=2449029, eval batch size: 100000

|V|=2449029, eval batch size: 100000
|V|=2449029, eval batch size: 100000
|V|=2449029, eval batch size: 100000
|V|=2449029, eval batch size: 100000
|V|=2449029, eval batch size: 100000
|V|=2449029, eval batch size: 100000|V|=2449029, eval batch size: 100000

|V|=2449029, eval batch size: 100000
|V|=2449029, eval batch size: 100000
|V|=2449029, eval batch size: 100000
|V|=2449029, eval batch size: 100000
|V|=2449029, eval batch size: 100000
|V|=2449029, eval batch size: 100000
|V|=2449029, eval batch size: 100000|V|=2449029, eval batch size: 100000
|V|=2449029, eval batch size: 100000|V|=2449029, eval batch size: 100000

|V|=2449029, eval batch size: 100000

|V|=2449029, eval batch size: 100000|V|=2449029, eval batch size: 100000

|V|=2449029, eval batch size: 100000|V|=2449029, eval batch size: 100000

|V|=2449029, eval batch size: 100000|V|=2449029, eval batch size: 100000

|V|=2449029, eval batch size: 100000
|V|=2449029, eval batch size: 100000
|V|=2449029, eval batch size: 100000
|V|=2449029, eval batch size: 100000
|V|=2449029, eval batch size: 100000
|V|=2449029, eval batch size: 100000
|V|=2449029, eval batch size: 100000
|V|=2449029, eval batch size: 100000
|V|=2449029, eval batch size: 100000
Part 5, Val Acc 0.9536, Test Acc 0.8057, time: 6.7638
Part 23, Val Acc 0.8999, Test Acc 0.7700, time: 6.7684
Part 8, Val Acc 0.8884, Test Acc 0.7273, time: 6.7716
Part 1, Val Acc 0.9430, Test Acc 0.8050, time: 6.7725
Part 19, Val Acc 0.8885, Test Acc 0.7699, time: 6.7729
Part 20, Val Acc 0.8990, Test Acc 0.7703, time: 6.7736
Part 17, Val Acc 0.8853, Test Acc 0.7694, time: 6.7741
Part 0, Val Acc 0.9463, Test Acc 0.8051, time: 6.7752
Part 16, Val Acc 0.8926, Test Acc 0.7705, time: 6.7764
Part 22, Val Acc 0.8999, Test Acc 0.7720, time: 6.7765
Part 21, Val Acc 0.8999, Test Acc 0.7699, time: 6.7769
Part 13, Val Acc 0.8959, Test Acc 0.7274, time: 6.7776
Part 18, Val Acc 0.9072, Test Acc 0.7706, time: 6.7781
Part 9, Val Acc 0.8934, Test Acc 0.7259, time: 6.7781
Part 3, Val Acc 0.9520, Test Acc 0.8082, time: 6.7800
Part 15, Val Acc 0.8869, Test Acc 0.7282, time: 6.7804
Part 7, Val Acc 0.9439, Test Acc 0.8056, time: 6.7806
Part 12, Val Acc 0.9146, Test Acc 0.7284, time: 6.7818
Part 4, Val Acc 0.9333, Test Acc 0.8063, time: 6.7823
Part 2, Val Acc 0.9373, Test Acc 0.8070, time: 6.7829
Part 6, Val Acc 0.9341, Test Acc 0.8059, time: 6.7850
Part 25, Val Acc 0.9211, Test Acc 0.7759, time: 6.7875
Part 30, Val Acc 0.9341, Test Acc 0.7766, time: 6.7882
Part 27, Val Acc 0.9080, Test Acc 0.7751, time: 6.7896
Part 26, Val Acc 0.9317, Test Acc 0.7771, time: 6.7897
Part 24, Val Acc 0.9292, Test Acc 0.7731, time: 6.7920
Part 10, Val Acc 0.8845, Test Acc 0.7286, time: 6.7921
Part 31, Val Acc 0.9056, Test Acc 0.7759, time: 6.7922
Part 14, Val Acc 0.8902, Test Acc 0.7253, time: 6.7924
Part 11, Val Acc 0.8796, Test Acc 0.7275, time: 6.7924
Part 29, Val Acc 0.9048, Test Acc 0.7752, time: 6.7926
Part 28, Val Acc 0.9268, Test Acc 0.7741, time: 6.7966
All parts avg val acc 0.9128, test acc 0.7698
Part 7 | Epoch 00013 | Step 00000 | Loss 0.2399 | Train Acc 0.9440 | Speed (samples/sec) 1139.7440 | GPU 1925.8 MB | time 0.984 s
Part 3 | Epoch 00013 | Step 00000 | Loss 0.1537 | Train Acc 0.9560 | Speed (samples/sec) 1140.1380 | GPU 1929.9 MB | time 0.984 s
Part 2 | Epoch 00013 | Step 00000 | Loss 0.1996 | Train Acc 0.9420 | Speed (samples/sec) 1139.7352 | GPU 1943.5 MB | time 0.982 sPart 4 | Epoch 00013 | Step 00000 | Loss 0.1922 | Train Acc 0.9460 | Speed (samples/sec) 1139.7025 | GPU 1927.8 MB | time 0.982 s

Part 5 | Epoch 00013 | Step 00000 | Loss 0.2019 | Train Acc 0.9400 | Speed (samples/sec) 1138.8121 | GPU 1932.1 MB | time 1.001 s
Part 0 | Epoch 00013 | Step 00000 | Loss 0.2181 | Train Acc 0.9380 | Speed (samples/sec) 1143.8239 | GPU 1931.2 MB | time 0.968 s
Part 1 | Epoch 00013 | Step 00000 | Loss 0.1698 | Train Acc 0.9530 | Speed (samples/sec) 1140.2223 | GPU 1924.3 MB | time 0.992 s
Part 23 | Epoch 00013 | Step 00000 | Loss 0.3118 | Train Acc 0.9260 | Speed (samples/sec) 1139.5172 | GPU 1977.6 MB | time 0.996 s
Part 19 | Epoch 00013 | Step 00000 | Loss 0.3632 | Train Acc 0.9110 | Speed (samples/sec) 1140.9586 | GPU 1966.6 MB | time 0.992 s
Part 31 | Epoch 00013 | Step 00000 | Loss 0.2702 | Train Acc 0.9150 | Speed (samples/sec) 1141.9972 | GPU 2075.9 MB | time 0.972 s
Part 27 | Epoch 00013 | Step 00000 | Loss 0.2888 | Train Acc 0.9220 | Speed (samples/sec) 1141.5922 | GPU 2060.3 MB | time 0.975 s
Part 11 | Epoch 00013 | Step 00000 | Loss 0.3866 | Train Acc 0.8860 | Speed (samples/sec) 1141.9392 | GPU 2234.7 MB | time 0.972 sPart 15 | Epoch 00013 | Step 00000 | Loss 0.3387 | Train Acc 0.9150 | Speed (samples/sec) 1142.1921 | GPU 2224.3 MB | time 0.984 s

Part 12 | Epoch 00013 | Step 00000 | Loss 0.3465 | Train Acc 0.9020 | Speed (samples/sec) 1142.0850 | GPU 2223.4 MB | time 0.983 s
Part 18 | Epoch 00013 | Step 00000 | Loss 0.3809 | Train Acc 0.8980 | Speed (samples/sec) 1140.6427 | GPU 1971.3 MB | time 0.986 sPart 16 | Epoch 00013 | Step 00000 | Loss 0.4270 | Train Acc 0.8830 | Speed (samples/sec) 1140.4682 | GPU 1960.6 MB | time 0.988 s

Part 22 | Epoch 00013 | Step 00000 | Loss 0.3545 | Train Acc 0.9080 | Speed (samples/sec) 1140.0972 | GPU 1978.6 MB | time 0.988 s
Part 21 | Epoch 00013 | Step 00000 | Loss 0.3210 | Train Acc 0.9220 | Speed (samples/sec) 1141.2012 | GPU 1974.9 MB | time 0.988 s
Part 9 | Epoch 00013 | Step 00000 | Loss 0.3183 | Train Acc 0.9070 | Speed (samples/sec) 1140.9116 | GPU 2226.2 MB | time 0.986 sPart 10 | Epoch 00013 | Step 00000 | Loss 0.3853 | Train Acc 0.8900 | Speed (samples/sec) 1141.2178 | GPU 2219.8 MB | time 0.973 s

Part 8 | Epoch 00013 | Step 00000 | Loss 0.3447 | Train Acc 0.8970 | Speed (samples/sec) 1140.4588 | GPU 2210.4 MB | time 0.993 s
Part 29 | Epoch 00013 | Step 00000 | Loss 0.2498 | Train Acc 0.9380 | Speed (samples/sec) 1141.4739 | GPU 2068.1 MB | time 0.972 s
Part 28 | Epoch 00013 | Step 00000 | Loss 0.2213 | Train Acc 0.9410 | Speed (samples/sec) 1141.7119 | GPU 2082.7 MB | time 0.968 sPart 30 | Epoch 00013 | Step 00000 | Loss 0.2821 | Train Acc 0.9240 | Speed (samples/sec) 1141.4258 | GPU 2060.7 MB | time 0.976 s
Part 24 | Epoch 00013 | Step 00000 | Loss 0.2488 | Train Acc 0.9330 | Speed (samples/sec) 1140.8605 | GPU 2057.3 MB | time 0.973 s

Part 25 | Epoch 00013 | Step 00000 | Loss 0.2470 | Train Acc 0.9410 | Speed (samples/sec) 1141.5864 | GPU 2066.5 MB | time 0.977 s
Part 26 | Epoch 00013 | Step 00000 | Loss 0.2357 | Train Acc 0.9400 | Speed (samples/sec) 1142.2361 | GPU 2066.7 MB | time 0.975 s
Part 14 | Epoch 00013 | Step 00000 | Loss 0.3235 | Train Acc 0.9040 | Speed (samples/sec) 1141.4379 | GPU 2225.8 MB | time 0.972 s
Part 13 | Epoch 00013 | Step 00000 | Loss 0.3594 | Train Acc 0.8850 | Speed (samples/sec) 1141.2491 | GPU 2222.0 MB | time 0.987 s
Part 20 | Epoch 00013 | Step 00000 | Loss 0.3179 | Train Acc 0.9080 | Speed (samples/sec) 1139.4464 | GPU 1966.1 MB | time 0.991 s
Part 6 | Epoch 00013 | Step 00000 | Loss 0.2255 | Train Acc 0.9420 | Speed (samples/sec) 1139.0954 | GPU 1921.8 MB | time 0.979 s
Part 17 | Epoch 00013 | Step 00000 | Loss 0.3200 | Train Acc 0.9150 | Speed (samples/sec) 1140.6615 | GPU 1964.7 MB | time 0.991 s
Avg train acc 0.9210
=====================
Part 5, Epoch Time(s): 5.0571
Sampling Time(s): 0.3007
Loading Time(s): 1.5918
Forward Time(s): 0.5150
Backward Time(s): 0.2131
Update Time(s): 0.0039
Emb Update Time(s): 2.4284
#seeds: 6145
#inputs: 1923202
==========================================
Part 1, Epoch Time(s): 5.0483
Sampling Time(s): 0.2936
Loading Time(s): 1.5995
Forward Time(s): 0.5056
Backward Time(s): 0.2141
Update Time(s): 0.0041
Emb Update Time(s): 2.4273
#seeds: 6145
#inputs: 1912318
==========================================
Part 2, Epoch Time(s): 5.0380
Sampling Time(s): 0.3174
Loading Time(s): 1.6801
Forward Time(s): 0.3908
Backward Time(s): 0.2140
Update Time(s): 0.0036
Emb Update Time(s): 2.4280
#seeds: 6144
#inputs: 1925401
==========================================
Part 4, Epoch Time(s): 5.0386
Sampling Time(s): 0.2787
Loading Time(s): 1.6447
Forward Time(s): 0.4659
Backward Time(s): 0.2132
Update Time(s): 0.0037
Emb Update Time(s): 2.4283
#seeds: 6144
#inputs: 1925113
==========================================
Part 3, Epoch Time(s): 5.0409
Sampling Time(s): 0.3187
Loading Time(s): 1.7453
Forward Time(s): 0.3274
Backward Time(s): 0.2135
Update Time(s): 0.0037
Emb Update Time(s): 2.4282
#seeds: 6144
#inputs: 1925704
==========================================
Part 0, Epoch Time(s): 5.0240
Sampling Time(s): 0.3264
Loading Time(s): 1.6174
Forward Time(s): 0.4297
Backward Time(s): 0.2142
Update Time(s): 0.0037
Emb Update Time(s): 2.4276
#seeds: 6144
#inputs: 1927920
==========================================
Part 7, Epoch Time(s): 5.0402
Sampling Time(s): 0.3028
Loading Time(s): 1.6243
Forward Time(s): 0.4636
Backward Time(s): 0.2130
Update Time(s): 0.0040
Emb Update Time(s): 2.4283
#seeds: 6144
#inputs: 1946846
=====================






=====================
Part 6, Epoch Time(s): 5.0357
Sampling Time(s): 0.3136
Loading Time(s): 1.7367
Forward Time(s): 0.3366
Backward Time(s): 0.2112
Update Time(s): 0.0051
Emb Update Time(s): 2.4277
#seeds: 6144
#inputs: 1937627
=====================
=====================
Part 17, Epoch Time(s): 5.0468
Sampling Time(s): 0.2680
Loading Time(s): 1.4998
Forward Time(s): 0.6287
Backward Time(s): 0.2134
Update Time(s): 0.0040
Emb Update Time(s): 2.4285
#seeds: 6144
#inputs: 1931138
==========================================
Part 18, Epoch Time(s): 5.0425
Sampling Time(s): 0.2582
Loading Time(s): 1.6346
Forward Time(s): 0.5000
Backward Time(s): 0.2133
Update Time(s): 0.0036
Emb Update Time(s): 2.4287
#seeds: 6144
#inputs: 1934816
==========================================
Part 16, Epoch Time(s): 5.0444
Sampling Time(s): 0.2715
Loading Time(s): 1.6081
Forward Time(s): 0.5152
Backward Time(s): 0.2135
Update Time(s): 0.0035
Emb Update Time(s): 2.4285
#seeds: 6144
#inputs: 1933737
==========================================
Part 23, Epoch Time(s): 5.0525
Sampling Time(s): 0.2757
Loading Time(s): 1.5344
Forward Time(s): 0.5937
Backward Time(s): 0.2115
Update Time(s): 0.0038
Emb Update Time(s): 2.4293
#seeds: 6144
#inputs: 1946244
==========================================
Part 22, Epoch Time(s): 5.0443
Sampling Time(s): 0.2702
Loading Time(s): 1.5544
Forward Time(s): 0.5701
Backward Time(s): 0.2122
Update Time(s): 0.0039
Emb Update Time(s): 2.4294
#seeds: 6144
#inputs: 1928151
=====================




=====================
Part 21, Epoch Time(s): 5.0439
Sampling Time(s): 0.2543
Loading Time(s): 1.4634
Forward Time(s): 0.6781
Backward Time(s): 0.2107
Update Time(s): 0.0042
Emb Update Time(s): 2.4290
#seeds: 6145
#inputs: 1933961
==========================================
Part 19, Epoch Time(s): 5.0480
Sampling Time(s): 0.2723
Loading Time(s): 1.5696
Forward Time(s): 0.5608
Backward Time(s): 0.2085
Update Time(s): 0.0039
Emb Update Time(s): 2.4289
#seeds: 6145
#inputs: 1938094
==========================================
Part 20, Epoch Time(s): 5.0471
Sampling Time(s): 0.2800
Loading Time(s): 1.6199
Forward Time(s): 0.4987
Backward Time(s): 0.2108
Update Time(s): 0.0039
Emb Update Time(s): 2.4294
#seeds: 6144
#inputs: 1914106
=====================


=====================
Part 12, Epoch Time(s): 5.0390
Sampling Time(s): 0.2682
Loading Time(s): 1.6616
Forward Time(s): 0.4616
Backward Time(s): 0.2104
Update Time(s): 0.0042
Emb Update Time(s): 2.4290
#seeds: 6145
#inputs: 2032264
==========================================
Part 10, Epoch Time(s): 5.0288
Sampling Time(s): 0.2927
Loading Time(s): 1.9382
Forward Time(s): 0.1922
Backward Time(s): 0.1817
Update Time(s): 0.0037
Emb Update Time(s): 2.4161
#seeds: 6144
#inputs: 2043525
==========================================
Part 9, Epoch Time(s): 5.0426
Sampling Time(s): 0.2803
Loading Time(s): 1.8886
Forward Time(s): 0.2534
Backward Time(s): 0.1904
Update Time(s): 0.0042
Emb Update Time(s): 2.4215
#seeds: 6144
#inputs: 2047194
==========================================
Part 15, Epoch Time(s): 5.0404
Sampling Time(s): 0.2912
Loading Time(s): 1.7633
Forward Time(s): 0.3444
Backward Time(s): 0.2042
Update Time(s): 0.0043
Emb Update Time(s): 2.4290
#seeds: 6144
#inputs: 2045440
=====================
=====================
Part 8, Epoch Time(s): 5.0491
Sampling Time(s): 0.2638
Loading Time(s): 1.8403
Forward Time(s): 0.2954
Backward Time(s): 0.2128
Update Time(s): 0.0042
Emb Update Time(s): 2.4285
#seeds: 6144
#inputs: 2027191
=====================
=====================
Part 14, Epoch Time(s): 5.0283
Sampling Time(s): 0.2717
Loading Time(s): 1.8734
Forward Time(s): 0.2637
Backward Time(s): 0.1868
Update Time(s): 0.0040
Emb Update Time(s): 2.4246
#seeds: 6144
#inputs: 2034452
=====================
=====================
Part 13, Epoch Time(s): 5.0433
Sampling Time(s): 0.2958
Loading Time(s): 1.8429
Forward Time(s): 0.2842
Backward Time(s): 0.1923
Update Time(s): 0.0039
Emb Update Time(s): 2.4202
#seeds: 6144
#inputs: 2040194
==========================================
Part 11, Epoch Time(s): 5.0283
Sampling Time(s): 0.2574
Loading Time(s): 1.7740
Forward Time(s): 0.3647
Backward Time(s): 0.2022
Update Time(s): 0.0043
Emb Update Time(s): 2.4217
#seeds: 6145
#inputs: 2036489
=====================




=====================
Part 30, Epoch Time(s): 5.0325
Sampling Time(s): 0.2666
Loading Time(s): 1.7723
Forward Time(s): 0.3439
Backward Time(s): 0.2120
Update Time(s): 0.0041
Emb Update Time(s): 2.4295
#seeds: 6144
#inputs: 1975772
==========================================
Part 28, Epoch Time(s): 5.0242
Sampling Time(s): 0.2609
Loading Time(s): 1.6597
Forward Time(s): 0.4539
Backward Time(s): 0.2120
Update Time(s): 0.0039
Emb Update Time(s): 2.4298
#seeds: 6144
#inputs: 1960726
==========================================
Part 25, Epoch Time(s): 5.0333
Sampling Time(s): 0.2670
Loading Time(s): 1.7620
Forward Time(s): 0.3556
Backward Time(s): 0.2114
Update Time(s): 0.0037
Emb Update Time(s): 2.4296
#seeds: 6144
#inputs: 1974467
==========================================
Part 29, Epoch Time(s): 5.0283
Sampling Time(s): 0.2795
Loading Time(s): 1.7186
Forward Time(s): 0.3806
Backward Time(s): 0.2120
Update Time(s): 0.0039
Emb Update Time(s): 2.4297
#seeds: 6144
#inputs: 1964230
==========================================
Part 24, Epoch Time(s): 5.0289
Sampling Time(s): 0.2992
Loading Time(s): 1.8329
Forward Time(s): 0.2708
Backward Time(s): 0.1940
Update Time(s): 0.0038
Emb Update Time(s): 2.4240
#seeds: 6144
#inputs: 1956325
==========================================
Part 26, Epoch Time(s): 5.0308
Sampling Time(s): 0.3230
Loading Time(s): 1.8054
Forward Time(s): 0.2547
Backward Time(s): 0.2100
Update Time(s): 0.0042
Emb Update Time(s): 2.4294
#seeds: 6145
#inputs: 1981614
==========================================
Part 31, Epoch Time(s): 5.0287
Sampling Time(s): 0.3148
Loading Time(s): 1.7729
Forward Time(s): 0.3127
Backward Time(s): 0.1975
Update Time(s): 0.0041
Emb Update Time(s): 2.4227
#seeds: 6144
#inputs: 1959301
=====================

=====================
Part 27, Epoch Time(s): 5.0311
Sampling Time(s): 0.2651
Loading Time(s): 1.8534
Forward Time(s): 0.2659
Backward Time(s): 0.2090
Update Time(s): 0.0044
Emb Update Time(s): 2.4291
#seeds: 6144
#inputs: 1981504
=====================





|V|=2449029, eval batch size: 100000
|V|=2449029, eval batch size: 100000
|V|=2449029, eval batch size: 100000
|V|=2449029, eval batch size: 100000
|V|=2449029, eval batch size: 100000
|V|=2449029, eval batch size: 100000
|V|=2449029, eval batch size: 100000
|V|=2449029, eval batch size: 100000
|V|=2449029, eval batch size: 100000
|V|=2449029, eval batch size: 100000
|V|=2449029, eval batch size: 100000
|V|=2449029, eval batch size: 100000
|V|=2449029, eval batch size: 100000
|V|=2449029, eval batch size: 100000
|V|=2449029, eval batch size: 100000
|V|=2449029, eval batch size: 100000
|V|=2449029, eval batch size: 100000
|V|=2449029, eval batch size: 100000
|V|=2449029, eval batch size: 100000
|V|=2449029, eval batch size: 100000
|V|=2449029, eval batch size: 100000
|V|=2449029, eval batch size: 100000
|V|=2449029, eval batch size: 100000
|V|=2449029, eval batch size: 100000
|V|=2449029, eval batch size: 100000
|V|=2449029, eval batch size: 100000
|V|=2449029, eval batch size: 100000
|V|=2449029, eval batch size: 100000
|V|=2449029, eval batch size: 100000
|V|=2449029, eval batch size: 100000
|V|=2449029, eval batch size: 100000
|V|=2449029, eval batch size: 100000
|V|=2449029, eval batch size: 100000
|V|=2449029, eval batch size: 100000|V|=2449029, eval batch size: 100000

|V|=2449029, eval batch size: 100000
|V|=2449029, eval batch size: 100000
|V|=2449029, eval batch size: 100000
|V|=2449029, eval batch size: 100000
|V|=2449029, eval batch size: 100000
|V|=2449029, eval batch size: 100000|V|=2449029, eval batch size: 100000

|V|=2449029, eval batch size: 100000|V|=2449029, eval batch size: 100000|V|=2449029, eval batch size: 100000


|V|=2449029, eval batch size: 100000
|V|=2449029, eval batch size: 100000
|V|=2449029, eval batch size: 100000
|V|=2449029, eval batch size: 100000|V|=2449029, eval batch size: 100000

|V|=2449029, eval batch size: 100000|V|=2449029, eval batch size: 100000|V|=2449029, eval batch size: 100000


|V|=2449029, eval batch size: 100000|V|=2449029, eval batch size: 100000

|V|=2449029, eval batch size: 100000
|V|=2449029, eval batch size: 100000
|V|=2449029, eval batch size: 100000
|V|=2449029, eval batch size: 100000
|V|=2449029, eval batch size: 100000|V|=2449029, eval batch size: 100000

|V|=2449029, eval batch size: 100000
|V|=2449029, eval batch size: 100000
|V|=2449029, eval batch size: 100000
|V|=2449029, eval batch size: 100000
|V|=2449029, eval batch size: 100000
|V|=2449029, eval batch size: 100000
|V|=2449029, eval batch size: 100000
|V|=2449029, eval batch size: 100000
|V|=2449029, eval batch size: 100000
|V|=2449029, eval batch size: 100000
|V|=2449029, eval batch size: 100000
|V|=2449029, eval batch size: 100000
|V|=2449029, eval batch size: 100000
|V|=2449029, eval batch size: 100000
|V|=2449029, eval batch size: 100000
|V|=2449029, eval batch size: 100000
|V|=2449029, eval batch size: 100000|V|=2449029, eval batch size: 100000

|V|=2449029, eval batch size: 100000|V|=2449029, eval batch size: 100000

|V|=2449029, eval batch size: 100000
|V|=2449029, eval batch size: 100000
|V|=2449029, eval batch size: 100000
|V|=2449029, eval batch size: 100000
|V|=2449029, eval batch size: 100000
|V|=2449029, eval batch size: 100000
|V|=2449029, eval batch size: 100000|V|=2449029, eval batch size: 100000
|V|=2449029, eval batch size: 100000
|V|=2449029, eval batch size: 100000

|V|=2449029, eval batch size: 100000
|V|=2449029, eval batch size: 100000
|V|=2449029, eval batch size: 100000
|V|=2449029, eval batch size: 100000
|V|=2449029, eval batch size: 100000
Part 22, Val Acc 0.8967, Test Acc 0.7764, time: 6.6538
Part 17, Val Acc 0.8853, Test Acc 0.7731, time: 6.6559
Part 21, Val Acc 0.8942, Test Acc 0.7735, time: 6.6562
Part 5, Val Acc 0.9512, Test Acc 0.8084, time: 6.6577
Part 23, Val Acc 0.9024, Test Acc 0.7743, time: 6.6577
Part 0, Val Acc 0.9471, Test Acc 0.8073, time: 6.6603
Part 19, Val Acc 0.8853, Test Acc 0.7740, time: 6.6606
Part 10, Val Acc 0.8836, Test Acc 0.7306, time: 6.6609
Part 4, Val Acc 0.9325, Test Acc 0.8085, time: 6.6615
Part 2, Val Acc 0.9398, Test Acc 0.8083, time: 6.6622
Part 16, Val Acc 0.8942, Test Acc 0.7742, time: 6.6622
Part 6, Val Acc 0.9308, Test Acc 0.8077, time: 6.6624
Part 1, Val Acc 0.9430, Test Acc 0.8072, time: 6.6630
Part 7, Val Acc 0.9447, Test Acc 0.8075, time: 6.6632
Part 3, Val Acc 0.9520, Test Acc 0.8102, time: 6.6633
Part 18, Val Acc 0.9081, Test Acc 0.7740, time: 6.6642
Part 13, Val Acc 0.8934, Test Acc 0.7290, time: 6.6661
Part 26, Val Acc 0.9333, Test Acc 0.7829, time: 6.6678
Part 28, Val Acc 0.9268, Test Acc 0.7795, time: 6.6686
Part 20, Val Acc 0.8958, Test Acc 0.7745, time: 6.6692
Part 30, Val Acc 0.9382, Test Acc 0.7818, time: 6.6697
Part 29, Val Acc 0.9056, Test Acc 0.7806, time: 6.6727
Part 25, Val Acc 0.9219, Test Acc 0.7814, time: 6.6734
Part 11, Val Acc 0.8755, Test Acc 0.7292, time: 6.6751
Part 24, Val Acc 0.9340, Test Acc 0.7783, time: 6.6753
Part 14, Val Acc 0.8885, Test Acc 0.7263, time: 6.6753
Part 27, Val Acc 0.9104, Test Acc 0.7804, time: 6.6755
Part 31, Val Acc 0.9097, Test Acc 0.7815, time: 6.6755
Part 12, Val Acc 0.9170, Test Acc 0.7297, time: 6.6785
Part 9, Val Acc 0.8999, Test Acc 0.7274, time: 6.6786
Part 15, Val Acc 0.8877, Test Acc 0.7298, time: 6.6813
Part 8, Val Acc 0.8876, Test Acc 0.7288, time: 6.6828
All parts avg val acc 0.9130, test acc 0.7730
Part 2 | Epoch 00014 | Step 00000 | Loss 0.1845 | Train Acc 0.9500 | Speed (samples/sec) 1142.5845 | GPU 1943.5 MB | time 0.951 s
Part 4 | Epoch 00014 | Step 00000 | Loss 0.1440 | Train Acc 0.9560 | Speed (samples/sec) 1142.5492 | GPU 1927.8 MB | time 0.951 s
Part 0 | Epoch 00014 | Step 00000 | Loss 0.1438 | Train Acc 0.9530 | Speed (samples/sec) 1146.6388 | GPU 1931.2 MB | time 0.930 s
Part 5 | Epoch 00014 | Step 00000 | Loss 0.2316 | Train Acc 0.9390 | Speed (samples/sec) 1141.7302 | GPU 1932.1 MB | time 0.955 s
Part 7 | Epoch 00014 | Step 00000 | Loss 0.1899 | Train Acc 0.9530 | Speed (samples/sec) 1142.5984 | GPU 1925.8 MB | time 0.950 s
Part 22 | Epoch 00014 | Step 00000 | Loss 0.3777 | Train Acc 0.8910 | Speed (samples/sec) 1142.8263 | GPU 1978.6 MB | time 0.959 s
Part 18 | Epoch 00014 | Step 00000 | Loss 0.3857 | Train Acc 0.9040 | Speed (samples/sec) 1143.4530 | GPU 1971.3 MB | time 0.948 s
Part 20 | Epoch 00014 | Step 00000 | Loss 0.3839 | Train Acc 0.8990 | Speed (samples/sec) 1142.4151 | GPU 1966.1 MB | time 0.943 s
Part 16 | Epoch 00014 | Step 00000 | Loss 0.3620 | Train Acc 0.9080 | Speed (samples/sec) 1143.2625 | GPU 1960.6 MB | time 0.951 s
Part 3 | Epoch 00014 | Step 00000 | Loss 0.1730 | Train Acc 0.9530 | Speed (samples/sec) 1142.9713 | GPU 1929.9 MB | time 0.950 s
Part 1 | Epoch 00014 | Step 00000 | Loss 0.1475 | Train Acc 0.9580 | Speed (samples/sec) 1143.0972 | GPU 1924.3 MB | time 0.950 s
Part 23 | Epoch 00014 | Step 00000 | Loss 0.3691 | Train Acc 0.8980 | Speed (samples/sec) 1142.3286 | GPU 1977.6 MB | time 0.955 s
Part 6 | Epoch 00014 | Step 00000 | Loss 0.1895 | Train Acc 0.9440 | Speed (samples/sec) 1142.0089 | GPU 1921.8 MB | time 0.950 s
Part 19 | Epoch 00014 | Step 00000 | Loss 0.3869 | Train Acc 0.9010 | Speed (samples/sec) 1143.7478 | GPU 1968.7 MB | time 0.952 s
Part 28 | Epoch 00014 | Step 00000 | Loss 0.2276 | Train Acc 0.9320 | Speed (samples/sec) 1144.4960 | GPU 2082.7 MB | time 0.944 s
Part 30 | Epoch 00014 | Step 00000 | Loss 0.2770 | Train Acc 0.9200 | Speed (samples/sec) 1144.2389 | GPU 2060.7 MB | time 0.943 sPart 24 | Epoch 00014 | Step 00000 | Loss 0.2567 | Train Acc 0.9370 | Speed (samples/sec) 1143.7817 | GPU 2057.3 MB | time 0.938 s

Part 26 | Epoch 00014 | Step 00000 | Loss 0.2703 | Train Acc 0.9270 | Speed (samples/sec) 1145.0271 | GPU 2066.7 MB | time 0.945 s
Part 14 | Epoch 00014 | Step 00000 | Loss 0.3607 | Train Acc 0.9040 | Speed (samples/sec) 1144.3185 | GPU 2225.8 MB | time 0.937 s
Part 8 | Epoch 00014 | Step 00000 | Loss 0.2888 | Train Acc 0.9230 | Speed (samples/sec) 1143.5007 | GPU 2210.4 MB | time 0.930 s
Part 21 | Epoch 00014 | Step 00000 | Loss 0.3614 | Train Acc 0.9050 | Speed (samples/sec) 1143.9287 | GPU 1974.9 MB | time 0.957 s
Part 29 | Epoch 00014 | Step 00000 | Loss 0.1982 | Train Acc 0.9480 | Speed (samples/sec) 1144.3195 | GPU 2068.1 MB | time 0.940 s
Part 27 | Epoch 00014 | Step 00000 | Loss 0.2478 | Train Acc 0.9320 | Speed (samples/sec) 1144.4590 | GPU 2060.3 MB | time 0.938 s
Part 12 | Epoch 00014 | Step 00000 | Loss 0.3437 | Train Acc 0.8990 | Speed (samples/sec) 1145.0095 | GPU 2223.4 MB | time 0.934 s
Part 15 | Epoch 00014 | Step 00000 | Loss 0.3761 | Train Acc 0.9050 | Speed (samples/sec) 1145.0846 | GPU 2224.3 MB | time 0.931 s
Part 13 | Epoch 00014 | Step 00000 | Loss 0.3607 | Train Acc 0.9030 | Speed (samples/sec) 1144.0368 | GPU 2222.0 MB | time 0.947 s
Part 11 | Epoch 00014 | Step 00000 | Loss 0.3666 | Train Acc 0.8960 | Speed (samples/sec) 1144.8286 | GPU 2234.7 MB | time 0.938 s
Part 9 | Epoch 00014 | Step 00000 | Loss 0.3533 | Train Acc 0.8920 | Speed (samples/sec) 1143.8692 | GPU 2226.2 MB | time 0.934 s
Part 31 | Epoch 00014 | Step 00000 | Loss 0.2546 | Train Acc 0.9300 | Speed (samples/sec) 1144.8346 | GPU 2075.9 MB | time 0.937 s
Part 17 | Epoch 00014 | Step 00000 | Loss 0.4035 | Train Acc 0.9080 | Speed (samples/sec) 1143.3818 | GPU 1964.7 MB | time 0.957 s
Part 25 | Epoch 00014 | Step 00000 | Loss 0.1978 | Train Acc 0.9500 | Speed (samples/sec) 1144.4316 | GPU 2066.5 MB | time 0.940 s
Part 10 | Epoch 00014 | Step 00000 | Loss 0.3357 | Train Acc 0.9100 | Speed (samples/sec) 1143.9454 | GPU 2219.8 MB | time 0.952 s
Avg train acc 0.9228
=====================
Part 1, Epoch Time(s): 5.4022
Sampling Time(s): 0.3539
Loading Time(s): 1.6011
Forward Time(s): 0.5713
Backward Time(s): 0.2158
Update Time(s): 0.0042
Emb Update Time(s): 2.6465
#seeds: 6145
#inputs: 1918369
==========================================
Part 0, Epoch Time(s): 5.3819
Sampling Time(s): 0.3929
Loading Time(s): 1.5993
Forward Time(s): 0.5133
Backward Time(s): 0.2154
Update Time(s): 0.0038
Emb Update Time(s): 2.6474
#seeds: 6144
#inputs: 1934586
==========================================
Part 5, Epoch Time(s): 5.4074
Sampling Time(s): 0.3260
Loading Time(s): 1.4589
Forward Time(s): 0.7467
Backward Time(s): 0.2145
Update Time(s): 0.0039
Emb Update Time(s): 2.6483
#seeds: 6145
#inputs: 1928754
=====================


=====================
Part 2, Epoch Time(s): 5.4029
Sampling Time(s): 0.3459
Loading Time(s): 1.6742
Forward Time(s): 0.5072
Backward Time(s): 0.2151
Update Time(s): 0.0036
Emb Update Time(s): 2.6479
#seeds: 6144
#inputs: 1926066
==========================================
Part 4, Epoch Time(s): 5.4036
Sampling Time(s): 0.3679
Loading Time(s): 1.6985
Forward Time(s): 0.4617
Backward Time(s): 0.2148
Update Time(s): 0.0038
Emb Update Time(s): 2.6478
#seeds: 6144
#inputs: 1938784
==========================================
Part 7, Epoch Time(s): 5.4020
Sampling Time(s): 0.3536
Loading Time(s): 1.6622
Forward Time(s): 0.5104
Backward Time(s): 0.2144
Update Time(s): 0.0040
Emb Update Time(s): 2.6482
#seeds: 6144
#inputs: 1940413
=====================

=====================
Part 3, Epoch Time(s): 5.4017
Sampling Time(s): 0.3536
Loading Time(s): 1.6729
Forward Time(s): 0.5002
Backward Time(s): 0.2140
Update Time(s): 0.0038
Emb Update Time(s): 2.6478
#seeds: 6144
#inputs: 1927984
=====================

=====================
Part 6, Epoch Time(s): 5.4026
Sampling Time(s): 0.3769
Loading Time(s): 1.7959
Forward Time(s): 0.3721
Backward Time(s): 0.2027
Update Time(s): 0.0050
Emb Update Time(s): 2.6405
#seeds: 6144
#inputs: 1937350
=====================
=====================
Part 17, Epoch Time(s): 5.4092
Sampling Time(s): 0.3506
Loading Time(s): 1.5277
Forward Time(s): 0.6548
Backward Time(s): 0.2145
Update Time(s): 0.0038
Emb Update Time(s): 2.6485
#seeds: 6144
#inputs: 1931548
==========================================
Part 23, Epoch Time(s): 5.4071
Sampling Time(s): 0.3093
Loading Time(s): 1.5724
Forward Time(s): 0.6497
Backward Time(s): 0.2140
Update Time(s): 0.0037
Emb Update Time(s): 2.6489
#seeds: 6144
#inputs: 1948847
==========================================
Part 16, Epoch Time(s): 5.4030
Sampling Time(s): 0.3232
Loading Time(s): 1.5205
Forward Time(s): 0.6836
Backward Time(s): 0.2146
Update Time(s): 0.0038
Emb Update Time(s): 2.6481
#seeds: 6144
#inputs: 1929178
==========================================
Part 22, Epoch Time(s): 5.4111
Sampling Time(s): 0.3204
Loading Time(s): 1.6403
Forward Time(s): 0.5931
Backward Time(s): 0.2024
Update Time(s): 0.0037
Emb Update Time(s): 2.6422
#seeds: 6144
#inputs: 1931472
=====================
=====================
Part 18, Epoch Time(s): 5.4007
Sampling Time(s): 0.3456
Loading Time(s): 1.6234
Forward Time(s): 0.5559
Backward Time(s): 0.2145
Update Time(s): 0.0036
Emb Update Time(s): 2.6486
#seeds: 6144
#inputs: 1937494
=====================
=====================
Part 21, Epoch Time(s): 5.4089
Sampling Time(s): 0.3543
Loading Time(s): 1.5612
Forward Time(s): 0.6231
Backward Time(s): 0.2084
Update Time(s): 0.0038
Emb Update Time(s): 2.6489
#seeds: 6145
#inputs: 1927933
==========================================
Part 19, Epoch Time(s): 5.4045
Sampling Time(s): 0.3432
Loading Time(s): 1.5791
Forward Time(s): 0.6064
Backward Time(s): 0.2144
Update Time(s): 0.0040
Emb Update Time(s): 2.6484
#seeds: 6145
#inputs: 1938010
=====================




=====================
Part 20, Epoch Time(s): 5.3955
Sampling Time(s): 0.3382
Loading Time(s): 1.5828
Forward Time(s): 0.5989
Backward Time(s): 0.2144
Update Time(s): 0.0037
Emb Update Time(s): 2.6485
#seeds: 6144
#inputs: 1912264
=====================
=====================
Part 28, Epoch Time(s): 5.3964
Sampling Time(s): 0.3365
Loading Time(s): 1.6187
Forward Time(s): 0.5692
Backward Time(s): 0.2101
Update Time(s): 0.0038
Emb Update Time(s): 2.6492
#seeds: 6144
#inputs: 1967688
==========================================
Part 29, Epoch Time(s): 5.3924
Sampling Time(s): 0.3251
Loading Time(s): 1.8315
Forward Time(s): 0.3600
Backward Time(s): 0.2137
Update Time(s): 0.0039
Emb Update Time(s): 2.6491
#seeds: 6144
#inputs: 1964273
==========================================
Part 30, Epoch Time(s): 5.3953
Sampling Time(s): 0.3265
Loading Time(s): 1.7970
Forward Time(s): 0.3992
Backward Time(s): 0.2105
Update Time(s): 0.0037
Emb Update Time(s): 2.6493
#seeds: 6144
#inputs: 1975572
==========================================
Part 24, Epoch Time(s): 5.3899
Sampling Time(s): 0.3421
Loading Time(s): 1.7541
Forward Time(s): 0.4243
Backward Time(s): 0.2081
Update Time(s): 0.0037
Emb Update Time(s): 2.6487
#seeds: 6144
#inputs: 1957726
=====================

=====================
Part 31, Epoch Time(s): 5.3895
Sampling Time(s): 0.3625
Loading Time(s): 1.6720
Forward Time(s): 0.4786
Backward Time(s): 0.2136
Update Time(s): 0.0042
Emb Update Time(s): 2.6492
#seeds: 6144
#inputs: 1960115
==========================================
Part 25, Epoch Time(s): 5.3917
Sampling Time(s): 0.3450
Loading Time(s): 1.8720
Forward Time(s): 0.3160
Backward Time(s): 0.2026
Update Time(s): 0.0043
Emb Update Time(s): 2.6424
#seeds: 6144
#inputs: 1978459
==========================================
Part 27, Epoch Time(s): 5.3898
Sampling Time(s): 0.3674
Loading Time(s): 1.8595
Forward Time(s): 0.3235
Backward Time(s): 0.1866
Update Time(s): 0.0041
Emb Update Time(s): 2.6396
#seeds: 6144
#inputs: 1977266
=====================




=====================
Part 26, Epoch Time(s): 5.3969
Sampling Time(s): 0.3793
Loading Time(s): 1.7652
Forward Time(s): 0.3750
Backward Time(s): 0.2141
Update Time(s): 0.0044
Emb Update Time(s): 2.6491
#seeds: 6145
#inputs: 1971179
=====================
=====================
Part 9, Epoch Time(s): 5.3865
Sampling Time(s): 0.3136
Loading Time(s): 1.7608
Forward Time(s): 0.4361
Backward Time(s): 0.2142
Update Time(s): 0.0039
Emb Update Time(s): 2.6488
#seeds: 6144
#inputs: 2039907
==========================================
Part 10, Epoch Time(s): 5.4042
Sampling Time(s): 0.3588
Loading Time(s): 1.8684
Forward Time(s): 0.3259
Backward Time(s): 0.1918
Update Time(s): 0.0038
Emb Update Time(s): 2.6461
#seeds: 6144
#inputs: 2044545
==========================================
Part 8, Epoch Time(s): 5.3821
Sampling Time(s): 0.3525
Loading Time(s): 1.9288
Forward Time(s): 0.2522
Backward Time(s): 0.1894
Update Time(s): 0.0038
Emb Update Time(s): 2.6464
#seeds: 6144
#inputs: 2025357
==========================================
Part 11, Epoch Time(s): 5.3900
Sampling Time(s): 0.3228
Loading Time(s): 1.7613
Forward Time(s): 0.4482
Backward Time(s): 0.2014
Update Time(s): 0.0041
Emb Update Time(s): 2.6431
#seeds: 6145
#inputs: 2039282
=====================

=====================
Part 12, Epoch Time(s): 5.3863
Sampling Time(s): 0.3343
Loading Time(s): 1.7192
Forward Time(s): 0.4600
Backward Time(s): 0.2106
Update Time(s): 0.0039
Emb Update Time(s): 2.6491
#seeds: 6145
#inputs: 2033609
=====================


=====================
Part 14, Epoch Time(s): 5.3896
Sampling Time(s): 0.3349
Loading Time(s): 1.8693
Forward Time(s): 0.3097
Backward Time(s): 0.2135
Update Time(s): 0.0040
Emb Update Time(s): 2.6492
#seeds: 6144
#inputs: 2029869
==========================================
Part 15, Epoch Time(s): 5.3837
Sampling Time(s): 0.3457
Loading Time(s): 1.8151
Forward Time(s): 0.3594
Backward Time(s): 0.2005
Update Time(s): 0.0041
Emb Update Time(s): 2.6495
#seeds: 6144
#inputs: 2039567
=====================

=====================
Part 13, Epoch Time(s): 5.3989
Sampling Time(s): 0.3485
Loading Time(s): 1.8963
Forward Time(s): 0.2963
Backward Time(s): 0.2024
Update Time(s): 0.0039
Emb Update Time(s): 2.6425
#seeds: 6144
#inputs: 2035258
=====================
|V|=2449029, eval batch size: 100000
|V|=2449029, eval batch size: 100000
|V|=2449029, eval batch size: 100000
|V|=2449029, eval batch size: 100000
|V|=2449029, eval batch size: 100000
|V|=2449029, eval batch size: 100000
|V|=2449029, eval batch size: 100000
|V|=2449029, eval batch size: 100000
|V|=2449029, eval batch size: 100000
|V|=2449029, eval batch size: 100000
|V|=2449029, eval batch size: 100000
|V|=2449029, eval batch size: 100000
|V|=2449029, eval batch size: 100000
|V|=2449029, eval batch size: 100000
|V|=2449029, eval batch size: 100000
|V|=2449029, eval batch size: 100000
|V|=2449029, eval batch size: 100000
|V|=2449029, eval batch size: 100000
|V|=2449029, eval batch size: 100000
|V|=2449029, eval batch size: 100000
|V|=2449029, eval batch size: 100000
|V|=2449029, eval batch size: 100000
|V|=2449029, eval batch size: 100000
|V|=2449029, eval batch size: 100000
|V|=2449029, eval batch size: 100000
|V|=2449029, eval batch size: 100000
|V|=2449029, eval batch size: 100000
|V|=2449029, eval batch size: 100000
|V|=2449029, eval batch size: 100000
|V|=2449029, eval batch size: 100000
|V|=2449029, eval batch size: 100000
|V|=2449029, eval batch size: 100000
|V|=2449029, eval batch size: 100000
|V|=2449029, eval batch size: 100000
|V|=2449029, eval batch size: 100000
|V|=2449029, eval batch size: 100000|V|=2449029, eval batch size: 100000|V|=2449029, eval batch size: 100000


|V|=2449029, eval batch size: 100000
|V|=2449029, eval batch size: 100000
|V|=2449029, eval batch size: 100000|V|=2449029, eval batch size: 100000|V|=2449029, eval batch size: 100000|V|=2449029, eval batch size: 100000



|V|=2449029, eval batch size: 100000|V|=2449029, eval batch size: 100000

|V|=2449029, eval batch size: 100000|V|=2449029, eval batch size: 100000

|V|=2449029, eval batch size: 100000|V|=2449029, eval batch size: 100000|V|=2449029, eval batch size: 100000

|V|=2449029, eval batch size: 100000
|V|=2449029, eval batch size: 100000

|V|=2449029, eval batch size: 100000
|V|=2449029, eval batch size: 100000
|V|=2449029, eval batch size: 100000
|V|=2449029, eval batch size: 100000
|V|=2449029, eval batch size: 100000|V|=2449029, eval batch size: 100000
|V|=2449029, eval batch size: 100000

|V|=2449029, eval batch size: 100000
|V|=2449029, eval batch size: 100000
|V|=2449029, eval batch size: 100000
|V|=2449029, eval batch size: 100000
|V|=2449029, eval batch size: 100000|V|=2449029, eval batch size: 100000

|V|=2449029, eval batch size: 100000|V|=2449029, eval batch size: 100000|V|=2449029, eval batch size: 100000|V|=2449029, eval batch size: 100000



|V|=2449029, eval batch size: 100000
|V|=2449029, eval batch size: 100000
|V|=2449029, eval batch size: 100000|V|=2449029, eval batch size: 100000

|V|=2449029, eval batch size: 100000
|V|=2449029, eval batch size: 100000
|V|=2449029, eval batch size: 100000
|V|=2449029, eval batch size: 100000
|V|=2449029, eval batch size: 100000
|V|=2449029, eval batch size: 100000
|V|=2449029, eval batch size: 100000
|V|=2449029, eval batch size: 100000
|V|=2449029, eval batch size: 100000|V|=2449029, eval batch size: 100000

|V|=2449029, eval batch size: 100000|V|=2449029, eval batch size: 100000

|V|=2449029, eval batch size: 100000
|V|=2449029, eval batch size: 100000
|V|=2449029, eval batch size: 100000
|V|=2449029, eval batch size: 100000
|V|=2449029, eval batch size: 100000
|V|=2449029, eval batch size: 100000
|V|=2449029, eval batch size: 100000
|V|=2449029, eval batch size: 100000
|V|=2449029, eval batch size: 100000
|V|=2449029, eval batch size: 100000
Part 5, Val Acc 0.9479, Test Acc 0.8106, time: 6.9222
Part 6, Val Acc 0.9317, Test Acc 0.8103, time: 6.9266
Part 28, Val Acc 0.9284, Test Acc 0.7822, time: 6.9265
Part 9, Val Acc 0.9007, Test Acc 0.7277, time: 6.9271
Part 19, Val Acc 0.8885, Test Acc 0.7774, time: 6.9277
Part 0, Val Acc 0.9463, Test Acc 0.8096, time: 6.9283
Part 1, Val Acc 0.9382, Test Acc 0.8091, time: 6.9285
Part 18, Val Acc 0.9048, Test Acc 0.7764, time: 6.9294
Part 21, Val Acc 0.8942, Test Acc 0.7764, time: 6.9295
Part 20, Val Acc 0.8974, Test Acc 0.7768, time: 6.9300
Part 12, Val Acc 0.9121, Test Acc 0.7300, time: 6.9306
Part 4, Val Acc 0.9325, Test Acc 0.8106, time: 6.9315
Part 10, Val Acc 0.8836, Test Acc 0.7314, time: 6.9316
Part 16, Val Acc 0.8942, Test Acc 0.7767, time: 6.9326
Part 8, Val Acc 0.8827, Test Acc 0.7284, time: 6.9330
Part 30, Val Acc 0.9365, Test Acc 0.7840, time: 6.9332
Part 23, Val Acc 0.9007, Test Acc 0.7772, time: 6.9342
Part 3, Val Acc 0.9528, Test Acc 0.8127, time: 6.9345
Part 22, Val Acc 0.9007, Test Acc 0.7788, time: 6.9346
Part 2, Val Acc 0.9406, Test Acc 0.8111, time: 6.9356
Part 27, Val Acc 0.9121, Test Acc 0.7822, time: 6.9367
Part 15, Val Acc 0.8877, Test Acc 0.7308, time: 6.9367
Part 24, Val Acc 0.9340, Test Acc 0.7802, time: 6.9374
Part 25, Val Acc 0.9235, Test Acc 0.7834, time: 6.9381
Part 7, Val Acc 0.9447, Test Acc 0.8101, time: 6.9391
Part 17, Val Acc 0.8869, Test Acc 0.7754, time: 6.9392
Part 26, Val Acc 0.9325, Test Acc 0.7850, time: 6.9402
Part 31, Val Acc 0.9097, Test Acc 0.7836, time: 6.9403
Part 29, Val Acc 0.9056, Test Acc 0.7825, time: 6.9422
Part 11, Val Acc 0.8771, Test Acc 0.7294, time: 6.9434
Part 14, Val Acc 0.8893, Test Acc 0.7272, time: 6.9443
Part 13, Val Acc 0.8926, Test Acc 0.7294, time: 6.9524
All parts avg val acc 0.9128, test acc 0.7749
Part 16 | Epoch 00015 | Step 00000 | Loss 0.3550 | Train Acc 0.9080 | Speed (samples/sec) 1140.0815 | GPU 1960.6 MB | time 0.896 sPart 22 | Epoch 00015 | Step 00000 | Loss 0.3778 | Train Acc 0.9000 | Speed (samples/sec) 1139.6996 | GPU 1978.6 MB | time 0.894 s

Part 0 | Epoch 00015 | Step 00000 | Loss 0.2287 | Train Acc 0.9410 | Speed (samples/sec) 1143.4877 | GPU 1931.2 MB | time 0.876 sPart 5 | Epoch 00015 | Step 00000 | Loss 0.1953 | Train Acc 0.9490 | Speed (samples/sec) 1138.5581 | GPU 1932.1 MB | time 0.906 s

Part 1 | Epoch 00015 | Step 00000 | Loss 0.1735 | Train Acc 0.9530 | Speed (samples/sec) 1139.9053 | GPU 1924.3 MB | time 0.900 s
Part 4 | Epoch 00015 | Step 00000 | Loss 0.1996 | Train Acc 0.9480 | Speed (samples/sec) 1139.4038 | GPU 1927.8 MB | time 0.897 s
Part 7 | Epoch 00015 | Step 00000 | Loss 0.2178 | Train Acc 0.9440 | Speed (samples/sec) 1139.5442 | GPU 1925.8 MB | time 0.890 s
Part 6 | Epoch 00015 | Step 00000 | Loss 0.2036 | Train Acc 0.9420 | Speed (samples/sec) 1138.8475 | GPU 1921.8 MB | time 0.902 s
Part 24 | Epoch 00015 | Step 00000 | Loss 0.2519 | Train Acc 0.9360 | Speed (samples/sec) 1140.6212 | GPU 2057.3 MB | time 0.891 s
Part 29 | Epoch 00015 | Step 00000 | Loss 0.2295 | Train Acc 0.9370 | Speed (samples/sec) 1141.1838 | GPU 2068.1 MB | time 0.886 s
Part 27 | Epoch 00015 | Step 00000 | Loss 0.2518 | Train Acc 0.9250 | Speed (samples/sec) 1141.2466 | GPU 2060.3 MB | time 0.892 s
Part 18 | Epoch 00015 | Step 00000 | Loss 0.3738 | Train Acc 0.8950 | Speed (samples/sec) 1140.2198 | GPU 1971.3 MB | time 0.899 sPart 19 | Epoch 00015 | Step 00000 | Loss 0.3629 | Train Acc 0.8970 | Speed (samples/sec) 1140.5005 | GPU 1968.7 MB | time 0.901 sPart 23 | Epoch 00015 | Step 00000 | Loss 0.3033 | Train Acc 0.9220 | Speed (samples/sec) 1139.2376 | GPU 1977.6 MB | time 0.894 s


Part 21 | Epoch 00015 | Step 00000 | Loss 0.3334 | Train Acc 0.9160 | Speed (samples/sec) 1140.6938 | GPU 1974.9 MB | time 0.899 s
Part 30 | Epoch 00015 | Step 00000 | Loss 0.3009 | Train Acc 0.9170 | Speed (samples/sec) 1140.9992 | GPU 2060.7 MB | time 0.895 sPart 28 | Epoch 00015 | Step 00000 | Loss 0.2050 | Train Acc 0.9450 | Speed (samples/sec) 1141.1559 | GPU 2082.7 MB | time 0.902 s

Part 26 | Epoch 00015 | Step 00000 | Loss 0.2413 | Train Acc 0.9380 | Speed (samples/sec) 1141.8533 | GPU 2066.7 MB | time 0.888 s
Part 25 | Epoch 00015 | Step 00000 | Loss 0.2357 | Train Acc 0.9410 | Speed (samples/sec) 1141.2434 | GPU 2066.5 MB | time 0.890 s
Part 17 | Epoch 00015 | Step 00000 | Loss 0.3033 | Train Acc 0.9250 | Speed (samples/sec) 1140.2804 | GPU 1964.7 MB | time 0.889 s
Part 31 | Epoch 00015 | Step 00000 | Loss 0.2160 | Train Acc 0.9460 | Speed (samples/sec) 1141.6459 | GPU 2075.9 MB | time 0.888 s
Part 2 | Epoch 00015 | Step 00000 | Loss 0.1605 | Train Acc 0.9510 | Speed (samples/sec) 1139.4845 | GPU 1943.5 MB | time 0.893 s
Part 20 | Epoch 00015 | Step 00000 | Loss 0.3771 | Train Acc 0.8990 | Speed (samples/sec) 1139.2645 | GPU 1966.1 MB | time 0.898 s
Part 10 | Epoch 00015 | Step 00000 | Loss 0.3506 | Train Acc 0.9010 | Speed (samples/sec) 1140.7121 | GPU 2219.8 MB | time 0.897 s
Part 9 | Epoch 00015 | Step 00000 | Loss 0.3947 | Train Acc 0.8820 | Speed (samples/sec) 1140.5812 | GPU 2226.2 MB | time 0.902 s
Part 12 | Epoch 00015 | Step 00000 | Loss 0.3075 | Train Acc 0.9160 | Speed (samples/sec) 1141.7108 | GPU 2223.4 MB | time 0.898 s
Part 11 | Epoch 00015 | Step 00000 | Loss 0.3146 | Train Acc 0.9130 | Speed (samples/sec) 1141.7004 | GPU 2234.7 MB | time 0.885 s
Part 3 | Epoch 00015 | Step 00000 | Loss 0.1721 | Train Acc 0.9550 | Speed (samples/sec) 1139.8355 | GPU 1929.9 MB | time 0.894 s
Part 15 | Epoch 00015 | Step 00000 | Loss 0.3580 | Train Acc 0.8920 | Speed (samples/sec) 1141.8363 | GPU 2224.3 MB | time 0.892 s
Part 13 | Epoch 00015 | Step 00000 | Loss 0.3238 | Train Acc 0.9040 | Speed (samples/sec) 1141.0488 | GPU 2222.0 MB | time 0.876 s
Part 8 | Epoch 00015 | Step 00000 | Loss 0.2622 | Train Acc 0.9270 | Speed (samples/sec) 1140.3077 | GPU 2210.4 MB | time 0.896 s
Part 14 | Epoch 00015 | Step 00000 | Loss 0.3647 | Train Acc 0.8980 | Speed (samples/sec) 1141.2106 | GPU 2225.8 MB | time 0.884 s
Avg train acc 0.9238
=====================
Part 1, Epoch Time(s): 5.2195
Sampling Time(s): 0.3348
Loading Time(s): 1.5282
Forward Time(s): 0.6830
Backward Time(s): 0.2144
Update Time(s): 0.0042
Emb Update Time(s): 2.4440
#seeds: 6145
#inputs: 1915920
==========================================
Part 0, Epoch Time(s): 5.1952
Sampling Time(s): 0.2945
Loading Time(s): 1.5658
Forward Time(s): 0.6653
Backward Time(s): 0.2093
Update Time(s): 0.0038
Emb Update Time(s): 2.4443
#seeds: 6144
#inputs: 1934962
==========================================
Part 5, Epoch Time(s): 5.2254
Sampling Time(s): 0.3276
Loading Time(s): 1.6481
Forward Time(s): 0.5952
Backward Time(s): 0.2009
Update Time(s): 0.0037
Emb Update Time(s): 2.4392
#seeds: 6145
#inputs: 1931037
==========================================
Part 3, Epoch Time(s): 5.2134
Sampling Time(s): 0.3555
Loading Time(s): 1.6744
Forward Time(s): 0.5091
Backward Time(s): 0.2142
Update Time(s): 0.0041
Emb Update Time(s): 2.4445
#seeds: 6144
#inputs: 1930618
=====================


=====================
Part 7, Epoch Time(s): 5.2088
Sampling Time(s): 0.3062
Loading Time(s): 1.6978
Forward Time(s): 0.5312
Backward Time(s): 0.2144
Update Time(s): 0.0040
Emb Update Time(s): 2.4444
#seeds: 6144
#inputs: 1936664
=====================
=====================
Part 2, Epoch Time(s): 5.2123
Sampling Time(s): 0.2864
Loading Time(s): 1.6245
Forward Time(s): 0.6276
Backward Time(s): 0.2144
Update Time(s): 0.0037
Emb Update Time(s): 2.4448
#seeds: 6144
#inputs: 1928312
=====================

=====================
Part 4, Epoch Time(s): 5.2164
Sampling Time(s): 0.2792
Loading Time(s): 1.6304
Forward Time(s): 0.6353
Backward Time(s): 0.2120
Update Time(s): 0.0038
Emb Update Time(s): 2.4448
#seeds: 6144
#inputs: 1929716
=====================
=====================
Part 6, Epoch Time(s): 5.2213
Sampling Time(s): 0.2934
Loading Time(s): 1.7351
Forward Time(s): 0.5189
Backward Time(s): 0.2142
Update Time(s): 0.0041
Emb Update Time(s): 2.4448
#seeds: 6144
#inputs: 1943955
=====================
=====================
Part 18, Epoch Time(s): 5.2186
Sampling Time(s): 0.2652
Loading Time(s): 1.5363
Forward Time(s): 0.7436
Backward Time(s): 0.2143
Update Time(s): 0.0037
Emb Update Time(s): 2.4449
#seeds: 6144
#inputs: 1939225
==========================================
Part 22, Epoch Time(s): 5.2132
Sampling Time(s): 0.2709
Loading Time(s): 1.5555
Forward Time(s): 0.7136
Backward Time(s): 0.2139
Update Time(s): 0.0037
Emb Update Time(s): 2.4451
#seeds: 6144
#inputs: 1924272
==========================================
Part 16, Epoch Time(s): 5.2154
Sampling Time(s): 0.2575
Loading Time(s): 1.5693
Forward Time(s): 0.7153
Backward Time(s): 0.2145
Update Time(s): 0.0035
Emb Update Time(s): 2.4447
#seeds: 6144
#inputs: 1934796
==========================================
Part 20, Epoch Time(s): 5.2175
Sampling Time(s): 0.2737
Loading Time(s): 1.6179
Forward Time(s): 0.6524
Backward Time(s): 0.2140
Update Time(s): 0.0038
Emb Update Time(s): 2.4450
#seeds: 6144
#inputs: 1918963
==========================================
Part 19, Epoch Time(s): 5.2202
Sampling Time(s): 0.2647
Loading Time(s): 1.5403
Forward Time(s): 0.7417
Backward Time(s): 0.2140
Update Time(s): 0.0038
Emb Update Time(s): 2.4451
#seeds: 6145
#inputs: 1937956
=====================


=====================
Part 21, Epoch Time(s): 5.2183
Sampling Time(s): 0.2660
Loading Time(s): 1.5529
Forward Time(s): 0.7256
Backward Time(s): 0.2137
Update Time(s): 0.0039
Emb Update Time(s): 2.4455
#seeds: 6145
#inputs: 1927698
=====================


=====================
Part 17, Epoch Time(s): 5.2089
Sampling Time(s): 0.2717
Loading Time(s): 1.5269
Forward Time(s): 0.7361
Backward Time(s): 0.2144
Update Time(s): 0.0040
Emb Update Time(s): 2.4448
#seeds: 6144
#inputs: 1923263
=====================
=====================
Part 23, Epoch Time(s): 5.2133
Sampling Time(s): 0.2824
Loading Time(s): 1.6141
Forward Time(s): 0.6429
Backward Time(s): 0.2135
Update Time(s): 0.0036
Emb Update Time(s): 2.4459
#seeds: 6144
#inputs: 1948160
=====================
=====================
Part 25, Epoch Time(s): 5.2097
Sampling Time(s): 0.2608
Loading Time(s): 1.6334
Forward Time(s): 0.6418
Backward Time(s): 0.2135
Update Time(s): 0.0037
Emb Update Time(s): 2.4457
#seeds: 6144
#inputs: 1974996
==========================================
Part 28, Epoch Time(s): 5.2214
Sampling Time(s): 0.2740
Loading Time(s): 1.6896
Forward Time(s): 0.5845
Backward Time(s): 0.2129
Update Time(s): 0.0036
Emb Update Time(s): 2.4461
#seeds: 6144
#inputs: 1965594
==========================================
Part 30, Epoch Time(s): 5.2145
Sampling Time(s): 0.2622
Loading Time(s): 1.9868
Forward Time(s): 0.3399
Backward Time(s): 0.1786
Update Time(s): 0.0038
Emb Update Time(s): 2.4326
#seeds: 6144
#inputs: 1974572
=====================
=====================
Part 24, Epoch Time(s): 5.2114
Sampling Time(s): 0.2723
Loading Time(s): 1.8477
Forward Time(s): 0.4170
Backward Time(s): 0.2137
Update Time(s): 0.0037
Emb Update Time(s): 2.4456
#seeds: 6144
#inputs: 1962573
==========================================
Part 31, Epoch Time(s): 5.2075
Sampling Time(s): 0.2958
Loading Time(s): 1.7744
Forward Time(s): 0.4636
Backward Time(s): 0.2127
Update Time(s): 0.0042
Emb Update Time(s): 2.4460
#seeds: 6144
#inputs: 1962694
=====================

=====================
Part 29, Epoch Time(s): 5.2057
Sampling Time(s): 0.2631
Loading Time(s): 1.8108
Forward Time(s): 0.4586
Backward Time(s): 0.2128
Update Time(s): 0.0037
Emb Update Time(s): 2.4462
#seeds: 6144
#inputs: 1967120
=====================

=====================
Part 26, Epoch Time(s): 5.2077
Sampling Time(s): 0.2778
Loading Time(s): 1.8429
Forward Time(s): 0.4172
Backward Time(s): 0.2085
Update Time(s): 0.0043
Emb Update Time(s): 2.4454
#seeds: 6145
#inputs: 1979509
=====================
=====================
Part 27, Epoch Time(s): 5.2112
Sampling Time(s): 0.2745
Loading Time(s): 1.7339
Forward Time(s): 0.5294
Backward Time(s): 0.2133
Update Time(s): 0.0044
Emb Update Time(s): 2.4451
#seeds: 6144
#inputs: 1982073
=====================

=====================
Part 10, Epoch Time(s): 5.2163
Sampling Time(s): 0.2634
Loading Time(s): 1.8641
Forward Time(s): 0.4150
Backward Time(s): 0.2134
Update Time(s): 0.0038
Emb Update Time(s): 2.4453
#seeds: 6144
#inputs: 2038468
==========================================
Part 9, Epoch Time(s): 5.2208
Sampling Time(s): 0.2840
Loading Time(s): 1.8767
Forward Time(s): 0.4104
Backward Time(s): 0.1947
Update Time(s): 0.0041
Emb Update Time(s): 2.4398
#seeds: 6144
#inputs: 2043331
==========================================
Part 12, Epoch Time(s): 5.2172
Sampling Time(s): 0.2605
Loading Time(s): 1.6673
Forward Time(s): 0.6153
Backward Time(s): 0.2133
Update Time(s): 0.0038
Emb Update Time(s): 2.4459
#seeds: 6145
#inputs: 2032975
==========================================
Part 11, Epoch Time(s): 5.2044
Sampling Time(s): 0.2705
Loading Time(s): 1.8198
Forward Time(s): 0.4545
Backward Time(s): 0.2024
Update Time(s): 0.0040
Emb Update Time(s): 2.4422
#seeds: 6145
#inputs: 2039219
==========================================
Part 8, Epoch Time(s): 5.2149
Sampling Time(s): 0.2758
Loading Time(s): 1.7843
Forward Time(s): 0.4804
Backward Time(s): 0.2140
Update Time(s): 0.0039
Emb Update Time(s): 2.4449
#seeds: 6144
#inputs: 2027291
==========================================
Part 13, Epoch Time(s): 5.1954
Sampling Time(s): 0.2814
Loading Time(s): 1.8808
Forward Time(s): 0.3878
Backward Time(s): 0.1918
Update Time(s): 0.0042
Emb Update Time(s): 2.4381
#seeds: 6144
#inputs: 2041085
=====================





=====================
Part 15, Epoch Time(s): 5.2111
Sampling Time(s): 0.2758
Loading Time(s): 1.8082
Forward Time(s): 0.4547
Backward Time(s): 0.2108
Update Time(s): 0.0042
Emb Update Time(s): 2.4460
#seeds: 6144
#inputs: 2047852
=====================
=====================
Part 14, Epoch Time(s): 5.2034
Sampling Time(s): 0.2777
Loading Time(s): 1.8899
Forward Time(s): 0.3781
Backward Time(s): 0.2030
Update Time(s): 0.0044
Emb Update Time(s): 2.4386
#seeds: 6144
#inputs: 2035471
=====================
|V|=2449029, eval batch size: 100000
|V|=2449029, eval batch size: 100000
|V|=2449029, eval batch size: 100000
|V|=2449029, eval batch size: 100000
|V|=2449029, eval batch size: 100000
|V|=2449029, eval batch size: 100000
|V|=2449029, eval batch size: 100000
|V|=2449029, eval batch size: 100000
|V|=2449029, eval batch size: 100000
|V|=2449029, eval batch size: 100000
|V|=2449029, eval batch size: 100000
|V|=2449029, eval batch size: 100000
|V|=2449029, eval batch size: 100000
|V|=2449029, eval batch size: 100000
|V|=2449029, eval batch size: 100000
|V|=2449029, eval batch size: 100000
|V|=2449029, eval batch size: 100000
|V|=2449029, eval batch size: 100000
|V|=2449029, eval batch size: 100000
|V|=2449029, eval batch size: 100000
|V|=2449029, eval batch size: 100000
|V|=2449029, eval batch size: 100000
|V|=2449029, eval batch size: 100000
|V|=2449029, eval batch size: 100000
|V|=2449029, eval batch size: 100000
|V|=2449029, eval batch size: 100000
|V|=2449029, eval batch size: 100000
|V|=2449029, eval batch size: 100000
|V|=2449029, eval batch size: 100000
|V|=2449029, eval batch size: 100000
|V|=2449029, eval batch size: 100000
|V|=2449029, eval batch size: 100000
|V|=2449029, eval batch size: 100000|V|=2449029, eval batch size: 100000
|V|=2449029, eval batch size: 100000

|V|=2449029, eval batch size: 100000
|V|=2449029, eval batch size: 100000|V|=2449029, eval batch size: 100000

|V|=2449029, eval batch size: 100000
|V|=2449029, eval batch size: 100000|V|=2449029, eval batch size: 100000|V|=2449029, eval batch size: 100000|V|=2449029, eval batch size: 100000|V|=2449029, eval batch size: 100000




|V|=2449029, eval batch size: 100000
|V|=2449029, eval batch size: 100000|V|=2449029, eval batch size: 100000|V|=2449029, eval batch size: 100000

|V|=2449029, eval batch size: 100000

|V|=2449029, eval batch size: 100000
|V|=2449029, eval batch size: 100000
|V|=2449029, eval batch size: 100000
|V|=2449029, eval batch size: 100000
|V|=2449029, eval batch size: 100000
|V|=2449029, eval batch size: 100000
|V|=2449029, eval batch size: 100000|V|=2449029, eval batch size: 100000

|V|=2449029, eval batch size: 100000|V|=2449029, eval batch size: 100000

|V|=2449029, eval batch size: 100000
|V|=2449029, eval batch size: 100000
|V|=2449029, eval batch size: 100000
|V|=2449029, eval batch size: 100000
|V|=2449029, eval batch size: 100000
|V|=2449029, eval batch size: 100000
|V|=2449029, eval batch size: 100000
|V|=2449029, eval batch size: 100000
|V|=2449029, eval batch size: 100000
|V|=2449029, eval batch size: 100000
|V|=2449029, eval batch size: 100000
|V|=2449029, eval batch size: 100000
|V|=2449029, eval batch size: 100000
|V|=2449029, eval batch size: 100000
|V|=2449029, eval batch size: 100000
|V|=2449029, eval batch size: 100000
|V|=2449029, eval batch size: 100000
|V|=2449029, eval batch size: 100000
|V|=2449029, eval batch size: 100000
|V|=2449029, eval batch size: 100000|V|=2449029, eval batch size: 100000

|V|=2449029, eval batch size: 100000
|V|=2449029, eval batch size: 100000|V|=2449029, eval batch size: 100000|V|=2449029, eval batch size: 100000


|V|=2449029, eval batch size: 100000|V|=2449029, eval batch size: 100000
|V|=2449029, eval batch size: 100000

|V|=2449029, eval batch size: 100000
|V|=2449029, eval batch size: 100000
|V|=2449029, eval batch size: 100000
|V|=2449029, eval batch size: 100000
|V|=2449029, eval batch size: 100000
|V|=2449029, eval batch size: 100000
|V|=2449029, eval batch size: 100000
|V|=2449029, eval batch size: 100000
|V|=2449029, eval batch size: 100000
Part 5, Val Acc 0.9479, Test Acc 0.8114, time: 6.9288
Part 0, Val Acc 0.9463, Test Acc 0.8101, time: 6.9306
Part 6, Val Acc 0.9325, Test Acc 0.8111, time: 6.9326
Part 20, Val Acc 0.8941, Test Acc 0.7784, time: 6.9368
Part 19, Val Acc 0.8902, Test Acc 0.7789, time: 6.9401
Part 18, Val Acc 0.9040, Test Acc 0.7780, time: 6.9404
Part 1, Val Acc 0.9390, Test Acc 0.8100, time: 6.9418
Part 2, Val Acc 0.9373, Test Acc 0.8118, time: 6.9419
Part 22, Val Acc 0.8967, Test Acc 0.7802, time: 6.9423
Part 24, Val Acc 0.9332, Test Acc 0.7821, time: 6.9423
Part 7, Val Acc 0.9430, Test Acc 0.8105, time: 6.9426
Part 14, Val Acc 0.8918, Test Acc 0.7271, time: 6.9425
Part 12, Val Acc 0.9113, Test Acc 0.7293, time: 6.9426
Part 21, Val Acc 0.8959, Test Acc 0.7782, time: 6.9429
Part 3, Val Acc 0.9536, Test Acc 0.8136, time: 6.9447
Part 13, Val Acc 0.8942, Test Acc 0.7289, time: 6.9446
Part 16, Val Acc 0.8959, Test Acc 0.7784, time: 6.9450
Part 9, Val Acc 0.8975, Test Acc 0.7272, time: 6.9451
Part 11, Val Acc 0.8788, Test Acc 0.7297, time: 6.9466
Part 15, Val Acc 0.8885, Test Acc 0.7300, time: 6.9467
Part 4, Val Acc 0.9325, Test Acc 0.8113, time: 6.9469
Part 28, Val Acc 0.9292, Test Acc 0.7837, time: 6.9477
Part 23, Val Acc 0.9048, Test Acc 0.7789, time: 6.9482
Part 29, Val Acc 0.9024, Test Acc 0.7849, time: 6.9487
Part 17, Val Acc 0.8869, Test Acc 0.7770, time: 6.9490
Part 27, Val Acc 0.9112, Test Acc 0.7845, time: 6.9491
Part 30, Val Acc 0.9308, Test Acc 0.7862, time: 6.9502
Part 25, Val Acc 0.9219, Test Acc 0.7856, time: 6.9509
Part 31, Val Acc 0.9097, Test Acc 0.7859, time: 6.9520
Part 10, Val Acc 0.8845, Test Acc 0.7310, time: 6.9550
Part 26, Val Acc 0.9349, Test Acc 0.7867, time: 6.9573
Part 8, Val Acc 0.8844, Test Acc 0.7278, time: 6.9614
All parts avg val acc 0.9126, test acc 0.7759
Part 2 | Epoch 00016 | Step 00000 | Loss 0.1775 | Train Acc 0.9520 | Speed (samples/sec) 1137.3946 | GPU 1943.5 MB | time 1.012 s
Part 4 | Epoch 00016 | Step 00000 | Loss 0.1925 | Train Acc 0.9440 | Speed (samples/sec) 1137.3598 | GPU 1927.8 MB | time 1.007 sPart 7 | Epoch 00016 | Step 00000 | Loss 0.1728 | Train Acc 0.9450 | Speed (samples/sec) 1137.4551 | GPU 1925.8 MB | time 1.011 s

Part 18 | Epoch 00016 | Step 00000 | Loss 0.3423 | Train Acc 0.9150 | Speed (samples/sec) 1138.0674 | GPU 1971.3 MB | time 1.013 s
Part 5 | Epoch 00016 | Step 00000 | Loss 0.2042 | Train Acc 0.9440 | Speed (samples/sec) 1136.4318 | GPU 1932.1 MB | time 1.025 s
Part 0 | Epoch 00016 | Step 00000 | Loss 0.1732 | Train Acc 0.9530 | Speed (samples/sec) 1141.3363 | GPU 1931.2 MB | time 0.992 s
Part 6 | Epoch 00016 | Step 00000 | Loss 0.1977 | Train Acc 0.9410 | Speed (samples/sec) 1136.7181 | GPU 1921.8 MB | time 1.020 s
Part 1 | Epoch 00016 | Step 00000 | Loss 0.1861 | Train Acc 0.9490 | Speed (samples/sec) 1137.8077 | GPU 1924.3 MB | time 1.012 s
Part 10 | Epoch 00016 | Step 00000 | Loss 0.2852 | Train Acc 0.9140 | Speed (samples/sec) 1138.6625 | GPU 2219.8 MB | time 0.999 s
Part 3 | Epoch 00016 | Step 00000 | Loss 0.1563 | Train Acc 0.9600 | Speed (samples/sec) 1137.7600 | GPU 1929.9 MB | time 1.009 s
Part 16 | Epoch 00016 | Step 00000 | Loss 0.4031 | Train Acc 0.8970 | Speed (samples/sec) 1137.9748 | GPU 1960.6 MB | time 1.008 sPart 17 | Epoch 00016 | Step 00000 | Loss 0.3565 | Train Acc 0.9030 | Speed (samples/sec) 1138.1994 | GPU 1964.7 MB | time 1.004 s

Part 20 | Epoch 00016 | Step 00000 | Loss 0.3042 | Train Acc 0.9240 | Speed (samples/sec) 1137.1396 | GPU 1966.1 MB | time 1.017 s
Part 22 | Epoch 00016 | Step 00000 | Loss 0.3176 | Train Acc 0.9160 | Speed (samples/sec) 1137.5909 | GPU 1978.6 MB | time 1.011 s
Part 19 | Epoch 00016 | Step 00000 | Loss 0.3258 | Train Acc 0.9000 | Speed (samples/sec) 1138.3465 | GPU 1968.7 MB | time 1.013 s
Part 26 | Epoch 00016 | Step 00000 | Loss 0.2331 | Train Acc 0.9400 | Speed (samples/sec) 1139.7872 | GPU 2066.7 MB | time 0.996 s
Part 29 | Epoch 00016 | Step 00000 | Loss 0.1810 | Train Acc 0.9520 | Speed (samples/sec) 1139.0405 | GPU 2068.1 MB | time 1.005 sPart 25 | Epoch 00016 | Step 00000 | Loss 0.2800 | Train Acc 0.9280 | Speed (samples/sec) 1139.1171 | GPU 2066.5 MB | time 1.003 sPart 30 | Epoch 00016 | Step 00000 | Loss 0.2279 | Train Acc 0.9420 | Speed (samples/sec) 1138.8816 | GPU 2060.7 MB | time 1.003 s
Part 28 | Epoch 00016 | Step 00000 | Loss 0.2523 | Train Acc 0.9270 | Speed (samples/sec) 1139.0063 | GPU 2082.7 MB | time 1.006 s
Part 31 | Epoch 00016 | Step 00000 | Loss 0.2155 | Train Acc 0.9320 | Speed (samples/sec) 1139.5054 | GPU 2075.9 MB | time 1.001 s
Part 24 | Epoch 00016 | Step 00000 | Loss 0.2045 | Train Acc 0.9390 | Speed (samples/sec) 1138.4560 | GPU 2057.3 MB | time 1.011 s


Part 12 | Epoch 00016 | Step 00000 | Loss 0.3200 | Train Acc 0.9010 | Speed (samples/sec) 1139.5103 | GPU 2223.4 MB | time 1.011 s
Part 9 | Epoch 00016 | Step 00000 | Loss 0.3218 | Train Acc 0.9220 | Speed (samples/sec) 1138.4520 | GPU 2226.2 MB | time 1.008 sPart 8 | Epoch 00016 | Step 00000 | Loss 0.3332 | Train Acc 0.8940 | Speed (samples/sec) 1138.3472 | GPU 2210.4 MB | time 0.992 sPart 14 | Epoch 00016 | Step 00000 | Loss 0.3339 | Train Acc 0.9110 | Speed (samples/sec) 1139.0248 | GPU 2225.8 MB | time 1.011 sPart 13 | Epoch 00016 | Step 00000 | Loss 0.3270 | Train Acc 0.9050 | Speed (samples/sec) 1138.8851 | GPU 2222.0 MB | time 1.009 s



Part 21 | Epoch 00016 | Step 00000 | Loss 0.3512 | Train Acc 0.9140 | Speed (samples/sec) 1138.5545 | GPU 1974.9 MB | time 1.011 s
Part 27 | Epoch 00016 | Step 00000 | Loss 0.2096 | Train Acc 0.9330 | Speed (samples/sec) 1139.1001 | GPU 2060.3 MB | time 1.004 s
Part 11 | Epoch 00016 | Step 00000 | Loss 0.3507 | Train Acc 0.9040 | Speed (samples/sec) 1139.5336 | GPU 2234.7 MB | time 1.007 s
Part 15 | Epoch 00016 | Step 00000 | Loss 0.3460 | Train Acc 0.9000 | Speed (samples/sec) 1139.6433 | GPU 2224.3 MB | time 1.007 s
Part 23 | Epoch 00016 | Step 00000 | Loss 0.3655 | Train Acc 0.8900 | Speed (samples/sec) 1137.2147 | GPU 1977.6 MB | time 1.005 s
Avg train acc 0.9247
=====================
Part 5, Epoch Time(s): 5.3363
Sampling Time(s): 0.3466
Loading Time(s): 1.4276
Forward Time(s): 0.7102
Backward Time(s): 0.2131
Update Time(s): 0.0037
Emb Update Time(s): 2.6306
#seeds: 6145
#inputs: 1928540
==========================================
Part 2, Epoch Time(s): 5.3233
Sampling Time(s): 0.3394
Loading Time(s): 1.6909
Forward Time(s): 0.4571
Backward Time(s): 0.2021
Update Time(s): 0.0038
Emb Update Time(s): 2.6255
#seeds: 6144
#inputs: 1924249
==========================================
Part 4, Epoch Time(s): 5.3183
Sampling Time(s): 0.3561
Loading Time(s): 1.5824
Forward Time(s): 0.5279
Backward Time(s): 0.2132
Update Time(s): 0.0037
Emb Update Time(s): 2.6304
#seeds: 6144
#inputs: 1926240
==========================================
Part 1, Epoch Time(s): 5.3234
Sampling Time(s): 0.3368
Loading Time(s): 1.5961
Forward Time(s): 0.5381
Backward Time(s): 0.2136
Update Time(s): 0.0040
Emb Update Time(s): 2.6301
#seeds: 6145
#inputs: 1924307
=====================
=====================
Part 3, Epoch Time(s): 5.3203
Sampling Time(s): 0.4193
Loading Time(s): 1.5799
Forward Time(s): 0.4678
Backward Time(s): 0.2133
Update Time(s): 0.0050
Emb Update Time(s): 2.6296
#seeds: 6144
#inputs: 1927965
=====================

=====================
Part 0, Epoch Time(s): 5.3034
Sampling Time(s): 0.3294
Loading Time(s): 1.8069
Forward Time(s): 0.3399
Backward Time(s): 0.1875
Update Time(s): 0.0036
Emb Update Time(s): 2.6307
#seeds: 6144
#inputs: 1929542
=====================
=====================
Part 7, Epoch Time(s): 5.3226
Sampling Time(s): 0.3366
Loading Time(s): 1.5547
Forward Time(s): 0.5793
Backward Time(s): 0.2128
Update Time(s): 0.0039
Emb Update Time(s): 2.6309
#seeds: 6144
#inputs: 1932870
=====================
=====================
Part 6, Epoch Time(s): 5.3319
Sampling Time(s): 0.4679
Loading Time(s): 1.6735
Forward Time(s): 0.3494
Backward Time(s): 0.2012
Update Time(s): 0.0145
Emb Update Time(s): 2.6206
#seeds: 6144
#inputs: 1936091
=====================


=====================
Part 19, Epoch Time(s): 5.3251
Sampling Time(s): 0.3513
Loading Time(s): 1.6231
Forward Time(s): 0.4980
Backward Time(s): 0.2121
Update Time(s): 0.0040
Emb Update Time(s): 2.6319
#seeds: 6145
#inputs: 1945518
==========================================
Part 17, Epoch Time(s): 5.3161
Sampling Time(s): 0.3658
Loading Time(s): 1.5532
Forward Time(s): 0.5478
Backward Time(s): 0.2086
Update Time(s): 0.0044
Emb Update Time(s): 2.6314
#seeds: 6144
#inputs: 1922324
==========================================
Part 18, Epoch Time(s): 5.3246
Sampling Time(s): 0.3382
Loading Time(s): 1.5814
Forward Time(s): 0.5528
Backward Time(s): 0.2122
Update Time(s): 0.0038
Emb Update Time(s): 2.6317
#seeds: 6144
#inputs: 1937800
==========================================
Part 22, Epoch Time(s): 5.3230
Sampling Time(s): 0.3436
Loading Time(s): 1.5500
Forward Time(s): 0.5768
Backward Time(s): 0.2119
Update Time(s): 0.0045
Emb Update Time(s): 2.6316
#seeds: 6144
#inputs: 1930052
==========================================
Part 16, Epoch Time(s): 5.3200
Sampling Time(s): 0.3347
Loading Time(s): 1.7052
Forward Time(s): 0.4277
Backward Time(s): 0.2127
Update Time(s): 0.0038
Emb Update Time(s): 2.6314
#seeds: 6144
#inputs: 1931747
==========================================
Part 23, Epoch Time(s): 5.3168
Sampling Time(s): 0.3413
Loading Time(s): 1.6198
Forward Time(s): 0.5030
Backward Time(s): 0.2119
Update Time(s): 0.0040
Emb Update Time(s): 2.6319
#seeds: 6144
#inputs: 1943509
==========================================
Part 20, Epoch Time(s): 5.3284
Sampling Time(s): 0.3525
Loading Time(s): 1.6006
Forward Time(s): 0.5231
Backward Time(s): 0.2120
Update Time(s): 0.0039
Emb Update Time(s): 2.6319
#seeds: 6144
#inputs: 1911530
=====================


=====================
Part 21, Epoch Time(s): 5.3222
Sampling Time(s): 0.3491
Loading Time(s): 1.4522
Forward Time(s): 0.6686
Backward Time(s): 0.2119
Update Time(s): 0.0041
Emb Update Time(s): 2.6317
#seeds: 6145
#inputs: 1928388
=====================




=====================
Part 25, Epoch Time(s): 5.3143
Sampling Time(s): 0.3302
Loading Time(s): 1.7336
Forward Time(s): 0.3979
Backward Time(s): 0.2118
Update Time(s): 0.0036
Emb Update Time(s): 2.6326
#seeds: 6144
#inputs: 1973825
==========================================
Part 29, Epoch Time(s): 5.3164
Sampling Time(s): 0.3370
Loading Time(s): 1.8467
Forward Time(s): 0.2946
Backward Time(s): 0.1985
Update Time(s): 0.0037
Emb Update Time(s): 2.6313
#seeds: 6144
#inputs: 1972402
==========================================
Part 30, Epoch Time(s): 5.3151
Sampling Time(s): 0.3274
Loading Time(s): 1.7820
Forward Time(s): 0.3575
Backward Time(s): 0.2070
Update Time(s): 0.0036
Emb Update Time(s): 2.6330
#seeds: 6144
#inputs: 1978117
==========================================
Part 27, Epoch Time(s): 5.3161
Sampling Time(s): 0.3423
Loading Time(s): 1.7735
Forward Time(s): 0.3556
Backward Time(s): 0.2038
Update Time(s): 0.0041
Emb Update Time(s): 2.6322
#seeds: 6144
#inputs: 1984289
==========================================
Part 24, Epoch Time(s): 5.3227
Sampling Time(s): 0.3754
Loading Time(s): 1.8046
Forward Time(s): 0.3012
Backward Time(s): 0.2007
Update Time(s): 0.0038
Emb Update Time(s): 2.6323
#seeds: 6144
#inputs: 1959703
==========================================
Part 28, Epoch Time(s): 5.3175
Sampling Time(s): 0.3372
Loading Time(s): 1.6611
Forward Time(s): 0.4671
Backward Time(s): 0.2113
Update Time(s): 0.0037
Emb Update Time(s): 2.6328
#seeds: 6144
#inputs: 1960545
==========================================
Part 31, Epoch Time(s): 5.3131
Sampling Time(s): 0.4089
Loading Time(s): 1.7695
Forward Time(s): 0.3007
Backward Time(s): 0.1995
Update Time(s): 0.0040
Emb Update Time(s): 2.6261
#seeds: 6144
#inputs: 1967015
=====================



=====================
Part 26, Epoch Time(s): 5.3077
Sampling Time(s): 0.4295
Loading Time(s): 1.8001
Forward Time(s): 0.2307
Backward Time(s): 0.2061
Update Time(s): 0.0122
Emb Update Time(s): 2.6242
#seeds: 6145
#inputs: 1974638
=====================



=====================
Part 9, Epoch Time(s): 5.3200
Sampling Time(s): 0.3298
Loading Time(s): 1.8136
Forward Time(s): 0.3556
Backward Time(s): 0.1891
Update Time(s): 0.0038
Emb Update Time(s): 2.6237
#seeds: 6144
#inputs: 2041385
==========================================
Part 10, Epoch Time(s): 5.3103
Sampling Time(s): 0.3211
Loading Time(s): 1.8348
Forward Time(s): 0.3021
Backward Time(s): 0.2121
Update Time(s): 0.0037
Emb Update Time(s): 2.6319
#seeds: 6144
#inputs: 2045530
==========================================
Part 12, Epoch Time(s): 5.3225
Sampling Time(s): 0.3561
Loading Time(s): 1.7491
Forward Time(s): 0.3651
Backward Time(s): 0.2118
Update Time(s): 0.0039
Emb Update Time(s): 2.6320
#seeds: 6145
#inputs: 2031503
==========================================
Part 11, Epoch Time(s): 5.3186
Sampling Time(s): 0.3622
Loading Time(s): 1.8549
Forward Time(s): 0.2771
Backward Time(s): 0.1919
Update Time(s): 0.0042
Emb Update Time(s): 2.6237
#seeds: 6145
#inputs: 2037135
==========================================
Part 8, Epoch Time(s): 5.3037
Sampling Time(s): 0.3487
Loading Time(s): 1.8248
Forward Time(s): 0.2947
Backward Time(s): 0.2025
Update Time(s): 0.0040
Emb Update Time(s): 2.6246
#seeds: 6144
#inputs: 2022084
=====================



=====================
Part 13, Epoch Time(s): 5.3206
Sampling Time(s): 0.3286
Loading Time(s): 1.7806
Forward Time(s): 0.3761
Backward Time(s): 0.2016
Update Time(s): 0.0040
Emb Update Time(s): 2.6253
#seeds: 6144
#inputs: 2045844
=====================
=====================
Part 14, Epoch Time(s): 5.3226
Sampling Time(s): 0.3286
Loading Time(s): 1.7245
Forward Time(s): 0.4173
Backward Time(s): 0.2114
Update Time(s): 0.0041
Emb Update Time(s): 2.6322
#seeds: 6144
#inputs: 2036121
=====================
=====================
Part 15, Epoch Time(s): 5.3183
Sampling Time(s): 0.3896
Loading Time(s): 1.7886
Forward Time(s): 0.3055
Backward Time(s): 0.1990
Update Time(s): 0.0043
Emb Update Time(s): 2.6267
#seeds: 6144
#inputs: 2039809
=====================

|V|=2449029, eval batch size: 100000
|V|=2449029, eval batch size: 100000
|V|=2449029, eval batch size: 100000
|V|=2449029, eval batch size: 100000
|V|=2449029, eval batch size: 100000
|V|=2449029, eval batch size: 100000
|V|=2449029, eval batch size: 100000
|V|=2449029, eval batch size: 100000
|V|=2449029, eval batch size: 100000
|V|=2449029, eval batch size: 100000
|V|=2449029, eval batch size: 100000
|V|=2449029, eval batch size: 100000
|V|=2449029, eval batch size: 100000
|V|=2449029, eval batch size: 100000
|V|=2449029, eval batch size: 100000
|V|=2449029, eval batch size: 100000
|V|=2449029, eval batch size: 100000
|V|=2449029, eval batch size: 100000
|V|=2449029, eval batch size: 100000
|V|=2449029, eval batch size: 100000
|V|=2449029, eval batch size: 100000
|V|=2449029, eval batch size: 100000
|V|=2449029, eval batch size: 100000
|V|=2449029, eval batch size: 100000
|V|=2449029, eval batch size: 100000
|V|=2449029, eval batch size: 100000
|V|=2449029, eval batch size: 100000
|V|=2449029, eval batch size: 100000
|V|=2449029, eval batch size: 100000
|V|=2449029, eval batch size: 100000
|V|=2449029, eval batch size: 100000
|V|=2449029, eval batch size: 100000
|V|=2449029, eval batch size: 100000|V|=2449029, eval batch size: 100000|V|=2449029, eval batch size: 100000|V|=2449029, eval batch size: 100000|V|=2449029, eval batch size: 100000




|V|=2449029, eval batch size: 100000
|V|=2449029, eval batch size: 100000
|V|=2449029, eval batch size: 100000
|V|=2449029, eval batch size: 100000
|V|=2449029, eval batch size: 100000|V|=2449029, eval batch size: 100000|V|=2449029, eval batch size: 100000


|V|=2449029, eval batch size: 100000
|V|=2449029, eval batch size: 100000
|V|=2449029, eval batch size: 100000
|V|=2449029, eval batch size: 100000|V|=2449029, eval batch size: 100000
|V|=2449029, eval batch size: 100000|V|=2449029, eval batch size: 100000|V|=2449029, eval batch size: 100000



|V|=2449029, eval batch size: 100000
|V|=2449029, eval batch size: 100000|V|=2449029, eval batch size: 100000

|V|=2449029, eval batch size: 100000
|V|=2449029, eval batch size: 100000
|V|=2449029, eval batch size: 100000|V|=2449029, eval batch size: 100000

|V|=2449029, eval batch size: 100000
|V|=2449029, eval batch size: 100000
|V|=2449029, eval batch size: 100000
|V|=2449029, eval batch size: 100000
|V|=2449029, eval batch size: 100000
|V|=2449029, eval batch size: 100000
|V|=2449029, eval batch size: 100000|V|=2449029, eval batch size: 100000|V|=2449029, eval batch size: 100000
|V|=2449029, eval batch size: 100000
|V|=2449029, eval batch size: 100000


|V|=2449029, eval batch size: 100000
|V|=2449029, eval batch size: 100000
|V|=2449029, eval batch size: 100000
|V|=2449029, eval batch size: 100000
|V|=2449029, eval batch size: 100000
|V|=2449029, eval batch size: 100000|V|=2449029, eval batch size: 100000

|V|=2449029, eval batch size: 100000
|V|=2449029, eval batch size: 100000
|V|=2449029, eval batch size: 100000|V|=2449029, eval batch size: 100000

|V|=2449029, eval batch size: 100000|V|=2449029, eval batch size: 100000

|V|=2449029, eval batch size: 100000
|V|=2449029, eval batch size: 100000
|V|=2449029, eval batch size: 100000
|V|=2449029, eval batch size: 100000
|V|=2449029, eval batch size: 100000|V|=2449029, eval batch size: 100000

|V|=2449029, eval batch size: 100000
|V|=2449029, eval batch size: 100000
|V|=2449029, eval batch size: 100000|V|=2449029, eval batch size: 100000

|V|=2449029, eval batch size: 100000
|V|=2449029, eval batch size: 100000
|V|=2449029, eval batch size: 100000
Part 11, Val Acc 0.8763, Test Acc 0.7296, time: 6.6590
Part 28, Val Acc 0.9292, Test Acc 0.7810, time: 6.6592
Part 5, Val Acc 0.9479, Test Acc 0.8127, time: 6.6611
Part 18, Val Acc 0.9032, Test Acc 0.7764, time: 6.6621
Part 10, Val Acc 0.8828, Test Acc 0.7310, time: 6.6625
Part 21, Val Acc 0.8950, Test Acc 0.7757, time: 6.6636
Part 7, Val Acc 0.9430, Test Acc 0.8122, time: 6.6687
Part 6, Val Acc 0.9373, Test Acc 0.8128, time: 6.6692
Part 13, Val Acc 0.8975, Test Acc 0.7285, time: 6.6697
Part 3, Val Acc 0.9536, Test Acc 0.8157, time: 6.6702
Part 24, Val Acc 0.9332, Test Acc 0.7804, time: 6.6700
Part 2, Val Acc 0.9382, Test Acc 0.8136, time: 6.6706
Part 8, Val Acc 0.8811, Test Acc 0.7277, time: 6.6705
Part 27, Val Acc 0.9121, Test Acc 0.7819, time: 6.6710
Part 15, Val Acc 0.8828, Test Acc 0.7301, time: 6.6710
Part 17, Val Acc 0.8853, Test Acc 0.7748, time: 6.6712
Part 4, Val Acc 0.9349, Test Acc 0.8129, time: 6.6714
Part 29, Val Acc 0.9048, Test Acc 0.7822, time: 6.6719
Part 30, Val Acc 0.9357, Test Acc 0.7835, time: 6.6719
Part 19, Val Acc 0.8877, Test Acc 0.7769, time: 6.6721
Part 25, Val Acc 0.9243, Test Acc 0.7834, time: 6.6724
Part 0, Val Acc 0.9447, Test Acc 0.8124, time: 6.6735
Part 14, Val Acc 0.8869, Test Acc 0.7272, time: 6.6751
Part 1, Val Acc 0.9390, Test Acc 0.8123, time: 6.6755
Part 9, Val Acc 0.8950, Test Acc 0.7272, time: 6.6763
Part 26, Val Acc 0.9341, Test Acc 0.7840, time: 6.6764
Part 22, Val Acc 0.8983, Test Acc 0.7776, time: 6.6767
Part 20, Val Acc 0.8950, Test Acc 0.7760, time: 6.6771
Part 12, Val Acc 0.9089, Test Acc 0.7295, time: 6.6810
Part 23, Val Acc 0.9024, Test Acc 0.7768, time: 6.6819
Part 16, Val Acc 0.8959, Test Acc 0.7763, time: 6.6826
Part 31, Val Acc 0.9097, Test Acc 0.7839, time: 6.7178
All parts avg val acc 0.9124, test acc 0.7752
Part 4 | Epoch 00017 | Step 00000 | Loss 0.1601 | Train Acc 0.9520 | Speed (samples/sec) 1135.8919 | GPU 1927.8 MB | time 0.970 s
Part 5 | Epoch 00017 | Step 00000 | Loss 0.1985 | Train Acc 0.9410 | Speed (samples/sec) 1134.9492 | GPU 1932.1 MB | time 0.980 s
Part 2 | Epoch 00017 | Step 00000 | Loss 0.1825 | Train Acc 0.9570 | Speed (samples/sec) 1135.9146 | GPU 1943.5 MB | time 0.971 s
Part 0 | Epoch 00017 | Step 00000 | Loss 0.1692 | Train Acc 0.9470 | Speed (samples/sec) 1140.0926 | GPU 1931.2 MB | time 0.923 s
Part 6 | Epoch 00017 | Step 00000 | Loss 0.1620 | Train Acc 0.9540 | Speed (samples/sec) 1135.2754 | GPU 1921.8 MB | time 0.972 s
Part 1 | Epoch 00017 | Step 00000 | Loss 0.1940 | Train Acc 0.9450 | Speed (samples/sec) 1136.3743 | GPU 1924.3 MB | time 0.966 s
Part 7 | Epoch 00017 | Step 00000 | Loss 0.1905 | Train Acc 0.9510 | Speed (samples/sec) 1135.9569 | GPU 1925.8 MB | time 0.973 s
Part 3 | Epoch 00017 | Step 00000 | Loss 0.1932 | Train Acc 0.9540 | Speed (samples/sec) 1136.2682 | GPU 1929.9 MB | time 0.971 s
Part 21 | Epoch 00017 | Step 00000 | Loss 0.3327 | Train Acc 0.9090 | Speed (samples/sec) 1136.9686 | GPU 1974.9 MB | time 0.978 s
Part 18 | Epoch 00017 | Step 00000 | Loss 0.3490 | Train Acc 0.8970 | Speed (samples/sec) 1136.4720 | GPU 1971.3 MB | time 0.979 s
Part 20 | Epoch 00017 | Step 00000 | Loss 0.4005 | Train Acc 0.8940 | Speed (samples/sec) 1135.7368 | GPU 1966.1 MB | time 0.964 s
Part 22 | Epoch 00017 | Step 00000 | Loss 0.3568 | Train Acc 0.8910 | Speed (samples/sec) 1136.1604 | GPU 1978.6 MB | time 0.965 sPart 16 | Epoch 00017 | Step 00000 | Loss 0.3643 | Train Acc 0.8890 | Speed (samples/sec) 1136.5751 | GPU 1960.6 MB | time 0.959 s

Part 17 | Epoch 00017 | Step 00000 | Loss 0.3882 | Train Acc 0.9000 | Speed (samples/sec) 1136.6839 | GPU 1964.7 MB | time 0.970 s
Part 19 | Epoch 00017 | Step 00000 | Loss 0.3209 | Train Acc 0.9080 | Speed (samples/sec) 1136.8492 | GPU 1968.7 MB | time 0.970 s
Part 28 | Epoch 00017 | Step 00000 | Loss 0.2120 | Train Acc 0.9390 | Speed (samples/sec) 1137.3294 | GPU 2082.7 MB | time 0.982 s
Part 29 | Epoch 00017 | Step 00000 | Loss 0.2348 | Train Acc 0.9430 | Speed (samples/sec) 1137.4760 | GPU 2068.1 MB | time 0.970 s
Part 13 | Epoch 00017 | Step 00000 | Loss 0.3303 | Train Acc 0.9060 | Speed (samples/sec) 1137.3109 | GPU 2222.0 MB | time 0.972 s
Part 12 | Epoch 00017 | Step 00000 | Loss 0.2677 | Train Acc 0.9180 | Speed (samples/sec) 1138.0246 | GPU 2223.4 MB | time 0.960 s
Part 14 | Epoch 00017 | Step 00000 | Loss 0.3448 | Train Acc 0.8950 | Speed (samples/sec) 1137.4930 | GPU 2225.8 MB | time 0.966 s
Part 10 | Epoch 00017 | Step 00000 | Loss 0.3933 | Train Acc 0.8860 | Speed (samples/sec) 1137.0349 | GPU 2219.8 MB | time 0.979 s
Part 9 | Epoch 00017 | Step 00000 | Loss 0.3080 | Train Acc 0.9090 | Speed (samples/sec) 1136.9633 | GPU 2226.2 MB | time 0.965 s
Part 30 | Epoch 00017 | Step 00000 | Loss 0.2602 | Train Acc 0.9320 | Speed (samples/sec) 1137.3290 | GPU 2063.7 MB | time 0.970 s
Part 31 | Epoch 00017 | Step 00000 | Loss 0.2326 | Train Acc 0.9400 | Speed (samples/sec) 1138.3534 | GPU 2075.9 MB | time 0.924 sPart 25 | Epoch 00017 | Step 00000 | Loss 0.2226 | Train Acc 0.9380 | Speed (samples/sec) 1137.5551 | GPU 2066.5 MB | time 0.969 s

Part 11 | Epoch 00017 | Step 00000 | Loss 0.3460 | Train Acc 0.8960 | Speed (samples/sec) 1137.8486 | GPU 2234.7 MB | time 0.983 s
Part 15 | Epoch 00017 | Step 00000 | Loss 0.2792 | Train Acc 0.9200 | Speed (samples/sec) 1138.0391 | GPU 2224.3 MB | time 0.971 s
Part 27 | Epoch 00017 | Step 00000 | Loss 0.2733 | Train Acc 0.9220 | Speed (samples/sec) 1137.5262 | GPU 2060.3 MB | time 0.971 s
Part 24 | Epoch 00017 | Step 00000 | Loss 0.2161 | Train Acc 0.9380 | Speed (samples/sec) 1136.9122 | GPU 2057.3 MB | time 0.972 s
Part 26 | Epoch 00017 | Step 00000 | Loss 0.2567 | Train Acc 0.9220 | Speed (samples/sec) 1138.2472 | GPU 2066.7 MB | time 0.965 s
Part 23 | Epoch 00017 | Step 00000 | Loss 0.3727 | Train Acc 0.8920 | Speed (samples/sec) 1135.8593 | GPU 1977.6 MB | time 0.960 s
Part 8 | Epoch 00017 | Step 00000 | Loss 0.3062 | Train Acc 0.9110 | Speed (samples/sec) 1136.8120 | GPU 2210.4 MB | time 0.971 s
Avg train acc 0.9218
=====================
Part 2, Epoch Time(s): 4.9499
Sampling Time(s): 0.2787
Loading Time(s): 1.6780
Forward Time(s): 0.4686
Backward Time(s): 0.2191
Update Time(s): 0.0035
Emb Update Time(s): 2.2977
#seeds: 6144
#inputs: 1922869
==========================================
Part 5, Epoch Time(s): 4.9594
Sampling Time(s): 0.2888
Loading Time(s): 1.5131
Forward Time(s): 0.6332
Backward Time(s): 0.2181
Update Time(s): 0.0038
Emb Update Time(s): 2.2982
#seeds: 6145
#inputs: 1931288
==========================================
Part 1, Epoch Time(s): 4.9450
Sampling Time(s): 0.2748
Loading Time(s): 1.5312
Forward Time(s): 0.6142
Backward Time(s): 0.2192
Update Time(s): 0.0039
Emb Update Time(s): 2.2971
#seeds: 6145
#inputs: 1921536
==========================================
Part 0, Epoch Time(s): 4.9020
Sampling Time(s): 0.2976
Loading Time(s): 1.6029
Forward Time(s): 0.4761
Backward Time(s): 0.2193
Update Time(s): 0.0035
Emb Update Time(s): 2.2975
#seeds: 6144
#inputs: 1928971
==========================================
Part 4, Epoch Time(s): 4.9491
Sampling Time(s): 0.2723
Loading Time(s): 1.6406
Forward Time(s): 0.5118
Backward Time(s): 0.2187
Update Time(s): 0.0036
Emb Update Time(s): 2.2977
#seeds: 6144
#inputs: 1926526
==========================================
Part 6, Epoch Time(s): 4.9510
Sampling Time(s): 0.3124
Loading Time(s): 1.7227
Forward Time(s): 0.3911
Backward Time(s): 0.2179
Update Time(s): 0.0038
Emb Update Time(s): 2.2986
#seeds: 6144
#inputs: 1945146
==========================================
Part 3, Epoch Time(s): 4.9502
Sampling Time(s): 0.3449
Loading Time(s): 1.6759
Forward Time(s): 0.4045
Backward Time(s): 0.2189
Update Time(s): 0.0041
Emb Update Time(s): 2.2973
#seeds: 6144
#inputs: 1926541
=====================






=====================
Part 7, Epoch Time(s): 4.9518
Sampling Time(s): 0.2685
Loading Time(s): 1.7075
Forward Time(s): 0.4508
Backward Time(s): 0.2180
Update Time(s): 0.0038
Emb Update Time(s): 2.2987
#seeds: 6144
#inputs: 1936878
=====================
=====================
Part 16, Epoch Time(s): 4.9377
Sampling Time(s): 0.3097
Loading Time(s): 1.6382
Forward Time(s): 0.4649
Backward Time(s): 0.2190
Update Time(s): 0.0035
Emb Update Time(s): 2.2980
#seeds: 6144
#inputs: 1936717
==========================================
Part 18, Epoch Time(s): 4.9584
Sampling Time(s): 0.2656
Loading Time(s): 1.6248
Forward Time(s): 0.5433
Backward Time(s): 0.2185
Update Time(s): 0.0037
Emb Update Time(s): 2.2981
#seeds: 6144
#inputs: 1941240
==========================================
Part 17, Epoch Time(s): 4.9492
Sampling Time(s): 0.2639
Loading Time(s): 1.5810
Forward Time(s): 0.5791
Backward Time(s): 0.2188
Update Time(s): 0.0041
Emb Update Time(s): 2.2977
#seeds: 6144
#inputs: 1925856
==========================================
Part 22, Epoch Time(s): 4.9436
Sampling Time(s): 0.2565
Loading Time(s): 1.6725
Forward Time(s): 0.5008
Backward Time(s): 0.2075
Update Time(s): 0.0037
Emb Update Time(s): 2.2982
#seeds: 6144
#inputs: 1928946
==========================================
Part 23, Epoch Time(s): 4.9385
Sampling Time(s): 0.2724
Loading Time(s): 1.5462
Forward Time(s): 0.5947
Backward Time(s): 0.2177
Update Time(s): 0.0038
Emb Update Time(s): 2.2992
#seeds: 6144
#inputs: 1949122
=====================



=====================
Part 21, Epoch Time(s): 4.9569
Sampling Time(s): 0.2632
Loading Time(s): 1.5400
Forward Time(s): 0.6288
Backward Time(s): 0.2180
Update Time(s): 0.0038
Emb Update Time(s): 2.2986
#seeds: 6145
#inputs: 1924158
==========================================
Part 20, Epoch Time(s): 4.9434
Sampling Time(s): 0.2683
Loading Time(s): 1.6001
Forward Time(s): 0.5502
Backward Time(s): 0.2180
Update Time(s): 0.0042
Emb Update Time(s): 2.2981
#seeds: 6144
#inputs: 1916479
=====================
=====================
Part 19, Epoch Time(s): 4.9484
Sampling Time(s): 0.2883
Loading Time(s): 1.6615
Forward Time(s): 0.4922
Backward Time(s): 0.2067
Update Time(s): 0.0036
Emb Update Time(s): 2.2916
#seeds: 6145
#inputs: 1939324
=====================


=====================
Part 8, Epoch Time(s): 4.9500
Sampling Time(s): 0.3187
Loading Time(s): 1.8795
Forward Time(s): 0.2678
Backward Time(s): 0.1872
Update Time(s): 0.0046
Emb Update Time(s): 2.2876
#seeds: 6144
#inputs: 2025289
==========================================
Part 9, Epoch Time(s): 4.9441
Sampling Time(s): 0.2890
Loading Time(s): 1.8008
Forward Time(s): 0.3293
Backward Time(s): 0.2208
Update Time(s): 0.0040
Emb Update Time(s): 2.2958
#seeds: 6144
#inputs: 2044690
==========================================
Part 10, Epoch Time(s): 4.9580
Sampling Time(s): 0.2914
Loading Time(s): 1.7934
Forward Time(s): 0.3657
Backward Time(s): 0.2074
Update Time(s): 0.0036
Emb Update Time(s): 2.2922
#seeds: 6144
#inputs: 2050247
=====================
=====================
Part 11, Epoch Time(s): 4.9614
Sampling Time(s): 0.2786
Loading Time(s): 1.7250
Forward Time(s): 0.4402
Backward Time(s): 0.2101
Update Time(s): 0.0039
Emb Update Time(s): 2.2991
#seeds: 6145
#inputs: 2035321
==========================================
Part 14, Epoch Time(s): 4.9453
Sampling Time(s): 0.2732
Loading Time(s): 1.9049
Forward Time(s): 0.2441
Backward Time(s): 0.2160
Update Time(s): 0.0037
Emb Update Time(s): 2.2991
#seeds: 6144
#inputs: 2026424
==========================================
Part 12, Epoch Time(s): 4.9394
Sampling Time(s): 0.2640
Loading Time(s): 1.7015
Forward Time(s): 0.4491
Backward Time(s): 0.2173
Update Time(s): 0.0038
Emb Update Time(s): 2.2993
#seeds: 6145
#inputs: 2038626
=====================

=====================
Part 15, Epoch Time(s): 4.9494
Sampling Time(s): 0.2897
Loading Time(s): 1.9389
Forward Time(s): 0.2330
Backward Time(s): 0.1923
Update Time(s): 0.0039
Emb Update Time(s): 2.2872
#seeds: 6144
#inputs: 2042935
=====================
=====================
Part 13, Epoch Time(s): 4.9507
Sampling Time(s): 0.2776
Loading Time(s): 1.8874
Forward Time(s): 0.2675
Backward Time(s): 0.2107
Update Time(s): 0.0038
Emb Update Time(s): 2.2993
#seeds: 6144
#inputs: 2040425
=====================



=====================
Part 25, Epoch Time(s): 4.9478
Sampling Time(s): 0.2632
Loading Time(s): 1.6487
Forward Time(s): 0.5108
Backward Time(s): 0.2180
Update Time(s): 0.0036
Emb Update Time(s): 2.2991
#seeds: 6144
#inputs: 1978784
==========================================
Part 28, Epoch Time(s): 4.9613
Sampling Time(s): 0.2682
Loading Time(s): 1.7701
Forward Time(s): 0.3981
Backward Time(s): 0.2175
Update Time(s): 0.0038
Emb Update Time(s): 2.2992
#seeds: 6144
#inputs: 1958361
==========================================
Part 31, Epoch Time(s): 4.9024
Sampling Time(s): 0.3154
Loading Time(s): 1.6876
Forward Time(s): 0.3897
Backward Time(s): 0.2048
Update Time(s): 0.0044
Emb Update Time(s): 2.2963
#seeds: 6144
#inputs: 1963260
==========================================
Part 29, Epoch Time(s): 4.9487
Sampling Time(s): 0.2654
Loading Time(s): 1.7683
Forward Time(s): 0.3935
Backward Time(s): 0.2140
Update Time(s): 0.0040
Emb Update Time(s): 2.2991
#seeds: 6144
#inputs: 1962075
==========================================
Part 30, Epoch Time(s): 4.9485
Sampling Time(s): 0.2771
Loading Time(s): 1.7282
Forward Time(s): 0.4180
Backward Time(s): 0.2173
Update Time(s): 0.0038
Emb Update Time(s): 2.2997
#seeds: 6144
#inputs: 1975299
==========================================
Part 24, Epoch Time(s): 4.9513
Sampling Time(s): 0.2678
Loading Time(s): 1.8648
Forward Time(s): 0.3110
Backward Time(s): 0.2050
Update Time(s): 0.0041
Emb Update Time(s): 2.2929
#seeds: 6144
#inputs: 1956431
==========================================
Part 26, Epoch Time(s): 4.9449
Sampling Time(s): 0.2723
Loading Time(s): 1.7546
Forward Time(s): 0.3980
Backward Time(s): 0.2108
Update Time(s): 0.0049
Emb Update Time(s): 2.2983
#seeds: 6145
#inputs: 1973828
=====================



=====================
Part 27, Epoch Time(s): 4.9495
Sampling Time(s): 0.2552
Loading Time(s): 1.7391
Forward Time(s): 0.4398
Backward Time(s): 0.2080
Update Time(s): 0.0043
Emb Update Time(s): 2.2986
#seeds: 6144
#inputs: 1983095
=====================



|V|=2449029, eval batch size: 100000
|V|=2449029, eval batch size: 100000
|V|=2449029, eval batch size: 100000
|V|=2449029, eval batch size: 100000|V|=2449029, eval batch size: 100000

|V|=2449029, eval batch size: 100000
|V|=2449029, eval batch size: 100000
|V|=2449029, eval batch size: 100000
|V|=2449029, eval batch size: 100000
|V|=2449029, eval batch size: 100000
|V|=2449029, eval batch size: 100000
|V|=2449029, eval batch size: 100000
|V|=2449029, eval batch size: 100000
|V|=2449029, eval batch size: 100000
|V|=2449029, eval batch size: 100000
|V|=2449029, eval batch size: 100000
|V|=2449029, eval batch size: 100000
|V|=2449029, eval batch size: 100000
|V|=2449029, eval batch size: 100000
|V|=2449029, eval batch size: 100000
|V|=2449029, eval batch size: 100000
|V|=2449029, eval batch size: 100000
|V|=2449029, eval batch size: 100000|V|=2449029, eval batch size: 100000

|V|=2449029, eval batch size: 100000
|V|=2449029, eval batch size: 100000
|V|=2449029, eval batch size: 100000
|V|=2449029, eval batch size: 100000
|V|=2449029, eval batch size: 100000
|V|=2449029, eval batch size: 100000
|V|=2449029, eval batch size: 100000
|V|=2449029, eval batch size: 100000
|V|=2449029, eval batch size: 100000
|V|=2449029, eval batch size: 100000|V|=2449029, eval batch size: 100000
|V|=2449029, eval batch size: 100000
|V|=2449029, eval batch size: 100000

|V|=2449029, eval batch size: 100000
|V|=2449029, eval batch size: 100000
|V|=2449029, eval batch size: 100000
|V|=2449029, eval batch size: 100000|V|=2449029, eval batch size: 100000|V|=2449029, eval batch size: 100000


|V|=2449029, eval batch size: 100000|V|=2449029, eval batch size: 100000|V|=2449029, eval batch size: 100000

|V|=2449029, eval batch size: 100000

|V|=2449029, eval batch size: 100000|V|=2449029, eval batch size: 100000

|V|=2449029, eval batch size: 100000
|V|=2449029, eval batch size: 100000
|V|=2449029, eval batch size: 100000
|V|=2449029, eval batch size: 100000|V|=2449029, eval batch size: 100000
|V|=2449029, eval batch size: 100000|V|=2449029, eval batch size: 100000
|V|=2449029, eval batch size: 100000


|V|=2449029, eval batch size: 100000
|V|=2449029, eval batch size: 100000
|V|=2449029, eval batch size: 100000|V|=2449029, eval batch size: 100000
|V|=2449029, eval batch size: 100000
|V|=2449029, eval batch size: 100000

|V|=2449029, eval batch size: 100000
|V|=2449029, eval batch size: 100000
|V|=2449029, eval batch size: 100000|V|=2449029, eval batch size: 100000|V|=2449029, eval batch size: 100000


|V|=2449029, eval batch size: 100000
|V|=2449029, eval batch size: 100000
|V|=2449029, eval batch size: 100000
|V|=2449029, eval batch size: 100000|V|=2449029, eval batch size: 100000
|V|=2449029, eval batch size: 100000|V|=2449029, eval batch size: 100000


|V|=2449029, eval batch size: 100000|V|=2449029, eval batch size: 100000

|V|=2449029, eval batch size: 100000
|V|=2449029, eval batch size: 100000
|V|=2449029, eval batch size: 100000|V|=2449029, eval batch size: 100000|V|=2449029, eval batch size: 100000


|V|=2449029, eval batch size: 100000
|V|=2449029, eval batch size: 100000
|V|=2449029, eval batch size: 100000
|V|=2449029, eval batch size: 100000|V|=2449029, eval batch size: 100000
|V|=2449029, eval batch size: 100000

|V|=2449029, eval batch size: 100000
|V|=2449029, eval batch size: 100000
|V|=2449029, eval batch size: 100000
|V|=2449029, eval batch size: 100000
|V|=2449029, eval batch size: 100000
|V|=2449029, eval batch size: 100000
|V|=2449029, eval batch size: 100000
|V|=2449029, eval batch size: 100000
Part 30, Val Acc 0.9341, Test Acc 0.7887, time: 7.0199
Part 5, Val Acc 0.9496, Test Acc 0.8115, time: 7.0206
Part 6, Val Acc 0.9357, Test Acc 0.8112, time: 7.0209
Part 10, Val Acc 0.8861, Test Acc 0.7298, time: 7.0213
Part 26, Val Acc 0.9325, Test Acc 0.7905, time: 7.0214
Part 28, Val Acc 0.9292, Test Acc 0.7868, time: 7.0215
Part 0, Val Acc 0.9496, Test Acc 0.8107, time: 7.0220
Part 18, Val Acc 0.9032, Test Acc 0.7785, time: 7.0220
Part 19, Val Acc 0.8902, Test Acc 0.7780, time: 7.0234
Part 21, Val Acc 0.8926, Test Acc 0.7774, time: 7.0239
Part 9, Val Acc 0.8893, Test Acc 0.7266, time: 7.0239
Part 31, Val Acc 0.9064, Test Acc 0.7885, time: 7.0254
Part 23, Val Acc 0.9032, Test Acc 0.7790, time: 7.0255
Part 25, Val Acc 0.9243, Test Acc 0.7891, time: 7.0257
Part 20, Val Acc 0.8958, Test Acc 0.7780, time: 7.0262
Part 11, Val Acc 0.8771, Test Acc 0.7285, time: 7.0271
Part 14, Val Acc 0.8934, Test Acc 0.7268, time: 7.0272
Part 12, Val Acc 0.9105, Test Acc 0.7283, time: 7.0276
Part 1, Val Acc 0.9406, Test Acc 0.8105, time: 7.0286
Part 24, Val Acc 0.9332, Test Acc 0.7859, time: 7.0286
Part 16, Val Acc 0.8975, Test Acc 0.7783, time: 7.0294
Part 3, Val Acc 0.9536, Test Acc 0.8135, time: 7.0297
Part 22, Val Acc 0.9015, Test Acc 0.7797, time: 7.0305
Part 29, Val Acc 0.9048, Test Acc 0.7879, time: 7.0315
Part 7, Val Acc 0.9422, Test Acc 0.8105, time: 7.0318
Part 2, Val Acc 0.9357, Test Acc 0.8124, time: 7.0320
Part 4, Val Acc 0.9325, Test Acc 0.8117, time: 7.0324
Part 13, Val Acc 0.8983, Test Acc 0.7277, time: 7.0330
Part 27, Val Acc 0.9112, Test Acc 0.7876, time: 7.0394
Part 17, Val Acc 0.8877, Test Acc 0.7773, time: 7.0412
Part 8, Val Acc 0.8909, Test Acc 0.7263, time: 7.0457
Part 15, Val Acc 0.8861, Test Acc 0.7301, time: 7.0461
All parts avg val acc 0.9131, test acc 0.7765
Part 1 | Epoch 00018 | Step 00000 | Loss 0.2014 | Train Acc 0.9540 | Speed (samples/sec) 1140.6073 | GPU 1924.3 MB | time 0.942 s
Part 5 | Epoch 00018 | Step 00000 | Loss 0.1780 | Train Acc 0.9480 | Speed (samples/sec) 1139.1880 | GPU 1932.1 MB | time 0.950 s
Part 0 | Epoch 00018 | Step 00000 | Loss 0.1767 | Train Acc 0.9500 | Speed (samples/sec) 1144.2680 | GPU 1931.2 MB | time 0.924 s
Part 4 | Epoch 00018 | Step 00000 | Loss 0.1828 | Train Acc 0.9440 | Speed (samples/sec) 1140.1621 | GPU 1927.8 MB | time 0.938 s
Part 2 | Epoch 00018 | Step 00000 | Loss 0.1656 | Train Acc 0.9540 | Speed (samples/sec) 1140.1808 | GPU 1943.5 MB | time 0.939 sPart 7 | Epoch 00018 | Step 00000 | Loss 0.1784 | Train Acc 0.9570 | Speed (samples/sec) 1140.2212 | GPU 1925.8 MB | time 0.939 s

Part 6 | Epoch 00018 | Step 00000 | Loss 0.1665 | Train Acc 0.9620 | Speed (samples/sec) 1139.4828 | GPU 1921.8 MB | time 0.949 s
Part 3 | Epoch 00018 | Step 00000 | Loss 0.1521 | Train Acc 0.9620 | Speed (samples/sec) 1140.4985 | GPU 1929.9 MB | time 0.941 s
Part 16 | Epoch 00018 | Step 00000 | Loss 0.3934 | Train Acc 0.8920 | Speed (samples/sec) 1140.7818 | GPU 1960.6 MB | time 0.941 s
Part 9 | Epoch 00018 | Step 00000 | Loss 0.3154 | Train Acc 0.9200 | Speed (samples/sec) 1141.0996 | GPU 2226.2 MB | time 0.946 s
Part 24 | Epoch 00018 | Step 00000 | Loss 0.2199 | Train Acc 0.9500 | Speed (samples/sec) 1141.0989 | GPU 2057.3 MB | time 0.942 sPart 25 | Epoch 00018 | Step 00000 | Loss 0.2109 | Train Acc 0.9430 | Speed (samples/sec) 1141.6736 | GPU 2066.5 MB | time 0.945 s

Part 28 | Epoch 00018 | Step 00000 | Loss 0.2220 | Train Acc 0.9470 | Speed (samples/sec) 1141.4182 | GPU 2082.7 MB | time 0.949 s
Part 30 | Epoch 00018 | Step 00000 | Loss 0.2561 | Train Acc 0.9360 | Speed (samples/sec) 1141.4072 | GPU 2063.7 MB | time 0.951 s
Part 29 | Epoch 00018 | Step 00000 | Loss 0.2179 | Train Acc 0.9380 | Speed (samples/sec) 1141.6520 | GPU 2068.1 MB | time 0.939 s
Part 21 | Epoch 00018 | Step 00000 | Loss 0.3255 | Train Acc 0.9270 | Speed (samples/sec) 1141.1236 | GPU 1974.9 MB | time 0.947 sPart 20 | Epoch 00018 | Step 00000 | Loss 0.3211 | Train Acc 0.9170 | Speed (samples/sec) 1139.9636 | GPU 1970.1 MB | time 0.944 s

Part 18 | Epoch 00018 | Step 00000 | Loss 0.3210 | Train Acc 0.9040 | Speed (samples/sec) 1140.6159 | GPU 1971.3 MB | time 0.949 s
Part 17 | Epoch 00018 | Step 00000 | Loss 0.3377 | Train Acc 0.9120 | Speed (samples/sec) 1140.9947 | GPU 1964.7 MB | time 0.929 s
Part 19 | Epoch 00018 | Step 00000 | Loss 0.3370 | Train Acc 0.8980 | Speed (samples/sec) 1141.0063 | GPU 1968.7 MB | time 0.947 s
Part 23 | Epoch 00018 | Step 00000 | Loss 0.3489 | Train Acc 0.9020 | Speed (samples/sec) 1140.0762 | GPU 1977.6 MB | time 0.945 s
Part 12 | Epoch 00018 | Step 00000 | Loss 0.3459 | Train Acc 0.9000 | Speed (samples/sec) 1142.1510 | GPU 2223.4 MB | time 0.943 sPart 10 | Epoch 00018 | Step 00000 | Loss 0.2714 | Train Acc 0.9150 | Speed (samples/sec) 1141.1411 | GPU 2219.8 MB | time 0.949 s

Part 13 | Epoch 00018 | Step 00000 | Loss 0.3343 | Train Acc 0.9010 | Speed (samples/sec) 1141.5078 | GPU 2222.0 MB | time 0.937 s
Part 15 | Epoch 00018 | Step 00000 | Loss 0.2814 | Train Acc 0.9150 | Speed (samples/sec) 1142.3191 | GPU 2224.3 MB | time 0.924 sPart 14 | Epoch 00018 | Step 00000 | Loss 0.3812 | Train Acc 0.9000 | Speed (samples/sec) 1141.6259 | GPU 2225.8 MB | time 0.943 s

Part 27 | Epoch 00018 | Step 00000 | Loss 0.2487 | Train Acc 0.9320 | Speed (samples/sec) 1141.7711 | GPU 2060.3 MB | time 0.931 s
Part 22 | Epoch 00018 | Step 00000 | Loss 0.3439 | Train Acc 0.9000 | Speed (samples/sec) 1140.4004 | GPU 1978.6 MB | time 0.940 s
Part 11 | Epoch 00018 | Step 00000 | Loss 0.3437 | Train Acc 0.8990 | Speed (samples/sec) 1141.9834 | GPU 2234.7 MB | time 0.944 s
Part 8 | Epoch 00018 | Step 00000 | Loss 0.3292 | Train Acc 0.9140 | Speed (samples/sec) 1141.1622 | GPU 2214.1 MB | time 0.925 s
Part 31 | Epoch 00018 | Step 00000 | Loss 0.2584 | Train Acc 0.9230 | Speed (samples/sec) 1142.4221 | GPU 2075.9 MB | time 0.945 s
Part 26 | Epoch 00018 | Step 00000 | Loss 0.2810 | Train Acc 0.9290 | Speed (samples/sec) 1142.3249 | GPU 2066.7 MB | time 0.949 s
Avg train acc 0.9264
=====================
Part 1, Epoch Time(s): 5.2527
Sampling Time(s): 0.2643
Loading Time(s): 1.4719
Forward Time(s): 0.6695
Backward Time(s): 0.2153
Update Time(s): 0.0038
Emb Update Time(s): 2.6185
#seeds: 6145
#inputs: 1919350
==========================================
Part 5, Epoch Time(s): 5.2607
Sampling Time(s): 0.2842
Loading Time(s): 1.5781
Forward Time(s): 0.5513
Backward Time(s): 0.2147
Update Time(s): 0.0036
Emb Update Time(s): 2.6193
#seeds: 6145
#inputs: 1928561
=====================
=====================
Part 2, Epoch Time(s): 5.2494
Sampling Time(s): 0.2699
Loading Time(s): 1.6014
Forward Time(s): 0.5308
Backward Time(s): 0.2149
Update Time(s): 0.0036
Emb Update Time(s): 2.6193
#seeds: 6144
#inputs: 1924127
=====================
=====================
Part 0, Epoch Time(s): 5.2349
Sampling Time(s): 0.2707
Loading Time(s): 1.6311
Forward Time(s): 0.4853
Backward Time(s): 0.2155
Update Time(s): 0.0039
Emb Update Time(s): 2.6183
#seeds: 6144
#inputs: 1935320
=====================
=====================
Part 3, Epoch Time(s): 5.2516
Sampling Time(s): 0.3190
Loading Time(s): 1.6188
Forward Time(s): 0.4664
Backward Time(s): 0.2149
Update Time(s): 0.0036
Emb Update Time(s): 2.6194
#seeds: 6144
#inputs: 1930253
=====================
=====================
Part 7, Epoch Time(s): 5.2495
Sampling Time(s): 0.2704
Loading Time(s): 1.7361
Forward Time(s): 0.3958
Backward Time(s): 0.2145
Update Time(s): 0.0040
Emb Update Time(s): 2.6193
#seeds: 6144
#inputs: 1936933
=====================

=====================
Part 6, Epoch Time(s): 5.2601
Sampling Time(s): 0.2865
Loading Time(s): 1.5911
Forward Time(s): 0.5353
Backward Time(s): 0.2146
Update Time(s): 0.0039
Emb Update Time(s): 2.6195
#seeds: 6144
#inputs: 1933976
=====================
=====================
Part 4, Epoch Time(s): 5.2489
Sampling Time(s): 0.2771
Loading Time(s): 1.6421
Forward Time(s): 0.4957
Backward Time(s): 0.2029
Update Time(s): 0.0037
Emb Update Time(s): 2.6180
#seeds: 6144
#inputs: 1930453
=====================
=====================
Part 17, Epoch Time(s): 5.2402
Sampling Time(s): 0.2962
Loading Time(s): 1.5818
Forward Time(s): 0.5217
Backward Time(s): 0.2072
Update Time(s): 0.0039
Emb Update Time(s): 2.6198
#seeds: 6144
#inputs: 1927282
==========================================
Part 19, Epoch Time(s): 5.2580
Sampling Time(s): 0.2909
Loading Time(s): 1.5930
Forward Time(s): 0.5290
Backward Time(s): 0.2114
Update Time(s): 0.0035
Emb Update Time(s): 2.6207
#seeds: 6145
#inputs: 1938678
==========================================
Part 18, Epoch Time(s): 5.2594
Sampling Time(s): 0.2671
Loading Time(s): 1.5697
Forward Time(s): 0.5749
Backward Time(s): 0.2141
Update Time(s): 0.0035
Emb Update Time(s): 2.6205
#seeds: 6144
#inputs: 1937355
==========================================
Part 21, Epoch Time(s): 5.2575
Sampling Time(s): 0.2713
Loading Time(s): 1.5103
Forward Time(s): 0.6284
Backward Time(s): 0.2138
Update Time(s): 0.0038
Emb Update Time(s): 2.6204
#seeds: 6145
#inputs: 1933271
==========================================
Part 16, Epoch Time(s): 5.2520
Sampling Time(s): 0.2918
Loading Time(s): 1.6793
Forward Time(s): 0.4440
Backward Time(s): 0.2050
Update Time(s): 0.0037
Emb Update Time(s): 2.6187
#seeds: 6144
#inputs: 1929852
=====================



=====================
Part 23, Epoch Time(s): 5.2557
Sampling Time(s): 0.2687
Loading Time(s): 1.5521
Forward Time(s): 0.5874
Backward Time(s): 0.2136
Update Time(s): 0.0041
Emb Update Time(s): 2.6204
#seeds: 6144
#inputs: 1946399
=====================
=====================
Part 22, Epoch Time(s): 5.2508
Sampling Time(s): 0.2569
Loading Time(s): 1.6511
Forward Time(s): 0.4950
Backward Time(s): 0.2137
Update Time(s): 0.0040
Emb Update Time(s): 2.6205
#seeds: 6144
#inputs: 1919604
=====================
=====================
Part 20, Epoch Time(s): 5.2549
Sampling Time(s): 0.2628
Loading Time(s): 1.5453
Forward Time(s): 0.5994
Backward Time(s): 0.2139
Update Time(s): 0.0041
Emb Update Time(s): 2.6200
#seeds: 6144
#inputs: 1920859
=====================

=====================
Part 28, Epoch Time(s): 5.2599
Sampling Time(s): 0.2406
Loading Time(s): 1.6523
Forward Time(s): 0.5205
Backward Time(s): 0.2129
Update Time(s): 0.0039
Emb Update Time(s): 2.6203
#seeds: 6144
#inputs: 1964334
==========================================
Part 27, Epoch Time(s): 5.2420
Sampling Time(s): 0.2722
Loading Time(s): 1.8834
Forward Time(s): 0.2616
Backward Time(s): 0.1978
Update Time(s): 0.0041
Emb Update Time(s): 2.6133
#seeds: 6144
#inputs: 1986683
==========================================
Part 26, Epoch Time(s): 5.2594
Sampling Time(s): 0.2895
Loading Time(s): 1.6854
Forward Time(s): 0.4411
Backward Time(s): 0.2091
Update Time(s): 0.0047
Emb Update Time(s): 2.6198
#seeds: 6145
#inputs: 1976856
==========================================
Part 29, Epoch Time(s): 5.2496
Sampling Time(s): 0.2500
Loading Time(s): 1.7304
Forward Time(s): 0.4394
Backward Time(s): 0.2011
Update Time(s): 0.0041
Emb Update Time(s): 2.6150
#seeds: 6144
#inputs: 1969027
==========================================
Part 24, Epoch Time(s): 5.2527
Sampling Time(s): 0.2965
Loading Time(s): 1.7704
Forward Time(s): 0.3549
Backward Time(s): 0.1979
Update Time(s): 0.0039
Emb Update Time(s): 2.6199
#seeds: 6144
#inputs: 1962103
==========================================
Part 25, Epoch Time(s): 5.2557
Sampling Time(s): 0.2832
Loading Time(s): 1.8778
Forward Time(s): 0.2529
Backward Time(s): 0.2082
Update Time(s): 0.0038
Emb Update Time(s): 2.6202
#seeds: 6144
#inputs: 1971960
==========================================
Part 30, Epoch Time(s): 5.2615
Sampling Time(s): 0.2836
Loading Time(s): 1.7308
Forward Time(s): 0.3994
Backward Time(s): 0.2136
Update Time(s): 0.0039
Emb Update Time(s): 2.6206
#seeds: 6144
#inputs: 1972310
=====================






=====================
Part 31, Epoch Time(s): 5.2559
Sampling Time(s): 0.3002
Loading Time(s): 1.7031
Forward Time(s): 0.4043
Backward Time(s): 0.2135
Update Time(s): 0.0045
Emb Update Time(s): 2.6205
#seeds: 6144
#inputs: 1967930
=====================
=====================
Part 10, Epoch Time(s): 5.2600
Sampling Time(s): 0.2675
Loading Time(s): 1.8766
Forward Time(s): 0.2684
Backward Time(s): 0.2140
Update Time(s): 0.0037
Emb Update Time(s): 2.6205
#seeds: 6144
#inputs: 2049971
==========================================
Part 9, Epoch Time(s): 5.2573
Sampling Time(s): 0.3045
Loading Time(s): 1.8170
Forward Time(s): 0.3070
Backward Time(s): 0.2015
Update Time(s): 0.0039
Emb Update Time(s): 2.6141
#seeds: 6144
#inputs: 2053057
==========================================
Part 12, Epoch Time(s): 5.2538
Sampling Time(s): 0.2541
Loading Time(s): 1.7524
Forward Time(s): 0.4161
Backward Time(s): 0.2046
Update Time(s): 0.0037
Emb Update Time(s): 2.6191
#seeds: 6145
#inputs: 2033814
==========================================
Part 11, Epoch Time(s): 5.2543
Sampling Time(s): 0.2566
Loading Time(s): 1.8040
Forward Time(s): 0.3494
Backward Time(s): 0.2107
Update Time(s): 0.0039
Emb Update Time(s): 2.6203
#seeds: 6145
#inputs: 2039235
=====================

=====================
Part 13, Epoch Time(s): 5.2483
Sampling Time(s): 0.2602
Loading Time(s): 1.8126
Forward Time(s): 0.3326
Backward Time(s): 0.2086
Update Time(s): 0.0036
Emb Update Time(s): 2.6212
#seeds: 6144
#inputs: 2036994
=====================


=====================
Part 15, Epoch Time(s): 5.2352
Sampling Time(s): 0.2821
Loading Time(s): 1.9385
Forward Time(s): 0.1899
Backward Time(s): 0.1974
Update Time(s): 0.0038
Emb Update Time(s): 2.6141
#seeds: 6144
#inputs: 2037600
=====================
=====================
Part 14, Epoch Time(s): 5.2542
Sampling Time(s): 0.2948
Loading Time(s): 1.8115
Forward Time(s): 0.3223
Backward Time(s): 0.1969
Update Time(s): 0.0037
Emb Update Time(s): 2.6158
#seeds: 6144
#inputs: 2030396
=====================
=====================
Part 8, Epoch Time(s): 5.2360
Sampling Time(s): 0.2909
Loading Time(s): 1.8440
Forward Time(s): 0.2855
Backward Time(s): 0.1943
Update Time(s): 0.0037
Emb Update Time(s): 2.6075
#seeds: 6144
#inputs: 2024832
=====================
|V|=2449029, eval batch size: 100000
|V|=2449029, eval batch size: 100000
|V|=2449029, eval batch size: 100000
|V|=2449029, eval batch size: 100000
|V|=2449029, eval batch size: 100000
|V|=2449029, eval batch size: 100000
|V|=2449029, eval batch size: 100000
|V|=2449029, eval batch size: 100000
|V|=2449029, eval batch size: 100000
|V|=2449029, eval batch size: 100000
|V|=2449029, eval batch size: 100000
|V|=2449029, eval batch size: 100000
|V|=2449029, eval batch size: 100000
|V|=2449029, eval batch size: 100000
|V|=2449029, eval batch size: 100000
|V|=2449029, eval batch size: 100000
|V|=2449029, eval batch size: 100000
|V|=2449029, eval batch size: 100000
|V|=2449029, eval batch size: 100000
|V|=2449029, eval batch size: 100000
|V|=2449029, eval batch size: 100000
|V|=2449029, eval batch size: 100000|V|=2449029, eval batch size: 100000

|V|=2449029, eval batch size: 100000|V|=2449029, eval batch size: 100000

|V|=2449029, eval batch size: 100000
|V|=2449029, eval batch size: 100000
|V|=2449029, eval batch size: 100000
|V|=2449029, eval batch size: 100000
|V|=2449029, eval batch size: 100000
|V|=2449029, eval batch size: 100000
|V|=2449029, eval batch size: 100000
|V|=2449029, eval batch size: 100000
|V|=2449029, eval batch size: 100000
|V|=2449029, eval batch size: 100000|V|=2449029, eval batch size: 100000

|V|=2449029, eval batch size: 100000
|V|=2449029, eval batch size: 100000
|V|=2449029, eval batch size: 100000
|V|=2449029, eval batch size: 100000|V|=2449029, eval batch size: 100000

|V|=2449029, eval batch size: 100000
|V|=2449029, eval batch size: 100000
|V|=2449029, eval batch size: 100000
|V|=2449029, eval batch size: 100000
|V|=2449029, eval batch size: 100000
|V|=2449029, eval batch size: 100000
|V|=2449029, eval batch size: 100000|V|=2449029, eval batch size: 100000|V|=2449029, eval batch size: 100000|V|=2449029, eval batch size: 100000



|V|=2449029, eval batch size: 100000
|V|=2449029, eval batch size: 100000
|V|=2449029, eval batch size: 100000
|V|=2449029, eval batch size: 100000
|V|=2449029, eval batch size: 100000|V|=2449029, eval batch size: 100000
|V|=2449029, eval batch size: 100000
|V|=2449029, eval batch size: 100000

|V|=2449029, eval batch size: 100000
|V|=2449029, eval batch size: 100000
|V|=2449029, eval batch size: 100000
|V|=2449029, eval batch size: 100000
|V|=2449029, eval batch size: 100000
|V|=2449029, eval batch size: 100000|V|=2449029, eval batch size: 100000

|V|=2449029, eval batch size: 100000
|V|=2449029, eval batch size: 100000
|V|=2449029, eval batch size: 100000|V|=2449029, eval batch size: 100000

|V|=2449029, eval batch size: 100000
|V|=2449029, eval batch size: 100000
|V|=2449029, eval batch size: 100000|V|=2449029, eval batch size: 100000
|V|=2449029, eval batch size: 100000

|V|=2449029, eval batch size: 100000
|V|=2449029, eval batch size: 100000
|V|=2449029, eval batch size: 100000|V|=2449029, eval batch size: 100000|V|=2449029, eval batch size: 100000


|V|=2449029, eval batch size: 100000
|V|=2449029, eval batch size: 100000
|V|=2449029, eval batch size: 100000
|V|=2449029, eval batch size: 100000
|V|=2449029, eval batch size: 100000
|V|=2449029, eval batch size: 100000
|V|=2449029, eval batch size: 100000
|V|=2449029, eval batch size: 100000|V|=2449029, eval batch size: 100000

|V|=2449029, eval batch size: 100000|V|=2449029, eval batch size: 100000

|V|=2449029, eval batch size: 100000
|V|=2449029, eval batch size: 100000
|V|=2449029, eval batch size: 100000
|V|=2449029, eval batch size: 100000
|V|=2449029, eval batch size: 100000
Part 25, Val Acc 0.9227, Test Acc 0.7862, time: 7.0460
Part 27, Val Acc 0.9121, Test Acc 0.7850, time: 7.0469
Part 23, Val Acc 0.9024, Test Acc 0.7763, time: 7.0480
Part 9, Val Acc 0.8877, Test Acc 0.7240, time: 7.0484
Part 16, Val Acc 0.8950, Test Acc 0.7752, time: 7.0496
Part 11, Val Acc 0.8731, Test Acc 0.7265, time: 7.0499
Part 0, Val Acc 0.9504, Test Acc 0.8113, time: 7.0508
Part 5, Val Acc 0.9487, Test Acc 0.8122, time: 7.0509
Part 10, Val Acc 0.8845, Test Acc 0.7276, time: 7.0507
Part 24, Val Acc 0.9324, Test Acc 0.7827, time: 7.0511
Part 29, Val Acc 0.9032, Test Acc 0.7849, time: 7.0514
Part 6, Val Acc 0.9341, Test Acc 0.8118, time: 7.0516
Part 12, Val Acc 0.9113, Test Acc 0.7272, time: 7.0519
Part 30, Val Acc 0.9365, Test Acc 0.7863, time: 7.0520
Part 2, Val Acc 0.9357, Test Acc 0.8132, time: 7.0529
Part 31, Val Acc 0.9072, Test Acc 0.7858, time: 7.0529
Part 18, Val Acc 0.9007, Test Acc 0.7759, time: 7.0535
Part 28, Val Acc 0.9300, Test Acc 0.7841, time: 7.0541
Part 1, Val Acc 0.9406, Test Acc 0.8110, time: 7.0548
Part 4, Val Acc 0.9349, Test Acc 0.8129, time: 7.0550
Part 17, Val Acc 0.8893, Test Acc 0.7741, time: 7.0551
Part 21, Val Acc 0.8893, Test Acc 0.7738, time: 7.0553
Part 15, Val Acc 0.8828, Test Acc 0.7277, time: 7.0552
Part 7, Val Acc 0.9430, Test Acc 0.8115, time: 7.0563
Part 20, Val Acc 0.8950, Test Acc 0.7740, time: 7.0567
Part 22, Val Acc 0.9040, Test Acc 0.7767, time: 7.0568
Part 13, Val Acc 0.8983, Test Acc 0.7262, time: 7.0574
Part 3, Val Acc 0.9503, Test Acc 0.8147, time: 7.0582
Part 26, Val Acc 0.9325, Test Acc 0.7874, time: 7.0597
Part 19, Val Acc 0.8877, Test Acc 0.7753, time: 7.0598
Part 14, Val Acc 0.8918, Test Acc 0.7245, time: 7.0689
Part 8, Val Acc 0.8836, Test Acc 0.7247, time: 7.0818
All parts avg val acc 0.9122, test acc 0.7747
Part 7 | Epoch 00019 | Step 00000 | Loss 0.1807 | Train Acc 0.9540 | Speed (samples/sec) 1138.7896 | GPU 1925.8 MB | time 0.968 s
Part 3 | Epoch 00019 | Step 00000 | Loss 0.1898 | Train Acc 0.9520 | Speed (samples/sec) 1139.0676 | GPU 1929.9 MB | time 0.966 s
Part 1 | Epoch 00019 | Step 00000 | Loss 0.1819 | Train Acc 0.9600 | Speed (samples/sec) 1139.1605 | GPU 1924.3 MB | time 0.970 s
Part 5 | Epoch 00019 | Step 00000 | Loss 0.1693 | Train Acc 0.9540 | Speed (samples/sec) 1137.7861 | GPU 1932.1 MB | time 0.973 s
Part 2 | Epoch 00019 | Step 00000 | Loss 0.1675 | Train Acc 0.9610 | Speed (samples/sec) 1138.7239 | GPU 1943.5 MB | time 0.972 s
Part 4 | Epoch 00019 | Step 00000 | Loss 0.1839 | Train Acc 0.9570 | Speed (samples/sec) 1138.7223 | GPU 1927.8 MB | time 0.969 s
Part 6 | Epoch 00019 | Step 00000 | Loss 0.2203 | Train Acc 0.9450 | Speed (samples/sec) 1138.0524 | GPU 1921.8 MB | time 0.973 s
Part 21 | Epoch 00019 | Step 00000 | Loss 0.3367 | Train Acc 0.9090 | Speed (samples/sec) 1139.6564 | GPU 1974.9 MB | time 0.969 s
Part 11 | Epoch 00019 | Step 00000 | Loss 0.2722 | Train Acc 0.9220 | Speed (samples/sec) 1140.4268 | GPU 2238.2 MB | time 0.974 sPart 15 | Epoch 00019 | Step 00000 | Loss 0.3669 | Train Acc 0.8970 | Speed (samples/sec) 1140.7701 | GPU 2224.3 MB | time 0.969 s

Part 9 | Epoch 00019 | Step 00000 | Loss 0.3018 | Train Acc 0.9150 | Speed (samples/sec) 1139.5557 | GPU 2226.2 MB | time 0.976 s
Part 12 | Epoch 00019 | Step 00000 | Loss 0.3252 | Train Acc 0.9020 | Speed (samples/sec) 1140.5623 | GPU 2223.4 MB | time 0.972 sPart 14 | Epoch 00019 | Step 00000 | Loss 0.2801 | Train Acc 0.9040 | Speed (samples/sec) 1140.2220 | GPU 2225.8 MB | time 0.955 sPart 13 | Epoch 00019 | Step 00000 | Loss 0.2573 | Train Acc 0.9240 | Speed (samples/sec) 1140.0182 | GPU 2222.0 MB | time 0.967 s


Part 23 | Epoch 00019 | Step 00000 | Loss 0.3552 | Train Acc 0.9080 | Speed (samples/sec) 1138.5881 | GPU 1977.6 MB | time 0.976 s
Part 20 | Epoch 00019 | Step 00000 | Loss 0.3140 | Train Acc 0.9010 | Speed (samples/sec) 1138.5497 | GPU 1970.1 MB | time 0.968 s
Part 16 | Epoch 00019 | Step 00000 | Loss 0.3541 | Train Acc 0.8960 | Speed (samples/sec) 1139.2646 | GPU 1960.6 MB | time 0.975 s
Part 18 | Epoch 00019 | Step 00000 | Loss 0.3443 | Train Acc 0.9020 | Speed (samples/sec) 1139.1424 | GPU 1971.3 MB | time 0.971 s
Part 27 | Epoch 00019 | Step 00000 | Loss 0.2052 | Train Acc 0.9370 | Speed (samples/sec) 1140.1828 | GPU 2060.3 MB | time 0.977 s
Part 10 | Epoch 00019 | Step 00000 | Loss 0.2869 | Train Acc 0.9100 | Speed (samples/sec) 1139.6147 | GPU 2219.8 MB | time 0.974 s
Part 0 | Epoch 00019 | Step 00000 | Loss 0.1739 | Train Acc 0.9500 | Speed (samples/sec) 1142.8446 | GPU 1931.2 MB | time 0.942 s
Part 24 | Epoch 00019 | Step 00000 | Loss 0.2548 | Train Acc 0.9380 | Speed (samples/sec) 1139.5762 | GPU 2057.3 MB | time 0.973 s
Part 29 | Epoch 00019 | Step 00000 | Loss 0.2014 | Train Acc 0.9460 | Speed (samples/sec) 1140.1048 | GPU 2068.1 MB | time 0.973 s
Part 30 | Epoch 00019 | Step 00000 | Loss 0.2414 | Train Acc 0.9320 | Speed (samples/sec) 1139.8784 | GPU 2063.7 MB | time 0.972 sPart 25 | Epoch 00019 | Step 00000 | Loss 0.2732 | Train Acc 0.9300 | Speed (samples/sec) 1140.0807 | GPU 2066.5 MB | time 0.978 sPart 28 | Epoch 00019 | Step 00000 | Loss 0.2019 | Train Acc 0.9420 | Speed (samples/sec) 1139.9057 | GPU 2082.7 MB | time 0.970 s


Part 26 | Epoch 00019 | Step 00000 | Loss 0.2183 | Train Acc 0.9350 | Speed (samples/sec) 1140.8351 | GPU 2066.7 MB | time 0.964 s
Part 8 | Epoch 00019 | Step 00000 | Loss 0.3072 | Train Acc 0.9040 | Speed (samples/sec) 1139.8981 | GPU 2214.1 MB | time 0.942 s
Part 22 | Epoch 00019 | Step 00000 | Loss 0.3002 | Train Acc 0.9140 | Speed (samples/sec) 1138.9662 | GPU 1978.6 MB | time 0.967 s
Part 19 | Epoch 00019 | Step 00000 | Loss 0.2825 | Train Acc 0.9170 | Speed (samples/sec) 1139.5862 | GPU 1968.7 MB | time 0.964 s
Part 31 | Epoch 00019 | Step 00000 | Loss 0.1915 | Train Acc 0.9430 | Speed (samples/sec) 1140.8514 | GPU 2075.9 MB | time 0.971 s
Part 17 | Epoch 00019 | Step 00000 | Loss 0.2882 | Train Acc 0.9190 | Speed (samples/sec) 1139.5124 | GPU 1965.6 MB | time 0.969 s
Avg train acc 0.9275
=====================
Part 1, Epoch Time(s): 4.7663
Sampling Time(s): 0.3063
Loading Time(s): 1.5944
Forward Time(s): 0.5429
Backward Time(s): 0.2173
Update Time(s): 0.0039
Emb Update Time(s): 2.0926
#seeds: 6145
#inputs: 1917791
==========================================
Part 5, Epoch Time(s): 4.7702
Sampling Time(s): 0.2759
Loading Time(s): 1.4873
Forward Time(s): 0.6810
Backward Time(s): 0.2201
Update Time(s): 0.0037
Emb Update Time(s): 2.0931
#seeds: 6145
#inputs: 1931992
==========================================
Part 2, Epoch Time(s): 4.7682
Sampling Time(s): 0.2697
Loading Time(s): 1.6320
Forward Time(s): 0.5479
Backward Time(s): 0.2126
Update Time(s): 0.0038
Emb Update Time(s): 2.0931
#seeds: 6144
#inputs: 1926755
=====================
=====================
Part 7, Epoch Time(s): 4.7649
Sampling Time(s): 0.2649
Loading Time(s): 1.5647
Forward Time(s): 0.6093
Backward Time(s): 0.2201
Update Time(s): 0.0041
Emb Update Time(s): 2.0927
#seeds: 6144
#inputs: 1932795
=====================
=====================
Part 3, Epoch Time(s): 4.7630
Sampling Time(s): 0.3145
Loading Time(s): 1.6326
Forward Time(s): 0.4899
Backward Time(s): 0.2201
Update Time(s): 0.0050
Emb Update Time(s): 2.0918
#seeds: 6144
#inputs: 1923546
==========================================
Part 4, Epoch Time(s): 4.7661
Sampling Time(s): 0.2739
Loading Time(s): 1.5887
Forward Time(s): 0.5774
Backward Time(s): 0.2201
Update Time(s): 0.0036
Emb Update Time(s): 2.0933
#seeds: 6144
#inputs: 1935624
==========================================
Part 6, Epoch Time(s): 4.7694
Sampling Time(s): 0.3051
Loading Time(s): 1.6690
Forward Time(s): 0.4688
Backward Time(s): 0.2201
Update Time(s): 0.0043
Emb Update Time(s): 2.0927
#seeds: 6144
#inputs: 1939455
=====================
=====================
Part 0, Epoch Time(s): 4.7387
Sampling Time(s): 0.2931
Loading Time(s): 1.5352
Forward Time(s): 0.5835
Backward Time(s): 0.2205
Update Time(s): 0.0040
Emb Update Time(s): 2.0927
#seeds: 6144
#inputs: 1930241
=====================




=====================
Part 18, Epoch Time(s): 4.7675
Sampling Time(s): 0.2438
Loading Time(s): 1.4886
Forward Time(s): 0.7085
Backward Time(s): 0.2200
Update Time(s): 0.0035
Emb Update Time(s): 2.0938
#seeds: 6144
#inputs: 1941855
==========================================
Part 16, Epoch Time(s): 4.7714
Sampling Time(s): 0.2867
Loading Time(s): 1.5680
Forward Time(s): 0.5902
Backward Time(s): 0.2204
Update Time(s): 0.0036
Emb Update Time(s): 2.0934
#seeds: 6144
#inputs: 1933793
==========================================
Part 21, Epoch Time(s): 4.7657
Sampling Time(s): 0.2632
Loading Time(s): 1.6114
Forward Time(s): 0.5648
Backward Time(s): 0.2195
Update Time(s): 0.0036
Emb Update Time(s): 2.0941
#seeds: 6145
#inputs: 1932445
==========================================
Part 19, Epoch Time(s): 4.7608
Sampling Time(s): 0.3061
Loading Time(s): 1.4788
Forward Time(s): 0.6543
Backward Time(s): 0.2145
Update Time(s): 0.0041
Emb Update Time(s): 2.0934
#seeds: 6145
#inputs: 1935277
=====================
=====================
Part 23, Epoch Time(s): 4.7729
Sampling Time(s): 0.2639
Loading Time(s): 1.6065
Forward Time(s): 0.5761
Backward Time(s): 0.2192
Update Time(s): 0.0038
Emb Update Time(s): 2.0942
#seeds: 6144
#inputs: 1945665
=====================


=====================
Part 20, Epoch Time(s): 4.7643
Sampling Time(s): 0.2633
Loading Time(s): 1.6192
Forward Time(s): 0.5551
Backward Time(s): 0.2197
Update Time(s): 0.0039
Emb Update Time(s): 2.0937
#seeds: 6144
#inputs: 1916404
==========================================
Part 22, Epoch Time(s): 4.7641
Sampling Time(s): 0.2623
Loading Time(s): 1.6689
Forward Time(s): 0.5060
Backward Time(s): 0.2192
Update Time(s): 0.0038
Emb Update Time(s): 2.0944
#seeds: 6144
#inputs: 1918942
=====================


=====================
Part 17, Epoch Time(s): 4.7658
Sampling Time(s): 0.2930
Loading Time(s): 1.4138
Forward Time(s): 0.7317
Backward Time(s): 0.2202
Update Time(s): 0.0041
Emb Update Time(s): 2.0932
#seeds: 6144
#inputs: 1930229
=====================
=====================
Part 9, Epoch Time(s): 4.7726
Sampling Time(s): 0.2804
Loading Time(s): 1.7702
Forward Time(s): 0.4074
Backward Time(s): 0.2082
Update Time(s): 0.0041
Emb Update Time(s): 2.0932
#seeds: 6144
#inputs: 2047522
==========================================
Part 10, Epoch Time(s): 4.7704
Sampling Time(s): 0.2584
Loading Time(s): 1.8883
Forward Time(s): 0.3437
Backward Time(s): 0.1805
Update Time(s): 0.0038
Emb Update Time(s): 2.0866
#seeds: 6144
#inputs: 2051651
==========================================
Part 11, Epoch Time(s): 4.7711
Sampling Time(s): 0.2602
Loading Time(s): 1.8102
Forward Time(s): 0.3899
Backward Time(s): 0.2072
Update Time(s): 0.0039
Emb Update Time(s): 2.0906
#seeds: 6145
#inputs: 2044524
==========================================
Part 12, Epoch Time(s): 4.7689
Sampling Time(s): 0.2500
Loading Time(s): 1.8238
Forward Time(s): 0.3881
Backward Time(s): 0.2053
Update Time(s): 0.0041
Emb Update Time(s): 2.0884
#seeds: 6145
#inputs: 2032449
=====================

=====================
Part 14, Epoch Time(s): 4.7521
Sampling Time(s): 0.2711
Loading Time(s): 1.8890
Forward Time(s): 0.2697
Backward Time(s): 0.2149
Update Time(s): 0.0042
Emb Update Time(s): 2.0940
#seeds: 6144
#inputs: 2034754
=====================
=====================
Part 8, Epoch Time(s): 4.7389
Sampling Time(s): 0.2990
Loading Time(s): 1.8373
Forward Time(s): 0.3117
Backward Time(s): 0.1950
Update Time(s): 0.0039
Emb Update Time(s): 2.0828
#seeds: 6144
#inputs: 2024396
=====================

=====================
Part 15, Epoch Time(s): 4.7655
Sampling Time(s): 0.2801
Loading Time(s): 1.8671
Forward Time(s): 0.2921
Backward Time(s): 0.2188
Update Time(s): 0.0043
Emb Update Time(s): 2.0941
#seeds: 6144
#inputs: 2042671
==========================================
Part 13, Epoch Time(s): 4.7635
Sampling Time(s): 0.2822
Loading Time(s): 1.8526
Forward Time(s): 0.3186
Backward Time(s): 0.2103
Update Time(s): 0.0041
Emb Update Time(s): 2.0868
#seeds: 6144
#inputs: 2039133
=====================


=====================
Part 25, Epoch Time(s): 4.7750
Sampling Time(s): 0.2625
Loading Time(s): 1.8394
Forward Time(s): 0.3674
Backward Time(s): 0.2037
Update Time(s): 0.0035
Emb Update Time(s): 2.0892
#seeds: 6144
#inputs: 1970671
==========================================
Part 26, Epoch Time(s): 4.7611
Sampling Time(s): 0.2793
Loading Time(s): 1.7424
Forward Time(s): 0.4314
Backward Time(s): 0.2059
Update Time(s): 0.0038
Emb Update Time(s): 2.0890
#seeds: 6145
#inputs: 1974041
==========================================
Part 28, Epoch Time(s): 4.7666
Sampling Time(s): 0.2668
Loading Time(s): 1.6569
Forward Time(s): 0.5164
Backward Time(s): 0.2184
Update Time(s): 0.0041
Emb Update Time(s): 2.0948
#seeds: 6144
#inputs: 1961669
==========================================
Part 30, Epoch Time(s): 4.7689
Sampling Time(s): 0.2841
Loading Time(s): 1.7170
Forward Time(s): 0.4450
Backward Time(s): 0.2143
Update Time(s): 0.0040
Emb Update Time(s): 2.0952
#seeds: 6144
#inputs: 1974230
==========================================
Part 24, Epoch Time(s): 4.7700
Sampling Time(s): 0.2597
Loading Time(s): 1.8736
Forward Time(s): 0.3194
Backward Time(s): 0.2104
Update Time(s): 0.0036
Emb Update Time(s): 2.0942
#seeds: 6144
#inputs: 1960413
=====================
=====================
Part 27, Epoch Time(s): 4.7741
Sampling Time(s): 0.2729
Loading Time(s): 1.9055
Forward Time(s): 0.2897
Backward Time(s): 0.2039
Update Time(s): 0.0039
Emb Update Time(s): 2.0891
#seeds: 6144
#inputs: 1982550
=====================

=====================
Part 31, Epoch Time(s): 4.7678
Sampling Time(s): 0.2782
Loading Time(s): 1.7522
Forward Time(s): 0.4105
Backward Time(s): 0.2180
Update Time(s): 0.0052
Emb Update Time(s): 2.0942
#seeds: 6144
#inputs: 1960276
=====================

=====================
Part 29, Epoch Time(s): 4.7697
Sampling Time(s): 0.2677
Loading Time(s): 1.7334
Forward Time(s): 0.4421
Backward Time(s): 0.2183
Update Time(s): 0.0038
Emb Update Time(s): 2.0951
#seeds: 6144
#inputs: 1967748
=====================


|V|=2449029, eval batch size: 100000
|V|=2449029, eval batch size: 100000
|V|=2449029, eval batch size: 100000
|V|=2449029, eval batch size: 100000
|V|=2449029, eval batch size: 100000
|V|=2449029, eval batch size: 100000
|V|=2449029, eval batch size: 100000
|V|=2449029, eval batch size: 100000
|V|=2449029, eval batch size: 100000
|V|=2449029, eval batch size: 100000
|V|=2449029, eval batch size: 100000
|V|=2449029, eval batch size: 100000
|V|=2449029, eval batch size: 100000
|V|=2449029, eval batch size: 100000
|V|=2449029, eval batch size: 100000
|V|=2449029, eval batch size: 100000
|V|=2449029, eval batch size: 100000
|V|=2449029, eval batch size: 100000
|V|=2449029, eval batch size: 100000
|V|=2449029, eval batch size: 100000
|V|=2449029, eval batch size: 100000
|V|=2449029, eval batch size: 100000
|V|=2449029, eval batch size: 100000
|V|=2449029, eval batch size: 100000
|V|=2449029, eval batch size: 100000
|V|=2449029, eval batch size: 100000
|V|=2449029, eval batch size: 100000
|V|=2449029, eval batch size: 100000
|V|=2449029, eval batch size: 100000
|V|=2449029, eval batch size: 100000
|V|=2449029, eval batch size: 100000
|V|=2449029, eval batch size: 100000
|V|=2449029, eval batch size: 100000
|V|=2449029, eval batch size: 100000
|V|=2449029, eval batch size: 100000
|V|=2449029, eval batch size: 100000|V|=2449029, eval batch size: 100000|V|=2449029, eval batch size: 100000


|V|=2449029, eval batch size: 100000
|V|=2449029, eval batch size: 100000
|V|=2449029, eval batch size: 100000
|V|=2449029, eval batch size: 100000
|V|=2449029, eval batch size: 100000
|V|=2449029, eval batch size: 100000
|V|=2449029, eval batch size: 100000
|V|=2449029, eval batch size: 100000
|V|=2449029, eval batch size: 100000
|V|=2449029, eval batch size: 100000|V|=2449029, eval batch size: 100000

|V|=2449029, eval batch size: 100000
|V|=2449029, eval batch size: 100000
|V|=2449029, eval batch size: 100000
|V|=2449029, eval batch size: 100000
|V|=2449029, eval batch size: 100000
|V|=2449029, eval batch size: 100000
|V|=2449029, eval batch size: 100000
|V|=2449029, eval batch size: 100000
|V|=2449029, eval batch size: 100000
|V|=2449029, eval batch size: 100000|V|=2449029, eval batch size: 100000|V|=2449029, eval batch size: 100000


|V|=2449029, eval batch size: 100000
|V|=2449029, eval batch size: 100000
|V|=2449029, eval batch size: 100000
|V|=2449029, eval batch size: 100000
|V|=2449029, eval batch size: 100000
|V|=2449029, eval batch size: 100000
|V|=2449029, eval batch size: 100000
|V|=2449029, eval batch size: 100000
|V|=2449029, eval batch size: 100000
|V|=2449029, eval batch size: 100000
|V|=2449029, eval batch size: 100000
|V|=2449029, eval batch size: 100000
|V|=2449029, eval batch size: 100000|V|=2449029, eval batch size: 100000

|V|=2449029, eval batch size: 100000|V|=2449029, eval batch size: 100000

|V|=2449029, eval batch size: 100000
|V|=2449029, eval batch size: 100000
|V|=2449029, eval batch size: 100000|V|=2449029, eval batch size: 100000|V|=2449029, eval batch size: 100000


|V|=2449029, eval batch size: 100000
|V|=2449029, eval batch size: 100000|V|=2449029, eval batch size: 100000

|V|=2449029, eval batch size: 100000
|V|=2449029, eval batch size: 100000
|V|=2449029, eval batch size: 100000
|V|=2449029, eval batch size: 100000|V|=2449029, eval batch size: 100000|V|=2449029, eval batch size: 100000|V|=2449029, eval batch size: 100000
|V|=2449029, eval batch size: 100000



|V|=2449029, eval batch size: 100000
|V|=2449029, eval batch size: 100000
|V|=2449029, eval batch size: 100000
Part 23, Val Acc 0.9032, Test Acc 0.7808, time: 6.8502
Part 6, Val Acc 0.9365, Test Acc 0.8138, time: 6.8506
Rank 23, Avg Epoch Time(s): 5.1663
Part 5, Val Acc 0.9528, Test Acc 0.8142, time: 6.8513
Rank 6, Avg Epoch Time(s): 5.1705
Rank 5, Avg Epoch Time(s): 5.1756
Part 0, Val Acc 0.9512, Test Acc 0.8136, time: 6.8517
Part 28, Val Acc 0.9292, Test Acc 0.7868, time: 6.8516
Rank 28, Avg Epoch Time(s): 5.1578
Part 22, Val Acc 0.9040, Test Acc 0.7819, time: 6.8542
Part 15, Val Acc 0.8893, Test Acc 0.7302, time: 6.8543
Part 24, Val Acc 0.9308, Test Acc 0.7863, time: 6.8544
Rank 22, Avg Epoch Time(s): 5.1638
Rank 15, Avg Epoch Time(s): 5.1522
Rank 24, Avg Epoch Time(s): 5.1599
Part 25, Val Acc 0.9260, Test Acc 0.7891, time: 6.8554
Part 26, Val Acc 0.9325, Test Acc 0.7906, time: 6.8558
Rank 25, Avg Epoch Time(s): 5.1570
Rank 26, Avg Epoch Time(s): 5.1556
Part 31, Val Acc 0.9105, Test Acc 0.7885, time: 6.8579Part 27, Val Acc 0.9121, Test Acc 0.7878, time: 6.8580

Part 16, Val Acc 0.8983, Test Acc 0.7802, time: 6.8581
Part 1, Val Acc 0.9414, Test Acc 0.8129, time: 6.8582
Part 21, Val Acc 0.8918, Test Acc 0.7797, time: 6.8581
Part 3, Val Acc 0.9520, Test Acc 0.8167, time: 6.8583
Rank 27, Avg Epoch Time(s): 5.1564
Rank 16, Avg Epoch Time(s): 5.1621
Rank 31, Avg Epoch Time(s): 5.1521
Rank 1, Avg Epoch Time(s): 5.1661
Rank 21, Avg Epoch Time(s): 5.1628
Rank 3, Avg Epoch Time(s): 5.1635
Part 4, Val Acc 0.9341, Test Acc 0.8147, time: 6.8590
Part 30, Val Acc 0.9365, Test Acc 0.7889, time: 6.8590
Part 19, Val Acc 0.8942, Test Acc 0.7801, time: 6.8591
Rank 4, Avg Epoch Time(s): 5.1654
Rank 30, Avg Epoch Time(s): 5.1584
Part 10, Val Acc 0.8869, Test Acc 0.7304, time: 6.8593
Rank 19, Avg Epoch Time(s): 5.1628
Rank 10, Avg Epoch Time(s): 5.1600
Part 2, Val Acc 0.9373, Test Acc 0.8148, time: 6.8606
Part 7, Val Acc 0.9422, Test Acc 0.8138, time: 6.8609
Rank 2, Avg Epoch Time(s): 5.1648
Rank 7, Avg Epoch Time(s): 5.1648
Part 18, Val Acc 0.9032, Test Acc 0.7806, time: 6.8620
Part 17, Val Acc 0.8877, Test Acc 0.7795, time: 6.8622
Rank 18, Avg Epoch Time(s): 5.1632
Rank 17, Avg Epoch Time(s): 5.1604
Part 12, Val Acc 0.9105, Test Acc 0.7298, time: 6.8635
Rank 12, Avg Epoch Time(s): 5.1564
Part 29, Val Acc 0.9064, Test Acc 0.7882, time: 6.8641
Rank 29, Avg Epoch Time(s): 5.1564
Part 20, Val Acc 0.8933, Test Acc 0.7797, time: 6.8663
Rank 20, Avg Epoch Time(s): 5.1666
Part 9, Val Acc 0.8877, Test Acc 0.7272, time: 6.8688
Rank 9, Avg Epoch Time(s): 5.1593
Part 8, Val Acc 0.8860, Test Acc 0.7275, time: 6.8705
Rank 8, Avg Epoch Time(s): 5.1573
Part 11, Val Acc 0.8731, Test Acc 0.7293, time: 6.8847
Part 14, Val Acc 0.8942, Test Acc 0.7272, time: 6.8850
Rank 11, Avg Epoch Time(s): 5.1573
Rank 14, Avg Epoch Time(s): 5.1561
Part 13, Val Acc 0.8975, Test Acc 0.7284, time: 6.9046
Rank 13, Avg Epoch Time(s): 5.1567
All parts avg val acc 0.9135, test acc 0.7779
Rank 0, Avg Epoch Time(s): 5.1399
All parts avg epoch time 5.1602 sec, throughput 38101.9338 seeds/sec
parent ends
parent ends
Client[25] in group[0] is exiting...
parent ends
Client[18] in group[0] is exiting...
parent ends
parent ends
Client[36] in group[0] is exiting...
parent ends
parent ends
Client[17] in group[0] is exiting...
parent ends
Client[22] in group[0] is exiting...
Client[24] in group[0] is exiting...
parent ends
parent ends
Client[26] in group[0] is exiting...
Client[46] in group[0] is exiting...
parent ends
Client[57] in group[0] is exiting...
Client[21] in group[0] is exiting...
Client[44] in group[0] is exiting...
parent ends
parent ends
parent ends
Client[41] in group[0] is exiting...
parent ends
Client[56] in group[0] is exiting...
parent ends
Client[61] in group[0] is exiting...
Client[51] in group[0] is exiting...
parent ends
Client[38] in group[0] is exiting...
parent ends
parent ends
parent ends
Client[35] in group[0] is exiting...
parent ends
Client[42] in group[0] is exiting...
parent ends
Client[62] in group[0] is exiting...
Client[52] in group[0] is exiting...
parent ends
parent ends
Client[11] in group[0] is exiting...
Client[58] in group[0] is exiting...
Client[49] in group[0] is exiting...
parent ends
parent ends
parent ends
Client[15] in group[0] is exiting...
parent ends
Client[3] in group[0] is exiting...
Client[19] in group[0] is exiting...
parent ends
Client[13] in group[0] is exiting...
parent ends
Client[7] in group[0] is exiting...
parent ends
Client[6] in group[0] is exiting...
Client[12] in group[0] is exiting...
Client[43] in group[0] is exiting...
parent ends
Client[8] in group[0] is exiting...
Namespace(cache_server_addr='127.0.0.1', cache_server_port=32451, graph_name='ogbn-products', id=None, ip_config='ip_config4.txt', part_config=None, n_classes=None, num_gpus=8, num_epochs=20, num_hidden=256, model_num_hidden=256, fan_out='5,10,15', batch_size=1000, batch_size_eval=100000, log_every=20, eval_every=1, lr=0.003, dropout=0.5, local_rank=None, standalone=False, sparse_lr=0.01, presampling=True, hot_threshold=0.1, emb_cache_rate=0.2, optim='adam', model='gcn', infer_method='layerwise', state_cache=False)
load ogbn-products
Start to create specified graph formats which may take non-trivial time.
Finished creating specified graph formats.
start graph service on server 32 for part 2
Server is waiting for connections on [172.31.20.203:30050]...
Server (32) shutdown.
Server is exiting...
Namespace(cache_server_addr='127.0.0.1', cache_server_port=32451, graph_name='ogbn-products', id=None, ip_config='ip_config4.txt', part_config=None, n_classes=None, num_gpus=8, num_epochs=20, num_hidden=256, model_num_hidden=256, fan_out='5,10,15', batch_size=1000, batch_size_eval=100000, log_every=20, eval_every=1, lr=0.003, dropout=0.5, local_rank=None, standalone=False, sparse_lr=0.01, presampling=True, hot_threshold=0.1, emb_cache_rate=0.2, optim='adam', model='gcn', infer_method='layerwise', state_cache=False)
load ogbn-products
Start to create specified graph formats which may take non-trivial time.
Finished creating specified graph formats.
start graph service on server 48 for part 3
Server is waiting for connections on [172.31.16.179:30050]...
Server (48) shutdown.
Server is exiting...
Namespace(cache_server_addr='127.0.0.1', cache_server_port=32451, graph_name='ogbn-products', id=None, ip_config='ip_config4.txt', part_config=None, n_classes=None, num_gpus=8, num_epochs=20, num_hidden=256, model_num_hidden=256, fan_out='5,10,15', batch_size=1000, batch_size_eval=100000, log_every=20, eval_every=1, lr=0.003, dropout=0.5, local_rank=None, standalone=False, sparse_lr=0.01, presampling=True, hot_threshold=0.1, emb_cache_rate=0.2, optim='adam', model='gcn', infer_method='layerwise', state_cache=False)
load ogbn-products
Start to create specified graph formats which may take non-trivial time.
Finished creating specified graph formats.
start graph service on server 0 for part 0
Server is waiting for connections on [172.31.20.34:30050]...
Server (0) shutdown.
Server is exiting...
Namespace(cache_server_addr='127.0.0.1', cache_server_port=32451, graph_name='ogbn-products', id=None, ip_config='ip_config4.txt', part_config=None, n_classes=None, num_gpus=8, num_epochs=20, num_hidden=256, model_num_hidden=256, fan_out='5,10,15', batch_size=1000, batch_size_eval=100000, log_every=20, eval_every=1, lr=0.003, dropout=0.5, local_rank=None, standalone=False, sparse_lr=0.01, presampling=True, hot_threshold=0.1, emb_cache_rate=0.2, optim='adam', model='gcn', infer_method='layerwise', state_cache=False)
load ogbn-products
Start to create specified graph formats which may take non-trivial time.
Finished creating specified graph formats.
start graph service on server 16 for part 1
Server is waiting for connections on [172.31.25.229:30050]...
Server (16) shutdown.
Server is exiting...
Namespace(cache_server_addr='127.0.0.1', cache_server_port=32451, graph_name='ogbn-products', id=None, ip_config='ip_config4.txt', part_config=None, n_classes=None, num_gpus=8, num_epochs=20, num_hidden=256, model_num_hidden=256, fan_out='5,10,15', batch_size=1000, batch_size_eval=100000, log_every=20, eval_every=1, lr=0.003, dropout=0.5, local_rank=None, standalone=False, sparse_lr=0.01, presampling=True, hot_threshold=0.1, emb_cache_rate=0.2, optim='adam', model='gcn', infer_method='layerwise', state_cache=False)
start graph service on server 3 for part 0
Server is waiting for connections on [172.31.20.34:30053]...
Server (3) shutdown.
Server is exiting...
Namespace(cache_server_addr='127.0.0.1', cache_server_port=32451, graph_name='ogbn-products', id=None, ip_config='ip_config4.txt', part_config=None, n_classes=None, num_gpus=8, num_epochs=20, num_hidden=256, model_num_hidden=256, fan_out='5,10,15', batch_size=1000, batch_size_eval=100000, log_every=20, eval_every=1, lr=0.003, dropout=0.5, local_rank=None, standalone=False, sparse_lr=0.01, presampling=True, hot_threshold=0.1, emb_cache_rate=0.2, optim='adam', model='gcn', infer_method='layerwise', state_cache=False)
start graph service on server 1 for part 0
Server is waiting for connections on [172.31.20.34:30051]...
Server (1) shutdown.
Server is exiting...
Namespace(cache_server_addr='127.0.0.1', cache_server_port=32451, graph_name='ogbn-products', id=None, ip_config='ip_config4.txt', part_config=None, n_classes=None, num_gpus=8, num_epochs=20, num_hidden=256, model_num_hidden=256, fan_out='5,10,15', batch_size=1000, batch_size_eval=100000, log_every=20, eval_every=1, lr=0.003, dropout=0.5, local_rank=None, standalone=False, sparse_lr=0.01, presampling=True, hot_threshold=0.1, emb_cache_rate=0.2, optim='adam', model='gcn', infer_method='layerwise', state_cache=False)
start graph service on server 2 for part 0
Server is waiting for connections on [172.31.20.34:30052]...
Server (2) shutdown.
Server is exiting...
Namespace(cache_server_addr='127.0.0.1', cache_server_port=32451, graph_name='ogbn-products', id=None, ip_config='ip_config4.txt', part_config=None, n_classes=None, num_gpus=8, num_epochs=20, num_hidden=256, model_num_hidden=256, fan_out='5,10,15', batch_size=1000, batch_size_eval=100000, log_every=20, eval_every=1, lr=0.003, dropout=0.5, local_rank=None, standalone=False, sparse_lr=0.01, presampling=True, hot_threshold=0.1, emb_cache_rate=0.2, optim='adam', model='gcn', infer_method='layerwise', state_cache=False)
start graph service on server 10 for part 0
Server is waiting for connections on [172.31.20.34:30060]...
Server (10) shutdown.
Server is exiting...
Namespace(cache_server_addr='127.0.0.1', cache_server_port=32451, graph_name='ogbn-products', id=None, ip_config='ip_config4.txt', part_config=None, n_classes=None, num_gpus=8, num_epochs=20, num_hidden=256, model_num_hidden=256, fan_out='5,10,15', batch_size=1000, batch_size_eval=100000, log_every=20, eval_every=1, lr=0.003, dropout=0.5, local_rank=None, standalone=False, sparse_lr=0.01, presampling=True, hot_threshold=0.1, emb_cache_rate=0.2, optim='adam', model='gcn', infer_method='layerwise', state_cache=False)
start graph service on server 4 for part 0
Server is waiting for connections on [172.31.20.34:30054]...
Server (4) shutdown.
Server is exiting...
Namespace(cache_server_addr='127.0.0.1', cache_server_port=32451, graph_name='ogbn-products', id=None, ip_config='ip_config4.txt', part_config=None, n_classes=None, num_gpus=8, num_epochs=20, num_hidden=256, model_num_hidden=256, fan_out='5,10,15', batch_size=1000, batch_size_eval=100000, log_every=20, eval_every=1, lr=0.003, dropout=0.5, local_rank=None, standalone=False, sparse_lr=0.01, presampling=True, hot_threshold=0.1, emb_cache_rate=0.2, optim='adam', model='gcn', infer_method='layerwise', state_cache=False)
start graph service on server 11 for part 0
Server is waiting for connections on [172.31.20.34:30061]...
Server (11) shutdown.
Server is exiting...
Namespace(cache_server_addr='127.0.0.1', cache_server_port=32451, graph_name='ogbn-products', id=None, ip_config='ip_config4.txt', part_config=None, n_classes=None, num_gpus=8, num_epochs=20, num_hidden=256, model_num_hidden=256, fan_out='5,10,15', batch_size=1000, batch_size_eval=100000, log_every=20, eval_every=1, lr=0.003, dropout=0.5, local_rank=None, standalone=False, sparse_lr=0.01, presampling=True, hot_threshold=0.1, emb_cache_rate=0.2, optim='adam', model='gcn', infer_method='layerwise', state_cache=False)
start graph service on server 12 for part 0
Server is waiting for connections on [172.31.20.34:30062]...
Server (12) shutdown.
Server is exiting...
Namespace(cache_server_addr='127.0.0.1', cache_server_port=32451, graph_name='ogbn-products', id=None, ip_config='ip_config4.txt', part_config=None, n_classes=None, num_gpus=8, num_epochs=20, num_hidden=256, model_num_hidden=256, fan_out='5,10,15', batch_size=1000, batch_size_eval=100000, log_every=20, eval_every=1, lr=0.003, dropout=0.5, local_rank=None, standalone=False, sparse_lr=0.01, presampling=True, hot_threshold=0.1, emb_cache_rate=0.2, optim='adam', model='gcn', infer_method='layerwise', state_cache=False)
start graph service on server 6 for part 0
Server is waiting for connections on [172.31.20.34:30056]...
Server (6) shutdown.
Server is exiting...
Namespace(cache_server_addr='127.0.0.1', cache_server_port=32451, graph_name='ogbn-products', id=None, ip_config='ip_config4.txt', part_config=None, n_classes=None, num_gpus=8, num_epochs=20, num_hidden=256, model_num_hidden=256, fan_out='5,10,15', batch_size=1000, batch_size_eval=100000, log_every=20, eval_every=1, lr=0.003, dropout=0.5, local_rank=None, standalone=False, sparse_lr=0.01, presampling=True, hot_threshold=0.1, emb_cache_rate=0.2, optim='adam', model='gcn', infer_method='layerwise', state_cache=False)
start graph service on server 5 for part 0
Server is waiting for connections on [172.31.20.34:30055]...
Server (5) shutdown.
Server is exiting...
Namespace(cache_server_addr='127.0.0.1', cache_server_port=32451, graph_name='ogbn-products', id=None, ip_config='ip_config4.txt', part_config=None, n_classes=None, num_gpus=8, num_epochs=20, num_hidden=256, model_num_hidden=256, fan_out='5,10,15', batch_size=1000, batch_size_eval=100000, log_every=20, eval_every=1, lr=0.003, dropout=0.5, local_rank=None, standalone=False, sparse_lr=0.01, presampling=True, hot_threshold=0.1, emb_cache_rate=0.2, optim='adam', model='gcn', infer_method='layerwise', state_cache=False)
start graph service on server 14 for part 0
Server is waiting for connections on [172.31.20.34:30064]...
Server (14) shutdown.
Server is exiting...
Namespace(cache_server_addr='127.0.0.1', cache_server_port=32451, graph_name='ogbn-products', id=None, ip_config='ip_config4.txt', part_config=None, n_classes=None, num_gpus=8, num_epochs=20, num_hidden=256, model_num_hidden=256, fan_out='5,10,15', batch_size=1000, batch_size_eval=100000, log_every=20, eval_every=1, lr=0.003, dropout=0.5, local_rank=None, standalone=False, sparse_lr=0.01, presampling=True, hot_threshold=0.1, emb_cache_rate=0.2, optim='adam', model='gcn', infer_method='layerwise', state_cache=False)
start graph service on server 17 for part 1
Server is waiting for connections on [172.31.25.229:30051]...
Server (17) shutdown.
Server is exiting...
Namespace(cache_server_addr='127.0.0.1', cache_server_port=32451, graph_name='ogbn-products', id=None, ip_config='ip_config4.txt', part_config=None, n_classes=None, num_gpus=8, num_epochs=20, num_hidden=256, model_num_hidden=256, fan_out='5,10,15', batch_size=1000, batch_size_eval=100000, log_every=20, eval_every=1, lr=0.003, dropout=0.5, local_rank=None, standalone=False, sparse_lr=0.01, presampling=True, hot_threshold=0.1, emb_cache_rate=0.2, optim='adam', model='gcn', infer_method='layerwise', state_cache=False)
start graph service on server 30 for part 1
Server is waiting for connections on [172.31.25.229:30064]...
Server (30) shutdown.
Server is exiting...
Namespace(cache_server_addr='127.0.0.1', cache_server_port=32451, graph_name='ogbn-products', id=None, ip_config='ip_config4.txt', part_config=None, n_classes=None, num_gpus=8, num_epochs=20, num_hidden=256, model_num_hidden=256, fan_out='5,10,15', batch_size=1000, batch_size_eval=100000, log_every=20, eval_every=1, lr=0.003, dropout=0.5, local_rank=None, standalone=False, sparse_lr=0.01, presampling=True, hot_threshold=0.1, emb_cache_rate=0.2, optim='adam', model='gcn', infer_method='layerwise', state_cache=False)
start graph service on server 23 for part 1
Server is waiting for connections on [172.31.25.229:30057]...
Server (23) shutdown.
Server is exiting...
Namespace(cache_server_addr='127.0.0.1', cache_server_port=32451, graph_name='ogbn-products', id=None, ip_config='ip_config4.txt', part_config=None, n_classes=None, num_gpus=8, num_epochs=20, num_hidden=256, model_num_hidden=256, fan_out='5,10,15', batch_size=1000, batch_size_eval=100000, log_every=20, eval_every=1, lr=0.003, dropout=0.5, local_rank=None, standalone=False, sparse_lr=0.01, presampling=True, hot_threshold=0.1, emb_cache_rate=0.2, optim='adam', model='gcn', infer_method='layerwise', state_cache=False)
start graph service on server 56 for part 3
Server is waiting for connections on [172.31.16.179:30058]...
Server (56) shutdown.
Server is exiting...
Namespace(cache_server_addr='127.0.0.1', cache_server_port=32451, graph_name='ogbn-products', id=None, ip_config='ip_config4.txt', part_config=None, n_classes=None, num_gpus=8, num_epochs=20, num_hidden=256, model_num_hidden=256, fan_out='5,10,15', batch_size=1000, batch_size_eval=100000, log_every=20, eval_every=1, lr=0.003, dropout=0.5, local_rank=None, standalone=False, sparse_lr=0.01, presampling=True, hot_threshold=0.1, emb_cache_rate=0.2, optim='adam', model='gcn', infer_method='layerwise', state_cache=False)
start graph service on server 52 for part 3
Server is waiting for connections on [172.31.16.179:30054]...
Server (52) shutdown.
Server is exiting...
Namespace(cache_server_addr='127.0.0.1', cache_server_port=32451, graph_name='ogbn-products', id=None, ip_config='ip_config4.txt', part_config=None, n_classes=None, num_gpus=8, num_epochs=20, num_hidden=256, model_num_hidden=256, fan_out='5,10,15', batch_size=1000, batch_size_eval=100000, log_every=20, eval_every=1, lr=0.003, dropout=0.5, local_rank=None, standalone=False, sparse_lr=0.01, presampling=True, hot_threshold=0.1, emb_cache_rate=0.2, optim='adam', model='gcn', infer_method='layerwise', state_cache=False)
start graph service on server 50 for part 3
Server is waiting for connections on [172.31.16.179:30052]...
Server (50) shutdown.
Server is exiting...
Namespace(cache_server_addr='127.0.0.1', cache_server_port=32451, graph_name='ogbn-products', id=None, ip_config='ip_config4.txt', part_config=None, n_classes=None, num_gpus=8, num_epochs=20, num_hidden=256, model_num_hidden=256, fan_out='5,10,15', batch_size=1000, batch_size_eval=100000, log_every=20, eval_every=1, lr=0.003, dropout=0.5, local_rank=None, standalone=False, sparse_lr=0.01, presampling=True, hot_threshold=0.1, emb_cache_rate=0.2, optim='adam', model='gcn', infer_method='layerwise', state_cache=False)
start graph service on server 28 for part 1
Server is waiting for connections on [172.31.25.229:30062]...
Server (28) shutdown.
Server is exiting...
Namespace(cache_server_addr='127.0.0.1', cache_server_port=32451, graph_name='ogbn-products', id=None, ip_config='ip_config4.txt', part_config=None, n_classes=None, num_gpus=8, num_epochs=20, num_hidden=256, model_num_hidden=256, fan_out='5,10,15', batch_size=1000, batch_size_eval=100000, log_every=20, eval_every=1, lr=0.003, dropout=0.5, local_rank=None, standalone=False, sparse_lr=0.01, presampling=True, hot_threshold=0.1, emb_cache_rate=0.2, optim='adam', model='gcn', infer_method='layerwise', state_cache=False)
start graph service on server 22 for part 1
Server is waiting for connections on [172.31.25.229:30056]...
Server (22) shutdown.
Server is exiting...
Namespace(cache_server_addr='127.0.0.1', cache_server_port=32451, graph_name='ogbn-products', id=None, ip_config='ip_config4.txt', part_config=None, n_classes=None, num_gpus=8, num_epochs=20, num_hidden=256, model_num_hidden=256, fan_out='5,10,15', batch_size=1000, batch_size_eval=100000, log_every=20, eval_every=1, lr=0.003, dropout=0.5, local_rank=None, standalone=False, sparse_lr=0.01, presampling=True, hot_threshold=0.1, emb_cache_rate=0.2, optim='adam', model='gcn', infer_method='layerwise', state_cache=False)
start graph service on server 53 for part 3
Server is waiting for connections on [172.31.16.179:30055]...
Server (53) shutdown.
Server is exiting...
Namespace(cache_server_addr='127.0.0.1', cache_server_port=32451, graph_name='ogbn-products', id=None, ip_config='ip_config4.txt', part_config=None, n_classes=None, num_gpus=8, num_epochs=20, num_hidden=256, model_num_hidden=256, fan_out='5,10,15', batch_size=1000, batch_size_eval=100000, log_every=20, eval_every=1, lr=0.003, dropout=0.5, local_rank=None, standalone=False, sparse_lr=0.01, presampling=True, hot_threshold=0.1, emb_cache_rate=0.2, optim='adam', model='gcn', infer_method='layerwise', state_cache=False)
start graph service on server 57 for part 3
Server is waiting for connections on [172.31.16.179:30059]...
Server (57) shutdown.
Server is exiting...
Namespace(cache_server_addr='127.0.0.1', cache_server_port=32451, graph_name='ogbn-products', id=None, ip_config='ip_config4.txt', part_config=None, n_classes=None, num_gpus=8, num_epochs=20, num_hidden=256, model_num_hidden=256, fan_out='5,10,15', batch_size=1000, batch_size_eval=100000, log_every=20, eval_every=1, lr=0.003, dropout=0.5, local_rank=None, standalone=False, sparse_lr=0.01, presampling=True, hot_threshold=0.1, emb_cache_rate=0.2, optim='adam', model='gcn', infer_method='layerwise', state_cache=False)
start graph service on server 29 for part 1
Server is waiting for connections on [172.31.25.229:30063]...
Server (29) shutdown.
Server is exiting...
Namespace(cache_server_addr='127.0.0.1', cache_server_port=32451, graph_name='ogbn-products', id=None, ip_config='ip_config4.txt', part_config=None, n_classes=None, num_gpus=8, num_epochs=20, num_hidden=256, model_num_hidden=256, fan_out='5,10,15', batch_size=1000, batch_size_eval=100000, log_every=20, eval_every=1, lr=0.003, dropout=0.5, local_rank=None, standalone=False, sparse_lr=0.01, presampling=True, hot_threshold=0.1, emb_cache_rate=0.2, optim='adam', model='gcn', infer_method='layerwise', state_cache=False)
start graph service on server 55 for part 3
Server is waiting for connections on [172.31.16.179:30057]...
Server (55) shutdown.
Server is exiting...
Namespace(cache_server_addr='127.0.0.1', cache_server_port=32451, graph_name='ogbn-products', id=None, ip_config='ip_config4.txt', part_config=None, n_classes=None, num_gpus=8, num_epochs=20, num_hidden=256, model_num_hidden=256, fan_out='5,10,15', batch_size=1000, batch_size_eval=100000, log_every=20, eval_every=1, lr=0.003, dropout=0.5, local_rank=None, standalone=False, sparse_lr=0.01, presampling=True, hot_threshold=0.1, emb_cache_rate=0.2, optim='adam', model='gcn', infer_method='layerwise', state_cache=False)
start graph service on server 9 for part 0
Server is waiting for connections on [172.31.20.34:30059]...
Server (9) shutdown.
Server is exiting...
Namespace(cache_server_addr='127.0.0.1', cache_server_port=32451, graph_name='ogbn-products', id=None, ip_config='ip_config4.txt', part_config=None, n_classes=None, num_gpus=8, num_epochs=20, num_hidden=256, model_num_hidden=256, fan_out='5,10,15', batch_size=1000, batch_size_eval=100000, log_every=20, eval_every=1, lr=0.003, dropout=0.5, local_rank=None, standalone=False, sparse_lr=0.01, presampling=True, hot_threshold=0.1, emb_cache_rate=0.2, optim='adam', model='gcn', infer_method='layerwise', state_cache=False)
start graph service on server 7 for part 0
Server is waiting for connections on [172.31.20.34:30057]...
Server (7) shutdown.
Server is exiting...
Namespace(cache_server_addr='127.0.0.1', cache_server_port=32451, graph_name='ogbn-products', id=None, ip_config='ip_config4.txt', part_config=None, n_classes=None, num_gpus=8, num_epochs=20, num_hidden=256, model_num_hidden=256, fan_out='5,10,15', batch_size=1000, batch_size_eval=100000, log_every=20, eval_every=1, lr=0.003, dropout=0.5, local_rank=None, standalone=False, sparse_lr=0.01, presampling=True, hot_threshold=0.1, emb_cache_rate=0.2, optim='adam', model='gcn', infer_method='layerwise', state_cache=False)
start graph service on server 24 for part 1
Server is waiting for connections on [172.31.25.229:30058]...
Server (24) shutdown.
Server is exiting...
Namespace(cache_server_addr='127.0.0.1', cache_server_port=32451, graph_name='ogbn-products', id=None, ip_config='ip_config4.txt', part_config=None, n_classes=None, num_gpus=8, num_epochs=20, num_hidden=256, model_num_hidden=256, fan_out='5,10,15', batch_size=1000, batch_size_eval=100000, log_every=20, eval_every=1, lr=0.003, dropout=0.5, local_rank=None, standalone=False, sparse_lr=0.01, presampling=True, hot_threshold=0.1, emb_cache_rate=0.2, optim='adam', model='gcn', infer_method='layerwise', state_cache=False)
start graph service on server 13 for part 0
Server is waiting for connections on [172.31.20.34:30063]...
Server (13) shutdown.
Server is exiting...
Namespace(cache_server_addr='127.0.0.1', cache_server_port=32451, graph_name='ogbn-products', id=None, ip_config='ip_config4.txt', part_config=None, n_classes=None, num_gpus=8, num_epochs=20, num_hidden=256, model_num_hidden=256, fan_out='5,10,15', batch_size=1000, batch_size_eval=100000, log_every=20, eval_every=1, lr=0.003, dropout=0.5, local_rank=None, standalone=False, sparse_lr=0.01, presampling=True, hot_threshold=0.1, emb_cache_rate=0.2, optim='adam', model='gcn', infer_method='layerwise', state_cache=False)
start graph service on server 19 for part 1
Server is waiting for connections on [172.31.25.229:30053]...
Server (19) shutdown.
Server is exiting...
Namespace(cache_server_addr='127.0.0.1', cache_server_port=32451, graph_name='ogbn-products', id=None, ip_config='ip_config4.txt', part_config=None, n_classes=None, num_gpus=8, num_epochs=20, num_hidden=256, model_num_hidden=256, fan_out='5,10,15', batch_size=1000, batch_size_eval=100000, log_every=20, eval_every=1, lr=0.003, dropout=0.5, local_rank=None, standalone=False, sparse_lr=0.01, presampling=True, hot_threshold=0.1, emb_cache_rate=0.2, optim='adam', model='gcn', infer_method='layerwise', state_cache=False)
start graph service on server 20 for part 1
Server is waiting for connections on [172.31.25.229:30054]...
Server (20) shutdown.
Server is exiting...
Namespace(cache_server_addr='127.0.0.1', cache_server_port=32451, graph_name='ogbn-products', id=None, ip_config='ip_config4.txt', part_config=None, n_classes=None, num_gpus=8, num_epochs=20, num_hidden=256, model_num_hidden=256, fan_out='5,10,15', batch_size=1000, batch_size_eval=100000, log_every=20, eval_every=1, lr=0.003, dropout=0.5, local_rank=None, standalone=False, sparse_lr=0.01, presampling=True, hot_threshold=0.1, emb_cache_rate=0.2, optim='adam', model='gcn', infer_method='layerwise', state_cache=False)
start graph service on server 8 for part 0
Server is waiting for connections on [172.31.20.34:30058]...
Server (8) shutdown.
Server is exiting...
Namespace(cache_server_addr='127.0.0.1', cache_server_port=32451, graph_name='ogbn-products', id=None, ip_config='ip_config4.txt', part_config=None, n_classes=None, num_gpus=8, num_epochs=20, num_hidden=256, model_num_hidden=256, fan_out='5,10,15', batch_size=1000, batch_size_eval=100000, log_every=20, eval_every=1, lr=0.003, dropout=0.5, local_rank=None, standalone=False, sparse_lr=0.01, presampling=True, hot_threshold=0.1, emb_cache_rate=0.2, optim='adam', model='gcn', infer_method='layerwise', state_cache=False)
start graph service on server 15 for part 0
Server is waiting for connections on [172.31.20.34:30065]...
Server (15) shutdown.
Server is exiting...
Namespace(cache_server_addr='127.0.0.1', cache_server_port=32451, graph_name='ogbn-products', id=None, ip_config='ip_config4.txt', part_config=None, n_classes=None, num_gpus=8, num_epochs=20, num_hidden=256, model_num_hidden=256, fan_out='5,10,15', batch_size=1000, batch_size_eval=100000, log_every=20, eval_every=1, lr=0.003, dropout=0.5, local_rank=None, standalone=False, sparse_lr=0.01, presampling=True, hot_threshold=0.1, emb_cache_rate=0.2, optim='adam', model='gcn', infer_method='layerwise', state_cache=False)
start graph service on server 27 for part 1
Server is waiting for connections on [172.31.25.229:30061]...
Server (27) shutdown.
Server is exiting...
Namespace(cache_server_addr='127.0.0.1', cache_server_port=32451, graph_name='ogbn-products', id=None, ip_config='ip_config4.txt', part_config=None, n_classes=None, num_gpus=8, num_epochs=20, num_hidden=256, model_num_hidden=256, fan_out='5,10,15', batch_size=1000, batch_size_eval=100000, log_every=20, eval_every=1, lr=0.003, dropout=0.5, local_rank=None, standalone=False, sparse_lr=0.01, presampling=True, hot_threshold=0.1, emb_cache_rate=0.2, optim='adam', model='gcn', infer_method='layerwise', state_cache=False)
start graph service on server 21 for part 1
Server is waiting for connections on [172.31.25.229:30055]...
Server (21) shutdown.
Server is exiting...
Namespace(cache_server_addr='127.0.0.1', cache_server_port=32451, graph_name='ogbn-products', id=None, ip_config='ip_config4.txt', part_config=None, n_classes=None, num_gpus=8, num_epochs=20, num_hidden=256, model_num_hidden=256, fan_out='5,10,15', batch_size=1000, batch_size_eval=100000, log_every=20, eval_every=1, lr=0.003, dropout=0.5, local_rank=None, standalone=False, sparse_lr=0.01, presampling=True, hot_threshold=0.1, emb_cache_rate=0.2, optim='adam', model='gcn', infer_method='layerwise', state_cache=False)
start graph service on server 25 for part 1
Server is waiting for connections on [172.31.25.229:30059]...
Server (25) shutdown.
Server is exiting...
Namespace(cache_server_addr='127.0.0.1', cache_server_port=32451, graph_name='ogbn-products', id=None, ip_config='ip_config4.txt', part_config=None, n_classes=None, num_gpus=8, num_epochs=20, num_hidden=256, model_num_hidden=256, fan_out='5,10,15', batch_size=1000, batch_size_eval=100000, log_every=20, eval_every=1, lr=0.003, dropout=0.5, local_rank=None, standalone=False, sparse_lr=0.01, presampling=True, hot_threshold=0.1, emb_cache_rate=0.2, optim='adam', model='gcn', infer_method='layerwise', state_cache=False)
start graph service on server 26 for part 1
Server is waiting for connections on [172.31.25.229:30060]...
Server (26) shutdown.
Server is exiting...
Namespace(cache_server_addr='127.0.0.1', cache_server_port=32451, graph_name='ogbn-products', id=None, ip_config='ip_config4.txt', part_config=None, n_classes=None, num_gpus=8, num_epochs=20, num_hidden=256, model_num_hidden=256, fan_out='5,10,15', batch_size=1000, batch_size_eval=100000, log_every=20, eval_every=1, lr=0.003, dropout=0.5, local_rank=None, standalone=False, sparse_lr=0.01, presampling=True, hot_threshold=0.1, emb_cache_rate=0.2, optim='adam', model='gcn', infer_method='layerwise', state_cache=False)
start graph service on server 44 for part 2
Server is waiting for connections on [172.31.20.203:30062]...
Server (44) shutdown.
Server is exiting...
Namespace(cache_server_addr='127.0.0.1', cache_server_port=32451, graph_name='ogbn-products', id=None, ip_config='ip_config4.txt', part_config=None, n_classes=None, num_gpus=8, num_epochs=20, num_hidden=256, model_num_hidden=256, fan_out='5,10,15', batch_size=1000, batch_size_eval=100000, log_every=20, eval_every=1, lr=0.003, dropout=0.5, local_rank=None, standalone=False, sparse_lr=0.01, presampling=True, hot_threshold=0.1, emb_cache_rate=0.2, optim='adam', model='gcn', infer_method='layerwise', state_cache=False)
start graph service on server 18 for part 1
Server is waiting for connections on [172.31.25.229:30052]...
Server (18) shutdown.
Server is exiting...
Namespace(cache_server_addr='127.0.0.1', cache_server_port=32451, graph_name='ogbn-products', id=None, ip_config='ip_config4.txt', part_config=None, n_classes=None, num_gpus=8, num_epochs=20, num_hidden=256, model_num_hidden=256, fan_out='5,10,15', batch_size=1000, batch_size_eval=100000, log_every=20, eval_every=1, lr=0.003, dropout=0.5, local_rank=None, standalone=False, sparse_lr=0.01, presampling=True, hot_threshold=0.1, emb_cache_rate=0.2, optim='adam', model='gcn', infer_method='layerwise', state_cache=False)
start graph service on server 31 for part 1
Server is waiting for connections on [172.31.25.229:30065]...
Server (31) shutdown.
Server is exiting...
Namespace(cache_server_addr='127.0.0.1', cache_server_port=32451, graph_name='ogbn-products', id=None, ip_config='ip_config4.txt', part_config=None, n_classes=None, num_gpus=8, num_epochs=20, num_hidden=256, model_num_hidden=256, fan_out='5,10,15', batch_size=1000, batch_size_eval=100000, log_every=20, eval_every=1, lr=0.003, dropout=0.5, local_rank=None, standalone=False, sparse_lr=0.01, presampling=True, hot_threshold=0.1, emb_cache_rate=0.2, optim='adam', model='gcn', infer_method='layerwise', state_cache=False)
start graph service on server 59 for part 3
Server is waiting for connections on [172.31.16.179:30061]...
Server (59) shutdown.
Server is exiting...
Namespace(cache_server_addr='127.0.0.1', cache_server_port=32451, graph_name='ogbn-products', id=None, ip_config='ip_config4.txt', part_config=None, n_classes=None, num_gpus=8, num_epochs=20, num_hidden=256, model_num_hidden=256, fan_out='5,10,15', batch_size=1000, batch_size_eval=100000, log_every=20, eval_every=1, lr=0.003, dropout=0.5, local_rank=None, standalone=False, sparse_lr=0.01, presampling=True, hot_threshold=0.1, emb_cache_rate=0.2, optim='adam', model='gcn', infer_method='layerwise', state_cache=False)
start graph service on server 34 for part 2
Server is waiting for connections on [172.31.20.203:30052]...
Server (34) shutdown.
Server is exiting...
Namespace(cache_server_addr='127.0.0.1', cache_server_port=32451, graph_name='ogbn-products', id=None, ip_config='ip_config4.txt', part_config=None, n_classes=None, num_gpus=8, num_epochs=20, num_hidden=256, model_num_hidden=256, fan_out='5,10,15', batch_size=1000, batch_size_eval=100000, log_every=20, eval_every=1, lr=0.003, dropout=0.5, local_rank=None, standalone=False, sparse_lr=0.01, presampling=True, hot_threshold=0.1, emb_cache_rate=0.2, optim='adam', model='gcn', infer_method='layerwise', state_cache=False)
start graph service on server 45 for part 2
Server is waiting for connections on [172.31.20.203:30063]...
Server (45) shutdown.
Server is exiting...
Namespace(cache_server_addr='127.0.0.1', cache_server_port=32451, graph_name='ogbn-products', id=None, ip_config='ip_config4.txt', part_config=None, n_classes=None, num_gpus=8, num_epochs=20, num_hidden=256, model_num_hidden=256, fan_out='5,10,15', batch_size=1000, batch_size_eval=100000, log_every=20, eval_every=1, lr=0.003, dropout=0.5, local_rank=None, standalone=False, sparse_lr=0.01, presampling=True, hot_threshold=0.1, emb_cache_rate=0.2, optim='adam', model='gcn', infer_method='layerwise', state_cache=False)
start graph service on server 46 for part 2
Server is waiting for connections on [172.31.20.203:30064]...
Server (46) shutdown.
Server is exiting...
Namespace(cache_server_addr='127.0.0.1', cache_server_port=32451, graph_name='ogbn-products', id=None, ip_config='ip_config4.txt', part_config=None, n_classes=None, num_gpus=8, num_epochs=20, num_hidden=256, model_num_hidden=256, fan_out='5,10,15', batch_size=1000, batch_size_eval=100000, log_every=20, eval_every=1, lr=0.003, dropout=0.5, local_rank=None, standalone=False, sparse_lr=0.01, presampling=True, hot_threshold=0.1, emb_cache_rate=0.2, optim='adam', model='gcn', infer_method='layerwise', state_cache=False)
start graph service on server 36 for part 2
Server is waiting for connections on [172.31.20.203:30054]...
Server (36) shutdown.
Server is exiting...
Namespace(cache_server_addr='127.0.0.1', cache_server_port=32451, graph_name='ogbn-products', id=None, ip_config='ip_config4.txt', part_config=None, n_classes=None, num_gpus=8, num_epochs=20, num_hidden=256, model_num_hidden=256, fan_out='5,10,15', batch_size=1000, batch_size_eval=100000, log_every=20, eval_every=1, lr=0.003, dropout=0.5, local_rank=None, standalone=False, sparse_lr=0.01, presampling=True, hot_threshold=0.1, emb_cache_rate=0.2, optim='adam', model='gcn', infer_method='layerwise', state_cache=False)
start graph service on server 54 for part 3
Server is waiting for connections on [172.31.16.179:30056]...
Server (54) shutdown.
Server is exiting...
Namespace(cache_server_addr='127.0.0.1', cache_server_port=32451, graph_name='ogbn-products', id=None, ip_config='ip_config4.txt', part_config=None, n_classes=None, num_gpus=8, num_epochs=20, num_hidden=256, model_num_hidden=256, fan_out='5,10,15', batch_size=1000, batch_size_eval=100000, log_every=20, eval_every=1, lr=0.003, dropout=0.5, local_rank=None, standalone=False, sparse_lr=0.01, presampling=True, hot_threshold=0.1, emb_cache_rate=0.2, optim='adam', model='gcn', infer_method='layerwise', state_cache=False)
start graph service on server 33 for part 2
Server is waiting for connections on [172.31.20.203:30051]...
Server (33) shutdown.
Server is exiting...
Namespace(cache_server_addr='127.0.0.1', cache_server_port=32451, graph_name='ogbn-products', id=None, ip_config='ip_config4.txt', part_config=None, n_classes=None, num_gpus=8, num_epochs=20, num_hidden=256, model_num_hidden=256, fan_out='5,10,15', batch_size=1000, batch_size_eval=100000, log_every=20, eval_every=1, lr=0.003, dropout=0.5, local_rank=None, standalone=False, sparse_lr=0.01, presampling=True, hot_threshold=0.1, emb_cache_rate=0.2, optim='adam', model='gcn', infer_method='layerwise', state_cache=False)
start graph service on server 41 for part 2
Server is waiting for connections on [172.31.20.203:30059]...
Server (41) shutdown.
Server is exiting...
Namespace(cache_server_addr='127.0.0.1', cache_server_port=32451, graph_name='ogbn-products', id=None, ip_config='ip_config4.txt', part_config=None, n_classes=None, num_gpus=8, num_epochs=20, num_hidden=256, model_num_hidden=256, fan_out='5,10,15', batch_size=1000, batch_size_eval=100000, log_every=20, eval_every=1, lr=0.003, dropout=0.5, local_rank=None, standalone=False, sparse_lr=0.01, presampling=True, hot_threshold=0.1, emb_cache_rate=0.2, optim='adam', model='gcn', infer_method='layerwise', state_cache=False)
start graph service on server 43 for part 2
Server is waiting for connections on [172.31.20.203:30061]...
Server (43) shutdown.
Server is exiting...
Namespace(cache_server_addr='127.0.0.1', cache_server_port=32451, graph_name='ogbn-products', id=None, ip_config='ip_config4.txt', part_config=None, n_classes=None, num_gpus=8, num_epochs=20, num_hidden=256, model_num_hidden=256, fan_out='5,10,15', batch_size=1000, batch_size_eval=100000, log_every=20, eval_every=1, lr=0.003, dropout=0.5, local_rank=None, standalone=False, sparse_lr=0.01, presampling=True, hot_threshold=0.1, emb_cache_rate=0.2, optim='adam', model='gcn', infer_method='layerwise', state_cache=False)
start graph service on server 58 for part 3
Server is waiting for connections on [172.31.16.179:30060]...
Server (58) shutdown.
Server is exiting...
Namespace(cache_server_addr='127.0.0.1', cache_server_port=32451, graph_name='ogbn-products', id=None, ip_config='ip_config4.txt', part_config=None, n_classes=None, num_gpus=8, num_epochs=20, num_hidden=256, model_num_hidden=256, fan_out='5,10,15', batch_size=1000, batch_size_eval=100000, log_every=20, eval_every=1, lr=0.003, dropout=0.5, local_rank=None, standalone=False, sparse_lr=0.01, presampling=True, hot_threshold=0.1, emb_cache_rate=0.2, optim='adam', model='gcn', infer_method='layerwise', state_cache=False)
start graph service on server 49 for part 3
Server is waiting for connections on [172.31.16.179:30051]...
Server (49) shutdown.
Server is exiting...
Namespace(cache_server_addr='127.0.0.1', cache_server_port=32451, graph_name='ogbn-products', id=None, ip_config='ip_config4.txt', part_config=None, n_classes=None, num_gpus=8, num_epochs=20, num_hidden=256, model_num_hidden=256, fan_out='5,10,15', batch_size=1000, batch_size_eval=100000, log_every=20, eval_every=1, lr=0.003, dropout=0.5, local_rank=None, standalone=False, sparse_lr=0.01, presampling=True, hot_threshold=0.1, emb_cache_rate=0.2, optim='adam', model='gcn', infer_method='layerwise', state_cache=False)
start graph service on server 60 for part 3
Server is waiting for connections on [172.31.16.179:30062]...
Server (60) shutdown.
Server is exiting...
Namespace(cache_server_addr='127.0.0.1', cache_server_port=32451, graph_name='ogbn-products', id=None, ip_config='ip_config4.txt', part_config=None, n_classes=None, num_gpus=8, num_epochs=20, num_hidden=256, model_num_hidden=256, fan_out='5,10,15', batch_size=1000, batch_size_eval=100000, log_every=20, eval_every=1, lr=0.003, dropout=0.5, local_rank=None, standalone=False, sparse_lr=0.01, presampling=True, hot_threshold=0.1, emb_cache_rate=0.2, optim='adam', model='gcn', infer_method='layerwise', state_cache=False)
start graph service on server 51 for part 3
Server is waiting for connections on [172.31.16.179:30053]...
Server (51) shutdown.
Server is exiting...
Namespace(cache_server_addr='127.0.0.1', cache_server_port=32451, graph_name='ogbn-products', id=None, ip_config='ip_config4.txt', part_config=None, n_classes=None, num_gpus=8, num_epochs=20, num_hidden=256, model_num_hidden=256, fan_out='5,10,15', batch_size=1000, batch_size_eval=100000, log_every=20, eval_every=1, lr=0.003, dropout=0.5, local_rank=None, standalone=False, sparse_lr=0.01, presampling=True, hot_threshold=0.1, emb_cache_rate=0.2, optim='adam', model='gcn', infer_method='layerwise', state_cache=False)
start graph service on server 63 for part 3
Server is waiting for connections on [172.31.16.179:30065]...
Server (63) shutdown.
Server is exiting...
Namespace(cache_server_addr='127.0.0.1', cache_server_port=32451, graph_name='ogbn-products', id=None, ip_config='ip_config4.txt', part_config=None, n_classes=None, num_gpus=8, num_epochs=20, num_hidden=256, model_num_hidden=256, fan_out='5,10,15', batch_size=1000, batch_size_eval=100000, log_every=20, eval_every=1, lr=0.003, dropout=0.5, local_rank=None, standalone=False, sparse_lr=0.01, presampling=True, hot_threshold=0.1, emb_cache_rate=0.2, optim='adam', model='gcn', infer_method='layerwise', state_cache=False)
start graph service on server 62 for part 3
Server is waiting for connections on [172.31.16.179:30064]...
Server (62) shutdown.
Server is exiting...
Namespace(cache_server_addr='127.0.0.1', cache_server_port=32451, graph_name='ogbn-products', id=None, ip_config='ip_config4.txt', part_config=None, n_classes=None, num_gpus=8, num_epochs=20, num_hidden=256, model_num_hidden=256, fan_out='5,10,15', batch_size=1000, batch_size_eval=100000, log_every=20, eval_every=1, lr=0.003, dropout=0.5, local_rank=None, standalone=False, sparse_lr=0.01, presampling=True, hot_threshold=0.1, emb_cache_rate=0.2, optim='adam', model='gcn', infer_method='layerwise', state_cache=False)
start graph service on server 61 for part 3
Server is waiting for connections on [172.31.16.179:30063]...
Server (61) shutdown.
Server is exiting...
Namespace(cache_server_addr='127.0.0.1', cache_server_port=32451, graph_name='ogbn-products', id=None, ip_config='ip_config4.txt', part_config=None, n_classes=None, num_gpus=8, num_epochs=20, num_hidden=256, model_num_hidden=256, fan_out='5,10,15', batch_size=1000, batch_size_eval=100000, log_every=20, eval_every=1, lr=0.003, dropout=0.5, local_rank=None, standalone=False, sparse_lr=0.01, presampling=True, hot_threshold=0.1, emb_cache_rate=0.2, optim='adam', model='gcn', infer_method='layerwise', state_cache=False)
start graph service on server 39 for part 2
Server is waiting for connections on [172.31.20.203:30057]...
Server (39) shutdown.
Server is exiting...
Namespace(cache_server_addr='127.0.0.1', cache_server_port=32451, graph_name='ogbn-products', id=None, ip_config='ip_config4.txt', part_config=None, n_classes=None, num_gpus=8, num_epochs=20, num_hidden=256, model_num_hidden=256, fan_out='5,10,15', batch_size=1000, batch_size_eval=100000, log_every=20, eval_every=1, lr=0.003, dropout=0.5, local_rank=None, standalone=False, sparse_lr=0.01, presampling=True, hot_threshold=0.1, emb_cache_rate=0.2, optim='adam', model='gcn', infer_method='layerwise', state_cache=False)
start graph service on server 35 for part 2
Server is waiting for connections on [172.31.20.203:30053]...
Server (35) shutdown.
Server is exiting...
Namespace(cache_server_addr='127.0.0.1', cache_server_port=32451, graph_name='ogbn-products', id=None, ip_config='ip_config4.txt', part_config=None, n_classes=None, num_gpus=8, num_epochs=20, num_hidden=256, model_num_hidden=256, fan_out='5,10,15', batch_size=1000, batch_size_eval=100000, log_every=20, eval_every=1, lr=0.003, dropout=0.5, local_rank=None, standalone=False, sparse_lr=0.01, presampling=True, hot_threshold=0.1, emb_cache_rate=0.2, optim='adam', model='gcn', infer_method='layerwise', state_cache=False)
start graph service on server 37 for part 2
Server is waiting for connections on [172.31.20.203:30055]...
Server (37) shutdown.
Server is exiting...
Namespace(cache_server_addr='127.0.0.1', cache_server_port=32451, graph_name='ogbn-products', id=None, ip_config='ip_config4.txt', part_config=None, n_classes=None, num_gpus=8, num_epochs=20, num_hidden=256, model_num_hidden=256, fan_out='5,10,15', batch_size=1000, batch_size_eval=100000, log_every=20, eval_every=1, lr=0.003, dropout=0.5, local_rank=None, standalone=False, sparse_lr=0.01, presampling=True, hot_threshold=0.1, emb_cache_rate=0.2, optim='adam', model='gcn', infer_method='layerwise', state_cache=False)
start graph service on server 40 for part 2
Server is waiting for connections on [172.31.20.203:30058]...
Server (40) shutdown.
Server is exiting...
Namespace(cache_server_addr='127.0.0.1', cache_server_port=32451, graph_name='ogbn-products', id=None, ip_config='ip_config4.txt', part_config=None, n_classes=None, num_gpus=8, num_epochs=20, num_hidden=256, model_num_hidden=256, fan_out='5,10,15', batch_size=1000, batch_size_eval=100000, log_every=20, eval_every=1, lr=0.003, dropout=0.5, local_rank=None, standalone=False, sparse_lr=0.01, presampling=True, hot_threshold=0.1, emb_cache_rate=0.2, optim='adam', model='gcn', infer_method='layerwise', state_cache=False)
start graph service on server 47 for part 2
Server is waiting for connections on [172.31.20.203:30065]...
Server (47) shutdown.
Server is exiting...
Namespace(cache_server_addr='127.0.0.1', cache_server_port=32451, graph_name='ogbn-products', id=None, ip_config='ip_config4.txt', part_config=None, n_classes=None, num_gpus=8, num_epochs=20, num_hidden=256, model_num_hidden=256, fan_out='5,10,15', batch_size=1000, batch_size_eval=100000, log_every=20, eval_every=1, lr=0.003, dropout=0.5, local_rank=None, standalone=False, sparse_lr=0.01, presampling=True, hot_threshold=0.1, emb_cache_rate=0.2, optim='adam', model='gcn', infer_method='layerwise', state_cache=False)
start graph service on server 38 for part 2
Server is waiting for connections on [172.31.20.203:30056]...
Server (38) shutdown.
Server is exiting...
Namespace(cache_server_addr='127.0.0.1', cache_server_port=32451, graph_name='ogbn-products', id=None, ip_config='ip_config4.txt', part_config=None, n_classes=None, num_gpus=8, num_epochs=20, num_hidden=256, model_num_hidden=256, fan_out='5,10,15', batch_size=1000, batch_size_eval=100000, log_every=20, eval_every=1, lr=0.003, dropout=0.5, local_rank=None, standalone=False, sparse_lr=0.01, presampling=True, hot_threshold=0.1, emb_cache_rate=0.2, optim='adam', model='gcn', infer_method='layerwise', state_cache=False)
start graph service on server 42 for part 2
Server is waiting for connections on [172.31.20.203:30060]...
Server (42) shutdown.
Server is exiting...
Client [234491] waits on 172.31.16.179:38361
Machine (3) group (0) client (1) connect to server successfuly!
Client[1] in group[0] is exiting...
Client [234209] waits on 172.31.16.179:38423
Machine (3) group (0) client (2) connect to server successfuly!
Client[2] in group[0] is exiting...
Client [234149] waits on 172.31.16.179:49629
Machine (3) group (0) client (9) connect to server successfuly!
Client[9] in group[0] is exiting...
Client [234346] waits on 172.31.16.179:50299
Machine (3) group (0) client (10) connect to server successfuly!
Client[10] in group[0] is exiting...
Client [226682] waits on 172.31.25.229:34613
Machine (1) group (0) client (48) connect to server successfuly!
Client[48] in group[0] is exiting...
Client [234080] waits on 172.31.16.179:36199
Machine (3) group (0) client (0) connect to server successfuly!
Client[0] in group[0] is exiting...
Client [419401] waits on 172.31.20.34:43165
Machine (0) group (0) client (39) connect to server successfuly!
Client[39] in group[0] is exiting...
Client [419400] waits on 172.31.20.34:58237
Machine (0) group (0) client (47) connect to server successfuly!
Client[47] in group[0] is exiting...
Client [419731] waits on 172.31.20.34:43871
Machine (0) group (0) client (40) connect to server successfuly!
Client[40] in group[0] is exiting...
Client [226353] waits on 172.31.25.229:51307
Machine (1) group (0) client (55) connect to server successfuly!
Client[55] in group[0] is exiting...
Client [234572] waits on 172.31.16.179:57941
Machine (3) group (0) client (14) connect to server successfuly!
Client[14] in group[0] is exiting...
Client [234148] waits on 172.31.16.179:40577
Machine (3) group (0) client (5) connect to server successfuly!
Client[5] in group[0] is exiting...
Client [226834] waits on 172.31.25.229:55565
Machine (1) group (0) client (59) connect to server successfuly!
Client[59] in group[0] is exiting...
Client [226616] waits on 172.31.25.229:47507
Machine (1) group (0) client (54) connect to server successfuly!
Client[54] in group[0] is exiting...
Client [226753] waits on 172.31.25.229:56643
Machine (1) group (0) client (60) connect to server successfuly!
Client[60] in group[0] is exiting...
Client [419750] waits on 172.31.20.34:36405
Machine (0) group (0) client (34) connect to server successfuly!
Client[34] in group[0] is exiting...
Client [419332] waits on 172.31.20.34:40001
Machine (0) group (0) client (37) connect to server successfuly!
Client[37] in group[0] is exiting...
Client [225677] waits on 172.31.20.203:58907
Machine (2) group (0) client (30) connect to server successfuly!
Client[30] in group[0] is exiting...
Client [419683] waits on 172.31.20.34:34365
Machine (0) group (0) client (33) connect to server successfuly!
Client[33] in group[0] is exiting...
Client [419402] waits on 172.31.20.34:52779
Machine (0) group (0) client (45) connect to server successfuly!
Client[45] in group[0] is exiting...
Client [225713] waits on 172.31.20.203:46461
Machine (2) group (0) client (23) connect to server successfuly!
Client[23] in group[0] is exiting...
Client [226355] waits on 172.31.25.229:36507
Machine (1) group (0) client (50) connect to server successfuly!
Client[50] in group[0] is exiting...
Client [226003] waits on 172.31.20.203:56389
Machine (2) group (0) client (29) connect to server successfuly!
Client[29] in group[0] is exiting...
Client [225679] waits on 172.31.20.203:54935
Machine (2) group (0) client (27) connect to server successfuly!
Client[27] in group[0] is exiting...
Client [226486] waits on 172.31.25.229:45001
Machine (1) group (0) client (53) connect to server successfuly!
Client[53] in group[0] is exiting...
Client [225681] waits on 172.31.20.203:33105
Machine (2) group (0) client (16) connect to server successfuly!
Client[16] in group[0] is exiting...
Client [226069] waits on 172.31.20.203:55391
Machine (2) group (0) client (28) connect to server successfuly!
Client[28] in group[0] is exiting...
Client [225678] waits on 172.31.20.203:40667
Machine (2) group (0) client (20) connect to server successfuly!
Client[20] in group[0] is exiting...
Client [234281] waits on 172.31.16.179:39359
Machine (3) group (0) client (4) connect to server successfuly!
Client[4] in group[0] is exiting...
Client [419601] waits on 172.31.20.34:33457
Machine (0) group (0) client (32) connect to server successfuly!
Client[32] in group[0] is exiting...
Client [226135] waits on 172.31.20.203:59765
Machine (2) group (0) client (31) connect to server successfuly!
Client[31] in group[0] is exiting...
Client [226480] waits on 172.31.25.229:60435
Machine (1) group (0) client (63) connect to server successfuly!
Client[63] in group[0] is exiting...
cleanup process runs
