The number of OMP threads per trainer is set to 6
Namespace(cache_server_addr='127.0.0.1', cache_server_port=32451, graph_name='ogbn-products', id=None, ip_config='ip_config4.txt', part_config=None, n_classes=None, num_gpus=8, num_epochs=20, num_hidden=256, fan_out='5,5,5,5', batch_size=1000, batch_size_eval=100000, log_every=20, eval_every=1, lr=0.003, feat_dropout=0.1, attn_dropout=0.1, model_num_hidden=32, heads='8,8,8,1', local_rank=None, standalone=False, sparse_lr=0.01, presampling=True, hot_threshold=0.1, emb_cache_rate=0.2)
Namespace(cache_server_addr='127.0.0.1', cache_server_port=32451, graph_name='ogbn-products', id=None, ip_config='ip_config4.txt', part_config=None, n_classes=None, num_gpus=8, num_epochs=20, num_hidden=256, fan_out='5,5,5,5', batch_size=1000, batch_size_eval=100000, log_every=20, eval_every=1, lr=0.003, feat_dropout=0.1, attn_dropout=0.1, model_num_hidden=32, heads='8,8,8,1', local_rank=None, standalone=False, sparse_lr=0.01, presampling=True, hot_threshold=0.1, emb_cache_rate=0.2)
Namespace(cache_server_addr='127.0.0.1', cache_server_port=32451, graph_name='ogbn-products', id=None, ip_config='ip_config4.txt', part_config=None, n_classes=None, num_gpus=8, num_epochs=20, num_hidden=256, fan_out='5,5,5,5', batch_size=1000, batch_size_eval=100000, log_every=20, eval_every=1, lr=0.003, feat_dropout=0.1, attn_dropout=0.1, model_num_hidden=32, heads='8,8,8,1', local_rank=None, standalone=False, sparse_lr=0.01, presampling=True, hot_threshold=0.1, emb_cache_rate=0.2)
Namespace(cache_server_addr='127.0.0.1', cache_server_port=32451, graph_name='ogbn-products', id=None, ip_config='ip_config4.txt', part_config=None, n_classes=None, num_gpus=8, num_epochs=20, num_hidden=256, fan_out='5,5,5,5', batch_size=1000, batch_size_eval=100000, log_every=20, eval_every=1, lr=0.003, feat_dropout=0.1, attn_dropout=0.1, model_num_hidden=32, heads='8,8,8,1', local_rank=None, standalone=False, sparse_lr=0.01, presampling=True, hot_threshold=0.1, emb_cache_rate=0.2)
Namespace(cache_server_addr='127.0.0.1', cache_server_port=32451, graph_name='ogbn-products', id=None, ip_config='ip_config4.txt', part_config=None, n_classes=None, num_gpus=8, num_epochs=20, num_hidden=256, fan_out='5,5,5,5', batch_size=1000, batch_size_eval=100000, log_every=20, eval_every=1, lr=0.003, feat_dropout=0.1, attn_dropout=0.1, model_num_hidden=32, heads='8,8,8,1', local_rank=None, standalone=False, sparse_lr=0.01, presampling=True, hot_threshold=0.1, emb_cache_rate=0.2)
Namespace(cache_server_addr='127.0.0.1', cache_server_port=32451, graph_name='ogbn-products', id=None, ip_config='ip_config4.txt', part_config=None, n_classes=None, num_gpus=8, num_epochs=20, num_hidden=256, fan_out='5,5,5,5', batch_size=1000, batch_size_eval=100000, log_every=20, eval_every=1, lr=0.003, feat_dropout=0.1, attn_dropout=0.1, model_num_hidden=32, heads='8,8,8,1', local_rank=None, standalone=False, sparse_lr=0.01, presampling=True, hot_threshold=0.1, emb_cache_rate=0.2)
Namespace(cache_server_addr='127.0.0.1', cache_server_port=32451, graph_name='ogbn-products', id=None, ip_config='ip_config4.txt', part_config=None, n_classes=None, num_gpus=8, num_epochs=20, num_hidden=256, fan_out='5,5,5,5', batch_size=1000, batch_size_eval=100000, log_every=20, eval_every=1, lr=0.003, feat_dropout=0.1, attn_dropout=0.1, model_num_hidden=32, heads='8,8,8,1', local_rank=None, standalone=False, sparse_lr=0.01, presampling=True, hot_threshold=0.1, emb_cache_rate=0.2)
Namespace(cache_server_addr='127.0.0.1', cache_server_port=32451, graph_name='ogbn-products', id=None, ip_config='ip_config4.txt', part_config=None, n_classes=None, num_gpus=8, num_epochs=20, num_hidden=256, fan_out='5,5,5,5', batch_size=1000, batch_size_eval=100000, log_every=20, eval_every=1, lr=0.003, feat_dropout=0.1, attn_dropout=0.1, model_num_hidden=32, heads='8,8,8,1', local_rank=None, standalone=False, sparse_lr=0.01, presampling=True, hot_threshold=0.1, emb_cache_rate=0.2)
Namespace(cache_server_addr='127.0.0.1', cache_server_port=32451, graph_name='ogbn-products', id=None, ip_config='ip_config4.txt', part_config=None, n_classes=None, num_gpus=8, num_epochs=20, num_hidden=256, fan_out='5,5,5,5', batch_size=1000, batch_size_eval=100000, log_every=20, eval_every=1, lr=0.003, feat_dropout=0.1, attn_dropout=0.1, model_num_hidden=32, heads='8,8,8,1', local_rank=None, standalone=False, sparse_lr=0.01, presampling=True, hot_threshold=0.1, emb_cache_rate=0.2)
Namespace(cache_server_addr='127.0.0.1', cache_server_port=32451, graph_name='ogbn-products', id=None, ip_config='ip_config4.txt', part_config=None, n_classes=None, num_gpus=8, num_epochs=20, num_hidden=256, fan_out='5,5,5,5', batch_size=1000, batch_size_eval=100000, log_every=20, eval_every=1, lr=0.003, feat_dropout=0.1, attn_dropout=0.1, model_num_hidden=32, heads='8,8,8,1', local_rank=None, standalone=False, sparse_lr=0.01, presampling=True, hot_threshold=0.1, emb_cache_rate=0.2)
Namespace(cache_server_addr='127.0.0.1', cache_server_port=32451, graph_name='ogbn-products', id=None, ip_config='ip_config4.txt', part_config=None, n_classes=None, num_gpus=8, num_epochs=20, num_hidden=256, fan_out='5,5,5,5', batch_size=1000, batch_size_eval=100000, log_every=20, eval_every=1, lr=0.003, feat_dropout=0.1, attn_dropout=0.1, model_num_hidden=32, heads='8,8,8,1', local_rank=None, standalone=False, sparse_lr=0.01, presampling=True, hot_threshold=0.1, emb_cache_rate=0.2)
Namespace(cache_server_addr='127.0.0.1', cache_server_port=32451, graph_name='ogbn-products', id=None, ip_config='ip_config4.txt', part_config=None, n_classes=None, num_gpus=8, num_epochs=20, num_hidden=256, fan_out='5,5,5,5', batch_size=1000, batch_size_eval=100000, log_every=20, eval_every=1, lr=0.003, feat_dropout=0.1, attn_dropout=0.1, model_num_hidden=32, heads='8,8,8,1', local_rank=None, standalone=False, sparse_lr=0.01, presampling=True, hot_threshold=0.1, emb_cache_rate=0.2)
Namespace(cache_server_addr='127.0.0.1', cache_server_port=32451, graph_name='ogbn-products', id=None, ip_config='ip_config4.txt', part_config=None, n_classes=None, num_gpus=8, num_epochs=20, num_hidden=256, fan_out='5,5,5,5', batch_size=1000, batch_size_eval=100000, log_every=20, eval_every=1, lr=0.003, feat_dropout=0.1, attn_dropout=0.1, model_num_hidden=32, heads='8,8,8,1', local_rank=None, standalone=False, sparse_lr=0.01, presampling=True, hot_threshold=0.1, emb_cache_rate=0.2)
Namespace(cache_server_addr='127.0.0.1', cache_server_port=32451, graph_name='ogbn-products', id=None, ip_config='ip_config4.txt', part_config=None, n_classes=None, num_gpus=8, num_epochs=20, num_hidden=256, fan_out='5,5,5,5', batch_size=1000, batch_size_eval=100000, log_every=20, eval_every=1, lr=0.003, feat_dropout=0.1, attn_dropout=0.1, model_num_hidden=32, heads='8,8,8,1', local_rank=None, standalone=False, sparse_lr=0.01, presampling=True, hot_threshold=0.1, emb_cache_rate=0.2)
Namespace(cache_server_addr='127.0.0.1', cache_server_port=32451, graph_name='ogbn-products', id=None, ip_config='ip_config4.txt', part_config=None, n_classes=None, num_gpus=8, num_epochs=20, num_hidden=256, fan_out='5,5,5,5', batch_size=1000, batch_size_eval=100000, log_every=20, eval_every=1, lr=0.003, feat_dropout=0.1, attn_dropout=0.1, model_num_hidden=32, heads='8,8,8,1', local_rank=None, standalone=False, sparse_lr=0.01, presampling=True, hot_threshold=0.1, emb_cache_rate=0.2)
Namespace(cache_server_addr='127.0.0.1', cache_server_port=32451, graph_name='ogbn-products', id=None, ip_config='ip_config4.txt', part_config=None, n_classes=None, num_gpus=8, num_epochs=20, num_hidden=256, fan_out='5,5,5,5', batch_size=1000, batch_size_eval=100000, log_every=20, eval_every=1, lr=0.003, feat_dropout=0.1, attn_dropout=0.1, model_num_hidden=32, heads='8,8,8,1', local_rank=None, standalone=False, sparse_lr=0.01, presampling=True, hot_threshold=0.1, emb_cache_rate=0.2)
Namespace(cache_server_addr='127.0.0.1', cache_server_port=32451, graph_name='ogbn-products', id=None, ip_config='ip_config4.txt', part_config=None, n_classes=None, num_gpus=8, num_epochs=20, num_hidden=256, fan_out='5,5,5,5', batch_size=1000, batch_size_eval=100000, log_every=20, eval_every=1, lr=0.003, feat_dropout=0.1, attn_dropout=0.1, model_num_hidden=32, heads='8,8,8,1', local_rank=None, standalone=False, sparse_lr=0.01, presampling=True, hot_threshold=0.1, emb_cache_rate=0.2)
Namespace(cache_server_addr='127.0.0.1', cache_server_port=32451, graph_name='ogbn-products', id=None, ip_config='ip_config4.txt', part_config=None, n_classes=None, num_gpus=8, num_epochs=20, num_hidden=256, fan_out='5,5,5,5', batch_size=1000, batch_size_eval=100000, log_every=20, eval_every=1, lr=0.003, feat_dropout=0.1, attn_dropout=0.1, model_num_hidden=32, heads='8,8,8,1', local_rank=None, standalone=False, sparse_lr=0.01, presampling=True, hot_threshold=0.1, emb_cache_rate=0.2)
Namespace(cache_server_addr='127.0.0.1', cache_server_port=32451, graph_name='ogbn-products', id=None, ip_config='ip_config4.txt', part_config=None, n_classes=None, num_gpus=8, num_epochs=20, num_hidden=256, fan_out='5,5,5,5', batch_size=1000, batch_size_eval=100000, log_every=20, eval_every=1, lr=0.003, feat_dropout=0.1, attn_dropout=0.1, model_num_hidden=32, heads='8,8,8,1', local_rank=None, standalone=False, sparse_lr=0.01, presampling=True, hot_threshold=0.1, emb_cache_rate=0.2)
Namespace(cache_server_addr='127.0.0.1', cache_server_port=32451, graph_name='ogbn-products', id=None, ip_config='ip_config4.txt', part_config=None, n_classes=None, num_gpus=8, num_epochs=20, num_hidden=256, fan_out='5,5,5,5', batch_size=1000, batch_size_eval=100000, log_every=20, eval_every=1, lr=0.003, feat_dropout=0.1, attn_dropout=0.1, model_num_hidden=32, heads='8,8,8,1', local_rank=None, standalone=False, sparse_lr=0.01, presampling=True, hot_threshold=0.1, emb_cache_rate=0.2)
Namespace(cache_server_addr='127.0.0.1', cache_server_port=32451, graph_name='ogbn-products', id=None, ip_config='ip_config4.txt', part_config=None, n_classes=None, num_gpus=8, num_epochs=20, num_hidden=256, fan_out='5,5,5,5', batch_size=1000, batch_size_eval=100000, log_every=20, eval_every=1, lr=0.003, feat_dropout=0.1, attn_dropout=0.1, model_num_hidden=32, heads='8,8,8,1', local_rank=None, standalone=False, sparse_lr=0.01, presampling=True, hot_threshold=0.1, emb_cache_rate=0.2)
Namespace(cache_server_addr='127.0.0.1', cache_server_port=32451, graph_name='ogbn-products', id=None, ip_config='ip_config4.txt', part_config=None, n_classes=None, num_gpus=8, num_epochs=20, num_hidden=256, fan_out='5,5,5,5', batch_size=1000, batch_size_eval=100000, log_every=20, eval_every=1, lr=0.003, feat_dropout=0.1, attn_dropout=0.1, model_num_hidden=32, heads='8,8,8,1', local_rank=None, standalone=False, sparse_lr=0.01, presampling=True, hot_threshold=0.1, emb_cache_rate=0.2)
Namespace(cache_server_addr='127.0.0.1', cache_server_port=32451, graph_name='ogbn-products', id=None, ip_config='ip_config4.txt', part_config=None, n_classes=None, num_gpus=8, num_epochs=20, num_hidden=256, fan_out='5,5,5,5', batch_size=1000, batch_size_eval=100000, log_every=20, eval_every=1, lr=0.003, feat_dropout=0.1, attn_dropout=0.1, model_num_hidden=32, heads='8,8,8,1', local_rank=None, standalone=False, sparse_lr=0.01, presampling=True, hot_threshold=0.1, emb_cache_rate=0.2)
Namespace(cache_server_addr='127.0.0.1', cache_server_port=32451, graph_name='ogbn-products', id=None, ip_config='ip_config4.txt', part_config=None, n_classes=None, num_gpus=8, num_epochs=20, num_hidden=256, fan_out='5,5,5,5', batch_size=1000, batch_size_eval=100000, log_every=20, eval_every=1, lr=0.003, feat_dropout=0.1, attn_dropout=0.1, model_num_hidden=32, heads='8,8,8,1', local_rank=None, standalone=False, sparse_lr=0.01, presampling=True, hot_threshold=0.1, emb_cache_rate=0.2)
Namespace(cache_server_addr='127.0.0.1', cache_server_port=32451, graph_name='ogbn-products', id=None, ip_config='ip_config4.txt', part_config=None, n_classes=None, num_gpus=8, num_epochs=20, num_hidden=256, fan_out='5,5,5,5', batch_size=1000, batch_size_eval=100000, log_every=20, eval_every=1, lr=0.003, feat_dropout=0.1, attn_dropout=0.1, model_num_hidden=32, heads='8,8,8,1', local_rank=None, standalone=False, sparse_lr=0.01, presampling=True, hot_threshold=0.1, emb_cache_rate=0.2)
Namespace(cache_server_addr='127.0.0.1', cache_server_port=32451, graph_name='ogbn-products', id=None, ip_config='ip_config4.txt', part_config=None, n_classes=None, num_gpus=8, num_epochs=20, num_hidden=256, fan_out='5,5,5,5', batch_size=1000, batch_size_eval=100000, log_every=20, eval_every=1, lr=0.003, feat_dropout=0.1, attn_dropout=0.1, model_num_hidden=32, heads='8,8,8,1', local_rank=None, standalone=False, sparse_lr=0.01, presampling=True, hot_threshold=0.1, emb_cache_rate=0.2)
Namespace(cache_server_addr='127.0.0.1', cache_server_port=32451, graph_name='ogbn-products', id=None, ip_config='ip_config4.txt', part_config=None, n_classes=None, num_gpus=8, num_epochs=20, num_hidden=256, fan_out='5,5,5,5', batch_size=1000, batch_size_eval=100000, log_every=20, eval_every=1, lr=0.003, feat_dropout=0.1, attn_dropout=0.1, model_num_hidden=32, heads='8,8,8,1', local_rank=None, standalone=False, sparse_lr=0.01, presampling=True, hot_threshold=0.1, emb_cache_rate=0.2)
Namespace(cache_server_addr='127.0.0.1', cache_server_port=32451, graph_name='ogbn-products', id=None, ip_config='ip_config4.txt', part_config=None, n_classes=None, num_gpus=8, num_epochs=20, num_hidden=256, fan_out='5,5,5,5', batch_size=1000, batch_size_eval=100000, log_every=20, eval_every=1, lr=0.003, feat_dropout=0.1, attn_dropout=0.1, model_num_hidden=32, heads='8,8,8,1', local_rank=None, standalone=False, sparse_lr=0.01, presampling=True, hot_threshold=0.1, emb_cache_rate=0.2)
Namespace(cache_server_addr='127.0.0.1', cache_server_port=32451, graph_name='ogbn-products', id=None, ip_config='ip_config4.txt', part_config=None, n_classes=None, num_gpus=8, num_epochs=20, num_hidden=256, fan_out='5,5,5,5', batch_size=1000, batch_size_eval=100000, log_every=20, eval_every=1, lr=0.003, feat_dropout=0.1, attn_dropout=0.1, model_num_hidden=32, heads='8,8,8,1', local_rank=None, standalone=False, sparse_lr=0.01, presampling=True, hot_threshold=0.1, emb_cache_rate=0.2)
Namespace(cache_server_addr='127.0.0.1', cache_server_port=32451, graph_name='ogbn-products', id=None, ip_config='ip_config4.txt', part_config=None, n_classes=None, num_gpus=8, num_epochs=20, num_hidden=256, fan_out='5,5,5,5', batch_size=1000, batch_size_eval=100000, log_every=20, eval_every=1, lr=0.003, feat_dropout=0.1, attn_dropout=0.1, model_num_hidden=32, heads='8,8,8,1', local_rank=None, standalone=False, sparse_lr=0.01, presampling=True, hot_threshold=0.1, emb_cache_rate=0.2)
Namespace(cache_server_addr='127.0.0.1', cache_server_port=32451, graph_name='ogbn-products', id=None, ip_config='ip_config4.txt', part_config=None, n_classes=None, num_gpus=8, num_epochs=20, num_hidden=256, fan_out='5,5,5,5', batch_size=1000, batch_size_eval=100000, log_every=20, eval_every=1, lr=0.003, feat_dropout=0.1, attn_dropout=0.1, model_num_hidden=32, heads='8,8,8,1', local_rank=None, standalone=False, sparse_lr=0.01, presampling=True, hot_threshold=0.1, emb_cache_rate=0.2)
Namespace(cache_server_addr='127.0.0.1', cache_server_port=32451, graph_name='ogbn-products', id=None, ip_config='ip_config4.txt', part_config=None, n_classes=None, num_gpus=8, num_epochs=20, num_hidden=256, fan_out='5,5,5,5', batch_size=1000, batch_size_eval=100000, log_every=20, eval_every=1, lr=0.003, feat_dropout=0.1, attn_dropout=0.1, model_num_hidden=32, heads='8,8,8,1', local_rank=None, standalone=False, sparse_lr=0.01, presampling=True, hot_threshold=0.1, emb_cache_rate=0.2)
Client [907020] waits on 172.31.25.229:60863
Client [899590] waits on 172.31.20.203:50505
Client [899586] waits on 172.31.20.203:49277
Client [907028] waits on 172.31.25.229:52085
Client [907050] waits on 172.31.25.229:59861
Machine (2) group (0) client (26) connect to server successfuly!
Machine (2) group (0) client (27) connect to server successfuly!
Machine (1) group (0) client (61) connect to server successfuly!
Machine (1) group (0) client (62) connect to server successfuly!
Machine (1) group (0) client (63) connect to server successfuly!
Client [899588] waits on 172.31.20.203:45737
Client [899618] waits on 172.31.20.203:53795
Machine (2) group (0) client (25) connect to server successfuly!
Machine (2) group (0) client (28) connect to server successfuly!
Client [899589] waits on 172.31.20.203:44861
Machine (2) group (0) client (23) connect to server successfuly!
Client [899607] waits on 172.31.20.203:40335
Client [897091] waits on 172.31.16.179:59715
Client [897080] waits on 172.31.16.179:59043
Client [899587] waits on 172.31.20.203:58911
Client [897063] waits on 172.31.16.179:37771
Client [897060] waits on 172.31.16.179:41499
Client [899596] waits on 172.31.20.203:60593
Client [897061] waits on 172.31.16.179:53699
Client [1617641] waits on 172.31.20.34:39821
Client [1617642] waits on 172.31.20.34:38547
Client [907018] waits on 172.31.25.229:33219
Client [907021] waits on 172.31.25.229:39837
Client [1617670] waits on 172.31.20.34:49475
Client [1617640] waits on 172.31.20.34:51249
Client [897062] waits on 172.31.16.179:37725
Client [897069] waits on 172.31.16.179:58759
Client [1617638] waits on 172.31.20.34:41437Client [897059] waits on 172.31.16.179:52299

Client [1617659] waits on 172.31.20.34:54133
Client [1617639] waits on 172.31.20.34:58113
Client [1617648] waits on 172.31.20.34:55125
Client [907039] waits on 172.31.25.229:48895
Client [907022] waits on 172.31.25.229:40883
Machine (1) group (0) client (56) connect to server successfuly!Machine (1) group (0) client (51) connect to server successfuly!

Client [907019] waits on 172.31.25.229:49141
Machine (3) group (0) client (2) connect to server successfuly!
Machine (3) group (0) client (15) connect to server successfuly!Machine (3) group (0) client (13) connect to server successfuly!

Machine (3) group (0) client (5) connect to server successfuly!Machine (3) group (0) client (3) connect to server successfuly!

Machine (2) group (0) client (29) connect to server successfuly!
Machine (1) group (0) client (57) connect to server successfuly!
Machine (1) group (0) client (48) connect to server successfuly!
Machine (0) group (0) client (44) connect to server successfuly!
Machine (1) group (0) client (50) connect to server successfuly!
Machine (0) group (0) client (36) connect to server successfuly!
Machine (0) group (0) client (43) connect to server successfuly!
Machine (0) group (0) client (37) connect to server successfuly!
Machine (0) group (0) client (39) connect to server successfuly!Machine (0) group (0) client (40) connect to server successfuly!

Machine (0) group (0) client (46) connect to server successfuly!
Machine (0) group (0) client (35) connect to server successfuly!
Machine (3) group (0) client (11) connect to server successfuly!
Machine (3) group (0) client (10) connect to server successfuly!
Machine (3) group (0) client (12) connect to server successfuly!
Machine (2) group (0) client (19) connect to server successfuly!
Machine (2) group (0) client (31) connect to server successfuly!
rank: 14
rank: 12rank: 0
rank: 6

rank: 24
rank: 15
rank:rank: 19
 16
rank: 3
rank: 29
rank: 23
rank: 28
rank: 2
rank:rank: 22
 9
rank: 20
rank: 5
rank: 8
rank: 25
rank: 13
rank: 11
rank: 4
rank: 18
rank: 1
rank: 31
rank:rank: 17
 26rank: 7rank: 10


rank: 27
rank: 30
rank: 21
part 0, train: 6144 (local: 6144), val: 1229 (local: 1229), test: 69159 (local: 69159)
part 3, train: 6145 (local: 6145), val: 1229 (local: 1229), test: 69159 (local: 69159)
part 6, train: 6144 (local: 6144), val: 1229 (local: 1229), test: 69159 (local: 69159)
part 2, train: 6144 (local: 6144), val: 1229 (local: 1229), test: 69159 (local: 69159)
part 1, train: 6144 (local: 6144), val: 1228 (local: 1228), test: 69159 (local: 69159)
part 7, train: 6144 (local: 6144), val: 1229 (local: 1229), test: 69159 (local: 69159)
part 4, train: 6145 (local: 6145), val: 1229 (local: 1229), test: 69160 (local: 69160)
part 5, train: 6144 (local: 6144), val: 1229 (local: 1229), test: 69159 (local: 69159)
part 13, train: 6144 (local: 5995), val: 1229 (local: 1187), test: 69159 (local: 67372)
part 10, train: 6144 (local: 6014), val: 1228 (local: 1178), test: 69159 (local: 67487)
part 8, train: 6145 (local: 5999), val: 1229 (local: 1179), test: 69160 (local: 67441)
part 12, train: 6144 (local: 5989), val: 1229 (local: 1192), test: 69159 (local: 67473)
part 9, train: 6144 (local: 5997), val: 1229 (local: 1183), test: 69159 (local: 67378)
part 15, train: 6144 (local: 6007), val: 1229 (local: 1179), test: 69159 (local: 67364)
part 14, train: 6144 (local: 5992), val: 1229 (local: 1188), test: 69159 (local: 67368)
part 11, train: 6145 (local: 5984), val: 1229 (local: 1185), test: 69159 (local: 67363)
part 24, train: 6144 (local: 5958), val: 1229 (local: 1203), test: 69159 (local: 67364)
part 29, train: 6144 (local: 5925), val: 1229 (local: 1199), test: 69159 (local: 67341)
part 25, train: 6144 (local: 5952), val: 1229 (local: 1200), test: 69159 (local: 67348)
part 31, train: 6144 (local: 5946), val: 1228 (local: 1204), test: 69159 (local: 67407)
part 26, train: 6144 (local: 5950), val: 1229 (local: 1200), test: 69159 (local: 67401)
part 28, train: 6144 (local: 5933), val: 1229 (local: 1201), test: 69159 (local: 67290)
part 27, train: 6145 (local: 5929), val: 1229 (local: 1204), test: 69159 (local: 67382)
part 30, train: 6144 (local: 5939), val: 1228 (local: 1202), test: 69159 (local: 67328)
part 20, train: 6144 (local: 6041), val: 1229 (local: 1212), test: 69159 (local: 68985)
part 22, train: 6145 (local: 6005), val: 1229 (local: 1212), test: 69160 (local: 68995)
part 16, train: 6144 (local: 6031), val: 1229 (local: 1204), test: 69159 (local: 68977)
part 18, train: 6144 (local: 6054), val: 1229 (local: 1208), test: 69159 (local: 69004)
part 23, train: 6144 (local: 6034), val: 1229 (local: 1216), test: 69159 (local: 69009)
part 21, train: 6144 (local: 6057), val: 1228 (local: 1206), test: 69159 (local: 68995)
part 19, train: 6145 (local: 6050), val: 1229 (local: 1203), test: 69159 (local: 68985)
#labels: 47
part 17, train: 6144 (local: 6038), val: 1229 (local: 1211), test: 69159 (local: 68973)
#labels: 47
#labels: 47
#labels: 47
#labels: 47
#labels: 47
#labels: 47
#labels: 47
#labels: 47
#labels: 47
#labels: 47
#labels: 47
#labels: 47
#labels: 47
#labels: 47
#labels: 47
#labels: 47
#labels: 47
#labels: 47
#labels: 47
#labels: 47
#labels: 47
#labels: 47
#labels: 47
#labels: 47
#labels: 47
#labels: 47
#labels: 47
#labels: 47
#labels: 47
#labels: 47
#labels: 47
Presampling done, max: 1.000 min: 0.004 avg: 0.143
Presampling done, max: 1.000 min: 0.004 avg: 0.143
Presampling done, max: 1.000 min: 0.004 avg: 0.143
Presampling done, max: 1.000 min: 0.004 avg: 0.143
Presampling done, max: 1.000 min: 0.004 avg: 0.143
Presampling done, max: 1.000 min: 0.004 avg: 0.143
Presampling done, max: 1.000 min: 0.004 avg: 0.143
Presampling done, max: 1.000 min: 0.004 avg: 0.143
Presampling done, max: 1.000 min: 0.004 avg: 0.143
Presampling done, max: 1.000 min: 0.004 avg: 0.143
Presampling done, max: 1.000 min: 0.004 avg: 0.143
Presampling done, max: 1.000 min: 0.004 avg: 0.143
Presampling done, max: 1.000 min: 0.004 avg: 0.143
Presampling done, max: 1.000 min: 0.004 avg: 0.143
Presampling done, max: 1.000 min: 0.004 avg: 0.143
Presampling done, max: 1.000 min: 0.004 avg: 0.143
Presampling done, max: 1.000 min: 0.004 avg: 0.143
Presampling done, max: 1.000 min: 0.004 avg: 0.143
#hot_nodes = 1156072
Create distemb
#hot_nodes = 1156072
Create distemb
#hot_nodes = 1156072
Create distemb
#hot_nodes = 1156072
Create distemb
Presampling done, max: 1.000 min: 0.004 avg: 0.143
Presampling done, max: 1.000 min: 0.004 avg: 0.143
Presampling done, max: 1.000 min: 0.004 avg: 0.143
Presampling done, max: 1.000 min: 0.004 avg: 0.143
Presampling done, max: 1.000 min: 0.004 avg: 0.143
Presampling done, max: 1.000 min: 0.004 avg: 0.143
Presampling done, max: 1.000 min: 0.004 avg: 0.143
Presampling done, max: 1.000 min: 0.004 avg: 0.143
Presampling done, max: 1.000 min: 0.004 avg: 0.143
#hot_nodes = 1156072
Create distemb
Presampling done, max: 1.000 min: 0.004 avg: 0.143
#hot_nodes = 1156072
Create distemb
#hot_nodes = 1156072
Create distemb
#hot_nodes = 1156072
Create distemb
Presampling done, max: 1.000 min: 0.004 avg: 0.143
Presampling done, max: 1.000 min: 0.004 avg: 0.143
#hot_nodes = 1156072
Create distemb
#hot_nodes = 1156072
Create distemb
#hot_nodes = 1156072
Create distemb
#hot_nodes = 1156072
Create distemb
#hot_nodes = 1156072
Create distemb
#hot_nodes = 1156072
Create distemb
#hot_nodes = 1156072
#hot_nodes = 1156072Create distemb

Create distemb
#hot_nodes = 1156072
Create distemb
#hot_nodes = 1156072
Create distemb
#hot_nodes = 1156072
Create distemb
#hot_nodes = 1156072
Create distemb
#hot_nodes = 1156072
Create distemb
#hot_nodes = 1156072
Create distemb
Presampling done, max: 1.000 min: 0.004 avg: 0.143
Presampling done, max: 1.000 min: 0.004 avg: 0.143
#hot_nodes = 1156072
Create distemb
#hot_nodes = 1156072
Create distemb
#hot_nodes = 1156072
Create distemb
#hot_nodes = 1156072
Create distemb
#hot_nodes = 1156072
Create distemb
#hot_nodes = 1156072
Create distemb
#hot_nodes = 1156072
Create distemb
#hot_nodes = 1156072
Create distemb
#hot_nodes = 1156072
Create distemb
#hot_nodes = 1156072
Create distemb
Client 3 build_connection start.
Client 3 build_connection succeed.
Client 7 build_connection start.
Client 7 build_connection succeed.
Client 7 build_connection start.
Client 7 build_connection succeed.
Client 0 build_connection start.
Client 0 build_connection succeed.
Client 6 build_connection start.
Client 6 build_connection succeed.
Client 5 build_connection start.
Client 5 build_connection succeed.
Client 2 build_connection start.
Client 2 build_connection succeed.
Client 1 build_connection start.
Client 1 build_connection succeed.
Client 5 build_connection start.
Client 5 build_connection succeed.
Client 3 build_connection start.
Client 4 build_connection start.
Client 3 build_connection succeed.
Client 2 build_connection start.
Client 4 build_connection succeed.
Client 2 build_connection succeed.
Client 5 build_connection start.
Client 5 build_connection succeed.
Client 4 build_connection start.
Client 4 build_connection succeed.
Client 1 build_connection start.
Client 1 build_connection succeed.
Client 0 build_connection start.
Client 1 build_connection start.
Client 0 build_connection succeed.
Client 1 build_connection succeed.
Client 7 build_connection start.
Client 7 build_connection succeed.
Client 6 build_connection start.
Client 0 build_connection start.
Client 6 build_connection succeed.
Client 0 build_connection succeed.
Client 4 build_connection start.
Client 4 build_connection succeed.
Client 2 build_connection start.
Client 2 build_connection succeed.
Client 3 build_connection start.
Client 3 build_connection succeed.
Client 3 build_connection start.
Client 3 build_connection succeed.
Client 2 build_connection start.Client 1 build_connection start.

Client 2 build_connection succeed.
Client 1 build_connection succeed.
Client 6 build_connection start.
Client 6 build_connection succeed.
Client 0 build_connection start.
Client 0 build_connection succeed.
Client 4 build_connection start.
Client 7 build_connection start.
Client 4 build_connection succeed.
Client 7 build_connection succeed.
Client 6 build_connection start.
Client 6 build_connection succeed.
Client 5 build_connection start.
Client 5 build_connection succeed.
Client register_cache succeed.
Client register_cache succeed.
Client register_cache succeed.Client register_cache succeed.

Create model
Client register_cache succeed.
Client register_cache succeed.
Client register_cache succeed.Create model

Create modelClient register_cache succeed.

Create model
Create model
Create model
Create model
Create model
Client register_cache succeed.
Client register_cache succeed.
Client register_cache succeed.
Client register_cache succeed.
Client register_cache succeed.
Create modelClient register_cache succeed.Create model


Client register_cache succeed.
Create model
Client register_cache succeed.
Create model
Create model
Create model
Create model
Create model
Client register_cache succeed.
Client register_cache succeed.
Client register_cache succeed.
Client register_cache succeed.
Create model
Client register_cache succeed.
Client register_cache succeed.
Client register_cache succeed.
Client register_cache succeed.
Create model
Create model
Create model
Create modelCreate model

Create model
Create model
Client register_cache succeed.Client register_cache succeed.Client register_cache succeed.


Client register_cache succeed.
Client register_cache succeed.
Create model
Client register_cache succeed.
Create modelClient register_cache succeed.Create model


Client register_cache succeed.
Create model
Create model
Create model
Create model
Create model
Create model optimizer
Create emb optimizer
Create model optimizer
Create model optimizer
Create model optimizer
Create emb optimizer
Create model optimizer
Create model optimizer
Create model optimizer
Create model optimizer
Create emb optimizer
Create emb optimizer
Create model optimizer
Create emb optimizer
Create model optimizer
Create emb optimizer
Create emb optimizer
Create emb optimizer
Create emb optimizer
Create model optimizer
Create model optimizer
Create model optimizer
Create model optimizer
Create emb optimizer
Create model optimizer
Create emb optimizer
Create model optimizer
Create emb optimizer
Create model optimizer
Create model optimizer
Create model optimizer
Create emb optimizer
Create emb optimizer
Create model optimizer
Create emb optimizer
Create emb optimizer
Create emb optimizer
Create model optimizer
Create model optimizer
Create model optimizer
Create emb optimizer
Create model optimizer
Create model optimizer
Create model optimizer
Create emb optimizer
Create model optimizer
Create model optimizer
Create emb optimizer
Create emb optimizer
Create emb optimizer
Create emb optimizer
Create emb optimizer
Create emb optimizer
Create emb optimizer
Create emb optimizer
Create emb optimizer
Create model optimizer
Create model optimizer
Create model optimizer
Create model optimizer
Create emb optimizer
Create emb optimizer
Create emb optimizer
Create emb optimizer
Start train
Start train
Start train
Start trainStart train

Start train
Start train
Start train
Start train
Start train
Start train
Start train
Start trainStart train
Start train

Start train
Start train
Start train
Start train
Start train
Start train
Start train
Start train
Start train
Start train
Start train
Start train
Start trainStart train

Start train
Start train
Start train
Part 9 | Epoch 00000 | Step 00000 | Loss 3.9715 | Train Acc 0.0020 | Speed (samples/sec) nan | GPU 2689.9 MB | time 3.498 s
Part 14 | Epoch 00000 | Step 00000 | Loss 4.0023 | Train Acc 0.0010 | Speed (samples/sec) nan | GPU 2692.3 MB | time 3.498 s
Part 4 | Epoch 00000 | Step 00000 | Loss 3.7289 | Train Acc 0.0030 | Speed (samples/sec) nan | GPU 2492.9 MB | time 3.498 s
Part 0 | Epoch 00000 | Step 00000 | Loss 3.7403 | Train Acc 0.0060 | Speed (samples/sec) nan | GPU 2558.8 MB | time 3.498 s
Part 19 | Epoch 00000 | Step 00000 | Loss 4.0027 | Train Acc 0.0170 | Speed (samples/sec) nan | GPU 2479.5 MB | time 3.498 sPart 16 | Epoch 00000 | Step 00000 | Loss 4.0117 | Train Acc 0.0120 | Speed (samples/sec) nan | GPU 2510.4 MB | time 3.498 s

Part 13 | Epoch 00000 | Step 00000 | Loss 3.9738 | Train Acc 0.0020 | Speed (samples/sec) nan | GPU 2621.6 MB | time 3.498 s
Part 15 | Epoch 00000 | Step 00000 | Loss 3.9915 | Train Acc 0.0060 | Speed (samples/sec) nan | GPU 2660.2 MB | time 3.498 s
Part 8 | Epoch 00000 | Step 00000 | Loss 3.9824 | Train Acc 0.0040 | Speed (samples/sec) nan | GPU 2662.2 MB | time 3.498 s
Part 23 | Epoch 00000 | Step 00000 | Loss 4.0033 | Train Acc 0.0140 | Speed (samples/sec) nan | GPU 2498.1 MB | time 3.498 s
Part 22 | Epoch 00000 | Step 00000 | Loss 4.0069 | Train Acc 0.0110 | Speed (samples/sec) nan | GPU 2495.6 MB | time 3.498 s
Part 7 | Epoch 00000 | Step 00000 | Loss 3.7296 | Train Acc 0.0020 | Speed (samples/sec) nan | GPU 2493.7 MB | time 3.498 s
Part 2 | Epoch 00000 | Step 00000 | Loss 3.7398 | Train Acc 0.0020 | Speed (samples/sec) nan | GPU 2498.1 MB | time 3.498 s
Part 6 | Epoch 00000 | Step 00000 | Loss 3.7416 | Train Acc 0.0050 | Speed (samples/sec) nan | GPU 2554.7 MB | time 3.498 s
Part 5 | Epoch 00000 | Step 00000 | Loss 3.7276 | Train Acc 0.0030 | Speed (samples/sec) nan | GPU 2509.1 MB | time 3.498 s
Part 1 | Epoch 00000 | Step 00000 | Loss 3.7308 | Train Acc 0.0000 | Speed (samples/sec) nan | GPU 2494.7 MB | time 3.498 s
Part 3 | Epoch 00000 | Step 00000 | Loss 3.7251 | Train Acc 0.0030 | Speed (samples/sec) nan | GPU 2452.3 MB | time 3.498 s
Part 17 | Epoch 00000 | Step 00000 | Loss 4.0013 | Train Acc 0.0110 | Speed (samples/sec) nan | GPU 2491.0 MB | time 3.498 s
Part 20 | Epoch 00000 | Step 00000 | Loss 3.9819 | Train Acc 0.0260 | Speed (samples/sec) nan | GPU 2505.7 MB | time 3.498 s
Part 21 | Epoch 00000 | Step 00000 | Loss 3.9938 | Train Acc 0.0170 | Speed (samples/sec) nan | GPU 2498.2 MB | time 3.498 s
Part 24 | Epoch 00000 | Step 00000 | Loss 3.9300 | Train Acc 0.0070 | Speed (samples/sec) nan | GPU 2519.4 MB | time 3.498 sPart 25 | Epoch 00000 | Step 00000 | Loss 3.9036 | Train Acc 0.0120 | Speed (samples/sec) nan | GPU 2561.4 MB | time 3.498 s

Part 26 | Epoch 00000 | Step 00000 | Loss 3.9165 | Train Acc 0.0040 | Speed (samples/sec) nan | GPU 2564.6 MB | time 3.498 s
Part 11 | Epoch 00000 | Step 00000 | Loss 3.9883 | Train Acc 0.0010 | Speed (samples/sec) nan | GPU 2657.4 MB | time 3.498 s
Part 30 | Epoch 00000 | Step 00000 | Loss 3.9172 | Train Acc 0.0020 | Speed (samples/sec) nan | GPU 2562.9 MB | time 3.498 s
Part 28 | Epoch 00000 | Step 00000 | Loss 3.9209 | Train Acc 0.0080 | Speed (samples/sec) nan | GPU 2574.1 MB | time 3.498 sPart 27 | Epoch 00000 | Step 00000 | Loss 3.9153 | Train Acc 0.0060 | Speed (samples/sec) nan | GPU 2577.2 MB | time 3.498 s

Part 31 | Epoch 00000 | Step 00000 | Loss 3.9099 | Train Acc 0.0010 | Speed (samples/sec) nan | GPU 2553.0 MB | time 3.498 s
Part 18 | Epoch 00000 | Step 00000 | Loss 3.9914 | Train Acc 0.0130 | Speed (samples/sec) nan | GPU 2495.8 MB | time 3.498 s
Part 29 | Epoch 00000 | Step 00000 | Loss 3.9078 | Train Acc 0.0030 | Speed (samples/sec) nan | GPU 2546.3 MB | time 3.498 s
Part 10 | Epoch 00000 | Step 00000 | Loss 3.9586 | Train Acc 0.0070 | Speed (samples/sec) nan | GPU 2650.1 MB | time 3.498 s
Part 12 | Epoch 00000 | Step 00000 | Loss 3.9788 | Train Acc 0.0060 | Speed (samples/sec) nan | GPU 2663.2 MB | time 3.499 s
Avg train acc 0.0068
=====================
Part 1, Epoch Time(s): 9.3463
Sampling Time(s): 0.3614
Loading Time(s): 2.5361
Forward Time(s): 1.3198
Backward Time(s): 0.7608
Update Time(s): 0.0595
Emb Update Time(s): 4.2925
#seeds: 6144
#inputs: 2192177
==========================================
Part 2, Epoch Time(s): 9.3464
Sampling Time(s): 0.3962
Loading Time(s): 2.4917
Forward Time(s): 1.3258
Backward Time(s): 0.7648
Update Time(s): 0.0447
Emb Update Time(s): 4.3077
#seeds: 6144
#inputs: 2208258
==========================================
Part 0, Epoch Time(s): 9.3467
Sampling Time(s): 0.4414
Loading Time(s): 2.7246
Forward Time(s): 0.9939
Backward Time(s): 0.8151
Update Time(s): 0.0663
Emb Update Time(s): 4.2854
#seeds: 6144
#inputs: 2219253
=====================


=====================
Part 5, Epoch Time(s): 9.3464
Sampling Time(s): 0.3866
Loading Time(s): 2.6401
Forward Time(s): 1.1646
Backward Time(s): 0.7868
Update Time(s): 0.0508
Emb Update Time(s): 4.3016
#seeds: 6144
#inputs: 2211526
==========================================
Part 3, Epoch Time(s): 9.3467
Sampling Time(s): 0.4208
Loading Time(s): 2.6778
Forward Time(s): 1.1185
Backward Time(s): 0.7613
Update Time(s): 0.0521
Emb Update Time(s): 4.2998
#seeds: 6145
#inputs: 2188437
==========================================
Part 4, Epoch Time(s): 9.3464
Sampling Time(s): 0.3759
Loading Time(s): 2.7038
Forward Time(s): 1.0935
Backward Time(s): 0.8062
Update Time(s): 0.0601
Emb Update Time(s): 4.2920
#seeds: 6145
#inputs: 2214959
==========================================
Part 6, Epoch Time(s): 9.3467
Sampling Time(s): 0.4100
Loading Time(s): 2.5103
Forward Time(s): 1.2962
Backward Time(s): 0.7621
Update Time(s): 0.0443
Emb Update Time(s): 4.3082
#seeds: 6144
#inputs: 2210589
==========================================
Part 7, Epoch Time(s): 9.3463
Sampling Time(s): 0.3810
Loading Time(s): 2.6593
Forward Time(s): 1.1476
Backward Time(s): 0.7908
Update Time(s): 0.0661
Emb Update Time(s): 4.2864
#seeds: 6144
#inputs: 2198414
=====================




=====================
Part 20, Epoch Time(s): 9.3464
Sampling Time(s): 0.4197
Loading Time(s): 2.7588
Forward Time(s): 1.0758
Backward Time(s): 0.7231
Update Time(s): 0.0621
Emb Update Time(s): 4.2909
#seeds: 6144
#inputs: 2198009
==========================================
Part 21, Epoch Time(s): 9.3462
Sampling Time(s): 0.3756
Loading Time(s): 2.4891
Forward Time(s): 1.3488
Backward Time(s): 0.7631
Update Time(s): 0.0540
Emb Update Time(s): 4.2992
#seeds: 6144
#inputs: 2188091
==========================================
Part 17, Epoch Time(s): 9.3462
Sampling Time(s): 0.3818
Loading Time(s): 2.5644
Forward Time(s): 1.2687
Backward Time(s): 0.7628
Update Time(s): 0.0523
Emb Update Time(s): 4.3002
#seeds: 6144
#inputs: 2197995
==========================================
Part 18, Epoch Time(s): 9.3464
Sampling Time(s): 0.3942
Loading Time(s): 2.5871
Forward Time(s): 1.1909
Backward Time(s): 0.8027
Update Time(s): 0.0451
Emb Update Time(s): 4.3081
#seeds: 6144
#inputs: 2211313
==========================================
Part 16, Epoch Time(s): 9.3467
Sampling Time(s): 0.4051
Loading Time(s): 2.7665
Forward Time(s): 1.0382
Backward Time(s): 0.7706
Update Time(s): 0.0606
Emb Update Time(s): 4.2915
#seeds: 6144
#inputs: 2215968
==========================================
Part 19, Epoch Time(s): 9.3467
Sampling Time(s): 0.3869
Loading Time(s): 2.4803
Forward Time(s): 1.3569
Backward Time(s): 0.7545
Update Time(s): 0.0561
Emb Update Time(s): 4.2971
#seeds: 6145
#inputs: 2206143
=====================

=====================
Part 22, Epoch Time(s): 9.3466
Sampling Time(s): 0.4168
Loading Time(s): 2.6320
Forward Time(s): 1.1765
Backward Time(s): 0.7530
Update Time(s): 0.0604
Emb Update Time(s): 4.2930
#seeds: 6145
#inputs: 2204931
=====================


=====================
Part 23, Epoch Time(s): 9.3466
Sampling Time(s): 0.3890
Loading Time(s): 2.5165
Forward Time(s): 1.3108
Backward Time(s): 0.7626
Update Time(s): 0.0614
Emb Update Time(s): 4.2915
#seeds: 6144
#inputs: 2220189
=====================


=====================
Part 24, Epoch Time(s): 9.3466
Sampling Time(s): 0.3614
Loading Time(s): 2.7902
Forward Time(s): 1.0269
Backward Time(s): 0.7998
Update Time(s): 0.0794
Emb Update Time(s): 4.2728
#seeds: 6144
#inputs: 2246813
==========================================
Part 27, Epoch Time(s): 9.3463
Sampling Time(s): 0.3659
Loading Time(s): 2.7119
Forward Time(s): 1.1093
Backward Time(s): 0.7887
Update Time(s): 0.0606
Emb Update Time(s): 4.2921
#seeds: 6145
#inputs: 2261169
==========================================
Part 28, Epoch Time(s): 9.3465
Sampling Time(s): 0.3735
Loading Time(s): 2.8143
Forward Time(s): 1.0357
Backward Time(s): 0.7520
Update Time(s): 0.0666
Emb Update Time(s): 4.2864
#seeds: 6144
#inputs: 2248746
==========================================
Part 31, Epoch Time(s): 9.3463
Sampling Time(s): 0.3762
Loading Time(s): 2.8514
Forward Time(s): 1.0210
Backward Time(s): 0.7264
Update Time(s): 0.0747
Emb Update Time(s): 4.2787
#seeds: 6144
#inputs: 2244217
=====================

=====================
Part 26, Epoch Time(s): 9.3465
Sampling Time(s): 0.4041
Loading Time(s): 2.8561
Forward Time(s): 0.9124
Backward Time(s): 0.8037
Update Time(s): 0.0706
Emb Update Time(s): 4.2820
#seeds: 6144
#inputs: 2258503
=====================

=====================
Part 25, Epoch Time(s): 9.3467
Sampling Time(s): 0.3845
Loading Time(s): 2.6583
Forward Time(s): 1.1457
Backward Time(s): 0.7898
Update Time(s): 0.0773
Emb Update Time(s): 4.2750
#seeds: 6144
#inputs: 2245629
=====================
=====================
Part 30, Epoch Time(s): 9.3464
Sampling Time(s): 0.3910
Loading Time(s): 2.8638
Forward Time(s): 0.9598
Backward Time(s): 0.7604
Update Time(s): 0.0788
Emb Update Time(s): 4.2746
#seeds: 6144
#inputs: 2270915
==========================================
Part 29, Epoch Time(s): 9.3468
Sampling Time(s): 0.3917
Loading Time(s): 2.8434
Forward Time(s): 0.9474
Backward Time(s): 0.7924
Update Time(s): 0.0688
Emb Update Time(s): 4.2845
#seeds: 6144
#inputs: 2265910
=====================


=====================
Part 10, Epoch Time(s): 9.3463
Sampling Time(s): 0.4009
Loading Time(s): 2.7476
Forward Time(s): 1.1284
Backward Time(s): 0.6965
Update Time(s): 0.0651
Emb Update Time(s): 4.2882
#seeds: 6144
#inputs: 2326552
==========================================
Part 9, Epoch Time(s): 9.3466
Sampling Time(s): 0.4088
Loading Time(s): 3.1110
Forward Time(s): 0.7011
Backward Time(s): 0.7590
Update Time(s): 0.0479
Emb Update Time(s): 4.3045
#seeds: 6144
#inputs: 2362559
==========================================
Part 15, Epoch Time(s): 9.3466
Sampling Time(s): 0.3889
Loading Time(s): 2.8966
Forward Time(s): 0.9327
Backward Time(s): 0.7599
Update Time(s): 0.0504
Emb Update Time(s): 4.3035
#seeds: 6144
#inputs: 2345105
==========================================
Part 13, Epoch Time(s): 9.3465
Sampling Time(s): 0.3898
Loading Time(s): 2.9414
Forward Time(s): 0.9670
Backward Time(s): 0.6800
Update Time(s): 0.0500
Emb Update Time(s): 4.3038
#seeds: 6144
#inputs: 2336720
=====================



=====================
Part 11, Epoch Time(s): 9.3466
Sampling Time(s): 0.3704
Loading Time(s): 2.9366
Forward Time(s): 0.9018
Backward Time(s): 0.7662
Update Time(s): 0.0658
Emb Update Time(s): 4.2874
#seeds: 6145
#inputs: 2340813
==========================================
Part 8, Epoch Time(s): 9.3468
Sampling Time(s): 0.3821
Loading Time(s): 2.9684
Forward Time(s): 0.9312
Backward Time(s): 0.6977
Update Time(s): 0.0642
Emb Update Time(s): 4.2883
#seeds: 6145
#inputs: 2340872
=====================

=====================
Part 12, Epoch Time(s): 9.3470
Sampling Time(s): 0.4024
Loading Time(s): 2.8911
Forward Time(s): 0.9116
Backward Time(s): 0.7687
Update Time(s): 0.0493
Emb Update Time(s): 4.3041
#seeds: 6144
#inputs: 2347154
==========================================
Part 14, Epoch Time(s): 9.3470
Sampling Time(s): 0.3715
Loading Time(s): 2.9542
Forward Time(s): 0.8793
Backward Time(s): 0.7737
Update Time(s): 0.0654
Emb Update Time(s): 4.2883
#seeds: 6144
#inputs: 2354105
=====================

|V|=2449029, eval batch size: 100000
|V|=2449029, eval batch size: 100000
|V|=2449029, eval batch size: 100000
|V|=2449029, eval batch size: 100000
|V|=2449029, eval batch size: 100000
|V|=2449029, eval batch size: 100000
|V|=2449029, eval batch size: 100000
|V|=2449029, eval batch size: 100000
|V|=2449029, eval batch size: 100000
|V|=2449029, eval batch size: 100000
|V|=2449029, eval batch size: 100000
|V|=2449029, eval batch size: 100000
|V|=2449029, eval batch size: 100000
|V|=2449029, eval batch size: 100000
|V|=2449029, eval batch size: 100000
|V|=2449029, eval batch size: 100000
|V|=2449029, eval batch size: 100000
|V|=2449029, eval batch size: 100000
|V|=2449029, eval batch size: 100000
|V|=2449029, eval batch size: 100000
|V|=2449029, eval batch size: 100000
|V|=2449029, eval batch size: 100000
|V|=2449029, eval batch size: 100000
|V|=2449029, eval batch size: 100000
|V|=2449029, eval batch size: 100000
|V|=2449029, eval batch size: 100000
|V|=2449029, eval batch size: 100000
|V|=2449029, eval batch size: 100000
|V|=2449029, eval batch size: 100000
|V|=2449029, eval batch size: 100000
|V|=2449029, eval batch size: 100000|V|=2449029, eval batch size: 100000

|V|=2449029, eval batch size: 100000
|V|=2449029, eval batch size: 100000
|V|=2449029, eval batch size: 100000
|V|=2449029, eval batch size: 100000
|V|=2449029, eval batch size: 100000
|V|=2449029, eval batch size: 100000
|V|=2449029, eval batch size: 100000
|V|=2449029, eval batch size: 100000
|V|=2449029, eval batch size: 100000
|V|=2449029, eval batch size: 100000
|V|=2449029, eval batch size: 100000
|V|=2449029, eval batch size: 100000
|V|=2449029, eval batch size: 100000
|V|=2449029, eval batch size: 100000
|V|=2449029, eval batch size: 100000
|V|=2449029, eval batch size: 100000
|V|=2449029, eval batch size: 100000
|V|=2449029, eval batch size: 100000
|V|=2449029, eval batch size: 100000
|V|=2449029, eval batch size: 100000
|V|=2449029, eval batch size: 100000
|V|=2449029, eval batch size: 100000
|V|=2449029, eval batch size: 100000
|V|=2449029, eval batch size: 100000
|V|=2449029, eval batch size: 100000
|V|=2449029, eval batch size: 100000
|V|=2449029, eval batch size: 100000
|V|=2449029, eval batch size: 100000
|V|=2449029, eval batch size: 100000
|V|=2449029, eval batch size: 100000
|V|=2449029, eval batch size: 100000
|V|=2449029, eval batch size: 100000
|V|=2449029, eval batch size: 100000
|V|=2449029, eval batch size: 100000
|V|=2449029, eval batch size: 100000
|V|=2449029, eval batch size: 100000
|V|=2449029, eval batch size: 100000
|V|=2449029, eval batch size: 100000
|V|=2449029, eval batch size: 100000
|V|=2449029, eval batch size: 100000
|V|=2449029, eval batch size: 100000
|V|=2449029, eval batch size: 100000
|V|=2449029, eval batch size: 100000
|V|=2449029, eval batch size: 100000
|V|=2449029, eval batch size: 100000
|V|=2449029, eval batch size: 100000
|V|=2449029, eval batch size: 100000
|V|=2449029, eval batch size: 100000
|V|=2449029, eval batch size: 100000
|V|=2449029, eval batch size: 100000
|V|=2449029, eval batch size: 100000
|V|=2449029, eval batch size: 100000
|V|=2449029, eval batch size: 100000
|V|=2449029, eval batch size: 100000
|V|=2449029, eval batch size: 100000
|V|=2449029, eval batch size: 100000
|V|=2449029, eval batch size: 100000
|V|=2449029, eval batch size: 100000
|V|=2449029, eval batch size: 100000
|V|=2449029, eval batch size: 100000
|V|=2449029, eval batch size: 100000
|V|=2449029, eval batch size: 100000
|V|=2449029, eval batch size: 100000
|V|=2449029, eval batch size: 100000
|V|=2449029, eval batch size: 100000
|V|=2449029, eval batch size: 100000
|V|=2449029, eval batch size: 100000
|V|=2449029, eval batch size: 100000
|V|=2449029, eval batch size: 100000
|V|=2449029, eval batch size: 100000
|V|=2449029, eval batch size: 100000
|V|=2449029, eval batch size: 100000
|V|=2449029, eval batch size: 100000
|V|=2449029, eval batch size: 100000
|V|=2449029, eval batch size: 100000
|V|=2449029, eval batch size: 100000
|V|=2449029, eval batch size: 100000
|V|=2449029, eval batch size: 100000
|V|=2449029, eval batch size: 100000
|V|=2449029, eval batch size: 100000
|V|=2449029, eval batch size: 100000
|V|=2449029, eval batch size: 100000
|V|=2449029, eval batch size: 100000
|V|=2449029, eval batch size: 100000
|V|=2449029, eval batch size: 100000
|V|=2449029, eval batch size: 100000
|V|=2449029, eval batch size: 100000
|V|=2449029, eval batch size: 100000
|V|=2449029, eval batch size: 100000
|V|=2449029, eval batch size: 100000
|V|=2449029, eval batch size: 100000
|V|=2449029, eval batch size: 100000
|V|=2449029, eval batch size: 100000
|V|=2449029, eval batch size: 100000
|V|=2449029, eval batch size: 100000|V|=2449029, eval batch size: 100000

Part 3, Val Acc 0.5028, Test Acc 0.5022, time: 11.8107
Part 9, Val Acc 0.2620, Test Acc 0.1963, time: 11.8153
Part 10, Val Acc 0.2655, Test Acc 0.1969, time: 11.8184
Part 5, Val Acc 0.5191, Test Acc 0.5009, time: 11.8187
Part 21, Val Acc 0.3094, Test Acc 0.1946, time: 11.8212
Part 12, Val Acc 0.2539, Test Acc 0.1976, time: 11.8240
Part 15, Val Acc 0.2620, Test Acc 0.1968, time: 11.8245
Part 0, Val Acc 0.5159, Test Acc 0.5003, time: 11.8248
Part 6, Val Acc 0.4898, Test Acc 0.5039, time: 11.8252
Part 4, Val Acc 0.4996, Test Acc 0.5038, time: 11.8270
Part 29, Val Acc 0.6249, Test Acc 0.4494, time: 11.8279
Part 2, Val Acc 0.5232, Test Acc 0.5049, time: 11.8283
Part 16, Val Acc 0.3515, Test Acc 0.1905, time: 11.8289
Part 17, Val Acc 0.3190, Test Acc 0.1963, time: 11.8294
Part 27, Val Acc 0.6078, Test Acc 0.4510, time: 11.8294Part 28, Val Acc 0.6461, Test Acc 0.4528, time: 11.8294

Part 7, Val Acc 0.5167, Test Acc 0.5073, time: 11.8300
Part 31, Val Acc 0.6205, Test Acc 0.4481, time: 11.8316
Part 1, Val Acc 0.4992, Test Acc 0.5036, time: 11.8348
Part 22, Val Acc 0.3206, Test Acc 0.1933, time: 11.8347
Part 30, Val Acc 0.6148, Test Acc 0.4459, time: 11.8351
Part 24, Val Acc 0.5997, Test Acc 0.4485, time: 11.8356
Part 25, Val Acc 0.6176, Test Acc 0.4556, time: 11.8366
Part 20, Val Acc 0.3279, Test Acc 0.1946, time: 11.8371
Part 26, Val Acc 0.6029, Test Acc 0.4523, time: 11.8371
Part 13, Val Acc 0.2677, Test Acc 0.1982, time: 11.8375
Part 14, Val Acc 0.2547, Test Acc 0.2014, time: 11.8376
Part 8, Val Acc 0.2465, Test Acc 0.2008, time: 11.8419
Part 19, Val Acc 0.3474, Test Acc 0.1966, time: 11.8444
Part 18, Val Acc 0.3328, Test Acc 0.1941, time: 11.8461
Part 23, Val Acc 0.3352, Test Acc 0.1951, time: 11.8462
Part 11, Val Acc 0.2872, Test Acc 0.1995, time: 11.8481
All parts avg val acc 0.4295, test acc 0.3367
Part 16 | Epoch 00001 | Step 00000 | Loss 2.6521 | Train Acc 0.1100 | Speed (samples/sec) 797.7136 | GPU 2650.7 MB | time 1.289 s
Part 21 | Epoch 00001 | Step 00000 | Loss 2.6576 | Train Acc 0.1050 | Speed (samples/sec) 796.8058 | GPU 2603.8 MB | time 1.297 sPart 23 | Epoch 00001 | Step 00000 | Loss 2.6779 | Train Acc 0.1000 | Speed (samples/sec) 799.8221 | GPU 2648.4 MB | time 1.272 s

Part 8 | Epoch 00001 | Step 00000 | Loss 2.4262 | Train Acc 0.1440 | Speed (samples/sec) 799.9441 | GPU 2773.2 MB | time 1.276 s
Part 15 | Epoch 00001 | Step 00000 | Loss 2.3400 | Train Acc 0.1560 | Speed (samples/sec) 797.1980 | GPU 2761.0 MB | time 1.293 s
Part 13 | Epoch 00001 | Step 00000 | Loss 2.3210 | Train Acc 0.1510 | Speed (samples/sec) 798.7643 | GPU 2772.3 MB | time 1.281 s
Part 20 | Epoch 00001 | Step 00000 | Loss 2.7131 | Train Acc 0.0920 | Speed (samples/sec) 798.6767 | GPU 2632.0 MB | time 1.281 s
Part 14 | Epoch 00001 | Step 00000 | Loss 2.4081 | Train Acc 0.1330 | Speed (samples/sec) 798.8103 | GPU 2781.9 MB | time 1.280 s
Part 17 | Epoch 00001 | Step 00000 | Loss 2.7246 | Train Acc 0.1130 | Speed (samples/sec) 797.7551 | GPU 2629.4 MB | time 1.288 s
Part 10 | Epoch 00001 | Step 00000 | Loss 2.3929 | Train Acc 0.1270 | Speed (samples/sec) 796.5050 | GPU 2759.0 MB | time 1.300 s
Part 24 | Epoch 00001 | Step 00000 | Loss 1.8214 | Train Acc 0.5040 | Speed (samples/sec) 798.5569 | GPU 2692.7 MB | time 1.282 sPart 27 | Epoch 00001 | Step 00000 | Loss 1.7875 | Train Acc 0.5200 | Speed (samples/sec) 798.4097 | GPU 2692.9 MB | time 1.289 sPart 30 | Epoch 00001 | Step 00000 | Loss 1.7896 | Train Acc 0.5170 | Speed (samples/sec) 798.4948 | GPU 2707.7 MB | time 1.283 sPart 26 | Epoch 00001 | Step 00000 | Loss 1.9109 | Train Acc 0.4860 | Speed (samples/sec) 798.6683 | GPU 2688.3 MB | time 1.281 sPart 25 | Epoch 00001 | Step 00000 | Loss 1.6436 | Train Acc 0.5490 | Speed (samples/sec) 798.5975 | GPU 2668.2 MB | time 1.282 sPart 28 | Epoch 00001 | Step 00000 | Loss 1.7818 | Train Acc 0.5070 | Speed (samples/sec) 797.8230 | GPU 2700.1 MB | time 1.289 s




Part 31 | Epoch 00001 | Step 00000 | Loss 1.8317 | Train Acc 0.5060 | Speed (samples/sec) 798.0269 | GPU 2699.2 MB | time 1.287 s
Part 29 | Epoch 00001 | Step 00000 | Loss 1.7500 | Train Acc 0.5160 | Speed (samples/sec) 797.5838 | GPU 2689.8 MB | time 1.290 s

Part 9 | Epoch 00001 | Step 00000 | Loss 2.3673 | Train Acc 0.1320 | Speed (samples/sec) 796.0806 | GPU 2798.8 MB | time 1.303 s
Part 12 | Epoch 00001 | Step 00000 | Loss 2.3138 | Train Acc 0.1540 | Speed (samples/sec) 797.1368 | GPU 2787.4 MB | time 1.294 s
Part 11 | Epoch 00001 | Step 00000 | Loss 2.4207 | Train Acc 0.1250 | Speed (samples/sec) 800.6977 | GPU 2769.2 MB | time 1.270 s
Part 2 | Epoch 00001 | Step 00000 | Loss 1.7086 | Train Acc 0.4750 | Speed (samples/sec) 797.6980 | GPU 2646.8 MB | time 1.290 sPart 1 | Epoch 00001 | Step 00000 | Loss 1.7080 | Train Acc 0.4770 | Speed (samples/sec) 798.4627 | GPU 2642.3 MB | time 1.283 s

Part 6 | Epoch 00001 | Step 00000 | Loss 1.7262 | Train Acc 0.4700 | Speed (samples/sec) 797.2771 | GPU 2638.9 MB | time 1.293 s
Part 7 | Epoch 00001 | Step 00000 | Loss 1.7245 | Train Acc 0.4780 | Speed (samples/sec) 797.8849 | GPU 2620.5 MB | time 1.288 s
Part 3 | Epoch 00001 | Step 00000 | Loss 1.7059 | Train Acc 0.4860 | Speed (samples/sec) 796.1310 | GPU 2619.6 MB | time 1.307 s
Part 4 | Epoch 00001 | Step 00000 | Loss 1.7464 | Train Acc 0.4630 | Speed (samples/sec) 798.0800 | GPU 2648.0 MB | time 1.291 s
Part 18 | Epoch 00001 | Step 00000 | Loss 2.7040 | Train Acc 0.1140 | Speed (samples/sec) 799.8783 | GPU 2655.5 MB | time 1.272 s
Part 5 | Epoch 00001 | Step 00000 | Loss 1.7290 | Train Acc 0.4770 | Speed (samples/sec) 796.5141 | GPU 2644.4 MB | time 1.299 s
Part 19 | Epoch 00001 | Step 00000 | Loss 2.6018 | Train Acc 0.1170 | Speed (samples/sec) 800.3911 | GPU 2643.9 MB | time 1.273 s
Part 0 | Epoch 00001 | Step 00000 | Loss 1.7583 | Train Acc 0.4520 | Speed (samples/sec) 800.1214 | GPU 2639.6 MB | time 1.269 s
Part 22 | Epoch 00001 | Step 00000 | Loss 2.5969 | Train Acc 0.1070 | Speed (samples/sec) 799.1562 | GPU 2645.0 MB | time 1.282 s
Avg train acc 0.3082
=====================
Part 1, Epoch Time(s): 6.7035
Sampling Time(s): 0.3086
Loading Time(s): 2.3094
Forward Time(s): 0.8812
Backward Time(s): 0.7833
Update Time(s): 0.0050
Emb Update Time(s): 2.4104
#seeds: 6144
#inputs: 2201377
==========================================
Part 0, Epoch Time(s): 6.6907
Sampling Time(s): 0.4312
Loading Time(s): 2.2655
Forward Time(s): 0.7866
Backward Time(s): 0.7834
Update Time(s): 0.0061
Emb Update Time(s): 2.4101
#seeds: 6144
#inputs: 2215837
==========================================
Part 2, Epoch Time(s): 6.7099
Sampling Time(s): 0.3611
Loading Time(s): 2.4544
Forward Time(s): 0.6910
Backward Time(s): 0.7823
Update Time(s): 0.0051
Emb Update Time(s): 2.4103
#seeds: 6144
#inputs: 2204406
==========================================
Part 3, Epoch Time(s): 6.7276
Sampling Time(s): 0.3655
Loading Time(s): 2.5255
Forward Time(s): 0.6316
Backward Time(s): 0.7826
Update Time(s): 0.0050
Emb Update Time(s): 2.4112
#seeds: 6145
#inputs: 2195781
=====================
=====================
Part 7, Epoch Time(s): 6.7080
Sampling Time(s): 0.4030
Loading Time(s): 2.2928
Forward Time(s): 0.8074
Backward Time(s): 0.7817
Update Time(s): 0.0059
Emb Update Time(s): 2.4110
#seeds: 6144
#inputs: 2202205
=====================

=====================
Part 4, Epoch Time(s): 6.7113
Sampling Time(s): 0.3400
Loading Time(s): 2.5459
Forward Time(s): 0.6386
Backward Time(s): 0.7644
Update Time(s): 0.0052
Emb Update Time(s): 2.4111
#seeds: 6145
#inputs: 2208390
==========================================
Part 6, Epoch Time(s): 6.7129
Sampling Time(s): 0.4169
Loading Time(s): 2.5256
Forward Time(s): 0.5655
Backward Time(s): 0.7821
Update Time(s): 0.0054
Emb Update Time(s): 2.4113
#seeds: 6144
#inputs: 2210501
==========================================
Part 5, Epoch Time(s): 6.7195
Sampling Time(s): 0.3511
Loading Time(s): 2.4808
Forward Time(s): 0.6829
Backward Time(s): 0.7822
Update Time(s): 0.0054
Emb Update Time(s): 2.4110
#seeds: 6144
#inputs: 2213847
=====================




=====================
Part 17, Epoch Time(s): 6.7088
Sampling Time(s): 0.3697
Loading Time(s): 2.5600
Forward Time(s): 0.6106
Backward Time(s): 0.7462
Update Time(s): 0.0052
Emb Update Time(s): 2.4112
#seeds: 6144
#inputs: 2198076
==========================================
Part 21, Epoch Time(s): 6.7170
Sampling Time(s): 0.3435
Loading Time(s): 2.3979
Forward Time(s): 0.7714
Backward Time(s): 0.7808
Update Time(s): 0.0053
Emb Update Time(s): 2.4128
#seeds: 6144
#inputs: 2186463
==========================================
Part 20, Epoch Time(s): 6.7012
Sampling Time(s): 0.3693
Loading Time(s): 2.5303
Forward Time(s): 0.6281
Backward Time(s): 0.7503
Update Time(s): 0.0052
Emb Update Time(s): 2.4125
#seeds: 6144
#inputs: 2198122
==========================================
Part 16, Epoch Time(s): 6.7092
Sampling Time(s): 0.4564
Loading Time(s): 2.4206
Forward Time(s): 0.6281
Backward Time(s): 0.7815
Update Time(s): 0.0053
Emb Update Time(s): 2.4119
#seeds: 6144
#inputs: 2219058
==========================================
Part 19, Epoch Time(s): 6.6928
Sampling Time(s): 0.4154
Loading Time(s): 2.6200
Forward Time(s): 0.5007
Backward Time(s): 0.7342
Update Time(s): 0.0063
Emb Update Time(s): 2.4098
#seeds: 6145
#inputs: 2210568
==========================================
Part 22, Epoch Time(s): 6.7024
Sampling Time(s): 0.3723
Loading Time(s): 2.2903
Forward Time(s): 0.8337
Backward Time(s): 0.7807
Update Time(s): 0.0065
Emb Update Time(s): 2.4121
#seeds: 6145
#inputs: 2204836
==========================================
Part 23, Epoch Time(s): 6.6921
Sampling Time(s): 0.4158
Loading Time(s): 2.4719
Forward Time(s): 0.6061
Backward Time(s): 0.7748
Update Time(s): 0.0054
Emb Update Time(s): 2.4128
#seeds: 6144
#inputs: 2218077
=====================

=====================
Part 18, Epoch Time(s): 6.6920
Sampling Time(s): 0.3884
Loading Time(s): 2.3716
Forward Time(s): 0.7269
Backward Time(s): 0.7814
Update Time(s): 0.0056
Emb Update Time(s): 2.4120
#seeds: 6144
#inputs: 2208525
=====================





=====================
Part 11, Epoch Time(s): 6.6899
Sampling Time(s): 0.3550
Loading Time(s): 2.7480
Forward Time(s): 0.4538
Backward Time(s): 0.7113
Update Time(s): 0.0051
Emb Update Time(s): 2.4112
#seeds: 6145
#inputs: 2342473
==========================================
Part 12, Epoch Time(s): 6.7143
Sampling Time(s): 0.3819
Loading Time(s): 2.7107
Forward Time(s): 0.4451
Backward Time(s): 0.7533
Update Time(s): 0.0059
Emb Update Time(s): 2.4120
#seeds: 6144
#inputs: 2347943
==========================================
Part 9, Epoch Time(s): 6.7239
Sampling Time(s): 0.4046
Loading Time(s): 2.9220
Forward Time(s): 0.2846
Backward Time(s): 0.6887
Update Time(s): 0.0067
Emb Update Time(s): 2.4107
#seeds: 6144
#inputs: 2361190
==========================================
Part 8, Epoch Time(s): 6.6960
Sampling Time(s): 0.3297
Loading Time(s): 2.7310
Forward Time(s): 0.4730
Backward Time(s): 0.7400
Update Time(s): 0.0051
Emb Update Time(s): 2.4121
#seeds: 6145
#inputs: 2336916
=====================
=====================
Part 13, Epoch Time(s): 6.7007
Sampling Time(s): 0.3539
Loading Time(s): 2.7734
Forward Time(s): 0.4182
Backward Time(s): 0.7321
Update Time(s): 0.0058
Emb Update Time(s): 2.4120
#seeds: 6144
#inputs: 2340380
=====================

=====================
Part 15, Epoch Time(s): 6.7137
Sampling Time(s): 0.3516
Loading Time(s): 2.7691
Forward Time(s): 0.4259
Backward Time(s): 0.7433
Update Time(s): 0.0058
Emb Update Time(s): 2.4127
#seeds: 6144
#inputs: 2340253
=====================


=====================
Part 10, Epoch Time(s): 6.7201
Sampling Time(s): 0.4144
Loading Time(s): 2.8181
Forward Time(s): 0.3424
Backward Time(s): 0.7220
Update Time(s): 0.0063
Emb Update Time(s): 2.4113
#seeds: 6144
#inputs: 2329072
=====================
=====================
Part 14, Epoch Time(s): 6.7005
Sampling Time(s): 0.3557
Loading Time(s): 2.7254
Forward Time(s): 0.4244
Backward Time(s): 0.7715
Update Time(s): 0.0059
Emb Update Time(s): 2.4122
#seeds: 6144
#inputs: 2352818
=====================
=====================
Part 28, Epoch Time(s): 6.7088
Sampling Time(s): 0.3113
Loading Time(s): 2.5179
Forward Time(s): 0.6876
Backward Time(s): 0.7687
Update Time(s): 0.0050
Emb Update Time(s): 2.4129
#seeds: 6144
#inputs: 2249669
==========================================
Part 30, Epoch Time(s): 6.7031
Sampling Time(s): 0.3576
Loading Time(s): 2.6350
Forward Time(s): 0.5061
Backward Time(s): 0.7811
Update Time(s): 0.0050
Emb Update Time(s): 2.4128
#seeds: 6144
#inputs: 2272356
==========================================
Part 25, Epoch Time(s): 6.7018
Sampling Time(s): 0.3480
Loading Time(s): 2.5844
Forward Time(s): 0.5643
Backward Time(s): 0.7812
Update Time(s): 0.0059
Emb Update Time(s): 2.4124
#seeds: 6144
#inputs: 2249023
==========================================
Part 27, Epoch Time(s): 6.7087
Sampling Time(s): 0.3410
Loading Time(s): 2.6991
Forward Time(s): 0.4828
Backward Time(s): 0.7623
Update Time(s): 0.0062
Emb Update Time(s): 2.4119
#seeds: 6145
#inputs: 2253247
==========================================
Part 24, Epoch Time(s): 6.7024
Sampling Time(s): 0.3906
Loading Time(s): 2.7059
Forward Time(s): 0.4196
Backward Time(s): 0.7631
Update Time(s): 0.0052
Emb Update Time(s): 2.4128
#seeds: 6144
#inputs: 2251872
==========================================
Part 26, Epoch Time(s): 6.7013
Sampling Time(s): 0.3456
Loading Time(s): 2.8270
Forward Time(s): 0.3616
Backward Time(s): 0.7437
Update Time(s): 0.0052
Emb Update Time(s): 2.4129
#seeds: 6144
#inputs: 2262317
=====================
=====================
Part 31, Epoch Time(s): 6.7066
Sampling Time(s): 0.3591
Loading Time(s): 2.5969
Forward Time(s): 0.5461
Backward Time(s): 0.7811
Update Time(s): 0.0053
Emb Update Time(s): 2.4129
#seeds: 6144
#inputs: 2245630
=====================





=====================
Part 29, Epoch Time(s): 6.7105
Sampling Time(s): 0.3813
Loading Time(s): 2.7787
Forward Time(s): 0.3509
Backward Time(s): 0.7757
Update Time(s): 0.0061
Emb Update Time(s): 2.4122
#seeds: 6144
#inputs: 2266256
=====================
|V|=2449029, eval batch size: 100000
|V|=2449029, eval batch size: 100000
|V|=2449029, eval batch size: 100000
|V|=2449029, eval batch size: 100000
|V|=2449029, eval batch size: 100000
|V|=2449029, eval batch size: 100000
|V|=2449029, eval batch size: 100000
|V|=2449029, eval batch size: 100000
|V|=2449029, eval batch size: 100000
|V|=2449029, eval batch size: 100000
|V|=2449029, eval batch size: 100000
|V|=2449029, eval batch size: 100000
|V|=2449029, eval batch size: 100000
|V|=2449029, eval batch size: 100000
|V|=2449029, eval batch size: 100000
|V|=2449029, eval batch size: 100000
|V|=2449029, eval batch size: 100000
|V|=2449029, eval batch size: 100000
|V|=2449029, eval batch size: 100000
|V|=2449029, eval batch size: 100000
|V|=2449029, eval batch size: 100000
|V|=2449029, eval batch size: 100000
|V|=2449029, eval batch size: 100000
|V|=2449029, eval batch size: 100000
|V|=2449029, eval batch size: 100000
|V|=2449029, eval batch size: 100000
|V|=2449029, eval batch size: 100000
|V|=2449029, eval batch size: 100000
|V|=2449029, eval batch size: 100000
|V|=2449029, eval batch size: 100000
|V|=2449029, eval batch size: 100000
|V|=2449029, eval batch size: 100000
|V|=2449029, eval batch size: 100000
|V|=2449029, eval batch size: 100000
|V|=2449029, eval batch size: 100000
|V|=2449029, eval batch size: 100000
|V|=2449029, eval batch size: 100000
|V|=2449029, eval batch size: 100000
|V|=2449029, eval batch size: 100000
|V|=2449029, eval batch size: 100000
|V|=2449029, eval batch size: 100000
|V|=2449029, eval batch size: 100000
|V|=2449029, eval batch size: 100000
|V|=2449029, eval batch size: 100000
|V|=2449029, eval batch size: 100000
|V|=2449029, eval batch size: 100000
|V|=2449029, eval batch size: 100000
|V|=2449029, eval batch size: 100000
|V|=2449029, eval batch size: 100000
|V|=2449029, eval batch size: 100000|V|=2449029, eval batch size: 100000

|V|=2449029, eval batch size: 100000
|V|=2449029, eval batch size: 100000
|V|=2449029, eval batch size: 100000
|V|=2449029, eval batch size: 100000
|V|=2449029, eval batch size: 100000
|V|=2449029, eval batch size: 100000
|V|=2449029, eval batch size: 100000
|V|=2449029, eval batch size: 100000
|V|=2449029, eval batch size: 100000
|V|=2449029, eval batch size: 100000
|V|=2449029, eval batch size: 100000
|V|=2449029, eval batch size: 100000
|V|=2449029, eval batch size: 100000
|V|=2449029, eval batch size: 100000
|V|=2449029, eval batch size: 100000
|V|=2449029, eval batch size: 100000
|V|=2449029, eval batch size: 100000
|V|=2449029, eval batch size: 100000
|V|=2449029, eval batch size: 100000
|V|=2449029, eval batch size: 100000
|V|=2449029, eval batch size: 100000
|V|=2449029, eval batch size: 100000
|V|=2449029, eval batch size: 100000
|V|=2449029, eval batch size: 100000
|V|=2449029, eval batch size: 100000
|V|=2449029, eval batch size: 100000
|V|=2449029, eval batch size: 100000
|V|=2449029, eval batch size: 100000
|V|=2449029, eval batch size: 100000|V|=2449029, eval batch size: 100000

|V|=2449029, eval batch size: 100000
|V|=2449029, eval batch size: 100000
|V|=2449029, eval batch size: 100000
|V|=2449029, eval batch size: 100000
|V|=2449029, eval batch size: 100000
|V|=2449029, eval batch size: 100000
|V|=2449029, eval batch size: 100000
|V|=2449029, eval batch size: 100000
|V|=2449029, eval batch size: 100000
|V|=2449029, eval batch size: 100000
|V|=2449029, eval batch size: 100000
|V|=2449029, eval batch size: 100000|V|=2449029, eval batch size: 100000

|V|=2449029, eval batch size: 100000
|V|=2449029, eval batch size: 100000
|V|=2449029, eval batch size: 100000
|V|=2449029, eval batch size: 100000
|V|=2449029, eval batch size: 100000
|V|=2449029, eval batch size: 100000
|V|=2449029, eval batch size: 100000
|V|=2449029, eval batch size: 100000
|V|=2449029, eval batch size: 100000
|V|=2449029, eval batch size: 100000
|V|=2449029, eval batch size: 100000
|V|=2449029, eval batch size: 100000
|V|=2449029, eval batch size: 100000
|V|=2449029, eval batch size: 100000
|V|=2449029, eval batch size: 100000
|V|=2449029, eval batch size: 100000
|V|=2449029, eval batch size: 100000
|V|=2449029, eval batch size: 100000
|V|=2449029, eval batch size: 100000
|V|=2449029, eval batch size: 100000
|V|=2449029, eval batch size: 100000|V|=2449029, eval batch size: 100000

|V|=2449029, eval batch size: 100000
|V|=2449029, eval batch size: 100000
|V|=2449029, eval batch size: 100000
|V|=2449029, eval batch size: 100000
|V|=2449029, eval batch size: 100000
|V|=2449029, eval batch size: 100000
|V|=2449029, eval batch size: 100000
|V|=2449029, eval batch size: 100000
|V|=2449029, eval batch size: 100000
|V|=2449029, eval batch size: 100000
|V|=2449029, eval batch size: 100000
|V|=2449029, eval batch size: 100000
Part 3, Val Acc 0.8259, Test Acc 0.7386, time: 9.2857
Part 31, Val Acc 0.7809, Test Acc 0.5702, time: 9.2947
Part 0, Val Acc 0.8487, Test Acc 0.7357, time: 9.2952
Part 25, Val Acc 0.7648, Test Acc 0.5732, time: 9.2955
Part 17, Val Acc 0.7128, Test Acc 0.5103, time: 9.2965
Part 27, Val Acc 0.7860, Test Acc 0.5703, time: 9.2986
Part 24, Val Acc 0.7624, Test Acc 0.5696, time: 9.2993
Part 6, Val Acc 0.8299, Test Acc 0.7383, time: 9.2997
Part 14, Val Acc 0.7852, Test Acc 0.6277, time: 9.3007
Part 1, Val Acc 0.8518, Test Acc 0.7394, time: 9.3012
Part 4, Val Acc 0.8210, Test Acc 0.7407, time: 9.3013
Part 5, Val Acc 0.8226, Test Acc 0.7387, time: 9.3014
Part 7, Val Acc 0.8112, Test Acc 0.7406, time: 9.3019
Part 21, Val Acc 0.7052, Test Acc 0.5067, time: 9.3023
Part 2, Val Acc 0.8186, Test Acc 0.7403, time: 9.3028
Part 15, Val Acc 0.8023, Test Acc 0.6283, time: 9.3027
Part 20, Val Acc 0.7144, Test Acc 0.5081, time: 9.3076
Part 22, Val Acc 0.6932, Test Acc 0.5074, time: 9.3083
Part 29, Val Acc 0.7811, Test Acc 0.5708, time: 9.3096
Part 12, Val Acc 0.8039, Test Acc 0.6267, time: 9.3107
Part 23, Val Acc 0.7209, Test Acc 0.5089, time: 9.3122
Part 18, Val Acc 0.7290, Test Acc 0.5072, time: 9.3128
Part 11, Val Acc 0.7950, Test Acc 0.6286, time: 9.3129
Part 28, Val Acc 0.7901, Test Acc 0.5708, time: 9.3138
Part 30, Val Acc 0.7858, Test Acc 0.5678, time: 9.3146
Part 16, Val Acc 0.7193, Test Acc 0.5069, time: 9.3152
Part 8, Val Acc 0.8080, Test Acc 0.6304, time: 9.3153
Part 19, Val Acc 0.7225, Test Acc 0.5092, time: 9.3167
Part 10, Val Acc 0.8119, Test Acc 0.6281, time: 9.3178
Part 26, Val Acc 0.7771, Test Acc 0.5719, time: 9.3185
Part 13, Val Acc 0.8186, Test Acc 0.6246, time: 9.3196
Part 9, Val Acc 0.7771, Test Acc 0.6254, time: 9.3213
All parts avg val acc 0.7805, test acc 0.6113
Part 17 | Epoch 00002 | Step 00000 | Loss 1.5589 | Train Acc 0.7110 | Speed (samples/sec) 841.7275 | GPU 2666.2 MB | time 1.369 s
Part 16 | Epoch 00002 | Step 00000 | Loss 1.5795 | Train Acc 0.7010 | Speed (samples/sec) 842.5133 | GPU 2651.3 MB | time 1.351 s
Part 0 | Epoch 00002 | Step 00000 | Loss 0.8254 | Train Acc 0.8280 | Speed (samples/sec) 843.9920 | GPU 2639.6 MB | time 1.343 s
Part 1 | Epoch 00002 | Step 00000 | Loss 0.8110 | Train Acc 0.8330 | Speed (samples/sec) 842.2314 | GPU 2648.2 MB | time 1.365 s
Part 2 | Epoch 00002 | Step 00000 | Loss 0.8855 | Train Acc 0.8230 | Speed (samples/sec) 841.9633 | GPU 2646.8 MB | time 1.363 s
Part 18 | Epoch 00002 | Step 00000 | Loss 1.4742 | Train Acc 0.7340 | Speed (samples/sec) 843.3699 | GPU 2655.5 MB | time 1.353 s
Part 21 | Epoch 00002 | Step 00000 | Loss 1.5303 | Train Acc 0.7230 | Speed (samples/sec) 841.5411 | GPU 2613.2 MB | time 1.364 sPart 22 | Epoch 00002 | Step 00000 | Loss 1.5179 | Train Acc 0.7320 | Speed (samples/sec) 843.1614 | GPU 2654.2 MB | time 1.357 s

Part 4 | Epoch 00002 | Step 00000 | Loss 0.7908 | Train Acc 0.8380 | Speed (samples/sec) 842.3436 | GPU 2648.0 MB | time 1.365 s
Part 5 | Epoch 00002 | Step 00000 | Loss 0.7882 | Train Acc 0.8340 | Speed (samples/sec) 841.4542 | GPU 2644.4 MB | time 1.365 s
Part 8 | Epoch 00002 | Step 00000 | Loss 1.1287 | Train Acc 0.7870 | Speed (samples/sec) 843.6837 | GPU 2773.2 MB | time 1.351 s
Part 14 | Epoch 00002 | Step 00000 | Loss 1.0873 | Train Acc 0.7900 | Speed (samples/sec) 842.3165 | GPU 2781.9 MB | time 1.365 s
Part 9 | Epoch 00002 | Step 00000 | Loss 1.1597 | Train Acc 0.7520 | Speed (samples/sec) 842.1930 | GPU 2798.8 MB | time 1.344 s
Part 30 | Epoch 00002 | Step 00000 | Loss 1.1282 | Train Acc 0.7460 | Speed (samples/sec) 842.8289 | GPU 2707.7 MB | time 1.352 s
Part 6 | Epoch 00002 | Step 00000 | Loss 0.8575 | Train Acc 0.8330 | Speed (samples/sec) 841.6981 | GPU 2644.6 MB | time 1.367 s
Part 23 | Epoch 00002 | Step 00000 | Loss 1.5971 | Train Acc 0.6960 | Speed (samples/sec) 843.2509 | GPU 2659.9 MB | time 1.354 s
Part 24 | Epoch 00002 | Step 00000 | Loss 1.1266 | Train Acc 0.7480 | Speed (samples/sec) 842.1685 | GPU 2698.0 MB | time 1.367 s
Part 11 | Epoch 00002 | Step 00000 | Loss 1.0289 | Train Acc 0.8010 | Speed (samples/sec) 843.9121 | GPU 2774.0 MB | time 1.353 s
Part 26 | Epoch 00002 | Step 00000 | Loss 1.1946 | Train Acc 0.7320 | Speed (samples/sec) 843.0901 | GPU 2688.3 MB | time 1.348 sPart 27 | Epoch 00002 | Step 00000 | Loss 1.1266 | Train Acc 0.7600 | Speed (samples/sec) 842.3110 | GPU 2692.9 MB | time 1.368 s

Part 31 | Epoch 00002 | Step 00000 | Loss 1.1022 | Train Acc 0.7580 | Speed (samples/sec) 841.7459 | GPU 2699.2 MB | time 1.371 s
Part 25 | Epoch 00002 | Step 00000 | Loss 1.1355 | Train Acc 0.7430 | Speed (samples/sec) 842.0235 | GPU 2684.6 MB | time 1.371 s
Part 28 | Epoch 00002 | Step 00000 | Loss 1.1144 | Train Acc 0.7490 | Speed (samples/sec) 842.4972 | GPU 2700.1 MB | time 1.353 s
Part 7 | Epoch 00002 | Step 00000 | Loss 0.8591 | Train Acc 0.8340 | Speed (samples/sec) 842.0795 | GPU 2632.5 MB | time 1.364 s
Part 3 | Epoch 00002 | Step 00000 | Loss 0.8324 | Train Acc 0.8330 | Speed (samples/sec) 840.8623 | GPU 2627.7 MB | time 1.381 s
Part 29 | Epoch 00002 | Step 00000 | Loss 1.1056 | Train Acc 0.7390 | Speed (samples/sec) 842.2245 | GPU 2692.6 MB | time 1.357 s
Part 19 | Epoch 00002 | Step 00000 | Loss 1.5239 | Train Acc 0.7370 | Speed (samples/sec) 844.0294 | GPU 2654.2 MB | time 1.349 s
Part 10 | Epoch 00002 | Step 00000 | Loss 1.1787 | Train Acc 0.7640 | Speed (samples/sec) 842.1211 | GPU 2788.3 MB | time 1.349 s
Part 20 | Epoch 00002 | Step 00000 | Loss 1.5752 | Train Acc 0.7080 | Speed (samples/sec) 842.5949 | GPU 2632.0 MB | time 1.358 s
Part 15 | Epoch 00002 | Step 00000 | Loss 1.1313 | Train Acc 0.7930 | Speed (samples/sec) 841.7664 | GPU 2765.8 MB | time 1.363 sPart 13 | Epoch 00002 | Step 00000 | Loss 1.0356 | Train Acc 0.8220 | Speed (samples/sec) 843.1838 | GPU 2774.1 MB | time 1.346 s

Part 12 | Epoch 00002 | Step 00000 | Loss 1.0714 | Train Acc 0.7980 | Speed (samples/sec) 842.0521 | GPU 2787.4 MB | time 1.356 s
Avg train acc 0.7713
=====================
Part 2, Epoch Time(s): 7.1583
Sampling Time(s): 0.4401
Loading Time(s): 2.3051
Forward Time(s): 0.8705
Backward Time(s): 0.7740
Update Time(s): 0.0051
Emb Update Time(s): 2.7577
#seeds: 6144
#inputs: 2207854
==========================================
Part 1, Epoch Time(s): 7.1597
Sampling Time(s): 0.3361
Loading Time(s): 2.4352
Forward Time(s): 0.8460
Backward Time(s): 0.7745
Update Time(s): 0.0053
Emb Update Time(s): 2.7569
#seeds: 6144
#inputs: 2207967
==========================================
Part 4, Epoch Time(s): 7.1597
Sampling Time(s): 0.3561
Loading Time(s): 2.3237
Forward Time(s): 0.9370
Backward Time(s): 0.7738
Update Time(s): 0.0054
Emb Update Time(s): 2.7579
#seeds: 6145
#inputs: 2204538
==========================================
Part 0, Epoch Time(s): 7.1382
Sampling Time(s): 0.3812
Loading Time(s): 2.7161
Forward Time(s): 0.5137
Backward Time(s): 0.7557
Update Time(s): 0.0051
Emb Update Time(s): 2.7571
#seeds: 6144
#inputs: 2211949
==========================================
Part 5, Epoch Time(s): 7.1596
Sampling Time(s): 0.4024
Loading Time(s): 2.4942
Forward Time(s): 0.7200
Backward Time(s): 0.7738
Update Time(s): 0.0062
Emb Update Time(s): 2.7571
#seeds: 6144
#inputs: 2221390
==========================================
Part 3, Epoch Time(s): 7.1752
Sampling Time(s): 0.3541
Loading Time(s): 2.3780
Forward Time(s): 0.9000
Backward Time(s): 0.7737
Update Time(s): 0.0056
Emb Update Time(s): 2.7576
#seeds: 6145
#inputs: 2195341
=====================

=====================
Part 7, Epoch Time(s): 7.1588
Sampling Time(s): 0.3541
Loading Time(s): 2.3715
Forward Time(s): 0.8907
Backward Time(s): 0.7734
Update Time(s): 0.0065
Emb Update Time(s): 2.7566
#seeds: 6144
#inputs: 2193330
=====================




=====================
Part 6, Epoch Time(s): 7.1613
Sampling Time(s): 0.4218
Loading Time(s): 2.5692
Forward Time(s): 0.6265
Backward Time(s): 0.7737
Update Time(s): 0.0067
Emb Update Time(s): 2.7568
#seeds: 6144
#inputs: 2212931
=====================
=====================
Part 18, Epoch Time(s): 7.1482
Sampling Time(s): 0.4123
Loading Time(s): 2.3044
Forward Time(s): 0.8877
Backward Time(s): 0.7731
Update Time(s): 0.0053
Emb Update Time(s): 2.7588
#seeds: 6144
#inputs: 2206732
==========================================
Part 21, Epoch Time(s): 7.1587
Sampling Time(s): 0.3478
Loading Time(s): 2.5405
Forward Time(s): 0.7255
Backward Time(s): 0.7729
Update Time(s): 0.0053
Emb Update Time(s): 2.7607
#seeds: 6144
#inputs: 2176081
==========================================
Part 16, Epoch Time(s): 7.1457
Sampling Time(s): 0.3468
Loading Time(s): 2.5170
Forward Time(s): 0.7627
Backward Time(s): 0.7499
Update Time(s): 0.0054
Emb Update Time(s): 2.7580
#seeds: 6144
#inputs: 2221285
=====================
=====================
Part 17, Epoch Time(s): 7.1643
Sampling Time(s): 0.3488
Loading Time(s): 2.3651
Forward Time(s): 0.9100
Backward Time(s): 0.7704
Update Time(s): 0.0053
Emb Update Time(s): 2.7586
#seeds: 6144
#inputs: 2198674
=====================


=====================
Part 20, Epoch Time(s): 7.1529
Sampling Time(s): 0.3668
Loading Time(s): 2.4799
Forward Time(s): 0.7618
Backward Time(s): 0.7730
Update Time(s): 0.0065
Emb Update Time(s): 2.7579
#seeds: 6144
#inputs: 2206277
==========================================
Part 23, Epoch Time(s): 7.1488
Sampling Time(s): 0.3637
Loading Time(s): 2.3799
Forward Time(s): 0.8609
Backward Time(s): 0.7727
Update Time(s): 0.0060
Emb Update Time(s): 2.7589
#seeds: 6144
#inputs: 2219129
==========================================
Part 22, Epoch Time(s): 7.1525
Sampling Time(s): 0.3405
Loading Time(s): 2.3059
Forward Time(s): 0.9626
Backward Time(s): 0.7726
Update Time(s): 0.0062
Emb Update Time(s): 2.7581
#seeds: 6145
#inputs: 2208446
=====================


=====================
Part 19, Epoch Time(s): 7.1441
Sampling Time(s): 0.3571
Loading Time(s): 2.4099
Forward Time(s): 0.8390
Backward Time(s): 0.7664
Update Time(s): 0.0072
Emb Update Time(s): 2.7576
#seeds: 6145
#inputs: 2212519
=====================
=====================
Part 24, Epoch Time(s): 7.1616
Sampling Time(s): 0.3739
Loading Time(s): 2.7209
Forward Time(s): 0.5276
Backward Time(s): 0.7697
Update Time(s): 0.0053
Emb Update Time(s): 2.7584
#seeds: 6144
#inputs: 2251916
==========================================
Part 26, Epoch Time(s): 7.1423
Sampling Time(s): 0.3567
Loading Time(s): 2.6772
Forward Time(s): 0.5649
Backward Time(s): 0.7726
Update Time(s): 0.0060
Emb Update Time(s): 2.7587
#seeds: 6144
#inputs: 2260229
=====================
=====================
Part 27, Epoch Time(s): 7.1624
Sampling Time(s): 0.3584
Loading Time(s): 2.8258
Forward Time(s): 0.5259
Backward Time(s): 0.6833
Update Time(s): 0.0062
Emb Update Time(s): 2.7571
#seeds: 6145
#inputs: 2261110
==========================================
Part 28, Epoch Time(s): 7.1473
Sampling Time(s): 0.3670
Loading Time(s): 2.7674
Forward Time(s): 0.5167
Backward Time(s): 0.7257
Update Time(s): 0.0056
Emb Update Time(s): 2.7591
#seeds: 6144
#inputs: 2256648
==========================================
Part 30, Epoch Time(s): 7.1465
Sampling Time(s): 0.3612
Loading Time(s): 2.7686
Forward Time(s): 0.5373
Backward Time(s): 0.7104
Update Time(s): 0.0056
Emb Update Time(s): 2.7577
#seeds: 6144
#inputs: 2266524
==========================================
Part 31, Epoch Time(s): 7.1661
Sampling Time(s): 0.4039
Loading Time(s): 2.6412
Forward Time(s): 0.6004
Backward Time(s): 0.7505
Update Time(s): 0.0053
Emb Update Time(s): 2.7591
#seeds: 6144
#inputs: 2246393
=====================




=====================
Part 25, Epoch Time(s): 7.1655
Sampling Time(s): 0.4080
Loading Time(s): 2.4605
Forward Time(s): 0.7530
Backward Time(s): 0.7731
Update Time(s): 0.0082
Emb Update Time(s): 2.7562
#seeds: 6144
#inputs: 2249810
=====================
=====================
Part 29, Epoch Time(s): 7.1515
Sampling Time(s): 0.3639
Loading Time(s): 2.5829
Forward Time(s): 0.6680
Backward Time(s): 0.7661
Update Time(s): 0.0058
Emb Update Time(s): 2.7588
#seeds: 6144
#inputs: 2258662
=====================
=====================
Part 13, Epoch Time(s): 7.1406
Sampling Time(s): 0.3812
Loading Time(s): 2.7892
Forward Time(s): 0.4669
Backward Time(s): 0.7311
Update Time(s): 0.0065
Emb Update Time(s): 2.7591
#seeds: 6144
#inputs: 2338553
==========================================
Part 8, Epoch Time(s): 7.1454
Sampling Time(s): 0.3699
Loading Time(s): 2.9418
Forward Time(s): 0.3604
Backward Time(s): 0.7057
Update Time(s): 0.0056
Emb Update Time(s): 2.7564
#seeds: 6145
#inputs: 2339426
==========================================
Part 9, Epoch Time(s): 7.1392
Sampling Time(s): 0.4163
Loading Time(s): 2.6922
Forward Time(s): 0.5467
Backward Time(s): 0.7146
Update Time(s): 0.0076
Emb Update Time(s): 2.7550
#seeds: 6144
#inputs: 2349703
==========================================
Part 14, Epoch Time(s): 7.1603
Sampling Time(s): 0.3532
Loading Time(s): 2.8285
Forward Time(s): 0.4657
Backward Time(s): 0.7420
Update Time(s): 0.0053
Emb Update Time(s): 2.7600
#seeds: 6144
#inputs: 2358964
==========================================
Part 15, Epoch Time(s): 7.1576
Sampling Time(s): 0.3675
Loading Time(s): 2.7600
Forward Time(s): 0.5440
Backward Time(s): 0.7150
Update Time(s): 0.0068
Emb Update Time(s): 2.7576
#seeds: 6144
#inputs: 2350940
=====================




=====================
Part 11, Epoch Time(s): 7.1482
Sampling Time(s): 0.3786
Loading Time(s): 2.7890
Forward Time(s): 0.4927
Backward Time(s): 0.7157
Update Time(s): 0.0056
Emb Update Time(s): 2.7602
#seeds: 6145
#inputs: 2339249
==========================================
Part 10, Epoch Time(s): 7.1433
Sampling Time(s): 0.3590
Loading Time(s): 2.5457
Forward Time(s): 0.6938
Backward Time(s): 0.7727
Update Time(s): 0.0055
Emb Update Time(s): 2.7600
#seeds: 6144
#inputs: 2327914
=====================

=====================
Part 12, Epoch Time(s): 7.1501
Sampling Time(s): 0.3762
Loading Time(s): 2.6028
Forward Time(s): 0.6240
Backward Time(s): 0.7723
Update Time(s): 0.0074
Emb Update Time(s): 2.7595
#seeds: 6144
#inputs: 2349466
=====================
|V|=2449029, eval batch size: 100000
|V|=2449029, eval batch size: 100000
|V|=2449029, eval batch size: 100000
|V|=2449029, eval batch size: 100000
|V|=2449029, eval batch size: 100000
|V|=2449029, eval batch size: 100000
|V|=2449029, eval batch size: 100000
|V|=2449029, eval batch size: 100000
|V|=2449029, eval batch size: 100000
|V|=2449029, eval batch size: 100000
|V|=2449029, eval batch size: 100000
|V|=2449029, eval batch size: 100000
|V|=2449029, eval batch size: 100000
|V|=2449029, eval batch size: 100000
|V|=2449029, eval batch size: 100000
|V|=2449029, eval batch size: 100000
|V|=2449029, eval batch size: 100000
|V|=2449029, eval batch size: 100000
|V|=2449029, eval batch size: 100000
|V|=2449029, eval batch size: 100000
|V|=2449029, eval batch size: 100000
|V|=2449029, eval batch size: 100000
|V|=2449029, eval batch size: 100000
|V|=2449029, eval batch size: 100000
|V|=2449029, eval batch size: 100000
|V|=2449029, eval batch size: 100000
|V|=2449029, eval batch size: 100000
|V|=2449029, eval batch size: 100000
|V|=2449029, eval batch size: 100000
|V|=2449029, eval batch size: 100000
|V|=2449029, eval batch size: 100000
|V|=2449029, eval batch size: 100000
|V|=2449029, eval batch size: 100000
|V|=2449029, eval batch size: 100000
|V|=2449029, eval batch size: 100000
|V|=2449029, eval batch size: 100000
|V|=2449029, eval batch size: 100000
|V|=2449029, eval batch size: 100000
|V|=2449029, eval batch size: 100000
|V|=2449029, eval batch size: 100000
|V|=2449029, eval batch size: 100000
|V|=2449029, eval batch size: 100000
|V|=2449029, eval batch size: 100000
|V|=2449029, eval batch size: 100000
|V|=2449029, eval batch size: 100000|V|=2449029, eval batch size: 100000

|V|=2449029, eval batch size: 100000
|V|=2449029, eval batch size: 100000
|V|=2449029, eval batch size: 100000
|V|=2449029, eval batch size: 100000
|V|=2449029, eval batch size: 100000
|V|=2449029, eval batch size: 100000|V|=2449029, eval batch size: 100000

|V|=2449029, eval batch size: 100000
|V|=2449029, eval batch size: 100000
|V|=2449029, eval batch size: 100000
|V|=2449029, eval batch size: 100000
|V|=2449029, eval batch size: 100000
|V|=2449029, eval batch size: 100000
|V|=2449029, eval batch size: 100000|V|=2449029, eval batch size: 100000
|V|=2449029, eval batch size: 100000

|V|=2449029, eval batch size: 100000
|V|=2449029, eval batch size: 100000
|V|=2449029, eval batch size: 100000
|V|=2449029, eval batch size: 100000
|V|=2449029, eval batch size: 100000
|V|=2449029, eval batch size: 100000
|V|=2449029, eval batch size: 100000
|V|=2449029, eval batch size: 100000
|V|=2449029, eval batch size: 100000
|V|=2449029, eval batch size: 100000
|V|=2449029, eval batch size: 100000
|V|=2449029, eval batch size: 100000
|V|=2449029, eval batch size: 100000
|V|=2449029, eval batch size: 100000
|V|=2449029, eval batch size: 100000
|V|=2449029, eval batch size: 100000
|V|=2449029, eval batch size: 100000
|V|=2449029, eval batch size: 100000|V|=2449029, eval batch size: 100000

|V|=2449029, eval batch size: 100000
|V|=2449029, eval batch size: 100000
|V|=2449029, eval batch size: 100000
|V|=2449029, eval batch size: 100000
|V|=2449029, eval batch size: 100000
|V|=2449029, eval batch size: 100000
|V|=2449029, eval batch size: 100000
|V|=2449029, eval batch size: 100000
|V|=2449029, eval batch size: 100000
|V|=2449029, eval batch size: 100000
|V|=2449029, eval batch size: 100000
|V|=2449029, eval batch size: 100000
|V|=2449029, eval batch size: 100000
|V|=2449029, eval batch size: 100000
|V|=2449029, eval batch size: 100000
|V|=2449029, eval batch size: 100000
|V|=2449029, eval batch size: 100000
|V|=2449029, eval batch size: 100000
|V|=2449029, eval batch size: 100000
|V|=2449029, eval batch size: 100000|V|=2449029, eval batch size: 100000

|V|=2449029, eval batch size: 100000
|V|=2449029, eval batch size: 100000
|V|=2449029, eval batch size: 100000
|V|=2449029, eval batch size: 100000
|V|=2449029, eval batch size: 100000
|V|=2449029, eval batch size: 100000
|V|=2449029, eval batch size: 100000
|V|=2449029, eval batch size: 100000
|V|=2449029, eval batch size: 100000
|V|=2449029, eval batch size: 100000
|V|=2449029, eval batch size: 100000
|V|=2449029, eval batch size: 100000
|V|=2449029, eval batch size: 100000
|V|=2449029, eval batch size: 100000
|V|=2449029, eval batch size: 100000
|V|=2449029, eval batch size: 100000
|V|=2449029, eval batch size: 100000
|V|=2449029, eval batch size: 100000
|V|=2449029, eval batch size: 100000
|V|=2449029, eval batch size: 100000
|V|=2449029, eval batch size: 100000
|V|=2449029, eval batch size: 100000
|V|=2449029, eval batch size: 100000
|V|=2449029, eval batch size: 100000
|V|=2449029, eval batch size: 100000
|V|=2449029, eval batch size: 100000
Part 3, Val Acc 0.8959, Test Acc 0.7837, time: 9.5990
Part 5, Val Acc 0.8959, Test Acc 0.7838, time: 9.6053
Part 10, Val Acc 0.8534, Test Acc 0.6603, time: 9.6074
Part 25, Val Acc 0.8731, Test Acc 0.6623, time: 9.6088
Part 4, Val Acc 0.9024, Test Acc 0.7853, time: 9.6117
Part 9, Val Acc 0.8340, Test Acc 0.6591, time: 9.6118
Part 27, Val Acc 0.8983, Test Acc 0.6621, time: 9.6121
Part 14, Val Acc 0.8308, Test Acc 0.6607, time: 9.6138
Part 13, Val Acc 0.8560, Test Acc 0.6574, time: 9.6138
Part 26, Val Acc 0.8820, Test Acc 0.6622, time: 9.6146
Part 1, Val Acc 0.9031, Test Acc 0.7853, time: 9.6153
Part 7, Val Acc 0.8820, Test Acc 0.7879, time: 9.6155
Part 28, Val Acc 0.8910, Test Acc 0.6605, time: 9.6157
Part 31, Val Acc 0.8868, Test Acc 0.6611, time: 9.6162
Part 2, Val Acc 0.8926, Test Acc 0.7853, time: 9.6164
Part 20, Val Acc 0.8242, Test Acc 0.5900, time: 9.6168
Part 0, Val Acc 0.8959, Test Acc 0.7818, time: 9.6175
Part 30, Val Acc 0.8901, Test Acc 0.6600, time: 9.6175
Part 6, Val Acc 0.8999, Test Acc 0.7832, time: 9.6187
Part 22, Val Acc 0.8088, Test Acc 0.5897, time: 9.6191
Part 21, Val Acc 0.8062, Test Acc 0.5906, time: 9.6194
Part 8, Val Acc 0.8446, Test Acc 0.6633, time: 9.6200
Part 23, Val Acc 0.8259, Test Acc 0.5900, time: 9.6203
Part 17, Val Acc 0.8104, Test Acc 0.5935, time: 9.6268
Part 15, Val Acc 0.8478, Test Acc 0.6613, time: 9.6281
Part 12, Val Acc 0.8381, Test Acc 0.6605, time: 9.6281
Part 18, Val Acc 0.8088, Test Acc 0.5912, time: 9.6293
Part 16, Val Acc 0.8104, Test Acc 0.5897, time: 9.6309
Part 19, Val Acc 0.8120, Test Acc 0.5937, time: 9.6317
Part 11, Val Acc 0.8291, Test Acc 0.6615, time: 9.6332
Part 24, Val Acc 0.8755, Test Acc 0.6594, time: 9.6344
Part 29, Val Acc 0.8983, Test Acc 0.6619, time: 9.6347
All parts avg val acc 0.8595, test acc 0.6743
Part 2 | Epoch 00003 | Step 00000 | Loss 0.6347 | Train Acc 0.8580 | Speed (samples/sec) 832.1476 | GPU 2646.8 MB | time 1.483 sPart 1 | Epoch 00003 | Step 00000 | Loss 0.5291 | Train Acc 0.8790 | Speed (samples/sec) 832.2901 | GPU 2648.2 MB | time 1.484 s

Part 7 | Epoch 00003 | Step 00000 | Loss 0.5232 | Train Acc 0.8890 | Speed (samples/sec) 832.2094 | GPU 2632.5 MB | time 1.483 s
Part 3 | Epoch 00003 | Step 00000 | Loss 0.5154 | Train Acc 0.8810 | Speed (samples/sec) 831.2265 | GPU 2627.7 MB | time 1.500 sPart 5 | Epoch 00003 | Step 00000 | Loss 0.4803 | Train Acc 0.8890 | Speed (samples/sec) 831.5764 | GPU 2653.7 MB | time 1.494 s

Part 0 | Epoch 00003 | Step 00000 | Loss 0.5528 | Train Acc 0.8790 | Speed (samples/sec) 834.0246 | GPU 2639.6 MB | time 1.464 s
Part 4 | Epoch 00003 | Step 00000 | Loss 0.5355 | Train Acc 0.8810 | Speed (samples/sec) 832.4549 | GPU 2648.0 MB | time 1.487 s
Part 17 | Epoch 00003 | Step 00000 | Loss 0.9002 | Train Acc 0.8030 | Speed (samples/sec) 832.2891 | GPU 2666.2 MB | time 1.472 sPart 23 | Epoch 00003 | Step 00000 | Loss 0.8726 | Train Acc 0.8040 | Speed (samples/sec) 833.1158 | GPU 2659.9 MB | time 1.479 s

Part 16 | Epoch 00003 | Step 00000 | Loss 0.9886 | Train Acc 0.7890 | Speed (samples/sec) 832.8559 | GPU 2651.3 MB | time 1.468 s
Part 21 | Epoch 00003 | Step 00000 | Loss 0.9244 | Train Acc 0.8070 | Speed (samples/sec) 831.9854 | GPU 2613.2 MB | time 1.480 s
Part 15 | Epoch 00003 | Step 00000 | Loss 0.8129 | Train Acc 0.8150 | Speed (samples/sec) 832.3604 | GPU 2777.4 MB | time 1.470 sPart 14 | Epoch 00003 | Step 00000 | Loss 0.6766 | Train Acc 0.8480 | Speed (samples/sec) 832.3021 | GPU 2787.9 MB | time 1.485 s

Part 9 | Epoch 00003 | Step 00000 | Loss 0.7877 | Train Acc 0.8210 | Speed (samples/sec) 832.2130 | GPU 2798.8 MB | time 1.486 sPart 8 | Epoch 00003 | Step 00000 | Loss 0.7894 | Train Acc 0.8380 | Speed (samples/sec) 833.4869 | GPU 2778.1 MB | time 1.479 s

Part 12 | Epoch 00003 | Step 00000 | Loss 0.8035 | Train Acc 0.8290 | Speed (samples/sec) 832.6115 | GPU 2794.0 MB | time 1.471 sPart 13 | Epoch 00003 | Step 00000 | Loss 0.8281 | Train Acc 0.8190 | Speed (samples/sec) 832.9031 | GPU 2774.1 MB | time 1.485 s

Part 10 | Epoch 00003 | Step 00000 | Loss 0.8428 | Train Acc 0.8170 | Speed (samples/sec) 832.0753 | GPU 2788.3 MB | time 1.492 s
Part 28 | Epoch 00003 | Step 00000 | Loss 0.6136 | Train Acc 0.8710 | Speed (samples/sec) 832.4760 | GPU 2700.1 MB | time 1.483 s
Part 30 | Epoch 00003 | Step 00000 | Loss 0.7017 | Train Acc 0.8720 | Speed (samples/sec) 832.7199 | GPU 2707.7 MB | time 1.482 s
Part 25 | Epoch 00003 | Step 00000 | Loss 0.6127 | Train Acc 0.8730 | Speed (samples/sec) 832.0384 | GPU 2684.6 MB | time 1.490 s
Part 11 | Epoch 00003 | Step 00000 | Loss 0.8002 | Train Acc 0.8330 | Speed (samples/sec) 833.9714 | GPU 2774.0 MB | time 1.466 sPart 29 | Epoch 00003 | Step 00000 | Loss 0.7030 | Train Acc 0.8730 | Speed (samples/sec) 832.7879 | GPU 2692.6 MB | time 1.464 s
Part 24 | Epoch 00003 | Step 00000 | Loss 0.5679 | Train Acc 0.8960 | Speed (samples/sec) 832.7236 | GPU 2698.0 MB | time 1.464 s
Part 27 | Epoch 00003 | Step 00000 | Loss 0.6594 | Train Acc 0.8740 | Speed (samples/sec) 832.4476 | GPU 2692.9 MB | time 1.487 s
Part 31 | Epoch 00003 | Step 00000 | Loss 0.6087 | Train Acc 0.8850 | Speed (samples/sec) 832.0107 | GPU 2699.2 MB | time 1.483 s

Part 26 | Epoch 00003 | Step 00000 | Loss 0.6323 | Train Acc 0.8730 | Speed (samples/sec) 832.8556 | GPU 2688.3 MB | time 1.484 s
Part 22 | Epoch 00003 | Step 00000 | Loss 0.9039 | Train Acc 0.8160 | Speed (samples/sec) 833.1860 | GPU 2654.2 MB | time 1.480 s
Part 19 | Epoch 00003 | Step 00000 | Loss 0.8460 | Train Acc 0.8080 | Speed (samples/sec) 834.0734 | GPU 2654.2 MB | time 1.467 s
Part 6 | Epoch 00003 | Step 00000 | Loss 0.4975 | Train Acc 0.8880 | Speed (samples/sec) 832.0666 | GPU 2661.3 MB | time 1.480 s
Part 20 | Epoch 00003 | Step 00000 | Loss 0.8824 | Train Acc 0.8180 | Speed (samples/sec) 832.6287 | GPU 2635.6 MB | time 1.482 s
Part 18 | Epoch 00003 | Step 00000 | Loss 0.9362 | Train Acc 0.7730 | Speed (samples/sec) 833.3897 | GPU 2655.5 MB | time 1.470 s
Avg train acc 0.8468
=====================
Part 1, Epoch Time(s): 7.2745
Sampling Time(s): 0.3726
Loading Time(s): 2.4332
Forward Time(s): 0.8906
Backward Time(s): 0.7850
Update Time(s): 0.0050
Emb Update Time(s): 2.7766
#seeds: 6144
#inputs: 2193494
=====================
=====================
Part 2, Epoch Time(s): 7.2734
Sampling Time(s): 0.3729
Loading Time(s): 2.4762
Forward Time(s): 0.8462
Backward Time(s): 0.7849
Update Time(s): 0.0052
Emb Update Time(s): 2.7765
#seeds: 6144
#inputs: 2203255
==========================================
Part 4, Epoch Time(s): 7.2779
Sampling Time(s): 0.3934
Loading Time(s): 2.4614
Forward Time(s): 0.8448
Backward Time(s): 0.7845
Update Time(s): 0.0054
Emb Update Time(s): 2.7766
#seeds: 6145
#inputs: 2200378
==========================================
Part 0, Epoch Time(s): 7.2554
Sampling Time(s): 0.3874
Loading Time(s): 2.5184
Forward Time(s): 0.8044
Backward Time(s): 0.7498
Update Time(s): 0.0056
Emb Update Time(s): 2.7757
#seeds: 6144
#inputs: 2222120
=====================
=====================
Part 6, Epoch Time(s): 7.2710
Sampling Time(s): 0.3735
Loading Time(s): 2.5253
Forward Time(s): 0.7931
Backward Time(s): 0.7843
Update Time(s): 0.0062
Emb Update Time(s): 2.7762
#seeds: 6144
#inputs: 2208321
==========================================
Part 3, Epoch Time(s): 7.2908
Sampling Time(s): 0.3996
Loading Time(s): 2.4397
Forward Time(s): 0.8730
Backward Time(s): 0.7848
Update Time(s): 0.0054
Emb Update Time(s): 2.7766
#seeds: 6145
#inputs: 2189308
==========================================
Part 7, Epoch Time(s): 7.2743
Sampling Time(s): 0.3605
Loading Time(s): 2.3616
Forward Time(s): 0.9737
Backward Time(s): 0.7844
Update Time(s): 0.0068
Emb Update Time(s): 2.7755
#seeds: 6144
#inputs: 2206468
=====================
=====================
Part 5, Epoch Time(s): 7.2845
Sampling Time(s): 0.3591
Loading Time(s): 2.5087
Forward Time(s): 0.8414
Backward Time(s): 0.7811
Update Time(s): 0.0055
Emb Update Time(s): 2.7769
#seeds: 6144
#inputs: 2214696
=====================




=====================
Part 22, Epoch Time(s): 7.2704
Sampling Time(s): 0.3276
Loading Time(s): 2.3915
Forward Time(s): 0.9769
Backward Time(s): 0.7773
Update Time(s): 0.0053
Emb Update Time(s): 2.7791
#seeds: 6145
#inputs: 2204852
==========================================
Part 16, Epoch Time(s): 7.2587
Sampling Time(s): 0.3778
Loading Time(s): 2.4626
Forward Time(s): 0.8469
Backward Time(s): 0.7759
Update Time(s): 0.0058
Emb Update Time(s): 2.7775
#seeds: 6144
#inputs: 2215355
==========================================
Part 18, Epoch Time(s): 7.2605
Sampling Time(s): 0.3979
Loading Time(s): 2.4221
Forward Time(s): 0.8601
Backward Time(s): 0.7839
Update Time(s): 0.0053
Emb Update Time(s): 2.7784
#seeds: 6144
#inputs: 2208562
==========================================
Part 19, Epoch Time(s): 7.2580
Sampling Time(s): 0.3894
Loading Time(s): 2.5092
Forward Time(s): 0.8077
Backward Time(s): 0.7538
Update Time(s): 0.0070
Emb Update Time(s): 2.7770
#seeds: 6145
#inputs: 2211463
=====================
=====================
Part 20, Epoch Time(s): 7.2728
Sampling Time(s): 0.3708
Loading Time(s): 2.1880
Forward Time(s): 1.1338
Backward Time(s): 0.7835
Update Time(s): 0.0064
Emb Update Time(s): 2.7773
#seeds: 6144
#inputs: 2194834
==========================================
Part 21, Epoch Time(s): 7.2703
Sampling Time(s): 0.3440
Loading Time(s): 2.4377
Forward Time(s): 0.9118
Backward Time(s): 0.7805
Update Time(s): 0.0055
Emb Update Time(s): 2.7785
#seeds: 6144
#inputs: 2178000
=====================


=====================
Part 17, Epoch Time(s): 7.2631
Sampling Time(s): 0.3527
Loading Time(s): 2.4852
Forward Time(s): 0.8458
Backward Time(s): 0.7840
Update Time(s): 0.0056
Emb Update Time(s): 2.7775
#seeds: 6144
#inputs: 2195990
=====================


=====================
Part 23, Epoch Time(s): 7.2695
Sampling Time(s): 0.3794
Loading Time(s): 2.4758
Forward Time(s): 0.8348
Backward Time(s): 0.7830
Update Time(s): 0.0056
Emb Update Time(s): 2.7789
#seeds: 6144
#inputs: 2216954
=====================
=====================
Part 28, Epoch Time(s): 7.2740
Sampling Time(s): 0.3754
Loading Time(s): 2.5012
Forward Time(s): 0.8184
Backward Time(s): 0.7832
Update Time(s): 0.0052
Emb Update Time(s): 2.7787
#seeds: 6144
#inputs: 2247419
=====================
=====================
Part 30, Epoch Time(s): 7.2722
Sampling Time(s): 0.3616
Loading Time(s): 2.4081
Forward Time(s): 0.9232
Backward Time(s): 0.7831
Update Time(s): 0.0053
Emb Update Time(s): 2.7788
#seeds: 6144
#inputs: 2261324
==========================================
Part 26, Epoch Time(s): 7.2751
Sampling Time(s): 0.3730
Loading Time(s): 2.6634
Forward Time(s): 0.6594
Backward Time(s): 0.7833
Update Time(s): 0.0059
Emb Update Time(s): 2.7780
#seeds: 6144
#inputs: 2264483
==========================================
Part 25, Epoch Time(s): 7.2810
Sampling Time(s): 0.3558
Loading Time(s): 2.4411
Forward Time(s): 0.9299
Backward Time(s): 0.7581
Update Time(s): 0.0064
Emb Update Time(s): 2.7774
#seeds: 6144
#inputs: 2246402
==========================================
Part 24, Epoch Time(s): 7.2550
Sampling Time(s): 0.3521
Loading Time(s): 2.7863
Forward Time(s): 0.5795
Backward Time(s): 0.7411
Update Time(s): 0.0057
Emb Update Time(s): 2.7780
#seeds: 6144
#inputs: 2250474
=====================
=====================
Part 29, Epoch Time(s): 7.2547
Sampling Time(s): 0.3941
Loading Time(s): 2.6741
Forward Time(s): 0.6552
Backward Time(s): 0.7364
Update Time(s): 0.0057
Emb Update Time(s): 2.7771
#seeds: 6144
#inputs: 2261478
=====================
=====================
Part 27, Epoch Time(s): 7.2777
Sampling Time(s): 0.3214
Loading Time(s): 2.7296
Forward Time(s): 0.6924
Backward Time(s): 0.7374
Update Time(s): 0.0063
Emb Update Time(s): 2.7779
#seeds: 6145
#inputs: 2263147
=====================



=====================
Part 31, Epoch Time(s): 7.2739
Sampling Time(s): 0.4653
Loading Time(s): 2.6673
Forward Time(s): 0.5888
Backward Time(s): 0.7558
Update Time(s): 0.0058
Emb Update Time(s): 2.7786
#seeds: 6144
#inputs: 2243046
=====================
=====================
Part 11, Epoch Time(s): 7.2565
Sampling Time(s): 0.3551
Loading Time(s): 2.7726
Forward Time(s): 0.5649
Backward Time(s): 0.7673
Update Time(s): 0.0058
Emb Update Time(s): 2.7783
#seeds: 6145
#inputs: 2342351
==========================================
Part 12, Epoch Time(s): 7.2613
Sampling Time(s): 0.3962
Loading Time(s): 2.9523
Forward Time(s): 0.4357
Backward Time(s): 0.6831
Update Time(s): 0.0060
Emb Update Time(s): 2.7756
#seeds: 6144
#inputs: 2352880
==========================================
Part 9, Epoch Time(s): 7.2771
Sampling Time(s): 0.4531
Loading Time(s): 2.8053
Forward Time(s): 0.4782
Backward Time(s): 0.7459
Update Time(s): 0.0054
Emb Update Time(s): 2.7772
#seeds: 6144
#inputs: 2353413
==========================================
Part 8, Epoch Time(s): 7.2695
Sampling Time(s): 0.3626
Loading Time(s): 2.7609
Forward Time(s): 0.5720
Backward Time(s): 0.7795
Update Time(s): 0.0054
Emb Update Time(s): 2.7772
#seeds: 6145
#inputs: 2343833
==========================================
Part 15, Epoch Time(s): 7.2611
Sampling Time(s): 0.5856
Loading Time(s): 2.7755
Forward Time(s): 0.3964
Backward Time(s): 0.7087
Update Time(s): 0.0057
Emb Update Time(s): 2.7773
#seeds: 6144
#inputs: 2341739
=====================
=====================
Part 10, Epoch Time(s): 7.2823
Sampling Time(s): 0.3629
Loading Time(s): 2.5280
Forward Time(s): 0.8234
Backward Time(s): 0.7715
Update Time(s): 0.0058
Emb Update Time(s): 2.7779
#seeds: 6144
#inputs: 2332560
=====================
=====================
Part 13, Epoch Time(s): 7.2758
Sampling Time(s): 0.3700
Loading Time(s): 2.8328
Forward Time(s): 0.5370
Backward Time(s): 0.7407
Update Time(s): 0.0072
Emb Update Time(s): 2.7757
#seeds: 6144
#inputs: 2338070
=====================




=====================
Part 14, Epoch Time(s): 7.2762
Sampling Time(s): 0.3372
Loading Time(s): 2.6794
Forward Time(s): 0.6843
Backward Time(s): 0.7793
Update Time(s): 0.0055
Emb Update Time(s): 2.7785
#seeds: 6144
#inputs: 2352554
=====================
|V|=2449029, eval batch size: 100000
|V|=2449029, eval batch size: 100000
|V|=2449029, eval batch size: 100000
|V|=2449029, eval batch size: 100000
|V|=2449029, eval batch size: 100000
|V|=2449029, eval batch size: 100000
|V|=2449029, eval batch size: 100000
|V|=2449029, eval batch size: 100000
|V|=2449029, eval batch size: 100000
|V|=2449029, eval batch size: 100000
|V|=2449029, eval batch size: 100000
|V|=2449029, eval batch size: 100000
|V|=2449029, eval batch size: 100000
|V|=2449029, eval batch size: 100000
|V|=2449029, eval batch size: 100000
|V|=2449029, eval batch size: 100000
|V|=2449029, eval batch size: 100000
|V|=2449029, eval batch size: 100000
|V|=2449029, eval batch size: 100000
|V|=2449029, eval batch size: 100000
|V|=2449029, eval batch size: 100000
|V|=2449029, eval batch size: 100000
|V|=2449029, eval batch size: 100000
|V|=2449029, eval batch size: 100000
|V|=2449029, eval batch size: 100000
|V|=2449029, eval batch size: 100000
|V|=2449029, eval batch size: 100000
|V|=2449029, eval batch size: 100000
|V|=2449029, eval batch size: 100000
|V|=2449029, eval batch size: 100000
|V|=2449029, eval batch size: 100000
|V|=2449029, eval batch size: 100000
|V|=2449029, eval batch size: 100000
|V|=2449029, eval batch size: 100000
|V|=2449029, eval batch size: 100000
|V|=2449029, eval batch size: 100000
|V|=2449029, eval batch size: 100000
|V|=2449029, eval batch size: 100000
|V|=2449029, eval batch size: 100000
|V|=2449029, eval batch size: 100000
|V|=2449029, eval batch size: 100000
|V|=2449029, eval batch size: 100000
|V|=2449029, eval batch size: 100000
|V|=2449029, eval batch size: 100000
|V|=2449029, eval batch size: 100000
|V|=2449029, eval batch size: 100000
|V|=2449029, eval batch size: 100000
|V|=2449029, eval batch size: 100000
|V|=2449029, eval batch size: 100000
|V|=2449029, eval batch size: 100000
|V|=2449029, eval batch size: 100000
|V|=2449029, eval batch size: 100000
|V|=2449029, eval batch size: 100000
|V|=2449029, eval batch size: 100000
|V|=2449029, eval batch size: 100000
|V|=2449029, eval batch size: 100000
|V|=2449029, eval batch size: 100000
|V|=2449029, eval batch size: 100000
|V|=2449029, eval batch size: 100000
|V|=2449029, eval batch size: 100000
|V|=2449029, eval batch size: 100000
|V|=2449029, eval batch size: 100000
|V|=2449029, eval batch size: 100000
|V|=2449029, eval batch size: 100000
|V|=2449029, eval batch size: 100000
|V|=2449029, eval batch size: 100000
|V|=2449029, eval batch size: 100000
|V|=2449029, eval batch size: 100000
|V|=2449029, eval batch size: 100000
|V|=2449029, eval batch size: 100000
|V|=2449029, eval batch size: 100000
|V|=2449029, eval batch size: 100000
|V|=2449029, eval batch size: 100000|V|=2449029, eval batch size: 100000

|V|=2449029, eval batch size: 100000
|V|=2449029, eval batch size: 100000
|V|=2449029, eval batch size: 100000
|V|=2449029, eval batch size: 100000
|V|=2449029, eval batch size: 100000
|V|=2449029, eval batch size: 100000
|V|=2449029, eval batch size: 100000
|V|=2449029, eval batch size: 100000|V|=2449029, eval batch size: 100000
|V|=2449029, eval batch size: 100000

|V|=2449029, eval batch size: 100000
|V|=2449029, eval batch size: 100000
|V|=2449029, eval batch size: 100000
|V|=2449029, eval batch size: 100000
|V|=2449029, eval batch size: 100000
|V|=2449029, eval batch size: 100000
|V|=2449029, eval batch size: 100000
|V|=2449029, eval batch size: 100000
|V|=2449029, eval batch size: 100000|V|=2449029, eval batch size: 100000

|V|=2449029, eval batch size: 100000
|V|=2449029, eval batch size: 100000
|V|=2449029, eval batch size: 100000
|V|=2449029, eval batch size: 100000
|V|=2449029, eval batch size: 100000
|V|=2449029, eval batch size: 100000
|V|=2449029, eval batch size: 100000
|V|=2449029, eval batch size: 100000
|V|=2449029, eval batch size: 100000
|V|=2449029, eval batch size: 100000
|V|=2449029, eval batch size: 100000
|V|=2449029, eval batch size: 100000
|V|=2449029, eval batch size: 100000
|V|=2449029, eval batch size: 100000
|V|=2449029, eval batch size: 100000|V|=2449029, eval batch size: 100000
|V|=2449029, eval batch size: 100000
|V|=2449029, eval batch size: 100000
|V|=2449029, eval batch size: 100000

|V|=2449029, eval batch size: 100000
|V|=2449029, eval batch size: 100000
|V|=2449029, eval batch size: 100000
|V|=2449029, eval batch size: 100000
|V|=2449029, eval batch size: 100000
|V|=2449029, eval batch size: 100000
|V|=2449029, eval batch size: 100000
|V|=2449029, eval batch size: 100000
|V|=2449029, eval batch size: 100000
|V|=2449029, eval batch size: 100000
|V|=2449029, eval batch size: 100000
|V|=2449029, eval batch size: 100000
|V|=2449029, eval batch size: 100000
|V|=2449029, eval batch size: 100000
|V|=2449029, eval batch size: 100000
Part 3, Val Acc 0.9276, Test Acc 0.8172, time: 9.8124
Part 5, Val Acc 0.9203, Test Acc 0.8171, time: 9.8195
Part 12, Val Acc 0.8478, Test Acc 0.6890, time: 9.8207
Part 8, Val Acc 0.8698, Test Acc 0.6915, time: 9.8215
Part 6, Val Acc 0.9235, Test Acc 0.8160, time: 9.8228Part 1, Val Acc 0.9235, Test Acc 0.8181, time: 9.8228

Part 22, Val Acc 0.8511, Test Acc 0.6679, time: 9.8233
Part 4, Val Acc 0.9194, Test Acc 0.8185, time: 9.8236
Part 13, Val Acc 0.8706, Test Acc 0.6847, time: 9.8235
Part 7, Val Acc 0.9072, Test Acc 0.8188, time: 9.8239
Part 2, Val Acc 0.9138, Test Acc 0.8175, time: 9.8244
Part 11, Val Acc 0.8462, Test Acc 0.6892, time: 9.8247
Part 27, Val Acc 0.9097, Test Acc 0.6881, time: 9.8245
Part 0, Val Acc 0.9162, Test Acc 0.8162, time: 9.8253
Part 20, Val Acc 0.8682, Test Acc 0.6715, time: 9.8266
Part 10, Val Acc 0.8673, Test Acc 0.6884, time: 9.8265
Part 19, Val Acc 0.8470, Test Acc 0.6713, time: 9.8300
Part 9, Val Acc 0.8487, Test Acc 0.6871, time: 9.8309
Part 16, Val Acc 0.8592, Test Acc 0.6708, time: 9.8318
Part 17, Val Acc 0.8495, Test Acc 0.6724, time: 9.8346
Part 23, Val Acc 0.8649, Test Acc 0.6694, time: 9.8357
Part 18, Val Acc 0.8454, Test Acc 0.6719, time: 9.8379
Part 14, Val Acc 0.8430, Test Acc 0.6906, time: 9.8435
Part 31, Val Acc 0.9007, Test Acc 0.6866, time: 9.8438
Part 15, Val Acc 0.8592, Test Acc 0.6897, time: 9.8444
Part 21, Val Acc 0.8485, Test Acc 0.6707, time: 9.8447
Part 29, Val Acc 0.9056, Test Acc 0.6875, time: 9.8480
Part 24, Val Acc 0.8877, Test Acc 0.6854, time: 9.8490
Part 25, Val Acc 0.8828, Test Acc 0.6886, time: 9.8496
Part 26, Val Acc 0.8975, Test Acc 0.6883, time: 9.8530
Part 28, Val Acc 0.9040, Test Acc 0.6857, time: 9.8535
Part 30, Val Acc 0.8998, Test Acc 0.6859, time: 9.8581
All parts avg val acc 0.8821, test acc 0.7160
Part 2 | Epoch 00004 | Step 00000 | Loss 0.3236 | Train Acc 0.9210 | Speed (samples/sec) 831.0851 | GPU 2646.8 MB | time 1.305 sPart 1 | Epoch 00004 | Step 00000 | Loss 0.4260 | Train Acc 0.9070 | Speed (samples/sec) 831.1474 | GPU 2648.2 MB | time 1.307 s

Part 26 | Epoch 00004 | Step 00000 | Loss 0.4622 | Train Acc 0.8910 | Speed (samples/sec) 832.2952 | GPU 2688.3 MB | time 1.277 sPart 24 | Epoch 00004 | Step 00000 | Loss 0.4462 | Train Acc 0.9050 | Speed (samples/sec) 832.1042 | GPU 2698.0 MB | time 1.280 s

Part 9 | Epoch 00004 | Step 00000 | Loss 0.7561 | Train Acc 0.8340 | Speed (samples/sec) 831.3029 | GPU 2798.8 MB | time 1.299 s
Part 11 | Epoch 00004 | Step 00000 | Loss 0.6675 | Train Acc 0.8470 | Speed (samples/sec) 832.5775 | GPU 2775.5 MB | time 1.305 s
Part 8 | Epoch 00004 | Step 00000 | Loss 0.6447 | Train Acc 0.8410 | Speed (samples/sec) 832.1296 | GPU 2800.7 MB | time 1.308 s
Part 4 | Epoch 00004 | Step 00000 | Loss 0.4593 | Train Acc 0.8980 | Speed (samples/sec) 831.4163 | GPU 2648.0 MB | time 1.306 s
Part 0 | Epoch 00004 | Step 00000 | Loss 0.3807 | Train Acc 0.9210 | Speed (samples/sec) 833.2930 | GPU 2667.8 MB | time 1.271 s
Part 30 | Epoch 00004 | Step 00000 | Loss 0.5967 | Train Acc 0.8910 | Speed (samples/sec) 832.3072 | GPU 2707.7 MB | time 1.272 sPart 28 | Epoch 00004 | Step 00000 | Loss 0.4405 | Train Acc 0.9060 | Speed (samples/sec) 832.0092 | GPU 2700.1 MB | time 1.276 s

Part 27 | Epoch 00004 | Step 00000 | Loss 0.4364 | Train Acc 0.8910 | Speed (samples/sec) 831.4626 | GPU 2701.1 MB | time 1.305 s
Part 5 | Epoch 00004 | Step 00000 | Loss 0.3825 | Train Acc 0.9100 | Speed (samples/sec) 830.5688 | GPU 2653.7 MB | time 1.310 s
Part 29 | Epoch 00004 | Step 00000 | Loss 0.5224 | Train Acc 0.8770 | Speed (samples/sec) 832.1297 | GPU 2692.6 MB | time 1.281 s
Part 13 | Epoch 00004 | Step 00000 | Loss 0.6211 | Train Acc 0.8390 | Speed (samples/sec) 831.6513 | GPU 2774.1 MB | time 1.306 s
Part 12 | Epoch 00004 | Step 00000 | Loss 0.6793 | Train Acc 0.8450 | Speed (samples/sec) 831.3777 | GPU 2794.0 MB | time 1.309 s
Part 10 | Epoch 00004 | Step 00000 | Loss 0.6336 | Train Acc 0.8520 | Speed (samples/sec) 831.1335 | GPU 2788.3 MB | time 1.303 s
Part 14 | Epoch 00004 | Step 00000 | Loss 0.6705 | Train Acc 0.8640 | Speed (samples/sec) 831.6632 | GPU 2792.9 MB | time 1.286 s
Part 23 | Epoch 00004 | Step 00000 | Loss 0.6928 | Train Acc 0.8420 | Speed (samples/sec) 832.0804 | GPU 2659.9 MB | time 1.294 s
Part 21 | Epoch 00004 | Step 00000 | Loss 0.6755 | Train Acc 0.8490 | Speed (samples/sec) 831.4585 | GPU 2613.2 MB | time 1.285 s
Part 17 | Epoch 00004 | Step 00000 | Loss 0.7234 | Train Acc 0.8280 | Speed (samples/sec) 831.4443 | GPU 2666.2 MB | time 1.295 s
Part 25 | Epoch 00004 | Step 00000 | Loss 0.4864 | Train Acc 0.8920 | Speed (samples/sec) 831.6129 | GPU 2684.6 MB | time 1.280 s
Part 31 | Epoch 00004 | Step 00000 | Loss 0.5234 | Train Acc 0.8880 | Speed (samples/sec) 831.4538 | GPU 2699.2 MB | time 1.286 s
Part 15 | Epoch 00004 | Step 00000 | Loss 0.7056 | Train Acc 0.8450 | Speed (samples/sec) 831.7141 | GPU 2784.4 MB | time 1.285 s
Part 3 | Epoch 00004 | Step 00000 | Loss 0.3084 | Train Acc 0.9230 | Speed (samples/sec) 830.2682 | GPU 2627.7 MB | time 1.317 s
Part 6 | Epoch 00004 | Step 00000 | Loss 0.4124 | Train Acc 0.8970 | Speed (samples/sec) 831.0206 | GPU 2661.3 MB | time 1.307 s
Part 22 | Epoch 00004 | Step 00000 | Loss 0.7225 | Train Acc 0.8400 | Speed (samples/sec) 831.9823 | GPU 2654.2 MB | time 1.306 s
Part 16 | Epoch 00004 | Step 00000 | Loss 0.8214 | Train Acc 0.8230 | Speed (samples/sec) 831.7926 | GPU 2651.3 MB | time 1.298 s
Part 19 | Epoch 00004 | Step 00000 | Loss 0.8401 | Train Acc 0.8350 | Speed (samples/sec) 832.8493 | GPU 2654.2 MB | time 1.298 s
Part 7 | Epoch 00004 | Step 00000 | Loss 0.3848 | Train Acc 0.9110 | Speed (samples/sec) 831.1139 | GPU 2663.1 MB | time 1.306 s
Part 18 | Epoch 00004 | Step 00000 | Loss 0.7640 | Train Acc 0.8290 | Speed (samples/sec) 832.3466 | GPU 2655.5 MB | time 1.292 s
Part 20 | Epoch 00004 | Step 00000 | Loss 0.6924 | Train Acc 0.8570 | Speed (samples/sec) 831.5399 | GPU 2635.6 MB | time 1.303 s
Avg train acc 0.8718
=====================
Part 2, Epoch Time(s): 7.1884
Sampling Time(s): 0.3514
Loading Time(s): 2.5570
Forward Time(s): 0.6143
Backward Time(s): 0.7663
Update Time(s): 0.0053
Emb Update Time(s): 2.8811
#seeds: 6144
#inputs: 2213004
==========================================
Part 1, Epoch Time(s): 7.1900
Sampling Time(s): 0.3650
Loading Time(s): 2.4045
Forward Time(s): 0.7549
Backward Time(s): 0.7666
Update Time(s): 0.0054
Emb Update Time(s): 2.8809
#seeds: 6144
#inputs: 2200122
==========================================
Part 5, Epoch Time(s): 7.1932
Sampling Time(s): 0.3906
Loading Time(s): 2.4988
Forward Time(s): 0.6371
Backward Time(s): 0.7652
Update Time(s): 0.0055
Emb Update Time(s): 2.8825
#seeds: 6144
#inputs: 2210918
==========================================
Part 3, Epoch Time(s): 7.2000
Sampling Time(s): 0.4029
Loading Time(s): 2.4174
Forward Time(s): 0.7130
Backward Time(s): 0.7655
Update Time(s): 0.0056
Emb Update Time(s): 2.8820
#seeds: 6145
#inputs: 2194321
=====================
=====================
Part 6, Epoch Time(s): 7.1901
Sampling Time(s): 0.3701
Loading Time(s): 2.3168
Forward Time(s): 0.8363
Backward Time(s): 0.7650
Update Time(s): 0.0061
Emb Update Time(s): 2.8821
#seeds: 6144
#inputs: 2205179
==========================================
Part 4, Epoch Time(s): 7.1893
Sampling Time(s): 0.3860
Loading Time(s): 2.3644
Forward Time(s): 0.7726
Backward Time(s): 0.7653
Update Time(s): 0.0053
Emb Update Time(s): 2.8825
#seeds: 6145
#inputs: 2209298
=====================

=====================
Part 7, Epoch Time(s): 7.1889
Sampling Time(s): 0.4213
Loading Time(s): 2.3100
Forward Time(s): 0.7906
Backward Time(s): 0.7649
Update Time(s): 0.0064
Emb Update Time(s): 2.8820
#seeds: 6144
#inputs: 2189276
=====================
=====================
Part 0, Epoch Time(s): 7.1544
Sampling Time(s): 0.5036
Loading Time(s): 2.5790
Forward Time(s): 0.4610
Backward Time(s): 0.7103
Update Time(s): 0.0055
Emb Update Time(s): 2.8808
#seeds: 6144
#inputs: 2211941
=====================



=====================
Part 22, Epoch Time(s): 7.1894
Sampling Time(s): 0.3777
Loading Time(s): 2.1494
Forward Time(s): 0.9954
Backward Time(s): 0.7638
Update Time(s): 0.0055
Emb Update Time(s): 2.8841
#seeds: 6145
#inputs: 2202318
=====================
=====================
Part 19, Epoch Time(s): 7.1816
Sampling Time(s): 0.4176
Loading Time(s): 2.5059
Forward Time(s): 0.6260
Backward Time(s): 0.7294
Update Time(s): 0.0076
Emb Update Time(s): 2.8812
#seeds: 6145
#inputs: 2209554
==========================================
Part 23, Epoch Time(s): 7.1767
Sampling Time(s): 0.3929
Loading Time(s): 2.6741
Forward Time(s): 0.4814
Backward Time(s): 0.7269
Update Time(s): 0.0055
Emb Update Time(s): 2.8828
#seeds: 6144
#inputs: 2221048
==========================================
Part 18, Epoch Time(s): 7.1751
Sampling Time(s): 0.4141
Loading Time(s): 2.4320
Forward Time(s): 0.6615
Backward Time(s): 0.7645
Update Time(s): 0.0054
Emb Update Time(s): 2.8835
#seeds: 6144
#inputs: 2216240
==========================================
Part 20, Epoch Time(s): 7.1863
Sampling Time(s): 0.3439
Loading Time(s): 2.0949
Forward Time(s): 1.0797
Backward Time(s): 0.7644
Update Time(s): 0.0073
Emb Update Time(s): 2.8819
#seeds: 6144
#inputs: 2199625
==========================================
Part 16, Epoch Time(s): 7.1810
Sampling Time(s): 0.3762
Loading Time(s): 2.5687
Forward Time(s): 0.5711
Backward Time(s): 0.7636
Update Time(s): 0.0064
Emb Update Time(s): 2.8814
#seeds: 6144
#inputs: 2213327
=====================
=====================
Part 21, Epoch Time(s): 7.1683
Sampling Time(s): 0.4163
Loading Time(s): 2.4579
Forward Time(s): 0.6302
Backward Time(s): 0.7610
Update Time(s): 0.0057
Emb Update Time(s): 2.8835
#seeds: 6144
#inputs: 2174538
=====================
=====================
Part 17, Epoch Time(s): 7.1783
Sampling Time(s): 0.4112
Loading Time(s): 2.6158
Forward Time(s): 0.5306
Backward Time(s): 0.7186
Update Time(s): 0.0059
Emb Update Time(s): 2.8825
#seeds: 6144
#inputs: 2205968
=====================




=====================
Part 8, Epoch Time(s): 7.1913
Sampling Time(s): 0.3659
Loading Time(s): 2.7085
Forward Time(s): 0.4770
Backward Time(s): 0.7381
Update Time(s): 0.0055
Emb Update Time(s): 2.8835
#seeds: 6145
#inputs: 2337109
==========================================
Part 12, Epoch Time(s): 7.1919
Sampling Time(s): 0.3784
Loading Time(s): 2.5810
Forward Time(s): 0.5812
Backward Time(s): 0.7466
Update Time(s): 0.0058
Emb Update Time(s): 2.8851
#seeds: 6144
#inputs: 2344847
==========================================
Part 9, Epoch Time(s): 7.1816
Sampling Time(s): 0.3766
Loading Time(s): 2.8880
Forward Time(s): 0.3392
Backward Time(s): 0.6759
Update Time(s): 0.0059
Emb Update Time(s): 2.8834
#seeds: 6144
#inputs: 2351769
==========================================
Part 10, Epoch Time(s): 7.1860
Sampling Time(s): 0.3749
Loading Time(s): 2.6620
Forward Time(s): 0.5109
Backward Time(s): 0.7340
Update Time(s): 0.0065
Emb Update Time(s): 2.8845
#seeds: 6144
#inputs: 2325183
==========================================
Part 14, Epoch Time(s): 7.1687
Sampling Time(s): 0.3696
Loading Time(s): 2.7501
Forward Time(s): 0.4172
Backward Time(s): 0.7275
Update Time(s): 0.0060
Emb Update Time(s): 2.8853
#seeds: 6144
#inputs: 2355375
=====================
=====================
Part 13, Epoch Time(s): 7.1892
Sampling Time(s): 0.4019
Loading Time(s): 2.7169
Forward Time(s): 0.4727
Backward Time(s): 0.6921
Update Time(s): 0.0066
Emb Update Time(s): 2.8847
#seeds: 6144
#inputs: 2337632
=====================

=====================
Part 11, Epoch Time(s): 7.1881
Sampling Time(s): 0.4233
Loading Time(s): 2.7861
Forward Time(s): 0.3697
Backward Time(s): 0.7068
Update Time(s): 0.0059
Emb Update Time(s): 2.8831
#seeds: 6145
#inputs: 2341787
==========================================
Part 15, Epoch Time(s): 7.1684
Sampling Time(s): 0.4235
Loading Time(s): 2.7860
Forward Time(s): 0.3747
Backward Time(s): 0.6797
Update Time(s): 0.0056
Emb Update Time(s): 2.8856
#seeds: 6144
#inputs: 2340604
=====================




=====================
Part 24, Epoch Time(s): 7.1635
Sampling Time(s): 0.3857
Loading Time(s): 2.6547
Forward Time(s): 0.4797
Backward Time(s): 0.7414
Update Time(s): 0.0059
Emb Update Time(s): 2.8831
#seeds: 6144
#inputs: 2251796
==========================================
Part 28, Epoch Time(s): 7.1595
Sampling Time(s): 0.3358
Loading Time(s): 2.6407
Forward Time(s): 0.5629
Backward Time(s): 0.7186
Update Time(s): 0.0053
Emb Update Time(s): 2.8835
#seeds: 6144
#inputs: 2245771
==========================================
Part 25, Epoch Time(s): 7.1630
Sampling Time(s): 0.4710
Loading Time(s): 2.5083
Forward Time(s): 0.5422
Backward Time(s): 0.7391
Update Time(s): 0.0062
Emb Update Time(s): 2.8829
#seeds: 6144
#inputs: 2242002
==========================================
Part 26, Epoch Time(s): 7.1595
Sampling Time(s): 0.3648
Loading Time(s): 2.7748
Forward Time(s): 0.4049
Backward Time(s): 0.7140
Update Time(s): 0.0058
Emb Update Time(s): 2.8823
#seeds: 6144
#inputs: 2261086
==========================================
Part 27, Epoch Time(s): 7.1880
Sampling Time(s): 0.3424
Loading Time(s): 2.6325
Forward Time(s): 0.5459
Backward Time(s): 0.7646
Update Time(s): 0.0058
Emb Update Time(s): 2.8835
#seeds: 6145
#inputs: 2260289
==========================================
Part 30, Epoch Time(s): 7.1605
Sampling Time(s): 0.3622
Loading Time(s): 2.4744
Forward Time(s): 0.6510
Backward Time(s): 0.7642
Update Time(s): 0.0056
Emb Update Time(s): 2.8842
#seeds: 6144
#inputs: 2259926
=====================





=====================
Part 29, Epoch Time(s): 7.1647
Sampling Time(s): 0.3884
Loading Time(s): 2.5723
Forward Time(s): 0.5380
Backward Time(s): 0.7616
Update Time(s): 0.0085
Emb Update Time(s): 2.8819
#seeds: 6144
#inputs: 2265196
=====================
=====================
Part 31, Epoch Time(s): 7.1695
Sampling Time(s): 0.3991
Loading Time(s): 2.6930
Forward Time(s): 0.4118
Backward Time(s): 0.7607
Update Time(s): 0.0069
Emb Update Time(s): 2.8844
#seeds: 6144
#inputs: 2245013
=====================
|V|=2449029, eval batch size: 100000
|V|=2449029, eval batch size: 100000
|V|=2449029, eval batch size: 100000
|V|=2449029, eval batch size: 100000
|V|=2449029, eval batch size: 100000
|V|=2449029, eval batch size: 100000
|V|=2449029, eval batch size: 100000
|V|=2449029, eval batch size: 100000
|V|=2449029, eval batch size: 100000
|V|=2449029, eval batch size: 100000
|V|=2449029, eval batch size: 100000
|V|=2449029, eval batch size: 100000
|V|=2449029, eval batch size: 100000
|V|=2449029, eval batch size: 100000
|V|=2449029, eval batch size: 100000
|V|=2449029, eval batch size: 100000
|V|=2449029, eval batch size: 100000
|V|=2449029, eval batch size: 100000
|V|=2449029, eval batch size: 100000
|V|=2449029, eval batch size: 100000
|V|=2449029, eval batch size: 100000
|V|=2449029, eval batch size: 100000
|V|=2449029, eval batch size: 100000
|V|=2449029, eval batch size: 100000
|V|=2449029, eval batch size: 100000
|V|=2449029, eval batch size: 100000
|V|=2449029, eval batch size: 100000
|V|=2449029, eval batch size: 100000
|V|=2449029, eval batch size: 100000
|V|=2449029, eval batch size: 100000
|V|=2449029, eval batch size: 100000
|V|=2449029, eval batch size: 100000
|V|=2449029, eval batch size: 100000
|V|=2449029, eval batch size: 100000
|V|=2449029, eval batch size: 100000
|V|=2449029, eval batch size: 100000
|V|=2449029, eval batch size: 100000
|V|=2449029, eval batch size: 100000
|V|=2449029, eval batch size: 100000
|V|=2449029, eval batch size: 100000
|V|=2449029, eval batch size: 100000
|V|=2449029, eval batch size: 100000
|V|=2449029, eval batch size: 100000
|V|=2449029, eval batch size: 100000
|V|=2449029, eval batch size: 100000
|V|=2449029, eval batch size: 100000
|V|=2449029, eval batch size: 100000
|V|=2449029, eval batch size: 100000|V|=2449029, eval batch size: 100000
|V|=2449029, eval batch size: 100000

|V|=2449029, eval batch size: 100000
|V|=2449029, eval batch size: 100000
|V|=2449029, eval batch size: 100000
|V|=2449029, eval batch size: 100000
|V|=2449029, eval batch size: 100000
|V|=2449029, eval batch size: 100000
|V|=2449029, eval batch size: 100000
|V|=2449029, eval batch size: 100000
|V|=2449029, eval batch size: 100000
|V|=2449029, eval batch size: 100000
|V|=2449029, eval batch size: 100000
|V|=2449029, eval batch size: 100000
|V|=2449029, eval batch size: 100000
|V|=2449029, eval batch size: 100000
|V|=2449029, eval batch size: 100000
|V|=2449029, eval batch size: 100000
|V|=2449029, eval batch size: 100000
|V|=2449029, eval batch size: 100000
|V|=2449029, eval batch size: 100000
|V|=2449029, eval batch size: 100000
|V|=2449029, eval batch size: 100000
|V|=2449029, eval batch size: 100000
|V|=2449029, eval batch size: 100000
|V|=2449029, eval batch size: 100000
|V|=2449029, eval batch size: 100000
|V|=2449029, eval batch size: 100000
|V|=2449029, eval batch size: 100000
|V|=2449029, eval batch size: 100000
|V|=2449029, eval batch size: 100000
|V|=2449029, eval batch size: 100000
|V|=2449029, eval batch size: 100000
|V|=2449029, eval batch size: 100000
|V|=2449029, eval batch size: 100000
|V|=2449029, eval batch size: 100000
|V|=2449029, eval batch size: 100000
|V|=2449029, eval batch size: 100000
|V|=2449029, eval batch size: 100000
|V|=2449029, eval batch size: 100000
|V|=2449029, eval batch size: 100000
|V|=2449029, eval batch size: 100000
|V|=2449029, eval batch size: 100000
|V|=2449029, eval batch size: 100000
|V|=2449029, eval batch size: 100000
|V|=2449029, eval batch size: 100000
|V|=2449029, eval batch size: 100000
|V|=2449029, eval batch size: 100000
|V|=2449029, eval batch size: 100000
|V|=2449029, eval batch size: 100000
|V|=2449029, eval batch size: 100000|V|=2449029, eval batch size: 100000

|V|=2449029, eval batch size: 100000
|V|=2449029, eval batch size: 100000
|V|=2449029, eval batch size: 100000|V|=2449029, eval batch size: 100000

|V|=2449029, eval batch size: 100000
|V|=2449029, eval batch size: 100000
|V|=2449029, eval batch size: 100000
|V|=2449029, eval batch size: 100000
|V|=2449029, eval batch size: 100000
|V|=2449029, eval batch size: 100000
|V|=2449029, eval batch size: 100000
|V|=2449029, eval batch size: 100000
|V|=2449029, eval batch size: 100000
|V|=2449029, eval batch size: 100000
|V|=2449029, eval batch size: 100000
|V|=2449029, eval batch size: 100000
|V|=2449029, eval batch size: 100000
|V|=2449029, eval batch size: 100000
|V|=2449029, eval batch size: 100000
|V|=2449029, eval batch size: 100000
|V|=2449029, eval batch size: 100000
|V|=2449029, eval batch size: 100000
|V|=2449029, eval batch size: 100000
|V|=2449029, eval batch size: 100000
|V|=2449029, eval batch size: 100000
|V|=2449029, eval batch size: 100000
|V|=2449029, eval batch size: 100000
|V|=2449029, eval batch size: 100000
Part 6, Val Acc 0.9276, Test Acc 0.8234, time: 9.4770
Part 1, Val Acc 0.9292, Test Acc 0.8259, time: 9.4800
Part 20, Val Acc 0.8682, Test Acc 0.6538, time: 9.4833
Part 3, Val Acc 0.9325, Test Acc 0.8243, time: 9.4835
Part 5, Val Acc 0.9251, Test Acc 0.8236, time: 9.4846
Part 0, Val Acc 0.9284, Test Acc 0.8224, time: 9.4857
Part 4, Val Acc 0.9333, Test Acc 0.8249, time: 9.4863
Part 7, Val Acc 0.9178, Test Acc 0.8259, time: 9.4868
Part 11, Val Acc 0.8503, Test Acc 0.6994, time: 9.4872
Part 22, Val Acc 0.8519, Test Acc 0.6517, time: 9.4888
Part 2, Val Acc 0.9276, Test Acc 0.8242, time: 9.4890
Part 14, Val Acc 0.8625, Test Acc 0.7005, time: 9.4903
Part 25, Val Acc 0.8926, Test Acc 0.6849, time: 9.4920
Part 12, Val Acc 0.8495, Test Acc 0.6987, time: 9.4923
Part 31, Val Acc 0.9104, Test Acc 0.6816, time: 9.4936
Part 15, Val Acc 0.8731, Test Acc 0.6991, time: 9.4940
Part 27, Val Acc 0.9129, Test Acc 0.6844, time: 9.4957
Part 19, Val Acc 0.8527, Test Acc 0.6548, time: 9.4989
Part 16, Val Acc 0.8617, Test Acc 0.6533, time: 9.4999
Part 17, Val Acc 0.8592, Test Acc 0.6550, time: 9.5004
Part 21, Val Acc 0.8567, Test Acc 0.6528, time: 9.5006
Part 23, Val Acc 0.8706, Test Acc 0.6535, time: 9.5030
Part 9, Val Acc 0.8576, Test Acc 0.6964, time: 9.5040
Part 30, Val Acc 0.9015, Test Acc 0.6807, time: 9.5044
Part 24, Val Acc 0.8885, Test Acc 0.6805, time: 9.5045
Part 29, Val Acc 0.9097, Test Acc 0.6828, time: 9.5068
Part 10, Val Acc 0.8770, Test Acc 0.6983, time: 9.5087
Part 26, Val Acc 0.8991, Test Acc 0.6828, time: 9.5104
Part 28, Val Acc 0.9072, Test Acc 0.6811, time: 9.5116
Part 13, Val Acc 0.8723, Test Acc 0.6958, time: 9.5145
Part 18, Val Acc 0.8462, Test Acc 0.6550, time: 9.5160
Part 8, Val Acc 0.8869, Test Acc 0.6990, time: 9.5170
All parts avg val acc 0.8887, test acc 0.7147
Part 2 | Epoch 00005 | Step 00000 | Loss 0.3283 | Train Acc 0.9280 | Speed (samples/sec) 827.2546 | GPU 2652.9 MB | time 1.347 s
Part 6 | Epoch 00005 | Step 00000 | Loss 0.3379 | Train Acc 0.9280 | Speed (samples/sec) 827.0273 | GPU 2661.3 MB | time 1.359 s
Part 3 | Epoch 00005 | Step 00000 | Loss 0.3111 | Train Acc 0.9260 | Speed (samples/sec) 826.5960 | GPU 2627.7 MB | time 1.353 s
Part 1 | Epoch 00005 | Step 00000 | Loss 0.3556 | Train Acc 0.9110 | Speed (samples/sec) 827.1495 | GPU 2648.2 MB | time 1.356 s
Part 5 | Epoch 00005 | Step 00000 | Loss 0.2854 | Train Acc 0.9280 | Speed (samples/sec) 826.7874 | GPU 2653.7 MB | time 1.351 s
Part 4 | Epoch 00005 | Step 00000 | Loss 0.3341 | Train Acc 0.9220 | Speed (samples/sec) 827.5371 | GPU 2653.0 MB | time 1.350 s
Part 7 | Epoch 00005 | Step 00000 | Loss 0.3419 | Train Acc 0.9180 | Speed (samples/sec) 827.2593 | GPU 2663.1 MB | time 1.349 s
Part 30 | Epoch 00005 | Step 00000 | Loss 0.4180 | Train Acc 0.8880 | Speed (samples/sec) 828.4811 | GPU 2707.7 MB | time 1.332 s
Part 18 | Epoch 00005 | Step 00000 | Loss 0.6091 | Train Acc 0.8600 | Speed (samples/sec) 828.7347 | GPU 2655.5 MB | time 1.320 s
Part 23 | Epoch 00005 | Step 00000 | Loss 0.6142 | Train Acc 0.8350 | Speed (samples/sec) 828.2743 | GPU 2659.9 MB | time 1.333 s
Part 22 | Epoch 00005 | Step 00000 | Loss 0.7089 | Train Acc 0.8390 | Speed (samples/sec) 828.0355 | GPU 2654.2 MB | time 1.347 s
Part 19 | Epoch 00005 | Step 00000 | Loss 0.6099 | Train Acc 0.8520 | Speed (samples/sec) 828.8866 | GPU 2654.2 MB | time 1.337 s
Part 20 | Epoch 00005 | Step 00000 | Loss 0.6213 | Train Acc 0.8540 | Speed (samples/sec) 827.5458 | GPU 2642.6 MB | time 1.353 s
Part 16 | Epoch 00005 | Step 00000 | Loss 0.6874 | Train Acc 0.8490 | Speed (samples/sec) 828.0125 | GPU 2652.0 MB | time 1.336 sPart 17 | Epoch 00005 | Step 00000 | Loss 0.5987 | Train Acc 0.8510 | Speed (samples/sec) 827.7408 | GPU 2666.2 MB | time 1.336 s
Part 25 | Epoch 00005 | Step 00000 | Loss 0.4392 | Train Acc 0.9000 | Speed (samples/sec) 827.7296 | GPU 2684.6 MB | time 1.344 s

Part 28 | Epoch 00005 | Step 00000 | Loss 0.3896 | Train Acc 0.9020 | Speed (samples/sec) 828.3586 | GPU 2700.1 MB | time 1.325 s
Part 0 | Epoch 00005 | Step 00000 | Loss 0.3528 | Train Acc 0.9190 | Speed (samples/sec) 829.5106 | GPU 2667.8 MB | time 1.319 s
Part 21 | Epoch 00005 | Step 00000 | Loss 0.6410 | Train Acc 0.8400 | Speed (samples/sec) 827.7489 | GPU 2613.2 MB | time 1.336 s
Part 24 | Epoch 00005 | Step 00000 | Loss 0.4214 | Train Acc 0.9010 | Speed (samples/sec) 828.3215 | GPU 2698.0 MB | time 1.331 sPart 27 | Epoch 00005 | Step 00000 | Loss 0.3940 | Train Acc 0.9010 | Speed (samples/sec) 827.7340 | GPU 2701.1 MB | time 1.340 sPart 26 | Epoch 00005 | Step 00000 | Loss 0.4553 | Train Acc 0.8920 | Speed (samples/sec) 828.5716 | GPU 2688.3 MB | time 1.326 s


Part 13 | Epoch 00005 | Step 00000 | Loss 0.5911 | Train Acc 0.8530 | Speed (samples/sec) 828.1723 | GPU 2774.1 MB | time 1.321 s
Part 15 | Epoch 00005 | Step 00000 | Loss 0.5912 | Train Acc 0.8480 | Speed (samples/sec) 827.8378 | GPU 2784.4 MB | time 1.342 s
Part 11 | Epoch 00005 | Step 00000 | Loss 0.5705 | Train Acc 0.8610 | Speed (samples/sec) 828.4665 | GPU 2785.1 MB | time 1.349 s
Part 12 | Epoch 00005 | Step 00000 | Loss 0.5135 | Train Acc 0.8710 | Speed (samples/sec) 827.5598 | GPU 2794.0 MB | time 1.344 s
Part 10 | Epoch 00005 | Step 00000 | Loss 0.5581 | Train Acc 0.8650 | Speed (samples/sec) 827.6428 | GPU 2788.3 MB | time 1.327 sPart 14 | Epoch 00005 | Step 00000 | Loss 0.6200 | Train Acc 0.8430 | Speed (samples/sec) 827.7351 | GPU 2801.2 MB | time 1.346 s

Part 8 | Epoch 00005 | Step 00000 | Loss 0.5404 | Train Acc 0.8580 | Speed (samples/sec) 828.6131 | GPU 2800.7 MB | time 1.319 s
Part 9 | Epoch 00005 | Step 00000 | Loss 0.4939 | Train Acc 0.8680 | Speed (samples/sec) 827.6709 | GPU 2798.8 MB | time 1.332 s
Part 29 | Epoch 00005 | Step 00000 | Loss 0.4440 | Train Acc 0.8950 | Speed (samples/sec) 828.4103 | GPU 2692.6 MB | time 1.329 s
Part 31 | Epoch 00005 | Step 00000 | Loss 0.4385 | Train Acc 0.8870 | Speed (samples/sec) 827.6157 | GPU 2699.2 MB | time 1.343 s
Avg train acc 0.8810
=====================
Part 2, Epoch Time(s): 7.4136
Sampling Time(s): 0.3767
Loading Time(s): 2.5213
Forward Time(s): 0.8379
Backward Time(s): 0.7815
Update Time(s): 0.0053
Emb Update Time(s): 2.8850
#seeds: 6144
#inputs: 2213444
==========================================
Part 0, Epoch Time(s): 7.3848
Sampling Time(s): 0.3592
Loading Time(s): 2.6081
Forward Time(s): 0.7374
Backward Time(s): 0.7817
Update Time(s): 0.0072
Emb Update Time(s): 2.8837
#seeds: 6144
#inputs: 2214596
==========================================
Part 1, Epoch Time(s): 7.4224
Sampling Time(s): 0.3830
Loading Time(s): 2.3107
Forward Time(s): 1.0618
Backward Time(s): 0.7711
Update Time(s): 0.0054
Emb Update Time(s): 2.8848
#seeds: 6144
#inputs: 2198182
==========================================
Part 6, Epoch Time(s): 7.4253
Sampling Time(s): 0.3494
Loading Time(s): 2.3590
Forward Time(s): 1.0400
Backward Time(s): 0.7813
Update Time(s): 0.0060
Emb Update Time(s): 2.8843
#seeds: 6144
#inputs: 2205994
==========================================
Part 5, Epoch Time(s): 7.4178
Sampling Time(s): 0.3666
Loading Time(s): 2.6026
Forward Time(s): 0.7708
Backward Time(s): 0.7813
Update Time(s): 0.0059
Emb Update Time(s): 2.8847
#seeds: 6144
#inputs: 2212309
==========================================
Part 4, Epoch Time(s): 7.4162
Sampling Time(s): 0.3553
Loading Time(s): 2.5606
Forward Time(s): 0.8227
Backward Time(s): 0.7813
Update Time(s): 0.0056
Emb Update Time(s): 2.8849
#seeds: 6145
#inputs: 2204225
=====================

=====================
Part 7, Epoch Time(s): 7.4157
Sampling Time(s): 0.4066
Loading Time(s): 2.1772
Forward Time(s): 1.1538
Backward Time(s): 0.7815
Update Time(s): 0.0064
Emb Update Time(s): 2.8844
#seeds: 6144
#inputs: 2194197
=====================


=====================
Part 3, Epoch Time(s): 7.4190
Sampling Time(s): 0.3717
Loading Time(s): 2.3657
Forward Time(s): 1.0039
Backward Time(s): 0.7814
Update Time(s): 0.0056
Emb Update Time(s): 2.8849
#seeds: 6145
#inputs: 2194760
=====================


=====================
Part 16, Epoch Time(s): 7.4023
Sampling Time(s): 0.3742
Loading Time(s): 2.5061
Forward Time(s): 0.8705
Backward Time(s): 0.7553
Update Time(s): 0.0058
Emb Update Time(s): 2.8846
#seeds: 6144
#inputs: 2211975
==========================================
Part 18, Epoch Time(s): 7.3863
Sampling Time(s): 0.5335
Loading Time(s): 2.4548
Forward Time(s): 0.7388
Backward Time(s): 0.7627
Update Time(s): 0.0055
Emb Update Time(s): 2.8852
#seeds: 6144
#inputs: 2206032
==========================================
Part 21, Epoch Time(s): 7.4019
Sampling Time(s): 0.3739
Loading Time(s): 2.4487
Forward Time(s): 0.9017
Backward Time(s): 0.7807
Update Time(s): 0.0056
Emb Update Time(s): 2.8856
#seeds: 6144
#inputs: 2177175
=====================
=====================
Part 17, Epoch Time(s): 7.4019
Sampling Time(s): 0.3636
Loading Time(s): 2.5663
Forward Time(s): 0.8054
Backward Time(s): 0.7704
Update Time(s): 0.0061
Emb Update Time(s): 2.8844
#seeds: 6144
#inputs: 2199424
==========================================
Part 22, Epoch Time(s): 7.4136
Sampling Time(s): 0.3397
Loading Time(s): 2.2474
Forward Time(s): 1.1489
Backward Time(s): 0.7806
Update Time(s): 0.0054
Emb Update Time(s): 2.8860
#seeds: 6145
#inputs: 2199413
==========================================
Part 20, Epoch Time(s): 7.4191
Sampling Time(s): 0.3667
Loading Time(s): 2.3397
Forward Time(s): 1.0351
Backward Time(s): 0.7805
Update Time(s): 0.0056
Emb Update Time(s): 2.8858
#seeds: 6144
#inputs: 2201230
=====================


=====================
Part 19, Epoch Time(s): 7.4037
Sampling Time(s): 0.3576
Loading Time(s): 2.3531
Forward Time(s): 1.0151
Backward Time(s): 0.7809
Update Time(s): 0.0055
Emb Update Time(s): 2.8856
#seeds: 6145
#inputs: 2209432
=====================


=====================
Part 23, Epoch Time(s): 7.3997
Sampling Time(s): 0.3519
Loading Time(s): 2.6505
Forward Time(s): 0.7338
Backward Time(s): 0.7659
Update Time(s): 0.0059
Emb Update Time(s): 2.8859
#seeds: 6144
#inputs: 2219627
=====================
=====================
Part 28, Epoch Time(s): 7.3908
Sampling Time(s): 0.3401
Loading Time(s): 2.6373
Forward Time(s): 0.7540
Backward Time(s): 0.7610
Update Time(s): 0.0052
Emb Update Time(s): 2.8877
#seeds: 6144
#inputs: 2247851
==========================================
Part 25, Epoch Time(s): 7.4103
Sampling Time(s): 0.3955
Loading Time(s): 2.4570
Forward Time(s): 0.8799
Backward Time(s): 0.7803
Update Time(s): 0.0064
Emb Update Time(s): 2.8853
#seeds: 6144
#inputs: 2243290
==========================================
Part 30, Epoch Time(s): 7.3979
Sampling Time(s): 0.3237
Loading Time(s): 2.5570
Forward Time(s): 0.8399
Backward Time(s): 0.7793
Update Time(s): 0.0054
Emb Update Time(s): 2.8872
#seeds: 6144
#inputs: 2269148
==========================================
Part 24, Epoch Time(s): 7.3976
Sampling Time(s): 0.4008
Loading Time(s): 2.6370
Forward Time(s): 0.6832
Backward Time(s): 0.7790
Update Time(s): 0.0052
Emb Update Time(s): 2.8866
#seeds: 6144
#inputs: 2249446
==========================================
Part 26, Epoch Time(s): 7.3918
Sampling Time(s): 0.3363
Loading Time(s): 2.7742
Forward Time(s): 0.6035
Backward Time(s): 0.7798
Update Time(s): 0.0062
Emb Update Time(s): 2.8861
#seeds: 6144
#inputs: 2254101
==========================================
Part 27, Epoch Time(s): 7.4066
Sampling Time(s): 0.3464
Loading Time(s): 2.7341
Forward Time(s): 0.7064
Backward Time(s): 0.7216
Update Time(s): 0.0055
Emb Update Time(s): 2.8866
#seeds: 6145
#inputs: 2262874
=====================


=====================
Part 29, Epoch Time(s): 7.3950
Sampling Time(s): 0.3629
Loading Time(s): 2.5932
Forward Time(s): 0.7597
Backward Time(s): 0.7793
Update Time(s): 0.0080
Emb Update Time(s): 2.8855
#seeds: 6144
#inputs: 2264178
=====================



=====================
Part 31, Epoch Time(s): 7.4089
Sampling Time(s): 0.4109
Loading Time(s): 2.7848
Forward Time(s): 0.5738
Backward Time(s): 0.7395
Update Time(s): 0.0069
Emb Update Time(s): 2.8864
#seeds: 6144
#inputs: 2243321
=====================
=====================
Part 8, Epoch Time(s): 7.3851
Sampling Time(s): 0.3349
Loading Time(s): 2.7457
Forward Time(s): 0.6266
Backward Time(s): 0.7816
Update Time(s): 0.0052
Emb Update Time(s): 2.8851
#seeds: 6145
#inputs: 2337959
==========================================
Part 10, Epoch Time(s): 7.3934
Sampling Time(s): 0.3525
Loading Time(s): 2.6141
Forward Time(s): 0.7852
Backward Time(s): 0.7457
Update Time(s): 0.0057
Emb Update Time(s): 2.8839
#seeds: 6144
#inputs: 2328588
==========================================
Part 13, Epoch Time(s): 7.3878
Sampling Time(s): 0.3947
Loading Time(s): 2.7721
Forward Time(s): 0.5522
Backward Time(s): 0.7707
Update Time(s): 0.0060
Emb Update Time(s): 2.8860
#seeds: 6144
#inputs: 2339793
=====================

=====================
Part 14, Epoch Time(s): 7.4122
Sampling Time(s): 0.3867
Loading Time(s): 2.7084
Forward Time(s): 0.6390
Backward Time(s): 0.7804
Update Time(s): 0.0054
Emb Update Time(s): 2.8862
#seeds: 6144
#inputs: 2355340
=====================
=====================
Part 11, Epoch Time(s): 7.4154
Sampling Time(s): 0.3506
Loading Time(s): 2.7955
Forward Time(s): 0.6283
Backward Time(s): 0.7443
Update Time(s): 0.0056
Emb Update Time(s): 2.8846
#seeds: 6145
#inputs: 2341627
=====================
=====================
Part 9, Epoch Time(s): 7.3984
Sampling Time(s): 0.4154
Loading Time(s): 2.7668
Forward Time(s): 0.5836
Backward Time(s): 0.7368
Update Time(s): 0.0061
Emb Update Time(s): 2.8833
#seeds: 6144
#inputs: 2355250
=====================
=====================
Part 15, Epoch Time(s): 7.4087
Sampling Time(s): 0.3730
Loading Time(s): 2.6977
Forward Time(s): 0.6652
Backward Time(s): 0.7745
Update Time(s): 0.0056
Emb Update Time(s): 2.8865
#seeds: 6144
#inputs: 2343451
=====================

=====================
Part 12, Epoch Time(s): 7.4103
Sampling Time(s): 0.4052
Loading Time(s): 2.8386
Forward Time(s): 0.5253
Backward Time(s): 0.7441
Update Time(s): 0.0056
Emb Update Time(s): 2.8852
#seeds: 6144
#inputs: 2347397
=====================
|V|=2449029, eval batch size: 100000
|V|=2449029, eval batch size: 100000
|V|=2449029, eval batch size: 100000
|V|=2449029, eval batch size: 100000
|V|=2449029, eval batch size: 100000
|V|=2449029, eval batch size: 100000
|V|=2449029, eval batch size: 100000
|V|=2449029, eval batch size: 100000
|V|=2449029, eval batch size: 100000
|V|=2449029, eval batch size: 100000
|V|=2449029, eval batch size: 100000
|V|=2449029, eval batch size: 100000
|V|=2449029, eval batch size: 100000
|V|=2449029, eval batch size: 100000
|V|=2449029, eval batch size: 100000
|V|=2449029, eval batch size: 100000
|V|=2449029, eval batch size: 100000
|V|=2449029, eval batch size: 100000
|V|=2449029, eval batch size: 100000
|V|=2449029, eval batch size: 100000
|V|=2449029, eval batch size: 100000
|V|=2449029, eval batch size: 100000
|V|=2449029, eval batch size: 100000
|V|=2449029, eval batch size: 100000
|V|=2449029, eval batch size: 100000
|V|=2449029, eval batch size: 100000
|V|=2449029, eval batch size: 100000
|V|=2449029, eval batch size: 100000
|V|=2449029, eval batch size: 100000
|V|=2449029, eval batch size: 100000
|V|=2449029, eval batch size: 100000
|V|=2449029, eval batch size: 100000
|V|=2449029, eval batch size: 100000
|V|=2449029, eval batch size: 100000
|V|=2449029, eval batch size: 100000
|V|=2449029, eval batch size: 100000
|V|=2449029, eval batch size: 100000
|V|=2449029, eval batch size: 100000
|V|=2449029, eval batch size: 100000
|V|=2449029, eval batch size: 100000
|V|=2449029, eval batch size: 100000
|V|=2449029, eval batch size: 100000
|V|=2449029, eval batch size: 100000
|V|=2449029, eval batch size: 100000
|V|=2449029, eval batch size: 100000
|V|=2449029, eval batch size: 100000
|V|=2449029, eval batch size: 100000
|V|=2449029, eval batch size: 100000
|V|=2449029, eval batch size: 100000
|V|=2449029, eval batch size: 100000
|V|=2449029, eval batch size: 100000
|V|=2449029, eval batch size: 100000
|V|=2449029, eval batch size: 100000
|V|=2449029, eval batch size: 100000
|V|=2449029, eval batch size: 100000
|V|=2449029, eval batch size: 100000
|V|=2449029, eval batch size: 100000
|V|=2449029, eval batch size: 100000
|V|=2449029, eval batch size: 100000
|V|=2449029, eval batch size: 100000
|V|=2449029, eval batch size: 100000
|V|=2449029, eval batch size: 100000
|V|=2449029, eval batch size: 100000
|V|=2449029, eval batch size: 100000
|V|=2449029, eval batch size: 100000
|V|=2449029, eval batch size: 100000
|V|=2449029, eval batch size: 100000
|V|=2449029, eval batch size: 100000
|V|=2449029, eval batch size: 100000
|V|=2449029, eval batch size: 100000
|V|=2449029, eval batch size: 100000
|V|=2449029, eval batch size: 100000
|V|=2449029, eval batch size: 100000
|V|=2449029, eval batch size: 100000
|V|=2449029, eval batch size: 100000
|V|=2449029, eval batch size: 100000
|V|=2449029, eval batch size: 100000
|V|=2449029, eval batch size: 100000
|V|=2449029, eval batch size: 100000
|V|=2449029, eval batch size: 100000
|V|=2449029, eval batch size: 100000
|V|=2449029, eval batch size: 100000
|V|=2449029, eval batch size: 100000
|V|=2449029, eval batch size: 100000
|V|=2449029, eval batch size: 100000
|V|=2449029, eval batch size: 100000
|V|=2449029, eval batch size: 100000
|V|=2449029, eval batch size: 100000
|V|=2449029, eval batch size: 100000
|V|=2449029, eval batch size: 100000
|V|=2449029, eval batch size: 100000
|V|=2449029, eval batch size: 100000
|V|=2449029, eval batch size: 100000
|V|=2449029, eval batch size: 100000
|V|=2449029, eval batch size: 100000
|V|=2449029, eval batch size: 100000
|V|=2449029, eval batch size: 100000
|V|=2449029, eval batch size: 100000
|V|=2449029, eval batch size: 100000
|V|=2449029, eval batch size: 100000
|V|=2449029, eval batch size: 100000
|V|=2449029, eval batch size: 100000
|V|=2449029, eval batch size: 100000
|V|=2449029, eval batch size: 100000
|V|=2449029, eval batch size: 100000
|V|=2449029, eval batch size: 100000
|V|=2449029, eval batch size: 100000
|V|=2449029, eval batch size: 100000
|V|=2449029, eval batch size: 100000
|V|=2449029, eval batch size: 100000
|V|=2449029, eval batch size: 100000
|V|=2449029, eval batch size: 100000
|V|=2449029, eval batch size: 100000
|V|=2449029, eval batch size: 100000
|V|=2449029, eval batch size: 100000
|V|=2449029, eval batch size: 100000
|V|=2449029, eval batch size: 100000
|V|=2449029, eval batch size: 100000
|V|=2449029, eval batch size: 100000
|V|=2449029, eval batch size: 100000
|V|=2449029, eval batch size: 100000
|V|=2449029, eval batch size: 100000
|V|=2449029, eval batch size: 100000
|V|=2449029, eval batch size: 100000
|V|=2449029, eval batch size: 100000
|V|=2449029, eval batch size: 100000
|V|=2449029, eval batch size: 100000
|V|=2449029, eval batch size: 100000
Part 1, Val Acc 0.9357, Test Acc 0.8307, time: 9.4229
Part 6, Val Acc 0.9325, Test Acc 0.8279, time: 9.4254
Part 31, Val Acc 0.9121, Test Acc 0.6905, time: 9.4365
Part 2, Val Acc 0.9276, Test Acc 0.8286, time: 9.4380
Part 20, Val Acc 0.8779, Test Acc 0.6834, time: 9.4393
Part 0, Val Acc 0.9317, Test Acc 0.8274, time: 9.4440
Part 30, Val Acc 0.9088, Test Acc 0.6908, time: 9.4439
Part 8, Val Acc 0.8893, Test Acc 0.7183, time: 9.4440
Part 4, Val Acc 0.9373, Test Acc 0.8298, time: 9.4449
Part 3, Val Acc 0.9365, Test Acc 0.8302, time: 9.4472
Part 5, Val Acc 0.9292, Test Acc 0.8288, time: 9.4475
Part 29, Val Acc 0.9138, Test Acc 0.6927, time: 9.4483
Part 28, Val Acc 0.9121, Test Acc 0.6914, time: 9.4488
Part 25, Val Acc 0.8967, Test Acc 0.6934, time: 9.4488
Part 22, Val Acc 0.8592, Test Acc 0.6806, time: 9.4491
Part 19, Val Acc 0.8600, Test Acc 0.6834, time: 9.4499
Part 24, Val Acc 0.8893, Test Acc 0.6912, time: 9.4514
Part 27, Val Acc 0.9186, Test Acc 0.6933, time: 9.4522
Part 18, Val Acc 0.8584, Test Acc 0.6833, time: 9.4530
Part 23, Val Acc 0.8804, Test Acc 0.6823, time: 9.4547
Part 26, Val Acc 0.9056, Test Acc 0.6919, time: 9.4566
Part 11, Val Acc 0.8519, Test Acc 0.7192, time: 9.4572
Part 7, Val Acc 0.9194, Test Acc 0.8301, time: 9.4574
Part 16, Val Acc 0.8706, Test Acc 0.6826, time: 9.4575
Part 14, Val Acc 0.8657, Test Acc 0.7188, time: 9.4590
Part 21, Val Acc 0.8648, Test Acc 0.6825, time: 9.4606
Part 9, Val Acc 0.8584, Test Acc 0.7158, time: 9.4607
Part 17, Val Acc 0.8649, Test Acc 0.6828, time: 9.4614
Part 10, Val Acc 0.8827, Test Acc 0.7160, time: 9.4633
Part 15, Val Acc 0.8804, Test Acc 0.7183, time: 9.4699
Part 13, Val Acc 0.8755, Test Acc 0.7151, time: 9.4706
Part 12, Val Acc 0.8666, Test Acc 0.7169, time: 9.4791
All parts avg val acc 0.8942, test acc 0.7302
Part 2 | Epoch 00006 | Step 00000 | Loss 0.2555 | Train Acc 0.9350 | Speed (samples/sec) 821.4692 | GPU 2652.9 MB | time 1.345 s
Part 6 | Epoch 00006 | Step 00000 | Loss 0.2887 | Train Acc 0.9270 | Speed (samples/sec) 821.1046 | GPU 2661.3 MB | time 1.358 s
Part 4 | Epoch 00006 | Step 00000 | Loss 0.3115 | Train Acc 0.9190 | Speed (samples/sec) 821.8453 | GPU 2653.0 MB | time 1.339 s
Part 1 | Epoch 00006 | Step 00000 | Loss 0.3107 | Train Acc 0.9260 | Speed (samples/sec) 821.1742 | GPU 2648.2 MB | time 1.361 s
Part 7 | Epoch 00006 | Step 00000 | Loss 0.2860 | Train Acc 0.9300 | Speed (samples/sec) 821.7523 | GPU 2663.1 MB | time 1.326 s
Part 3 | Epoch 00006 | Step 00000 | Loss 0.2961 | Train Acc 0.9260 | Speed (samples/sec) 821.1030 | GPU 2627.7 MB | time 1.336 s
Part 5 | Epoch 00006 | Step 00000 | Loss 0.3040 | Train Acc 0.9230 | Speed (samples/sec) 821.2211 | GPU 2653.7 MB | time 1.336 s
Part 0 | Epoch 00006 | Step 00000 | Loss 0.3636 | Train Acc 0.9050 | Speed (samples/sec) 823.9631 | GPU 2667.8 MB | time 1.304 s
Part 30 | Epoch 00006 | Step 00000 | Loss 0.4288 | Train Acc 0.8900 | Speed (samples/sec) 822.5631 | GPU 2707.7 MB | time 1.340 s
Part 25 | Epoch 00006 | Step 00000 | Loss 0.4552 | Train Acc 0.8870 | Speed (samples/sec) 822.0160 | GPU 2684.6 MB | time 1.335 s
Part 28 | Epoch 00006 | Step 00000 | Loss 0.3691 | Train Acc 0.9020 | Speed (samples/sec) 822.5342 | GPU 2700.1 MB | time 1.335 s
Part 16 | Epoch 00006 | Step 00000 | Loss 0.5928 | Train Acc 0.8420 | Speed (samples/sec) 822.3700 | GPU 2652.0 MB | time 1.326 sPart 23 | Epoch 00006 | Step 00000 | Loss 0.5229 | Train Acc 0.8700 | Speed (samples/sec) 822.5489 | GPU 2659.9 MB | time 1.329 s
Part 21 | Epoch 00006 | Step 00000 | Loss 0.5608 | Train Acc 0.8550 | Speed (samples/sec) 822.1967 | GPU 2613.2 MB | time 1.323 s

Part 19 | Epoch 00006 | Step 00000 | Loss 0.5679 | Train Acc 0.8490 | Speed (samples/sec) 823.0307 | GPU 2654.2 MB | time 1.334 sPart 17 | Epoch 00006 | Step 00000 | Loss 0.6515 | Train Acc 0.8590 | Speed (samples/sec) 822.1983 | GPU 2666.2 MB | time 1.322 s

Part 22 | Epoch 00006 | Step 00000 | Loss 0.5760 | Train Acc 0.8570 | Speed (samples/sec) 822.3124 | GPU 2654.2 MB | time 1.335 sPart 18 | Epoch 00006 | Step 00000 | Loss 0.5877 | Train Acc 0.8520 | Speed (samples/sec) 822.8998 | GPU 2655.5 MB | time 1.331 s

Part 27 | Epoch 00006 | Step 00000 | Loss 0.3874 | Train Acc 0.9020 | Speed (samples/sec) 822.1211 | GPU 2701.1 MB | time 1.331 s
Part 20 | Epoch 00006 | Step 00000 | Loss 0.5894 | Train Acc 0.8520 | Speed (samples/sec) 821.7275 | GPU 2642.6 MB | time 1.345 s
Part 26 | Epoch 00006 | Step 00000 | Loss 0.3649 | Train Acc 0.9110 | Speed (samples/sec) 822.8204 | GPU 2688.3 MB | time 1.327 s
Part 24 | Epoch 00006 | Step 00000 | Loss 0.3837 | Train Acc 0.9140 | Speed (samples/sec) 822.5418 | GPU 2698.0 MB | time 1.332 s
Part 14 | Epoch 00006 | Step 00000 | Loss 0.5165 | Train Acc 0.8610 | Speed (samples/sec) 822.1652 | GPU 2801.2 MB | time 1.325 sPart 15 | Epoch 00006 | Step 00000 | Loss 0.5263 | Train Acc 0.8640 | Speed (samples/sec) 822.3994 | GPU 2784.4 MB | time 1.314 s

Part 8 | Epoch 00006 | Step 00000 | Loss 0.5650 | Train Acc 0.8460 | Speed (samples/sec) 822.7248 | GPU 2800.7 MB | time 1.340 s
Part 29 | Epoch 00006 | Step 00000 | Loss 0.3839 | Train Acc 0.8950 | Speed (samples/sec) 822.5848 | GPU 2692.6 MB | time 1.335 s
Part 9 | Epoch 00006 | Step 00000 | Loss 0.5063 | Train Acc 0.8640 | Speed (samples/sec) 822.1409 | GPU 2798.8 MB | time 1.323 s
Part 31 | Epoch 00006 | Step 00000 | Loss 0.3998 | Train Acc 0.9030 | Speed (samples/sec) 821.7648 | GPU 2699.2 MB | time 1.347 s
Part 11 | Epoch 00006 | Step 00000 | Loss 0.5065 | Train Acc 0.8650 | Speed (samples/sec) 822.8008 | GPU 2785.1 MB | time 1.326 sPart 10 | Epoch 00006 | Step 00000 | Loss 0.5441 | Train Acc 0.8610 | Speed (samples/sec) 822.1563 | GPU 2788.3 MB | time 1.320 s

Part 12 | Epoch 00006 | Step 00000 | Loss 0.5160 | Train Acc 0.8720 | Speed (samples/sec) 822.3099 | GPU 2794.0 MB | time 1.305 s
Part 13 | Epoch 00006 | Step 00000 | Loss 0.4763 | Train Acc 0.8690 | Speed (samples/sec) 822.6909 | GPU 2774.1 MB | time 1.313 s
Avg train acc 0.8854
=====================
Part 2, Epoch Time(s): 7.3839
Sampling Time(s): 0.3349
Loading Time(s): 2.2709
Forward Time(s): 1.1049
Backward Time(s): 0.7804
Update Time(s): 0.0054
Emb Update Time(s): 2.8752
#seeds: 6144
#inputs: 2210637
==========================================
Part 1, Epoch Time(s): 7.3991
Sampling Time(s): 0.3682
Loading Time(s): 2.6786
Forward Time(s): 0.7429
Backward Time(s): 0.7170
Update Time(s): 0.0055
Emb Update Time(s): 2.8745
#seeds: 6144
#inputs: 2197885
==========================================
Part 3, Epoch Time(s): 7.3747
Sampling Time(s): 0.3673
Loading Time(s): 2.8064
Forward Time(s): 0.6181
Backward Time(s): 0.6925
Update Time(s): 0.0055
Emb Update Time(s): 2.8726
#seeds: 6145
#inputs: 2194555
==========================================
Part 4, Epoch Time(s): 7.3771
Sampling Time(s): 0.3709
Loading Time(s): 2.3507
Forward Time(s): 0.9825
Backward Time(s): 0.7801
Update Time(s): 0.0053
Emb Update Time(s): 2.8754
#seeds: 6145
#inputs: 2204498
=====================


=====================
Part 5, Epoch Time(s): 7.3744
Sampling Time(s): 0.3417
Loading Time(s): 2.6312
Forward Time(s): 0.7364
Backward Time(s): 0.7716
Update Time(s): 0.0059
Emb Update Time(s): 2.8753
#seeds: 6144
#inputs: 2215217
==========================================
Part 6, Epoch Time(s): 7.3965
Sampling Time(s): 0.3388
Loading Time(s): 2.2123
Forward Time(s): 1.1727
Backward Time(s): 0.7797
Update Time(s): 0.0063
Emb Update Time(s): 2.8748
#seeds: 6144
#inputs: 2209546
=====================
=====================
Part 0, Epoch Time(s): 7.3427
Sampling Time(s): 0.3703
Loading Time(s): 2.5277
Forward Time(s): 0.7683
Backward Time(s): 0.7807
Update Time(s): 0.0076
Emb Update Time(s): 2.8727
#seeds: 6144
#inputs: 2211882
=====================


=====================
Part 7, Epoch Time(s): 7.3645
Sampling Time(s): 0.4327
Loading Time(s): 2.3578
Forward Time(s): 0.8996
Backward Time(s): 0.7796
Update Time(s): 0.0070
Emb Update Time(s): 2.8760
#seeds: 6144
#inputs: 2193418
=====================
=====================
Part 21, Epoch Time(s): 7.3614
Sampling Time(s): 0.3576
Loading Time(s): 2.3648
Forward Time(s): 0.9658
Backward Time(s): 0.7792
Update Time(s): 0.0056
Emb Update Time(s): 2.8762
#seeds: 6144
#inputs: 2185067
==========================================
Part 22, Epoch Time(s): 7.3729
Sampling Time(s): 0.3382
Loading Time(s): 2.3038
Forward Time(s): 1.0576
Backward Time(s): 0.7790
Update Time(s): 0.0052
Emb Update Time(s): 2.8770
#seeds: 6145
#inputs: 2208933
==========================================
Part 19, Epoch Time(s): 7.3721
Sampling Time(s): 0.4003
Loading Time(s): 2.2767
Forward Time(s): 1.0211
Backward Time(s): 0.7792
Update Time(s): 0.0061
Emb Update Time(s): 2.8760
#seeds: 6145
#inputs: 2217195
==========================================
Part 16, Epoch Time(s): 7.3644
Sampling Time(s): 0.3704
Loading Time(s): 2.6030
Forward Time(s): 0.7171
Backward Time(s): 0.7799
Update Time(s): 0.0061
Emb Update Time(s): 2.8755
#seeds: 6144
#inputs: 2212090
==========================================
Part 20, Epoch Time(s): 7.3827
Sampling Time(s): 0.3679
Loading Time(s): 2.2609
Forward Time(s): 1.0800
Backward Time(s): 0.7791
Update Time(s): 0.0056
Emb Update Time(s): 2.8767
#seeds: 6144
#inputs: 2203001
==========================================
Part 18, Epoch Time(s): 7.3689
Sampling Time(s): 0.4183
Loading Time(s): 2.2781
Forward Time(s): 0.9988
Backward Time(s): 0.7792
Update Time(s): 0.0055
Emb Update Time(s): 2.8764
#seeds: 6144
#inputs: 2212035
==========================================
Part 17, Epoch Time(s): 7.3606
Sampling Time(s): 0.3516
Loading Time(s): 2.4588
Forward Time(s): 0.8765
Backward Time(s): 0.7796
Update Time(s): 0.0057
Emb Update Time(s): 2.8759
#seeds: 6144
#inputs: 2202704
=====================

=====================
Part 23, Epoch Time(s): 7.3670
Sampling Time(s): 0.3854
Loading Time(s): 2.4838
Forward Time(s): 0.8328
Backward Time(s): 0.7703
Update Time(s): 0.0055
Emb Update Time(s): 2.8766
#seeds: 6144
#inputs: 2222565
=====================





=====================
Part 27, Epoch Time(s): 7.3697
Sampling Time(s): 0.3341
Loading Time(s): 2.7456
Forward Time(s): 0.6304
Backward Time(s): 0.7649
Update Time(s): 0.0055
Emb Update Time(s): 2.8768
#seeds: 6145
#inputs: 2259995
==========================================
Part 24, Epoch Time(s): 7.3706
Sampling Time(s): 0.3580
Loading Time(s): 2.5950
Forward Time(s): 0.7436
Backward Time(s): 0.7798
Update Time(s): 0.0054
Emb Update Time(s): 2.8763
#seeds: 6144
#inputs: 2249040
==========================================
Part 28, Epoch Time(s): 7.3731
Sampling Time(s): 0.3758
Loading Time(s): 2.5001
Forward Time(s): 0.8235
Backward Time(s): 0.7790
Update Time(s): 0.0053
Emb Update Time(s): 2.8773
#seeds: 6144
#inputs: 2255438
==========================================
Part 26, Epoch Time(s): 7.3654
Sampling Time(s): 0.3813
Loading Time(s): 2.7289
Forward Time(s): 0.5958
Backward Time(s): 0.7649
Update Time(s): 0.0052
Emb Update Time(s): 2.8768
#seeds: 6144
#inputs: 2258957
==========================================
Part 30, Epoch Time(s): 7.3780
Sampling Time(s): 0.3444
Loading Time(s): 2.5487
Forward Time(s): 0.8111
Backward Time(s): 0.7787
Update Time(s): 0.0056
Emb Update Time(s): 2.8774
#seeds: 6144
#inputs: 2272997
=====================

=====================
Part 25, Epoch Time(s): 7.3731
Sampling Time(s): 0.3545
Loading Time(s): 2.4488
Forward Time(s): 0.8959
Backward Time(s): 0.7796
Update Time(s): 0.0062
Emb Update Time(s): 2.8758
#seeds: 6144
#inputs: 2251012
=====================


=====================
Part 29, Epoch Time(s): 7.3745
Sampling Time(s): 0.3926
Loading Time(s): 2.4726
Forward Time(s): 0.8340
Backward Time(s): 0.7788
Update Time(s): 0.0063
Emb Update Time(s): 2.8764
#seeds: 6144
#inputs: 2268186
=====================

=====================
Part 31, Epoch Time(s): 7.3855
Sampling Time(s): 0.3826
Loading Time(s): 2.7909
Forward Time(s): 0.5704
Backward Time(s): 0.7442
Update Time(s): 0.0075
Emb Update Time(s): 2.8760
#seeds: 6144
#inputs: 2253499
=====================
=====================
Part 8, Epoch Time(s): 7.3779
Sampling Time(s): 0.3405
Loading Time(s): 2.5321
Forward Time(s): 0.8310
Backward Time(s): 0.7793
Update Time(s): 0.0054
Emb Update Time(s): 2.8770
#seeds: 6145
#inputs: 2342237
==========================================
Part 11, Epoch Time(s): 7.3638
Sampling Time(s): 0.4072
Loading Time(s): 2.7791
Forward Time(s): 0.5216
Backward Time(s): 0.7596
Update Time(s): 0.0056
Emb Update Time(s): 2.8773
#seeds: 6145
#inputs: 2345682
==========================================
Part 12, Epoch Time(s): 7.3424
Sampling Time(s): 0.3972
Loading Time(s): 2.7845
Forward Time(s): 0.5642
Backward Time(s): 0.7026
Update Time(s): 0.0066
Emb Update Time(s): 2.8741
#seeds: 6144
#inputs: 2354028
==========================================
Part 15, Epoch Time(s): 7.3521
Sampling Time(s): 0.3698
Loading Time(s): 2.6842
Forward Time(s): 0.6553
Backward Time(s): 0.7468
Update Time(s): 0.0055
Emb Update Time(s): 2.8782
#seeds: 6144
#inputs: 2346694
==========================================
Part 10, Epoch Time(s): 7.3583
Sampling Time(s): 0.3706
Loading Time(s): 2.3952
Forward Time(s): 0.9171
Backward Time(s): 0.7789
Update Time(s): 0.0062
Emb Update Time(s): 2.8768
#seeds: 6144
#inputs: 2336952
==========================================
Part 13, Epoch Time(s): 7.3513
Sampling Time(s): 0.4300
Loading Time(s): 2.7940
Forward Time(s): 0.5082
Backward Time(s): 0.7223
Update Time(s): 0.0065
Emb Update Time(s): 2.8763
#seeds: 6144
#inputs: 2335044
==========================================
Part 14, Epoch Time(s): 7.3627
Sampling Time(s): 0.3830
Loading Time(s): 2.8419
Forward Time(s): 0.4828
Backward Time(s): 0.7590
Update Time(s): 0.0055
Emb Update Time(s): 2.8781
#seeds: 6144
#inputs: 2350938
=====================
=====================
Part 9, Epoch Time(s): 7.3609
Sampling Time(s): 0.3663
Loading Time(s): 2.7478
Forward Time(s): 0.6021
Backward Time(s): 0.7484
Update Time(s): 0.0064
Emb Update Time(s): 2.8768
#seeds: 6144
#inputs: 2354160
=====================






|V|=2449029, eval batch size: 100000
|V|=2449029, eval batch size: 100000
|V|=2449029, eval batch size: 100000
|V|=2449029, eval batch size: 100000
|V|=2449029, eval batch size: 100000
|V|=2449029, eval batch size: 100000
|V|=2449029, eval batch size: 100000
|V|=2449029, eval batch size: 100000
|V|=2449029, eval batch size: 100000
|V|=2449029, eval batch size: 100000
|V|=2449029, eval batch size: 100000
|V|=2449029, eval batch size: 100000
|V|=2449029, eval batch size: 100000
|V|=2449029, eval batch size: 100000
|V|=2449029, eval batch size: 100000
|V|=2449029, eval batch size: 100000
|V|=2449029, eval batch size: 100000
|V|=2449029, eval batch size: 100000
|V|=2449029, eval batch size: 100000
|V|=2449029, eval batch size: 100000
|V|=2449029, eval batch size: 100000
|V|=2449029, eval batch size: 100000
|V|=2449029, eval batch size: 100000
|V|=2449029, eval batch size: 100000
|V|=2449029, eval batch size: 100000
|V|=2449029, eval batch size: 100000
|V|=2449029, eval batch size: 100000
|V|=2449029, eval batch size: 100000
|V|=2449029, eval batch size: 100000
|V|=2449029, eval batch size: 100000
|V|=2449029, eval batch size: 100000
|V|=2449029, eval batch size: 100000
|V|=2449029, eval batch size: 100000
|V|=2449029, eval batch size: 100000
|V|=2449029, eval batch size: 100000
|V|=2449029, eval batch size: 100000
|V|=2449029, eval batch size: 100000
|V|=2449029, eval batch size: 100000
|V|=2449029, eval batch size: 100000
|V|=2449029, eval batch size: 100000
|V|=2449029, eval batch size: 100000
|V|=2449029, eval batch size: 100000
|V|=2449029, eval batch size: 100000
|V|=2449029, eval batch size: 100000
|V|=2449029, eval batch size: 100000
|V|=2449029, eval batch size: 100000
|V|=2449029, eval batch size: 100000
|V|=2449029, eval batch size: 100000
|V|=2449029, eval batch size: 100000
|V|=2449029, eval batch size: 100000
|V|=2449029, eval batch size: 100000
|V|=2449029, eval batch size: 100000
|V|=2449029, eval batch size: 100000
|V|=2449029, eval batch size: 100000
|V|=2449029, eval batch size: 100000
|V|=2449029, eval batch size: 100000
|V|=2449029, eval batch size: 100000
|V|=2449029, eval batch size: 100000
|V|=2449029, eval batch size: 100000
|V|=2449029, eval batch size: 100000
|V|=2449029, eval batch size: 100000
|V|=2449029, eval batch size: 100000
|V|=2449029, eval batch size: 100000
|V|=2449029, eval batch size: 100000
|V|=2449029, eval batch size: 100000
|V|=2449029, eval batch size: 100000
|V|=2449029, eval batch size: 100000
|V|=2449029, eval batch size: 100000
|V|=2449029, eval batch size: 100000
|V|=2449029, eval batch size: 100000
|V|=2449029, eval batch size: 100000
|V|=2449029, eval batch size: 100000
|V|=2449029, eval batch size: 100000
|V|=2449029, eval batch size: 100000
|V|=2449029, eval batch size: 100000
|V|=2449029, eval batch size: 100000
|V|=2449029, eval batch size: 100000
|V|=2449029, eval batch size: 100000
|V|=2449029, eval batch size: 100000
|V|=2449029, eval batch size: 100000
|V|=2449029, eval batch size: 100000
|V|=2449029, eval batch size: 100000
|V|=2449029, eval batch size: 100000
|V|=2449029, eval batch size: 100000
|V|=2449029, eval batch size: 100000
|V|=2449029, eval batch size: 100000
|V|=2449029, eval batch size: 100000
|V|=2449029, eval batch size: 100000|V|=2449029, eval batch size: 100000

|V|=2449029, eval batch size: 100000
|V|=2449029, eval batch size: 100000
|V|=2449029, eval batch size: 100000
|V|=2449029, eval batch size: 100000
|V|=2449029, eval batch size: 100000
|V|=2449029, eval batch size: 100000
|V|=2449029, eval batch size: 100000
|V|=2449029, eval batch size: 100000
|V|=2449029, eval batch size: 100000
|V|=2449029, eval batch size: 100000
|V|=2449029, eval batch size: 100000
|V|=2449029, eval batch size: 100000
|V|=2449029, eval batch size: 100000
|V|=2449029, eval batch size: 100000
|V|=2449029, eval batch size: 100000
|V|=2449029, eval batch size: 100000
|V|=2449029, eval batch size: 100000
|V|=2449029, eval batch size: 100000
|V|=2449029, eval batch size: 100000
|V|=2449029, eval batch size: 100000
|V|=2449029, eval batch size: 100000
|V|=2449029, eval batch size: 100000
|V|=2449029, eval batch size: 100000
|V|=2449029, eval batch size: 100000
|V|=2449029, eval batch size: 100000
|V|=2449029, eval batch size: 100000
|V|=2449029, eval batch size: 100000
|V|=2449029, eval batch size: 100000
|V|=2449029, eval batch size: 100000
|V|=2449029, eval batch size: 100000
|V|=2449029, eval batch size: 100000
|V|=2449029, eval batch size: 100000
|V|=2449029, eval batch size: 100000
|V|=2449029, eval batch size: 100000
|V|=2449029, eval batch size: 100000|V|=2449029, eval batch size: 100000

|V|=2449029, eval batch size: 100000
|V|=2449029, eval batch size: 100000
|V|=2449029, eval batch size: 100000
Part 6, Val Acc 0.9382, Test Acc 0.8308, time: 9.5147
Part 1, Val Acc 0.9365, Test Acc 0.8338, time: 9.5170
Part 2, Val Acc 0.9300, Test Acc 0.8313, time: 9.5223
Part 9, Val Acc 0.8649, Test Acc 0.7182, time: 9.5342
Part 27, Val Acc 0.9203, Test Acc 0.7059, time: 9.5347
Part 15, Val Acc 0.8788, Test Acc 0.7209, time: 9.5353
Part 24, Val Acc 0.8926, Test Acc 0.7036, time: 9.5362
Part 22, Val Acc 0.8779, Test Acc 0.7042, time: 9.5369
Part 0, Val Acc 0.9317, Test Acc 0.8306, time: 9.5372
Part 3, Val Acc 0.9398, Test Acc 0.8326, time: 9.5376
Part 5, Val Acc 0.9325, Test Acc 0.8318, time: 9.5395
Part 12, Val Acc 0.8755, Test Acc 0.7196, time: 9.5402
Part 29, Val Acc 0.9154, Test Acc 0.7061, time: 9.5409
Part 28, Val Acc 0.9113, Test Acc 0.7044, time: 9.5410
Part 4, Val Acc 0.9422, Test Acc 0.8322, time: 9.5420
Part 30, Val Acc 0.9112, Test Acc 0.7045, time: 9.5419
Part 13, Val Acc 0.8853, Test Acc 0.7186, time: 9.5427
Part 25, Val Acc 0.8991, Test Acc 0.7067, time: 9.5440
Part 20, Val Acc 0.8804, Test Acc 0.7067, time: 9.5451
Part 7, Val Acc 0.9219, Test Acc 0.8338, time: 9.5460
Part 19, Val Acc 0.8649, Test Acc 0.7070, time: 9.5469
Part 31, Val Acc 0.9153, Test Acc 0.7038, time: 9.5515
Part 17, Val Acc 0.8723, Test Acc 0.7070, time: 9.5516
Part 14, Val Acc 0.8698, Test Acc 0.7214, time: 9.5518
Part 23, Val Acc 0.8877, Test Acc 0.7062, time: 9.5535
Part 18, Val Acc 0.8714, Test Acc 0.7061, time: 9.5537
Part 11, Val Acc 0.8560, Test Acc 0.7213, time: 9.5544
Part 26, Val Acc 0.9113, Test Acc 0.7052, time: 9.5556
Part 16, Val Acc 0.8820, Test Acc 0.7064, time: 9.5559
Part 10, Val Acc 0.8836, Test Acc 0.7194, time: 9.5564
Part 21, Val Acc 0.8721, Test Acc 0.7065, time: 9.5607
Part 8, Val Acc 0.8942, Test Acc 0.7213, time: 9.5663
All parts avg val acc 0.8989, test acc 0.7409
Part 23 | Epoch 00007 | Step 00000 | Loss 0.5960 | Train Acc 0.8380 | Speed (samples/sec) 818.2391 | GPU 2659.9 MB | time 1.374 s
Part 30 | Epoch 00007 | Step 00000 | Loss 0.3986 | Train Acc 0.8950 | Speed (samples/sec) 818.1187 | GPU 2707.7 MB | time 1.386 s
Part 25 | Epoch 00007 | Step 00000 | Loss 0.3945 | Train Acc 0.9020 | Speed (samples/sec) 817.6929 | GPU 2696.3 MB | time 1.383 s
Part 28 | Epoch 00007 | Step 00000 | Loss 0.3685 | Train Acc 0.9120 | Speed (samples/sec) 818.0829 | GPU 2700.1 MB | time 1.387 s
Part 14 | Epoch 00007 | Step 00000 | Loss 0.4972 | Train Acc 0.8510 | Speed (samples/sec) 817.8930 | GPU 2801.2 MB | time 1.376 sPart 15 | Epoch 00007 | Step 00000 | Loss 0.5269 | Train Acc 0.8460 | Speed (samples/sec) 817.9076 | GPU 2784.4 MB | time 1.393 s

Part 11 | Epoch 00007 | Step 00000 | Loss 0.4620 | Train Acc 0.8740 | Speed (samples/sec) 818.5246 | GPU 2785.1 MB | time 1.374 s
Part 9 | Epoch 00007 | Step 00000 | Loss 0.4793 | Train Acc 0.8660 | Speed (samples/sec) 817.7042 | GPU 2798.8 MB | time 1.393 s
Part 26 | Epoch 00007 | Step 00000 | Loss 0.3723 | Train Acc 0.9080 | Speed (samples/sec) 818.4961 | GPU 2697.6 MB | time 1.372 sPart 24 | Epoch 00007 | Step 00000 | Loss 0.3299 | Train Acc 0.9170 | Speed (samples/sec) 818.0397 | GPU 2698.0 MB | time 1.392 sPart 31 | Epoch 00007 | Step 00000 | Loss 0.3771 | Train Acc 0.8970 | Speed (samples/sec) 817.5786 | GPU 2699.2 MB | time 1.376 s


Part 27 | Epoch 00007 | Step 00000 | Loss 0.3837 | Train Acc 0.9030 | Speed (samples/sec) 817.7068 | GPU 2706.5 MB | time 1.393 s
Part 29 | Epoch 00007 | Step 00000 | Loss 0.3891 | Train Acc 0.9020 | Speed (samples/sec) 818.1358 | GPU 2706.2 MB | time 1.387 s
Part 16 | Epoch 00007 | Step 00000 | Loss 0.5491 | Train Acc 0.8660 | Speed (samples/sec) 818.1150 | GPU 2652.0 MB | time 1.372 s
Part 19 | Epoch 00007 | Step 00000 | Loss 0.5290 | Train Acc 0.8600 | Speed (samples/sec) 818.6189 | GPU 2654.2 MB | time 1.381 s
Part 22 | Epoch 00007 | Step 00000 | Loss 0.5810 | Train Acc 0.8530 | Speed (samples/sec) 817.8939 | GPU 2654.2 MB | time 1.391 s
Part 21 | Epoch 00007 | Step 00000 | Loss 0.5321 | Train Acc 0.8660 | Speed (samples/sec) 818.0186 | GPU 2616.2 MB | time 1.367 s
Part 20 | Epoch 00007 | Step 00000 | Loss 0.6078 | Train Acc 0.8420 | Speed (samples/sec) 817.4518 | GPU 2642.6 MB | time 1.383 s
Part 17 | Epoch 00007 | Step 00000 | Loss 0.5052 | Train Acc 0.8670 | Speed (samples/sec) 817.9267 | GPU 2666.2 MB | time 1.376 s
Part 18 | Epoch 00007 | Step 00000 | Loss 0.5446 | Train Acc 0.8610 | Speed (samples/sec) 818.5440 | GPU 2655.5 MB | time 1.374 s
Part 2 | Epoch 00007 | Step 00000 | Loss 0.2768 | Train Acc 0.9260 | Speed (samples/sec) 816.9702 | GPU 2652.9 MB | time 1.406 s
Part 1 | Epoch 00007 | Step 00000 | Loss 0.2466 | Train Acc 0.9370 | Speed (samples/sec) 816.6684 | GPU 2648.2 MB | time 1.411 s
Part 3 | Epoch 00007 | Step 00000 | Loss 0.2893 | Train Acc 0.9260 | Speed (samples/sec) 816.8736 | GPU 2628.6 MB | time 1.390 s
Part 5 | Epoch 00007 | Step 00000 | Loss 0.2259 | Train Acc 0.9420 | Speed (samples/sec) 816.9529 | GPU 2653.7 MB | time 1.388 s
Part 0 | Epoch 00007 | Step 00000 | Loss 0.3138 | Train Acc 0.9230 | Speed (samples/sec) 819.6282 | GPU 2667.8 MB | time 1.361 s
Part 13 | Epoch 00007 | Step 00000 | Loss 0.4693 | Train Acc 0.8730 | Speed (samples/sec) 818.2674 | GPU 2774.1 MB | time 1.385 s
Part 8 | Epoch 00007 | Step 00000 | Loss 0.4283 | Train Acc 0.8730 | Speed (samples/sec) 818.5830 | GPU 2800.7 MB | time 1.361 s
Part 10 | Epoch 00007 | Step 00000 | Loss 0.4644 | Train Acc 0.8630 | Speed (samples/sec) 817.9638 | GPU 2788.3 MB | time 1.371 s
Part 12 | Epoch 00007 | Step 00000 | Loss 0.3982 | Train Acc 0.8790 | Speed (samples/sec) 817.9045 | GPU 2794.0 MB | time 1.388 s
Part 4 | Epoch 00007 | Step 00000 | Loss 0.3112 | Train Acc 0.9160 | Speed (samples/sec) 817.5484 | GPU 2653.0 MB | time 1.386 s
Part 6 | Epoch 00007 | Step 00000 | Loss 0.2886 | Train Acc 0.9310 | Speed (samples/sec) 816.5784 | GPU 2661.3 MB | time 1.413 s
Part 7 | Epoch 00007 | Step 00000 | Loss 0.2615 | Train Acc 0.9300 | Speed (samples/sec) 817.4741 | GPU 2663.1 MB | time 1.382 s
Avg train acc 0.8889
=====================
Part 2, Epoch Time(s): 7.4246
Sampling Time(s): 0.3075
Loading Time(s): 2.3548
Forward Time(s): 1.0512
Backward Time(s): 0.7810
Update Time(s): 0.0050
Emb Update Time(s): 2.9120
#seeds: 6144
#inputs: 2206189
==========================================
Part 6, Epoch Time(s): 7.4321
Sampling Time(s): 0.3148
Loading Time(s): 2.1831
Forward Time(s): 1.2221
Backward Time(s): 0.7804
Update Time(s): 0.0060
Emb Update Time(s): 2.9118
#seeds: 6144
#inputs: 2209330
==========================================
Part 3, Epoch Time(s): 7.4092
Sampling Time(s): 0.3465
Loading Time(s): 2.4608
Forward Time(s): 0.8909
Backward Time(s): 0.7810
Update Time(s): 0.0061
Emb Update Time(s): 2.9108
#seeds: 6145
#inputs: 2197744
==========================================
Part 5, Epoch Time(s): 7.4073
Sampling Time(s): 0.3801
Loading Time(s): 2.4654
Forward Time(s): 0.8506
Backward Time(s): 0.7807
Update Time(s): 0.0054
Emb Update Time(s): 2.9119
#seeds: 6144
#inputs: 2211239
=====================
=====================
Part 0, Epoch Time(s): 7.3800
Sampling Time(s): 0.5077
Loading Time(s): 2.4282
Forward Time(s): 0.7322
Backward Time(s): 0.7814
Update Time(s): 0.0057
Emb Update Time(s): 2.9109
#seeds: 6144
#inputs: 2212517
=====================
=====================
Part 4, Epoch Time(s): 7.4048
Sampling Time(s): 0.3492
Loading Time(s): 2.5346
Forward Time(s): 0.8094
Backward Time(s): 0.7808
Update Time(s): 0.0054
Emb Update Time(s): 2.9121
#seeds: 6145
#inputs: 2212272
==========================================
Part 7, Epoch Time(s): 7.4007
Sampling Time(s): 0.3655
Loading Time(s): 2.2732
Forward Time(s): 1.0497
Backward Time(s): 0.7805
Update Time(s): 0.0062
Emb Update Time(s): 2.9116
#seeds: 6144
#inputs: 2206134
=====================


=====================
Part 1, Epoch Time(s): 7.4298
Sampling Time(s): 0.3923
Loading Time(s): 2.4869
Forward Time(s): 0.8504
Backward Time(s): 0.7698
Update Time(s): 0.0055
Emb Update Time(s): 2.9118
#seeds: 6144
#inputs: 2200050
=====================


=====================
Part 19, Epoch Time(s): 7.3997
Sampling Time(s): 0.3827
Loading Time(s): 2.3511
Forward Time(s): 0.9546
Backward Time(s): 0.7797
Update Time(s): 0.0068
Emb Update Time(s): 2.9122
#seeds: 6145
#inputs: 2211317
==========================================
Part 17, Epoch Time(s): 7.3950
Sampling Time(s): 0.3537
Loading Time(s): 2.4819
Forward Time(s): 0.8525
Backward Time(s): 0.7750
Update Time(s): 0.0057
Emb Update Time(s): 2.9127
#seeds: 6144
#inputs: 2201581
==========================================
Part 16, Epoch Time(s): 7.3910
Sampling Time(s): 0.3613
Loading Time(s): 2.5489
Forward Time(s): 0.7694
Backward Time(s): 0.7808
Update Time(s): 0.0057
Emb Update Time(s): 2.9122
#seeds: 6144
#inputs: 2218817
==========================================
Part 23, Epoch Time(s): 7.3935
Sampling Time(s): 0.3399
Loading Time(s): 2.4486
Forward Time(s): 0.9298
Backward Time(s): 0.7422
Update Time(s): 0.0056
Emb Update Time(s): 2.9140
#seeds: 6144
#inputs: 2219432
==========================================
Part 18, Epoch Time(s): 7.3931
Sampling Time(s): 0.5003
Loading Time(s): 2.3304
Forward Time(s): 0.8513
Backward Time(s): 0.7795
Update Time(s): 0.0055
Emb Update Time(s): 2.9130
#seeds: 6144
#inputs: 2203191
=====================
=====================
Part 20, Epoch Time(s): 7.4017
Sampling Time(s): 0.3515
Loading Time(s): 2.1995
Forward Time(s): 1.1384
Backward Time(s): 0.7795
Update Time(s): 0.0053
Emb Update Time(s): 2.9144
#seeds: 6144
#inputs: 2198856
==========================================
Part 22, Epoch Time(s): 7.4100
Sampling Time(s): 0.3711
Loading Time(s): 2.3566
Forward Time(s): 0.9704
Backward Time(s): 0.7795
Update Time(s): 0.0052
Emb Update Time(s): 2.9142
#seeds: 6145
#inputs: 2210654
=====================

=====================
Part 21, Epoch Time(s): 7.3862
Sampling Time(s): 0.3527
Loading Time(s): 2.4954
Forward Time(s): 0.8263
Backward Time(s): 0.7795
Update Time(s): 0.0054
Emb Update Time(s): 2.9140
#seeds: 6144
#inputs: 2177354
=====================




=====================
Part 24, Epoch Time(s): 7.4107
Sampling Time(s): 0.3450
Loading Time(s): 2.7501
Forward Time(s): 0.6034
Backward Time(s): 0.7805
Update Time(s): 0.0052
Emb Update Time(s): 2.9135
#seeds: 6144
#inputs: 2246273
==========================================
Part 28, Epoch Time(s): 7.4059
Sampling Time(s): 0.3320
Loading Time(s): 2.2731
Forward Time(s): 1.0886
Backward Time(s): 0.7795
Update Time(s): 0.0055
Emb Update Time(s): 2.9144
#seeds: 6144
#inputs: 2247520
==========================================
Part 29, Epoch Time(s): 7.4059
Sampling Time(s): 0.3447
Loading Time(s): 2.3441
Forward Time(s): 1.0056
Backward Time(s): 0.7795
Update Time(s): 0.0055
Emb Update Time(s): 2.9139
#seeds: 6144
#inputs: 2262110
==========================================
Part 25, Epoch Time(s): 7.4017
Sampling Time(s): 0.3696
Loading Time(s): 2.4185
Forward Time(s): 0.9016
Backward Time(s): 0.7803
Update Time(s): 0.0062
Emb Update Time(s): 2.9124
#seeds: 6144
#inputs: 2246222
==========================================
Part 26, Epoch Time(s): 7.3911
Sampling Time(s): 0.3556
Loading Time(s): 2.6529
Forward Time(s): 0.6755
Backward Time(s): 0.7747
Update Time(s): 0.0054
Emb Update Time(s): 2.9136
#seeds: 6144
#inputs: 2252075
=====================
=====================
Part 27, Epoch Time(s): 7.4121
Sampling Time(s): 0.3581
Loading Time(s): 2.7218
Forward Time(s): 0.6459
Backward Time(s): 0.7539
Update Time(s): 0.0054
Emb Update Time(s): 2.9136
#seeds: 6145
#inputs: 2253982
==========================================
Part 30, Epoch Time(s): 7.4048
Sampling Time(s): 0.3453
Loading Time(s): 2.4600
Forward Time(s): 0.8955
Backward Time(s): 0.7719
Update Time(s): 0.0056
Emb Update Time(s): 2.9139
#seeds: 6144
#inputs: 2264342
=====================





=====================
Part 31, Epoch Time(s): 7.3951
Sampling Time(s): 0.3669
Loading Time(s): 2.5484
Forward Time(s): 0.7673
Backward Time(s): 0.7794
Update Time(s): 0.0058
Emb Update Time(s): 2.9143
#seeds: 6144
#inputs: 2237806
=====================
=====================
Part 11, Epoch Time(s): 7.3924
Sampling Time(s): 0.3491
Loading Time(s): 2.7323
Forward Time(s): 0.5993
Backward Time(s): 0.7801
Update Time(s): 0.0052
Emb Update Time(s): 2.9138
#seeds: 6145
#inputs: 2339379
==========================================
Part 8, Epoch Time(s): 7.3802
Sampling Time(s): 0.3377
Loading Time(s): 2.7942
Forward Time(s): 0.5728
Backward Time(s): 0.7446
Update Time(s): 0.0051
Emb Update Time(s): 2.9131
#seeds: 6145
#inputs: 2331036
==========================================
Part 13, Epoch Time(s): 7.4042
Sampling Time(s): 0.3702
Loading Time(s): 2.8593
Forward Time(s): 0.5691
Backward Time(s): 0.6757
Update Time(s): 0.0061
Emb Update Time(s): 2.9111
#seeds: 6144
#inputs: 2336789
=====================
=====================
Part 10, Epoch Time(s): 7.3899
Sampling Time(s): 0.3481
Loading Time(s): 2.4159
Forward Time(s): 0.9133
Backward Time(s): 0.7802
Update Time(s): 0.0054
Emb Update Time(s): 2.9138
#seeds: 6144
#inputs: 2337323
=====================


=====================
Part 9, Epoch Time(s): 7.4114
Sampling Time(s): 0.3559
Loading Time(s): 2.8200
Forward Time(s): 0.5560
Backward Time(s): 0.7483
Update Time(s): 0.0062
Emb Update Time(s): 2.9123
#seeds: 6144
#inputs: 2355601
==========================================
Part 15, Epoch Time(s): 7.4115
Sampling Time(s): 0.3910
Loading Time(s): 2.7165
Forward Time(s): 0.6106
Backward Time(s): 0.7612
Update Time(s): 0.0053
Emb Update Time(s): 2.9141
#seeds: 6144
#inputs: 2340197
==========================================
Part 14, Epoch Time(s): 7.3949
Sampling Time(s): 0.5755
Loading Time(s): 2.5797
Forward Time(s): 0.5662
Backward Time(s): 0.7430
Update Time(s): 0.0052
Emb Update Time(s): 2.9127
#seeds: 6144
#inputs: 2355949
=====================


=====================
Part 12, Epoch Time(s): 7.4066
Sampling Time(s): 0.3675
Loading Time(s): 3.0028
Forward Time(s): 0.4191
Backward Time(s): 0.6862
Update Time(s): 0.0061
Emb Update Time(s): 2.9112
#seeds: 6144
#inputs: 2345412
=====================
|V|=2449029, eval batch size: 100000
|V|=2449029, eval batch size: 100000
|V|=2449029, eval batch size: 100000
|V|=2449029, eval batch size: 100000
|V|=2449029, eval batch size: 100000
|V|=2449029, eval batch size: 100000
|V|=2449029, eval batch size: 100000
|V|=2449029, eval batch size: 100000
|V|=2449029, eval batch size: 100000
|V|=2449029, eval batch size: 100000
|V|=2449029, eval batch size: 100000
|V|=2449029, eval batch size: 100000
|V|=2449029, eval batch size: 100000
|V|=2449029, eval batch size: 100000
|V|=2449029, eval batch size: 100000
|V|=2449029, eval batch size: 100000
|V|=2449029, eval batch size: 100000
|V|=2449029, eval batch size: 100000
|V|=2449029, eval batch size: 100000
|V|=2449029, eval batch size: 100000
|V|=2449029, eval batch size: 100000
|V|=2449029, eval batch size: 100000
|V|=2449029, eval batch size: 100000
|V|=2449029, eval batch size: 100000
|V|=2449029, eval batch size: 100000
|V|=2449029, eval batch size: 100000
|V|=2449029, eval batch size: 100000
|V|=2449029, eval batch size: 100000
|V|=2449029, eval batch size: 100000
|V|=2449029, eval batch size: 100000
|V|=2449029, eval batch size: 100000
|V|=2449029, eval batch size: 100000
|V|=2449029, eval batch size: 100000
|V|=2449029, eval batch size: 100000
|V|=2449029, eval batch size: 100000
|V|=2449029, eval batch size: 100000
|V|=2449029, eval batch size: 100000
|V|=2449029, eval batch size: 100000
|V|=2449029, eval batch size: 100000
|V|=2449029, eval batch size: 100000
|V|=2449029, eval batch size: 100000
|V|=2449029, eval batch size: 100000
|V|=2449029, eval batch size: 100000
|V|=2449029, eval batch size: 100000
|V|=2449029, eval batch size: 100000
|V|=2449029, eval batch size: 100000
|V|=2449029, eval batch size: 100000
|V|=2449029, eval batch size: 100000
|V|=2449029, eval batch size: 100000
|V|=2449029, eval batch size: 100000
|V|=2449029, eval batch size: 100000
|V|=2449029, eval batch size: 100000
|V|=2449029, eval batch size: 100000
|V|=2449029, eval batch size: 100000
|V|=2449029, eval batch size: 100000
|V|=2449029, eval batch size: 100000
|V|=2449029, eval batch size: 100000
|V|=2449029, eval batch size: 100000
|V|=2449029, eval batch size: 100000
|V|=2449029, eval batch size: 100000
|V|=2449029, eval batch size: 100000
|V|=2449029, eval batch size: 100000
|V|=2449029, eval batch size: 100000
|V|=2449029, eval batch size: 100000
|V|=2449029, eval batch size: 100000
|V|=2449029, eval batch size: 100000
|V|=2449029, eval batch size: 100000
|V|=2449029, eval batch size: 100000
|V|=2449029, eval batch size: 100000
|V|=2449029, eval batch size: 100000
|V|=2449029, eval batch size: 100000
|V|=2449029, eval batch size: 100000
|V|=2449029, eval batch size: 100000
|V|=2449029, eval batch size: 100000
|V|=2449029, eval batch size: 100000
|V|=2449029, eval batch size: 100000
|V|=2449029, eval batch size: 100000
|V|=2449029, eval batch size: 100000
|V|=2449029, eval batch size: 100000
|V|=2449029, eval batch size: 100000
|V|=2449029, eval batch size: 100000
|V|=2449029, eval batch size: 100000
|V|=2449029, eval batch size: 100000
|V|=2449029, eval batch size: 100000
|V|=2449029, eval batch size: 100000
|V|=2449029, eval batch size: 100000
|V|=2449029, eval batch size: 100000
|V|=2449029, eval batch size: 100000
|V|=2449029, eval batch size: 100000
|V|=2449029, eval batch size: 100000
|V|=2449029, eval batch size: 100000
|V|=2449029, eval batch size: 100000
|V|=2449029, eval batch size: 100000
|V|=2449029, eval batch size: 100000
|V|=2449029, eval batch size: 100000
|V|=2449029, eval batch size: 100000
|V|=2449029, eval batch size: 100000
|V|=2449029, eval batch size: 100000|V|=2449029, eval batch size: 100000

|V|=2449029, eval batch size: 100000
|V|=2449029, eval batch size: 100000
|V|=2449029, eval batch size: 100000
|V|=2449029, eval batch size: 100000
|V|=2449029, eval batch size: 100000
|V|=2449029, eval batch size: 100000
|V|=2449029, eval batch size: 100000
|V|=2449029, eval batch size: 100000
|V|=2449029, eval batch size: 100000
|V|=2449029, eval batch size: 100000
|V|=2449029, eval batch size: 100000
|V|=2449029, eval batch size: 100000
|V|=2449029, eval batch size: 100000
|V|=2449029, eval batch size: 100000
|V|=2449029, eval batch size: 100000
|V|=2449029, eval batch size: 100000
|V|=2449029, eval batch size: 100000
|V|=2449029, eval batch size: 100000
|V|=2449029, eval batch size: 100000|V|=2449029, eval batch size: 100000

|V|=2449029, eval batch size: 100000
|V|=2449029, eval batch size: 100000
|V|=2449029, eval batch size: 100000
|V|=2449029, eval batch size: 100000
|V|=2449029, eval batch size: 100000
|V|=2449029, eval batch size: 100000
|V|=2449029, eval batch size: 100000
|V|=2449029, eval batch size: 100000
|V|=2449029, eval batch size: 100000
Part 6, Val Acc 0.9382, Test Acc 0.8325, time: 9.5853
Part 1, Val Acc 0.9414, Test Acc 0.8349, time: 9.5875
Part 2, Val Acc 0.9349, Test Acc 0.8324, time: 9.5916
Part 14, Val Acc 0.8698, Test Acc 0.7205, time: 9.5951
Part 27, Val Acc 0.9219, Test Acc 0.7299, time: 9.5980
Part 0, Val Acc 0.9317, Test Acc 0.8325, time: 9.6003
Part 17, Val Acc 0.8763, Test Acc 0.7350, time: 9.6017
Part 10, Val Acc 0.8876, Test Acc 0.7175, time: 9.6018
Part 23, Val Acc 0.8959, Test Acc 0.7343, time: 9.6020
Part 25, Val Acc 0.9032, Test Acc 0.7310, time: 9.6022
Part 3, Val Acc 0.9406, Test Acc 0.8343, time: 9.6038
Part 21, Val Acc 0.8787, Test Acc 0.7351, time: 9.6049
Part 20, Val Acc 0.8820, Test Acc 0.7353, time: 9.6053
Part 4, Val Acc 0.9463, Test Acc 0.8335, time: 9.6061
Part 5, Val Acc 0.9333, Test Acc 0.8331, time: 9.6069
Part 9, Val Acc 0.8755, Test Acc 0.7173, time: 9.6069
Part 19, Val Acc 0.8755, Test Acc 0.7355, time: 9.6084
Part 26, Val Acc 0.9170, Test Acc 0.7297, time: 9.6087
Part 24, Val Acc 0.9007, Test Acc 0.7303, time: 9.6087
Part 12, Val Acc 0.8788, Test Acc 0.7186, time: 9.6090
Part 7, Val Acc 0.9276, Test Acc 0.8342, time: 9.6108
Part 18, Val Acc 0.8771, Test Acc 0.7335, time: 9.6109
Part 28, Val Acc 0.9146, Test Acc 0.7281, time: 9.6116
Part 16, Val Acc 0.8885, Test Acc 0.7349, time: 9.6129
Part 31, Val Acc 0.9161, Test Acc 0.7286, time: 9.6131
Part 8, Val Acc 0.8983, Test Acc 0.7190, time: 9.6139
Part 13, Val Acc 0.8885, Test Acc 0.7174, time: 9.6140
Part 22, Val Acc 0.8804, Test Acc 0.7334, time: 9.6159
Part 30, Val Acc 0.9153, Test Acc 0.7298, time: 9.6219
Part 29, Val Acc 0.9097, Test Acc 0.7310, time: 9.6219
Part 15, Val Acc 0.8763, Test Acc 0.7197, time: 9.6243
Part 11, Val Acc 0.8592, Test Acc 0.7191, time: 9.6323
All parts avg val acc 0.9025, test acc 0.7541
Part 2 | Epoch 00008 | Step 00000 | Loss 0.2690 | Train Acc 0.9240 | Speed (samples/sec) 814.6023 | GPU 2652.9 MB | time 1.333 s
Part 1 | Epoch 00008 | Step 00000 | Loss 0.2721 | Train Acc 0.9330 | Speed (samples/sec) 814.2990 | GPU 2648.2 MB | time 1.337 s
Part 7 | Epoch 00008 | Step 00000 | Loss 0.2669 | Train Acc 0.9330 | Speed (samples/sec) 815.2648 | GPU 2663.1 MB | time 1.313 s
Part 5 | Epoch 00008 | Step 00000 | Loss 0.2668 | Train Acc 0.9240 | Speed (samples/sec) 814.7507 | GPU 2657.7 MB | time 1.317 s
Part 6 | Epoch 00008 | Step 00000 | Loss 0.2248 | Train Acc 0.9410 | Speed (samples/sec) 814.2089 | GPU 2661.3 MB | time 1.339 s
Part 14 | Epoch 00008 | Step 00000 | Loss 0.4716 | Train Acc 0.8750 | Speed (samples/sec) 815.4371 | GPU 2801.2 MB | time 1.329 sPart 8 | Epoch 00008 | Step 00000 | Loss 0.4474 | Train Acc 0.8790 | Speed (samples/sec) 816.2716 | GPU 2800.7 MB | time 1.310 sPart 15 | Epoch 00008 | Step 00000 | Loss 0.4816 | Train Acc 0.8740 | Speed (samples/sec) 815.7671 | GPU 2784.4 MB | time 1.300 s


Part 9 | Epoch 00008 | Step 00000 | Loss 0.4716 | Train Acc 0.8710 | Speed (samples/sec) 815.3995 | GPU 2798.8 MB | time 1.317 s
Part 10 | Epoch 00008 | Step 00000 | Loss 0.5172 | Train Acc 0.8720 | Speed (samples/sec) 815.5771 | GPU 2788.3 MB | time 1.322 s
Part 22 | Epoch 00008 | Step 00000 | Loss 0.5115 | Train Acc 0.8620 | Speed (samples/sec) 815.6944 | GPU 2654.2 MB | time 1.308 s
Part 20 | Epoch 00008 | Step 00000 | Loss 0.5520 | Train Acc 0.8590 | Speed (samples/sec) 815.1623 | GPU 2642.6 MB | time 1.319 s
Part 27 | Epoch 00008 | Step 00000 | Loss 0.4093 | Train Acc 0.8960 | Speed (samples/sec) 815.3488 | GPU 2706.5 MB | time 1.326 sPart 24 | Epoch 00008 | Step 00000 | Loss 0.3398 | Train Acc 0.9140 | Speed (samples/sec) 815.7099 | GPU 2698.0 MB | time 1.316 sPart 26 | Epoch 00008 | Step 00000 | Loss 0.3995 | Train Acc 0.8970 | Speed (samples/sec) 816.1121 | GPU 2697.6 MB | time 1.316 s


Part 29 | Epoch 00008 | Step 00000 | Loss 0.4350 | Train Acc 0.8900 | Speed (samples/sec) 815.9341 | GPU 2712.7 MB | time 1.302 sPart 28 | Epoch 00008 | Step 00000 | Loss 0.3180 | Train Acc 0.9240 | Speed (samples/sec) 815.7731 | GPU 2700.1 MB | time 1.313 sPart 30 | Epoch 00008 | Step 00000 | Loss 0.3803 | Train Acc 0.9010 | Speed (samples/sec) 815.9165 | GPU 2707.7 MB | time 1.302 s


Part 25 | Epoch 00008 | Step 00000 | Loss 0.3556 | Train Acc 0.9030 | Speed (samples/sec) 815.3393 | GPU 2696.3 MB | time 1.322 s
Part 31 | Epoch 00008 | Step 00000 | Loss 0.3726 | Train Acc 0.9050 | Speed (samples/sec) 815.3569 | GPU 2699.2 MB | time 1.311 s
Part 11 | Epoch 00008 | Step 00000 | Loss 0.4904 | Train Acc 0.8750 | Speed (samples/sec) 816.4260 | GPU 2785.1 MB | time 1.292 s
Part 13 | Epoch 00008 | Step 00000 | Loss 0.4871 | Train Acc 0.8660 | Speed (samples/sec) 815.9666 | GPU 2774.1 MB | time 1.310 s
Part 12 | Epoch 00008 | Step 00000 | Loss 0.4837 | Train Acc 0.8580 | Speed (samples/sec) 815.6056 | GPU 2794.0 MB | time 1.315 s
Part 0 | Epoch 00008 | Step 00000 | Loss 0.3356 | Train Acc 0.9090 | Speed (samples/sec) 817.3718 | GPU 2667.8 MB | time 1.291 s
Part 3 | Epoch 00008 | Step 00000 | Loss 0.2171 | Train Acc 0.9450 | Speed (samples/sec) 814.6828 | GPU 2650.3 MB | time 1.320 s
Part 4 | Epoch 00008 | Step 00000 | Loss 0.3034 | Train Acc 0.9180 | Speed (samples/sec) 815.2971 | GPU 2653.0 MB | time 1.318 s
Part 17 | Epoch 00008 | Step 00000 | Loss 0.5054 | Train Acc 0.8610 | Speed (samples/sec) 815.5400 | GPU 2666.2 MB | time 1.322 s
Part 19 | Epoch 00008 | Step 00000 | Loss 0.4376 | Train Acc 0.8840 | Speed (samples/sec) 816.2422 | GPU 2654.2 MB | time 1.316 s
Part 21 | Epoch 00008 | Step 00000 | Loss 0.4611 | Train Acc 0.8760 | Speed (samples/sec) 815.6485 | GPU 2616.2 MB | time 1.319 s
Part 23 | Epoch 00008 | Step 00000 | Loss 0.4657 | Train Acc 0.8680 | Speed (samples/sec) 815.8114 | GPU 2659.9 MB | time 1.322 s
Part 16 | Epoch 00008 | Step 00000 | Loss 0.4903 | Train Acc 0.8580 | Speed (samples/sec) 815.8139 | GPU 2652.0 MB | time 1.312 s
Part 18 | Epoch 00008 | Step 00000 | Loss 0.6577 | Train Acc 0.8410 | Speed (samples/sec) 816.1697 | GPU 2655.5 MB | time 1.314 s
Avg train acc 0.8918
=====================
Part 2, Epoch Time(s): 7.5134
Sampling Time(s): 0.3355
Loading Time(s): 2.2410
Forward Time(s): 1.1635
Backward Time(s): 0.7761
Update Time(s): 0.0051
Emb Update Time(s): 2.9806
#seeds: 6144
#inputs: 2208446
==========================================
Part 1, Epoch Time(s): 7.5175
Sampling Time(s): 0.3472
Loading Time(s): 2.3857
Forward Time(s): 1.0109
Backward Time(s): 0.7763
Update Time(s): 0.0051
Emb Update Time(s): 2.9806
#seeds: 6144
#inputs: 2204529
==========================================
Part 3, Epoch Time(s): 7.5012
Sampling Time(s): 0.3753
Loading Time(s): 2.5227
Forward Time(s): 0.8309
Backward Time(s): 0.7739
Update Time(s): 0.0052
Emb Update Time(s): 2.9807
#seeds: 6145
#inputs: 2191923
==========================================
Part 0, Epoch Time(s): 7.4722
Sampling Time(s): 0.3635
Loading Time(s): 2.5242
Forward Time(s): 0.8097
Backward Time(s): 0.7766
Update Time(s): 0.0052
Emb Update Time(s): 2.9801
#seeds: 6144
#inputs: 2216370
=====================

=====================
Part 4, Epoch Time(s): 7.4990
Sampling Time(s): 0.3710
Loading Time(s): 2.4286
Forward Time(s): 0.9248
Backward Time(s): 0.7759
Update Time(s): 0.0053
Emb Update Time(s): 2.9809
#seeds: 6145
#inputs: 2200861
=====================
=====================
Part 6, Epoch Time(s): 7.5198
Sampling Time(s): 0.3220
Loading Time(s): 2.2789
Forward Time(s): 1.1451
Backward Time(s): 0.7756
Update Time(s): 0.0052
Emb Update Time(s): 2.9812
#seeds: 6144
#inputs: 2219048
=====================
=====================
Part 5, Epoch Time(s): 7.4981
Sampling Time(s): 0.3450
Loading Time(s): 2.5511
Forward Time(s): 0.8508
Backward Time(s): 0.7530
Update Time(s): 0.0054
Emb Update Time(s): 2.9808
#seeds: 6144
#inputs: 2217889
=====================
=====================
Part 7, Epoch Time(s): 7.4939
Sampling Time(s): 0.5043
Loading Time(s): 2.3275
Forward Time(s): 0.9180
Backward Time(s): 0.7458
Update Time(s): 0.0062
Emb Update Time(s): 2.9803
#seeds: 6144
#inputs: 2194737
=====================


=====================
Part 20, Epoch Time(s): 7.4996
Sampling Time(s): 0.3779
Loading Time(s): 2.2981
Forward Time(s): 1.0494
Backward Time(s): 0.7756
Update Time(s): 0.0053
Emb Update Time(s): 2.9813
#seeds: 6144
#inputs: 2200169
==========================================
Part 16, Epoch Time(s): 7.4918
Sampling Time(s): 0.3670
Loading Time(s): 2.7468
Forward Time(s): 0.6578
Backward Time(s): 0.7212
Update Time(s): 0.0053
Emb Update Time(s): 2.9811
#seeds: 6144
#inputs: 2210698
==========================================
Part 18, Epoch Time(s): 7.4940
Sampling Time(s): 0.3852
Loading Time(s): 2.4015
Forward Time(s): 0.9320
Backward Time(s): 0.7758
Update Time(s): 0.0053
Emb Update Time(s): 2.9814
#seeds: 6144
#inputs: 2201135
==========================================
Part 17, Epoch Time(s): 7.5031
Sampling Time(s): 0.3316
Loading Time(s): 2.4512
Forward Time(s): 0.9460
Backward Time(s): 0.7760
Update Time(s): 0.0054
Emb Update Time(s): 2.9806
#seeds: 6144
#inputs: 2198419
==========================================
Part 22, Epoch Time(s): 7.4890
Sampling Time(s): 0.3567
Loading Time(s): 2.3069
Forward Time(s): 1.0515
Backward Time(s): 0.7757
Update Time(s): 0.0054
Emb Update Time(s): 2.9811
#seeds: 6145
#inputs: 2203371
==========================================
Part 23, Epoch Time(s): 7.5029
Sampling Time(s): 0.3939
Loading Time(s): 2.6652
Forward Time(s): 0.7296
Backward Time(s): 0.7157
Update Time(s): 0.0055
Emb Update Time(s): 2.9806
#seeds: 6144
#inputs: 2218277
=====================
=====================
Part 19, Epoch Time(s): 7.4966
Sampling Time(s): 0.3823
Loading Time(s): 2.4740
Forward Time(s): 0.8901
Backward Time(s): 0.7510
Update Time(s): 0.0058
Emb Update Time(s): 2.9809
#seeds: 6145
#inputs: 2214641
=====================




=====================
Part 21, Epoch Time(s): 7.5000
Sampling Time(s): 0.3878
Loading Time(s): 2.5924
Forward Time(s): 0.7665
Backward Time(s): 0.7541
Update Time(s): 0.0055
Emb Update Time(s): 2.9816
#seeds: 6144
#inputs: 2179113
=====================

=====================
Part 28, Epoch Time(s): 7.4934
Sampling Time(s): 0.3241
Loading Time(s): 2.5692
Forward Time(s): 0.8261
Backward Time(s): 0.7754
Update Time(s): 0.0050
Emb Update Time(s): 2.9821
#seeds: 6144
#inputs: 2250491
==========================================
Part 29, Epoch Time(s): 7.4829
Sampling Time(s): 0.3398
Loading Time(s): 2.3042
Forward Time(s): 1.0653
Backward Time(s): 0.7752
Update Time(s): 0.0052
Emb Update Time(s): 2.9819
#seeds: 6144
#inputs: 2255092
==========================================
Part 26, Epoch Time(s): 7.4963
Sampling Time(s): 0.3379
Loading Time(s): 2.8377
Forward Time(s): 0.6011
Backward Time(s): 0.7230
Update Time(s): 0.0052
Emb Update Time(s): 2.9799
#seeds: 6144
#inputs: 2257054
==========================================
Part 30, Epoch Time(s): 7.4829
Sampling Time(s): 0.3473
Loading Time(s): 2.5777
Forward Time(s): 0.7843
Backward Time(s): 0.7749
Update Time(s): 0.0055
Emb Update Time(s): 2.9817
#seeds: 6144
#inputs: 2263546
==========================================
Part 25, Epoch Time(s): 7.5026
Sampling Time(s): 0.3761
Loading Time(s): 2.6120
Forward Time(s): 0.7635
Backward Time(s): 0.7527
Update Time(s): 0.0063
Emb Update Time(s): 2.9800
#seeds: 6144
#inputs: 2241606
=====================
=====================
Part 27, Epoch Time(s): 7.5068
Sampling Time(s): 0.3207
Loading Time(s): 2.6300
Forward Time(s): 0.8177
Backward Time(s): 0.7414
Update Time(s): 0.0054
Emb Update Time(s): 2.9800
#seeds: 6145
#inputs: 2261546
=====================



=====================
Part 24, Epoch Time(s): 7.4962
Sampling Time(s): 0.3630
Loading Time(s): 2.6896
Forward Time(s): 0.6701
Backward Time(s): 0.7761
Update Time(s): 0.0052
Emb Update Time(s): 2.9805
#seeds: 6144
#inputs: 2252675
=====================
=====================
Part 31, Epoch Time(s): 7.4918
Sampling Time(s): 0.3756
Loading Time(s): 2.7595
Forward Time(s): 0.5935
Backward Time(s): 0.7632
Update Time(s): 0.0065
Emb Update Time(s): 2.9819
#seeds: 6144
#inputs: 2250495
=====================

=====================
Part 11, Epoch Time(s): 7.4723
Sampling Time(s): 0.3790
Loading Time(s): 2.7989
Forward Time(s): 0.5903
Backward Time(s): 0.7036
Update Time(s): 0.0050
Emb Update Time(s): 2.9832
#seeds: 6145
#inputs: 2343961
==========================================
Part 8, Epoch Time(s): 7.4911
Sampling Time(s): 0.3441
Loading Time(s): 2.6844
Forward Time(s): 0.7359
Backward Time(s): 0.7279
Update Time(s): 0.0050
Emb Update Time(s): 2.9819
#seeds: 6145
#inputs: 2343778
==========================================
Part 10, Epoch Time(s): 7.5032
Sampling Time(s): 0.3584
Loading Time(s): 2.4546
Forward Time(s): 0.9153
Backward Time(s): 0.7750
Update Time(s): 0.0052
Emb Update Time(s): 2.9827
#seeds: 6144
#inputs: 2330208
=====================
=====================
Part 9, Epoch Time(s): 7.4979
Sampling Time(s): 0.3521
Loading Time(s): 2.7233
Forward Time(s): 0.6808
Backward Time(s): 0.7424
Update Time(s): 0.0110
Emb Update Time(s): 2.9762
#seeds: 6144
#inputs: 2350211
=====================
=====================
Part 13, Epoch Time(s): 7.4908
Sampling Time(s): 0.4119
Loading Time(s): 2.7242
Forward Time(s): 0.5934
Backward Time(s): 0.7603
Update Time(s): 0.0055
Emb Update Time(s): 2.9832
#seeds: 6144
#inputs: 2328716
=====================

=====================
Part 15, Epoch Time(s): 7.4804
Sampling Time(s): 0.3823
Loading Time(s): 2.6704
Forward Time(s): 0.7010
Backward Time(s): 0.7266
Update Time(s): 0.0053
Emb Update Time(s): 2.9830
#seeds: 6144
#inputs: 2340650
=====================
=====================
Part 14, Epoch Time(s): 7.5096
Sampling Time(s): 0.4446
Loading Time(s): 2.7956
Forward Time(s): 0.5710
Backward Time(s): 0.6990
Update Time(s): 0.0055
Emb Update Time(s): 2.9823
#seeds: 6144
#inputs: 2346186
=====================

=====================
Part 12, Epoch Time(s): 7.4959
Sampling Time(s): 0.3949
Loading Time(s): 2.6577
Forward Time(s): 0.6910
Backward Time(s): 0.7518
Update Time(s): 0.0059
Emb Update Time(s): 2.9822
#seeds: 6144
#inputs: 2348730
=====================
|V|=2449029, eval batch size: 100000
|V|=2449029, eval batch size: 100000
|V|=2449029, eval batch size: 100000
|V|=2449029, eval batch size: 100000
|V|=2449029, eval batch size: 100000
|V|=2449029, eval batch size: 100000
|V|=2449029, eval batch size: 100000
|V|=2449029, eval batch size: 100000
|V|=2449029, eval batch size: 100000
|V|=2449029, eval batch size: 100000
|V|=2449029, eval batch size: 100000
|V|=2449029, eval batch size: 100000
|V|=2449029, eval batch size: 100000
|V|=2449029, eval batch size: 100000
|V|=2449029, eval batch size: 100000
|V|=2449029, eval batch size: 100000
|V|=2449029, eval batch size: 100000
|V|=2449029, eval batch size: 100000
|V|=2449029, eval batch size: 100000
|V|=2449029, eval batch size: 100000
|V|=2449029, eval batch size: 100000
|V|=2449029, eval batch size: 100000
|V|=2449029, eval batch size: 100000
|V|=2449029, eval batch size: 100000
|V|=2449029, eval batch size: 100000
|V|=2449029, eval batch size: 100000
|V|=2449029, eval batch size: 100000
|V|=2449029, eval batch size: 100000
|V|=2449029, eval batch size: 100000
|V|=2449029, eval batch size: 100000
|V|=2449029, eval batch size: 100000
|V|=2449029, eval batch size: 100000
|V|=2449029, eval batch size: 100000
|V|=2449029, eval batch size: 100000
|V|=2449029, eval batch size: 100000
|V|=2449029, eval batch size: 100000
|V|=2449029, eval batch size: 100000
|V|=2449029, eval batch size: 100000
|V|=2449029, eval batch size: 100000
|V|=2449029, eval batch size: 100000
|V|=2449029, eval batch size: 100000
|V|=2449029, eval batch size: 100000
|V|=2449029, eval batch size: 100000
|V|=2449029, eval batch size: 100000
|V|=2449029, eval batch size: 100000
|V|=2449029, eval batch size: 100000
|V|=2449029, eval batch size: 100000
|V|=2449029, eval batch size: 100000
|V|=2449029, eval batch size: 100000
|V|=2449029, eval batch size: 100000
|V|=2449029, eval batch size: 100000
|V|=2449029, eval batch size: 100000
|V|=2449029, eval batch size: 100000
|V|=2449029, eval batch size: 100000
|V|=2449029, eval batch size: 100000
|V|=2449029, eval batch size: 100000
|V|=2449029, eval batch size: 100000
|V|=2449029, eval batch size: 100000
|V|=2449029, eval batch size: 100000
|V|=2449029, eval batch size: 100000
|V|=2449029, eval batch size: 100000
|V|=2449029, eval batch size: 100000
|V|=2449029, eval batch size: 100000
|V|=2449029, eval batch size: 100000
|V|=2449029, eval batch size: 100000
|V|=2449029, eval batch size: 100000
|V|=2449029, eval batch size: 100000
|V|=2449029, eval batch size: 100000
|V|=2449029, eval batch size: 100000
|V|=2449029, eval batch size: 100000
|V|=2449029, eval batch size: 100000
|V|=2449029, eval batch size: 100000|V|=2449029, eval batch size: 100000

|V|=2449029, eval batch size: 100000
|V|=2449029, eval batch size: 100000
|V|=2449029, eval batch size: 100000
|V|=2449029, eval batch size: 100000
|V|=2449029, eval batch size: 100000
|V|=2449029, eval batch size: 100000
|V|=2449029, eval batch size: 100000
|V|=2449029, eval batch size: 100000
|V|=2449029, eval batch size: 100000
|V|=2449029, eval batch size: 100000
|V|=2449029, eval batch size: 100000
|V|=2449029, eval batch size: 100000
|V|=2449029, eval batch size: 100000
|V|=2449029, eval batch size: 100000
|V|=2449029, eval batch size: 100000
|V|=2449029, eval batch size: 100000
|V|=2449029, eval batch size: 100000
|V|=2449029, eval batch size: 100000
|V|=2449029, eval batch size: 100000
|V|=2449029, eval batch size: 100000
|V|=2449029, eval batch size: 100000
|V|=2449029, eval batch size: 100000
|V|=2449029, eval batch size: 100000
|V|=2449029, eval batch size: 100000
|V|=2449029, eval batch size: 100000
|V|=2449029, eval batch size: 100000
|V|=2449029, eval batch size: 100000
|V|=2449029, eval batch size: 100000
|V|=2449029, eval batch size: 100000
|V|=2449029, eval batch size: 100000
|V|=2449029, eval batch size: 100000
|V|=2449029, eval batch size: 100000
|V|=2449029, eval batch size: 100000
|V|=2449029, eval batch size: 100000
|V|=2449029, eval batch size: 100000
|V|=2449029, eval batch size: 100000
|V|=2449029, eval batch size: 100000
|V|=2449029, eval batch size: 100000
|V|=2449029, eval batch size: 100000
|V|=2449029, eval batch size: 100000
|V|=2449029, eval batch size: 100000
|V|=2449029, eval batch size: 100000
|V|=2449029, eval batch size: 100000
|V|=2449029, eval batch size: 100000
|V|=2449029, eval batch size: 100000
|V|=2449029, eval batch size: 100000
|V|=2449029, eval batch size: 100000
|V|=2449029, eval batch size: 100000
|V|=2449029, eval batch size: 100000
|V|=2449029, eval batch size: 100000
|V|=2449029, eval batch size: 100000
|V|=2449029, eval batch size: 100000
|V|=2449029, eval batch size: 100000
|V|=2449029, eval batch size: 100000
|V|=2449029, eval batch size: 100000
Part 6, Val Acc 0.9414, Test Acc 0.8363, time: 9.2282
Part 1, Val Acc 0.9422, Test Acc 0.8387, time: 9.2287
Part 2, Val Acc 0.9325, Test Acc 0.8352, time: 9.2289
Part 13, Val Acc 0.8845, Test Acc 0.7138, time: 9.2326
Part 30, Val Acc 0.9178, Test Acc 0.7479, time: 9.2334
Part 15, Val Acc 0.8706, Test Acc 0.7168, time: 9.2357
Part 23, Val Acc 0.8934, Test Acc 0.7517, time: 9.2368
Part 21, Val Acc 0.8779, Test Acc 0.7524, time: 9.2375
Part 29, Val Acc 0.9146, Test Acc 0.7493, time: 9.2375
Part 10, Val Acc 0.8852, Test Acc 0.7151, time: 9.2385
Part 14, Val Acc 0.8714, Test Acc 0.7177, time: 9.2401
Part 8, Val Acc 0.8991, Test Acc 0.7165, time: 9.2406
Part 9, Val Acc 0.8902, Test Acc 0.7137, time: 9.2413
Part 25, Val Acc 0.9056, Test Acc 0.7490, time: 9.2421
Part 26, Val Acc 0.9186, Test Acc 0.7483, time: 9.2439
Part 3, Val Acc 0.9422, Test Acc 0.8371, time: 9.2444
Part 7, Val Acc 0.9284, Test Acc 0.8379, time: 9.2446
Part 4, Val Acc 0.9479, Test Acc 0.8380, time: 9.2450
Part 0, Val Acc 0.9349, Test Acc 0.8367, time: 9.2454
Part 5, Val Acc 0.9341, Test Acc 0.8370, time: 9.2454
Part 31, Val Acc 0.9202, Test Acc 0.7465, time: 9.2464
Part 27, Val Acc 0.9211, Test Acc 0.7480, time: 9.2476
Part 18, Val Acc 0.8836, Test Acc 0.7521, time: 9.2488
Part 16, Val Acc 0.8926, Test Acc 0.7511, time: 9.2492
Part 17, Val Acc 0.8739, Test Acc 0.7517, time: 9.2497
Part 12, Val Acc 0.8804, Test Acc 0.7160, time: 9.2519
Part 22, Val Acc 0.8771, Test Acc 0.7497, time: 9.2537
Part 19, Val Acc 0.8788, Test Acc 0.7531, time: 9.2547
Part 11, Val Acc 0.8625, Test Acc 0.7151, time: 9.2547
Part 20, Val Acc 0.8902, Test Acc 0.7532, time: 9.2554
Part 28, Val Acc 0.9203, Test Acc 0.7468, time: 9.2607
Part 24, Val Acc 0.9007, Test Acc 0.7490, time: 9.2614
All parts avg val acc 0.9042, test acc 0.7632
Part 2 | Epoch 00009 | Step 00000 | Loss 0.2858 | Train Acc 0.9170 | Speed (samples/sec) 812.7805 | GPU 2652.9 MB | time 1.232 sPart 6 | Epoch 00009 | Step 00000 | Loss 0.2830 | Train Acc 0.9260 | Speed (samples/sec) 812.4286 | GPU 2661.3 MB | time 1.232 sPart 1 | Epoch 00009 | Step 00000 | Loss 0.2397 | Train Acc 0.9310 | Speed (samples/sec) 812.5104 | GPU 2648.2 MB | time 1.232 s


Part 5 | Epoch 00009 | Step 00000 | Loss 0.2640 | Train Acc 0.9350 | Speed (samples/sec) 813.0968 | GPU 2659.6 MB | time 1.215 s
Part 4 | Epoch 00009 | Step 00000 | Loss 0.2957 | Train Acc 0.9210 | Speed (samples/sec) 813.6045 | GPU 2653.0 MB | time 1.215 sPart 0 | Epoch 00009 | Step 00000 | Loss 0.2315 | Train Acc 0.9330 | Speed (samples/sec) 815.6175 | GPU 2667.8 MB | time 1.198 s

Part 7 | Epoch 00009 | Step 00000 | Loss 0.2544 | Train Acc 0.9280 | Speed (samples/sec) 813.5412 | GPU 2663.1 MB | time 1.216 s
Part 3 | Epoch 00009 | Step 00000 | Loss 0.2713 | Train Acc 0.9200 | Speed (samples/sec) 813.0551 | GPU 2650.3 MB | time 1.216 s
Part 14 | Epoch 00009 | Step 00000 | Loss 0.4901 | Train Acc 0.8650 | Speed (samples/sec) 813.6464 | GPU 2801.2 MB | time 1.220 s
Part 15 | Epoch 00009 | Step 00000 | Loss 0.4783 | Train Acc 0.8710 | Speed (samples/sec) 813.8938 | GPU 2784.4 MB | time 1.224 s
Part 8 | Epoch 00009 | Step 00000 | Loss 0.4499 | Train Acc 0.8800 | Speed (samples/sec) 814.4137 | GPU 2800.7 MB | time 1.220 sPart 9 | Epoch 00009 | Step 00000 | Loss 0.4204 | Train Acc 0.8730 | Speed (samples/sec) 813.6291 | GPU 2798.8 MB | time 1.219 s

Part 13 | Epoch 00009 | Step 00000 | Loss 0.4860 | Train Acc 0.8690 | Speed (samples/sec) 814.0490 | GPU 2774.1 MB | time 1.227 sPart 10 | Epoch 00009 | Step 00000 | Loss 0.4938 | Train Acc 0.8670 | Speed (samples/sec) 813.7545 | GPU 2788.3 MB | time 1.222 s

Part 12 | Epoch 00009 | Step 00000 | Loss 0.5106 | Train Acc 0.8610 | Speed (samples/sec) 813.9374 | GPU 2794.0 MB | time 1.208 s
Part 20 | Epoch 00009 | Step 00000 | Loss 0.5272 | Train Acc 0.8690 | Speed (samples/sec) 813.5748 | GPU 2645.0 MB | time 1.205 sPart 18 | Epoch 00009 | Step 00000 | Loss 0.5905 | Train Acc 0.8440 | Speed (samples/sec) 814.4102 | GPU 2655.5 MB | time 1.211 s

Part 22 | Epoch 00009 | Step 00000 | Loss 0.4665 | Train Acc 0.8650 | Speed (samples/sec) 814.0458 | GPU 2654.2 MB | time 1.207 s
Part 11 | Epoch 00009 | Step 00000 | Loss 0.5014 | Train Acc 0.8580 | Speed (samples/sec) 814.7097 | GPU 2785.1 MB | time 1.206 s
Part 16 | Epoch 00009 | Step 00000 | Loss 0.5194 | Train Acc 0.8730 | Speed (samples/sec) 814.0969 | GPU 2652.0 MB | time 1.211 sPart 19 | Epoch 00009 | Step 00000 | Loss 0.5363 | Train Acc 0.8700 | Speed (samples/sec) 814.5512 | GPU 2654.2 MB | time 1.206 s

Part 30 | Epoch 00009 | Step 00000 | Loss 0.3824 | Train Acc 0.9060 | Speed (samples/sec) 813.9942 | GPU 2707.7 MB | time 1.227 sPart 28 | Epoch 00009 | Step 00000 | Loss 0.3533 | Train Acc 0.9070 | Speed (samples/sec) 814.1723 | GPU 2700.1 MB | time 1.200 s

Part 29 | Epoch 00009 | Step 00000 | Loss 0.3250 | Train Acc 0.9090 | Speed (samples/sec) 814.0505 | GPU 2712.7 MB | time 1.223 s
Part 24 | Epoch 00009 | Step 00000 | Loss 0.3392 | Train Acc 0.9110 | Speed (samples/sec) 814.1223 | GPU 2698.0 MB | time 1.199 sPart 26 | Epoch 00009 | Step 00000 | Loss 0.3626 | Train Acc 0.9100 | Speed (samples/sec) 814.2770 | GPU 2697.6 MB | time 1.217 s

Part 23 | Epoch 00009 | Step 00000 | Loss 0.4700 | Train Acc 0.8720 | Speed (samples/sec) 813.9532 | GPU 2666.7 MB | time 1.223 s
Part 17 | Epoch 00009 | Step 00000 | Loss 0.4705 | Train Acc 0.8850 | Speed (samples/sec) 813.8523 | GPU 2666.2 MB | time 1.210 s
Part 25 | Epoch 00009 | Step 00000 | Loss 0.3318 | Train Acc 0.9090 | Speed (samples/sec) 813.5773 | GPU 2696.3 MB | time 1.219 s
Part 27 | Epoch 00009 | Step 00000 | Loss 0.3164 | Train Acc 0.9180 | Speed (samples/sec) 813.6640 | GPU 2706.5 MB | time 1.214 s
Part 31 | Epoch 00009 | Step 00000 | Loss 0.3106 | Train Acc 0.9280 | Speed (samples/sec) 813.6430 | GPU 2699.2 MB | time 1.214 s
Part 21 | Epoch 00009 | Step 00000 | Loss 0.3764 | Train Acc 0.8970 | Speed (samples/sec) 813.7997 | GPU 2616.2 MB | time 1.224 s
Avg train acc 0.8946
=====================
Part 2, Epoch Time(s): 7.2838
Sampling Time(s): 0.3433
Loading Time(s): 2.6321
Forward Time(s): 0.7378
Backward Time(s): 0.7753
Update Time(s): 0.0051
Emb Update Time(s): 2.7781
#seeds: 6144
#inputs: 2210901
==========================================
Part 1, Epoch Time(s): 7.2841
Sampling Time(s): 0.3340
Loading Time(s): 2.5173
Forward Time(s): 0.8917
Backward Time(s): 0.7458
Update Time(s): 0.0054
Emb Update Time(s): 2.7776
#seeds: 6144
#inputs: 2195380
==========================================
Part 0, Epoch Time(s): 7.2508
Sampling Time(s): 0.3521
Loading Time(s): 2.5035
Forward Time(s): 0.8337
Backward Time(s): 0.7640
Update Time(s): 0.0060
Emb Update Time(s): 2.7768
#seeds: 6144
#inputs: 2214413
=====================
=====================
Part 3, Epoch Time(s): 7.2683
Sampling Time(s): 0.3668
Loading Time(s): 2.7018
Forward Time(s): 0.6683
Backward Time(s): 0.7354
Update Time(s): 0.0057
Emb Update Time(s): 2.7858
#seeds: 6145
#inputs: 2190183
=====================
=====================
Part 4, Epoch Time(s): 7.2677
Sampling Time(s): 0.3551
Loading Time(s): 2.5689
Forward Time(s): 0.7741
Backward Time(s): 0.7734
Update Time(s): 0.0061
Emb Update Time(s): 2.7777
#seeds: 6145
#inputs: 2209939
==========================================
Part 5, Epoch Time(s): 7.2673
Sampling Time(s): 0.3489
Loading Time(s): 2.4588
Forward Time(s): 0.8885
Backward Time(s): 0.7745
Update Time(s): 0.0055
Emb Update Time(s): 2.7787
#seeds: 6144
#inputs: 2206111
==========================================
Part 6, Epoch Time(s): 7.2846
Sampling Time(s): 0.3506
Loading Time(s): 2.4719
Forward Time(s): 0.8915
Backward Time(s): 0.7743
Update Time(s): 0.0052
Emb Update Time(s): 2.7789
#seeds: 6144
#inputs: 2213731
=====================

=====================
Part 7, Epoch Time(s): 7.2680
Sampling Time(s): 0.4740
Loading Time(s): 2.4866
Forward Time(s): 0.7510
Backward Time(s): 0.7592
Update Time(s): 0.0067
Emb Update Time(s): 2.7778
#seeds: 6144
#inputs: 2198677
=====================



=====================
Part 16, Epoch Time(s): 7.2635
Sampling Time(s): 0.3875
Loading Time(s): 2.5656
Forward Time(s): 0.7380
Backward Time(s): 0.7749
Update Time(s): 0.0050
Emb Update Time(s): 2.7792
#seeds: 6144
#inputs: 2217458
==========================================
Part 18, Epoch Time(s): 7.2638
Sampling Time(s): 0.3538
Loading Time(s): 2.2934
Forward Time(s): 1.0454
Backward Time(s): 0.7746
Update Time(s): 0.0050
Emb Update Time(s): 2.7791
#seeds: 6144
#inputs: 2202378
==========================================
Part 17, Epoch Time(s): 7.2627
Sampling Time(s): 0.3643
Loading Time(s): 2.6103
Forward Time(s): 0.7334
Backward Time(s): 0.7566
Update Time(s): 0.0052
Emb Update Time(s): 2.7788
#seeds: 6144
#inputs: 2201279
==========================================
Part 19, Epoch Time(s): 7.2582
Sampling Time(s): 0.3658
Loading Time(s): 2.2857
Forward Time(s): 1.0353
Backward Time(s): 0.7744
Update Time(s): 0.0056
Emb Update Time(s): 2.7785
#seeds: 6145
#inputs: 2210582
==========================================
Part 22, Epoch Time(s): 7.2591
Sampling Time(s): 0.3465
Loading Time(s): 2.3479
Forward Time(s): 0.9931
Backward Time(s): 0.7741
Update Time(s): 0.0052
Emb Update Time(s): 2.7795
#seeds: 6145
#inputs: 2204007
=====================



=====================
Part 20, Epoch Time(s): 7.2574
Sampling Time(s): 0.3914
Loading Time(s): 2.1409
Forward Time(s): 1.1532
Backward Time(s): 0.7743
Update Time(s): 0.0053
Emb Update Time(s): 2.7797
#seeds: 6144
#inputs: 2197523
=====================
=====================
Part 21, Epoch Time(s): 7.2751
Sampling Time(s): 0.3492
Loading Time(s): 2.5719
Forward Time(s): 0.7799
Backward Time(s): 0.7742
Update Time(s): 0.0056
Emb Update Time(s): 2.7809
#seeds: 6144
#inputs: 2179295
=====================
=====================
Part 23, Epoch Time(s): 7.2758
Sampling Time(s): 0.3845
Loading Time(s): 2.4729
Forward Time(s): 0.8455
Backward Time(s): 0.7740
Update Time(s): 0.0054
Emb Update Time(s): 2.7796
#seeds: 6144
#inputs: 2234016
=====================

=====================
Part 28, Epoch Time(s): 7.2518
Sampling Time(s): 0.3821
Loading Time(s): 2.3923
Forward Time(s): 0.9051
Backward Time(s): 0.7738
Update Time(s): 0.0052
Emb Update Time(s): 2.7807
#seeds: 6144
#inputs: 2248002
==========================================
Part 29, Epoch Time(s): 7.2752
Sampling Time(s): 0.3277
Loading Time(s): 2.3570
Forward Time(s): 1.0306
Backward Time(s): 0.7619
Update Time(s): 0.0051
Emb Update Time(s): 2.7804
#seeds: 6144
#inputs: 2261586
==========================================
Part 24, Epoch Time(s): 7.2510
Sampling Time(s): 0.3837
Loading Time(s): 2.6090
Forward Time(s): 0.6858
Backward Time(s): 0.7744
Update Time(s): 0.0052
Emb Update Time(s): 2.7801
#seeds: 6144
#inputs: 2253231
=====================
=====================
Part 25, Epoch Time(s): 7.2704
Sampling Time(s): 0.3853
Loading Time(s): 2.5536
Forward Time(s): 0.7768
Backward Time(s): 0.7557
Update Time(s): 0.0060
Emb Update Time(s): 2.7801
#seeds: 6144
#inputs: 2244844
==========================================
Part 26, Epoch Time(s): 7.2688
Sampling Time(s): 0.3333
Loading Time(s): 2.6495
Forward Time(s): 0.7140
Backward Time(s): 0.7740
Update Time(s): 0.0055
Emb Update Time(s): 2.7798
#seeds: 6144
#inputs: 2262007
=====================
=====================
Part 30, Epoch Time(s): 7.2790
Sampling Time(s): 0.3551
Loading Time(s): 2.4839
Forward Time(s): 0.8697
Backward Time(s): 0.7722
Update Time(s): 0.0053
Emb Update Time(s): 2.7801
#seeds: 6144
#inputs: 2265737
==========================================
Part 27, Epoch Time(s): 7.2652
Sampling Time(s): 0.3279
Loading Time(s): 2.6823
Forward Time(s): 0.6823
Backward Time(s): 0.7741
Update Time(s): 0.0058
Emb Update Time(s): 2.7799
#seeds: 6145
#inputs: 2259812
=====================
=====================
Part 31, Epoch Time(s): 7.2658
Sampling Time(s): 0.4007
Loading Time(s): 2.7540
Forward Time(s): 0.5859
Backward Time(s): 0.7263
Update Time(s): 0.0068
Emb Update Time(s): 2.7787
#seeds: 6144
#inputs: 2241073
=====================




=====================
Part 8, Epoch Time(s): 7.2721
Sampling Time(s): 0.3902
Loading Time(s): 2.6691
Forward Time(s): 0.6494
Backward Time(s): 0.7662
Update Time(s): 0.0053
Emb Update Time(s): 2.7796
#seeds: 6145
#inputs: 2340079
=====================
=====================
Part 9, Epoch Time(s): 7.2712
Sampling Time(s): 0.4660
Loading Time(s): 2.8817
Forward Time(s): 0.4534
Backward Time(s): 0.6757
Update Time(s): 0.0056
Emb Update Time(s): 2.7767
#seeds: 6144
#inputs: 2352984
==========================================
Part 10, Epoch Time(s): 7.2741
Sampling Time(s): 0.3540
Loading Time(s): 2.4971
Forward Time(s): 0.8512
Backward Time(s): 0.7736
Update Time(s): 0.0055
Emb Update Time(s): 2.7801
#seeds: 6144
#inputs: 2326963
==========================================
Part 11, Epoch Time(s): 7.2580
Sampling Time(s): 0.3593
Loading Time(s): 2.8207
Forward Time(s): 0.5831
Backward Time(s): 0.6962
Update Time(s): 0.0059
Emb Update Time(s): 2.7802
#seeds: 6145
#inputs: 2346080
=====================
=====================
Part 15, Epoch Time(s): 7.2766
Sampling Time(s): 0.3692
Loading Time(s): 2.9050
Forward Time(s): 0.4684
Backward Time(s): 0.7374
Update Time(s): 0.0052
Emb Update Time(s): 2.7793
#seeds: 6144
#inputs: 2340802
==========================================
Part 13, Epoch Time(s): 7.2795
Sampling Time(s): 0.3980
Loading Time(s): 2.6893
Forward Time(s): 0.6383
Backward Time(s): 0.7545
Update Time(s): 0.0059
Emb Update Time(s): 2.7808
#seeds: 6144
#inputs: 2331895
=====================

=====================
Part 12, Epoch Time(s): 7.2605
Sampling Time(s): 0.3847
Loading Time(s): 2.6633
Forward Time(s): 0.6573
Backward Time(s): 0.7565
Update Time(s): 0.0060
Emb Update Time(s): 2.7804
#seeds: 6144
#inputs: 2347248
=====================


=====================
Part 14, Epoch Time(s): 7.2725
Sampling Time(s): 0.3788
Loading Time(s): 2.9266
Forward Time(s): 0.4335
Backward Time(s): 0.7367
Update Time(s): 0.0060
Emb Update Time(s): 2.7787
#seeds: 6144
#inputs: 2356666
=====================
|V|=2449029, eval batch size: 100000
|V|=2449029, eval batch size: 100000
|V|=2449029, eval batch size: 100000
|V|=2449029, eval batch size: 100000
|V|=2449029, eval batch size: 100000
|V|=2449029, eval batch size: 100000
|V|=2449029, eval batch size: 100000
|V|=2449029, eval batch size: 100000
|V|=2449029, eval batch size: 100000
|V|=2449029, eval batch size: 100000
|V|=2449029, eval batch size: 100000
|V|=2449029, eval batch size: 100000
|V|=2449029, eval batch size: 100000
|V|=2449029, eval batch size: 100000|V|=2449029, eval batch size: 100000

|V|=2449029, eval batch size: 100000
|V|=2449029, eval batch size: 100000
|V|=2449029, eval batch size: 100000
|V|=2449029, eval batch size: 100000
|V|=2449029, eval batch size: 100000
|V|=2449029, eval batch size: 100000
|V|=2449029, eval batch size: 100000
|V|=2449029, eval batch size: 100000
|V|=2449029, eval batch size: 100000
|V|=2449029, eval batch size: 100000
|V|=2449029, eval batch size: 100000
|V|=2449029, eval batch size: 100000
|V|=2449029, eval batch size: 100000
|V|=2449029, eval batch size: 100000
|V|=2449029, eval batch size: 100000
|V|=2449029, eval batch size: 100000
|V|=2449029, eval batch size: 100000
|V|=2449029, eval batch size: 100000
|V|=2449029, eval batch size: 100000
|V|=2449029, eval batch size: 100000
|V|=2449029, eval batch size: 100000
|V|=2449029, eval batch size: 100000
|V|=2449029, eval batch size: 100000|V|=2449029, eval batch size: 100000

|V|=2449029, eval batch size: 100000
|V|=2449029, eval batch size: 100000|V|=2449029, eval batch size: 100000

|V|=2449029, eval batch size: 100000
|V|=2449029, eval batch size: 100000
|V|=2449029, eval batch size: 100000
|V|=2449029, eval batch size: 100000
|V|=2449029, eval batch size: 100000
|V|=2449029, eval batch size: 100000
|V|=2449029, eval batch size: 100000
|V|=2449029, eval batch size: 100000
|V|=2449029, eval batch size: 100000
|V|=2449029, eval batch size: 100000
|V|=2449029, eval batch size: 100000
|V|=2449029, eval batch size: 100000
|V|=2449029, eval batch size: 100000
|V|=2449029, eval batch size: 100000
|V|=2449029, eval batch size: 100000
|V|=2449029, eval batch size: 100000
|V|=2449029, eval batch size: 100000
|V|=2449029, eval batch size: 100000
|V|=2449029, eval batch size: 100000
|V|=2449029, eval batch size: 100000
|V|=2449029, eval batch size: 100000
|V|=2449029, eval batch size: 100000
|V|=2449029, eval batch size: 100000
|V|=2449029, eval batch size: 100000
|V|=2449029, eval batch size: 100000
|V|=2449029, eval batch size: 100000
|V|=2449029, eval batch size: 100000
|V|=2449029, eval batch size: 100000
|V|=2449029, eval batch size: 100000
|V|=2449029, eval batch size: 100000
|V|=2449029, eval batch size: 100000
|V|=2449029, eval batch size: 100000
|V|=2449029, eval batch size: 100000
|V|=2449029, eval batch size: 100000
|V|=2449029, eval batch size: 100000
|V|=2449029, eval batch size: 100000
|V|=2449029, eval batch size: 100000
|V|=2449029, eval batch size: 100000
|V|=2449029, eval batch size: 100000
|V|=2449029, eval batch size: 100000|V|=2449029, eval batch size: 100000

|V|=2449029, eval batch size: 100000
|V|=2449029, eval batch size: 100000
|V|=2449029, eval batch size: 100000
|V|=2449029, eval batch size: 100000
|V|=2449029, eval batch size: 100000
|V|=2449029, eval batch size: 100000
|V|=2449029, eval batch size: 100000
|V|=2449029, eval batch size: 100000
|V|=2449029, eval batch size: 100000
|V|=2449029, eval batch size: 100000
|V|=2449029, eval batch size: 100000
|V|=2449029, eval batch size: 100000
|V|=2449029, eval batch size: 100000
|V|=2449029, eval batch size: 100000
|V|=2449029, eval batch size: 100000
|V|=2449029, eval batch size: 100000
|V|=2449029, eval batch size: 100000
|V|=2449029, eval batch size: 100000
|V|=2449029, eval batch size: 100000
|V|=2449029, eval batch size: 100000
|V|=2449029, eval batch size: 100000
|V|=2449029, eval batch size: 100000
|V|=2449029, eval batch size: 100000
|V|=2449029, eval batch size: 100000
|V|=2449029, eval batch size: 100000
|V|=2449029, eval batch size: 100000
|V|=2449029, eval batch size: 100000
|V|=2449029, eval batch size: 100000
|V|=2449029, eval batch size: 100000
|V|=2449029, eval batch size: 100000
|V|=2449029, eval batch size: 100000
|V|=2449029, eval batch size: 100000
|V|=2449029, eval batch size: 100000
|V|=2449029, eval batch size: 100000
|V|=2449029, eval batch size: 100000
|V|=2449029, eval batch size: 100000
|V|=2449029, eval batch size: 100000
|V|=2449029, eval batch size: 100000
|V|=2449029, eval batch size: 100000
|V|=2449029, eval batch size: 100000
|V|=2449029, eval batch size: 100000|V|=2449029, eval batch size: 100000

|V|=2449029, eval batch size: 100000
|V|=2449029, eval batch size: 100000
|V|=2449029, eval batch size: 100000
Part 6, Val Acc 0.9422, Test Acc 0.8349, time: 9.2189
Part 1, Val Acc 0.9438, Test Acc 0.8376, time: 9.2210
Part 27, Val Acc 0.9219, Test Acc 0.7567, time: 9.2233
Part 2, Val Acc 0.9317, Test Acc 0.8348, time: 9.2258
Part 13, Val Acc 0.8828, Test Acc 0.7228, time: 9.2293
Part 21, Val Acc 0.8770, Test Acc 0.7681, time: 9.2297
Part 17, Val Acc 0.8828, Test Acc 0.7665, time: 9.2301
Part 23, Val Acc 0.8942, Test Acc 0.7677, time: 9.2309
Part 0, Val Acc 0.9333, Test Acc 0.8347, time: 9.2319
Part 9, Val Acc 0.8910, Test Acc 0.7220, time: 9.2329
Part 11, Val Acc 0.8633, Test Acc 0.7248, time: 9.2336
Part 12, Val Acc 0.8845, Test Acc 0.7243, time: 9.2336
Part 15, Val Acc 0.8674, Test Acc 0.7252, time: 9.2339
Part 5, Val Acc 0.9308, Test Acc 0.8359, time: 9.2358
Part 22, Val Acc 0.8804, Test Acc 0.7660, time: 9.2357
Part 7, Val Acc 0.9300, Test Acc 0.8370, time: 9.2366
Part 10, Val Acc 0.8852, Test Acc 0.7228, time: 9.2371
Part 24, Val Acc 0.8999, Test Acc 0.7574, time: 9.2378
Part 3, Val Acc 0.9414, Test Acc 0.8365, time: 9.2382
Part 20, Val Acc 0.8926, Test Acc 0.7689, time: 9.2385
Part 4, Val Acc 0.9471, Test Acc 0.8361, time: 9.2393
Part 25, Val Acc 0.9113, Test Acc 0.7566, time: 9.2413
Part 26, Val Acc 0.9186, Test Acc 0.7554, time: 9.2429
Part 28, Val Acc 0.9235, Test Acc 0.7542, time: 9.2435
Part 16, Val Acc 0.8934, Test Acc 0.7667, time: 9.2448
Part 31, Val Acc 0.9226, Test Acc 0.7538, time: 9.2456
Part 19, Val Acc 0.8804, Test Acc 0.7672, time: 9.2474
Part 8, Val Acc 0.9024, Test Acc 0.7245, time: 9.2477
Part 18, Val Acc 0.8877, Test Acc 0.7672, time: 9.2487
Part 14, Val Acc 0.8714, Test Acc 0.7260, time: 9.2490
Part 30, Val Acc 0.9186, Test Acc 0.7560, time: 9.2522
Part 29, Val Acc 0.9146, Test Acc 0.7570, time: 9.2531
All parts avg val acc 0.9052, test acc 0.7708
Part 29 | Epoch 00010 | Step 00000 | Loss 0.3358 | Train Acc 0.9040 | Speed (samples/sec) 812.4090 | GPU 2712.7 MB | time 1.302 sPart 28 | Epoch 00010 | Step 00000 | Loss 0.2650 | Train Acc 0.9310 | Speed (samples/sec) 812.4219 | GPU 2700.1 MB | time 1.313 s

Part 25 | Epoch 00010 | Step 00000 | Loss 0.3159 | Train Acc 0.9060 | Speed (samples/sec) 811.8859 | GPU 2696.3 MB | time 1.315 s
Part 30 | Epoch 00010 | Step 00000 | Loss 0.3772 | Train Acc 0.8960 | Speed (samples/sec) 812.3384 | GPU 2707.7 MB | time 1.305 s
Part 27 | Epoch 00010 | Step 00000 | Loss 0.3429 | Train Acc 0.9030 | Speed (samples/sec) 811.8288 | GPU 2708.7 MB | time 1.334 sPart 24 | Epoch 00010 | Step 00000 | Loss 0.3038 | Train Acc 0.9180 | Speed (samples/sec) 812.3324 | GPU 2701.8 MB | time 1.319 s

Part 31 | Epoch 00010 | Step 00000 | Loss 0.3641 | Train Acc 0.9110 | Speed (samples/sec) 811.9805 | GPU 2699.2 MB | time 1.311 s
Part 11 | Epoch 00010 | Step 00000 | Loss 0.4567 | Train Acc 0.8700 | Speed (samples/sec) 812.8499 | GPU 2785.1 MB | time 1.323 s
Part 12 | Epoch 00010 | Step 00000 | Loss 0.4683 | Train Acc 0.8670 | Speed (samples/sec) 812.1256 | GPU 2794.0 MB | time 1.323 s
Part 10 | Epoch 00010 | Step 00000 | Loss 0.4754 | Train Acc 0.8580 | Speed (samples/sec) 811.9904 | GPU 2788.3 MB | time 1.320 s
Part 26 | Epoch 00010 | Step 00000 | Loss 0.3550 | Train Acc 0.9110 | Speed (samples/sec) 812.5130 | GPU 2697.6 MB | time 1.314 s
Part 13 | Epoch 00010 | Step 00000 | Loss 0.4623 | Train Acc 0.8780 | Speed (samples/sec) 812.1902 | GPU 2774.1 MB | time 1.328 s
Part 18 | Epoch 00010 | Step 00000 | Loss 0.5550 | Train Acc 0.8580 | Speed (samples/sec) 812.6803 | GPU 2655.5 MB | time 1.308 sPart 20 | Epoch 00010 | Step 00000 | Loss 0.5162 | Train Acc 0.8760 | Speed (samples/sec) 811.8416 | GPU 2645.0 MB | time 1.319 s

Part 4 | Epoch 00010 | Step 00000 | Loss 0.2305 | Train Acc 0.9320 | Speed (samples/sec) 811.9011 | GPU 2658.3 MB | time 1.318 sPart 0 | Epoch 00010 | Step 00000 | Loss 0.2765 | Train Acc 0.9230 | Speed (samples/sec) 813.8339 | GPU 2667.8 MB | time 1.302 s

Part 3 | Epoch 00010 | Step 00000 | Loss 0.2481 | Train Acc 0.9330 | Speed (samples/sec) 811.3351 | GPU 2650.3 MB | time 1.319 s
Part 5 | Epoch 00010 | Step 00000 | Loss 0.2671 | Train Acc 0.9300 | Speed (samples/sec) 811.3843 | GPU 2659.6 MB | time 1.321 s
Part 15 | Epoch 00010 | Step 00000 | Loss 0.4166 | Train Acc 0.8730 | Speed (samples/sec) 812.0829 | GPU 2784.4 MB | time 1.323 s
Part 8 | Epoch 00010 | Step 00000 | Loss 0.4793 | Train Acc 0.8670 | Speed (samples/sec) 812.6968 | GPU 2800.7 MB | time 1.309 s
Part 17 | Epoch 00010 | Step 00000 | Loss 0.4895 | Train Acc 0.8790 | Speed (samples/sec) 812.0376 | GPU 2666.2 MB | time 1.326 sPart 22 | Epoch 00010 | Step 00000 | Loss 0.4671 | Train Acc 0.8720 | Speed (samples/sec) 812.2697 | GPU 2654.2 MB | time 1.321 s

Part 1 | Epoch 00010 | Step 00000 | Loss 0.2547 | Train Acc 0.9330 | Speed (samples/sec) 810.7349 | GPU 2648.2 MB | time 1.336 s
Part 2 | Epoch 00010 | Step 00000 | Loss 0.2911 | Train Acc 0.9230 | Speed (samples/sec) 811.0181 | GPU 2652.9 MB | time 1.331 s
Part 19 | Epoch 00010 | Step 00000 | Loss 0.4903 | Train Acc 0.8680 | Speed (samples/sec) 812.8245 | GPU 2654.2 MB | time 1.310 s
Part 9 | Epoch 00010 | Step 00000 | Loss 0.4085 | Train Acc 0.8880 | Speed (samples/sec) 811.8381 | GPU 2798.8 MB | time 1.324 s
Part 14 | Epoch 00010 | Step 00000 | Loss 0.4161 | Train Acc 0.8810 | Speed (samples/sec) 811.9905 | GPU 2823.6 MB | time 1.308 s
Part 16 | Epoch 00010 | Step 00000 | Loss 0.4145 | Train Acc 0.8950 | Speed (samples/sec) 812.3690 | GPU 2652.0 MB | time 1.312 s
Part 21 | Epoch 00010 | Step 00000 | Loss 0.4197 | Train Acc 0.8960 | Speed (samples/sec) 811.9888 | GPU 2616.2 MB | time 1.327 s
Part 23 | Epoch 00010 | Step 00000 | Loss 0.4515 | Train Acc 0.8820 | Speed (samples/sec) 812.1292 | GPU 2679.5 MB | time 1.326 s
Part 7 | Epoch 00010 | Step 00000 | Loss 0.2231 | Train Acc 0.9410 | Speed (samples/sec) 811.7958 | GPU 2663.1 MB | time 1.321 s
Part 6 | Epoch 00010 | Step 00000 | Loss 0.2677 | Train Acc 0.9180 | Speed (samples/sec) 810.6420 | GPU 2661.3 MB | time 1.339 s
Avg train acc 0.8975
=====================
Part 2, Epoch Time(s): 7.3299
Sampling Time(s): 0.3300
Loading Time(s): 2.2505
Forward Time(s): 0.9558
Backward Time(s): 0.7728
Update Time(s): 0.0049
Emb Update Time(s): 3.0044
#seeds: 6144
#inputs: 2210846
==========================================
Part 6, Epoch Time(s): 7.3368
Sampling Time(s): 0.3660
Loading Time(s): 2.3743
Forward Time(s): 0.8078
Backward Time(s): 0.7666
Update Time(s): 0.0050
Emb Update Time(s): 3.0054
#seeds: 6144
#inputs: 2216934
==========================================
Part 0, Epoch Time(s): 7.3009
Sampling Time(s): 0.3369
Loading Time(s): 2.4746
Forward Time(s): 0.6995
Backward Time(s): 0.7684
Update Time(s): 0.0051
Emb Update Time(s): 3.0042
#seeds: 6144
#inputs: 2220942
==========================================
Part 1, Epoch Time(s): 7.3348
Sampling Time(s): 0.3488
Loading Time(s): 2.4168
Forward Time(s): 0.7753
Backward Time(s): 0.7729
Update Time(s): 0.0052
Emb Update Time(s): 3.0042
#seeds: 6144
#inputs: 2203775
=====================


=====================
Part 3, Epoch Time(s): 7.3176
Sampling Time(s): 0.3528
Loading Time(s): 2.4322
Forward Time(s): 0.7388
Backward Time(s): 0.7726
Update Time(s): 0.0052
Emb Update Time(s): 3.0046
#seeds: 6145
#inputs: 2185225
=====================
=====================
Part 5, Epoch Time(s): 7.3199
Sampling Time(s): 0.3301
Loading Time(s): 2.4659
Forward Time(s): 0.7316
Backward Time(s): 0.7711
Update Time(s): 0.0054
Emb Update Time(s): 3.0046
#seeds: 6144
#inputs: 2212805
==========================================
Part 4, Epoch Time(s): 7.3164
Sampling Time(s): 0.3503
Loading Time(s): 2.3967
Forward Time(s): 0.7685
Backward Time(s): 0.7726
Update Time(s): 0.0051
Emb Update Time(s): 3.0124
#seeds: 6145
#inputs: 2214293
=====================
=====================
Part 7, Epoch Time(s): 7.3191
Sampling Time(s): 0.5664
Loading Time(s): 2.2454
Forward Time(s): 0.7150
Backward Time(s): 0.7705
Update Time(s): 0.0062
Emb Update Time(s): 3.0041
#seeds: 6144
#inputs: 2197584
=====================


=====================
Part 17, Epoch Time(s): 7.3253
Sampling Time(s): 0.3421
Loading Time(s): 2.4563
Forward Time(s): 0.7325
Backward Time(s): 0.7717
Update Time(s): 0.0051
Emb Update Time(s): 3.0057
#seeds: 6144
#inputs: 2197629
==========================================
Part 23, Epoch Time(s): 7.3250
Sampling Time(s): 0.3483
Loading Time(s): 2.3921
Forward Time(s): 0.7897
Backward Time(s): 0.7706
Update Time(s): 0.0057
Emb Update Time(s): 3.0063
#seeds: 6144
#inputs: 2223409
==========================================
Part 16, Epoch Time(s): 7.3112
Sampling Time(s): 0.3410
Loading Time(s): 2.4131
Forward Time(s): 0.7618
Backward Time(s): 0.7718
Update Time(s): 0.0051
Emb Update Time(s): 3.0059
#seeds: 6144
#inputs: 2226065
==========================================
Part 22, Epoch Time(s): 7.3201
Sampling Time(s): 0.3892
Loading Time(s): 2.3585
Forward Time(s): 0.7789
Backward Time(s): 0.7707
Update Time(s): 0.0052
Emb Update Time(s): 3.0066
#seeds: 6145
#inputs: 2202748
==========================================
Part 20, Epoch Time(s): 7.3174
Sampling Time(s): 0.4088
Loading Time(s): 2.1963
Forward Time(s): 0.9186
Backward Time(s): 0.7709
Update Time(s): 0.0056
Emb Update Time(s): 3.0062
#seeds: 6144
#inputs: 2197504
==========================================
Part 19, Epoch Time(s): 7.3084
Sampling Time(s): 0.4029
Loading Time(s): 2.4392
Forward Time(s): 0.7052
Backward Time(s): 0.7377
Update Time(s): 0.0058
Emb Update Time(s): 3.0058
#seeds: 6145
#inputs: 2210308
==========================================
Part 18, Epoch Time(s): 7.3069
Sampling Time(s): 0.3280
Loading Time(s): 2.4617
Forward Time(s): 0.7238
Backward Time(s): 0.7716
Update Time(s): 0.0056
Emb Update Time(s): 3.0051
#seeds: 6144
#inputs: 2200495
=====================






=====================
Part 21, Epoch Time(s): 7.3259
Sampling Time(s): 0.3629
Loading Time(s): 2.4426
Forward Time(s): 0.7250
Backward Time(s): 0.7708
Update Time(s): 0.0057
Emb Update Time(s): 3.0065
#seeds: 6144
#inputs: 2183416
=====================
=====================
Part 28, Epoch Time(s): 7.3120
Sampling Time(s): 0.3929
Loading Time(s): 2.4992
Forward Time(s): 0.6538
Backward Time(s): 0.7436
Update Time(s): 0.0055
Emb Update Time(s): 3.0066
#seeds: 6144
#inputs: 2251805
==========================================
Part 29, Epoch Time(s): 7.3011
Sampling Time(s): 0.3385
Loading Time(s): 2.4068
Forward Time(s): 0.7626
Backward Time(s): 0.7706
Update Time(s): 0.0051
Emb Update Time(s): 3.0071
#seeds: 6144
#inputs: 2266584
==========================================
Part 27, Epoch Time(s): 7.3325
Sampling Time(s): 0.3579
Loading Time(s): 2.6290
Forward Time(s): 0.5690
Backward Time(s): 0.7538
Update Time(s): 0.0055
Emb Update Time(s): 3.0065
#seeds: 6145
#inputs: 2264451
==========================================
Part 25, Epoch Time(s): 7.3133
Sampling Time(s): 0.4075
Loading Time(s): 2.4400
Forward Time(s): 0.6723
Backward Time(s): 0.7710
Update Time(s): 0.0063
Emb Update Time(s): 3.0054
#seeds: 6144
#inputs: 2245997
==========================================
Part 30, Epoch Time(s): 7.3034
Sampling Time(s): 0.3463
Loading Time(s): 2.4258
Forward Time(s): 0.7381
Backward Time(s): 0.7706
Update Time(s): 0.0051
Emb Update Time(s): 3.0070
#seeds: 6144
#inputs: 2267662
=====================

=====================
Part 26, Epoch Time(s): 7.3130
Sampling Time(s): 0.3425
Loading Time(s): 2.5085
Forward Time(s): 0.6686
Backward Time(s): 0.7707
Update Time(s): 0.0056
Emb Update Time(s): 3.0063
#seeds: 6144
#inputs: 2252945
=====================
=====================
Part 24, Epoch Time(s): 7.3178
Sampling Time(s): 0.3479
Loading Time(s): 2.8074
Forward Time(s): 0.4135
Backward Time(s): 0.7281
Update Time(s): 0.0055
Emb Update Time(s): 3.0047
#seeds: 6144
#inputs: 2253483
=====================


=====================
Part 31, Epoch Time(s): 7.3097
Sampling Time(s): 0.4083
Loading Time(s): 2.6341
Forward Time(s): 0.5000
Backward Time(s): 0.7437
Update Time(s): 0.0059
Emb Update Time(s): 3.0065
#seeds: 6144
#inputs: 2245854
=====================

=====================
Part 11, Epoch Time(s): 7.3222
Sampling Time(s): 0.3574
Loading Time(s): 2.7554
Forward Time(s): 0.5032
Backward Time(s): 0.6857
Update Time(s): 0.0051
Emb Update Time(s): 3.0050
#seeds: 6145
#inputs: 2340320
==========================================
Part 10, Epoch Time(s): 7.3187
Sampling Time(s): 0.3579
Loading Time(s): 2.5917
Forward Time(s): 0.5793
Backward Time(s): 0.7681
Update Time(s): 0.0051
Emb Update Time(s): 3.0061
#seeds: 6144
#inputs: 2333658
==========================================
Part 12, Epoch Time(s): 7.3217
Sampling Time(s): 0.3936
Loading Time(s): 2.8361
Forward Time(s): 0.4072
Backward Time(s): 0.6644
Update Time(s): 0.0052
Emb Update Time(s): 3.0046
#seeds: 6144
#inputs: 2347825
=====================


=====================
Part 15, Epoch Time(s): 7.3219
Sampling Time(s): 0.3443
Loading Time(s): 2.7284
Forward Time(s): 0.4803
Backward Time(s): 0.7459
Update Time(s): 0.0052
Emb Update Time(s): 3.0069
#seeds: 6144
#inputs: 2350165
==========================================
Part 8, Epoch Time(s): 7.3080
Sampling Time(s): 0.3860
Loading Time(s): 2.8283
Forward Time(s): 0.3614
Backward Time(s): 0.7111
Update Time(s): 0.0057
Emb Update Time(s): 3.0043
#seeds: 6145
#inputs: 2339991
==========================================
Part 9, Epoch Time(s): 7.3228
Sampling Time(s): 0.3733
Loading Time(s): 2.9050
Forward Time(s): 0.3186
Backward Time(s): 0.7043
Update Time(s): 0.0058
Emb Update Time(s): 3.0047
#seeds: 6144
#inputs: 2346314
==========================================
Part 13, Epoch Time(s): 7.3263
Sampling Time(s): 0.4034
Loading Time(s): 2.5504
Forward Time(s): 0.5787
Backward Time(s): 0.7706
Update Time(s): 0.0056
Emb Update Time(s): 3.0068
#seeds: 6144
#inputs: 2334428
==========================================
Part 14, Epoch Time(s): 7.3065
Sampling Time(s): 0.3836
Loading Time(s): 2.6469
Forward Time(s): 0.5106
Backward Time(s): 0.7418
Update Time(s): 0.0064
Emb Update Time(s): 3.0058
#seeds: 6144
#inputs: 2355246
=====================




|V|=2449029, eval batch size: 100000
|V|=2449029, eval batch size: 100000
|V|=2449029, eval batch size: 100000
|V|=2449029, eval batch size: 100000
|V|=2449029, eval batch size: 100000
|V|=2449029, eval batch size: 100000
|V|=2449029, eval batch size: 100000
|V|=2449029, eval batch size: 100000
|V|=2449029, eval batch size: 100000
|V|=2449029, eval batch size: 100000
|V|=2449029, eval batch size: 100000
|V|=2449029, eval batch size: 100000
|V|=2449029, eval batch size: 100000
|V|=2449029, eval batch size: 100000
|V|=2449029, eval batch size: 100000
|V|=2449029, eval batch size: 100000
|V|=2449029, eval batch size: 100000
|V|=2449029, eval batch size: 100000
|V|=2449029, eval batch size: 100000
|V|=2449029, eval batch size: 100000
|V|=2449029, eval batch size: 100000
|V|=2449029, eval batch size: 100000
|V|=2449029, eval batch size: 100000
|V|=2449029, eval batch size: 100000
|V|=2449029, eval batch size: 100000
|V|=2449029, eval batch size: 100000
|V|=2449029, eval batch size: 100000
|V|=2449029, eval batch size: 100000
|V|=2449029, eval batch size: 100000
|V|=2449029, eval batch size: 100000
|V|=2449029, eval batch size: 100000
|V|=2449029, eval batch size: 100000
|V|=2449029, eval batch size: 100000
|V|=2449029, eval batch size: 100000
|V|=2449029, eval batch size: 100000
|V|=2449029, eval batch size: 100000
|V|=2449029, eval batch size: 100000
|V|=2449029, eval batch size: 100000
|V|=2449029, eval batch size: 100000
|V|=2449029, eval batch size: 100000
|V|=2449029, eval batch size: 100000
|V|=2449029, eval batch size: 100000
|V|=2449029, eval batch size: 100000
|V|=2449029, eval batch size: 100000
|V|=2449029, eval batch size: 100000
|V|=2449029, eval batch size: 100000
|V|=2449029, eval batch size: 100000
|V|=2449029, eval batch size: 100000
|V|=2449029, eval batch size: 100000
|V|=2449029, eval batch size: 100000
|V|=2449029, eval batch size: 100000
|V|=2449029, eval batch size: 100000
|V|=2449029, eval batch size: 100000
|V|=2449029, eval batch size: 100000
|V|=2449029, eval batch size: 100000
|V|=2449029, eval batch size: 100000
|V|=2449029, eval batch size: 100000
|V|=2449029, eval batch size: 100000
|V|=2449029, eval batch size: 100000
|V|=2449029, eval batch size: 100000
|V|=2449029, eval batch size: 100000
|V|=2449029, eval batch size: 100000
|V|=2449029, eval batch size: 100000
|V|=2449029, eval batch size: 100000
|V|=2449029, eval batch size: 100000
|V|=2449029, eval batch size: 100000
|V|=2449029, eval batch size: 100000
|V|=2449029, eval batch size: 100000
|V|=2449029, eval batch size: 100000
|V|=2449029, eval batch size: 100000
|V|=2449029, eval batch size: 100000
|V|=2449029, eval batch size: 100000
|V|=2449029, eval batch size: 100000
|V|=2449029, eval batch size: 100000
|V|=2449029, eval batch size: 100000
|V|=2449029, eval batch size: 100000
|V|=2449029, eval batch size: 100000
|V|=2449029, eval batch size: 100000
|V|=2449029, eval batch size: 100000
|V|=2449029, eval batch size: 100000
|V|=2449029, eval batch size: 100000
|V|=2449029, eval batch size: 100000
|V|=2449029, eval batch size: 100000
|V|=2449029, eval batch size: 100000
|V|=2449029, eval batch size: 100000
|V|=2449029, eval batch size: 100000
|V|=2449029, eval batch size: 100000
|V|=2449029, eval batch size: 100000
|V|=2449029, eval batch size: 100000
|V|=2449029, eval batch size: 100000
|V|=2449029, eval batch size: 100000
|V|=2449029, eval batch size: 100000
|V|=2449029, eval batch size: 100000
|V|=2449029, eval batch size: 100000
|V|=2449029, eval batch size: 100000
|V|=2449029, eval batch size: 100000
|V|=2449029, eval batch size: 100000
|V|=2449029, eval batch size: 100000
|V|=2449029, eval batch size: 100000
|V|=2449029, eval batch size: 100000
|V|=2449029, eval batch size: 100000
|V|=2449029, eval batch size: 100000
|V|=2449029, eval batch size: 100000
|V|=2449029, eval batch size: 100000
|V|=2449029, eval batch size: 100000
|V|=2449029, eval batch size: 100000
|V|=2449029, eval batch size: 100000
|V|=2449029, eval batch size: 100000
|V|=2449029, eval batch size: 100000
|V|=2449029, eval batch size: 100000
|V|=2449029, eval batch size: 100000
|V|=2449029, eval batch size: 100000
|V|=2449029, eval batch size: 100000|V|=2449029, eval batch size: 100000

|V|=2449029, eval batch size: 100000
|V|=2449029, eval batch size: 100000
|V|=2449029, eval batch size: 100000
|V|=2449029, eval batch size: 100000
|V|=2449029, eval batch size: 100000
|V|=2449029, eval batch size: 100000
|V|=2449029, eval batch size: 100000
|V|=2449029, eval batch size: 100000
|V|=2449029, eval batch size: 100000
|V|=2449029, eval batch size: 100000
|V|=2449029, eval batch size: 100000
|V|=2449029, eval batch size: 100000
|V|=2449029, eval batch size: 100000
|V|=2449029, eval batch size: 100000
Part 1, Val Acc 0.9446, Test Acc 0.8358, time: 9.7934
Part 24, Val Acc 0.9024, Test Acc 0.7669, time: 9.7943
Part 27, Val Acc 0.9251, Test Acc 0.7671, time: 9.7955
Part 6, Val Acc 0.9406, Test Acc 0.8329, time: 9.7958
Part 2, Val Acc 0.9308, Test Acc 0.8324, time: 9.7960
Part 25, Val Acc 0.9121, Test Acc 0.7662, time: 9.7991
Part 30, Val Acc 0.9169, Test Acc 0.7653, time: 9.8093
Part 12, Val Acc 0.8812, Test Acc 0.7235, time: 9.8099
Part 29, Val Acc 0.9211, Test Acc 0.7669, time: 9.8104
Part 0, Val Acc 0.9373, Test Acc 0.8335, time: 9.8124
Part 3, Val Acc 0.9406, Test Acc 0.8343, time: 9.8129
Part 5, Val Acc 0.9308, Test Acc 0.8334, time: 9.8144
Part 7, Val Acc 0.9300, Test Acc 0.8354, time: 9.8146
Part 10, Val Acc 0.8893, Test Acc 0.7224, time: 9.8146
Part 17, Val Acc 0.8771, Test Acc 0.7485, time: 9.8156
Part 23, Val Acc 0.8934, Test Acc 0.7489, time: 9.8159
Part 26, Val Acc 0.9178, Test Acc 0.7660, time: 9.8167
Part 20, Val Acc 0.8893, Test Acc 0.7500, time: 9.8169
Part 4, Val Acc 0.9455, Test Acc 0.8348, time: 9.8172
Part 31, Val Acc 0.9243, Test Acc 0.7646, time: 9.8172
Part 11, Val Acc 0.8657, Test Acc 0.7234, time: 9.8175
Part 22, Val Acc 0.8771, Test Acc 0.7470, time: 9.8186
Part 18, Val Acc 0.8796, Test Acc 0.7508, time: 9.8187
Part 19, Val Acc 0.8820, Test Acc 0.7499, time: 9.8188
Part 28, Val Acc 0.9276, Test Acc 0.7631, time: 9.8212
Part 16, Val Acc 0.8926, Test Acc 0.7481, time: 9.8230
Part 14, Val Acc 0.8755, Test Acc 0.7246, time: 9.8238
Part 13, Val Acc 0.8836, Test Acc 0.7217, time: 9.8251
Part 15, Val Acc 0.8714, Test Acc 0.7238, time: 9.8267
Part 21, Val Acc 0.8762, Test Acc 0.7490, time: 9.8270
Part 8, Val Acc 0.9064, Test Acc 0.7240, time: 9.8295
Part 9, Val Acc 0.8983, Test Acc 0.7209, time: 9.8378
All parts avg val acc 0.9058, test acc 0.7680
Part 4 | Epoch 00011 | Step 00000 | Loss 0.2245 | Train Acc 0.9420 | Speed (samples/sec) 811.1473 | GPU 2658.3 MB | time 1.309 sPart 1 | Epoch 00011 | Step 00000 | Loss 0.2403 | Train Acc 0.9290 | Speed (samples/sec) 809.8776 | GPU 2648.2 MB | time 1.332 sPart 3 | Epoch 00011 | Step 00000 | Loss 0.2471 | Train Acc 0.9360 | Speed (samples/sec) 810.5936 | GPU 2650.3 MB | time 1.313 sPart 6 | Epoch 00011 | Step 00000 | Loss 0.2388 | Train Acc 0.9360 | Speed (samples/sec) 809.8150 | GPU 2661.3 MB | time 1.330 s



Part 2 | Epoch 00011 | Step 00000 | Loss 0.2397 | Train Acc 0.9370 | Speed (samples/sec) 810.1525 | GPU 2652.9 MB | time 1.330 s
Part 5 | Epoch 00011 | Step 00000 | Loss 0.2514 | Train Acc 0.9300 | Speed (samples/sec) 810.6239 | GPU 2659.6 MB | time 1.311 s
Part 0 | Epoch 00011 | Step 00000 | Loss 0.2895 | Train Acc 0.9180 | Speed (samples/sec) 813.0481 | GPU 2667.8 MB | time 1.287 s
Part 16 | Epoch 00011 | Step 00000 | Loss 0.5137 | Train Acc 0.8650 | Speed (samples/sec) 811.5942 | GPU 2652.0 MB | time 1.303 sPart 22 | Epoch 00011 | Step 00000 | Loss 0.5094 | Train Acc 0.8540 | Speed (samples/sec) 811.4795 | GPU 2654.2 MB | time 1.307 s

Part 11 | Epoch 00011 | Step 00000 | Loss 0.5026 | Train Acc 0.8600 | Speed (samples/sec) 811.9923 | GPU 2785.1 MB | time 1.308 s
Part 8 | Epoch 00011 | Step 00000 | Loss 0.3777 | Train Acc 0.8910 | Speed (samples/sec) 811.9532 | GPU 2800.7 MB | time 1.296 s
Part 19 | Epoch 00011 | Step 00000 | Loss 0.4733 | Train Acc 0.8640 | Speed (samples/sec) 811.9903 | GPU 2654.2 MB | time 1.307 s
Part 23 | Epoch 00011 | Step 00000 | Loss 0.5261 | Train Acc 0.8600 | Speed (samples/sec) 811.3173 | GPU 2679.5 MB | time 1.310 s
Part 18 | Epoch 00011 | Step 00000 | Loss 0.4530 | Train Acc 0.8810 | Speed (samples/sec) 811.8256 | GPU 2655.5 MB | time 1.307 s
Part 14 | Epoch 00011 | Step 00000 | Loss 0.4164 | Train Acc 0.8820 | Speed (samples/sec) 811.2474 | GPU 2823.6 MB | time 1.302 s
Part 20 | Epoch 00011 | Step 00000 | Loss 0.4996 | Train Acc 0.8650 | Speed (samples/sec) 811.0529 | GPU 2645.0 MB | time 1.309 s
Part 17 | Epoch 00011 | Step 00000 | Loss 0.4641 | Train Acc 0.8680 | Speed (samples/sec) 811.2289 | GPU 2666.2 MB | time 1.310 s
Part 21 | Epoch 00011 | Step 00000 | Loss 0.4592 | Train Acc 0.8840 | Speed (samples/sec) 811.2793 | GPU 2616.2 MB | time 1.299 s
Part 9 | Epoch 00011 | Step 00000 | Loss 0.4249 | Train Acc 0.8770 | Speed (samples/sec) 811.2272 | GPU 2798.8 MB | time 1.287 s
Part 15 | Epoch 00011 | Step 00000 | Loss 0.4298 | Train Acc 0.8800 | Speed (samples/sec) 811.3484 | GPU 2784.4 MB | time 1.299 s
Part 7 | Epoch 00011 | Step 00000 | Loss 0.2173 | Train Acc 0.9400 | Speed (samples/sec) 811.0013 | GPU 2663.1 MB | time 1.311 s
Part 12 | Epoch 00011 | Step 00000 | Loss 0.4829 | Train Acc 0.8590 | Speed (samples/sec) 811.2521 | GPU 2794.0 MB | time 1.316 s
Part 10 | Epoch 00011 | Step 00000 | Loss 0.4308 | Train Acc 0.8790 | Speed (samples/sec) 811.1646 | GPU 2788.3 MB | time 1.311 s
Part 13 | Epoch 00011 | Step 00000 | Loss 0.4328 | Train Acc 0.8660 | Speed (samples/sec) 811.4313 | GPU 2774.1 MB | time 1.301 s
Part 27 | Epoch 00011 | Step 00000 | Loss 0.3457 | Train Acc 0.9070 | Speed (samples/sec) 810.8999 | GPU 2708.7 MB | time 1.330 sPart 25 | Epoch 00011 | Step 00000 | Loss 0.3347 | Train Acc 0.9050 | Speed (samples/sec) 810.9599 | GPU 2696.3 MB | time 1.326 s

Part 31 | Epoch 00011 | Step 00000 | Loss 0.3341 | Train Acc 0.9120 | Speed (samples/sec) 811.1837 | GPU 2699.2 MB | time 1.308 s
Part 24 | Epoch 00011 | Step 00000 | Loss 0.2960 | Train Acc 0.9230 | Speed (samples/sec) 811.3227 | GPU 2701.8 MB | time 1.331 s
Part 30 | Epoch 00011 | Step 00000 | Loss 0.3046 | Train Acc 0.9150 | Speed (samples/sec) 811.4390 | GPU 2707.7 MB | time 1.317 sPart 28 | Epoch 00011 | Step 00000 | Loss 0.3302 | Train Acc 0.9160 | Speed (samples/sec) 811.6066 | GPU 2700.1 MB | time 1.305 s

Part 29 | Epoch 00011 | Step 00000 | Loss 0.3612 | Train Acc 0.9100 | Speed (samples/sec) 811.5093 | GPU 2712.7 MB | time 1.316 s
Part 26 | Epoch 00011 | Step 00000 | Loss 0.3788 | Train Acc 0.8930 | Speed (samples/sec) 811.6596 | GPU 2697.6 MB | time 1.309 s
Avg train acc 0.8964
=====================
Part 6, Epoch Time(s): 7.2034
Sampling Time(s): 0.3569
Loading Time(s): 2.2889
Forward Time(s): 0.9466
Backward Time(s): 0.7690
Update Time(s): 0.0052
Emb Update Time(s): 2.8316
#seeds: 6144
#inputs: 2201548
==========================================
Part 1, Epoch Time(s): 7.2056
Sampling Time(s): 0.3154
Loading Time(s): 2.4404
Forward Time(s): 0.8612
Backward Time(s): 0.7471
Update Time(s): 0.0057
Emb Update Time(s): 2.8305
#seeds: 6144
#inputs: 2197188
==========================================
Part 4, Epoch Time(s): 7.1819
Sampling Time(s): 0.3389
Loading Time(s): 2.5519
Forward Time(s): 0.6782
Backward Time(s): 0.7708
Update Time(s): 0.0053
Emb Update Time(s): 2.8313
#seeds: 6145
#inputs: 2195464
==========================================
Part 2, Epoch Time(s): 7.2031
Sampling Time(s): 0.3128
Loading Time(s): 2.2700
Forward Time(s): 1.0075
Backward Time(s): 0.7710
Update Time(s): 0.0053
Emb Update Time(s): 2.8311
#seeds: 6144
#inputs: 2208322
==========================================
Part 5, Epoch Time(s): 7.1847
Sampling Time(s): 0.3521
Loading Time(s): 2.4255
Forward Time(s): 0.7950
Backward Time(s): 0.7692
Update Time(s): 0.0056
Emb Update Time(s): 2.8316
#seeds: 6144
#inputs: 2218710
=====================

=====================
Part 3, Epoch Time(s): 7.1862
Sampling Time(s): 0.3464
Loading Time(s): 2.6769
Forward Time(s): 0.5499
Backward Time(s): 0.7709
Update Time(s): 0.0056
Emb Update Time(s): 2.8310
#seeds: 6145
#inputs: 2187500
==========================================
Part 7, Epoch Time(s): 7.1845
Sampling Time(s): 0.4654
Loading Time(s): 2.2149
Forward Time(s): 0.8906
Backward Time(s): 0.7705
Update Time(s): 0.0063
Emb Update Time(s): 2.8310
#seeds: 6144
#inputs: 2205734
=====================

=====================
Part 0, Epoch Time(s): 7.1600
Sampling Time(s): 0.3909
Loading Time(s): 2.5950
Forward Time(s): 0.5589
Backward Time(s): 0.7714
Update Time(s): 0.0058
Emb Update Time(s): 2.8310
#seeds: 6144
#inputs: 2216016
=====================



=====================
Part 19, Epoch Time(s): 7.1803
Sampling Time(s): 0.3514
Loading Time(s): 2.2811
Forward Time(s): 0.9337
Backward Time(s): 0.7704
Update Time(s): 0.0054
Emb Update Time(s): 2.8328
#seeds: 6145
#inputs: 2204571
==========================================
Part 16, Epoch Time(s): 7.1759
Sampling Time(s): 0.3708
Loading Time(s): 2.5258
Forward Time(s): 0.6655
Backward Time(s): 0.7713
Update Time(s): 0.0051
Emb Update Time(s): 2.8321
#seeds: 6144
#inputs: 2215360
==========================================
Part 17, Epoch Time(s): 7.1832
Sampling Time(s): 0.3220
Loading Time(s): 2.5493
Forward Time(s): 0.6978
Backward Time(s): 0.7709
Update Time(s): 0.0052
Emb Update Time(s): 2.8323
#seeds: 6144
#inputs: 2197939
==========================================
Part 20, Epoch Time(s): 7.1821
Sampling Time(s): 0.4543
Loading Time(s): 2.2784
Forward Time(s): 0.8356
Backward Time(s): 0.7702
Update Time(s): 0.0052
Emb Update Time(s): 2.8330
#seeds: 6144
#inputs: 2201310
==========================================
Part 18, Epoch Time(s): 7.1805
Sampling Time(s): 0.3990
Loading Time(s): 2.3986
Forward Time(s): 0.7701
Backward Time(s): 0.7695
Update Time(s): 0.0052
Emb Update Time(s): 2.8323
#seeds: 6144
#inputs: 2203738
==========================================
Part 22, Epoch Time(s): 7.1806
Sampling Time(s): 0.3549
Loading Time(s): 2.4642
Forward Time(s): 0.7480
Backward Time(s): 0.7695
Update Time(s): 0.0052
Emb Update Time(s): 2.8335
#seeds: 6145
#inputs: 2209721
=====================





=====================
Part 21, Epoch Time(s): 7.1721
Sampling Time(s): 0.3534
Loading Time(s): 2.5176
Forward Time(s): 0.6869
Backward Time(s): 0.7700
Update Time(s): 0.0058
Emb Update Time(s): 2.8330
#seeds: 6144
#inputs: 2176457
==========================================
Part 23, Epoch Time(s): 7.1833
Sampling Time(s): 0.3833
Loading Time(s): 2.8227
Forward Time(s): 0.4014
Backward Time(s): 0.7325
Update Time(s): 0.0055
Emb Update Time(s): 2.8325
#seeds: 6144
#inputs: 2224464
=====================

=====================
Part 26, Epoch Time(s): 7.1819
Sampling Time(s): 0.3362
Loading Time(s): 2.6199
Forward Time(s): 0.6103
Backward Time(s): 0.7698
Update Time(s): 0.0053
Emb Update Time(s): 2.8335
#seeds: 6144
#inputs: 2267038
==========================================
Part 29, Epoch Time(s): 7.1887
Sampling Time(s): 0.3267
Loading Time(s): 2.4420
Forward Time(s): 0.8056
Backward Time(s): 0.7694
Update Time(s): 0.0054
Emb Update Time(s): 2.8333
#seeds: 6144
#inputs: 2255711
==========================================
Part 25, Epoch Time(s): 7.1991
Sampling Time(s): 0.4263
Loading Time(s): 2.5268
Forward Time(s): 0.6455
Backward Time(s): 0.7557
Update Time(s): 0.0053
Emb Update Time(s): 2.8333
#seeds: 6144
#inputs: 2251356
==========================================
Part 24, Epoch Time(s): 7.2048
Sampling Time(s): 0.3588
Loading Time(s): 2.5852
Forward Time(s): 0.6828
Backward Time(s): 0.7346
Update Time(s): 0.0055
Emb Update Time(s): 2.8319
#seeds: 6144
#inputs: 2250385
==========================================
Part 31, Epoch Time(s): 7.1817
Sampling Time(s): 0.3488
Loading Time(s): 2.5326
Forward Time(s): 0.6856
Backward Time(s): 0.7694
Update Time(s): 0.0055
Emb Update Time(s): 2.8336
#seeds: 6144
#inputs: 2249054
==========================================
Part 27, Epoch Time(s): 7.2036
Sampling Time(s): 0.3856
Loading Time(s): 2.5923
Forward Time(s): 0.6126
Backward Time(s): 0.7685
Update Time(s): 0.0137
Emb Update Time(s): 2.8251
#seeds: 6145
#inputs: 2267658
==========================================
Part 30, Epoch Time(s): 7.1898
Sampling Time(s): 0.3665
Loading Time(s): 2.6820
Forward Time(s): 0.5736
Backward Time(s): 0.7225
Update Time(s): 0.0054
Emb Update Time(s): 2.8335
#seeds: 6144
#inputs: 2265703
=====================


=====================
Part 28, Epoch Time(s): 7.1778
Sampling Time(s): 0.3541
Loading Time(s): 2.4948
Forward Time(s): 0.7157
Backward Time(s): 0.7676
Update Time(s): 0.0053
Emb Update Time(s): 2.8338
#seeds: 6144
#inputs: 2247191
=====================




=====================
Part 11, Epoch Time(s): 7.1814
Sampling Time(s): 0.3556
Loading Time(s): 2.7637
Forward Time(s): 0.4831
Backward Time(s): 0.7359
Update Time(s): 0.0056
Emb Update Time(s): 2.8322
#seeds: 6145
#inputs: 2343802
==========================================
Part 8, Epoch Time(s): 7.1697
Sampling Time(s): 0.3628
Loading Time(s): 2.8735
Forward Time(s): 0.3886
Backward Time(s): 0.7037
Update Time(s): 0.0051
Emb Update Time(s): 2.8309
#seeds: 6145
#inputs: 2325559
==========================================
Part 10, Epoch Time(s): 7.1845
Sampling Time(s): 0.3629
Loading Time(s): 2.3057
Forward Time(s): 0.9014
Backward Time(s): 0.7706
Update Time(s): 0.0059
Emb Update Time(s): 2.8321
#seeds: 6144
#inputs: 2316657
==========================================
Part 13, Epoch Time(s): 7.1741
Sampling Time(s): 0.3802
Loading Time(s): 2.5065
Forward Time(s): 0.6965
Backward Time(s): 0.7463
Update Time(s): 0.0058
Emb Update Time(s): 2.8327
#seeds: 6144
#inputs: 2338189
==========================================
Part 15, Epoch Time(s): 7.1723
Sampling Time(s): 0.3540
Loading Time(s): 2.8114
Forward Time(s): 0.4503
Backward Time(s): 0.7137
Update Time(s): 0.0057
Emb Update Time(s): 2.8319
#seeds: 6144
#inputs: 2349851
=====================
=====================
Part 12, Epoch Time(s): 7.1889
Sampling Time(s): 0.3793
Loading Time(s): 2.7514
Forward Time(s): 0.4550
Backward Time(s): 0.7591
Update Time(s): 0.0062
Emb Update Time(s): 2.8321
#seeds: 6144
#inputs: 2349345
=====================



=====================
Part 9, Epoch Time(s): 7.1604
Sampling Time(s): 0.3912
Loading Time(s): 2.8470
Forward Time(s): 0.3826
Backward Time(s): 0.6926
Update Time(s): 0.0062
Emb Update Time(s): 2.8353
#seeds: 6144
#inputs: 2344451
=====================
=====================
Part 14, Epoch Time(s): 7.1750
Sampling Time(s): 0.3674
Loading Time(s): 2.7611
Forward Time(s): 0.4413
Backward Time(s): 0.7621
Update Time(s): 0.0055
Emb Update Time(s): 2.8327
#seeds: 6144
#inputs: 2351446
=====================

|V|=2449029, eval batch size: 100000
|V|=2449029, eval batch size: 100000
|V|=2449029, eval batch size: 100000
|V|=2449029, eval batch size: 100000
|V|=2449029, eval batch size: 100000
|V|=2449029, eval batch size: 100000
|V|=2449029, eval batch size: 100000
|V|=2449029, eval batch size: 100000
|V|=2449029, eval batch size: 100000
|V|=2449029, eval batch size: 100000
|V|=2449029, eval batch size: 100000
|V|=2449029, eval batch size: 100000|V|=2449029, eval batch size: 100000

|V|=2449029, eval batch size: 100000
|V|=2449029, eval batch size: 100000
|V|=2449029, eval batch size: 100000
|V|=2449029, eval batch size: 100000
|V|=2449029, eval batch size: 100000
|V|=2449029, eval batch size: 100000
|V|=2449029, eval batch size: 100000
|V|=2449029, eval batch size: 100000
|V|=2449029, eval batch size: 100000
|V|=2449029, eval batch size: 100000
|V|=2449029, eval batch size: 100000
|V|=2449029, eval batch size: 100000
|V|=2449029, eval batch size: 100000
|V|=2449029, eval batch size: 100000
|V|=2449029, eval batch size: 100000
|V|=2449029, eval batch size: 100000
|V|=2449029, eval batch size: 100000
|V|=2449029, eval batch size: 100000
|V|=2449029, eval batch size: 100000
|V|=2449029, eval batch size: 100000
|V|=2449029, eval batch size: 100000
|V|=2449029, eval batch size: 100000
|V|=2449029, eval batch size: 100000
|V|=2449029, eval batch size: 100000
|V|=2449029, eval batch size: 100000
|V|=2449029, eval batch size: 100000
|V|=2449029, eval batch size: 100000
|V|=2449029, eval batch size: 100000
|V|=2449029, eval batch size: 100000
|V|=2449029, eval batch size: 100000
|V|=2449029, eval batch size: 100000
|V|=2449029, eval batch size: 100000
|V|=2449029, eval batch size: 100000
|V|=2449029, eval batch size: 100000
|V|=2449029, eval batch size: 100000
|V|=2449029, eval batch size: 100000
|V|=2449029, eval batch size: 100000
|V|=2449029, eval batch size: 100000
|V|=2449029, eval batch size: 100000
|V|=2449029, eval batch size: 100000
|V|=2449029, eval batch size: 100000
|V|=2449029, eval batch size: 100000
|V|=2449029, eval batch size: 100000
|V|=2449029, eval batch size: 100000|V|=2449029, eval batch size: 100000

|V|=2449029, eval batch size: 100000
|V|=2449029, eval batch size: 100000
|V|=2449029, eval batch size: 100000
|V|=2449029, eval batch size: 100000
|V|=2449029, eval batch size: 100000
|V|=2449029, eval batch size: 100000
|V|=2449029, eval batch size: 100000
|V|=2449029, eval batch size: 100000
|V|=2449029, eval batch size: 100000
|V|=2449029, eval batch size: 100000
|V|=2449029, eval batch size: 100000
|V|=2449029, eval batch size: 100000
|V|=2449029, eval batch size: 100000
|V|=2449029, eval batch size: 100000
|V|=2449029, eval batch size: 100000
|V|=2449029, eval batch size: 100000
|V|=2449029, eval batch size: 100000
|V|=2449029, eval batch size: 100000
|V|=2449029, eval batch size: 100000
|V|=2449029, eval batch size: 100000
|V|=2449029, eval batch size: 100000
|V|=2449029, eval batch size: 100000
|V|=2449029, eval batch size: 100000
|V|=2449029, eval batch size: 100000
|V|=2449029, eval batch size: 100000
|V|=2449029, eval batch size: 100000
|V|=2449029, eval batch size: 100000
|V|=2449029, eval batch size: 100000
|V|=2449029, eval batch size: 100000
|V|=2449029, eval batch size: 100000
|V|=2449029, eval batch size: 100000
|V|=2449029, eval batch size: 100000
|V|=2449029, eval batch size: 100000
|V|=2449029, eval batch size: 100000
|V|=2449029, eval batch size: 100000
|V|=2449029, eval batch size: 100000
|V|=2449029, eval batch size: 100000
|V|=2449029, eval batch size: 100000
|V|=2449029, eval batch size: 100000
|V|=2449029, eval batch size: 100000
|V|=2449029, eval batch size: 100000|V|=2449029, eval batch size: 100000

|V|=2449029, eval batch size: 100000
|V|=2449029, eval batch size: 100000
|V|=2449029, eval batch size: 100000
|V|=2449029, eval batch size: 100000
|V|=2449029, eval batch size: 100000
|V|=2449029, eval batch size: 100000
|V|=2449029, eval batch size: 100000
|V|=2449029, eval batch size: 100000
|V|=2449029, eval batch size: 100000
|V|=2449029, eval batch size: 100000
|V|=2449029, eval batch size: 100000
|V|=2449029, eval batch size: 100000
|V|=2449029, eval batch size: 100000
|V|=2449029, eval batch size: 100000
|V|=2449029, eval batch size: 100000
|V|=2449029, eval batch size: 100000
|V|=2449029, eval batch size: 100000
|V|=2449029, eval batch size: 100000
|V|=2449029, eval batch size: 100000
|V|=2449029, eval batch size: 100000
|V|=2449029, eval batch size: 100000
|V|=2449029, eval batch size: 100000
|V|=2449029, eval batch size: 100000
|V|=2449029, eval batch size: 100000
|V|=2449029, eval batch size: 100000
|V|=2449029, eval batch size: 100000
|V|=2449029, eval batch size: 100000
|V|=2449029, eval batch size: 100000
Part 1, Val Acc 0.9479, Test Acc 0.8381, time: 9.3949
Part 6, Val Acc 0.9390, Test Acc 0.8352, time: 9.3966
Part 2, Val Acc 0.9341, Test Acc 0.8347, time: 9.4080
Part 11, Val Acc 0.8698, Test Acc 0.7283, time: 9.4113
Part 21, Val Acc 0.8852, Test Acc 0.7693, time: 9.4159
Part 17, Val Acc 0.8869, Test Acc 0.7667, time: 9.4162
Part 4, Val Acc 0.9463, Test Acc 0.8364, time: 9.4163
Part 3, Val Acc 0.9398, Test Acc 0.8372, time: 9.4164
Part 15, Val Acc 0.8739, Test Acc 0.7279, time: 9.4165
Part 23, Val Acc 0.8967, Test Acc 0.7677, time: 9.4181
Part 0, Val Acc 0.9382, Test Acc 0.8354, time: 9.4183
Part 5, Val Acc 0.9325, Test Acc 0.8364, time: 9.4184
Part 14, Val Acc 0.8779, Test Acc 0.7279, time: 9.4184
Part 31, Val Acc 0.9267, Test Acc 0.7771, time: 9.4212
Part 10, Val Acc 0.8901, Test Acc 0.7259, time: 9.4226
Part 18, Val Acc 0.8828, Test Acc 0.7701, time: 9.4231
Part 22, Val Acc 0.8812, Test Acc 0.7664, time: 9.4232
Part 30, Val Acc 0.9145, Test Acc 0.7789, time: 9.4234
Part 19, Val Acc 0.8853, Test Acc 0.7683, time: 9.4241
Part 7, Val Acc 0.9308, Test Acc 0.8379, time: 9.4242
Part 13, Val Acc 0.8820, Test Acc 0.7258, time: 9.4246
Part 9, Val Acc 0.9040, Test Acc 0.7245, time: 9.4252
Part 20, Val Acc 0.8942, Test Acc 0.7683, time: 9.4255
Part 29, Val Acc 0.9186, Test Acc 0.7810, time: 9.4254
Part 16, Val Acc 0.9007, Test Acc 0.7674, time: 9.4263
Part 26, Val Acc 0.9227, Test Acc 0.7783, time: 9.4268
Part 24, Val Acc 0.8999, Test Acc 0.7806, time: 9.4268
Part 27, Val Acc 0.9308, Test Acc 0.7802, time: 9.4283
Part 25, Val Acc 0.9138, Test Acc 0.7790, time: 9.4336
Part 12, Val Acc 0.8861, Test Acc 0.7273, time: 9.4337
Part 28, Val Acc 0.9268, Test Acc 0.7774, time: 9.4350
Part 8, Val Acc 0.9081, Test Acc 0.7277, time: 9.4395
All parts avg val acc 0.9083, test acc 0.7776
Part 3 | Epoch 00012 | Step 00000 | Loss 0.2597 | Train Acc 0.9340 | Speed (samples/sec) 811.3394 | GPU 2650.3 MB | time 1.326 sPart 5 | Epoch 00012 | Step 00000 | Loss 0.2362 | Train Acc 0.9340 | Speed (samples/sec) 811.3580 | GPU 2659.6 MB | time 1.324 sPart 0 | Epoch 00012 | Step 00000 | Loss 0.2908 | Train Acc 0.9260 | Speed (samples/sec) 813.7396 | GPU 2684.6 MB | time 1.302 s


Part 1 | Epoch 00012 | Step 00000 | Loss 0.2726 | Train Acc 0.9280 | Speed (samples/sec) 810.5104 | GPU 2648.2 MB | time 1.348 s
Part 4 | Epoch 00012 | Step 00000 | Loss 0.2164 | Train Acc 0.9430 | Speed (samples/sec) 811.8412 | GPU 2658.3 MB | time 1.326 s
Part 29 | Epoch 00012 | Step 00000 | Loss 0.2835 | Train Acc 0.9170 | Speed (samples/sec) 812.2233 | GPU 2712.7 MB | time 1.317 s
Part 25 | Epoch 00012 | Step 00000 | Loss 0.3178 | Train Acc 0.9070 | Speed (samples/sec) 811.7836 | GPU 2696.3 MB | time 1.308 s
Part 28 | Epoch 00012 | Step 00000 | Loss 0.2902 | Train Acc 0.9220 | Speed (samples/sec) 812.3796 | GPU 2700.1 MB | time 1.308 s
Part 18 | Epoch 00012 | Step 00000 | Loss 0.4298 | Train Acc 0.8710 | Speed (samples/sec) 812.4912 | GPU 2655.5 MB | time 1.319 s
Part 23 | Epoch 00012 | Step 00000 | Loss 0.4831 | Train Acc 0.8690 | Speed (samples/sec) 811.9860 | GPU 2679.5 MB | time 1.324 s
Part 19 | Epoch 00012 | Step 00000 | Loss 0.4763 | Train Acc 0.8670 | Speed (samples/sec) 812.6698 | GPU 2654.2 MB | time 1.318 s
Part 2 | Epoch 00012 | Step 00000 | Loss 0.2046 | Train Acc 0.9330 | Speed (samples/sec) 810.8513 | GPU 2652.9 MB | time 1.334 sPart 6 | Epoch 00012 | Step 00000 | Loss 0.2423 | Train Acc 0.9300 | Speed (samples/sec) 810.4604 | GPU 2661.3 MB | time 1.346 s

Part 9 | Epoch 00012 | Step 00000 | Loss 0.5092 | Train Acc 0.8580 | Speed (samples/sec) 811.9412 | GPU 2798.8 MB | time 1.316 s
Part 15 | Epoch 00012 | Step 00000 | Loss 0.3722 | Train Acc 0.8920 | Speed (samples/sec) 812.0009 | GPU 2784.4 MB | time 1.326 sPart 8 | Epoch 00012 | Step 00000 | Loss 0.4160 | Train Acc 0.8850 | Speed (samples/sec) 812.7386 | GPU 2800.7 MB | time 1.303 s

Part 14 | Epoch 00012 | Step 00000 | Loss 0.5218 | Train Acc 0.8490 | Speed (samples/sec) 811.9251 | GPU 2823.6 MB | time 1.323 s
Part 10 | Epoch 00012 | Step 00000 | Loss 0.4046 | Train Acc 0.8900 | Speed (samples/sec) 811.8816 | GPU 2788.3 MB | time 1.320 s
Part 30 | Epoch 00012 | Step 00000 | Loss 0.3087 | Train Acc 0.9200 | Speed (samples/sec) 812.1432 | GPU 2707.7 MB | time 1.319 s
Part 17 | Epoch 00012 | Step 00000 | Loss 0.4783 | Train Acc 0.8510 | Speed (samples/sec) 811.8964 | GPU 2666.2 MB | time 1.326 s
Part 22 | Epoch 00012 | Step 00000 | Loss 0.4719 | Train Acc 0.8690 | Speed (samples/sec) 812.1913 | GPU 2654.2 MB | time 1.319 s
Part 24 | Epoch 00012 | Step 00000 | Loss 0.3484 | Train Acc 0.9150 | Speed (samples/sec) 812.0542 | GPU 2701.8 MB | time 1.315 s
Part 7 | Epoch 00012 | Step 00000 | Loss 0.1965 | Train Acc 0.9520 | Speed (samples/sec) 811.7463 | GPU 2663.1 MB | time 1.318 s
Part 20 | Epoch 00012 | Step 00000 | Loss 0.4601 | Train Acc 0.8750 | Speed (samples/sec) 811.7946 | GPU 2645.0 MB | time 1.317 s
Part 11 | Epoch 00012 | Step 00000 | Loss 0.4893 | Train Acc 0.8560 | Speed (samples/sec) 812.5755 | GPU 2785.1 MB | time 1.332 sPart 13 | Epoch 00012 | Step 00000 | Loss 0.4817 | Train Acc 0.8700 | Speed (samples/sec) 812.1401 | GPU 2775.6 MB | time 1.318 s

Part 12 | Epoch 00012 | Step 00000 | Loss 0.4286 | Train Acc 0.8810 | Speed (samples/sec) 812.0443 | GPU 2794.0 MB | time 1.309 s
Part 16 | Epoch 00012 | Step 00000 | Loss 0.4362 | Train Acc 0.8780 | Speed (samples/sec) 812.2945 | GPU 2673.7 MB | time 1.316 s
Part 26 | Epoch 00012 | Step 00000 | Loss 0.3629 | Train Acc 0.9040 | Speed (samples/sec) 812.3745 | GPU 2697.6 MB | time 1.316 s
Part 27 | Epoch 00012 | Step 00000 | Loss 0.3276 | Train Acc 0.9070 | Speed (samples/sec) 811.7018 | GPU 2714.0 MB | time 1.314 s
Part 21 | Epoch 00012 | Step 00000 | Loss 0.4926 | Train Acc 0.8670 | Speed (samples/sec) 811.9378 | GPU 2616.2 MB | time 1.327 s
Part 31 | Epoch 00012 | Step 00000 | Loss 0.3379 | Train Acc 0.9100 | Speed (samples/sec) 811.8938 | GPU 2699.2 MB | time 1.321 s
Avg train acc 0.8972
=====================
Part 1, Epoch Time(s): 6.9764
Sampling Time(s): 0.3670
Loading Time(s): 2.3340
Forward Time(s): 0.9128
Backward Time(s): 0.7830
Update Time(s): 0.0052
Emb Update Time(s): 2.5685
#seeds: 6144
#inputs: 2208671
==========================================
Part 2, Epoch Time(s): 6.9632
Sampling Time(s): 0.3205
Loading Time(s): 2.3571
Forward Time(s): 0.9229
Backward Time(s): 0.7828
Update Time(s): 0.0050
Emb Update Time(s): 2.5686
#seeds: 6144
#inputs: 2208354
==========================================
Part 6, Epoch Time(s): 6.9748
Sampling Time(s): 0.3779
Loading Time(s): 2.4733
Forward Time(s): 0.7608
Backward Time(s): 0.7819
Update Time(s): 0.0053
Emb Update Time(s): 2.5694
#seeds: 6144
#inputs: 2205174
==========================================
Part 0, Epoch Time(s): 6.9313
Sampling Time(s): 0.3473
Loading Time(s): 2.6188
Forward Time(s): 0.6374
Backward Time(s): 0.7476
Update Time(s): 0.0060
Emb Update Time(s): 2.5667
#seeds: 6144
#inputs: 2212317
==========================================
Part 7, Epoch Time(s): 6.9467
Sampling Time(s): 0.4433
Loading Time(s): 2.2785
Forward Time(s): 0.8618
Backward Time(s): 0.7818
Update Time(s): 0.0060
Emb Update Time(s): 2.5688
#seeds: 6144
#inputs: 2201904
==========================================
Part 3, Epoch Time(s): 6.9547
Sampling Time(s): 0.3577
Loading Time(s): 2.4609
Forward Time(s): 0.7738
Backward Time(s): 0.7826
Update Time(s): 0.0053
Emb Update Time(s): 2.5686
#seeds: 6145
#inputs: 2184847
==========================================
Part 4, Epoch Time(s): 6.9551
Sampling Time(s): 0.3984
Loading Time(s): 2.4361
Forward Time(s): 0.7582
Backward Time(s): 0.7816
Update Time(s): 0.0055
Emb Update Time(s): 2.5691
#seeds: 6145
#inputs: 2210237
=====================


=====================
Part 5, Epoch Time(s): 6.9633
Sampling Time(s): 0.3351
Loading Time(s): 2.5275
Forward Time(s): 0.7279
Backward Time(s): 0.7822
Update Time(s): 0.0056
Emb Update Time(s): 2.5689
#seeds: 6144
#inputs: 2213577
=====================




=====================
Part 19, Epoch Time(s): 6.9471
Sampling Time(s): 0.3584
Loading Time(s): 2.3311
Forward Time(s): 0.8945
Backward Time(s): 0.7808
Update Time(s): 0.0069
Emb Update Time(s): 2.5690
#seeds: 6145
#inputs: 2216019
=====================
=====================
Part 22, Epoch Time(s): 6.9482
Sampling Time(s): 0.4059
Loading Time(s): 2.2389
Forward Time(s): 0.9394
Backward Time(s): 0.7810
Update Time(s): 0.0052
Emb Update Time(s): 2.5710
#seeds: 6145
#inputs: 2202017
==========================================
Part 21, Epoch Time(s): 6.9556
Sampling Time(s): 0.3706
Loading Time(s): 2.6052
Forward Time(s): 0.6221
Backward Time(s): 0.7745
Update Time(s): 0.0058
Emb Update Time(s): 2.5701
#seeds: 6144
#inputs: 2176688
==========================================
Part 20, Epoch Time(s): 6.9462
Sampling Time(s): 0.4010
Loading Time(s): 2.2784
Forward Time(s): 0.9395
Backward Time(s): 0.7441
Update Time(s): 0.0052
Emb Update Time(s): 2.5711
#seeds: 6144
#inputs: 2209148
==========================================
Part 16, Epoch Time(s): 6.9453
Sampling Time(s): 0.3456
Loading Time(s): 2.5857
Forward Time(s): 0.6579
Backward Time(s): 0.7730
Update Time(s): 0.0055
Emb Update Time(s): 2.5704
#seeds: 6144
#inputs: 2212391
=====================
=====================
Part 18, Epoch Time(s): 6.9482
Sampling Time(s): 0.3966
Loading Time(s): 2.5329
Forward Time(s): 0.6948
Backward Time(s): 0.7415
Update Time(s): 0.0053
Emb Update Time(s): 2.5707
#seeds: 6144
#inputs: 2212006
=====================



=====================
Part 17, Epoch Time(s): 6.9555
Sampling Time(s): 0.3780
Loading Time(s): 2.4252
Forward Time(s): 0.7877
Backward Time(s): 0.7813
Update Time(s): 0.0060
Emb Update Time(s): 2.5699
#seeds: 6144
#inputs: 2198681
==========================================
Part 23, Epoch Time(s): 6.9534
Sampling Time(s): 0.3450
Loading Time(s): 2.5902
Forward Time(s): 0.6558
Backward Time(s): 0.7796
Update Time(s): 0.0056
Emb Update Time(s): 2.5705
#seeds: 6144
#inputs: 2221914
=====================

=====================
Part 30, Epoch Time(s): 6.9479
Sampling Time(s): 0.3752
Loading Time(s): 2.5064
Forward Time(s): 0.7324
Backward Time(s): 0.7515
Update Time(s): 0.0052
Emb Update Time(s): 2.5710
#seeds: 6144
#inputs: 2267508
==========================================
Part 25, Epoch Time(s): 6.9368
Sampling Time(s): 0.4483
Loading Time(s): 2.5653
Forward Time(s): 0.5598
Backward Time(s): 0.7816
Update Time(s): 0.0053
Emb Update Time(s): 2.5706
#seeds: 6144
#inputs: 2249949
==========================================
Part 28, Epoch Time(s): 6.9363
Sampling Time(s): 0.3265
Loading Time(s): 2.6939
Forward Time(s): 0.5559
Backward Time(s): 0.7781
Update Time(s): 0.0054
Emb Update Time(s): 2.5707
#seeds: 6144
#inputs: 2255110
=====================
=====================
Part 29, Epoch Time(s): 6.9460
Sampling Time(s): 0.3282
Loading Time(s): 2.5047
Forward Time(s): 0.7501
Backward Time(s): 0.7813
Update Time(s): 0.0052
Emb Update Time(s): 2.5706
#seeds: 6144
#inputs: 2265246
==========================================
Part 24, Epoch Time(s): 6.9443
Sampling Time(s): 0.3510
Loading Time(s): 2.6936
Forward Time(s): 0.5358
Backward Time(s): 0.7818
Update Time(s): 0.0060
Emb Update Time(s): 2.5698
#seeds: 6144
#inputs: 2244521
=====================


=====================
Part 27, Epoch Time(s): 6.9430
Sampling Time(s): 0.3248
Loading Time(s): 2.5756
Forward Time(s): 0.6789
Backward Time(s): 0.7814
Update Time(s): 0.0053
Emb Update Time(s): 2.5705
#seeds: 6145
#inputs: 2262967
==========================================
Part 26, Epoch Time(s): 6.9444
Sampling Time(s): 0.3533
Loading Time(s): 2.6507
Forward Time(s): 0.5772
Backward Time(s): 0.7808
Update Time(s): 0.0053
Emb Update Time(s): 2.5705
#seeds: 6144
#inputs: 2257432
=====================
=====================
Part 31, Epoch Time(s): 6.9499
Sampling Time(s): 0.3358
Loading Time(s): 2.6794
Forward Time(s): 0.5701
Backward Time(s): 0.7810
Update Time(s): 0.0064
Emb Update Time(s): 2.5703
#seeds: 6144
#inputs: 2241487
=====================


=====================
Part 10, Epoch Time(s): 6.9486
Sampling Time(s): 0.3364
Loading Time(s): 2.3976
Forward Time(s): 0.8507
Backward Time(s): 0.7811
Update Time(s): 0.0053
Emb Update Time(s): 2.5712
#seeds: 6144
#inputs: 2333738
=====================
=====================
Part 8, Epoch Time(s): 6.9320
Sampling Time(s): 0.3467
Loading Time(s): 2.8136
Forward Time(s): 0.4457
Backward Time(s): 0.7436
Update Time(s): 0.0053
Emb Update Time(s): 2.5707
#seeds: 6145
#inputs: 2330783
==========================================
Part 15, Epoch Time(s): 6.9550
Sampling Time(s): 0.3433
Loading Time(s): 2.6937
Forward Time(s): 0.5643
Backward Time(s): 0.7701
Update Time(s): 0.0057
Emb Update Time(s): 2.5717
#seeds: 6144
#inputs: 2345832
=====================

=====================
Part 9, Epoch Time(s): 6.9451
Sampling Time(s): 0.3654
Loading Time(s): 2.9318
Forward Time(s): 0.3527
Backward Time(s): 0.7134
Update Time(s): 0.0058
Emb Update Time(s): 2.5694
#seeds: 6144
#inputs: 2354319
=====================
=====================
Part 11, Epoch Time(s): 6.9603
Sampling Time(s): 0.3501
Loading Time(s): 2.6922
Forward Time(s): 0.5604
Backward Time(s): 0.7741
Update Time(s): 0.0055
Emb Update Time(s): 2.5715
#seeds: 6145
#inputs: 2346199
==========================================
Part 14, Epoch Time(s): 6.9523
Sampling Time(s): 0.3730
Loading Time(s): 2.8450
Forward Time(s): 0.4073
Backward Time(s): 0.7442
Update Time(s): 0.0061
Emb Update Time(s): 2.5703
#seeds: 6144
#inputs: 2348817
==========================================
Part 13, Epoch Time(s): 6.9467
Sampling Time(s): 0.3986
Loading Time(s): 2.5291
Forward Time(s): 0.6545
Backward Time(s): 0.7803
Update Time(s): 0.0055
Emb Update Time(s): 2.5723
#seeds: 6144
#inputs: 2344084
=====================


=====================
Part 12, Epoch Time(s): 6.9374
Sampling Time(s): 0.3948
Loading Time(s): 2.6790
Forward Time(s): 0.5493
Backward Time(s): 0.7298
Update Time(s): 0.0064
Emb Update Time(s): 2.5712
#seeds: 6144
#inputs: 2347816
=====================
|V|=2449029, eval batch size: 100000
|V|=2449029, eval batch size: 100000
|V|=2449029, eval batch size: 100000
|V|=2449029, eval batch size: 100000
|V|=2449029, eval batch size: 100000
|V|=2449029, eval batch size: 100000
|V|=2449029, eval batch size: 100000
|V|=2449029, eval batch size: 100000
|V|=2449029, eval batch size: 100000
|V|=2449029, eval batch size: 100000
|V|=2449029, eval batch size: 100000
|V|=2449029, eval batch size: 100000
|V|=2449029, eval batch size: 100000
|V|=2449029, eval batch size: 100000
|V|=2449029, eval batch size: 100000
|V|=2449029, eval batch size: 100000
|V|=2449029, eval batch size: 100000
|V|=2449029, eval batch size: 100000
|V|=2449029, eval batch size: 100000
|V|=2449029, eval batch size: 100000
|V|=2449029, eval batch size: 100000
|V|=2449029, eval batch size: 100000
|V|=2449029, eval batch size: 100000
|V|=2449029, eval batch size: 100000
|V|=2449029, eval batch size: 100000
|V|=2449029, eval batch size: 100000
|V|=2449029, eval batch size: 100000
|V|=2449029, eval batch size: 100000
|V|=2449029, eval batch size: 100000
|V|=2449029, eval batch size: 100000
|V|=2449029, eval batch size: 100000
|V|=2449029, eval batch size: 100000
|V|=2449029, eval batch size: 100000
|V|=2449029, eval batch size: 100000
|V|=2449029, eval batch size: 100000
|V|=2449029, eval batch size: 100000
|V|=2449029, eval batch size: 100000
|V|=2449029, eval batch size: 100000|V|=2449029, eval batch size: 100000

|V|=2449029, eval batch size: 100000
|V|=2449029, eval batch size: 100000|V|=2449029, eval batch size: 100000

|V|=2449029, eval batch size: 100000
|V|=2449029, eval batch size: 100000
|V|=2449029, eval batch size: 100000
|V|=2449029, eval batch size: 100000
|V|=2449029, eval batch size: 100000
|V|=2449029, eval batch size: 100000
|V|=2449029, eval batch size: 100000
|V|=2449029, eval batch size: 100000
|V|=2449029, eval batch size: 100000
|V|=2449029, eval batch size: 100000
|V|=2449029, eval batch size: 100000
|V|=2449029, eval batch size: 100000
|V|=2449029, eval batch size: 100000
|V|=2449029, eval batch size: 100000|V|=2449029, eval batch size: 100000

|V|=2449029, eval batch size: 100000
|V|=2449029, eval batch size: 100000
|V|=2449029, eval batch size: 100000
|V|=2449029, eval batch size: 100000
|V|=2449029, eval batch size: 100000
|V|=2449029, eval batch size: 100000
|V|=2449029, eval batch size: 100000
|V|=2449029, eval batch size: 100000
|V|=2449029, eval batch size: 100000
|V|=2449029, eval batch size: 100000
|V|=2449029, eval batch size: 100000
|V|=2449029, eval batch size: 100000
|V|=2449029, eval batch size: 100000|V|=2449029, eval batch size: 100000

|V|=2449029, eval batch size: 100000
|V|=2449029, eval batch size: 100000
|V|=2449029, eval batch size: 100000
|V|=2449029, eval batch size: 100000
|V|=2449029, eval batch size: 100000
|V|=2449029, eval batch size: 100000
|V|=2449029, eval batch size: 100000
|V|=2449029, eval batch size: 100000
|V|=2449029, eval batch size: 100000
|V|=2449029, eval batch size: 100000
|V|=2449029, eval batch size: 100000
|V|=2449029, eval batch size: 100000
|V|=2449029, eval batch size: 100000
|V|=2449029, eval batch size: 100000
|V|=2449029, eval batch size: 100000
|V|=2449029, eval batch size: 100000
|V|=2449029, eval batch size: 100000
|V|=2449029, eval batch size: 100000
|V|=2449029, eval batch size: 100000
|V|=2449029, eval batch size: 100000
|V|=2449029, eval batch size: 100000
|V|=2449029, eval batch size: 100000
|V|=2449029, eval batch size: 100000
|V|=2449029, eval batch size: 100000
|V|=2449029, eval batch size: 100000
|V|=2449029, eval batch size: 100000
|V|=2449029, eval batch size: 100000
|V|=2449029, eval batch size: 100000
|V|=2449029, eval batch size: 100000
|V|=2449029, eval batch size: 100000
|V|=2449029, eval batch size: 100000
|V|=2449029, eval batch size: 100000
|V|=2449029, eval batch size: 100000
|V|=2449029, eval batch size: 100000
|V|=2449029, eval batch size: 100000
|V|=2449029, eval batch size: 100000|V|=2449029, eval batch size: 100000

|V|=2449029, eval batch size: 100000
|V|=2449029, eval batch size: 100000
|V|=2449029, eval batch size: 100000
|V|=2449029, eval batch size: 100000
|V|=2449029, eval batch size: 100000
|V|=2449029, eval batch size: 100000
|V|=2449029, eval batch size: 100000
|V|=2449029, eval batch size: 100000
|V|=2449029, eval batch size: 100000
|V|=2449029, eval batch size: 100000|V|=2449029, eval batch size: 100000

|V|=2449029, eval batch size: 100000
|V|=2449029, eval batch size: 100000
|V|=2449029, eval batch size: 100000
|V|=2449029, eval batch size: 100000
|V|=2449029, eval batch size: 100000
|V|=2449029, eval batch size: 100000
|V|=2449029, eval batch size: 100000
|V|=2449029, eval batch size: 100000
|V|=2449029, eval batch size: 100000
Part 1, Val Acc 0.9479, Test Acc 0.8411, time: 9.4662
Part 6, Val Acc 0.9414, Test Acc 0.8383, time: 9.4665
Part 21, Val Acc 0.8787, Test Acc 0.7644, time: 9.4781
Part 29, Val Acc 0.9276, Test Acc 0.7853, time: 9.4814
Part 11, Val Acc 0.8666, Test Acc 0.7281, time: 9.4839
Part 23, Val Acc 0.8975, Test Acc 0.7636, time: 9.4843
Part 27, Val Acc 0.9365, Test Acc 0.7846, time: 9.4854
Part 2, Val Acc 0.9308, Test Acc 0.8382, time: 9.4857
Part 9, Val Acc 0.8959, Test Acc 0.7244, time: 9.4862
Part 19, Val Acc 0.8845, Test Acc 0.7639, time: 9.4869
Part 3, Val Acc 0.9365, Test Acc 0.8402, time: 9.4870
Part 5, Val Acc 0.9398, Test Acc 0.8388, time: 9.4874
Part 16, Val Acc 0.9032, Test Acc 0.7627, time: 9.4874
Part 24, Val Acc 0.8999, Test Acc 0.7850, time: 9.4874
Part 4, Val Acc 0.9471, Test Acc 0.8395, time: 9.4877
Part 7, Val Acc 0.9308, Test Acc 0.8396, time: 9.4879
Part 8, Val Acc 0.9048, Test Acc 0.7268, time: 9.4879
Part 25, Val Acc 0.9154, Test Acc 0.7834, time: 9.4901
Part 26, Val Acc 0.9235, Test Acc 0.7833, time: 9.4908
Part 18, Val Acc 0.8885, Test Acc 0.7656, time: 9.4910
Part 20, Val Acc 0.8950, Test Acc 0.7634, time: 9.4911
Part 22, Val Acc 0.8828, Test Acc 0.7622, time: 9.4913
Part 17, Val Acc 0.8853, Test Acc 0.7625, time: 9.4919
Part 14, Val Acc 0.8820, Test Acc 0.7275, time: 9.4925
Part 15, Val Acc 0.8853, Test Acc 0.7271, time: 9.4931
Part 12, Val Acc 0.8796, Test Acc 0.7266, time: 9.4935
Part 31, Val Acc 0.9300, Test Acc 0.7822, time: 9.4947
Part 0, Val Acc 0.9341, Test Acc 0.8380, time: 9.4958
Part 10, Val Acc 0.8884, Test Acc 0.7258, time: 9.4960
Part 28, Val Acc 0.9260, Test Acc 0.7822, time: 9.5029
Part 30, Val Acc 0.9194, Test Acc 0.7838, time: 9.5076
Part 13, Val Acc 0.8861, Test Acc 0.7250, time: 9.5166
All parts avg val acc 0.9091, test acc 0.7782
Part 2 | Epoch 00013 | Step 00000 | Loss 0.2236 | Train Acc 0.9370 | Speed (samples/sec) 813.6488 | GPU 2652.9 MB | time 1.348 s
Part 6 | Epoch 00013 | Step 00000 | Loss 0.2394 | Train Acc 0.9350 | Speed (samples/sec) 813.1694 | GPU 2661.3 MB | time 1.368 s
Part 1 | Epoch 00013 | Step 00000 | Loss 0.2272 | Train Acc 0.9310 | Speed (samples/sec) 813.2088 | GPU 2672.1 MB | time 1.368 s
Part 10 | Epoch 00013 | Step 00000 | Loss 0.4860 | Train Acc 0.8700 | Speed (samples/sec) 814.6646 | GPU 2792.1 MB | time 1.338 s
Part 12 | Epoch 00013 | Step 00000 | Loss 0.4221 | Train Acc 0.8750 | Speed (samples/sec) 814.8065 | GPU 2794.0 MB | time 1.340 s
Part 8 | Epoch 00013 | Step 00000 | Loss 0.4021 | Train Acc 0.8840 | Speed (samples/sec) 815.4354 | GPU 2800.7 MB | time 1.346 s
Part 3 | Epoch 00013 | Step 00000 | Loss 0.2631 | Train Acc 0.9290 | Speed (samples/sec) 814.1335 | GPU 2650.3 MB | time 1.347 s
Part 5 | Epoch 00013 | Step 00000 | Loss 0.2605 | Train Acc 0.9330 | Speed (samples/sec) 814.1195 | GPU 2659.6 MB | time 1.347 s
Part 4 | Epoch 00013 | Step 00000 | Loss 0.2276 | Train Acc 0.9340 | Speed (samples/sec) 814.6054 | GPU 2658.3 MB | time 1.346 s
Part 11 | Epoch 00013 | Step 00000 | Loss 0.4682 | Train Acc 0.8780 | Speed (samples/sec) 815.2674 | GPU 2797.9 MB | time 1.350 s
Part 15 | Epoch 00013 | Step 00000 | Loss 0.4481 | Train Acc 0.8820 | Speed (samples/sec) 814.7515 | GPU 2799.9 MB | time 1.341 s
Part 7 | Epoch 00013 | Step 00000 | Loss 0.2083 | Train Acc 0.9400 | Speed (samples/sec) 814.4909 | GPU 2663.1 MB | time 1.346 s
Part 29 | Epoch 00013 | Step 00000 | Loss 0.3068 | Train Acc 0.9170 | Speed (samples/sec) 814.8784 | GPU 2712.7 MB | time 1.353 s
Part 30 | Epoch 00013 | Step 00000 | Loss 0.2442 | Train Acc 0.9350 | Speed (samples/sec) 814.9728 | GPU 2707.7 MB | time 1.326 sPart 25 | Epoch 00013 | Step 00000 | Loss 0.2998 | Train Acc 0.9130 | Speed (samples/sec) 814.5271 | GPU 2696.3 MB | time 1.344 s

Part 27 | Epoch 00013 | Step 00000 | Loss 0.2794 | Train Acc 0.9280 | Speed (samples/sec) 814.4696 | GPU 2714.0 MB | time 1.348 sPart 26 | Epoch 00013 | Step 00000 | Loss 0.2654 | Train Acc 0.9230 | Speed (samples/sec) 815.0867 | GPU 2697.6 MB | time 1.343 s

Part 24 | Epoch 00013 | Step 00000 | Loss 0.2907 | Train Acc 0.9180 | Speed (samples/sec) 814.7680 | GPU 2701.8 MB | time 1.347 s
Part 28 | Epoch 00013 | Step 00000 | Loss 0.2880 | Train Acc 0.9250 | Speed (samples/sec) 815.1609 | GPU 2700.1 MB | time 1.331 s
Part 9 | Epoch 00013 | Step 00000 | Loss 0.4638 | Train Acc 0.8630 | Speed (samples/sec) 814.6598 | GPU 2798.8 MB | time 1.348 s
Part 13 | Epoch 00013 | Step 00000 | Loss 0.4237 | Train Acc 0.8810 | Speed (samples/sec) 815.0407 | GPU 2775.6 MB | time 1.317 s
Part 31 | Epoch 00013 | Step 00000 | Loss 0.2869 | Train Acc 0.9250 | Speed (samples/sec) 814.6743 | GPU 2699.2 MB | time 1.339 s
Part 18 | Epoch 00013 | Step 00000 | Loss 0.4869 | Train Acc 0.8630 | Speed (samples/sec) 815.1915 | GPU 2655.5 MB | time 1.343 s
Part 16 | Epoch 00013 | Step 00000 | Loss 0.4080 | Train Acc 0.8990 | Speed (samples/sec) 814.9971 | GPU 2673.7 MB | time 1.346 s
Part 23 | Epoch 00013 | Step 00000 | Loss 0.4720 | Train Acc 0.8630 | Speed (samples/sec) 814.6867 | GPU 2679.5 MB | time 1.350 s
Part 14 | Epoch 00013 | Step 00000 | Loss 0.4462 | Train Acc 0.8680 | Speed (samples/sec) 814.6789 | GPU 2823.6 MB | time 1.342 s
Part 20 | Epoch 00013 | Step 00000 | Loss 0.4737 | Train Acc 0.8670 | Speed (samples/sec) 814.5559 | GPU 2645.0 MB | time 1.343 s
Part 19 | Epoch 00013 | Step 00000 | Loss 0.4198 | Train Acc 0.8850 | Speed (samples/sec) 815.3665 | GPU 2654.2 MB | time 1.347 s
Part 21 | Epoch 00013 | Step 00000 | Loss 0.4285 | Train Acc 0.8800 | Speed (samples/sec) 814.6127 | GPU 2619.5 MB | time 1.356 s
Part 17 | Epoch 00013 | Step 00000 | Loss 0.4826 | Train Acc 0.8750 | Speed (samples/sec) 814.6567 | GPU 2666.2 MB | time 1.342 s
Part 22 | Epoch 00013 | Step 00000 | Loss 0.4826 | Train Acc 0.8710 | Speed (samples/sec) 814.9531 | GPU 2654.2 MB | time 1.343 s
Part 0 | Epoch 00013 | Step 00000 | Loss 0.2591 | Train Acc 0.9270 | Speed (samples/sec) 816.5070 | GPU 2684.6 MB | time 1.319 s
Avg train acc 0.9017
=====================
Part 2, Epoch Time(s): 7.1994
Sampling Time(s): 0.3040
Loading Time(s): 2.3430
Forward Time(s): 0.9752
Backward Time(s): 0.7815
Update Time(s): 0.0048
Emb Update Time(s): 2.7858
#seeds: 6144
#inputs: 2201429
==========================================
Part 1, Epoch Time(s): 7.2190
Sampling Time(s): 0.3440
Loading Time(s): 2.3219
Forward Time(s): 0.9756
Backward Time(s): 0.7817
Update Time(s): 0.0051
Emb Update Time(s): 2.7853
#seeds: 6144
#inputs: 2195884
=====================

=====================
Part 3, Epoch Time(s): 7.1982
Sampling Time(s): 0.3662
Loading Time(s): 2.5863
Forward Time(s): 0.6765
Backward Time(s): 0.7728
Update Time(s): 0.0052
Emb Update Time(s): 2.7856
#seeds: 6145
#inputs: 2187552
==========================================
Part 6, Epoch Time(s): 7.2189
Sampling Time(s): 0.3321
Loading Time(s): 2.2563
Forward Time(s): 1.0528
Backward Time(s): 0.7811
Update Time(s): 0.0051
Emb Update Time(s): 2.7862
#seeds: 6144
#inputs: 2211318
==========================================
Part 5, Epoch Time(s): 7.1978
Sampling Time(s): 0.3401
Loading Time(s): 2.5905
Forward Time(s): 0.6892
Backward Time(s): 0.7812
Update Time(s): 0.0057
Emb Update Time(s): 2.7854
#seeds: 6144
#inputs: 2213977
==========================================
Part 4, Epoch Time(s): 7.1976
Sampling Time(s): 0.3530
Loading Time(s): 2.4226
Forward Time(s): 0.8443
Backward Time(s): 0.7812
Update Time(s): 0.0054
Emb Update Time(s): 2.7856
#seeds: 6145
#inputs: 2210872
=====================



=====================
Part 7, Epoch Time(s): 7.1971
Sampling Time(s): 0.3939
Loading Time(s): 2.3421
Forward Time(s): 0.8833
Backward Time(s): 0.7812
Update Time(s): 0.0062
Emb Update Time(s): 2.7847
#seeds: 6144
#inputs: 2200032
=====================
=====================
Part 0, Epoch Time(s): 7.1679
Sampling Time(s): 0.4807
Loading Time(s): 2.3611
Forward Time(s): 0.7428
Backward Time(s): 0.7820
Update Time(s): 0.0071
Emb Update Time(s): 2.7861
#seeds: 6144
#inputs: 2222445
=====================
=====================
Part 30, Epoch Time(s): 7.1777
Sampling Time(s): 0.3262
Loading Time(s): 2.5814
Forward Time(s): 0.6922
Backward Time(s): 0.7800
Update Time(s): 0.0053
Emb Update Time(s): 2.7873
#seeds: 6144
#inputs: 2262874
==========================================
Part 25, Epoch Time(s): 7.1951
Sampling Time(s): 0.3812
Loading Time(s): 2.6559
Forward Time(s): 0.5995
Backward Time(s): 0.7613
Update Time(s): 0.0054
Emb Update Time(s): 2.7863
#seeds: 6144
#inputs: 2248873
==========================================
Part 29, Epoch Time(s): 7.2039
Sampling Time(s): 0.3264
Loading Time(s): 2.5851
Forward Time(s): 0.7080
Backward Time(s): 0.7800
Update Time(s): 0.0052
Emb Update Time(s): 2.7939
#seeds: 6144
#inputs: 2267699
=====================


=====================
Part 24, Epoch Time(s): 7.1978
Sampling Time(s): 0.3527
Loading Time(s): 2.8517
Forward Time(s): 0.4732
Backward Time(s): 0.7247
Update Time(s): 0.0061
Emb Update Time(s): 2.7839
#seeds: 6144
#inputs: 2255106
==========================================
Part 26, Epoch Time(s): 7.1943
Sampling Time(s): 0.3252
Loading Time(s): 2.5832
Forward Time(s): 0.7096
Backward Time(s): 0.7787
Update Time(s): 0.0056
Emb Update Time(s): 2.7865
#seeds: 6144
#inputs: 2256043
==========================================
Part 31, Epoch Time(s): 7.1904
Sampling Time(s): 0.4098
Loading Time(s): 2.5721
Forward Time(s): 0.6378
Backward Time(s): 0.7720
Update Time(s): 0.0071
Emb Update Time(s): 2.7858
#seeds: 6144
#inputs: 2237410
==========================================
Part 27, Epoch Time(s): 7.1997
Sampling Time(s): 0.3458
Loading Time(s): 2.6386
Forward Time(s): 0.6604
Backward Time(s): 0.7571
Update Time(s): 0.0055
Emb Update Time(s): 2.7870
#seeds: 6145
#inputs: 2258871
==========================================
Part 28, Epoch Time(s): 7.1818
Sampling Time(s): 0.3421
Loading Time(s): 2.6014
Forward Time(s): 0.6599
Backward Time(s): 0.7800
Update Time(s): 0.0057
Emb Update Time(s): 2.7872
#seeds: 6144
#inputs: 2249688
=====================




=====================
Part 17, Epoch Time(s): 7.1933
Sampling Time(s): 0.3414
Loading Time(s): 2.4873
Forward Time(s): 0.7905
Backward Time(s): 0.7757
Update Time(s): 0.0064
Emb Update Time(s): 2.7848
#seeds: 6144
#inputs: 2194017
==========================================
Part 16, Epoch Time(s): 7.1979
Sampling Time(s): 0.3823
Loading Time(s): 2.4652
Forward Time(s): 0.7813
Backward Time(s): 0.7717
Update Time(s): 0.0051
Emb Update Time(s): 2.7856
#seeds: 6144
#inputs: 2219132
==========================================
Part 21, Epoch Time(s): 7.2071
Sampling Time(s): 0.3349
Loading Time(s): 2.5840
Forward Time(s): 0.7173
Backward Time(s): 0.7716
Update Time(s): 0.0064
Emb Update Time(s): 2.7858
#seeds: 6144
#inputs: 2180194
=====================


=====================
Part 18, Epoch Time(s): 7.1943
Sampling Time(s): 0.3490
Loading Time(s): 2.3354
Forward Time(s): 0.9604
Backward Time(s): 0.7519
Update Time(s): 0.0053
Emb Update Time(s): 2.7859
#seeds: 6144
#inputs: 2204929
=====================
=====================
Part 20, Epoch Time(s): 7.1943
Sampling Time(s): 0.3771
Loading Time(s): 2.3255
Forward Time(s): 0.9113
Backward Time(s): 0.7809
Update Time(s): 0.0053
Emb Update Time(s): 2.7869
#seeds: 6144
#inputs: 2201568
=====================
=====================
Part 22, Epoch Time(s): 7.1939
Sampling Time(s): 0.3538
Loading Time(s): 2.4208
Forward Time(s): 0.8383
Backward Time(s): 0.7807
Update Time(s): 0.0057
Emb Update Time(s): 2.7873
#seeds: 6145
#inputs: 2210635
=====================
=====================
Part 19, Epoch Time(s): 7.1983
Sampling Time(s): 0.3613
Loading Time(s): 2.4906
Forward Time(s): 0.7658
Backward Time(s): 0.7814
Update Time(s): 0.0057
Emb Update Time(s): 2.7866
#seeds: 6145
#inputs: 2215748
=====================
=====================
Part 23, Epoch Time(s): 7.2011
Sampling Time(s): 0.3359
Loading Time(s): 2.5048
Forward Time(s): 0.7806
Backward Time(s): 0.7804
Update Time(s): 0.0057
Emb Update Time(s): 2.7868
#seeds: 6144
#inputs: 2220913
=====================
=====================
Part 8, Epoch Time(s): 7.1974
Sampling Time(s): 0.3812
Loading Time(s): 2.9187
Forward Time(s): 0.4041
Backward Time(s): 0.6987
Update Time(s): 0.0060
Emb Update Time(s): 2.7832
#seeds: 6145
#inputs: 2343997
==========================================
Part 15, Epoch Time(s): 7.1920
Sampling Time(s): 0.3715
Loading Time(s): 2.7310
Forward Time(s): 0.5510
Backward Time(s): 0.7400
Update Time(s): 0.0057
Emb Update Time(s): 2.7873
#seeds: 6144
#inputs: 2344974
==========================================
Part 11, Epoch Time(s): 7.2020
Sampling Time(s): 0.3404
Loading Time(s): 2.6839
Forward Time(s): 0.6257
Backward Time(s): 0.7518
Update Time(s): 0.0056
Emb Update Time(s): 2.7878
#seeds: 6145
#inputs: 2344215
==========================================
Part 10, Epoch Time(s): 7.1894
Sampling Time(s): 0.3865
Loading Time(s): 2.6839
Forward Time(s): 0.5602
Backward Time(s): 0.7604
Update Time(s): 0.0055
Emb Update Time(s): 2.7870
#seeds: 6144
#inputs: 2335195
=====================
=====================
Part 9, Epoch Time(s): 7.1989
Sampling Time(s): 0.4583
Loading Time(s): 2.8546
Forward Time(s): 0.3723
Backward Time(s): 0.7176
Update Time(s): 0.0056
Emb Update Time(s): 2.7850
#seeds: 6144
#inputs: 2349276
=====================

=====================
Part 13, Epoch Time(s): 7.1683
Sampling Time(s): 0.4140
Loading Time(s): 2.4942
Forward Time(s): 0.6798
Backward Time(s): 0.7801
Update Time(s): 0.0057
Emb Update Time(s): 2.7884
#seeds: 6144
#inputs: 2332546
=====================


=====================
Part 14, Epoch Time(s): 7.1926
Sampling Time(s): 0.4514
Loading Time(s): 2.8228
Forward Time(s): 0.4009
Backward Time(s): 0.7179
Update Time(s): 0.0066
Emb Update Time(s): 2.7860
#seeds: 6144
#inputs: 2361829
==========================================
Part 12, Epoch Time(s): 7.1916
Sampling Time(s): 0.3809
Loading Time(s): 2.9026
Forward Time(s): 0.3604
Backward Time(s): 0.7482
Update Time(s): 0.0055
Emb Update Time(s): 2.7882
#seeds: 6144
#inputs: 2352562
=====================

|V|=2449029, eval batch size: 100000
|V|=2449029, eval batch size: 100000
|V|=2449029, eval batch size: 100000
|V|=2449029, eval batch size: 100000
|V|=2449029, eval batch size: 100000
|V|=2449029, eval batch size: 100000
|V|=2449029, eval batch size: 100000
|V|=2449029, eval batch size: 100000
|V|=2449029, eval batch size: 100000
|V|=2449029, eval batch size: 100000
|V|=2449029, eval batch size: 100000
|V|=2449029, eval batch size: 100000
|V|=2449029, eval batch size: 100000
|V|=2449029, eval batch size: 100000
|V|=2449029, eval batch size: 100000|V|=2449029, eval batch size: 100000

|V|=2449029, eval batch size: 100000
|V|=2449029, eval batch size: 100000
|V|=2449029, eval batch size: 100000
|V|=2449029, eval batch size: 100000
|V|=2449029, eval batch size: 100000
|V|=2449029, eval batch size: 100000
|V|=2449029, eval batch size: 100000
|V|=2449029, eval batch size: 100000
|V|=2449029, eval batch size: 100000
|V|=2449029, eval batch size: 100000
|V|=2449029, eval batch size: 100000
|V|=2449029, eval batch size: 100000
|V|=2449029, eval batch size: 100000
|V|=2449029, eval batch size: 100000
|V|=2449029, eval batch size: 100000
|V|=2449029, eval batch size: 100000
|V|=2449029, eval batch size: 100000
|V|=2449029, eval batch size: 100000
|V|=2449029, eval batch size: 100000
|V|=2449029, eval batch size: 100000
|V|=2449029, eval batch size: 100000
|V|=2449029, eval batch size: 100000
|V|=2449029, eval batch size: 100000
|V|=2449029, eval batch size: 100000
|V|=2449029, eval batch size: 100000
|V|=2449029, eval batch size: 100000
|V|=2449029, eval batch size: 100000
|V|=2449029, eval batch size: 100000
|V|=2449029, eval batch size: 100000
|V|=2449029, eval batch size: 100000|V|=2449029, eval batch size: 100000
|V|=2449029, eval batch size: 100000

|V|=2449029, eval batch size: 100000
|V|=2449029, eval batch size: 100000
|V|=2449029, eval batch size: 100000
|V|=2449029, eval batch size: 100000
|V|=2449029, eval batch size: 100000
|V|=2449029, eval batch size: 100000
|V|=2449029, eval batch size: 100000|V|=2449029, eval batch size: 100000

|V|=2449029, eval batch size: 100000
|V|=2449029, eval batch size: 100000
|V|=2449029, eval batch size: 100000
|V|=2449029, eval batch size: 100000
|V|=2449029, eval batch size: 100000
|V|=2449029, eval batch size: 100000
|V|=2449029, eval batch size: 100000
|V|=2449029, eval batch size: 100000
|V|=2449029, eval batch size: 100000
|V|=2449029, eval batch size: 100000
|V|=2449029, eval batch size: 100000
|V|=2449029, eval batch size: 100000
|V|=2449029, eval batch size: 100000
|V|=2449029, eval batch size: 100000
|V|=2449029, eval batch size: 100000
|V|=2449029, eval batch size: 100000
|V|=2449029, eval batch size: 100000
|V|=2449029, eval batch size: 100000
|V|=2449029, eval batch size: 100000
|V|=2449029, eval batch size: 100000
|V|=2449029, eval batch size: 100000
|V|=2449029, eval batch size: 100000
|V|=2449029, eval batch size: 100000
|V|=2449029, eval batch size: 100000
|V|=2449029, eval batch size: 100000
|V|=2449029, eval batch size: 100000
|V|=2449029, eval batch size: 100000
|V|=2449029, eval batch size: 100000
|V|=2449029, eval batch size: 100000
|V|=2449029, eval batch size: 100000
|V|=2449029, eval batch size: 100000
|V|=2449029, eval batch size: 100000
|V|=2449029, eval batch size: 100000
|V|=2449029, eval batch size: 100000
|V|=2449029, eval batch size: 100000
|V|=2449029, eval batch size: 100000|V|=2449029, eval batch size: 100000

|V|=2449029, eval batch size: 100000
|V|=2449029, eval batch size: 100000
|V|=2449029, eval batch size: 100000
|V|=2449029, eval batch size: 100000
|V|=2449029, eval batch size: 100000
|V|=2449029, eval batch size: 100000
|V|=2449029, eval batch size: 100000
|V|=2449029, eval batch size: 100000
|V|=2449029, eval batch size: 100000
|V|=2449029, eval batch size: 100000
|V|=2449029, eval batch size: 100000
|V|=2449029, eval batch size: 100000
|V|=2449029, eval batch size: 100000
|V|=2449029, eval batch size: 100000
|V|=2449029, eval batch size: 100000
|V|=2449029, eval batch size: 100000
|V|=2449029, eval batch size: 100000
|V|=2449029, eval batch size: 100000
|V|=2449029, eval batch size: 100000
|V|=2449029, eval batch size: 100000
|V|=2449029, eval batch size: 100000
|V|=2449029, eval batch size: 100000
|V|=2449029, eval batch size: 100000
|V|=2449029, eval batch size: 100000
|V|=2449029, eval batch size: 100000
|V|=2449029, eval batch size: 100000
|V|=2449029, eval batch size: 100000
|V|=2449029, eval batch size: 100000
|V|=2449029, eval batch size: 100000
|V|=2449029, eval batch size: 100000
|V|=2449029, eval batch size: 100000
|V|=2449029, eval batch size: 100000
|V|=2449029, eval batch size: 100000
|V|=2449029, eval batch size: 100000
|V|=2449029, eval batch size: 100000
Part 6, Val Acc 0.9357, Test Acc 0.8329, time: 9.2934
Part 1, Val Acc 0.9463, Test Acc 0.8362, time: 9.2961
Part 2, Val Acc 0.9292, Test Acc 0.8326, time: 9.3016
Part 24, Val Acc 0.9024, Test Acc 0.7909, time: 9.3065
Part 17, Val Acc 0.8836, Test Acc 0.7615, time: 9.3099
Part 27, Val Acc 0.9333, Test Acc 0.7906, time: 9.3115
Part 4, Val Acc 0.9447, Test Acc 0.8352, time: 9.3138
Part 3, Val Acc 0.9365, Test Acc 0.8351, time: 9.3139
Part 0, Val Acc 0.9333, Test Acc 0.8333, time: 9.3142
Part 5, Val Acc 0.9373, Test Acc 0.8336, time: 9.3154
Part 11, Val Acc 0.8666, Test Acc 0.7307, time: 9.3163
Part 30, Val Acc 0.9153, Test Acc 0.7895, time: 9.3171
Part 23, Val Acc 0.8975, Test Acc 0.7614, time: 9.3172
Part 9, Val Acc 0.8950, Test Acc 0.7256, time: 9.3175
Part 13, Val Acc 0.8902, Test Acc 0.7270, time: 9.3183
Part 31, Val Acc 0.9300, Test Acc 0.7883, time: 9.3185
Part 28, Val Acc 0.9276, Test Acc 0.7883, time: 9.3194
Part 29, Val Acc 0.9203, Test Acc 0.7921, time: 9.3196
Part 8, Val Acc 0.9129, Test Acc 0.7284, time: 9.3206
Part 7, Val Acc 0.9308, Test Acc 0.8340, time: 9.3208
Part 21, Val Acc 0.8811, Test Acc 0.7622, time: 9.3223
Part 22, Val Acc 0.8771, Test Acc 0.7598, time: 9.3235
Part 26, Val Acc 0.9203, Test Acc 0.7900, time: 9.3239
Part 12, Val Acc 0.8804, Test Acc 0.7288, time: 9.3240
Part 10, Val Acc 0.8876, Test Acc 0.7278, time: 9.3241
Part 20, Val Acc 0.8934, Test Acc 0.7616, time: 9.3251
Part 19, Val Acc 0.8845, Test Acc 0.7619, time: 9.3258
Part 16, Val Acc 0.8999, Test Acc 0.7608, time: 9.3266
Part 25, Val Acc 0.9154, Test Acc 0.7889, time: 9.3292
Part 18, Val Acc 0.8771, Test Acc 0.7636, time: 9.3339
Part 14, Val Acc 0.8836, Test Acc 0.7295, time: 9.3373
Part 15, Val Acc 0.8820, Test Acc 0.7287, time: 9.3413
All parts avg val acc 0.9078, test acc 0.7785
Part 1 | Epoch 00014 | Step 00000 | Loss 0.2527 | Train Acc 0.9350 | Speed (samples/sec) 813.7744 | GPU 2672.1 MB | time 1.318 s
Part 6 | Epoch 00014 | Step 00000 | Loss 0.2145 | Train Acc 0.9350 | Speed (samples/sec) 813.7190 | GPU 2661.3 MB | time 1.321 s
Part 3 | Epoch 00014 | Step 00000 | Loss 0.2046 | Train Acc 0.9450 | Speed (samples/sec) 814.7599 | GPU 2650.3 MB | time 1.301 s
Part 5 | Epoch 00014 | Step 00000 | Loss 0.2310 | Train Acc 0.9400 | Speed (samples/sec) 814.7363 | GPU 2659.6 MB | time 1.299 s
Part 21 | Epoch 00014 | Step 00000 | Loss 0.4090 | Train Acc 0.8670 | Speed (samples/sec) 815.2477 | GPU 2619.5 MB | time 1.292 sPart 17 | Epoch 00014 | Step 00000 | Loss 0.4706 | Train Acc 0.8670 | Speed (samples/sec) 815.2145 | GPU 2666.2 MB | time 1.305 sPart 16 | Epoch 00014 | Step 00000 | Loss 0.4753 | Train Acc 0.8730 | Speed (samples/sec) 815.6260 | GPU 2673.7 MB | time 1.288 s


Part 2 | Epoch 00014 | Step 00000 | Loss 0.1961 | Train Acc 0.9420 | Speed (samples/sec) 814.2118 | GPU 2652.9 MB | time 1.313 s
Part 7 | Epoch 00014 | Step 00000 | Loss 0.1925 | Train Acc 0.9560 | Speed (samples/sec) 815.1153 | GPU 2663.1 MB | time 1.294 s
Part 0 | Epoch 00014 | Step 00000 | Loss 0.2366 | Train Acc 0.9330 | Speed (samples/sec) 817.1562 | GPU 2684.6 MB | time 1.273 s
Part 18 | Epoch 00014 | Step 00000 | Loss 0.4643 | Train Acc 0.8730 | Speed (samples/sec) 815.8514 | GPU 2655.5 MB | time 1.281 sPart 20 | Epoch 00014 | Step 00000 | Loss 0.4796 | Train Acc 0.8680 | Speed (samples/sec) 815.2136 | GPU 2645.0 MB | time 1.290 sPart 22 | Epoch 00014 | Step 00000 | Loss 0.4406 | Train Acc 0.8700 | Speed (samples/sec) 815.5957 | GPU 2654.2 MB | time 1.291 s


Part 23 | Epoch 00014 | Step 00000 | Loss 0.5001 | Train Acc 0.8590 | Speed (samples/sec) 815.2821 | GPU 2679.5 MB | time 1.297 s
Part 12 | Epoch 00014 | Step 00000 | Loss 0.3825 | Train Acc 0.8920 | Speed (samples/sec) 815.4266 | GPU 2794.0 MB | time 1.291 s
Part 10 | Epoch 00014 | Step 00000 | Loss 0.4580 | Train Acc 0.8690 | Speed (samples/sec) 815.2968 | GPU 2792.1 MB | time 1.290 s
Part 11 | Epoch 00014 | Step 00000 | Loss 0.4237 | Train Acc 0.8770 | Speed (samples/sec) 815.8281 | GPU 2797.9 MB | time 1.298 s
Part 19 | Epoch 00014 | Step 00000 | Loss 0.3770 | Train Acc 0.8950 | Speed (samples/sec) 815.9879 | GPU 2654.2 MB | time 1.289 s
Part 15 | Epoch 00014 | Step 00000 | Loss 0.4227 | Train Acc 0.8780 | Speed (samples/sec) 815.4829 | GPU 2799.9 MB | time 1.274 sPart 8 | Epoch 00014 | Step 00000 | Loss 0.3788 | Train Acc 0.8900 | Speed (samples/sec) 816.0045 | GPU 2800.7 MB | time 1.294 sPart 9 | Epoch 00014 | Step 00000 | Loss 0.3855 | Train Acc 0.8920 | Speed (samples/sec) 815.2492 | GPU 2798.8 MB | time 1.297 s


Part 25 | Epoch 00014 | Step 00000 | Loss 0.3371 | Train Acc 0.9040 | Speed (samples/sec) 815.2032 | GPU 2696.3 MB | time 1.285 s
Part 29 | Epoch 00014 | Step 00000 | Loss 0.3034 | Train Acc 0.9150 | Speed (samples/sec) 815.4568 | GPU 2712.7 MB | time 1.295 s
Part 30 | Epoch 00014 | Step 00000 | Loss 0.3415 | Train Acc 0.9080 | Speed (samples/sec) 815.5359 | GPU 2707.7 MB | time 1.298 sPart 28 | Epoch 00014 | Step 00000 | Loss 0.3139 | Train Acc 0.9170 | Speed (samples/sec) 815.7259 | GPU 2700.1 MB | time 1.295 s

Part 26 | Epoch 00014 | Step 00000 | Loss 0.3549 | Train Acc 0.9060 | Speed (samples/sec) 815.6825 | GPU 2697.6 MB | time 1.291 sPart 24 | Epoch 00014 | Step 00000 | Loss 0.2940 | Train Acc 0.9170 | Speed (samples/sec) 815.2806 | GPU 2701.8 MB | time 1.308 sPart 27 | Epoch 00014 | Step 00000 | Loss 0.3090 | Train Acc 0.9210 | Speed (samples/sec) 815.0554 | GPU 2714.0 MB | time 1.303 s


Part 14 | Epoch 00014 | Step 00000 | Loss 0.3876 | Train Acc 0.8860 | Speed (samples/sec) 815.4049 | GPU 2823.6 MB | time 1.277 s
Part 31 | Epoch 00014 | Step 00000 | Loss 0.2749 | Train Acc 0.9190 | Speed (samples/sec) 815.2730 | GPU 2699.2 MB | time 1.296 s
Part 4 | Epoch 00014 | Step 00000 | Loss 0.2563 | Train Acc 0.9250 | Speed (samples/sec) 815.1959 | GPU 2658.3 MB | time 1.301 s
Part 13 | Epoch 00014 | Step 00000 | Loss 0.3823 | Train Acc 0.8830 | Speed (samples/sec) 815.6077 | GPU 2775.6 MB | time 1.297 s
Avg train acc 0.9018
=====================
Part 2, Epoch Time(s): 7.2024
Sampling Time(s): 0.3224
Loading Time(s): 2.3192
Forward Time(s): 0.8633
Backward Time(s): 0.7818
Update Time(s): 0.0129
Emb Update Time(s): 2.8876
#seeds: 6144
#inputs: 2212116
==========================================
Part 1, Epoch Time(s): 7.2078
Sampling Time(s): 0.3620
Loading Time(s): 2.3638
Forward Time(s): 0.7790
Backward Time(s): 0.7879
Update Time(s): 0.0049
Emb Update Time(s): 2.8952
#seeds: 6144
#inputs: 2199974
==========================================
Part 6, Epoch Time(s): 7.2106
Sampling Time(s): 0.3699
Loading Time(s): 2.4134
Forward Time(s): 0.7222
Backward Time(s): 0.7886
Update Time(s): 0.0051
Emb Update Time(s): 2.8964
#seeds: 6144
#inputs: 2213049
=====================

=====================
Part 4, Epoch Time(s): 7.1901
Sampling Time(s): 0.3352
Loading Time(s): 2.4532
Forward Time(s): 0.7089
Backward Time(s): 0.7759
Update Time(s): 0.0051
Emb Update Time(s): 2.8956
#seeds: 6145
#inputs: 2203443
==========================================
Part 5, Epoch Time(s): 7.1885
Sampling Time(s): 0.3550
Loading Time(s): 2.4651
Forward Time(s): 0.6772
Backward Time(s): 0.7752
Update Time(s): 0.0053
Emb Update Time(s): 2.8957
#seeds: 6144
#inputs: 2214429
==========================================
Part 3, Epoch Time(s): 7.1900
Sampling Time(s): 0.3960
Loading Time(s): 2.3359
Forward Time(s): 0.7530
Backward Time(s): 0.7894
Update Time(s): 0.0052
Emb Update Time(s): 2.8954
#seeds: 6145
#inputs: 2197527
=====================



=====================
Part 0, Epoch Time(s): 7.1623
Sampling Time(s): 0.3881
Loading Time(s): 2.5234
Forward Time(s): 0.5625
Backward Time(s): 0.7710
Update Time(s): 0.0065
Emb Update Time(s): 2.8936
#seeds: 6144
#inputs: 2220533
==========================================
Part 7, Epoch Time(s): 7.1831
Sampling Time(s): 0.4163
Loading Time(s): 2.3976
Forward Time(s): 0.6682
Backward Time(s): 0.7842
Update Time(s): 0.0060
Emb Update Time(s): 2.8956
#seeds: 6144
#inputs: 2199707
=====================

=====================
Part 16, Epoch Time(s): 7.1772
Sampling Time(s): 0.3540
Loading Time(s): 2.4084
Forward Time(s): 0.7096
Backward Time(s): 0.7885
Update Time(s): 0.0051
Emb Update Time(s): 2.8966
#seeds: 6144
#inputs: 2215131
==========================================
Part 20, Epoch Time(s): 7.1787
Sampling Time(s): 0.4239
Loading Time(s): 2.3350
Forward Time(s): 0.7441
Backward Time(s): 0.7578
Update Time(s): 0.0053
Emb Update Time(s): 2.8975
#seeds: 6144
#inputs: 2197201
==========================================
Part 22, Epoch Time(s): 7.1805
Sampling Time(s): 0.3398
Loading Time(s): 2.3576
Forward Time(s): 0.7775
Backward Time(s): 0.7874
Update Time(s): 0.0053
Emb Update Time(s): 2.8977
#seeds: 6145
#inputs: 2206649
==========================================
Part 18, Epoch Time(s): 7.1698
Sampling Time(s): 0.3333
Loading Time(s): 2.4824
Forward Time(s): 0.6483
Backward Time(s): 0.7881
Update Time(s): 0.0054
Emb Update Time(s): 2.8970
#seeds: 6144
#inputs: 2211078
==========================================
Part 19, Epoch Time(s): 7.1782
Sampling Time(s): 0.3754
Loading Time(s): 2.4665
Forward Time(s): 0.6559
Backward Time(s): 0.7626
Update Time(s): 0.0056
Emb Update Time(s): 2.8969
#seeds: 6145
#inputs: 2212724
==========================================
Part 17, Epoch Time(s): 7.1940
Sampling Time(s): 0.3278
Loading Time(s): 2.3661
Forward Time(s): 0.7946
Backward Time(s): 0.7884
Update Time(s): 0.0054
Emb Update Time(s): 2.8965
#seeds: 6144
#inputs: 2201392
==========================================
Part 21, Epoch Time(s): 7.1817
Sampling Time(s): 0.3179
Loading Time(s): 2.5274
Forward Time(s): 0.6323
Backward Time(s): 0.7860
Update Time(s): 0.0054
Emb Update Time(s): 2.8974
#seeds: 6144
#inputs: 2179327
=====================
=====================
Part 23, Epoch Time(s): 7.1863
Sampling Time(s): 0.3532
Loading Time(s): 2.4353
Forward Time(s): 0.6918
Backward Time(s): 0.7875
Update Time(s): 0.0056
Emb Update Time(s): 2.8975
#seeds: 6144
#inputs: 2222650
=====================






=====================
Part 25, Epoch Time(s): 7.1741
Sampling Time(s): 0.3698
Loading Time(s): 2.4285
Forward Time(s): 0.6756
Backward Time(s): 0.7826
Update Time(s): 0.0053
Emb Update Time(s): 2.8973
#seeds: 6144
#inputs: 2253366
==========================================
Part 30, Epoch Time(s): 7.1867
Sampling Time(s): 0.3372
Loading Time(s): 2.6094
Forward Time(s): 0.5374
Backward Time(s): 0.7851
Update Time(s): 0.0053
Emb Update Time(s): 2.8974
#seeds: 6144
#inputs: 2265425
==========================================
Part 28, Epoch Time(s): 7.1845
Sampling Time(s): 0.3509
Loading Time(s): 2.6853
Forward Time(s): 0.4851
Backward Time(s): 0.7466
Update Time(s): 0.0058
Emb Update Time(s): 2.8959
#seeds: 6144
#inputs: 2243555
==========================================
Part 27, Epoch Time(s): 7.1923
Sampling Time(s): 0.3346
Loading Time(s): 2.5976
Forward Time(s): 0.5647
Backward Time(s): 0.7778
Update Time(s): 0.0055
Emb Update Time(s): 2.8971
#seeds: 6145
#inputs: 2259479
=====================
=====================
Part 29, Epoch Time(s): 7.1841
Sampling Time(s): 0.3670
Loading Time(s): 2.4155
Forward Time(s): 0.6964
Backward Time(s): 0.7879
Update Time(s): 0.0054
Emb Update Time(s): 2.8971
#seeds: 6144
#inputs: 2260830
=====================
=====================
Part 24, Epoch Time(s): 7.1973
Sampling Time(s): 0.3536
Loading Time(s): 2.6784
Forward Time(s): 0.4688
Backward Time(s): 0.7790
Update Time(s): 0.0057
Emb Update Time(s): 2.8967
#seeds: 6144
#inputs: 2247076
==========================================
Part 26, Epoch Time(s): 7.1801
Sampling Time(s): 0.3218
Loading Time(s): 2.5780
Forward Time(s): 0.5753
Backward Time(s): 0.7870
Update Time(s): 0.0059
Emb Update Time(s): 2.8969
#seeds: 6144
#inputs: 2263065
=====================




=====================
Part 31, Epoch Time(s): 7.1850
Sampling Time(s): 0.4232
Loading Time(s): 2.6179
Forward Time(s): 0.4830
Backward Time(s): 0.7429
Update Time(s): 0.0063
Emb Update Time(s): 2.8964
#seeds: 6144
#inputs: 2248925
=====================
=====================
Part 15, Epoch Time(s): 7.1626
Sampling Time(s): 0.3327
Loading Time(s): 2.6698
Forward Time(s): 0.4546
Backward Time(s): 0.7870
Update Time(s): 0.0053
Emb Update Time(s): 2.8982
#seeds: 6144
#inputs: 2342442
==========================================
Part 8, Epoch Time(s): 7.1834
Sampling Time(s): 0.3551
Loading Time(s): 2.8633
Forward Time(s): 0.3518
Backward Time(s): 0.6961
Update Time(s): 0.0056
Emb Update Time(s): 2.8966
#seeds: 6145
#inputs: 2340406
==========================================
Part 10, Epoch Time(s): 7.1796
Sampling Time(s): 0.3301
Loading Time(s): 2.3943
Forward Time(s): 0.7490
Backward Time(s): 0.7880
Update Time(s): 0.0054
Emb Update Time(s): 2.8974
#seeds: 6144
#inputs: 2326998
==========================================
Part 12, Epoch Time(s): 7.1797
Sampling Time(s): 0.3654
Loading Time(s): 2.7132
Forward Time(s): 0.4134
Backward Time(s): 0.7693
Update Time(s): 0.0059
Emb Update Time(s): 2.8975
#seeds: 6144
#inputs: 2349621
==========================================
Part 11, Epoch Time(s): 7.1875
Sampling Time(s): 0.3783
Loading Time(s): 2.6514
Forward Time(s): 0.4876
Backward Time(s): 0.7522
Update Time(s): 0.0056
Emb Update Time(s): 2.8977
#seeds: 6145
#inputs: 2340675
=====================
=====================
Part 9, Epoch Time(s): 7.1863
Sampling Time(s): 0.3823
Loading Time(s): 2.7975
Forward Time(s): 0.3683
Backward Time(s): 0.7203
Update Time(s): 0.0059
Emb Update Time(s): 2.8970
#seeds: 6144
#inputs: 2342308
=====================




=====================
Part 14, Epoch Time(s): 7.1674
Sampling Time(s): 0.4181
Loading Time(s): 2.7688
Forward Time(s): 0.3643
Backward Time(s): 0.6975
Update Time(s): 0.0072
Emb Update Time(s): 2.8959
#seeds: 6144
#inputs: 2348410
=====================
=====================
Part 13, Epoch Time(s): 7.1857
Sampling Time(s): 0.3655
Loading Time(s): 2.8090
Forward Time(s): 0.3421
Backward Time(s): 0.7491
Update Time(s): 0.0068
Emb Update Time(s): 2.8978
#seeds: 6144
#inputs: 2339012
=====================
|V|=2449029, eval batch size: 100000
|V|=2449029, eval batch size: 100000
|V|=2449029, eval batch size: 100000
|V|=2449029, eval batch size: 100000
|V|=2449029, eval batch size: 100000
|V|=2449029, eval batch size: 100000
|V|=2449029, eval batch size: 100000
|V|=2449029, eval batch size: 100000
|V|=2449029, eval batch size: 100000
|V|=2449029, eval batch size: 100000
|V|=2449029, eval batch size: 100000
|V|=2449029, eval batch size: 100000
|V|=2449029, eval batch size: 100000
|V|=2449029, eval batch size: 100000
|V|=2449029, eval batch size: 100000
|V|=2449029, eval batch size: 100000
|V|=2449029, eval batch size: 100000
|V|=2449029, eval batch size: 100000
|V|=2449029, eval batch size: 100000
|V|=2449029, eval batch size: 100000
|V|=2449029, eval batch size: 100000
|V|=2449029, eval batch size: 100000
|V|=2449029, eval batch size: 100000
|V|=2449029, eval batch size: 100000
|V|=2449029, eval batch size: 100000
|V|=2449029, eval batch size: 100000
|V|=2449029, eval batch size: 100000
|V|=2449029, eval batch size: 100000
|V|=2449029, eval batch size: 100000
|V|=2449029, eval batch size: 100000
|V|=2449029, eval batch size: 100000
|V|=2449029, eval batch size: 100000
|V|=2449029, eval batch size: 100000
|V|=2449029, eval batch size: 100000
|V|=2449029, eval batch size: 100000
|V|=2449029, eval batch size: 100000
|V|=2449029, eval batch size: 100000
|V|=2449029, eval batch size: 100000
|V|=2449029, eval batch size: 100000
|V|=2449029, eval batch size: 100000
|V|=2449029, eval batch size: 100000
|V|=2449029, eval batch size: 100000
|V|=2449029, eval batch size: 100000
|V|=2449029, eval batch size: 100000
|V|=2449029, eval batch size: 100000
|V|=2449029, eval batch size: 100000
|V|=2449029, eval batch size: 100000
|V|=2449029, eval batch size: 100000
|V|=2449029, eval batch size: 100000|V|=2449029, eval batch size: 100000

|V|=2449029, eval batch size: 100000
|V|=2449029, eval batch size: 100000
|V|=2449029, eval batch size: 100000
|V|=2449029, eval batch size: 100000
|V|=2449029, eval batch size: 100000
|V|=2449029, eval batch size: 100000
|V|=2449029, eval batch size: 100000
|V|=2449029, eval batch size: 100000
|V|=2449029, eval batch size: 100000
|V|=2449029, eval batch size: 100000
|V|=2449029, eval batch size: 100000
|V|=2449029, eval batch size: 100000
|V|=2449029, eval batch size: 100000
|V|=2449029, eval batch size: 100000
|V|=2449029, eval batch size: 100000
|V|=2449029, eval batch size: 100000
|V|=2449029, eval batch size: 100000
|V|=2449029, eval batch size: 100000
|V|=2449029, eval batch size: 100000
|V|=2449029, eval batch size: 100000
|V|=2449029, eval batch size: 100000
|V|=2449029, eval batch size: 100000
|V|=2449029, eval batch size: 100000
|V|=2449029, eval batch size: 100000
|V|=2449029, eval batch size: 100000
|V|=2449029, eval batch size: 100000
|V|=2449029, eval batch size: 100000
|V|=2449029, eval batch size: 100000
|V|=2449029, eval batch size: 100000
|V|=2449029, eval batch size: 100000
|V|=2449029, eval batch size: 100000
|V|=2449029, eval batch size: 100000
|V|=2449029, eval batch size: 100000
|V|=2449029, eval batch size: 100000
|V|=2449029, eval batch size: 100000
|V|=2449029, eval batch size: 100000
|V|=2449029, eval batch size: 100000
|V|=2449029, eval batch size: 100000
|V|=2449029, eval batch size: 100000
|V|=2449029, eval batch size: 100000
|V|=2449029, eval batch size: 100000
|V|=2449029, eval batch size: 100000
|V|=2449029, eval batch size: 100000
|V|=2449029, eval batch size: 100000
|V|=2449029, eval batch size: 100000
|V|=2449029, eval batch size: 100000
|V|=2449029, eval batch size: 100000
|V|=2449029, eval batch size: 100000
|V|=2449029, eval batch size: 100000
|V|=2449029, eval batch size: 100000
|V|=2449029, eval batch size: 100000
|V|=2449029, eval batch size: 100000
|V|=2449029, eval batch size: 100000
|V|=2449029, eval batch size: 100000
|V|=2449029, eval batch size: 100000
|V|=2449029, eval batch size: 100000
|V|=2449029, eval batch size: 100000
|V|=2449029, eval batch size: 100000
|V|=2449029, eval batch size: 100000
|V|=2449029, eval batch size: 100000
|V|=2449029, eval batch size: 100000
|V|=2449029, eval batch size: 100000
|V|=2449029, eval batch size: 100000|V|=2449029, eval batch size: 100000

|V|=2449029, eval batch size: 100000
|V|=2449029, eval batch size: 100000
|V|=2449029, eval batch size: 100000
|V|=2449029, eval batch size: 100000
|V|=2449029, eval batch size: 100000
|V|=2449029, eval batch size: 100000
|V|=2449029, eval batch size: 100000
|V|=2449029, eval batch size: 100000
|V|=2449029, eval batch size: 100000
|V|=2449029, eval batch size: 100000
|V|=2449029, eval batch size: 100000
|V|=2449029, eval batch size: 100000
|V|=2449029, eval batch size: 100000
|V|=2449029, eval batch size: 100000
Part 6, Val Acc 0.9341, Test Acc 0.8350, time: 9.2021
Part 1, Val Acc 0.9438, Test Acc 0.8375, time: 9.2023
Part 2, Val Acc 0.9308, Test Acc 0.8347, time: 9.2056
Part 12, Val Acc 0.8853, Test Acc 0.7280, time: 9.2112
Part 21, Val Acc 0.8884, Test Acc 0.7690, time: 9.2135
Part 17, Val Acc 0.8796, Test Acc 0.7674, time: 9.2136
Part 8, Val Acc 0.9081, Test Acc 0.7285, time: 9.2147
Part 14, Val Acc 0.8828, Test Acc 0.7289, time: 9.2150
Part 15, Val Acc 0.8796, Test Acc 0.7284, time: 9.2153
Part 9, Val Acc 0.8975, Test Acc 0.7251, time: 9.2158
Part 10, Val Acc 0.8893, Test Acc 0.7269, time: 9.2159
Part 0, Val Acc 0.9333, Test Acc 0.8351, time: 9.2171
Part 13, Val Acc 0.8877, Test Acc 0.7269, time: 9.2179
Part 5, Val Acc 0.9414, Test Acc 0.8356, time: 9.2192
Part 3, Val Acc 0.9406, Test Acc 0.8366, time: 9.2198
Part 4, Val Acc 0.9447, Test Acc 0.8362, time: 9.2199
Part 19, Val Acc 0.8861, Test Acc 0.7684, time: 9.2206
Part 16, Val Acc 0.9032, Test Acc 0.7680, time: 9.2227
Part 23, Val Acc 0.8950, Test Acc 0.7673, time: 9.2227
Part 22, Val Acc 0.8853, Test Acc 0.7661, time: 9.2257
Part 11, Val Acc 0.8706, Test Acc 0.7296, time: 9.2275
Part 18, Val Acc 0.8861, Test Acc 0.7699, time: 9.2285
Part 20, Val Acc 0.8967, Test Acc 0.7680, time: 9.2287
Part 30, Val Acc 0.9137, Test Acc 0.7933, time: 9.2305
Part 27, Val Acc 0.9325, Test Acc 0.7946, time: 9.2307
Part 29, Val Acc 0.9251, Test Acc 0.7951, time: 9.2310
Part 24, Val Acc 0.8999, Test Acc 0.7942, time: 9.2313
Part 7, Val Acc 0.9333, Test Acc 0.8358, time: 9.2329
Part 25, Val Acc 0.9146, Test Acc 0.7920, time: 9.2348
Part 26, Val Acc 0.9211, Test Acc 0.7930, time: 9.2431
Part 31, Val Acc 0.9308, Test Acc 0.7917, time: 9.2455
Part 28, Val Acc 0.9292, Test Acc 0.7925, time: 9.2533
All parts avg val acc 0.9091, test acc 0.7812
Part 2 | Epoch 00015 | Step 00000 | Loss 0.2517 | Train Acc 0.9320 | Speed (samples/sec) 814.0389 | GPU 2652.9 MB | time 1.359 sPart 1 | Epoch 00015 | Step 00000 | Loss 0.2299 | Train Acc 0.9380 | Speed (samples/sec) 813.6107 | GPU 2672.1 MB | time 1.363 s

Part 6 | Epoch 00015 | Step 00000 | Loss 0.2463 | Train Acc 0.9320 | Speed (samples/sec) 813.5589 | GPU 2661.3 MB | time 1.363 s
Part 3 | Epoch 00015 | Step 00000 | Loss 0.2113 | Train Acc 0.9460 | Speed (samples/sec) 814.6451 | GPU 2650.3 MB | time 1.345 s
Part 5 | Epoch 00015 | Step 00000 | Loss 0.2230 | Train Acc 0.9420 | Speed (samples/sec) 814.5993 | GPU 2659.6 MB | time 1.346 s
Part 4 | Epoch 00015 | Step 00000 | Loss 0.2308 | Train Acc 0.9320 | Speed (samples/sec) 815.0594 | GPU 2658.3 MB | time 1.345 s
Part 0 | Epoch 00015 | Step 00000 | Loss 0.2896 | Train Acc 0.9160 | Speed (samples/sec) 817.0600 | GPU 2684.6 MB | time 1.311 s
Part 7 | Epoch 00015 | Step 00000 | Loss 0.2553 | Train Acc 0.9310 | Speed (samples/sec) 815.0297 | GPU 2663.1 MB | time 1.332 s
Part 27 | Epoch 00015 | Step 00000 | Loss 0.2753 | Train Acc 0.9270 | Speed (samples/sec) 814.9793 | GPU 2714.0 MB | time 1.334 s
Part 25 | Epoch 00015 | Step 00000 | Loss 0.2912 | Train Acc 0.9160 | Speed (samples/sec) 815.1182 | GPU 2696.3 MB | time 1.330 s
Part 29 | Epoch 00015 | Step 00000 | Loss 0.3253 | Train Acc 0.9170 | Speed (samples/sec) 815.3338 | GPU 2712.7 MB | time 1.334 s
Part 16 | Epoch 00015 | Step 00000 | Loss 0.4675 | Train Acc 0.8730 | Speed (samples/sec) 815.4458 | GPU 2673.7 MB | time 1.342 sPart 17 | Epoch 00015 | Step 00000 | Loss 0.4123 | Train Acc 0.8820 | Speed (samples/sec) 815.0157 | GPU 2666.2 MB | time 1.351 s

Part 19 | Epoch 00015 | Step 00000 | Loss 0.4466 | Train Acc 0.8760 | Speed (samples/sec) 815.7953 | GPU 2654.6 MB | time 1.344 s
Part 21 | Epoch 00015 | Step 00000 | Loss 0.3964 | Train Acc 0.8910 | Speed (samples/sec) 815.0464 | GPU 2619.5 MB | time 1.351 sPart 18 | Epoch 00015 | Step 00000 | Loss 0.4092 | Train Acc 0.8780 | Speed (samples/sec) 815.6898 | GPU 2655.5 MB | time 1.336 s

Part 20 | Epoch 00015 | Step 00000 | Loss 0.4343 | Train Acc 0.8760 | Speed (samples/sec) 815.0973 | GPU 2645.0 MB | time 1.336 s
Part 30 | Epoch 00015 | Step 00000 | Loss 0.3198 | Train Acc 0.9060 | Speed (samples/sec) 815.4048 | GPU 2707.7 MB | time 1.334 s
Part 26 | Epoch 00015 | Step 00000 | Loss 0.3004 | Train Acc 0.9260 | Speed (samples/sec) 815.6147 | GPU 2703.6 MB | time 1.321 s
Part 24 | Epoch 00015 | Step 00000 | Loss 0.3103 | Train Acc 0.9160 | Speed (samples/sec) 815.1712 | GPU 2701.8 MB | time 1.334 s
Part 28 | Epoch 00015 | Step 00000 | Loss 0.2820 | Train Acc 0.9250 | Speed (samples/sec) 815.7085 | GPU 2700.1 MB | time 1.312 s
Part 8 | Epoch 00015 | Step 00000 | Loss 0.3909 | Train Acc 0.8800 | Speed (samples/sec) 815.7784 | GPU 2800.7 MB | time 1.350 sPart 9 | Epoch 00015 | Step 00000 | Loss 0.3485 | Train Acc 0.8910 | Speed (samples/sec) 815.0609 | GPU 2798.8 MB | time 1.349 sPart 13 | Epoch 00015 | Step 00000 | Loss 0.4235 | Train Acc 0.8840 | Speed (samples/sec) 815.4106 | GPU 2775.6 MB | time 1.347 s


Part 31 | Epoch 00015 | Step 00000 | Loss 0.3699 | Train Acc 0.9070 | Speed (samples/sec) 815.2452 | GPU 2699.2 MB | time 1.319 s
Part 12 | Epoch 00015 | Step 00000 | Loss 0.3916 | Train Acc 0.8820 | Speed (samples/sec) 815.2020 | GPU 2794.0 MB | time 1.354 s
Part 10 | Epoch 00015 | Step 00000 | Loss 0.4681 | Train Acc 0.8690 | Speed (samples/sec) 815.1052 | GPU 2792.1 MB | time 1.349 sPart 15 | Epoch 00015 | Step 00000 | Loss 0.3792 | Train Acc 0.9070 | Speed (samples/sec) 815.2730 | GPU 2799.9 MB | time 1.350 s

Part 11 | Epoch 00015 | Step 00000 | Loss 0.3836 | Train Acc 0.8780 | Speed (samples/sec) 815.6809 | GPU 2797.9 MB | time 1.337 s
Part 22 | Epoch 00015 | Step 00000 | Loss 0.4516 | Train Acc 0.8720 | Speed (samples/sec) 815.4554 | GPU 2654.2 MB | time 1.339 s
Part 23 | Epoch 00015 | Step 00000 | Loss 0.4566 | Train Acc 0.8700 | Speed (samples/sec) 815.1283 | GPU 2679.5 MB | time 1.342 s
Part 14 | Epoch 00015 | Step 00000 | Loss 0.4028 | Train Acc 0.8920 | Speed (samples/sec) 815.2008 | GPU 2823.6 MB | time 1.350 s
Avg train acc 0.9034
=====================
Part 1, Epoch Time(s): 7.3092
Sampling Time(s): 0.3133
Loading Time(s): 2.3479
Forward Time(s): 0.8736
Backward Time(s): 0.7838
Update Time(s): 0.0053
Emb Update Time(s): 2.9736
#seeds: 6144
#inputs: 2197853
=====================
=====================
Part 2, Epoch Time(s): 7.3058
Sampling Time(s): 0.3403
Loading Time(s): 2.3058
Forward Time(s): 0.8883
Backward Time(s): 0.7810
Update Time(s): 0.0050
Emb Update Time(s): 2.9739
#seeds: 6144
#inputs: 2202177
==========================================
Part 6, Epoch Time(s): 7.3093
Sampling Time(s): 0.3567
Loading Time(s): 2.5220
Forward Time(s): 0.6564
Backward Time(s): 0.7828
Update Time(s): 0.0053
Emb Update Time(s): 2.9745
#seeds: 6144
#inputs: 2215510
=====================

=====================
Part 4, Epoch Time(s): 7.2915
Sampling Time(s): 0.3464
Loading Time(s): 2.4760
Forward Time(s): 0.7164
Backward Time(s): 0.7612
Update Time(s): 0.0055
Emb Update Time(s): 2.9742
#seeds: 6145
#inputs: 2203857
==========================================
Part 7, Epoch Time(s): 7.2781
Sampling Time(s): 0.3572
Loading Time(s): 2.3435
Forward Time(s): 0.8022
Backward Time(s): 0.7826
Update Time(s): 0.0061
Emb Update Time(s): 2.9743
#seeds: 6144
#inputs: 2197221
==========================================
Part 0, Epoch Time(s): 7.2577
Sampling Time(s): 0.3912
Loading Time(s): 2.4674
Forward Time(s): 0.6227
Backward Time(s): 0.7840
Update Time(s): 0.0073
Emb Update Time(s): 2.9715
#seeds: 6144
#inputs: 2217982
=====================
=====================
Part 3, Epoch Time(s): 7.2917
Sampling Time(s): 0.3530
Loading Time(s): 2.6740
Forward Time(s): 0.5045
Backward Time(s): 0.7692
Update Time(s): 0.0056
Emb Update Time(s): 2.9735
#seeds: 6145
#inputs: 2196705
=====================


=====================
Part 5, Epoch Time(s): 7.2921
Sampling Time(s): 0.3438
Loading Time(s): 2.4510
Forward Time(s): 0.7228
Backward Time(s): 0.7829
Update Time(s): 0.0056
Emb Update Time(s): 2.9742
#seeds: 6144
#inputs: 2214223
=====================
=====================
Part 16, Epoch Time(s): 7.2887
Sampling Time(s): 0.3468
Loading Time(s): 2.5711
Forward Time(s): 0.6054
Backward Time(s): 0.7731
Update Time(s): 0.0051
Emb Update Time(s): 2.9751
#seeds: 6144
#inputs: 2219934
==========================================
Part 17, Epoch Time(s): 7.2973
Sampling Time(s): 0.3284
Loading Time(s): 2.4088
Forward Time(s): 0.7845
Backward Time(s): 0.7830
Update Time(s): 0.0053
Emb Update Time(s): 2.9750
#seeds: 6144
#inputs: 2198772
==========================================
Part 19, Epoch Time(s): 7.2906
Sampling Time(s): 0.3823
Loading Time(s): 2.1610
Forward Time(s): 0.9717
Backward Time(s): 0.7828
Update Time(s): 0.0064
Emb Update Time(s): 2.9743
#seeds: 6145
#inputs: 2213907
==========================================
Part 20, Epoch Time(s): 7.2827
Sampling Time(s): 0.4190
Loading Time(s): 2.2987
Forward Time(s): 0.7890
Backward Time(s): 0.7820
Update Time(s): 0.0054
Emb Update Time(s): 2.9759
#seeds: 6144
#inputs: 2201449
==========================================
Part 18, Epoch Time(s): 7.2829
Sampling Time(s): 0.3196
Loading Time(s): 2.4728
Forward Time(s): 0.7516
Backward Time(s): 0.7465
Update Time(s): 0.0052
Emb Update Time(s): 2.9751
#seeds: 6144
#inputs: 2200738
==========================================
Part 21, Epoch Time(s): 7.2979
Sampling Time(s): 0.3448
Loading Time(s): 2.4678
Forward Time(s): 0.7489
Backward Time(s): 0.7436
Update Time(s): 0.0054
Emb Update Time(s): 2.9752
#seeds: 6144
#inputs: 2182536
=====================
=====================
Part 22, Epoch Time(s): 7.2857
Sampling Time(s): 0.3574
Loading Time(s): 2.4267
Forward Time(s): 0.7659
Backward Time(s): 0.7426
Update Time(s): 0.0056
Emb Update Time(s): 2.9752
#seeds: 6145
#inputs: 2208310
=====================





=====================
Part 23, Epoch Time(s): 7.2888
Sampling Time(s): 0.3532
Loading Time(s): 2.4982
Forward Time(s): 0.6812
Backward Time(s): 0.7618
Update Time(s): 0.0055
Emb Update Time(s): 2.9765
#seeds: 6144
#inputs: 2222211
=====================
=====================
Part 30, Epoch Time(s): 7.2807
Sampling Time(s): 0.3639
Loading Time(s): 2.5078
Forward Time(s): 0.6342
Backward Time(s): 0.7818
Update Time(s): 0.0051
Emb Update Time(s): 2.9763
#seeds: 6144
#inputs: 2264757
==========================================
Part 27, Epoch Time(s): 7.2806
Sampling Time(s): 0.3518
Loading Time(s): 2.8167
Forward Time(s): 0.3863
Backward Time(s): 0.7327
Update Time(s): 0.0055
Emb Update Time(s): 2.9761
#seeds: 6145
#inputs: 2266267
==========================================
Part 26, Epoch Time(s): 7.2746
Sampling Time(s): 0.3352
Loading Time(s): 2.6832
Forward Time(s): 0.4749
Backward Time(s): 0.7816
Update Time(s): 0.0128
Emb Update Time(s): 2.9686
#seeds: 6144
#inputs: 2261904
==========================================
Part 29, Epoch Time(s): 7.2804
Sampling Time(s): 0.3262
Loading Time(s): 2.4879
Forward Time(s): 0.6915
Backward Time(s): 0.7815
Update Time(s): 0.0052
Emb Update Time(s): 2.9765
#seeds: 6144
#inputs: 2260791
==========================================
Part 24, Epoch Time(s): 7.2802
Sampling Time(s): 0.3381
Loading Time(s): 2.6716
Forward Time(s): 0.5188
Backward Time(s): 0.7589
Update Time(s): 0.0052
Emb Update Time(s): 2.9758
#seeds: 6144
#inputs: 2256919
=====================
=====================
Part 28, Epoch Time(s): 7.2580
Sampling Time(s): 0.3463
Loading Time(s): 2.7106
Forward Time(s): 0.4392
Backward Time(s): 0.7685
Update Time(s): 0.0053
Emb Update Time(s): 2.9762
#seeds: 6144
#inputs: 2250081
==========================================
Part 25, Epoch Time(s): 7.2766
Sampling Time(s): 0.3620
Loading Time(s): 2.3875
Forward Time(s): 0.7522
Backward Time(s): 0.7817
Update Time(s): 0.0053
Emb Update Time(s): 2.9760
#seeds: 6144
#inputs: 2240799
=====================
=====================
Part 31, Epoch Time(s): 7.2658
Sampling Time(s): 0.3926
Loading Time(s): 2.7124
Forward Time(s): 0.4013
Backward Time(s): 0.7663
Update Time(s): 0.0058
Emb Update Time(s): 2.9830
#seeds: 6144
#inputs: 2246676
=====================





=====================
Part 8, Epoch Time(s): 7.2968
Sampling Time(s): 0.3378
Loading Time(s): 2.7956
Forward Time(s): 0.4410
Backward Time(s): 0.7311
Update Time(s): 0.0053
Emb Update Time(s): 2.9741
#seeds: 6145
#inputs: 2347143
==========================================
Part 15, Epoch Time(s): 7.2962
Sampling Time(s): 0.3644
Loading Time(s): 2.7212
Forward Time(s): 0.4448
Backward Time(s): 0.7720
Update Time(s): 0.0056
Emb Update Time(s): 2.9762
#seeds: 6144
#inputs: 2341255
==========================================
Part 9, Epoch Time(s): 7.2956
Sampling Time(s): 0.4125
Loading Time(s): 2.7838
Forward Time(s): 0.3756
Backward Time(s): 0.7323
Update Time(s): 0.0054
Emb Update Time(s): 2.9741
#seeds: 6144
#inputs: 2356912
=====================


=====================
Part 13, Epoch Time(s): 7.2936
Sampling Time(s): 0.3650
Loading Time(s): 2.7943
Forward Time(s): 0.3847
Backward Time(s): 0.7554
Update Time(s): 0.0083
Emb Update Time(s): 2.9737
#seeds: 6144
#inputs: 2333191
==========================================
Part 11, Epoch Time(s): 7.2839
Sampling Time(s): 0.3224
Loading Time(s): 2.6414
Forward Time(s): 0.5821
Backward Time(s): 0.7455
Update Time(s): 0.0057
Emb Update Time(s): 2.9743
#seeds: 6145
#inputs: 2341018
==========================================
Part 14, Epoch Time(s): 7.2966
Sampling Time(s): 0.3759
Loading Time(s): 2.6034
Forward Time(s): 0.5774
Backward Time(s): 0.7446
Update Time(s): 0.0062
Emb Update Time(s): 2.9759
#seeds: 6144
#inputs: 2350083
==========================================
Part 10, Epoch Time(s): 7.2957
Sampling Time(s): 0.3290
Loading Time(s): 2.5778
Forward Time(s): 0.6127
Backward Time(s): 0.7823
Update Time(s): 0.0056
Emb Update Time(s): 2.9758
#seeds: 6144
#inputs: 2327323
=====================



=====================
Part 12, Epoch Time(s): 7.3002
Sampling Time(s): 0.3943
Loading Time(s): 2.7084
Forward Time(s): 0.4429
Backward Time(s): 0.7609
Update Time(s): 0.0055
Emb Update Time(s): 2.9760
#seeds: 6144
#inputs: 2347599
=====================
|V|=2449029, eval batch size: 100000
|V|=2449029, eval batch size: 100000
|V|=2449029, eval batch size: 100000
|V|=2449029, eval batch size: 100000
|V|=2449029, eval batch size: 100000
|V|=2449029, eval batch size: 100000
|V|=2449029, eval batch size: 100000
|V|=2449029, eval batch size: 100000
|V|=2449029, eval batch size: 100000
|V|=2449029, eval batch size: 100000
|V|=2449029, eval batch size: 100000
|V|=2449029, eval batch size: 100000
|V|=2449029, eval batch size: 100000
|V|=2449029, eval batch size: 100000
|V|=2449029, eval batch size: 100000
|V|=2449029, eval batch size: 100000
|V|=2449029, eval batch size: 100000
|V|=2449029, eval batch size: 100000
|V|=2449029, eval batch size: 100000
|V|=2449029, eval batch size: 100000
|V|=2449029, eval batch size: 100000
|V|=2449029, eval batch size: 100000
|V|=2449029, eval batch size: 100000
|V|=2449029, eval batch size: 100000
|V|=2449029, eval batch size: 100000
|V|=2449029, eval batch size: 100000
|V|=2449029, eval batch size: 100000
|V|=2449029, eval batch size: 100000
|V|=2449029, eval batch size: 100000
|V|=2449029, eval batch size: 100000
|V|=2449029, eval batch size: 100000
|V|=2449029, eval batch size: 100000
|V|=2449029, eval batch size: 100000
|V|=2449029, eval batch size: 100000
|V|=2449029, eval batch size: 100000
|V|=2449029, eval batch size: 100000
|V|=2449029, eval batch size: 100000
|V|=2449029, eval batch size: 100000
|V|=2449029, eval batch size: 100000
|V|=2449029, eval batch size: 100000
|V|=2449029, eval batch size: 100000
|V|=2449029, eval batch size: 100000
|V|=2449029, eval batch size: 100000
|V|=2449029, eval batch size: 100000
|V|=2449029, eval batch size: 100000
|V|=2449029, eval batch size: 100000
|V|=2449029, eval batch size: 100000
|V|=2449029, eval batch size: 100000
|V|=2449029, eval batch size: 100000
|V|=2449029, eval batch size: 100000
|V|=2449029, eval batch size: 100000
|V|=2449029, eval batch size: 100000
|V|=2449029, eval batch size: 100000
|V|=2449029, eval batch size: 100000
|V|=2449029, eval batch size: 100000
|V|=2449029, eval batch size: 100000
|V|=2449029, eval batch size: 100000
|V|=2449029, eval batch size: 100000
|V|=2449029, eval batch size: 100000
|V|=2449029, eval batch size: 100000
|V|=2449029, eval batch size: 100000
|V|=2449029, eval batch size: 100000
|V|=2449029, eval batch size: 100000
|V|=2449029, eval batch size: 100000
|V|=2449029, eval batch size: 100000
|V|=2449029, eval batch size: 100000
|V|=2449029, eval batch size: 100000
|V|=2449029, eval batch size: 100000
|V|=2449029, eval batch size: 100000
|V|=2449029, eval batch size: 100000
|V|=2449029, eval batch size: 100000|V|=2449029, eval batch size: 100000

|V|=2449029, eval batch size: 100000
|V|=2449029, eval batch size: 100000
|V|=2449029, eval batch size: 100000
|V|=2449029, eval batch size: 100000
|V|=2449029, eval batch size: 100000
|V|=2449029, eval batch size: 100000
|V|=2449029, eval batch size: 100000
|V|=2449029, eval batch size: 100000
|V|=2449029, eval batch size: 100000
|V|=2449029, eval batch size: 100000
|V|=2449029, eval batch size: 100000
|V|=2449029, eval batch size: 100000
|V|=2449029, eval batch size: 100000
|V|=2449029, eval batch size: 100000
|V|=2449029, eval batch size: 100000
|V|=2449029, eval batch size: 100000
|V|=2449029, eval batch size: 100000
|V|=2449029, eval batch size: 100000
|V|=2449029, eval batch size: 100000|V|=2449029, eval batch size: 100000
|V|=2449029, eval batch size: 100000

|V|=2449029, eval batch size: 100000
|V|=2449029, eval batch size: 100000
|V|=2449029, eval batch size: 100000
|V|=2449029, eval batch size: 100000
|V|=2449029, eval batch size: 100000
|V|=2449029, eval batch size: 100000
|V|=2449029, eval batch size: 100000
|V|=2449029, eval batch size: 100000
|V|=2449029, eval batch size: 100000
|V|=2449029, eval batch size: 100000
|V|=2449029, eval batch size: 100000
|V|=2449029, eval batch size: 100000
|V|=2449029, eval batch size: 100000
|V|=2449029, eval batch size: 100000
|V|=2449029, eval batch size: 100000
|V|=2449029, eval batch size: 100000
|V|=2449029, eval batch size: 100000
|V|=2449029, eval batch size: 100000
|V|=2449029, eval batch size: 100000|V|=2449029, eval batch size: 100000

|V|=2449029, eval batch size: 100000
|V|=2449029, eval batch size: 100000
|V|=2449029, eval batch size: 100000
|V|=2449029, eval batch size: 100000
|V|=2449029, eval batch size: 100000
|V|=2449029, eval batch size: 100000
|V|=2449029, eval batch size: 100000
|V|=2449029, eval batch size: 100000
|V|=2449029, eval batch size: 100000
|V|=2449029, eval batch size: 100000|V|=2449029, eval batch size: 100000

|V|=2449029, eval batch size: 100000
|V|=2449029, eval batch size: 100000
|V|=2449029, eval batch size: 100000
|V|=2449029, eval batch size: 100000
Part 6, Val Acc 0.9390, Test Acc 0.8358, time: 9.1570
Part 1, Val Acc 0.9438, Test Acc 0.8385, time: 9.1619
Part 24, Val Acc 0.9024, Test Acc 0.7980, time: 9.1620
Part 25, Val Acc 0.9170, Test Acc 0.7966, time: 9.1657
Part 26, Val Acc 0.9235, Test Acc 0.7973, time: 9.1696
Part 28, Val Acc 0.9268, Test Acc 0.7962, time: 9.1698
Part 29, Val Acc 0.9219, Test Acc 0.7990, time: 9.1706
Part 2, Val Acc 0.9317, Test Acc 0.8357, time: 9.1713
Part 9, Val Acc 0.9032, Test Acc 0.7289, time: 9.1721
Part 10, Val Acc 0.8893, Test Acc 0.7309, time: 9.1728
Part 8, Val Acc 0.9105, Test Acc 0.7319, time: 9.1738
Part 11, Val Acc 0.8747, Test Acc 0.7331, time: 9.1753
Part 13, Val Acc 0.8877, Test Acc 0.7307, time: 9.1761
Part 14, Val Acc 0.8828, Test Acc 0.7327, time: 9.1768
Part 31, Val Acc 0.9267, Test Acc 0.7955, time: 9.1771
Part 0, Val Acc 0.9422, Test Acc 0.8357, time: 9.1800
Part 5, Val Acc 0.9382, Test Acc 0.8358, time: 9.1811
Part 12, Val Acc 0.8836, Test Acc 0.7306, time: 9.1813
Part 3, Val Acc 0.9414, Test Acc 0.8376, time: 9.1816
Part 4, Val Acc 0.9504, Test Acc 0.8378, time: 9.1817
Part 22, Val Acc 0.8853, Test Acc 0.7726, time: 9.1840
Part 16, Val Acc 0.9015, Test Acc 0.7744, time: 9.1849
Part 18, Val Acc 0.8910, Test Acc 0.7766, time: 9.1858
Part 17, Val Acc 0.8885, Test Acc 0.7744, time: 9.1868
Part 23, Val Acc 0.9032, Test Acc 0.7745, time: 9.1881
Part 21, Val Acc 0.8909, Test Acc 0.7753, time: 9.1886
Part 19, Val Acc 0.8902, Test Acc 0.7750, time: 9.1900
Part 15, Val Acc 0.8779, Test Acc 0.7321, time: 9.1902
Part 20, Val Acc 0.8942, Test Acc 0.7741, time: 9.1920
Part 7, Val Acc 0.9373, Test Acc 0.8368, time: 9.1930
Part 27, Val Acc 0.9317, Test Acc 0.7982, time: 9.1933
Part 30, Val Acc 0.9145, Test Acc 0.7975, time: 9.1950
All parts avg val acc 0.9107, test acc 0.7850
Part 18 | Epoch 00016 | Step 00000 | Loss 0.5175 | Train Acc 0.8630 | Speed (samples/sec) 815.5264 | GPU 2655.5 MB | time 1.267 s
Part 17 | Epoch 00016 | Step 00000 | Loss 0.4054 | Train Acc 0.8840 | Speed (samples/sec) 814.9022 | GPU 2666.2 MB | time 1.266 s
Part 19 | Epoch 00016 | Step 00000 | Loss 0.3784 | Train Acc 0.8980 | Speed (samples/sec) 815.6660 | GPU 2654.6 MB | time 1.263 sPart 20 | Epoch 00016 | Step 00000 | Loss 0.4065 | Train Acc 0.8880 | Speed (samples/sec) 815.0080 | GPU 2645.0 MB | time 1.261 s

Part 23 | Epoch 00016 | Step 00000 | Loss 0.4183 | Train Acc 0.8860 | Speed (samples/sec) 815.0156 | GPU 2679.5 MB | time 1.265 s
Part 16 | Epoch 00016 | Step 00000 | Loss 0.4195 | Train Acc 0.8870 | Speed (samples/sec) 815.2927 | GPU 2673.7 MB | time 1.268 s
Part 22 | Epoch 00016 | Step 00000 | Loss 0.4140 | Train Acc 0.8880 | Speed (samples/sec) 815.3143 | GPU 2654.2 MB | time 1.269 s
Part 21 | Epoch 00016 | Step 00000 | Loss 0.4066 | Train Acc 0.8800 | Speed (samples/sec) 814.9388 | GPU 2619.5 MB | time 1.265 s
Part 4 | Epoch 00016 | Step 00000 | Loss 0.2523 | Train Acc 0.9220 | Speed (samples/sec) 814.9277 | GPU 2658.3 MB | time 1.271 sPart 5 | Epoch 00016 | Step 00000 | Loss 0.2361 | Train Acc 0.9340 | Speed (samples/sec) 814.4760 | GPU 2659.6 MB | time 1.272 sPart 3 | Epoch 00016 | Step 00000 | Loss 0.2257 | Train Acc 0.9410 | Speed (samples/sec) 814.5378 | GPU 2650.3 MB | time 1.272 s


Part 29 | Epoch 00016 | Step 00000 | Loss 0.3559 | Train Acc 0.9050 | Speed (samples/sec) 815.1029 | GPU 2712.7 MB | time 1.283 sPart 28 | Epoch 00016 | Step 00000 | Loss 0.2987 | Train Acc 0.9160 | Speed (samples/sec) 815.4521 | GPU 2700.1 MB | time 1.284 s

Part 27 | Epoch 00016 | Step 00000 | Loss 0.3131 | Train Acc 0.9120 | Speed (samples/sec) 814.9174 | GPU 2714.0 MB | time 1.260 s
Part 25 | Epoch 00016 | Step 00000 | Loss 0.3129 | Train Acc 0.9050 | Speed (samples/sec) 814.8775 | GPU 2696.3 MB | time 1.287 s
Part 24 | Epoch 00016 | Step 00000 | Loss 0.3121 | Train Acc 0.9130 | Speed (samples/sec) 814.9058 | GPU 2701.8 MB | time 1.291 s
Part 26 | Epoch 00016 | Step 00000 | Loss 0.3053 | Train Acc 0.9150 | Speed (samples/sec) 815.3612 | GPU 2703.6 MB | time 1.284 sPart 31 | Epoch 00016 | Step 00000 | Loss 0.2764 | Train Acc 0.9250 | Speed (samples/sec) 815.0236 | GPU 2699.2 MB | time 1.276 s

Part 8 | Epoch 00016 | Step 00000 | Loss 0.3682 | Train Acc 0.9040 | Speed (samples/sec) 815.5548 | GPU 2800.7 MB | time 1.280 s
Part 9 | Epoch 00016 | Step 00000 | Loss 0.4454 | Train Acc 0.8580 | Speed (samples/sec) 814.8577 | GPU 2802.9 MB | time 1.281 s
Part 15 | Epoch 00016 | Step 00000 | Loss 0.4273 | Train Acc 0.8820 | Speed (samples/sec) 815.1593 | GPU 2799.9 MB | time 1.263 s
Part 30 | Epoch 00016 | Step 00000 | Loss 0.3351 | Train Acc 0.9110 | Speed (samples/sec) 815.3077 | GPU 2707.7 MB | time 1.258 s
Part 2 | Epoch 00016 | Step 00000 | Loss 0.2582 | Train Acc 0.9300 | Speed (samples/sec) 813.8947 | GPU 2652.9 MB | time 1.282 s
Part 0 | Epoch 00016 | Step 00000 | Loss 0.2360 | Train Acc 0.9380 | Speed (samples/sec) 816.8741 | GPU 2684.6 MB | time 1.258 s
Part 14 | Epoch 00016 | Step 00000 | Loss 0.3868 | Train Acc 0.8940 | Speed (samples/sec) 815.0215 | GPU 2823.6 MB | time 1.277 sPart 11 | Epoch 00016 | Step 00000 | Loss 0.4514 | Train Acc 0.8670 | Speed (samples/sec) 815.4781 | GPU 2797.9 MB | time 1.278 sPart 12 | Epoch 00016 | Step 00000 | Loss 0.4280 | Train Acc 0.8730 | Speed (samples/sec) 815.0418 | GPU 2794.0 MB | time 1.272 sPart 10 | Epoch 00016 | Step 00000 | Loss 0.3613 | Train Acc 0.8970 | Speed (samples/sec) 814.9065 | GPU 2792.1 MB | time 1.281 s



Part 6 | Epoch 00016 | Step 00000 | Loss 0.2560 | Train Acc 0.9250 | Speed (samples/sec) 813.3672 | GPU 2661.3 MB | time 1.296 s
Part 7 | Epoch 00016 | Step 00000 | Loss 0.2467 | Train Acc 0.9420 | Speed (samples/sec) 814.9494 | GPU 2663.1 MB | time 1.260 s
Part 13 | Epoch 00016 | Step 00000 | Loss 0.4422 | Train Acc 0.8790 | Speed (samples/sec) 815.2038 | GPU 2775.6 MB | time 1.278 s
Part 1 | Epoch 00016 | Step 00000 | Loss 0.2408 | Train Acc 0.9340 | Speed (samples/sec) 813.4405 | GPU 2672.1 MB | time 1.292 s
Avg train acc 0.9030
=====================
Part 2, Epoch Time(s): 7.2997
Sampling Time(s): 0.3294
Loading Time(s): 2.3456
Forward Time(s): 0.9010
Backward Time(s): 0.7816
Update Time(s): 0.0048
Emb Update Time(s): 2.9315
#seeds: 6144
#inputs: 2210592
==========================================
Part 1, Epoch Time(s): 7.3091
Sampling Time(s): 0.3426
Loading Time(s): 2.3091
Forward Time(s): 0.9327
Backward Time(s): 0.7816
Update Time(s): 0.0050
Emb Update Time(s): 2.9316
#seeds: 6144
#inputs: 2198828
=====================

=====================
Part 6, Epoch Time(s): 7.3139
Sampling Time(s): 0.3310
Loading Time(s): 2.4292
Forward Time(s): 0.8757
Backward Time(s): 0.7361
Update Time(s): 0.0053
Emb Update Time(s): 2.9304
#seeds: 6144
#inputs: 2209949
==========================================
Part 3, Epoch Time(s): 7.2894
Sampling Time(s): 0.3525
Loading Time(s): 2.4556
Forward Time(s): 0.7577
Backward Time(s): 0.7814
Update Time(s): 0.0053
Emb Update Time(s): 2.9313
#seeds: 6145
#inputs: 2196225
==========================================
Part 0, Epoch Time(s): 7.2754
Sampling Time(s): 0.4009
Loading Time(s): 2.5279
Forward Time(s): 0.6210
Backward Time(s): 0.7818
Update Time(s): 0.0063
Emb Update Time(s): 2.9304
#seeds: 6144
#inputs: 2213903
==========================================
Part 7, Epoch Time(s): 7.2776
Sampling Time(s): 0.3902
Loading Time(s): 2.2694
Forward Time(s): 0.8917
Backward Time(s): 0.7806
Update Time(s): 0.0061
Emb Update Time(s): 2.9331
#seeds: 6144
#inputs: 2199179
==========================================
Part 4, Epoch Time(s): 7.2892
Sampling Time(s): 0.3431
Loading Time(s): 2.5530
Forward Time(s): 0.6804
Backward Time(s): 0.7699
Update Time(s): 0.0055
Emb Update Time(s): 2.9316
#seeds: 6145
#inputs: 2201862
=====================




=====================
Part 5, Epoch Time(s): 7.2898
Sampling Time(s): 0.3438
Loading Time(s): 2.3931
Forward Time(s): 0.8299
Backward Time(s): 0.7800
Update Time(s): 0.0057
Emb Update Time(s): 2.9316
#seeds: 6144
#inputs: 2211588
=====================
=====================
Part 19, Epoch Time(s): 7.2809
Sampling Time(s): 0.3929
Loading Time(s): 2.1925
Forward Time(s): 0.9726
Backward Time(s): 0.7802
Update Time(s): 0.0051
Emb Update Time(s): 2.9325
#seeds: 6145
#inputs: 2210781
==========================================
Part 18, Epoch Time(s): 7.2852
Sampling Time(s): 0.3455
Loading Time(s): 2.4272
Forward Time(s): 0.7891
Backward Time(s): 0.7805
Update Time(s): 0.0053
Emb Update Time(s): 2.9324
#seeds: 6144
#inputs: 2203402
==========================================
Part 16, Epoch Time(s): 7.2860
Sampling Time(s): 0.3475
Loading Time(s): 2.5448
Forward Time(s): 0.6915
Backward Time(s): 0.7602
Update Time(s): 0.0050
Emb Update Time(s): 2.9318
#seeds: 6144
#inputs: 2217092
=====================


=====================
Part 22, Epoch Time(s): 7.2869
Sampling Time(s): 0.3697
Loading Time(s): 2.2028
Forward Time(s): 0.9908
Backward Time(s): 0.7796
Update Time(s): 0.0051
Emb Update Time(s): 2.9336
#seeds: 6145
#inputs: 2207097
=====================
=====================
Part 20, Epoch Time(s): 7.2790
Sampling Time(s): 0.3573
Loading Time(s): 2.4602
Forward Time(s): 0.7382
Backward Time(s): 0.7800
Update Time(s): 0.0055
Emb Update Time(s): 2.9327
#seeds: 6144
#inputs: 2208605
=====================
=====================
Part 21, Epoch Time(s): 7.2824
Sampling Time(s): 0.3499
Loading Time(s): 2.5824
Forward Time(s): 0.6415
Backward Time(s): 0.7647
Update Time(s): 0.0053
Emb Update Time(s): 2.9333
#seeds: 6144
#inputs: 2184176
==========================================
Part 23, Epoch Time(s): 7.2829
Sampling Time(s): 0.3364
Loading Time(s): 2.4277
Forward Time(s): 0.7956
Backward Time(s): 0.7795
Update Time(s): 0.0059
Emb Update Time(s): 2.9326
#seeds: 6144
#inputs: 2215338
==========================================
Part 17, Epoch Time(s): 7.2840
Sampling Time(s): 0.3496
Loading Time(s): 2.5076
Forward Time(s): 0.7035
Backward Time(s): 0.7808
Update Time(s): 0.0056
Emb Update Time(s): 2.9317
#seeds: 6144
#inputs: 2201672
=====================


=====================
Part 8, Epoch Time(s): 7.2972
Sampling Time(s): 0.3421
Loading Time(s): 2.7123
Forward Time(s): 0.5314
Backward Time(s): 0.7684
Update Time(s): 0.0051
Emb Update Time(s): 2.9326
#seeds: 6145
#inputs: 2333486
==========================================
Part 10, Epoch Time(s): 7.2981
Sampling Time(s): 0.3609
Loading Time(s): 2.4260
Forward Time(s): 0.7868
Backward Time(s): 0.7799
Update Time(s): 0.0054
Emb Update Time(s): 2.9334
#seeds: 6144
#inputs: 2335304
==========================================
Part 11, Epoch Time(s): 7.2956
Sampling Time(s): 0.3463
Loading Time(s): 2.6960
Forward Time(s): 0.6045
Backward Time(s): 0.7049
Update Time(s): 0.0054
Emb Update Time(s): 2.9332
#seeds: 6145
#inputs: 2350528
=====================
=====================
Part 12, Epoch Time(s): 7.2895
Sampling Time(s): 0.4204
Loading Time(s): 2.8366
Forward Time(s): 0.4039
Backward Time(s): 0.6857
Update Time(s): 0.0055
Emb Update Time(s): 2.9317
#seeds: 6144
#inputs: 2351681
=====================
=====================
Part 14, Epoch Time(s): 7.2941
Sampling Time(s): 0.3895
Loading Time(s): 2.7276
Forward Time(s): 0.5105
Backward Time(s): 0.7228
Update Time(s): 0.0061
Emb Update Time(s): 2.9318
#seeds: 6144
#inputs: 2351990
=====================
=====================
Part 9, Epoch Time(s): 7.2988
Sampling Time(s): 0.3999
Loading Time(s): 2.8414
Forward Time(s): 0.3765
Backward Time(s): 0.7380
Update Time(s): 0.0055
Emb Update Time(s): 2.9324
#seeds: 6144
#inputs: 2355109
==========================================
Part 15, Epoch Time(s): 7.2807
Sampling Time(s): 0.3510
Loading Time(s): 2.7088
Forward Time(s): 0.4971
Backward Time(s): 0.7793
Update Time(s): 0.0057
Emb Update Time(s): 2.9335
#seeds: 6144
#inputs: 2343769
=====================
=====================
Part 13, Epoch Time(s): 7.2947
Sampling Time(s): 0.3584
Loading Time(s): 2.7971
Forward Time(s): 0.4421
Backward Time(s): 0.7521
Update Time(s): 0.0063
Emb Update Time(s): 2.9330
#seeds: 6144
#inputs: 2333829
=====================



=====================
Part 30, Epoch Time(s): 7.2758
Sampling Time(s): 0.3236
Loading Time(s): 2.5904
Forward Time(s): 0.6536
Backward Time(s): 0.7645
Update Time(s): 0.0051
Emb Update Time(s): 2.9334
#seeds: 6144
#inputs: 2267933
==========================================
Part 29, Epoch Time(s): 7.3004
Sampling Time(s): 0.3198
Loading Time(s): 2.5637
Forward Time(s): 0.7306
Backward Time(s): 0.7434
Update Time(s): 0.0051
Emb Update Time(s): 2.9325
#seeds: 6144
#inputs: 2257957
=====================

=====================
Part 26, Epoch Time(s): 7.3014
Sampling Time(s): 0.3717
Loading Time(s): 2.6680
Forward Time(s): 0.5410
Backward Time(s): 0.7766
Update Time(s): 0.0063
Emb Update Time(s): 2.9323
#seeds: 6144
#inputs: 2264797
==========================================
Part 24, Epoch Time(s): 7.3089
Sampling Time(s): 0.3445
Loading Time(s): 2.6655
Forward Time(s): 0.5748
Backward Time(s): 0.7799
Update Time(s): 0.0053
Emb Update Time(s): 2.9332
#seeds: 6144
#inputs: 2250573
==========================================
Part 31, Epoch Time(s): 7.2939
Sampling Time(s): 0.3690
Loading Time(s): 2.6117
Forward Time(s): 0.6264
Backward Time(s): 0.7421
Update Time(s): 0.0064
Emb Update Time(s): 2.9326
#seeds: 6144
#inputs: 2239613
=====================
=====================
Part 28, Epoch Time(s): 7.3012
Sampling Time(s): 0.3284
Loading Time(s): 2.3940
Forward Time(s): 0.8555
Backward Time(s): 0.7795
Update Time(s): 0.0051
Emb Update Time(s): 2.9334
#seeds: 6144
#inputs: 2244552
=====================


=====================
Part 27, Epoch Time(s): 7.2777
Sampling Time(s): 0.3577
Loading Time(s): 2.6059
Forward Time(s): 0.5904
Backward Time(s): 0.7796
Update Time(s): 0.0055
Emb Update Time(s): 2.9331
#seeds: 6145
#inputs: 2259207
=====================
=====================
Part 25, Epoch Time(s): 7.3053
Sampling Time(s): 0.3593
Loading Time(s): 2.5916
Forward Time(s): 0.6694
Backward Time(s): 0.7414
Update Time(s): 0.0070
Emb Update Time(s): 2.9307
#seeds: 6144
#inputs: 2248348
=====================
|V|=2449029, eval batch size: 100000
|V|=2449029, eval batch size: 100000
|V|=2449029, eval batch size: 100000
|V|=2449029, eval batch size: 100000
|V|=2449029, eval batch size: 100000
|V|=2449029, eval batch size: 100000
|V|=2449029, eval batch size: 100000
|V|=2449029, eval batch size: 100000
|V|=2449029, eval batch size: 100000
|V|=2449029, eval batch size: 100000
|V|=2449029, eval batch size: 100000
|V|=2449029, eval batch size: 100000
|V|=2449029, eval batch size: 100000
|V|=2449029, eval batch size: 100000
|V|=2449029, eval batch size: 100000
|V|=2449029, eval batch size: 100000
|V|=2449029, eval batch size: 100000
|V|=2449029, eval batch size: 100000
|V|=2449029, eval batch size: 100000
|V|=2449029, eval batch size: 100000
|V|=2449029, eval batch size: 100000
|V|=2449029, eval batch size: 100000
|V|=2449029, eval batch size: 100000
|V|=2449029, eval batch size: 100000
|V|=2449029, eval batch size: 100000
|V|=2449029, eval batch size: 100000
|V|=2449029, eval batch size: 100000
|V|=2449029, eval batch size: 100000
|V|=2449029, eval batch size: 100000
|V|=2449029, eval batch size: 100000
|V|=2449029, eval batch size: 100000
|V|=2449029, eval batch size: 100000
|V|=2449029, eval batch size: 100000
|V|=2449029, eval batch size: 100000
|V|=2449029, eval batch size: 100000|V|=2449029, eval batch size: 100000

|V|=2449029, eval batch size: 100000
|V|=2449029, eval batch size: 100000
|V|=2449029, eval batch size: 100000
|V|=2449029, eval batch size: 100000
|V|=2449029, eval batch size: 100000
|V|=2449029, eval batch size: 100000
|V|=2449029, eval batch size: 100000
|V|=2449029, eval batch size: 100000
|V|=2449029, eval batch size: 100000
|V|=2449029, eval batch size: 100000
|V|=2449029, eval batch size: 100000
|V|=2449029, eval batch size: 100000
|V|=2449029, eval batch size: 100000
|V|=2449029, eval batch size: 100000
|V|=2449029, eval batch size: 100000
|V|=2449029, eval batch size: 100000
|V|=2449029, eval batch size: 100000
|V|=2449029, eval batch size: 100000
|V|=2449029, eval batch size: 100000
|V|=2449029, eval batch size: 100000
|V|=2449029, eval batch size: 100000
|V|=2449029, eval batch size: 100000
|V|=2449029, eval batch size: 100000
|V|=2449029, eval batch size: 100000
|V|=2449029, eval batch size: 100000
|V|=2449029, eval batch size: 100000
|V|=2449029, eval batch size: 100000
|V|=2449029, eval batch size: 100000
|V|=2449029, eval batch size: 100000
|V|=2449029, eval batch size: 100000
|V|=2449029, eval batch size: 100000
|V|=2449029, eval batch size: 100000
|V|=2449029, eval batch size: 100000
|V|=2449029, eval batch size: 100000
|V|=2449029, eval batch size: 100000
|V|=2449029, eval batch size: 100000
|V|=2449029, eval batch size: 100000
|V|=2449029, eval batch size: 100000
|V|=2449029, eval batch size: 100000
|V|=2449029, eval batch size: 100000
|V|=2449029, eval batch size: 100000
|V|=2449029, eval batch size: 100000
|V|=2449029, eval batch size: 100000
|V|=2449029, eval batch size: 100000
|V|=2449029, eval batch size: 100000
|V|=2449029, eval batch size: 100000
|V|=2449029, eval batch size: 100000
|V|=2449029, eval batch size: 100000
|V|=2449029, eval batch size: 100000
|V|=2449029, eval batch size: 100000
|V|=2449029, eval batch size: 100000
|V|=2449029, eval batch size: 100000
|V|=2449029, eval batch size: 100000
|V|=2449029, eval batch size: 100000
|V|=2449029, eval batch size: 100000
|V|=2449029, eval batch size: 100000
|V|=2449029, eval batch size: 100000
|V|=2449029, eval batch size: 100000
|V|=2449029, eval batch size: 100000
|V|=2449029, eval batch size: 100000
|V|=2449029, eval batch size: 100000
|V|=2449029, eval batch size: 100000
|V|=2449029, eval batch size: 100000
|V|=2449029, eval batch size: 100000
|V|=2449029, eval batch size: 100000
|V|=2449029, eval batch size: 100000
|V|=2449029, eval batch size: 100000
|V|=2449029, eval batch size: 100000
|V|=2449029, eval batch size: 100000
|V|=2449029, eval batch size: 100000
|V|=2449029, eval batch size: 100000
|V|=2449029, eval batch size: 100000
|V|=2449029, eval batch size: 100000
|V|=2449029, eval batch size: 100000
|V|=2449029, eval batch size: 100000
|V|=2449029, eval batch size: 100000
|V|=2449029, eval batch size: 100000|V|=2449029, eval batch size: 100000

|V|=2449029, eval batch size: 100000
|V|=2449029, eval batch size: 100000
|V|=2449029, eval batch size: 100000
|V|=2449029, eval batch size: 100000
|V|=2449029, eval batch size: 100000
|V|=2449029, eval batch size: 100000
|V|=2449029, eval batch size: 100000
|V|=2449029, eval batch size: 100000
|V|=2449029, eval batch size: 100000
|V|=2449029, eval batch size: 100000
|V|=2449029, eval batch size: 100000
|V|=2449029, eval batch size: 100000
|V|=2449029, eval batch size: 100000
|V|=2449029, eval batch size: 100000
Part 6, Val Acc 0.9365, Test Acc 0.8388, time: 9.3943
Part 1, Val Acc 0.9446, Test Acc 0.8412, time: 9.3973
Part 2, Val Acc 0.9300, Test Acc 0.8377, time: 9.4012
Part 15, Val Acc 0.8869, Test Acc 0.7288, time: 9.4032
Part 12, Val Acc 0.8836, Test Acc 0.7285, time: 9.4037
Part 30, Val Acc 0.9137, Test Acc 0.7956, time: 9.4084
Part 23, Val Acc 0.9015, Test Acc 0.7704, time: 9.4092
Part 13, Val Acc 0.8926, Test Acc 0.7279, time: 9.4098
Part 8, Val Acc 0.9056, Test Acc 0.7294, time: 9.4099
Part 14, Val Acc 0.8828, Test Acc 0.7303, time: 9.4103
Part 10, Val Acc 0.8917, Test Acc 0.7280, time: 9.4113
Part 22, Val Acc 0.8845, Test Acc 0.7686, time: 9.4141
Part 0, Val Acc 0.9406, Test Acc 0.8381, time: 9.4149
Part 5, Val Acc 0.9382, Test Acc 0.8386, time: 9.4157
Part 7, Val Acc 0.9317, Test Acc 0.8398, time: 9.4160
Part 3, Val Acc 0.9406, Test Acc 0.8407, time: 9.4161
Part 16, Val Acc 0.9007, Test Acc 0.7701, time: 9.4166
Part 4, Val Acc 0.9504, Test Acc 0.8405, time: 9.4169
Part 31, Val Acc 0.9259, Test Acc 0.7944, time: 9.4171
Part 18, Val Acc 0.8910, Test Acc 0.7716, time: 9.4176
Part 25, Val Acc 0.9138, Test Acc 0.7953, time: 9.4182
Part 17, Val Acc 0.8788, Test Acc 0.7697, time: 9.4184
Part 21, Val Acc 0.8876, Test Acc 0.7706, time: 9.4187
Part 20, Val Acc 0.8950, Test Acc 0.7697, time: 9.4198
Part 26, Val Acc 0.9251, Test Acc 0.7962, time: 9.4197
Part 19, Val Acc 0.8877, Test Acc 0.7701, time: 9.4217
Part 11, Val Acc 0.8706, Test Acc 0.7299, time: 9.4288
Part 9, Val Acc 0.8975, Test Acc 0.7262, time: 9.4290
Part 29, Val Acc 0.9178, Test Acc 0.7983, time: 9.4307
Part 27, Val Acc 0.9292, Test Acc 0.7969, time: 9.4325
Part 24, Val Acc 0.9015, Test Acc 0.7964, time: 9.4363
Part 28, Val Acc 0.9292, Test Acc 0.7946, time: 9.4469
All parts avg val acc 0.9096, test acc 0.7835
Part 2 | Epoch 00017 | Step 00000 | Loss 0.2518 | Train Acc 0.9290 | Speed (samples/sec) 813.0047 | GPU 2652.9 MB | time 1.311 s
Part 6 | Epoch 00017 | Step 00000 | Loss 0.2511 | Train Acc 0.9280 | Speed (samples/sec) 812.4779 | GPU 2661.3 MB | time 1.318 s
Part 1 | Epoch 00017 | Step 00000 | Loss 0.2046 | Train Acc 0.9440 | Speed (samples/sec) 812.5634 | GPU 2672.1 MB | time 1.315 s
Part 7 | Epoch 00017 | Step 00000 | Loss 0.2779 | Train Acc 0.9220 | Speed (samples/sec) 814.0709 | GPU 2663.1 MB | time 1.296 s
Part 3 | Epoch 00017 | Step 00000 | Loss 0.2026 | Train Acc 0.9460 | Speed (samples/sec) 813.6985 | GPU 2650.3 MB | time 1.296 s
Part 4 | Epoch 00017 | Step 00000 | Loss 0.2363 | Train Acc 0.9310 | Speed (samples/sec) 814.0701 | GPU 2658.3 MB | time 1.296 s
Part 28 | Epoch 00017 | Step 00000 | Loss 0.2788 | Train Acc 0.9250 | Speed (samples/sec) 814.7019 | GPU 2700.1 MB | time 1.265 sPart 25 | Epoch 00017 | Step 00000 | Loss 0.3415 | Train Acc 0.9030 | Speed (samples/sec) 814.0140 | GPU 2696.3 MB | time 1.294 s

Part 30 | Epoch 00017 | Step 00000 | Loss 0.2820 | Train Acc 0.9260 | Speed (samples/sec) 814.3669 | GPU 2707.7 MB | time 1.304 s
Part 29 | Epoch 00017 | Step 00000 | Loss 0.2679 | Train Acc 0.9230 | Speed (samples/sec) 814.2899 | GPU 2712.7 MB | time 1.281 sPart 31 | Epoch 00017 | Step 00000 | Loss 0.3530 | Train Acc 0.9040 | Speed (samples/sec) 814.1460 | GPU 2699.2 MB | time 1.295 s

Part 0 | Epoch 00017 | Step 00000 | Loss 0.2352 | Train Acc 0.9440 | Speed (samples/sec) 816.0522 | GPU 2684.6 MB | time 1.265 s
Part 5 | Epoch 00017 | Step 00000 | Loss 0.2285 | Train Acc 0.9440 | Speed (samples/sec) 813.6227 | GPU 2659.6 MB | time 1.297 s
Part 24 | Epoch 00017 | Step 00000 | Loss 0.2809 | Train Acc 0.9180 | Speed (samples/sec) 814.1342 | GPU 2701.8 MB | time 1.276 sPart 27 | Epoch 00017 | Step 00000 | Loss 0.2931 | Train Acc 0.9240 | Speed (samples/sec) 814.1401 | GPU 2714.0 MB | time 1.280 s

Part 26 | Epoch 00017 | Step 00000 | Loss 0.3613 | Train Acc 0.9050 | Speed (samples/sec) 814.4763 | GPU 2703.6 MB | time 1.293 s
Part 17 | Epoch 00017 | Step 00000 | Loss 0.3818 | Train Acc 0.8960 | Speed (samples/sec) 814.0360 | GPU 2666.2 MB | time 1.294 sPart 16 | Epoch 00017 | Step 00000 | Loss 0.4375 | Train Acc 0.8780 | Speed (samples/sec) 814.3923 | GPU 2673.7 MB | time 1.296 sPart 23 | Epoch 00017 | Step 00000 | Loss 0.4816 | Train Acc 0.8630 | Speed (samples/sec) 814.0937 | GPU 2679.5 MB | time 1.303 s


Part 21 | Epoch 00017 | Step 00000 | Loss 0.4364 | Train Acc 0.8680 | Speed (samples/sec) 814.0695 | GPU 2627.6 MB | time 1.294 s
Part 22 | Epoch 00017 | Step 00000 | Loss 0.3844 | Train Acc 0.8900 | Speed (samples/sec) 814.4170 | GPU 2654.2 MB | time 1.298 s
Part 20 | Epoch 00017 | Step 00000 | Loss 0.4539 | Train Acc 0.8720 | Speed (samples/sec) 814.1397 | GPU 2646.0 MB | time 1.293 s
Part 10 | Epoch 00017 | Step 00000 | Loss 0.4152 | Train Acc 0.8780 | Speed (samples/sec) 814.0078 | GPU 2792.1 MB | time 1.301 s
Part 9 | Epoch 00017 | Step 00000 | Loss 0.4719 | Train Acc 0.8660 | Speed (samples/sec) 814.0488 | GPU 2802.9 MB | time 1.283 s
Part 11 | Epoch 00017 | Step 00000 | Loss 0.4364 | Train Acc 0.8720 | Speed (samples/sec) 814.6497 | GPU 2797.9 MB | time 1.283 s
Part 14 | Epoch 00017 | Step 00000 | Loss 0.4554 | Train Acc 0.8770 | Speed (samples/sec) 814.1110 | GPU 2823.6 MB | time 1.302 s
Part 18 | Epoch 00017 | Step 00000 | Loss 0.4816 | Train Acc 0.8630 | Speed (samples/sec) 814.6188 | GPU 2655.5 MB | time 1.294 s
Part 12 | Epoch 00017 | Step 00000 | Loss 0.4178 | Train Acc 0.8700 | Speed (samples/sec) 814.0975 | GPU 2794.0 MB | time 1.308 s
Part 19 | Epoch 00017 | Step 00000 | Loss 0.4300 | Train Acc 0.8700 | Speed (samples/sec) 814.7838 | GPU 2654.6 MB | time 1.291 s
Part 8 | Epoch 00017 | Step 00000 | Loss 0.4468 | Train Acc 0.8660 | Speed (samples/sec) 814.6227 | GPU 2800.7 MB | time 1.303 s
Part 15 | Epoch 00017 | Step 00000 | Loss 0.4253 | Train Acc 0.8820 | Speed (samples/sec) 814.2010 | GPU 2799.9 MB | time 1.309 s
Part 13 | Epoch 00017 | Step 00000 | Loss 0.4451 | Train Acc 0.8670 | Speed (samples/sec) 814.2830 | GPU 2775.6 MB | time 1.302 s
Avg train acc 0.8998
=====================
Part 1, Epoch Time(s): 7.2924
Sampling Time(s): 0.3215
Loading Time(s): 2.3694
Forward Time(s): 0.8726
Backward Time(s): 0.7725
Update Time(s): 0.0049
Emb Update Time(s): 2.9407
#seeds: 6144
#inputs: 2204561
==========================================
Part 6, Epoch Time(s): 7.2952
Sampling Time(s): 0.3268
Loading Time(s): 2.3246
Forward Time(s): 0.9151
Backward Time(s): 0.7721
Update Time(s): 0.0052
Emb Update Time(s): 2.9408
#seeds: 6144
#inputs: 2213673
==========================================
Part 2, Epoch Time(s): 7.2884
Sampling Time(s): 0.3166
Loading Time(s): 2.3545
Forward Time(s): 0.8960
Backward Time(s): 0.7650
Update Time(s): 0.0050
Emb Update Time(s): 2.9405
#seeds: 6144
#inputs: 2209302
=====================


=====================
Part 3, Epoch Time(s): 7.2735
Sampling Time(s): 0.3579
Loading Time(s): 2.4651
Forward Time(s): 0.7216
Backward Time(s): 0.7724
Update Time(s): 0.0052
Emb Update Time(s): 2.9405
#seeds: 6145
#inputs: 2189509
==========================================
Part 4, Epoch Time(s): 7.2728
Sampling Time(s): 0.3600
Loading Time(s): 2.4719
Forward Time(s): 0.7117
Backward Time(s): 0.7722
Update Time(s): 0.0056
Emb Update Time(s): 2.9404
#seeds: 6145
#inputs: 2208759
==========================================
Part 5, Epoch Time(s): 7.2739
Sampling Time(s): 0.3480
Loading Time(s): 2.5364
Forward Time(s): 0.6602
Backward Time(s): 0.7721
Update Time(s): 0.0056
Emb Update Time(s): 2.9405
#seeds: 6144
#inputs: 2213348
=====================


=====================
Part 0, Epoch Time(s): 7.2421
Sampling Time(s): 0.3671
Loading Time(s): 2.5777
Forward Time(s): 0.6068
Backward Time(s): 0.7333
Update Time(s): 0.0056
Emb Update Time(s): 2.9389
#seeds: 6144
#inputs: 2218335
=====================
=====================
Part 7, Epoch Time(s): 7.2735
Sampling Time(s): 0.3740
Loading Time(s): 2.5092
Forward Time(s): 0.6622
Backward Time(s): 0.7700
Update Time(s): 0.0062
Emb Update Time(s): 2.9403
#seeds: 6144
#inputs: 2200389
=====================
=====================
Part 28, Epoch Time(s): 7.2425
Sampling Time(s): 0.3716
Loading Time(s): 2.4231
Forward Time(s): 0.7348
Backward Time(s): 0.7548
Update Time(s): 0.0051
Emb Update Time(s): 2.9424
#seeds: 6144
#inputs: 2249201
==========================================
Part 29, Epoch Time(s): 7.2583
Sampling Time(s): 0.3307
Loading Time(s): 2.5166
Forward Time(s): 0.6866
Backward Time(s): 0.7661
Update Time(s): 0.0051
Emb Update Time(s): 2.9427
#seeds: 6144
#inputs: 2257847
==========================================
Part 25, Epoch Time(s): 7.2710
Sampling Time(s): 0.3680
Loading Time(s): 2.4703
Forward Time(s): 0.7033
Backward Time(s): 0.7721
Update Time(s): 0.0055
Emb Update Time(s): 2.9410
#seeds: 6144
#inputs: 2247243
=====================

=====================
Part 27, Epoch Time(s): 7.2570
Sampling Time(s): 0.3767
Loading Time(s): 2.7137
Forward Time(s): 0.4735
Backward Time(s): 0.7351
Update Time(s): 0.0057
Emb Update Time(s): 2.9414
#seeds: 6145
#inputs: 2263692
==========================================
Part 26, Epoch Time(s): 7.2697
Sampling Time(s): 0.3238
Loading Time(s): 2.5271
Forward Time(s): 0.6893
Backward Time(s): 0.7716
Update Time(s): 0.0055
Emb Update Time(s): 2.9416
#seeds: 6144
#inputs: 2262532
==========================================
Part 24, Epoch Time(s): 7.2531
Sampling Time(s): 0.3297
Loading Time(s): 2.5527
Forward Time(s): 0.6540
Backward Time(s): 0.7594
Update Time(s): 0.0056
Emb Update Time(s): 2.9407
#seeds: 6144
#inputs: 2252531
=====================

=====================
Part 30, Epoch Time(s): 7.2810
Sampling Time(s): 0.3465
Loading Time(s): 2.6496
Forward Time(s): 0.5641
Backward Time(s): 0.7624
Update Time(s): 0.0055
Emb Update Time(s): 2.9423
#seeds: 6144
#inputs: 2269674
=====================

=====================
Part 31, Epoch Time(s): 7.2723
Sampling Time(s): 0.3609
Loading Time(s): 2.7598
Forward Time(s): 0.4876
Backward Time(s): 0.7049
Update Time(s): 0.0062
Emb Update Time(s): 2.9418
#seeds: 6144
#inputs: 2251123
=====================

=====================
Part 19, Epoch Time(s): 7.2682
Sampling Time(s): 0.3523
Loading Time(s): 2.3964
Forward Time(s): 0.7891
Backward Time(s): 0.7718
Update Time(s): 0.0052
Emb Update Time(s): 2.9417
#seeds: 6145
#inputs: 2215701
==========================================
Part 17, Epoch Time(s): 7.2709
Sampling Time(s): 0.3347
Loading Time(s): 2.4181
Forward Time(s): 0.7881
Backward Time(s): 0.7724
Update Time(s): 0.0054
Emb Update Time(s): 2.9410
#seeds: 6144
#inputs: 2191889
==========================================
Part 20, Epoch Time(s): 7.2699
Sampling Time(s): 0.3759
Loading Time(s): 2.2030
Forward Time(s): 0.9607
Backward Time(s): 0.7715
Update Time(s): 0.0054
Emb Update Time(s): 2.9420
#seeds: 6144
#inputs: 2195695
==========================================
Part 22, Epoch Time(s): 7.2755
Sampling Time(s): 0.3626
Loading Time(s): 2.4275
Forward Time(s): 0.7919
Backward Time(s): 0.7349
Update Time(s): 0.0057
Emb Update Time(s): 2.9418
#seeds: 6145
#inputs: 2205628
==========================================
Part 23, Epoch Time(s): 7.2805
Sampling Time(s): 0.3509
Loading Time(s): 2.6261
Forward Time(s): 0.6135
Backward Time(s): 0.7320
Update Time(s): 0.0054
Emb Update Time(s): 2.9412
#seeds: 6144
#inputs: 2217865
=====================




=====================
Part 16, Epoch Time(s): 7.2733
Sampling Time(s): 0.3464
Loading Time(s): 2.6244
Forward Time(s): 0.5722
Backward Time(s): 0.7725
Update Time(s): 0.0052
Emb Update Time(s): 2.9413
#seeds: 6144
#inputs: 2213173
==========================================
Part 18, Epoch Time(s): 7.2716
Sampling Time(s): 0.3419
Loading Time(s): 2.5325
Forward Time(s): 0.6748
Backward Time(s): 0.7634
Update Time(s): 0.0070
Emb Update Time(s): 2.9401
#seeds: 6144
#inputs: 2203742
=====================

=====================
Part 21, Epoch Time(s): 7.2713
Sampling Time(s): 0.3579
Loading Time(s): 2.6534
Forward Time(s): 0.5674
Backward Time(s): 0.7343
Update Time(s): 0.0056
Emb Update Time(s): 2.9411
#seeds: 6144
#inputs: 2178910
=====================
=====================
Part 8, Epoch Time(s): 7.2796
Sampling Time(s): 0.3205
Loading Time(s): 2.6120
Forward Time(s): 0.6163
Backward Time(s): 0.7718
Update Time(s): 0.0052
Emb Update Time(s): 2.9421
#seeds: 6145
#inputs: 2335739
==========================================
Part 14, Epoch Time(s): 7.2792
Sampling Time(s): 0.3714
Loading Time(s): 2.7464
Forward Time(s): 0.4700
Backward Time(s): 0.7333
Update Time(s): 0.0058
Emb Update Time(s): 2.9411
#seeds: 6144
#inputs: 2352016
==========================================
Part 10, Epoch Time(s): 7.2783
Sampling Time(s): 0.3558
Loading Time(s): 2.5658
Forward Time(s): 0.6267
Backward Time(s): 0.7716
Update Time(s): 0.0053
Emb Update Time(s): 2.9419
#seeds: 6144
#inputs: 2327374
==========================================
Part 11, Epoch Time(s): 7.2605
Sampling Time(s): 0.3840
Loading Time(s): 2.7965
Forward Time(s): 0.4130
Backward Time(s): 0.7082
Update Time(s): 0.0057
Emb Update Time(s): 2.9417
#seeds: 6145
#inputs: 2343301
=====================



=====================
Part 15, Epoch Time(s): 7.2863
Sampling Time(s): 0.3671
Loading Time(s): 2.6952
Forward Time(s): 0.5050
Backward Time(s): 0.7597
Update Time(s): 0.0055
Emb Update Time(s): 2.9422
#seeds: 6144
#inputs: 2351234
==========================================
Part 12, Epoch Time(s): 7.2856
Sampling Time(s): 0.3631
Loading Time(s): 2.6794
Forward Time(s): 0.5616
Backward Time(s): 0.7228
Update Time(s): 0.0062
Emb Update Time(s): 2.9408
#seeds: 6144
#inputs: 2350449
==========================================
Part 9, Epoch Time(s): 7.2604
Sampling Time(s): 0.3756
Loading Time(s): 2.7557
Forward Time(s): 0.4227
Backward Time(s): 0.7482
Update Time(s): 0.0061
Emb Update Time(s): 2.9409
#seeds: 6144
#inputs: 2348521
=====================


=====================
Part 13, Epoch Time(s): 7.2793
Sampling Time(s): 0.3490
Loading Time(s): 2.7149
Forward Time(s): 0.4933
Backward Time(s): 0.7622
Update Time(s): 0.0064
Emb Update Time(s): 2.9414
#seeds: 6144
#inputs: 2331563
=====================
|V|=2449029, eval batch size: 100000
|V|=2449029, eval batch size: 100000
|V|=2449029, eval batch size: 100000
|V|=2449029, eval batch size: 100000
|V|=2449029, eval batch size: 100000
|V|=2449029, eval batch size: 100000
|V|=2449029, eval batch size: 100000
|V|=2449029, eval batch size: 100000
|V|=2449029, eval batch size: 100000
|V|=2449029, eval batch size: 100000
|V|=2449029, eval batch size: 100000
|V|=2449029, eval batch size: 100000
|V|=2449029, eval batch size: 100000
|V|=2449029, eval batch size: 100000
|V|=2449029, eval batch size: 100000
|V|=2449029, eval batch size: 100000
|V|=2449029, eval batch size: 100000
|V|=2449029, eval batch size: 100000
|V|=2449029, eval batch size: 100000
|V|=2449029, eval batch size: 100000
|V|=2449029, eval batch size: 100000
|V|=2449029, eval batch size: 100000
|V|=2449029, eval batch size: 100000
|V|=2449029, eval batch size: 100000
|V|=2449029, eval batch size: 100000
|V|=2449029, eval batch size: 100000
|V|=2449029, eval batch size: 100000
|V|=2449029, eval batch size: 100000
|V|=2449029, eval batch size: 100000
|V|=2449029, eval batch size: 100000
|V|=2449029, eval batch size: 100000
|V|=2449029, eval batch size: 100000
|V|=2449029, eval batch size: 100000
|V|=2449029, eval batch size: 100000
|V|=2449029, eval batch size: 100000
|V|=2449029, eval batch size: 100000
|V|=2449029, eval batch size: 100000
|V|=2449029, eval batch size: 100000
|V|=2449029, eval batch size: 100000
|V|=2449029, eval batch size: 100000
|V|=2449029, eval batch size: 100000|V|=2449029, eval batch size: 100000

|V|=2449029, eval batch size: 100000
|V|=2449029, eval batch size: 100000
|V|=2449029, eval batch size: 100000
|V|=2449029, eval batch size: 100000
|V|=2449029, eval batch size: 100000
|V|=2449029, eval batch size: 100000
|V|=2449029, eval batch size: 100000
|V|=2449029, eval batch size: 100000
|V|=2449029, eval batch size: 100000
|V|=2449029, eval batch size: 100000
|V|=2449029, eval batch size: 100000
|V|=2449029, eval batch size: 100000
|V|=2449029, eval batch size: 100000
|V|=2449029, eval batch size: 100000|V|=2449029, eval batch size: 100000

|V|=2449029, eval batch size: 100000
|V|=2449029, eval batch size: 100000
|V|=2449029, eval batch size: 100000
|V|=2449029, eval batch size: 100000
|V|=2449029, eval batch size: 100000
|V|=2449029, eval batch size: 100000
|V|=2449029, eval batch size: 100000
|V|=2449029, eval batch size: 100000
|V|=2449029, eval batch size: 100000
|V|=2449029, eval batch size: 100000
|V|=2449029, eval batch size: 100000
|V|=2449029, eval batch size: 100000
|V|=2449029, eval batch size: 100000
|V|=2449029, eval batch size: 100000
|V|=2449029, eval batch size: 100000
|V|=2449029, eval batch size: 100000
|V|=2449029, eval batch size: 100000
|V|=2449029, eval batch size: 100000
|V|=2449029, eval batch size: 100000
|V|=2449029, eval batch size: 100000
|V|=2449029, eval batch size: 100000
|V|=2449029, eval batch size: 100000
|V|=2449029, eval batch size: 100000
|V|=2449029, eval batch size: 100000
|V|=2449029, eval batch size: 100000
|V|=2449029, eval batch size: 100000
|V|=2449029, eval batch size: 100000
|V|=2449029, eval batch size: 100000
|V|=2449029, eval batch size: 100000
|V|=2449029, eval batch size: 100000
|V|=2449029, eval batch size: 100000
|V|=2449029, eval batch size: 100000
|V|=2449029, eval batch size: 100000
|V|=2449029, eval batch size: 100000
|V|=2449029, eval batch size: 100000
|V|=2449029, eval batch size: 100000
|V|=2449029, eval batch size: 100000
|V|=2449029, eval batch size: 100000
|V|=2449029, eval batch size: 100000
|V|=2449029, eval batch size: 100000
|V|=2449029, eval batch size: 100000|V|=2449029, eval batch size: 100000

|V|=2449029, eval batch size: 100000
|V|=2449029, eval batch size: 100000
|V|=2449029, eval batch size: 100000
|V|=2449029, eval batch size: 100000
|V|=2449029, eval batch size: 100000
|V|=2449029, eval batch size: 100000
|V|=2449029, eval batch size: 100000
|V|=2449029, eval batch size: 100000
|V|=2449029, eval batch size: 100000|V|=2449029, eval batch size: 100000

|V|=2449029, eval batch size: 100000
|V|=2449029, eval batch size: 100000
|V|=2449029, eval batch size: 100000
|V|=2449029, eval batch size: 100000
|V|=2449029, eval batch size: 100000
|V|=2449029, eval batch size: 100000
|V|=2449029, eval batch size: 100000
|V|=2449029, eval batch size: 100000
|V|=2449029, eval batch size: 100000
|V|=2449029, eval batch size: 100000
|V|=2449029, eval batch size: 100000
|V|=2449029, eval batch size: 100000
|V|=2449029, eval batch size: 100000
|V|=2449029, eval batch size: 100000
|V|=2449029, eval batch size: 100000
|V|=2449029, eval batch size: 100000
|V|=2449029, eval batch size: 100000
|V|=2449029, eval batch size: 100000
|V|=2449029, eval batch size: 100000
Part 6, Val Acc 0.9365, Test Acc 0.8340, time: 9.1628
Part 1, Val Acc 0.9438, Test Acc 0.8367, time: 9.1636
Part 2, Val Acc 0.9317, Test Acc 0.8330, time: 9.1685
Part 28, Val Acc 0.9308, Test Acc 0.7894, time: 9.1750
Part 15, Val Acc 0.8804, Test Acc 0.7251, time: 9.1796
Part 30, Val Acc 0.9137, Test Acc 0.7890, time: 9.1803
Part 11, Val Acc 0.8706, Test Acc 0.7262, time: 9.1826
Part 16, Val Acc 0.9024, Test Acc 0.7707, time: 9.1831
Part 14, Val Acc 0.8836, Test Acc 0.7265, time: 9.1831
Part 17, Val Acc 0.8804, Test Acc 0.7709, time: 9.1848
Part 3, Val Acc 0.9373, Test Acc 0.8360, time: 9.1849
Part 7, Val Acc 0.9251, Test Acc 0.8356, time: 9.1851
Part 23, Val Acc 0.8999, Test Acc 0.7719, time: 9.1851
Part 8, Val Acc 0.9113, Test Acc 0.7253, time: 9.1850
Part 0, Val Acc 0.9349, Test Acc 0.8335, time: 9.1853
Part 9, Val Acc 0.8975, Test Acc 0.7220, time: 9.1852
Part 21, Val Acc 0.8917, Test Acc 0.7723, time: 9.1854
Part 4, Val Acc 0.9463, Test Acc 0.8358, time: 9.1866
Part 5, Val Acc 0.9357, Test Acc 0.8340, time: 9.1869
Part 31, Val Acc 0.9292, Test Acc 0.7879, time: 9.1879
Part 13, Val Acc 0.8877, Test Acc 0.7240, time: 9.1884
Part 20, Val Acc 0.8959, Test Acc 0.7717, time: 9.1895
Part 24, Val Acc 0.8991, Test Acc 0.7908, time: 9.1899
Part 22, Val Acc 0.8910, Test Acc 0.7697, time: 9.1900
Part 12, Val Acc 0.8812, Test Acc 0.7247, time: 9.1916
Part 18, Val Acc 0.8910, Test Acc 0.7730, time: 9.1922
Part 10, Val Acc 0.8860, Test Acc 0.7237, time: 9.1929
Part 26, Val Acc 0.9211, Test Acc 0.7905, time: 9.1975
Part 29, Val Acc 0.9194, Test Acc 0.7927, time: 9.1976
Part 19, Val Acc 0.8893, Test Acc 0.7719, time: 9.2026
Part 25, Val Acc 0.9186, Test Acc 0.7898, time: 9.2045
Part 27, Val Acc 0.9308, Test Acc 0.7910, time: 9.2062
All parts avg val acc 0.9092, test acc 0.7803
Part 6 | Epoch 00018 | Step 00000 | Loss 0.2287 | Train Acc 0.9310 | Speed (samples/sec) 812.0281 | GPU 2661.3 MB | time 1.312 s
Part 1 | Epoch 00018 | Step 00000 | Loss 0.2284 | Train Acc 0.9350 | Speed (samples/sec) 812.1139 | GPU 2672.1 MB | time 1.311 s
Part 0 | Epoch 00018 | Step 00000 | Loss 0.2982 | Train Acc 0.9150 | Speed (samples/sec) 815.6270 | GPU 2684.6 MB | time 1.268 s
Part 19 | Epoch 00018 | Step 00000 | Loss 0.4175 | Train Acc 0.8720 | Speed (samples/sec) 814.4198 | GPU 2654.6 MB | time 1.272 sPart 16 | Epoch 00018 | Step 00000 | Loss 0.3894 | Train Acc 0.8860 | Speed (samples/sec) 813.9331 | GPU 2673.7 MB | time 1.292 s

Part 20 | Epoch 00018 | Step 00000 | Loss 0.4344 | Train Acc 0.8830 | Speed (samples/sec) 813.7304 | GPU 2646.0 MB | time 1.285 sPart 17 | Epoch 00018 | Step 00000 | Loss 0.4227 | Train Acc 0.8790 | Speed (samples/sec) 813.6052 | GPU 2666.2 MB | time 1.290 sPart 23 | Epoch 00018 | Step 00000 | Loss 0.4153 | Train Acc 0.8780 | Speed (samples/sec) 813.6614 | GPU 2679.5 MB | time 1.290 s


Part 22 | Epoch 00018 | Step 00000 | Loss 0.4546 | Train Acc 0.8770 | Speed (samples/sec) 814.0087 | GPU 2654.2 MB | time 1.284 s
Part 21 | Epoch 00018 | Step 00000 | Loss 0.3981 | Train Acc 0.8890 | Speed (samples/sec) 813.6411 | GPU 2627.6 MB | time 1.289 s
Part 18 | Epoch 00018 | Step 00000 | Loss 0.4663 | Train Acc 0.8690 | Speed (samples/sec) 814.1992 | GPU 2655.5 MB | time 1.282 s
Part 27 | Epoch 00018 | Step 00000 | Loss 0.2572 | Train Acc 0.9220 | Speed (samples/sec) 813.8263 | GPU 2714.0 MB | time 1.268 sPart 29 | Epoch 00018 | Step 00000 | Loss 0.3243 | Train Acc 0.9160 | Speed (samples/sec) 813.9053 | GPU 2712.7 MB | time 1.277 s

Part 26 | Epoch 00018 | Step 00000 | Loss 0.3031 | Train Acc 0.9170 | Speed (samples/sec) 814.0828 | GPU 2703.6 MB | time 1.277 s
Part 31 | Epoch 00018 | Step 00000 | Loss 0.2972 | Train Acc 0.9260 | Speed (samples/sec) 813.7270 | GPU 2699.2 MB | time 1.287 s
Part 25 | Epoch 00018 | Step 00000 | Loss 0.3248 | Train Acc 0.9090 | Speed (samples/sec) 813.6819 | GPU 2696.3 MB | time 1.270 sPart 30 | Epoch 00018 | Step 00000 | Loss 0.2909 | Train Acc 0.9080 | Speed (samples/sec) 813.8942 | GPU 2707.7 MB | time 1.295 s

Part 24 | Epoch 00018 | Step 00000 | Loss 0.2841 | Train Acc 0.9230 | Speed (samples/sec) 813.7226 | GPU 2701.8 MB | time 1.285 s
Part 2 | Epoch 00018 | Step 00000 | Loss 0.2597 | Train Acc 0.9270 | Speed (samples/sec) 812.5520 | GPU 2652.9 MB | time 1.306 s
Part 4 | Epoch 00018 | Step 00000 | Loss 0.2570 | Train Acc 0.9230 | Speed (samples/sec) 813.6608 | GPU 2658.3 MB | time 1.288 s
Part 5 | Epoch 00018 | Step 00000 | Loss 0.2236 | Train Acc 0.9370 | Speed (samples/sec) 813.2256 | GPU 2659.6 MB | time 1.288 s
Part 7 | Epoch 00018 | Step 00000 | Loss 0.2120 | Train Acc 0.9400 | Speed (samples/sec) 813.6414 | GPU 2663.1 MB | time 1.290 s
Part 3 | Epoch 00018 | Step 00000 | Loss 0.2576 | Train Acc 0.9290 | Speed (samples/sec) 813.3010 | GPU 2650.3 MB | time 1.290 s
Part 28 | Epoch 00018 | Step 00000 | Loss 0.2257 | Train Acc 0.9410 | Speed (samples/sec) 814.1834 | GPU 2700.1 MB | time 1.300 s
Part 8 | Epoch 00018 | Step 00000 | Loss 0.3794 | Train Acc 0.8870 | Speed (samples/sec) 814.1798 | GPU 2800.7 MB | time 1.290 sPart 13 | Epoch 00018 | Step 00000 | Loss 0.4956 | Train Acc 0.8590 | Speed (samples/sec) 813.8641 | GPU 2775.6 MB | time 1.286 s

Part 9 | Epoch 00018 | Step 00000 | Loss 0.4159 | Train Acc 0.8770 | Speed (samples/sec) 813.6207 | GPU 2802.9 MB | time 1.290 s
Part 15 | Epoch 00018 | Step 00000 | Loss 0.4419 | Train Acc 0.8630 | Speed (samples/sec) 813.7422 | GPU 2799.9 MB | time 1.295 s
Part 10 | Epoch 00018 | Step 00000 | Loss 0.4197 | Train Acc 0.8730 | Speed (samples/sec) 813.6200 | GPU 2792.1 MB | time 1.282 s
Part 11 | Epoch 00018 | Step 00000 | Loss 0.4315 | Train Acc 0.8750 | Speed (samples/sec) 814.1893 | GPU 2797.9 MB | time 1.293 sPart 12 | Epoch 00018 | Step 00000 | Loss 0.3276 | Train Acc 0.8960 | Speed (samples/sec) 813.7005 | GPU 2794.0 MB | time 1.284 s

Part 14 | Epoch 00018 | Step 00000 | Loss 0.4163 | Train Acc 0.8810 | Speed (samples/sec) 813.6681 | GPU 2823.6 MB | time 1.292 s
Avg train acc 0.9013
=====================
Part 1, Epoch Time(s): 7.3560
Sampling Time(s): 0.3577
Loading Time(s): 2.4663
Forward Time(s): 0.7615
Backward Time(s): 0.7667
Update Time(s): 0.0050
Emb Update Time(s): 2.9878
#seeds: 6144
#inputs: 2193288
==========================================
Part 2, Epoch Time(s): 7.3512
Sampling Time(s): 0.4067
Loading Time(s): 2.1428
Forward Time(s): 1.0306
Backward Time(s): 0.7666
Update Time(s): 0.0055
Emb Update Time(s): 2.9878
#seeds: 6144
#inputs: 2206592
=====================
=====================
Part 6, Epoch Time(s): 7.3569
Sampling Time(s): 0.4537
Loading Time(s): 2.4762
Forward Time(s): 0.7090
Backward Time(s): 0.7133
Update Time(s): 0.0053
Emb Update Time(s): 2.9884
#seeds: 6144
#inputs: 2219032
=====================
=====================
Part 3, Epoch Time(s): 7.3348
Sampling Time(s): 0.4487
Loading Time(s): 2.4340
Forward Time(s): 0.6805
Backward Time(s): 0.7660
Update Time(s): 0.0057
Emb Update Time(s): 2.9884
#seeds: 6145
#inputs: 2198647
==========================================
Part 0, Epoch Time(s): 7.3130
Sampling Time(s): 0.5312
Loading Time(s): 2.3889
Forward Time(s): 0.6197
Backward Time(s): 0.7666
Update Time(s): 0.0052
Emb Update Time(s): 2.9882
#seeds: 6144
#inputs: 2219985
==========================================
Part 7, Epoch Time(s): 7.3345
Sampling Time(s): 0.6048
Loading Time(s): 2.1975
Forward Time(s): 0.7695
Backward Time(s): 0.7568
Update Time(s): 0.0067
Emb Update Time(s): 2.9878
#seeds: 6144
#inputs: 2192130
==========================================
Part 4, Epoch Time(s): 7.3332
Sampling Time(s): 0.4682
Loading Time(s): 2.3792
Forward Time(s): 0.7285
Backward Time(s): 0.7522
Update Time(s): 0.0056
Emb Update Time(s): 2.9884
#seeds: 6145
#inputs: 2204615
=====================




=====================
Part 5, Epoch Time(s): 7.3328
Sampling Time(s): 0.4408
Loading Time(s): 2.4560
Forward Time(s): 0.6679
Backward Time(s): 0.7625
Update Time(s): 0.0055
Emb Update Time(s): 2.9886
#seeds: 6144
#inputs: 2211551
=====================
=====================
Part 19, Epoch Time(s): 7.3171
Sampling Time(s): 0.3981
Loading Time(s): 2.1564
Forward Time(s): 1.0174
Backward Time(s): 0.7397
Update Time(s): 0.0053
Emb Update Time(s): 2.9891
#seeds: 6145
#inputs: 2217529
==========================================
Part 21, Epoch Time(s): 7.3342
Sampling Time(s): 0.3589
Loading Time(s): 2.4223
Forward Time(s): 0.8154
Backward Time(s): 0.7322
Update Time(s): 0.0054
Emb Update Time(s): 2.9892
#seeds: 6144
#inputs: 2181460
==========================================
Part 16, Epoch Time(s): 7.3365
Sampling Time(s): 0.4658
Loading Time(s): 2.4573
Forward Time(s): 0.6427
Backward Time(s): 0.7664
Update Time(s): 0.0051
Emb Update Time(s): 2.9883
#seeds: 6144
#inputs: 2209573
==========================================
Part 23, Epoch Time(s): 7.3346
Sampling Time(s): 0.5339
Loading Time(s): 2.4671
Forward Time(s): 0.5998
Backward Time(s): 0.7283
Update Time(s): 0.0053
Emb Update Time(s): 2.9893
#seeds: 6144
#inputs: 2216336
==========================================
Part 20, Epoch Time(s): 7.3299
Sampling Time(s): 0.4646
Loading Time(s): 2.2320
Forward Time(s): 0.8622
Backward Time(s): 0.7655
Update Time(s): 0.0053
Emb Update Time(s): 2.9893
#seeds: 6144
#inputs: 2202690
==========================================
Part 18, Epoch Time(s): 7.3272
Sampling Time(s): 0.4179
Loading Time(s): 2.6096
Forward Time(s): 0.5878
Backward Time(s): 0.7079
Update Time(s): 0.0053
Emb Update Time(s): 2.9875
#seeds: 6144
#inputs: 2213099
==========================================
Part 17, Epoch Time(s): 7.3350
Sampling Time(s): 0.3570
Loading Time(s): 2.4502
Forward Time(s): 0.7574
Backward Time(s): 0.7657
Update Time(s): 0.0054
Emb Update Time(s): 2.9885
#seeds: 6144
#inputs: 2203100
=====================




=====================
Part 22, Epoch Time(s): 7.3291
Sampling Time(s): 0.3664
Loading Time(s): 2.2329
Forward Time(s): 0.9583
Backward Time(s): 0.7653
Update Time(s): 0.0063
Emb Update Time(s): 2.9889
#seeds: 6145
#inputs: 2197252
=====================


=====================
Part 29, Epoch Time(s): 7.3222
Sampling Time(s): 0.4173
Loading Time(s): 2.3785
Forward Time(s): 0.7548
Backward Time(s): 0.7648
Update Time(s): 0.0055
Emb Update Time(s): 2.9905
#seeds: 6144
#inputs: 2265779
==========================================
Part 25, Epoch Time(s): 7.3148
Sampling Time(s): 0.4758
Loading Time(s): 2.4671
Forward Time(s): 0.6320
Backward Time(s): 0.7337
Update Time(s): 0.0055
Emb Update Time(s): 2.9898
#seeds: 6144
#inputs: 2252777
==========================================
Part 28, Epoch Time(s): 7.3448
Sampling Time(s): 0.4638
Loading Time(s): 2.4453
Forward Time(s): 0.7043
Backward Time(s): 0.7246
Update Time(s): 0.0057
Emb Update Time(s): 2.9901
#seeds: 6144
#inputs: 2245754
==========================================
Part 26, Epoch Time(s): 7.3221
Sampling Time(s): 0.4909
Loading Time(s): 2.4951
Forward Time(s): 0.5736
Backward Time(s): 0.7561
Update Time(s): 0.0059
Emb Update Time(s): 2.9898
#seeds: 6144
#inputs: 2264059
=====================



=====================
Part 24, Epoch Time(s): 7.3298
Sampling Time(s): 0.4500
Loading Time(s): 2.4180
Forward Time(s): 0.6898
Backward Time(s): 0.7655
Update Time(s): 0.0054
Emb Update Time(s): 2.9901
#seeds: 6144
#inputs: 2246574
==========================================
Part 30, Epoch Time(s): 7.3393
Sampling Time(s): 0.4555
Loading Time(s): 2.7200
Forward Time(s): 0.4365
Backward Time(s): 0.7203
Update Time(s): 0.0061
Emb Update Time(s): 2.9898
#seeds: 6144
#inputs: 2269984
==========================================
Part 27, Epoch Time(s): 7.3132
Sampling Time(s): 0.3150
Loading Time(s): 2.7381
Forward Time(s): 0.5184
Backward Time(s): 0.7345
Update Time(s): 0.0056
Emb Update Time(s): 2.9904
#seeds: 6145
#inputs: 2258751
=====================


=====================
Part 31, Epoch Time(s): 7.3314
Sampling Time(s): 0.4941
Loading Time(s): 2.6093
Forward Time(s): 0.4767
Backward Time(s): 0.7441
Update Time(s): 0.0057
Emb Update Time(s): 2.9906
#seeds: 6144
#inputs: 2251138
=====================
=====================
Part 8, Epoch Time(s): 7.3346
Sampling Time(s): 0.4022
Loading Time(s): 2.7001
Forward Time(s): 0.5000
Backward Time(s): 0.7277
Update Time(s): 0.0052
Emb Update Time(s): 2.9948
#seeds: 6145
#inputs: 2330251
==========================================
Part 10, Epoch Time(s): 7.3266
Sampling Time(s): 0.4219
Loading Time(s): 2.6165
Forward Time(s): 0.5151
Backward Time(s): 0.7656
Update Time(s): 0.0051
Emb Update Time(s): 2.9906
#seeds: 6144
#inputs: 2333186
==========================================
Part 13, Epoch Time(s): 7.3310
Sampling Time(s): 0.4473
Loading Time(s): 2.6896
Forward Time(s): 0.4245
Backward Time(s): 0.7625
Update Time(s): 0.0061
Emb Update Time(s): 2.9897
#seeds: 6144
#inputs: 2343700
==========================================
Part 14, Epoch Time(s): 7.3365
Sampling Time(s): 0.4223
Loading Time(s): 2.5308
Forward Time(s): 0.6502
Backward Time(s): 0.7248
Update Time(s): 0.0059
Emb Update Time(s): 2.9900
#seeds: 6144
#inputs: 2358424
==========================================
Part 11, Epoch Time(s): 7.3371
Sampling Time(s): 0.4489
Loading Time(s): 2.5948
Forward Time(s): 0.5679
Backward Time(s): 0.7167
Update Time(s): 0.0061
Emb Update Time(s): 2.9903
#seeds: 6145
#inputs: 2347177
==========================================
Part 12, Epoch Time(s): 7.3279
Sampling Time(s): 0.4563
Loading Time(s): 2.6416
Forward Time(s): 0.4777
Backward Time(s): 0.7433
Update Time(s): 0.0055
Emb Update Time(s): 2.9910
#seeds: 6144
#inputs: 2346984
=====================
=====================
Part 9, Epoch Time(s): 7.3344
Sampling Time(s): 0.4584
Loading Time(s): 2.7387
Forward Time(s): 0.4300
Backward Time(s): 0.7008
Update Time(s): 0.0052
Emb Update Time(s): 2.9897
#seeds: 6144
#inputs: 2361894
==========================================
Part 15, Epoch Time(s): 7.3397
Sampling Time(s): 0.4404
Loading Time(s): 2.8337
Forward Time(s): 0.3915
Backward Time(s): 0.6673
Update Time(s): 0.0053
Emb Update Time(s): 2.9899
#seeds: 6144
#inputs: 2344207
=====================






|V|=2449029, eval batch size: 100000
|V|=2449029, eval batch size: 100000
|V|=2449029, eval batch size: 100000
|V|=2449029, eval batch size: 100000
|V|=2449029, eval batch size: 100000
|V|=2449029, eval batch size: 100000
|V|=2449029, eval batch size: 100000
|V|=2449029, eval batch size: 100000
|V|=2449029, eval batch size: 100000
|V|=2449029, eval batch size: 100000
|V|=2449029, eval batch size: 100000
|V|=2449029, eval batch size: 100000
|V|=2449029, eval batch size: 100000
|V|=2449029, eval batch size: 100000
|V|=2449029, eval batch size: 100000
|V|=2449029, eval batch size: 100000
|V|=2449029, eval batch size: 100000
|V|=2449029, eval batch size: 100000
|V|=2449029, eval batch size: 100000
|V|=2449029, eval batch size: 100000
|V|=2449029, eval batch size: 100000
|V|=2449029, eval batch size: 100000
|V|=2449029, eval batch size: 100000
|V|=2449029, eval batch size: 100000
|V|=2449029, eval batch size: 100000
|V|=2449029, eval batch size: 100000
|V|=2449029, eval batch size: 100000
|V|=2449029, eval batch size: 100000
|V|=2449029, eval batch size: 100000
|V|=2449029, eval batch size: 100000
|V|=2449029, eval batch size: 100000
|V|=2449029, eval batch size: 100000
|V|=2449029, eval batch size: 100000
|V|=2449029, eval batch size: 100000|V|=2449029, eval batch size: 100000

|V|=2449029, eval batch size: 100000
|V|=2449029, eval batch size: 100000
|V|=2449029, eval batch size: 100000
|V|=2449029, eval batch size: 100000
|V|=2449029, eval batch size: 100000
|V|=2449029, eval batch size: 100000
|V|=2449029, eval batch size: 100000
|V|=2449029, eval batch size: 100000
|V|=2449029, eval batch size: 100000
|V|=2449029, eval batch size: 100000
|V|=2449029, eval batch size: 100000
|V|=2449029, eval batch size: 100000
|V|=2449029, eval batch size: 100000
|V|=2449029, eval batch size: 100000
|V|=2449029, eval batch size: 100000
|V|=2449029, eval batch size: 100000
|V|=2449029, eval batch size: 100000
|V|=2449029, eval batch size: 100000
|V|=2449029, eval batch size: 100000
|V|=2449029, eval batch size: 100000
|V|=2449029, eval batch size: 100000
|V|=2449029, eval batch size: 100000
|V|=2449029, eval batch size: 100000
|V|=2449029, eval batch size: 100000
|V|=2449029, eval batch size: 100000|V|=2449029, eval batch size: 100000

|V|=2449029, eval batch size: 100000
|V|=2449029, eval batch size: 100000
|V|=2449029, eval batch size: 100000
|V|=2449029, eval batch size: 100000
|V|=2449029, eval batch size: 100000
|V|=2449029, eval batch size: 100000
|V|=2449029, eval batch size: 100000
|V|=2449029, eval batch size: 100000
|V|=2449029, eval batch size: 100000
|V|=2449029, eval batch size: 100000
|V|=2449029, eval batch size: 100000
|V|=2449029, eval batch size: 100000
|V|=2449029, eval batch size: 100000
|V|=2449029, eval batch size: 100000
|V|=2449029, eval batch size: 100000
|V|=2449029, eval batch size: 100000
|V|=2449029, eval batch size: 100000
|V|=2449029, eval batch size: 100000
|V|=2449029, eval batch size: 100000
|V|=2449029, eval batch size: 100000|V|=2449029, eval batch size: 100000

|V|=2449029, eval batch size: 100000
|V|=2449029, eval batch size: 100000
|V|=2449029, eval batch size: 100000
|V|=2449029, eval batch size: 100000
|V|=2449029, eval batch size: 100000
|V|=2449029, eval batch size: 100000
|V|=2449029, eval batch size: 100000
|V|=2449029, eval batch size: 100000
|V|=2449029, eval batch size: 100000
|V|=2449029, eval batch size: 100000
|V|=2449029, eval batch size: 100000
|V|=2449029, eval batch size: 100000
|V|=2449029, eval batch size: 100000
|V|=2449029, eval batch size: 100000
|V|=2449029, eval batch size: 100000
|V|=2449029, eval batch size: 100000
|V|=2449029, eval batch size: 100000
|V|=2449029, eval batch size: 100000
|V|=2449029, eval batch size: 100000
|V|=2449029, eval batch size: 100000
|V|=2449029, eval batch size: 100000
|V|=2449029, eval batch size: 100000
|V|=2449029, eval batch size: 100000
|V|=2449029, eval batch size: 100000
|V|=2449029, eval batch size: 100000
|V|=2449029, eval batch size: 100000
|V|=2449029, eval batch size: 100000|V|=2449029, eval batch size: 100000

|V|=2449029, eval batch size: 100000
|V|=2449029, eval batch size: 100000
|V|=2449029, eval batch size: 100000
|V|=2449029, eval batch size: 100000
|V|=2449029, eval batch size: 100000
|V|=2449029, eval batch size: 100000
|V|=2449029, eval batch size: 100000
|V|=2449029, eval batch size: 100000
|V|=2449029, eval batch size: 100000
|V|=2449029, eval batch size: 100000
|V|=2449029, eval batch size: 100000
|V|=2449029, eval batch size: 100000
|V|=2449029, eval batch size: 100000
|V|=2449029, eval batch size: 100000
|V|=2449029, eval batch size: 100000
|V|=2449029, eval batch size: 100000
|V|=2449029, eval batch size: 100000
|V|=2449029, eval batch size: 100000
Part 6, Val Acc 0.9406, Test Acc 0.8383, time: 9.2261
Part 14, Val Acc 0.8853, Test Acc 0.7311, time: 9.2263
Part 1, Val Acc 0.9438, Test Acc 0.8406, time: 9.2280
Part 7, Val Acc 0.9333, Test Acc 0.8391, time: 9.2288
Part 15, Val Acc 0.8812, Test Acc 0.7298, time: 9.2296
Part 8, Val Acc 0.9129, Test Acc 0.7302, time: 9.2311
Part 2, Val Acc 0.9300, Test Acc 0.8371, time: 9.2314
Part 3, Val Acc 0.9349, Test Acc 0.8395, time: 9.2315
Part 4, Val Acc 0.9447, Test Acc 0.8393, time: 9.2334
Part 13, Val Acc 0.8893, Test Acc 0.7293, time: 9.2340
Part 0, Val Acc 0.9422, Test Acc 0.8378, time: 9.2342
Part 5, Val Acc 0.9373, Test Acc 0.8381, time: 9.2361
Part 19, Val Acc 0.8893, Test Acc 0.7851, time: 9.2368
Part 21, Val Acc 0.8868, Test Acc 0.7864, time: 9.2375
Part 20, Val Acc 0.8967, Test Acc 0.7863, time: 9.2396
Part 22, Val Acc 0.8812, Test Acc 0.7849, time: 9.2418
Part 9, Val Acc 0.9064, Test Acc 0.7270, time: 9.2420
Part 23, Val Acc 0.8999, Test Acc 0.7860, time: 9.2428
Part 17, Val Acc 0.8812, Test Acc 0.7837, time: 9.2432
Part 24, Val Acc 0.9015, Test Acc 0.7985, time: 9.2432
Part 18, Val Acc 0.8959, Test Acc 0.7857, time: 9.2435
Part 11, Val Acc 0.8723, Test Acc 0.7310, time: 9.2439
Part 10, Val Acc 0.8884, Test Acc 0.7279, time: 9.2450
Part 12, Val Acc 0.8861, Test Acc 0.7291, time: 9.2451
Part 16, Val Acc 0.9048, Test Acc 0.7841, time: 9.2477
Part 30, Val Acc 0.9161, Test Acc 0.7969, time: 9.2511
Part 28, Val Acc 0.9317, Test Acc 0.7955, time: 9.2535
Part 29, Val Acc 0.9211, Test Acc 0.7987, time: 9.2552
Part 26, Val Acc 0.9276, Test Acc 0.7982, time: 9.2555
Part 31, Val Acc 0.9332, Test Acc 0.7948, time: 9.2559
Part 27, Val Acc 0.9349, Test Acc 0.7988, time: 9.2564
Part 25, Val Acc 0.9146, Test Acc 0.7963, time: 9.2620
All parts avg val acc 0.9108, test acc 0.7877
Part 2 | Epoch 00019 | Step 00000 | Loss 0.1811 | Train Acc 0.9550 | Speed (samples/sec) 811.7842 | GPU 2652.9 MB | time 1.294 sPart 1 | Epoch 00019 | Step 00000 | Loss 0.2184 | Train Acc 0.9370 | Speed (samples/sec) 811.3519 | GPU 2672.1 MB | time 1.298 s

Part 6 | Epoch 00019 | Step 00000 | Loss 0.2079 | Train Acc 0.9450 | Speed (samples/sec) 811.2617 | GPU 2662.2 MB | time 1.300 s
Part 15 | Epoch 00019 | Step 00000 | Loss 0.4200 | Train Acc 0.8800 | Speed (samples/sec) 812.9068 | GPU 2799.9 MB | time 1.296 s
Part 11 | Epoch 00019 | Step 00000 | Loss 0.4231 | Train Acc 0.8670 | Speed (samples/sec) 813.4169 | GPU 2797.9 MB | time 1.282 s
Part 10 | Epoch 00019 | Step 00000 | Loss 0.3788 | Train Acc 0.8840 | Speed (samples/sec) 812.8631 | GPU 2792.1 MB | time 1.281 s
Part 9 | Epoch 00019 | Step 00000 | Loss 0.4297 | Train Acc 0.8870 | Speed (samples/sec) 812.8491 | GPU 2802.9 MB | time 1.284 s
Part 13 | Epoch 00019 | Step 00000 | Loss 0.3691 | Train Acc 0.8980 | Speed (samples/sec) 813.0402 | GPU 2784.4 MB | time 1.292 s
Part 17 | Epoch 00019 | Step 00000 | Loss 0.4059 | Train Acc 0.8790 | Speed (samples/sec) 812.8334 | GPU 2666.2 MB | time 1.282 s
Part 23 | Epoch 00019 | Step 00000 | Loss 0.3820 | Train Acc 0.8880 | Speed (samples/sec) 812.8840 | GPU 2679.5 MB | time 1.283 s
Part 21 | Epoch 00019 | Step 00000 | Loss 0.3729 | Train Acc 0.8960 | Speed (samples/sec) 812.8406 | GPU 2627.6 MB | time 1.288 s
Part 8 | Epoch 00019 | Step 00000 | Loss 0.3800 | Train Acc 0.8810 | Speed (samples/sec) 813.3113 | GPU 2800.7 MB | time 1.295 s
Part 16 | Epoch 00019 | Step 00000 | Loss 0.4082 | Train Acc 0.8790 | Speed (samples/sec) 813.1637 | GPU 2673.7 MB | time 1.278 s
Part 26 | Epoch 00019 | Step 00000 | Loss 0.2676 | Train Acc 0.9220 | Speed (samples/sec) 813.3426 | GPU 2703.6 MB | time 1.270 s
Part 29 | Epoch 00019 | Step 00000 | Loss 0.2759 | Train Acc 0.9230 | Speed (samples/sec) 813.1735 | GPU 2712.7 MB | time 1.271 s
Part 4 | Epoch 00019 | Step 00000 | Loss 0.2229 | Train Acc 0.9270 | Speed (samples/sec) 812.8570 | GPU 2658.3 MB | time 1.292 sPart 7 | Epoch 00019 | Step 00000 | Loss 0.1938 | Train Acc 0.9500 | Speed (samples/sec) 812.8054 | GPU 2663.1 MB | time 1.297 s

Part 27 | Epoch 00019 | Step 00000 | Loss 0.3061 | Train Acc 0.9180 | Speed (samples/sec) 813.1206 | GPU 2714.0 MB | time 1.269 sPart 24 | Epoch 00019 | Step 00000 | Loss 0.2777 | Train Acc 0.9170 | Speed (samples/sec) 812.9444 | GPU 2701.8 MB | time 1.283 s

Part 25 | Epoch 00019 | Step 00000 | Loss 0.3110 | Train Acc 0.9100 | Speed (samples/sec) 812.9943 | GPU 2701.5 MB | time 1.264 sPart 30 | Epoch 00019 | Step 00000 | Loss 0.3469 | Train Acc 0.9080 | Speed (samples/sec) 813.1437 | GPU 2718.3 MB | time 1.275 s

Part 0 | Epoch 00019 | Step 00000 | Loss 0.2541 | Train Acc 0.9300 | Speed (samples/sec) 814.8478 | GPU 2684.6 MB | time 1.263 s
Part 31 | Epoch 00019 | Step 00000 | Loss 0.2803 | Train Acc 0.9170 | Speed (samples/sec) 813.0087 | GPU 2699.2 MB | time 1.270 s
Part 14 | Epoch 00019 | Step 00000 | Loss 0.3921 | Train Acc 0.8830 | Speed (samples/sec) 812.8282 | GPU 2823.6 MB | time 1.299 sPart 12 | Epoch 00019 | Step 00000 | Loss 0.4186 | Train Acc 0.8770 | Speed (samples/sec) 812.9444 | GPU 2794.0 MB | time 1.281 s

Part 19 | Epoch 00019 | Step 00000 | Loss 0.4593 | Train Acc 0.8650 | Speed (samples/sec) 813.5899 | GPU 2655.6 MB | time 1.289 s
Part 5 | Epoch 00019 | Step 00000 | Loss 0.2115 | Train Acc 0.9400 | Speed (samples/sec) 812.4446 | GPU 2659.6 MB | time 1.290 s
Part 3 | Epoch 00019 | Step 00000 | Loss 0.2446 | Train Acc 0.9400 | Speed (samples/sec) 812.5094 | GPU 2650.3 MB | time 1.294 s
Part 28 | Epoch 00019 | Step 00000 | Loss 0.2704 | Train Acc 0.9280 | Speed (samples/sec) 813.4304 | GPU 2700.1 MB | time 1.272 s
Part 22 | Epoch 00019 | Step 00000 | Loss 0.3979 | Train Acc 0.8990 | Speed (samples/sec) 813.2234 | GPU 2654.2 MB | time 1.284 sPart 18 | Epoch 00019 | Step 00000 | Loss 0.4280 | Train Acc 0.8750 | Speed (samples/sec) 813.3975 | GPU 2655.5 MB | time 1.282 s

Part 20 | Epoch 00019 | Step 00000 | Loss 0.3162 | Train Acc 0.9120 | Speed (samples/sec) 812.9344 | GPU 2646.0 MB | time 1.286 s
Avg train acc 0.9068
=====================
Part 6, Epoch Time(s): 7.2193
Sampling Time(s): 0.3422
Loading Time(s): 2.4607
Forward Time(s): 0.8724
Backward Time(s): 0.7744
Update Time(s): 0.0051
Emb Update Time(s): 2.7595
#seeds: 6144
#inputs: 2213975
==========================================
Part 4, Epoch Time(s): 7.2119
Sampling Time(s): 0.3803
Loading Time(s): 2.5721
Forward Time(s): 0.7254
Backward Time(s): 0.7650
Update Time(s): 0.0053
Emb Update Time(s): 2.7584
#seeds: 6145
#inputs: 2211974
==========================================
Part 1, Epoch Time(s): 7.2175
Sampling Time(s): 0.3431
Loading Time(s): 2.2683
Forward Time(s): 1.0620
Backward Time(s): 0.7756
Update Time(s): 0.0050
Emb Update Time(s): 2.7585
#seeds: 6144
#inputs: 2205036
==========================================
Part 2, Epoch Time(s): 7.2140
Sampling Time(s): 0.3244
Loading Time(s): 2.4416
Forward Time(s): 0.9038
Backward Time(s): 0.7755
Update Time(s): 0.0052
Emb Update Time(s): 2.7584
#seeds: 6144
#inputs: 2205411
==========================================
Part 0, Epoch Time(s): 7.1831
Sampling Time(s): 0.3775
Loading Time(s): 2.5207
Forward Time(s): 0.7787
Backward Time(s): 0.7376
Update Time(s): 0.0055
Emb Update Time(s): 2.7568
#seeds: 6144
#inputs: 2209984
=====================


=====================
Part 3, Epoch Time(s): 7.2137
Sampling Time(s): 0.3639
Loading Time(s): 2.5191
Forward Time(s): 0.7856
Backward Time(s): 0.7753
Update Time(s): 0.0053
Emb Update Time(s): 2.7585
#seeds: 6145
#inputs: 2191426
=====================

=====================
Part 7, Epoch Time(s): 7.2165
Sampling Time(s): 0.3977
Loading Time(s): 2.3217
Forward Time(s): 0.9524
Backward Time(s): 0.7741
Update Time(s): 0.0061
Emb Update Time(s): 2.7590
#seeds: 6144
#inputs: 2204712
=====================

=====================
Part 5, Epoch Time(s): 7.2092
Sampling Time(s): 0.3537
Loading Time(s): 2.4539
Forward Time(s): 0.8566
Backward Time(s): 0.7747
Update Time(s): 0.0057
Emb Update Time(s): 2.7587
#seeds: 6144
#inputs: 2213801
=====================
=====================
Part 16, Epoch Time(s): 7.1977
Sampling Time(s): 0.4055
Loading Time(s): 2.5207
Forward Time(s): 0.7269
Backward Time(s): 0.7750
Update Time(s): 0.0050
Emb Update Time(s): 2.7593
#seeds: 6144
#inputs: 2213273
==========================================
Part 21, Epoch Time(s): 7.2078
Sampling Time(s): 0.3528
Loading Time(s): 2.4182
Forward Time(s): 0.8923
Backward Time(s): 0.7742
Update Time(s): 0.0055
Emb Update Time(s): 2.7596
#seeds: 6144
#inputs: 2188802
==========================================
Part 17, Epoch Time(s): 7.2020
Sampling Time(s): 0.3981
Loading Time(s): 2.5498
Forward Time(s): 0.7271
Backward Time(s): 0.7574
Update Time(s): 0.0063
Emb Update Time(s): 2.7583
#seeds: 6144
#inputs: 2199603
=====================


=====================
Part 18, Epoch Time(s): 7.2018
Sampling Time(s): 0.3282
Loading Time(s): 2.4889
Forward Time(s): 0.8392
Backward Time(s): 0.7746
Update Time(s): 0.0052
Emb Update Time(s): 2.7598
#seeds: 6144
#inputs: 2200077
=====================
=====================
Part 19, Epoch Time(s): 7.2085
Sampling Time(s): 0.3637
Loading Time(s): 2.1961
Forward Time(s): 1.1035
Backward Time(s): 0.7745
Update Time(s): 0.0052
Emb Update Time(s): 2.7596
#seeds: 6145
#inputs: 2216406
=====================
=====================
Part 20, Epoch Time(s): 7.2060
Sampling Time(s): 0.3760
Loading Time(s): 2.3928
Forward Time(s): 0.9086
Backward Time(s): 0.7573
Update Time(s): 0.0053
Emb Update Time(s): 2.7598
#seeds: 6144
#inputs: 2197270
=====================
=====================
Part 22, Epoch Time(s): 7.2036
Sampling Time(s): 0.3558
Loading Time(s): 2.3411
Forward Time(s): 0.9610
Backward Time(s): 0.7741
Update Time(s): 0.0054
Emb Update Time(s): 2.7601
#seeds: 6145
#inputs: 2209737
=====================
=====================
Part 23, Epoch Time(s): 7.2028
Sampling Time(s): 0.3317
Loading Time(s): 2.4834
Forward Time(s): 0.8431
Backward Time(s): 0.7740
Update Time(s): 0.0056
Emb Update Time(s): 2.7596
#seeds: 6144
#inputs: 2221536
=====================
=====================
Part 10, Epoch Time(s): 7.2002
Sampling Time(s): 0.3474
Loading Time(s): 2.6790
Forward Time(s): 0.6863
Backward Time(s): 0.7167
Update Time(s): 0.0059
Emb Update Time(s): 2.7599
#seeds: 6144
#inputs: 2330099
==========================================
Part 11, Epoch Time(s): 7.2014
Sampling Time(s): 0.3729
Loading Time(s): 2.7849
Forward Time(s): 0.5497
Backward Time(s): 0.7245
Update Time(s): 0.0051
Emb Update Time(s): 2.7594
#seeds: 6145
#inputs: 2346601
=====================
=====================
Part 15, Epoch Time(s): 7.2157
Sampling Time(s): 0.3841
Loading Time(s): 2.7740
Forward Time(s): 0.5240
Backward Time(s): 0.7633
Update Time(s): 0.0055
Emb Update Time(s): 2.7601
#seeds: 6144
#inputs: 2345469
=====================
=====================
Part 8, Epoch Time(s): 7.2145
Sampling Time(s): 0.3178
Loading Time(s): 2.7623
Forward Time(s): 0.6022
Backward Time(s): 0.7612
Update Time(s): 0.0053
Emb Update Time(s): 2.7602
#seeds: 6145
#inputs: 2340433
==========================================
Part 14, Epoch Time(s): 7.2188
Sampling Time(s): 0.3304
Loading Time(s): 2.5343
Forward Time(s): 0.8080
Backward Time(s): 0.7736
Update Time(s): 0.0059
Emb Update Time(s): 2.7605
#seeds: 6144
#inputs: 2347741
==========================================
Part 12, Epoch Time(s): 7.2002
Sampling Time(s): 0.3847
Loading Time(s): 2.9657
Forward Time(s): 0.3911
Backward Time(s): 0.6894
Update Time(s): 0.0059
Emb Update Time(s): 2.7576
#seeds: 6144
#inputs: 2343918
=====================

=====================
Part 13, Epoch Time(s): 7.2111
Sampling Time(s): 0.3564
Loading Time(s): 2.8509
Forward Time(s): 0.5102
Backward Time(s): 0.7245
Update Time(s): 0.0060
Emb Update Time(s): 2.7581
#seeds: 6144
#inputs: 2336846
=====================


=====================
Part 9, Epoch Time(s): 7.2033
Sampling Time(s): 0.3745
Loading Time(s): 2.7701
Forward Time(s): 0.5482
Backward Time(s): 0.7399
Update Time(s): 0.0061
Emb Update Time(s): 2.7595
#seeds: 6144
#inputs: 2353507
=====================
=====================
Part 25, Epoch Time(s): 7.1834
Sampling Time(s): 0.3588
Loading Time(s): 2.3903
Forward Time(s): 0.8888
Backward Time(s): 0.7743
Update Time(s): 0.0056
Emb Update Time(s): 2.7600
#seeds: 6144
#inputs: 2240284
==========================================
Part 30, Epoch Time(s): 7.1943
Sampling Time(s): 0.3193
Loading Time(s): 2.5191
Forward Time(s): 0.8110
Backward Time(s): 0.7737
Update Time(s): 0.0054
Emb Update Time(s): 2.7606
#seeds: 6144
#inputs: 2269394
==========================================
Part 28, Epoch Time(s): 7.1918
Sampling Time(s): 0.3146
Loading Time(s): 2.4535
Forward Time(s): 0.8785
Backward Time(s): 0.7739
Update Time(s): 0.0056
Emb Update Time(s): 2.7600
#seeds: 6144
#inputs: 2246265
==========================================
Part 29, Epoch Time(s): 7.1901
Sampling Time(s): 0.3389
Loading Time(s): 2.2994
Forward Time(s): 1.0074
Backward Time(s): 0.7738
Update Time(s): 0.0055
Emb Update Time(s): 2.7602
#seeds: 6144
#inputs: 2270363
==========================================
Part 27, Epoch Time(s): 7.1890
Sampling Time(s): 0.3564
Loading Time(s): 2.7452
Forward Time(s): 0.5686
Backward Time(s): 0.7476
Update Time(s): 0.0054
Emb Update Time(s): 2.7606
#seeds: 6145
#inputs: 2264740
==========================================
Part 24, Epoch Time(s): 7.2024
Sampling Time(s): 0.3935
Loading Time(s): 2.6798
Forward Time(s): 0.6217
Backward Time(s): 0.7363
Update Time(s): 0.0058
Emb Update Time(s): 2.7597
#seeds: 6144
#inputs: 2250974
==========================================
Part 26, Epoch Time(s): 7.1898
Sampling Time(s): 0.3586
Loading Time(s): 2.6141
Forward Time(s): 0.6719
Backward Time(s): 0.7742
Update Time(s): 0.0058
Emb Update Time(s): 2.7600
#seeds: 6144
#inputs: 2257912
=====================






=====================
Part 31, Epoch Time(s): 7.1896
Sampling Time(s): 0.3290
Loading Time(s): 2.7185
Forward Time(s): 0.5967
Backward Time(s): 0.7736
Update Time(s): 0.0063
Emb Update Time(s): 2.7600
#seeds: 6144
#inputs: 2246544
=====================
|V|=2449029, eval batch size: 100000
|V|=2449029, eval batch size: 100000
|V|=2449029, eval batch size: 100000
|V|=2449029, eval batch size: 100000
|V|=2449029, eval batch size: 100000
|V|=2449029, eval batch size: 100000
|V|=2449029, eval batch size: 100000
|V|=2449029, eval batch size: 100000
|V|=2449029, eval batch size: 100000
|V|=2449029, eval batch size: 100000
|V|=2449029, eval batch size: 100000
|V|=2449029, eval batch size: 100000
|V|=2449029, eval batch size: 100000
|V|=2449029, eval batch size: 100000
|V|=2449029, eval batch size: 100000
|V|=2449029, eval batch size: 100000
|V|=2449029, eval batch size: 100000
|V|=2449029, eval batch size: 100000
|V|=2449029, eval batch size: 100000
|V|=2449029, eval batch size: 100000
|V|=2449029, eval batch size: 100000
|V|=2449029, eval batch size: 100000
|V|=2449029, eval batch size: 100000
|V|=2449029, eval batch size: 100000
|V|=2449029, eval batch size: 100000
|V|=2449029, eval batch size: 100000
|V|=2449029, eval batch size: 100000
|V|=2449029, eval batch size: 100000
|V|=2449029, eval batch size: 100000
|V|=2449029, eval batch size: 100000
|V|=2449029, eval batch size: 100000
|V|=2449029, eval batch size: 100000
|V|=2449029, eval batch size: 100000
|V|=2449029, eval batch size: 100000
|V|=2449029, eval batch size: 100000
|V|=2449029, eval batch size: 100000
|V|=2449029, eval batch size: 100000
|V|=2449029, eval batch size: 100000
|V|=2449029, eval batch size: 100000
|V|=2449029, eval batch size: 100000
|V|=2449029, eval batch size: 100000|V|=2449029, eval batch size: 100000

|V|=2449029, eval batch size: 100000
|V|=2449029, eval batch size: 100000
|V|=2449029, eval batch size: 100000
|V|=2449029, eval batch size: 100000
|V|=2449029, eval batch size: 100000
|V|=2449029, eval batch size: 100000
|V|=2449029, eval batch size: 100000
|V|=2449029, eval batch size: 100000
|V|=2449029, eval batch size: 100000
|V|=2449029, eval batch size: 100000
|V|=2449029, eval batch size: 100000
|V|=2449029, eval batch size: 100000
|V|=2449029, eval batch size: 100000
|V|=2449029, eval batch size: 100000
|V|=2449029, eval batch size: 100000
|V|=2449029, eval batch size: 100000
|V|=2449029, eval batch size: 100000
|V|=2449029, eval batch size: 100000
|V|=2449029, eval batch size: 100000
|V|=2449029, eval batch size: 100000
|V|=2449029, eval batch size: 100000
|V|=2449029, eval batch size: 100000
|V|=2449029, eval batch size: 100000
|V|=2449029, eval batch size: 100000
|V|=2449029, eval batch size: 100000
|V|=2449029, eval batch size: 100000
|V|=2449029, eval batch size: 100000
|V|=2449029, eval batch size: 100000
|V|=2449029, eval batch size: 100000
|V|=2449029, eval batch size: 100000
|V|=2449029, eval batch size: 100000
|V|=2449029, eval batch size: 100000
|V|=2449029, eval batch size: 100000
|V|=2449029, eval batch size: 100000
|V|=2449029, eval batch size: 100000
|V|=2449029, eval batch size: 100000
|V|=2449029, eval batch size: 100000
|V|=2449029, eval batch size: 100000
|V|=2449029, eval batch size: 100000
|V|=2449029, eval batch size: 100000
|V|=2449029, eval batch size: 100000|V|=2449029, eval batch size: 100000

|V|=2449029, eval batch size: 100000
|V|=2449029, eval batch size: 100000
|V|=2449029, eval batch size: 100000
|V|=2449029, eval batch size: 100000
|V|=2449029, eval batch size: 100000
|V|=2449029, eval batch size: 100000
|V|=2449029, eval batch size: 100000
|V|=2449029, eval batch size: 100000
|V|=2449029, eval batch size: 100000
|V|=2449029, eval batch size: 100000
|V|=2449029, eval batch size: 100000
|V|=2449029, eval batch size: 100000
|V|=2449029, eval batch size: 100000
|V|=2449029, eval batch size: 100000
|V|=2449029, eval batch size: 100000
|V|=2449029, eval batch size: 100000
|V|=2449029, eval batch size: 100000
|V|=2449029, eval batch size: 100000
|V|=2449029, eval batch size: 100000
|V|=2449029, eval batch size: 100000
|V|=2449029, eval batch size: 100000
|V|=2449029, eval batch size: 100000
|V|=2449029, eval batch size: 100000
|V|=2449029, eval batch size: 100000
|V|=2449029, eval batch size: 100000
|V|=2449029, eval batch size: 100000
|V|=2449029, eval batch size: 100000
|V|=2449029, eval batch size: 100000
|V|=2449029, eval batch size: 100000
|V|=2449029, eval batch size: 100000
|V|=2449029, eval batch size: 100000
|V|=2449029, eval batch size: 100000
|V|=2449029, eval batch size: 100000
|V|=2449029, eval batch size: 100000
|V|=2449029, eval batch size: 100000
|V|=2449029, eval batch size: 100000
|V|=2449029, eval batch size: 100000
|V|=2449029, eval batch size: 100000
|V|=2449029, eval batch size: 100000
|V|=2449029, eval batch size: 100000
|V|=2449029, eval batch size: 100000
|V|=2449029, eval batch size: 100000
|V|=2449029, eval batch size: 100000
|V|=2449029, eval batch size: 100000
Part 6, Val Acc 0.9398, Test Acc 0.8387, time: 9.7876
Rank 6, Avg Epoch Time(s): 7.2844
Part 1, Val Acc 0.9495, Test Acc 0.8412, time: 9.7886
Rank 1, Avg Epoch Time(s): 7.2836
Part 2, Val Acc 0.9333, Test Acc 0.8384, time: 9.7934
Rank 2, Avg Epoch Time(s): 7.2776
Part 7, Val Acc 0.9341, Test Acc 0.8402, time: 9.7952
Rank 7, Avg Epoch Time(s): 7.2653
Part 23, Val Acc 0.8991, Test Acc 0.7823, time: 9.7958
Rank 23, Avg Epoch Time(s): 7.2651
Part 0, Val Acc 0.9406, Test Acc 0.8382, time: 9.7973
Part 4, Val Acc 0.9479, Test Acc 0.8405, time: 9.7990
Rank 4, Avg Epoch Time(s): 7.2684
Part 5, Val Acc 0.9406, Test Acc 0.8383, time: 9.8011
Rank 5, Avg Epoch Time(s): 7.2697
Part 3, Val Acc 0.9382, Test Acc 0.8396, time: 9.8019
Rank 3, Avg Epoch Time(s): 7.2716
Part 17, Val Acc 0.8812, Test Acc 0.7818, time: 9.8036
Rank 17, Avg Epoch Time(s): 7.2650
Part 18, Val Acc 0.8910, Test Acc 0.7831, time: 9.8059Part 16, Val Acc 0.9048, Test Acc 0.7808, time: 9.8059

Rank 16, Avg Epoch Time(s): 7.2604
Rank 18, Avg Epoch Time(s): 7.2588
Part 11, Val Acc 0.8723, Test Acc 0.7316, time: 9.8069
Part 13, Val Acc 0.8975, Test Acc 0.7298, time: 9.8071
Rank 11, Avg Epoch Time(s): 7.2626
Rank 13, Avg Epoch Time(s): 7.2628
Part 19, Val Acc 0.8869, Test Acc 0.7822, time: 9.8079
Rank 19, Avg Epoch Time(s): 7.2606
Part 21, Val Acc 0.8884, Test Acc 0.7831, time: 9.8088
Part 22, Val Acc 0.8877, Test Acc 0.7809, time: 9.8088
Part 10, Val Acc 0.8917, Test Acc 0.7293, time: 9.8090
Rank 21, Avg Epoch Time(s): 7.2643
Part 26, Val Acc 0.9300, Test Acc 0.7995, time: 9.8093
Rank 22, Avg Epoch Time(s): 7.2645
Rank 10, Avg Epoch Time(s): 7.2639
Rank 26, Avg Epoch Time(s): 7.2590
Part 12, Val Acc 0.8902, Test Acc 0.7291, time: 9.8103
Part 27, Val Acc 0.9341, Test Acc 0.7998, time: 9.8107
Rank 27, Avg Epoch Time(s): 7.2654
Rank 12, Avg Epoch Time(s): 7.2634
Part 30, Val Acc 0.9178, Test Acc 0.7980, time: 9.8123
Rank 30, Avg Epoch Time(s): 7.2610
Part 20, Val Acc 0.9007, Test Acc 0.7822, time: 9.8136
Rank 20, Avg Epoch Time(s): 7.2644
Part 8, Val Acc 0.9129, Test Acc 0.7311, time: 9.8141
Part 25, Val Acc 0.9178, Test Acc 0.7976, time: 9.8145
Rank 8, Avg Epoch Time(s): 7.2625
Part 9, Val Acc 0.8991, Test Acc 0.7276, time: 9.8147
Rank 25, Avg Epoch Time(s): 7.2632
Rank 9, Avg Epoch Time(s): 7.2635
Part 24, Val Acc 0.9007, Test Acc 0.7994, time: 9.8207
Rank 24, Avg Epoch Time(s): 7.2635
Part 29, Val Acc 0.9276, Test Acc 0.8002, time: 9.8230
Rank 29, Avg Epoch Time(s): 7.2600
Part 28, Val Acc 0.9325, Test Acc 0.7976, time: 9.8275
Rank 28, Avg Epoch Time(s): 7.2570
Part 31, Val Acc 0.9316, Test Acc 0.7965, time: 9.8282
Rank 31, Avg Epoch Time(s): 7.2626
Part 14, Val Acc 0.8828, Test Acc 0.7316, time: 9.8338
Rank 14, Avg Epoch Time(s): 7.2653
Part 15, Val Acc 0.8861, Test Acc 0.7306, time: 9.8385
All parts avg val acc 0.9121, test acc 0.7875
Rank 15, Avg Epoch Time(s): 7.2633
Rank 0, Avg Epoch Time(s): 7.2429
All parts avg epoch time 7.2646 sec, throughput 27064.9891 seeds/sec
parent ends
parent ends
Client[3] in group[0] is exiting...
parent ends
parent ends
parent ends
Client[12] in group[0] is exiting...
parent ends
parent ends
Client[13] in group[0] is exiting...
Client[15] in group[0] is exiting...
Client[11] in group[0] is exiting...
parent ends
parent ends
Client[2] in group[0] is exiting...
Client[5] in group[0] is exiting...
parent ends
parent ends
Client[10] in group[0] is exiting...
parent ends
parent ends
Client[43] in group[0] is exiting...
parent ends
parent ends
Client[39] in group[0] is exiting...
Client[46] in group[0] is exiting...
Client[44] in group[0] is exiting...
Client[40] in group[0] is exiting...
Client[37] in group[0] is exiting...
Client[35] in group[0] is exiting...
parent ends
parent ends
parent ends
Client[61] in group[0] is exiting...
Client[63] in group[0] is exiting...
Client[50] in group[0] is exiting...
parent ends
parent ends
parent ends
parent ends
parent ends
parent ends
parent ends
Client[36] in group[0] is exiting...
parent ends
Client[56] in group[0] is exiting...
parent ends
parent ends
Client[51] in group[0] is exiting...
Client[57] in group[0] is exiting...
Client[48] in group[0] is exiting...
Client[62] in group[0] is exiting...
Client[25] in group[0] is exiting...
parent ends
parent ends
Client[23] in group[0] is exiting...
parent ends
Client[28] in group[0] is exiting...
Client[31] in group[0] is exiting...
parent ends
Client[29] in group[0] is exiting...
Client[27] in group[0] is exiting...
Client[19] in group[0] is exiting...
Client[26] in group[0] is exiting...
Namespace(cache_server_addr='127.0.0.1', cache_server_port=32451, graph_name='ogbn-products', id=None, ip_config='ip_config4.txt', part_config=None, n_classes=None, num_gpus=8, num_epochs=20, num_hidden=256, fan_out='5,5,5,5', batch_size=1000, batch_size_eval=100000, log_every=20, eval_every=1, lr=0.003, feat_dropout=0.1, attn_dropout=0.1, model_num_hidden=32, heads='8,8,8,1', local_rank=None, standalone=False, sparse_lr=0.01, presampling=True, hot_threshold=0.1, emb_cache_rate=0.2)
load ogbn-products
Start to create specified graph formats which may take non-trivial time.
Finished creating specified graph formats.
start graph service on server 0 for part 0
Server is waiting for connections on [172.31.20.34:30050]...
Server (0) shutdown.
Server is exiting...
Namespace(cache_server_addr='127.0.0.1', cache_server_port=32451, graph_name='ogbn-products', id=None, ip_config='ip_config4.txt', part_config=None, n_classes=None, num_gpus=8, num_epochs=20, num_hidden=256, fan_out='5,5,5,5', batch_size=1000, batch_size_eval=100000, log_every=20, eval_every=1, lr=0.003, feat_dropout=0.1, attn_dropout=0.1, model_num_hidden=32, heads='8,8,8,1', local_rank=None, standalone=False, sparse_lr=0.01, presampling=True, hot_threshold=0.1, emb_cache_rate=0.2)
load ogbn-products
Start to create specified graph formats which may take non-trivial time.
Finished creating specified graph formats.
start graph service on server 16 for part 1
Server is waiting for connections on [172.31.25.229:30050]...
Server (16) shutdown.
Server is exiting...
Namespace(cache_server_addr='127.0.0.1', cache_server_port=32451, graph_name='ogbn-products', id=None, ip_config='ip_config4.txt', part_config=None, n_classes=None, num_gpus=8, num_epochs=20, num_hidden=256, fan_out='5,5,5,5', batch_size=1000, batch_size_eval=100000, log_every=20, eval_every=1, lr=0.003, feat_dropout=0.1, attn_dropout=0.1, model_num_hidden=32, heads='8,8,8,1', local_rank=None, standalone=False, sparse_lr=0.01, presampling=True, hot_threshold=0.1, emb_cache_rate=0.2)
load ogbn-products
Start to create specified graph formats which may take non-trivial time.
Finished creating specified graph formats.
start graph service on server 48 for part 3
Server is waiting for connections on [172.31.16.179:30050]...
Server (48) shutdown.
Server is exiting...
Namespace(cache_server_addr='127.0.0.1', cache_server_port=32451, graph_name='ogbn-products', id=None, ip_config='ip_config4.txt', part_config=None, n_classes=None, num_gpus=8, num_epochs=20, num_hidden=256, fan_out='5,5,5,5', batch_size=1000, batch_size_eval=100000, log_every=20, eval_every=1, lr=0.003, feat_dropout=0.1, attn_dropout=0.1, model_num_hidden=32, heads='8,8,8,1', local_rank=None, standalone=False, sparse_lr=0.01, presampling=True, hot_threshold=0.1, emb_cache_rate=0.2)
load ogbn-products
Start to create specified graph formats which may take non-trivial time.
Finished creating specified graph formats.
start graph service on server 32 for part 2
Server is waiting for connections on [172.31.20.203:30050]...
Server (32) shutdown.
Server is exiting...
Namespace(cache_server_addr='127.0.0.1', cache_server_port=32451, graph_name='ogbn-products', id=None, ip_config='ip_config4.txt', part_config=None, n_classes=None, num_gpus=8, num_epochs=20, num_hidden=256, fan_out='5,5,5,5', batch_size=1000, batch_size_eval=100000, log_every=20, eval_every=1, lr=0.003, feat_dropout=0.1, attn_dropout=0.1, model_num_hidden=32, heads='8,8,8,1', local_rank=None, standalone=False, sparse_lr=0.01, presampling=True, hot_threshold=0.1, emb_cache_rate=0.2)
start graph service on server 5 for part 0
Server is waiting for connections on [172.31.20.34:30055]...
Server (5) shutdown.
Server is exiting...
Namespace(cache_server_addr='127.0.0.1', cache_server_port=32451, graph_name='ogbn-products', id=None, ip_config='ip_config4.txt', part_config=None, n_classes=None, num_gpus=8, num_epochs=20, num_hidden=256, fan_out='5,5,5,5', batch_size=1000, batch_size_eval=100000, log_every=20, eval_every=1, lr=0.003, feat_dropout=0.1, attn_dropout=0.1, model_num_hidden=32, heads='8,8,8,1', local_rank=None, standalone=False, sparse_lr=0.01, presampling=True, hot_threshold=0.1, emb_cache_rate=0.2)
start graph service on server 6 for part 0
Server is waiting for connections on [172.31.20.34:30056]...
Server (6) shutdown.
Server is exiting...
Namespace(cache_server_addr='127.0.0.1', cache_server_port=32451, graph_name='ogbn-products', id=None, ip_config='ip_config4.txt', part_config=None, n_classes=None, num_gpus=8, num_epochs=20, num_hidden=256, fan_out='5,5,5,5', batch_size=1000, batch_size_eval=100000, log_every=20, eval_every=1, lr=0.003, feat_dropout=0.1, attn_dropout=0.1, model_num_hidden=32, heads='8,8,8,1', local_rank=None, standalone=False, sparse_lr=0.01, presampling=True, hot_threshold=0.1, emb_cache_rate=0.2)
start graph service on server 4 for part 0
Server is waiting for connections on [172.31.20.34:30054]...
Server (4) shutdown.
Server is exiting...
Namespace(cache_server_addr='127.0.0.1', cache_server_port=32451, graph_name='ogbn-products', id=None, ip_config='ip_config4.txt', part_config=None, n_classes=None, num_gpus=8, num_epochs=20, num_hidden=256, fan_out='5,5,5,5', batch_size=1000, batch_size_eval=100000, log_every=20, eval_every=1, lr=0.003, feat_dropout=0.1, attn_dropout=0.1, model_num_hidden=32, heads='8,8,8,1', local_rank=None, standalone=False, sparse_lr=0.01, presampling=True, hot_threshold=0.1, emb_cache_rate=0.2)
start graph service on server 7 for part 0
Server is waiting for connections on [172.31.20.34:30057]...
Server (7) shutdown.
Server is exiting...
Namespace(cache_server_addr='127.0.0.1', cache_server_port=32451, graph_name='ogbn-products', id=None, ip_config='ip_config4.txt', part_config=None, n_classes=None, num_gpus=8, num_epochs=20, num_hidden=256, fan_out='5,5,5,5', batch_size=1000, batch_size_eval=100000, log_every=20, eval_every=1, lr=0.003, feat_dropout=0.1, attn_dropout=0.1, model_num_hidden=32, heads='8,8,8,1', local_rank=None, standalone=False, sparse_lr=0.01, presampling=True, hot_threshold=0.1, emb_cache_rate=0.2)
start graph service on server 11 for part 0
Server is waiting for connections on [172.31.20.34:30061]...
Server (11) shutdown.
Server is exiting...
Namespace(cache_server_addr='127.0.0.1', cache_server_port=32451, graph_name='ogbn-products', id=None, ip_config='ip_config4.txt', part_config=None, n_classes=None, num_gpus=8, num_epochs=20, num_hidden=256, fan_out='5,5,5,5', batch_size=1000, batch_size_eval=100000, log_every=20, eval_every=1, lr=0.003, feat_dropout=0.1, attn_dropout=0.1, model_num_hidden=32, heads='8,8,8,1', local_rank=None, standalone=False, sparse_lr=0.01, presampling=True, hot_threshold=0.1, emb_cache_rate=0.2)
start graph service on server 13 for part 0
Server is waiting for connections on [172.31.20.34:30063]...
Server (13) shutdown.
Server is exiting...
Namespace(cache_server_addr='127.0.0.1', cache_server_port=32451, graph_name='ogbn-products', id=None, ip_config='ip_config4.txt', part_config=None, n_classes=None, num_gpus=8, num_epochs=20, num_hidden=256, fan_out='5,5,5,5', batch_size=1000, batch_size_eval=100000, log_every=20, eval_every=1, lr=0.003, feat_dropout=0.1, attn_dropout=0.1, model_num_hidden=32, heads='8,8,8,1', local_rank=None, standalone=False, sparse_lr=0.01, presampling=True, hot_threshold=0.1, emb_cache_rate=0.2)
start graph service on server 9 for part 0
Server is waiting for connections on [172.31.20.34:30059]...
Server (9) shutdown.
Server is exiting...
Namespace(cache_server_addr='127.0.0.1', cache_server_port=32451, graph_name='ogbn-products', id=None, ip_config='ip_config4.txt', part_config=None, n_classes=None, num_gpus=8, num_epochs=20, num_hidden=256, fan_out='5,5,5,5', batch_size=1000, batch_size_eval=100000, log_every=20, eval_every=1, lr=0.003, feat_dropout=0.1, attn_dropout=0.1, model_num_hidden=32, heads='8,8,8,1', local_rank=None, standalone=False, sparse_lr=0.01, presampling=True, hot_threshold=0.1, emb_cache_rate=0.2)
start graph service on server 8 for part 0
Server is waiting for connections on [172.31.20.34:30058]...
Server (8) shutdown.
Server is exiting...
Namespace(cache_server_addr='127.0.0.1', cache_server_port=32451, graph_name='ogbn-products', id=None, ip_config='ip_config4.txt', part_config=None, n_classes=None, num_gpus=8, num_epochs=20, num_hidden=256, fan_out='5,5,5,5', batch_size=1000, batch_size_eval=100000, log_every=20, eval_every=1, lr=0.003, feat_dropout=0.1, attn_dropout=0.1, model_num_hidden=32, heads='8,8,8,1', local_rank=None, standalone=False, sparse_lr=0.01, presampling=True, hot_threshold=0.1, emb_cache_rate=0.2)
start graph service on server 1 for part 0
Server is waiting for connections on [172.31.20.34:30051]...
Server (1) shutdown.
Server is exiting...
Namespace(cache_server_addr='127.0.0.1', cache_server_port=32451, graph_name='ogbn-products', id=None, ip_config='ip_config4.txt', part_config=None, n_classes=None, num_gpus=8, num_epochs=20, num_hidden=256, fan_out='5,5,5,5', batch_size=1000, batch_size_eval=100000, log_every=20, eval_every=1, lr=0.003, feat_dropout=0.1, attn_dropout=0.1, model_num_hidden=32, heads='8,8,8,1', local_rank=None, standalone=False, sparse_lr=0.01, presampling=True, hot_threshold=0.1, emb_cache_rate=0.2)
start graph service on server 15 for part 0
Server is waiting for connections on [172.31.20.34:30065]...
Server (15) shutdown.
Server is exiting...
Namespace(cache_server_addr='127.0.0.1', cache_server_port=32451, graph_name='ogbn-products', id=None, ip_config='ip_config4.txt', part_config=None, n_classes=None, num_gpus=8, num_epochs=20, num_hidden=256, fan_out='5,5,5,5', batch_size=1000, batch_size_eval=100000, log_every=20, eval_every=1, lr=0.003, feat_dropout=0.1, attn_dropout=0.1, model_num_hidden=32, heads='8,8,8,1', local_rank=None, standalone=False, sparse_lr=0.01, presampling=True, hot_threshold=0.1, emb_cache_rate=0.2)
start graph service on server 3 for part 0
Server is waiting for connections on [172.31.20.34:30053]...
Server (3) shutdown.
Server is exiting...
Namespace(cache_server_addr='127.0.0.1', cache_server_port=32451, graph_name='ogbn-products', id=None, ip_config='ip_config4.txt', part_config=None, n_classes=None, num_gpus=8, num_epochs=20, num_hidden=256, fan_out='5,5,5,5', batch_size=1000, batch_size_eval=100000, log_every=20, eval_every=1, lr=0.003, feat_dropout=0.1, attn_dropout=0.1, model_num_hidden=32, heads='8,8,8,1', local_rank=None, standalone=False, sparse_lr=0.01, presampling=True, hot_threshold=0.1, emb_cache_rate=0.2)
start graph service on server 2 for part 0
Server is waiting for connections on [172.31.20.34:30052]...
Server (2) shutdown.
Server is exiting...
Namespace(cache_server_addr='127.0.0.1', cache_server_port=32451, graph_name='ogbn-products', id=None, ip_config='ip_config4.txt', part_config=None, n_classes=None, num_gpus=8, num_epochs=20, num_hidden=256, fan_out='5,5,5,5', batch_size=1000, batch_size_eval=100000, log_every=20, eval_every=1, lr=0.003, feat_dropout=0.1, attn_dropout=0.1, model_num_hidden=32, heads='8,8,8,1', local_rank=None, standalone=False, sparse_lr=0.01, presampling=True, hot_threshold=0.1, emb_cache_rate=0.2)
start graph service on server 10 for part 0
Server is waiting for connections on [172.31.20.34:30060]...
Server (10) shutdown.
Server is exiting...
Namespace(cache_server_addr='127.0.0.1', cache_server_port=32451, graph_name='ogbn-products', id=None, ip_config='ip_config4.txt', part_config=None, n_classes=None, num_gpus=8, num_epochs=20, num_hidden=256, fan_out='5,5,5,5', batch_size=1000, batch_size_eval=100000, log_every=20, eval_every=1, lr=0.003, feat_dropout=0.1, attn_dropout=0.1, model_num_hidden=32, heads='8,8,8,1', local_rank=None, standalone=False, sparse_lr=0.01, presampling=True, hot_threshold=0.1, emb_cache_rate=0.2)
start graph service on server 12 for part 0
Server is waiting for connections on [172.31.20.34:30062]...
Server (12) shutdown.
Server is exiting...
Namespace(cache_server_addr='127.0.0.1', cache_server_port=32451, graph_name='ogbn-products', id=None, ip_config='ip_config4.txt', part_config=None, n_classes=None, num_gpus=8, num_epochs=20, num_hidden=256, fan_out='5,5,5,5', batch_size=1000, batch_size_eval=100000, log_every=20, eval_every=1, lr=0.003, feat_dropout=0.1, attn_dropout=0.1, model_num_hidden=32, heads='8,8,8,1', local_rank=None, standalone=False, sparse_lr=0.01, presampling=True, hot_threshold=0.1, emb_cache_rate=0.2)
start graph service on server 14 for part 0
Server is waiting for connections on [172.31.20.34:30064]...
Server (14) shutdown.
Server is exiting...
Namespace(cache_server_addr='127.0.0.1', cache_server_port=32451, graph_name='ogbn-products', id=None, ip_config='ip_config4.txt', part_config=None, n_classes=None, num_gpus=8, num_epochs=20, num_hidden=256, fan_out='5,5,5,5', batch_size=1000, batch_size_eval=100000, log_every=20, eval_every=1, lr=0.003, feat_dropout=0.1, attn_dropout=0.1, model_num_hidden=32, heads='8,8,8,1', local_rank=None, standalone=False, sparse_lr=0.01, presampling=True, hot_threshold=0.1, emb_cache_rate=0.2)
start graph service on server 30 for part 1
Server is waiting for connections on [172.31.25.229:30064]...
Server (30) shutdown.
Server is exiting...
Namespace(cache_server_addr='127.0.0.1', cache_server_port=32451, graph_name='ogbn-products', id=None, ip_config='ip_config4.txt', part_config=None, n_classes=None, num_gpus=8, num_epochs=20, num_hidden=256, fan_out='5,5,5,5', batch_size=1000, batch_size_eval=100000, log_every=20, eval_every=1, lr=0.003, feat_dropout=0.1, attn_dropout=0.1, model_num_hidden=32, heads='8,8,8,1', local_rank=None, standalone=False, sparse_lr=0.01, presampling=True, hot_threshold=0.1, emb_cache_rate=0.2)
start graph service on server 27 for part 1
Server is waiting for connections on [172.31.25.229:30061]...
Server (27) shutdown.
Server is exiting...
Namespace(cache_server_addr='127.0.0.1', cache_server_port=32451, graph_name='ogbn-products', id=None, ip_config='ip_config4.txt', part_config=None, n_classes=None, num_gpus=8, num_epochs=20, num_hidden=256, fan_out='5,5,5,5', batch_size=1000, batch_size_eval=100000, log_every=20, eval_every=1, lr=0.003, feat_dropout=0.1, attn_dropout=0.1, model_num_hidden=32, heads='8,8,8,1', local_rank=None, standalone=False, sparse_lr=0.01, presampling=True, hot_threshold=0.1, emb_cache_rate=0.2)
start graph service on server 20 for part 1
Server is waiting for connections on [172.31.25.229:30054]...
Server (20) shutdown.
Server is exiting...
Namespace(cache_server_addr='127.0.0.1', cache_server_port=32451, graph_name='ogbn-products', id=None, ip_config='ip_config4.txt', part_config=None, n_classes=None, num_gpus=8, num_epochs=20, num_hidden=256, fan_out='5,5,5,5', batch_size=1000, batch_size_eval=100000, log_every=20, eval_every=1, lr=0.003, feat_dropout=0.1, attn_dropout=0.1, model_num_hidden=32, heads='8,8,8,1', local_rank=None, standalone=False, sparse_lr=0.01, presampling=True, hot_threshold=0.1, emb_cache_rate=0.2)
start graph service on server 18 for part 1
Server is waiting for connections on [172.31.25.229:30052]...
Server (18) shutdown.
Server is exiting...
Namespace(cache_server_addr='127.0.0.1', cache_server_port=32451, graph_name='ogbn-products', id=None, ip_config='ip_config4.txt', part_config=None, n_classes=None, num_gpus=8, num_epochs=20, num_hidden=256, fan_out='5,5,5,5', batch_size=1000, batch_size_eval=100000, log_every=20, eval_every=1, lr=0.003, feat_dropout=0.1, attn_dropout=0.1, model_num_hidden=32, heads='8,8,8,1', local_rank=None, standalone=False, sparse_lr=0.01, presampling=True, hot_threshold=0.1, emb_cache_rate=0.2)
start graph service on server 23 for part 1
Server is waiting for connections on [172.31.25.229:30057]...
Server (23) shutdown.
Server is exiting...
Namespace(cache_server_addr='127.0.0.1', cache_server_port=32451, graph_name='ogbn-products', id=None, ip_config='ip_config4.txt', part_config=None, n_classes=None, num_gpus=8, num_epochs=20, num_hidden=256, fan_out='5,5,5,5', batch_size=1000, batch_size_eval=100000, log_every=20, eval_every=1, lr=0.003, feat_dropout=0.1, attn_dropout=0.1, model_num_hidden=32, heads='8,8,8,1', local_rank=None, standalone=False, sparse_lr=0.01, presampling=True, hot_threshold=0.1, emb_cache_rate=0.2)
start graph service on server 25 for part 1
Server is waiting for connections on [172.31.25.229:30059]...
Server (25) shutdown.
Server is exiting...
Namespace(cache_server_addr='127.0.0.1', cache_server_port=32451, graph_name='ogbn-products', id=None, ip_config='ip_config4.txt', part_config=None, n_classes=None, num_gpus=8, num_epochs=20, num_hidden=256, fan_out='5,5,5,5', batch_size=1000, batch_size_eval=100000, log_every=20, eval_every=1, lr=0.003, feat_dropout=0.1, attn_dropout=0.1, model_num_hidden=32, heads='8,8,8,1', local_rank=None, standalone=False, sparse_lr=0.01, presampling=True, hot_threshold=0.1, emb_cache_rate=0.2)
start graph service on server 19 for part 1
Server is waiting for connections on [172.31.25.229:30053]...
Server (19) shutdown.
Server is exiting...
Namespace(cache_server_addr='127.0.0.1', cache_server_port=32451, graph_name='ogbn-products', id=None, ip_config='ip_config4.txt', part_config=None, n_classes=None, num_gpus=8, num_epochs=20, num_hidden=256, fan_out='5,5,5,5', batch_size=1000, batch_size_eval=100000, log_every=20, eval_every=1, lr=0.003, feat_dropout=0.1, attn_dropout=0.1, model_num_hidden=32, heads='8,8,8,1', local_rank=None, standalone=False, sparse_lr=0.01, presampling=True, hot_threshold=0.1, emb_cache_rate=0.2)
start graph service on server 17 for part 1
Server is waiting for connections on [172.31.25.229:30051]...
Server (17) shutdown.
Server is exiting...
Namespace(cache_server_addr='127.0.0.1', cache_server_port=32451, graph_name='ogbn-products', id=None, ip_config='ip_config4.txt', part_config=None, n_classes=None, num_gpus=8, num_epochs=20, num_hidden=256, fan_out='5,5,5,5', batch_size=1000, batch_size_eval=100000, log_every=20, eval_every=1, lr=0.003, feat_dropout=0.1, attn_dropout=0.1, model_num_hidden=32, heads='8,8,8,1', local_rank=None, standalone=False, sparse_lr=0.01, presampling=True, hot_threshold=0.1, emb_cache_rate=0.2)
start graph service on server 22 for part 1
Server is waiting for connections on [172.31.25.229:30056]...
Server (22) shutdown.
Server is exiting...
Namespace(cache_server_addr='127.0.0.1', cache_server_port=32451, graph_name='ogbn-products', id=None, ip_config='ip_config4.txt', part_config=None, n_classes=None, num_gpus=8, num_epochs=20, num_hidden=256, fan_out='5,5,5,5', batch_size=1000, batch_size_eval=100000, log_every=20, eval_every=1, lr=0.003, feat_dropout=0.1, attn_dropout=0.1, model_num_hidden=32, heads='8,8,8,1', local_rank=None, standalone=False, sparse_lr=0.01, presampling=True, hot_threshold=0.1, emb_cache_rate=0.2)
start graph service on server 58 for part 3
Server is waiting for connections on [172.31.16.179:30060]...
Server (58) shutdown.
Server is exiting...
Namespace(cache_server_addr='127.0.0.1', cache_server_port=32451, graph_name='ogbn-products', id=None, ip_config='ip_config4.txt', part_config=None, n_classes=None, num_gpus=8, num_epochs=20, num_hidden=256, fan_out='5,5,5,5', batch_size=1000, batch_size_eval=100000, log_every=20, eval_every=1, lr=0.003, feat_dropout=0.1, attn_dropout=0.1, model_num_hidden=32, heads='8,8,8,1', local_rank=None, standalone=False, sparse_lr=0.01, presampling=True, hot_threshold=0.1, emb_cache_rate=0.2)
start graph service on server 51 for part 3
Server is waiting for connections on [172.31.16.179:30053]...
Server (51) shutdown.
Server is exiting...
Namespace(cache_server_addr='127.0.0.1', cache_server_port=32451, graph_name='ogbn-products', id=None, ip_config='ip_config4.txt', part_config=None, n_classes=None, num_gpus=8, num_epochs=20, num_hidden=256, fan_out='5,5,5,5', batch_size=1000, batch_size_eval=100000, log_every=20, eval_every=1, lr=0.003, feat_dropout=0.1, attn_dropout=0.1, model_num_hidden=32, heads='8,8,8,1', local_rank=None, standalone=False, sparse_lr=0.01, presampling=True, hot_threshold=0.1, emb_cache_rate=0.2)
start graph service on server 53 for part 3
Server is waiting for connections on [172.31.16.179:30055]...
Server (53) shutdown.
Server is exiting...
Namespace(cache_server_addr='127.0.0.1', cache_server_port=32451, graph_name='ogbn-products', id=None, ip_config='ip_config4.txt', part_config=None, n_classes=None, num_gpus=8, num_epochs=20, num_hidden=256, fan_out='5,5,5,5', batch_size=1000, batch_size_eval=100000, log_every=20, eval_every=1, lr=0.003, feat_dropout=0.1, attn_dropout=0.1, model_num_hidden=32, heads='8,8,8,1', local_rank=None, standalone=False, sparse_lr=0.01, presampling=True, hot_threshold=0.1, emb_cache_rate=0.2)
start graph service on server 26 for part 1
Server is waiting for connections on [172.31.25.229:30060]...
Server (26) shutdown.
Server is exiting...
Namespace(cache_server_addr='127.0.0.1', cache_server_port=32451, graph_name='ogbn-products', id=None, ip_config='ip_config4.txt', part_config=None, n_classes=None, num_gpus=8, num_epochs=20, num_hidden=256, fan_out='5,5,5,5', batch_size=1000, batch_size_eval=100000, log_every=20, eval_every=1, lr=0.003, feat_dropout=0.1, attn_dropout=0.1, model_num_hidden=32, heads='8,8,8,1', local_rank=None, standalone=False, sparse_lr=0.01, presampling=True, hot_threshold=0.1, emb_cache_rate=0.2)
start graph service on server 54 for part 3
Server is waiting for connections on [172.31.16.179:30056]...
Server (54) shutdown.
Server is exiting...
Namespace(cache_server_addr='127.0.0.1', cache_server_port=32451, graph_name='ogbn-products', id=None, ip_config='ip_config4.txt', part_config=None, n_classes=None, num_gpus=8, num_epochs=20, num_hidden=256, fan_out='5,5,5,5', batch_size=1000, batch_size_eval=100000, log_every=20, eval_every=1, lr=0.003, feat_dropout=0.1, attn_dropout=0.1, model_num_hidden=32, heads='8,8,8,1', local_rank=None, standalone=False, sparse_lr=0.01, presampling=True, hot_threshold=0.1, emb_cache_rate=0.2)
start graph service on server 56 for part 3
Server is waiting for connections on [172.31.16.179:30058]...
Server (56) shutdown.
Server is exiting...
Namespace(cache_server_addr='127.0.0.1', cache_server_port=32451, graph_name='ogbn-products', id=None, ip_config='ip_config4.txt', part_config=None, n_classes=None, num_gpus=8, num_epochs=20, num_hidden=256, fan_out='5,5,5,5', batch_size=1000, batch_size_eval=100000, log_every=20, eval_every=1, lr=0.003, feat_dropout=0.1, attn_dropout=0.1, model_num_hidden=32, heads='8,8,8,1', local_rank=None, standalone=False, sparse_lr=0.01, presampling=True, hot_threshold=0.1, emb_cache_rate=0.2)
start graph service on server 31 for part 1
Server is waiting for connections on [172.31.25.229:30065]...
Server (31) shutdown.
Server is exiting...
Namespace(cache_server_addr='127.0.0.1', cache_server_port=32451, graph_name='ogbn-products', id=None, ip_config='ip_config4.txt', part_config=None, n_classes=None, num_gpus=8, num_epochs=20, num_hidden=256, fan_out='5,5,5,5', batch_size=1000, batch_size_eval=100000, log_every=20, eval_every=1, lr=0.003, feat_dropout=0.1, attn_dropout=0.1, model_num_hidden=32, heads='8,8,8,1', local_rank=None, standalone=False, sparse_lr=0.01, presampling=True, hot_threshold=0.1, emb_cache_rate=0.2)
start graph service on server 36 for part 2
Server is waiting for connections on [172.31.20.203:30054]...
Server (36) shutdown.
Server is exiting...
Namespace(cache_server_addr='127.0.0.1', cache_server_port=32451, graph_name='ogbn-products', id=None, ip_config='ip_config4.txt', part_config=None, n_classes=None, num_gpus=8, num_epochs=20, num_hidden=256, fan_out='5,5,5,5', batch_size=1000, batch_size_eval=100000, log_every=20, eval_every=1, lr=0.003, feat_dropout=0.1, attn_dropout=0.1, model_num_hidden=32, heads='8,8,8,1', local_rank=None, standalone=False, sparse_lr=0.01, presampling=True, hot_threshold=0.1, emb_cache_rate=0.2)
start graph service on server 57 for part 3
Server is waiting for connections on [172.31.16.179:30059]...
Server (57) shutdown.
Server is exiting...
Namespace(cache_server_addr='127.0.0.1', cache_server_port=32451, graph_name='ogbn-products', id=None, ip_config='ip_config4.txt', part_config=None, n_classes=None, num_gpus=8, num_epochs=20, num_hidden=256, fan_out='5,5,5,5', batch_size=1000, batch_size_eval=100000, log_every=20, eval_every=1, lr=0.003, feat_dropout=0.1, attn_dropout=0.1, model_num_hidden=32, heads='8,8,8,1', local_rank=None, standalone=False, sparse_lr=0.01, presampling=True, hot_threshold=0.1, emb_cache_rate=0.2)
start graph service on server 49 for part 3
Server is waiting for connections on [172.31.16.179:30051]...
Server (49) shutdown.
Server is exiting...
Namespace(cache_server_addr='127.0.0.1', cache_server_port=32451, graph_name='ogbn-products', id=None, ip_config='ip_config4.txt', part_config=None, n_classes=None, num_gpus=8, num_epochs=20, num_hidden=256, fan_out='5,5,5,5', batch_size=1000, batch_size_eval=100000, log_every=20, eval_every=1, lr=0.003, feat_dropout=0.1, attn_dropout=0.1, model_num_hidden=32, heads='8,8,8,1', local_rank=None, standalone=False, sparse_lr=0.01, presampling=True, hot_threshold=0.1, emb_cache_rate=0.2)
start graph service on server 33 for part 2
Server is waiting for connections on [172.31.20.203:30051]...
Server (33) shutdown.
Server is exiting...
Namespace(cache_server_addr='127.0.0.1', cache_server_port=32451, graph_name='ogbn-products', id=None, ip_config='ip_config4.txt', part_config=None, n_classes=None, num_gpus=8, num_epochs=20, num_hidden=256, fan_out='5,5,5,5', batch_size=1000, batch_size_eval=100000, log_every=20, eval_every=1, lr=0.003, feat_dropout=0.1, attn_dropout=0.1, model_num_hidden=32, heads='8,8,8,1', local_rank=None, standalone=False, sparse_lr=0.01, presampling=True, hot_threshold=0.1, emb_cache_rate=0.2)
start graph service on server 60 for part 3
Server is waiting for connections on [172.31.16.179:30062]...
Server (60) shutdown.
Server is exiting...
Namespace(cache_server_addr='127.0.0.1', cache_server_port=32451, graph_name='ogbn-products', id=None, ip_config='ip_config4.txt', part_config=None, n_classes=None, num_gpus=8, num_epochs=20, num_hidden=256, fan_out='5,5,5,5', batch_size=1000, batch_size_eval=100000, log_every=20, eval_every=1, lr=0.003, feat_dropout=0.1, attn_dropout=0.1, model_num_hidden=32, heads='8,8,8,1', local_rank=None, standalone=False, sparse_lr=0.01, presampling=True, hot_threshold=0.1, emb_cache_rate=0.2)
start graph service on server 44 for part 2
Server is waiting for connections on [172.31.20.203:30062]...
Server (44) shutdown.
Server is exiting...
Namespace(cache_server_addr='127.0.0.1', cache_server_port=32451, graph_name='ogbn-products', id=None, ip_config='ip_config4.txt', part_config=None, n_classes=None, num_gpus=8, num_epochs=20, num_hidden=256, fan_out='5,5,5,5', batch_size=1000, batch_size_eval=100000, log_every=20, eval_every=1, lr=0.003, feat_dropout=0.1, attn_dropout=0.1, model_num_hidden=32, heads='8,8,8,1', local_rank=None, standalone=False, sparse_lr=0.01, presampling=True, hot_threshold=0.1, emb_cache_rate=0.2)
start graph service on server 47 for part 2
Server is waiting for connections on [172.31.20.203:30065]...
Server (47) shutdown.
Server is exiting...
Namespace(cache_server_addr='127.0.0.1', cache_server_port=32451, graph_name='ogbn-products', id=None, ip_config='ip_config4.txt', part_config=None, n_classes=None, num_gpus=8, num_epochs=20, num_hidden=256, fan_out='5,5,5,5', batch_size=1000, batch_size_eval=100000, log_every=20, eval_every=1, lr=0.003, feat_dropout=0.1, attn_dropout=0.1, model_num_hidden=32, heads='8,8,8,1', local_rank=None, standalone=False, sparse_lr=0.01, presampling=True, hot_threshold=0.1, emb_cache_rate=0.2)
start graph service on server 24 for part 1
Server is waiting for connections on [172.31.25.229:30058]...
Server (24) shutdown.
Server is exiting...
Namespace(cache_server_addr='127.0.0.1', cache_server_port=32451, graph_name='ogbn-products', id=None, ip_config='ip_config4.txt', part_config=None, n_classes=None, num_gpus=8, num_epochs=20, num_hidden=256, fan_out='5,5,5,5', batch_size=1000, batch_size_eval=100000, log_every=20, eval_every=1, lr=0.003, feat_dropout=0.1, attn_dropout=0.1, model_num_hidden=32, heads='8,8,8,1', local_rank=None, standalone=False, sparse_lr=0.01, presampling=True, hot_threshold=0.1, emb_cache_rate=0.2)
start graph service on server 29 for part 1
Server is waiting for connections on [172.31.25.229:30063]...
Server (29) shutdown.
Server is exiting...
Namespace(cache_server_addr='127.0.0.1', cache_server_port=32451, graph_name='ogbn-products', id=None, ip_config='ip_config4.txt', part_config=None, n_classes=None, num_gpus=8, num_epochs=20, num_hidden=256, fan_out='5,5,5,5', batch_size=1000, batch_size_eval=100000, log_every=20, eval_every=1, lr=0.003, feat_dropout=0.1, attn_dropout=0.1, model_num_hidden=32, heads='8,8,8,1', local_rank=None, standalone=False, sparse_lr=0.01, presampling=True, hot_threshold=0.1, emb_cache_rate=0.2)
start graph service on server 43 for part 2
Server is waiting for connections on [172.31.20.203:30061]...
Server (43) shutdown.
Server is exiting...
Namespace(cache_server_addr='127.0.0.1', cache_server_port=32451, graph_name='ogbn-products', id=None, ip_config='ip_config4.txt', part_config=None, n_classes=None, num_gpus=8, num_epochs=20, num_hidden=256, fan_out='5,5,5,5', batch_size=1000, batch_size_eval=100000, log_every=20, eval_every=1, lr=0.003, feat_dropout=0.1, attn_dropout=0.1, model_num_hidden=32, heads='8,8,8,1', local_rank=None, standalone=False, sparse_lr=0.01, presampling=True, hot_threshold=0.1, emb_cache_rate=0.2)
start graph service on server 28 for part 1
Server is waiting for connections on [172.31.25.229:30062]...
Server (28) shutdown.
Server is exiting...
Namespace(cache_server_addr='127.0.0.1', cache_server_port=32451, graph_name='ogbn-products', id=None, ip_config='ip_config4.txt', part_config=None, n_classes=None, num_gpus=8, num_epochs=20, num_hidden=256, fan_out='5,5,5,5', batch_size=1000, batch_size_eval=100000, log_every=20, eval_every=1, lr=0.003, feat_dropout=0.1, attn_dropout=0.1, model_num_hidden=32, heads='8,8,8,1', local_rank=None, standalone=False, sparse_lr=0.01, presampling=True, hot_threshold=0.1, emb_cache_rate=0.2)
start graph service on server 35 for part 2
Server is waiting for connections on [172.31.20.203:30053]...
Server (35) shutdown.
Server is exiting...
Namespace(cache_server_addr='127.0.0.1', cache_server_port=32451, graph_name='ogbn-products', id=None, ip_config='ip_config4.txt', part_config=None, n_classes=None, num_gpus=8, num_epochs=20, num_hidden=256, fan_out='5,5,5,5', batch_size=1000, batch_size_eval=100000, log_every=20, eval_every=1, lr=0.003, feat_dropout=0.1, attn_dropout=0.1, model_num_hidden=32, heads='8,8,8,1', local_rank=None, standalone=False, sparse_lr=0.01, presampling=True, hot_threshold=0.1, emb_cache_rate=0.2)
start graph service on server 39 for part 2
Server is waiting for connections on [172.31.20.203:30057]...
Server (39) shutdown.
Server is exiting...
Namespace(cache_server_addr='127.0.0.1', cache_server_port=32451, graph_name='ogbn-products', id=None, ip_config='ip_config4.txt', part_config=None, n_classes=None, num_gpus=8, num_epochs=20, num_hidden=256, fan_out='5,5,5,5', batch_size=1000, batch_size_eval=100000, log_every=20, eval_every=1, lr=0.003, feat_dropout=0.1, attn_dropout=0.1, model_num_hidden=32, heads='8,8,8,1', local_rank=None, standalone=False, sparse_lr=0.01, presampling=True, hot_threshold=0.1, emb_cache_rate=0.2)
start graph service on server 21 for part 1
Server is waiting for connections on [172.31.25.229:30055]...
Server (21) shutdown.
Server is exiting...
Namespace(cache_server_addr='127.0.0.1', cache_server_port=32451, graph_name='ogbn-products', id=None, ip_config='ip_config4.txt', part_config=None, n_classes=None, num_gpus=8, num_epochs=20, num_hidden=256, fan_out='5,5,5,5', batch_size=1000, batch_size_eval=100000, log_every=20, eval_every=1, lr=0.003, feat_dropout=0.1, attn_dropout=0.1, model_num_hidden=32, heads='8,8,8,1', local_rank=None, standalone=False, sparse_lr=0.01, presampling=True, hot_threshold=0.1, emb_cache_rate=0.2)
start graph service on server 52 for part 3
Server is waiting for connections on [172.31.16.179:30054]...
Server (52) shutdown.
Server is exiting...
Namespace(cache_server_addr='127.0.0.1', cache_server_port=32451, graph_name='ogbn-products', id=None, ip_config='ip_config4.txt', part_config=None, n_classes=None, num_gpus=8, num_epochs=20, num_hidden=256, fan_out='5,5,5,5', batch_size=1000, batch_size_eval=100000, log_every=20, eval_every=1, lr=0.003, feat_dropout=0.1, attn_dropout=0.1, model_num_hidden=32, heads='8,8,8,1', local_rank=None, standalone=False, sparse_lr=0.01, presampling=True, hot_threshold=0.1, emb_cache_rate=0.2)
start graph service on server 41 for part 2
Server is waiting for connections on [172.31.20.203:30059]...
Server (41) shutdown.
Server is exiting...
Namespace(cache_server_addr='127.0.0.1', cache_server_port=32451, graph_name='ogbn-products', id=None, ip_config='ip_config4.txt', part_config=None, n_classes=None, num_gpus=8, num_epochs=20, num_hidden=256, fan_out='5,5,5,5', batch_size=1000, batch_size_eval=100000, log_every=20, eval_every=1, lr=0.003, feat_dropout=0.1, attn_dropout=0.1, model_num_hidden=32, heads='8,8,8,1', local_rank=None, standalone=False, sparse_lr=0.01, presampling=True, hot_threshold=0.1, emb_cache_rate=0.2)
start graph service on server 38 for part 2
Server is waiting for connections on [172.31.20.203:30056]...
Server (38) shutdown.
Server is exiting...
Namespace(cache_server_addr='127.0.0.1', cache_server_port=32451, graph_name='ogbn-products', id=None, ip_config='ip_config4.txt', part_config=None, n_classes=None, num_gpus=8, num_epochs=20, num_hidden=256, fan_out='5,5,5,5', batch_size=1000, batch_size_eval=100000, log_every=20, eval_every=1, lr=0.003, feat_dropout=0.1, attn_dropout=0.1, model_num_hidden=32, heads='8,8,8,1', local_rank=None, standalone=False, sparse_lr=0.01, presampling=True, hot_threshold=0.1, emb_cache_rate=0.2)
start graph service on server 45 for part 2
Server is waiting for connections on [172.31.20.203:30063]...
Server (45) shutdown.
Server is exiting...
Namespace(cache_server_addr='127.0.0.1', cache_server_port=32451, graph_name='ogbn-products', id=None, ip_config='ip_config4.txt', part_config=None, n_classes=None, num_gpus=8, num_epochs=20, num_hidden=256, fan_out='5,5,5,5', batch_size=1000, batch_size_eval=100000, log_every=20, eval_every=1, lr=0.003, feat_dropout=0.1, attn_dropout=0.1, model_num_hidden=32, heads='8,8,8,1', local_rank=None, standalone=False, sparse_lr=0.01, presampling=True, hot_threshold=0.1, emb_cache_rate=0.2)
start graph service on server 42 for part 2
Server is waiting for connections on [172.31.20.203:30060]...
Server (42) shutdown.
Server is exiting...
Namespace(cache_server_addr='127.0.0.1', cache_server_port=32451, graph_name='ogbn-products', id=None, ip_config='ip_config4.txt', part_config=None, n_classes=None, num_gpus=8, num_epochs=20, num_hidden=256, fan_out='5,5,5,5', batch_size=1000, batch_size_eval=100000, log_every=20, eval_every=1, lr=0.003, feat_dropout=0.1, attn_dropout=0.1, model_num_hidden=32, heads='8,8,8,1', local_rank=None, standalone=False, sparse_lr=0.01, presampling=True, hot_threshold=0.1, emb_cache_rate=0.2)
start graph service on server 46 for part 2
Server is waiting for connections on [172.31.20.203:30064]...
Server (46) shutdown.
Server is exiting...
Namespace(cache_server_addr='127.0.0.1', cache_server_port=32451, graph_name='ogbn-products', id=None, ip_config='ip_config4.txt', part_config=None, n_classes=None, num_gpus=8, num_epochs=20, num_hidden=256, fan_out='5,5,5,5', batch_size=1000, batch_size_eval=100000, log_every=20, eval_every=1, lr=0.003, feat_dropout=0.1, attn_dropout=0.1, model_num_hidden=32, heads='8,8,8,1', local_rank=None, standalone=False, sparse_lr=0.01, presampling=True, hot_threshold=0.1, emb_cache_rate=0.2)
start graph service on server 34 for part 2
Server is waiting for connections on [172.31.20.203:30052]...
Server (34) shutdown.
Server is exiting...
Namespace(cache_server_addr='127.0.0.1', cache_server_port=32451, graph_name='ogbn-products', id=None, ip_config='ip_config4.txt', part_config=None, n_classes=None, num_gpus=8, num_epochs=20, num_hidden=256, fan_out='5,5,5,5', batch_size=1000, batch_size_eval=100000, log_every=20, eval_every=1, lr=0.003, feat_dropout=0.1, attn_dropout=0.1, model_num_hidden=32, heads='8,8,8,1', local_rank=None, standalone=False, sparse_lr=0.01, presampling=True, hot_threshold=0.1, emb_cache_rate=0.2)
start graph service on server 61 for part 3
Server is waiting for connections on [172.31.16.179:30063]...
Server (61) shutdown.
Server is exiting...
Namespace(cache_server_addr='127.0.0.1', cache_server_port=32451, graph_name='ogbn-products', id=None, ip_config='ip_config4.txt', part_config=None, n_classes=None, num_gpus=8, num_epochs=20, num_hidden=256, fan_out='5,5,5,5', batch_size=1000, batch_size_eval=100000, log_every=20, eval_every=1, lr=0.003, feat_dropout=0.1, attn_dropout=0.1, model_num_hidden=32, heads='8,8,8,1', local_rank=None, standalone=False, sparse_lr=0.01, presampling=True, hot_threshold=0.1, emb_cache_rate=0.2)
start graph service on server 59 for part 3
Server is waiting for connections on [172.31.16.179:30061]...
Server (59) shutdown.
Server is exiting...
Namespace(cache_server_addr='127.0.0.1', cache_server_port=32451, graph_name='ogbn-products', id=None, ip_config='ip_config4.txt', part_config=None, n_classes=None, num_gpus=8, num_epochs=20, num_hidden=256, fan_out='5,5,5,5', batch_size=1000, batch_size_eval=100000, log_every=20, eval_every=1, lr=0.003, feat_dropout=0.1, attn_dropout=0.1, model_num_hidden=32, heads='8,8,8,1', local_rank=None, standalone=False, sparse_lr=0.01, presampling=True, hot_threshold=0.1, emb_cache_rate=0.2)
start graph service on server 50 for part 3
Server is waiting for connections on [172.31.16.179:30052]...
Server (50) shutdown.
Server is exiting...
Namespace(cache_server_addr='127.0.0.1', cache_server_port=32451, graph_name='ogbn-products', id=None, ip_config='ip_config4.txt', part_config=None, n_classes=None, num_gpus=8, num_epochs=20, num_hidden=256, fan_out='5,5,5,5', batch_size=1000, batch_size_eval=100000, log_every=20, eval_every=1, lr=0.003, feat_dropout=0.1, attn_dropout=0.1, model_num_hidden=32, heads='8,8,8,1', local_rank=None, standalone=False, sparse_lr=0.01, presampling=True, hot_threshold=0.1, emb_cache_rate=0.2)
start graph service on server 40 for part 2
Server is waiting for connections on [172.31.20.203:30058]...
Server (40) shutdown.
Server is exiting...
Namespace(cache_server_addr='127.0.0.1', cache_server_port=32451, graph_name='ogbn-products', id=None, ip_config='ip_config4.txt', part_config=None, n_classes=None, num_gpus=8, num_epochs=20, num_hidden=256, fan_out='5,5,5,5', batch_size=1000, batch_size_eval=100000, log_every=20, eval_every=1, lr=0.003, feat_dropout=0.1, attn_dropout=0.1, model_num_hidden=32, heads='8,8,8,1', local_rank=None, standalone=False, sparse_lr=0.01, presampling=True, hot_threshold=0.1, emb_cache_rate=0.2)
start graph service on server 37 for part 2
Server is waiting for connections on [172.31.20.203:30055]...
Server (37) shutdown.
Server is exiting...
Namespace(cache_server_addr='127.0.0.1', cache_server_port=32451, graph_name='ogbn-products', id=None, ip_config='ip_config4.txt', part_config=None, n_classes=None, num_gpus=8, num_epochs=20, num_hidden=256, fan_out='5,5,5,5', batch_size=1000, batch_size_eval=100000, log_every=20, eval_every=1, lr=0.003, feat_dropout=0.1, attn_dropout=0.1, model_num_hidden=32, heads='8,8,8,1', local_rank=None, standalone=False, sparse_lr=0.01, presampling=True, hot_threshold=0.1, emb_cache_rate=0.2)
start graph service on server 55 for part 3
Server is waiting for connections on [172.31.16.179:30057]...
Server (55) shutdown.
Server is exiting...
Namespace(cache_server_addr='127.0.0.1', cache_server_port=32451, graph_name='ogbn-products', id=None, ip_config='ip_config4.txt', part_config=None, n_classes=None, num_gpus=8, num_epochs=20, num_hidden=256, fan_out='5,5,5,5', batch_size=1000, batch_size_eval=100000, log_every=20, eval_every=1, lr=0.003, feat_dropout=0.1, attn_dropout=0.1, model_num_hidden=32, heads='8,8,8,1', local_rank=None, standalone=False, sparse_lr=0.01, presampling=True, hot_threshold=0.1, emb_cache_rate=0.2)
start graph service on server 63 for part 3
Server is waiting for connections on [172.31.16.179:30065]...
Server (63) shutdown.
Server is exiting...
Namespace(cache_server_addr='127.0.0.1', cache_server_port=32451, graph_name='ogbn-products', id=None, ip_config='ip_config4.txt', part_config=None, n_classes=None, num_gpus=8, num_epochs=20, num_hidden=256, fan_out='5,5,5,5', batch_size=1000, batch_size_eval=100000, log_every=20, eval_every=1, lr=0.003, feat_dropout=0.1, attn_dropout=0.1, model_num_hidden=32, heads='8,8,8,1', local_rank=None, standalone=False, sparse_lr=0.01, presampling=True, hot_threshold=0.1, emb_cache_rate=0.2)
start graph service on server 62 for part 3
Server is waiting for connections on [172.31.16.179:30064]...
Server (62) shutdown.
Server is exiting...
Client [1617728] waits on 172.31.20.34:45385
Machine (0) group (0) client (38) connect to server successfuly!
Client[38] in group[0] is exiting...
Client [899947] waits on 172.31.20.203:45687
Machine (2) group (0) client (24) connect to server successfuly!
Client[24] in group[0] is exiting...
Client [899742] waits on 172.31.20.203:41589
Machine (2) group (0) client (21) connect to server successfuly!
Client[21] in group[0] is exiting...
Client [899946] waits on 172.31.20.203:37953
Machine (2) group (0) client (17) connect to server successfuly!
Client[17] in group[0] is exiting...
Client [897645] waits on 172.31.16.179:38169
Machine (3) group (0) client (4) connect to server successfuly!
Client[4] in group[0] is exiting...
Client [897347] waits on 172.31.16.179:59407
Machine (3) group (0) client (14) connect to server successfuly!
Client[14] in group[0] is exiting...
Client [1618180] waits on 172.31.20.34:33433
Machine (0) group (0) client (32) connect to server successfuly!
Client[32] in group[0] is exiting...
Client [1618142] waits on 172.31.20.34:37225
Machine (0) group (0) client (34) connect to server successfuly!
Client[34] in group[0] is exiting...
Client [900168] waits on 172.31.20.203:37451
Machine (2) group (0) client (16) connect to server successfuly!
Client[16] in group[0] is exiting...
Client [897148] waits on 172.31.16.179:49701
Machine (3) group (0) client (8) connect to server successfuly!
Client[8] in group[0] is exiting...
Client [897485] waits on 172.31.16.179:37425
Machine (3) group (0) client (1) connect to server successfuly!
Client[1] in group[0] is exiting...
Client [899839] waits on 172.31.20.203:59361
Machine (2) group (0) client (30) connect to server successfuly!
Client[30] in group[0] is exiting...
Client [897348] waits on 172.31.16.179:47553
Machine (3) group (0) client (7) connect to server successfuly!
Client[7] in group[0] is exiting...
Client [1617794] waits on 172.31.20.34:58895
Machine (0) group (0) client (47) connect to server successfuly!
Client[47] in group[0] is exiting...
Client [1617925] waits on 172.31.20.34:52293
Machine (0) group (0) client (41) connect to server successfuly!
Client[41] in group[0] is exiting...
Client [899676] waits on 172.31.20.203:41957
Machine (2) group (0) client (22) connect to server successfuly!
Client[22] in group[0] is exiting...
Client [907292] waits on 172.31.25.229:33539
Machine (1) group (0) client (49) connect to server successfuly!
Client[49] in group[0] is exiting...
Client [907107] waits on 172.31.25.229:49435
Machine (1) group (0) client (58) connect to server successfuly!
Client[58] in group[0] is exiting...
Client [907174] waits on 172.31.25.229:49945
Machine (1) group (0) client (59) connect to server successfuly!
Client[59] in group[0] is exiting...
Client [897245] waits on 172.31.16.179:35297
Machine (3) group (0) client (0) connect to server successfuly!
Client[0] in group[0] is exiting...
Client [907508] waits on 172.31.25.229:45473
Machine (1) group (0) client (54) connect to server successfuly!
Client[54] in group[0] is exiting...
Client [907437] waits on 172.31.25.229:42743
Machine (1) group (0) client (52) connect to server successfuly!
Client[52] in group[0] is exiting...
Client [907176] waits on 172.31.25.229:43241
Machine (1) group (0) client (53) connect to server successfuly!
Client[53] in group[0] is exiting...
Client [907604] waits on 172.31.25.229:51273
Machine (1) group (0) client (60) connect to server successfuly!
Client[60] in group[0] is exiting...
Client [899809] waits on 172.31.20.203:40401
Machine (2) group (0) client (20) connect to server successfuly!
Client[20] in group[0] is exiting...
Client [1618007] waits on 172.31.20.34:33553
Machine (0) group (0) client (33) connect to server successfuly!
Client[33] in group[0] is exiting...
Client [897215] waits on 172.31.16.179:49803
Machine (3) group (0) client (9) connect to server successfuly!
Client[9] in group[0] is exiting...
Client [1618008] waits on 172.31.20.34:53243
Machine (0) group (0) client (42) connect to server successfuly!
Client[42] in group[0] is exiting...
Client [1617795] waits on 172.31.20.34:55275
Machine (0) group (0) client (45) connect to server successfuly!
Client[45] in group[0] is exiting...
Client [900102] waits on 172.31.20.203:40325
Machine (2) group (0) client (18) connect to server successfuly!
Client[18] in group[0] is exiting...
Client [907371] waits on 172.31.25.229:46001
Machine (1) group (0) client (55) connect to server successfuly!
Client[55] in group[0] is exiting...
Client [897484] waits on 172.31.16.179:45935
Machine (3) group (0) client (6) connect to server successfuly!
Client[6] in group[0] is exiting...
cleanup process runs
