The number of OMP threads per trainer is set to 6
Namespace(graph_name='ogbn-products', id=None, ip_config='ip_config4.txt', part_config=None, n_classes=None, num_gpus=8, num_epochs=20, num_hidden=256, fan_out='5,10,15', batch_size=1000, batch_size_eval=1000, log_every=20, eval_every=1, lr=0.003, dropout=0.5, model_num_hidden=256, local_rank=None, standalone=False, sparse_lr=0.01, dgl_sparse=True, optim='adagrad', model='gcn')
Namespace(graph_name='ogbn-products', id=None, ip_config='ip_config4.txt', part_config=None, n_classes=None, num_gpus=8, num_epochs=20, num_hidden=256, fan_out='5,10,15', batch_size=1000, batch_size_eval=1000, log_every=20, eval_every=1, lr=0.003, dropout=0.5, model_num_hidden=256, local_rank=None, standalone=False, sparse_lr=0.01, dgl_sparse=True, optim='adagrad', model='gcn')
Namespace(graph_name='ogbn-products', id=None, ip_config='ip_config4.txt', part_config=None, n_classes=None, num_gpus=8, num_epochs=20, num_hidden=256, fan_out='5,10,15', batch_size=1000, batch_size_eval=1000, log_every=20, eval_every=1, lr=0.003, dropout=0.5, model_num_hidden=256, local_rank=None, standalone=False, sparse_lr=0.01, dgl_sparse=True, optim='adagrad', model='gcn')
Namespace(graph_name='ogbn-products', id=None, ip_config='ip_config4.txt', part_config=None, n_classes=None, num_gpus=8, num_epochs=20, num_hidden=256, fan_out='5,10,15', batch_size=1000, batch_size_eval=1000, log_every=20, eval_every=1, lr=0.003, dropout=0.5, model_num_hidden=256, local_rank=None, standalone=False, sparse_lr=0.01, dgl_sparse=True, optim='adagrad', model='gcn')
Namespace(graph_name='ogbn-products', id=None, ip_config='ip_config4.txt', part_config=None, n_classes=None, num_gpus=8, num_epochs=20, num_hidden=256, fan_out='5,10,15', batch_size=1000, batch_size_eval=1000, log_every=20, eval_every=1, lr=0.003, dropout=0.5, model_num_hidden=256, local_rank=None, standalone=False, sparse_lr=0.01, dgl_sparse=True, optim='adagrad', model='gcn')
Namespace(graph_name='ogbn-products', id=None, ip_config='ip_config4.txt', part_config=None, n_classes=None, num_gpus=8, num_epochs=20, num_hidden=256, fan_out='5,10,15', batch_size=1000, batch_size_eval=1000, log_every=20, eval_every=1, lr=0.003, dropout=0.5, model_num_hidden=256, local_rank=None, standalone=False, sparse_lr=0.01, dgl_sparse=True, optim='adagrad', model='gcn')
Namespace(graph_name='ogbn-products', id=None, ip_config='ip_config4.txt', part_config=None, n_classes=None, num_gpus=8, num_epochs=20, num_hidden=256, fan_out='5,10,15', batch_size=1000, batch_size_eval=1000, log_every=20, eval_every=1, lr=0.003, dropout=0.5, model_num_hidden=256, local_rank=None, standalone=False, sparse_lr=0.01, dgl_sparse=True, optim='adagrad', model='gcn')
Namespace(graph_name='ogbn-products', id=None, ip_config='ip_config4.txt', part_config=None, n_classes=None, num_gpus=8, num_epochs=20, num_hidden=256, fan_out='5,10,15', batch_size=1000, batch_size_eval=1000, log_every=20, eval_every=1, lr=0.003, dropout=0.5, model_num_hidden=256, local_rank=None, standalone=False, sparse_lr=0.01, dgl_sparse=True, optim='adagrad', model='gcn')
Namespace(graph_name='ogbn-products', id=None, ip_config='ip_config4.txt', part_config=None, n_classes=None, num_gpus=8, num_epochs=20, num_hidden=256, fan_out='5,10,15', batch_size=1000, batch_size_eval=1000, log_every=20, eval_every=1, lr=0.003, dropout=0.5, model_num_hidden=256, local_rank=None, standalone=False, sparse_lr=0.01, dgl_sparse=True, optim='adagrad', model='gcn')
Namespace(graph_name='ogbn-products', id=None, ip_config='ip_config4.txt', part_config=None, n_classes=None, num_gpus=8, num_epochs=20, num_hidden=256, fan_out='5,10,15', batch_size=1000, batch_size_eval=1000, log_every=20, eval_every=1, lr=0.003, dropout=0.5, model_num_hidden=256, local_rank=None, standalone=False, sparse_lr=0.01, dgl_sparse=True, optim='adagrad', model='gcn')
Namespace(graph_name='ogbn-products', id=None, ip_config='ip_config4.txt', part_config=None, n_classes=None, num_gpus=8, num_epochs=20, num_hidden=256, fan_out='5,10,15', batch_size=1000, batch_size_eval=1000, log_every=20, eval_every=1, lr=0.003, dropout=0.5, model_num_hidden=256, local_rank=None, standalone=False, sparse_lr=0.01, dgl_sparse=True, optim='adagrad', model='gcn')
Namespace(graph_name='ogbn-products', id=None, ip_config='ip_config4.txt', part_config=None, n_classes=None, num_gpus=8, num_epochs=20, num_hidden=256, fan_out='5,10,15', batch_size=1000, batch_size_eval=1000, log_every=20, eval_every=1, lr=0.003, dropout=0.5, model_num_hidden=256, local_rank=None, standalone=False, sparse_lr=0.01, dgl_sparse=True, optim='adagrad', model='gcn')
Namespace(graph_name='ogbn-products', id=None, ip_config='ip_config4.txt', part_config=None, n_classes=None, num_gpus=8, num_epochs=20, num_hidden=256, fan_out='5,10,15', batch_size=1000, batch_size_eval=1000, log_every=20, eval_every=1, lr=0.003, dropout=0.5, model_num_hidden=256, local_rank=None, standalone=False, sparse_lr=0.01, dgl_sparse=True, optim='adagrad', model='gcn')
Namespace(graph_name='ogbn-products', id=None, ip_config='ip_config4.txt', part_config=None, n_classes=None, num_gpus=8, num_epochs=20, num_hidden=256, fan_out='5,10,15', batch_size=1000, batch_size_eval=1000, log_every=20, eval_every=1, lr=0.003, dropout=0.5, model_num_hidden=256, local_rank=None, standalone=False, sparse_lr=0.01, dgl_sparse=True, optim='adagrad', model='gcn')
Namespace(graph_name='ogbn-products', id=None, ip_config='ip_config4.txt', part_config=None, n_classes=None, num_gpus=8, num_epochs=20, num_hidden=256, fan_out='5,10,15', batch_size=1000, batch_size_eval=1000, log_every=20, eval_every=1, lr=0.003, dropout=0.5, model_num_hidden=256, local_rank=None, standalone=False, sparse_lr=0.01, dgl_sparse=True, optim='adagrad', model='gcn')
Namespace(graph_name='ogbn-products', id=None, ip_config='ip_config4.txt', part_config=None, n_classes=None, num_gpus=8, num_epochs=20, num_hidden=256, fan_out='5,10,15', batch_size=1000, batch_size_eval=1000, log_every=20, eval_every=1, lr=0.003, dropout=0.5, model_num_hidden=256, local_rank=None, standalone=False, sparse_lr=0.01, dgl_sparse=True, optim='adagrad', model='gcn')
Namespace(graph_name='ogbn-products', id=None, ip_config='ip_config4.txt', part_config=None, n_classes=None, num_gpus=8, num_epochs=20, num_hidden=256, fan_out='5,10,15', batch_size=1000, batch_size_eval=1000, log_every=20, eval_every=1, lr=0.003, dropout=0.5, model_num_hidden=256, local_rank=None, standalone=False, sparse_lr=0.01, dgl_sparse=True, optim='adagrad', model='gcn')
Namespace(graph_name='ogbn-products', id=None, ip_config='ip_config4.txt', part_config=None, n_classes=None, num_gpus=8, num_epochs=20, num_hidden=256, fan_out='5,10,15', batch_size=1000, batch_size_eval=1000, log_every=20, eval_every=1, lr=0.003, dropout=0.5, model_num_hidden=256, local_rank=None, standalone=False, sparse_lr=0.01, dgl_sparse=True, optim='adagrad', model='gcn')
Namespace(graph_name='ogbn-products', id=None, ip_config='ip_config4.txt', part_config=None, n_classes=None, num_gpus=8, num_epochs=20, num_hidden=256, fan_out='5,10,15', batch_size=1000, batch_size_eval=1000, log_every=20, eval_every=1, lr=0.003, dropout=0.5, model_num_hidden=256, local_rank=None, standalone=False, sparse_lr=0.01, dgl_sparse=True, optim='adagrad', model='gcn')
Namespace(graph_name='ogbn-products', id=None, ip_config='ip_config4.txt', part_config=None, n_classes=None, num_gpus=8, num_epochs=20, num_hidden=256, fan_out='5,10,15', batch_size=1000, batch_size_eval=1000, log_every=20, eval_every=1, lr=0.003, dropout=0.5, model_num_hidden=256, local_rank=None, standalone=False, sparse_lr=0.01, dgl_sparse=True, optim='adagrad', model='gcn')
Namespace(graph_name='ogbn-products', id=None, ip_config='ip_config4.txt', part_config=None, n_classes=None, num_gpus=8, num_epochs=20, num_hidden=256, fan_out='5,10,15', batch_size=1000, batch_size_eval=1000, log_every=20, eval_every=1, lr=0.003, dropout=0.5, model_num_hidden=256, local_rank=None, standalone=False, sparse_lr=0.01, dgl_sparse=True, optim='adagrad', model='gcn')
Namespace(graph_name='ogbn-products', id=None, ip_config='ip_config4.txt', part_config=None, n_classes=None, num_gpus=8, num_epochs=20, num_hidden=256, fan_out='5,10,15', batch_size=1000, batch_size_eval=1000, log_every=20, eval_every=1, lr=0.003, dropout=0.5, model_num_hidden=256, local_rank=None, standalone=False, sparse_lr=0.01, dgl_sparse=True, optim='adagrad', model='gcn')
Namespace(graph_name='ogbn-products', id=None, ip_config='ip_config4.txt', part_config=None, n_classes=None, num_gpus=8, num_epochs=20, num_hidden=256, fan_out='5,10,15', batch_size=1000, batch_size_eval=1000, log_every=20, eval_every=1, lr=0.003, dropout=0.5, model_num_hidden=256, local_rank=None, standalone=False, sparse_lr=0.01, dgl_sparse=True, optim='adagrad', model='gcn')
Namespace(graph_name='ogbn-products', id=None, ip_config='ip_config4.txt', part_config=None, n_classes=None, num_gpus=8, num_epochs=20, num_hidden=256, fan_out='5,10,15', batch_size=1000, batch_size_eval=1000, log_every=20, eval_every=1, lr=0.003, dropout=0.5, model_num_hidden=256, local_rank=None, standalone=False, sparse_lr=0.01, dgl_sparse=True, optim='adagrad', model='gcn')Namespace(graph_name='ogbn-products', id=None, ip_config='ip_config4.txt', part_config=None, n_classes=None, num_gpus=8, num_epochs=20, num_hidden=256, fan_out='5,10,15', batch_size=1000, batch_size_eval=1000, log_every=20, eval_every=1, lr=0.003, dropout=0.5, model_num_hidden=256, local_rank=None, standalone=False, sparse_lr=0.01, dgl_sparse=True, optim='adagrad', model='gcn')

Namespace(graph_name='ogbn-products', id=None, ip_config='ip_config4.txt', part_config=None, n_classes=None, num_gpus=8, num_epochs=20, num_hidden=256, fan_out='5,10,15', batch_size=1000, batch_size_eval=1000, log_every=20, eval_every=1, lr=0.003, dropout=0.5, model_num_hidden=256, local_rank=None, standalone=False, sparse_lr=0.01, dgl_sparse=True, optim='adagrad', model='gcn')
Namespace(graph_name='ogbn-products', id=None, ip_config='ip_config4.txt', part_config=None, n_classes=None, num_gpus=8, num_epochs=20, num_hidden=256, fan_out='5,10,15', batch_size=1000, batch_size_eval=1000, log_every=20, eval_every=1, lr=0.003, dropout=0.5, model_num_hidden=256, local_rank=None, standalone=False, sparse_lr=0.01, dgl_sparse=True, optim='adagrad', model='gcn')
Namespace(graph_name='ogbn-products', id=None, ip_config='ip_config4.txt', part_config=None, n_classes=None, num_gpus=8, num_epochs=20, num_hidden=256, fan_out='5,10,15', batch_size=1000, batch_size_eval=1000, log_every=20, eval_every=1, lr=0.003, dropout=0.5, model_num_hidden=256, local_rank=None, standalone=False, sparse_lr=0.01, dgl_sparse=True, optim='adagrad', model='gcn')
Namespace(graph_name='ogbn-products', id=None, ip_config='ip_config4.txt', part_config=None, n_classes=None, num_gpus=8, num_epochs=20, num_hidden=256, fan_out='5,10,15', batch_size=1000, batch_size_eval=1000, log_every=20, eval_every=1, lr=0.003, dropout=0.5, model_num_hidden=256, local_rank=None, standalone=False, sparse_lr=0.01, dgl_sparse=True, optim='adagrad', model='gcn')
Namespace(graph_name='ogbn-products', id=None, ip_config='ip_config4.txt', part_config=None, n_classes=None, num_gpus=8, num_epochs=20, num_hidden=256, fan_out='5,10,15', batch_size=1000, batch_size_eval=1000, log_every=20, eval_every=1, lr=0.003, dropout=0.5, model_num_hidden=256, local_rank=None, standalone=False, sparse_lr=0.01, dgl_sparse=True, optim='adagrad', model='gcn')
Namespace(graph_name='ogbn-products', id=None, ip_config='ip_config4.txt', part_config=None, n_classes=None, num_gpus=8, num_epochs=20, num_hidden=256, fan_out='5,10,15', batch_size=1000, batch_size_eval=1000, log_every=20, eval_every=1, lr=0.003, dropout=0.5, model_num_hidden=256, local_rank=None, standalone=False, sparse_lr=0.01, dgl_sparse=True, optim='adagrad', model='gcn')
Namespace(graph_name='ogbn-products', id=None, ip_config='ip_config4.txt', part_config=None, n_classes=None, num_gpus=8, num_epochs=20, num_hidden=256, fan_out='5,10,15', batch_size=1000, batch_size_eval=1000, log_every=20, eval_every=1, lr=0.003, dropout=0.5, model_num_hidden=256, local_rank=None, standalone=False, sparse_lr=0.01, dgl_sparse=True, optim='adagrad', model='gcn')
Client [17820] waits on 172.31.25.229:60711
Client [17823] waits on 172.31.25.229:56863
Client [17855] waits on 172.31.25.229:56267
Client [17416] waits on 172.31.20.203:55023
Client [17417] waits on 172.31.20.203:53709
Client [17447] waits on 172.31.20.203:54721
Client [17424] waits on 172.31.20.203:42055
Client [17441] waits on 172.31.20.203:34037
Client [17430] waits on 172.31.20.203:37531
Client [17754] waits on 172.31.16.179:54269Client [17769] waits on 172.31.16.179:56455

Client [17756] waits on 172.31.16.179:37327
Client [17757] waits on 172.31.16.179:38305
Client [17763] waits on 172.31.16.179:39305
Client [17755] waits on 172.31.16.179:42649Client [17786] waits on 172.31.16.179:44019

Client [17780] waits on 172.31.16.179:47887
Client [17418] waits on 172.31.20.203:58179
Client [17415] waits on 172.31.20.203:58529
Client [59491] waits on 172.31.20.34:35935
Client [59485] waits on 172.31.20.34:36625
Client [59508] waits on 172.31.20.34:40547
Client [59476] waits on 172.31.20.34:41039
Client [59477] waits on 172.31.20.34:41529
Client [59479] waits on 172.31.20.34:50651
Client [59478] waits on 172.31.20.34:56423
Client [59502] waits on 172.31.20.34:60213
Client [17818] waits on 172.31.25.229:36607
Client [17832] waits on 172.31.25.229:39599
Client [17814] waits on 172.31.25.229:45903
Client [17862] waits on 172.31.25.229:46187
Client [17841] waits on 172.31.25.229:52091
Machine (3) group (0) client (2) connect to server successfuly!
Machine (3) group (0) client (5) connect to server successfuly!
Machine (3) group (0) client (3) connect to server successfuly!
Machine (3) group (0) client (7) connect to server successfuly!Machine (3) group (0) client (9) connect to server successfuly!

Machine (3) group (0) client (13) connect to server successfuly!
Machine (3) group (0) client (12) connect to server successfuly!
Machine (3) group (0) client (14) connect to server successfuly!
Machine (2) group (0) client (20) connect to server successfuly!
Machine (2) group (0) client (17) connect to server successfuly!
Machine (2) group (0) client (16) connect to server successfuly!
Machine (2) group (0) client (28) connect to server successfuly!
Machine (2) group (0) client (29) connect to server successfuly!
Machine (2) group (0) client (26) connect to server successfuly!
Machine (0) group (0) client (34) connect to server successfuly!
Machine (0) group (0) client (35) connect to server successfuly!
Machine (0) group (0) client (38) connect to server successfuly!
Machine (0) group (0) client (39) connect to server successfuly!
Machine (0) group (0) client (40) connect to server successfuly!
Machine (2) group (0) client (30) connect to server successfuly!Machine (2) group (0) client (27) connect to server successfuly!

Machine (0) group (0) client (44) connect to server successfuly!
Machine (0) group (0) client (45) connect to server successfuly!
Machine (0) group (0) client (47) connect to server successfuly!
Machine (1) group (0) client (49) connect to server successfuly!
Machine (1) group (0) client (50) connect to server successfuly!
Machine (1) group (0) client (53) connect to server successfuly!
Machine (1) group (0) client (52) connect to server successfuly!
Machine (1) group (0) client (57) connect to server successfuly!
Machine (1) group (0) client (59) connect to server successfuly!
Machine (1) group (0) client (61) connect to server successfuly!
Machine (1) group (0) client (63) connect to server successfuly!
rank: 18
rank:rank:  25

rank: 6
rank: 21
rank: 27
rank:rank: 17 16

rank:rank:rank:  3028
 
29
rank: 1
rank: 7
rank: 25
rank: 15
rank: 13
rank: 23rank:rank:  149


rank: 4
rank: 3
rank: 0
rank: 31
rank:rank: 19
rank: 24
rank: 26
 8
rank:rank: 11
rank: 12
 20
rank: 22
rank: 10
part 2, train: 6144 (local: 6144), val: 1229 (local: 1229), test: 69159 (local: 69159)
part 4, train: 6145 (local: 6145), val: 1229 (local: 1229), test: 69159 (local: 69159)
part 0, train: 6144 (local: 6144), val: 1229 (local: 1229), test: 69159 (local: 69159)
part 5, train: 6145 (local: 6145), val: 1229 (local: 1229), test: 69160 (local: 69160)
part 1, train: 6144 (local: 6144), val: 1229 (local: 1229), test: 69159 (local: 69159)
part 3, train: 6144 (local: 6144), val: 1229 (local: 1229), test: 69159 (local: 69159)
part 6, train: 6144 (local: 6144), val: 1228 (local: 1228), test: 69159 (local: 69159)
part 7, train: 6144 (local: 6144), val: 1229 (local: 1229), test: 69159 (local: 69159)
part 12, train: 6145 (local: 5984), val: 1229 (local: 1185), test: 69159 (local: 67363)
part 8, train: 6144 (local: 5989), val: 1229 (local: 1192), test: 69159 (local: 67473)
part 13, train: 6144 (local: 5997), val: 1229 (local: 1183), test: 69159 (local: 67378)
part 10, train: 6144 (local: 6014), val: 1228 (local: 1178), test: 69159 (local: 67487)
part 14, train: 6144 (local: 5995), val: 1229 (local: 1187), test: 69159 (local: 67372)
part 27, train: 6144 (local: 5933), val: 1229 (local: 1201), test: 69159 (local: 67290)
part 11, train: 6144 (local: 6007), val: 1229 (local: 1179), test: 69159 (local: 67364)
part 30, train: 6144 (local: 5925), val: 1229 (local: 1199), test: 69159 (local: 67341)
part 9, train: 6145 (local: 5999), val: 1229 (local: 1179), test: 69160 (local: 67441)
part 31, train: 6144 (local: 5950), val: 1229 (local: 1200), test: 69159 (local: 67401)
part 15, train: 6144 (local: 5992), val: 1229 (local: 1188), test: 69159 (local: 67368)
part 22, train: 6145 (local: 6005), val: 1229 (local: 1212), test: 69160 (local: 68995)
part 21, train: 6145 (local: 6050), val: 1229 (local: 1203), test: 69159 (local: 68985)
part 20, train: 6144 (local: 6054), val: 1229 (local: 1208), test: 69159 (local: 69004)
part 28, train: 6144 (local: 5952), val: 1229 (local: 1200), test: 69159 (local: 67348)
part 26, train: 6145 (local: 5929), val: 1229 (local: 1204), test: 69159 (local: 67382)
part 25, train: 6144 (local: 5958), val: 1229 (local: 1203), test: 69159 (local: 67364)
part 29, train: 6144 (local: 5946), val: 1228 (local: 1204), test: 69159 (local: 67407)
part 24, train: 6144 (local: 5939), val: 1228 (local: 1202), test: 69159 (local: 67328)
part 19, train: 6144 (local: 6038), val: 1229 (local: 1211), test: 69159 (local: 68973)
part 23, train: 6144 (local: 6041), val: 1229 (local: 1212), test: 69159 (local: 68985)
part 17, train: 6144 (local: 6034), val: 1229 (local: 1216), test: 69159 (local: 69009)
#labels: 47
Create emb_layer
part 18, train: 6144 (local: 6031), val: 1229 (local: 1204), test: 69159 (local: 68977)
part 16, train: 6144 (local: 6057), val: 1228 (local: 1206), test: 69159 (local: 68995)
#labels: 47
Create emb_layer
#labels: 47
Create emb_layer
#labels: 47
Create emb_layer
#labels: 47
#labels: 47
Create emb_layer
Create emb_layer
#labels: 47
Create emb_layer
#labels: 47
Create emb_layer
#labels: 47
Create emb_layer
#labels: 47
Create emb_layer
#labels: 47
#labels: 47
Create emb_layer
Create emb_layer
#labels: 47
Create emb_layer
#labels: 47
Create emb_layer
#labels: 47
Create emb_layer
#labels: 47
Create emb_layer
#labels: 47
Create emb_layer
#labels: 47
Create emb_layer
#labels: 47
Create emb_layer
#labels: 47
Create emb_layer
#labels: 47
Create emb_layer
#labels: 47
Create emb_layer
#labels: 47
#labels: 47
Create emb_layer
Create emb_layer
#labels: 47
Create emb_layer
#labels: 47
Create emb_layer
#labels: 47
Create emb_layer
#labels: 47
Create emb_layer
#labels: 47
#labels: 47
#labels: 47
Create emb_layer
Create emb_layerCreate emb_layer

#labels: 47
Create emb_layer
Create model
Create model
Create model
Create model
Create model
Create model
Create modelCreate model

Create modelCreate model

Create model
Create model
Create model
Create model
Create model
Create model
Create model
Create model
Create model
Create model
Create model
Create model
Create model
Create model
Create model
Create model
Create model
Create model
Create model
Create model
Create model
Create model
Create model optimizer
Create model optimizer
Create emb optimizer
Create model optimizer
Create model optimizer
Create model optimizer
Create emb optimizer
Create model optimizerCreate model optimizer

Create model optimizer
Create emb optimizer
Create model optimizer
Create emb optimizer
Create model optimizer
Create emb optimizer
Create model optimizer
Create emb optimizer
Create emb optimizer
Create model optimizer
Create emb optimizer
Create model optimizer
Create emb optimizer
Create model optimizer
Create model optimizer
Create emb optimizer
Create model optimizer
Create emb optimizer
Create emb optimizer
Create model optimizer
Create model optimizer
Create emb optimizer
Create model optimizer
Create model optimizer
Create emb optimizer
Create emb optimizer
Create emb optimizer
Create model optimizer
Create emb optimizerCreate emb optimizer

Create model optimizer
Create model optimizer
Create emb optimizer
Create model optimizer
Create emb optimizer
Create emb optimizer
Create model optimizer
Create model optimizer
Create emb optimizer
Create emb optimizer
Create emb optimizer
Create model optimizer
Create model optimizer
Create emb optimizer
Create model optimizer
Create emb optimizer
Create model optimizer
Create emb optimizer
Create emb optimizer
Create emb optimizer
Create emb optimizer
Create model optimizer
Create model optimizer
Create emb optimizer
Create emb optimizer
optimize DGL sparse embedding: <dgl.distributed.nn.pytorch.sparse_emb.DistEmbedding object at 0x7f1a820d8d60>optimize DGL sparse embedding: <dgl.distributed.nn.pytorch.sparse_emb.DistEmbedding object at 0x7f22e1635a90>
Start train
optimize DGL sparse embedding:
Start train
 <dgl.distributed.nn.pytorch.sparse_emb.DistEmbedding object at 0x7feb19fcfca0>
Start train
optimize DGL sparse embedding: <dgl.distributed.nn.pytorch.sparse_emb.DistEmbedding object at 0x7f6f8c13d850>
Start train
optimize DGL sparse embedding: <dgl.distributed.nn.pytorch.sparse_emb.DistEmbedding object at 0x7f3f9805b7f0>
Start train
optimize DGL sparse embedding: <dgl.distributed.nn.pytorch.sparse_emb.DistEmbedding object at 0x7fad2000b730>
Start train
optimize DGL sparse embedding: <dgl.distributed.nn.pytorch.sparse_emb.DistEmbedding object at 0x7f5418040610>
Start train
optimize DGL sparse embedding: <dgl.distributed.nn.pytorch.sparse_emb.DistEmbedding object at 0x7f81a4031610>
Start train
optimize DGL sparse embedding: optimize DGL sparse embedding: optimize DGL sparse embedding:<dgl.distributed.nn.pytorch.sparse_emb.DistEmbedding object at 0x7f63b405d700> 
optimize DGL sparse embedding:Start train
<dgl.distributed.nn.pytorch.sparse_emb.DistEmbedding object at 0x7fc294035610>
Start trainoptimize DGL sparse embedding:
 <dgl.distributed.nn.pytorch.sparse_emb.DistEmbedding object at 0x7feb115a3070>
 Start train<dgl.distributed.nn.pytorch.sparse_emb.DistEmbedding object at 0x7f998694aeb0>

Start train
<dgl.distributed.nn.pytorch.sparse_emb.DistEmbedding object at 0x7f02b804b610>
Start train
optimize DGL sparse embedding: <dgl.distributed.nn.pytorch.sparse_emb.DistEmbedding object at 0x7f3e13cd2610>
Start train
optimize DGL sparse embedding: optimize DGL sparse embedding:<dgl.distributed.nn.pytorch.sparse_emb.DistEmbedding object at 0x7efd90eff970> 
Start train
<dgl.distributed.nn.pytorch.sparse_emb.DistEmbedding object at 0x7f4d19fd6a30>
Start train
optimize DGL sparse embedding: <dgl.distributed.nn.pytorch.sparse_emb.DistEmbedding object at 0x7fbe4097d610>
Start train
optimize DGL sparse embedding: <dgl.distributed.nn.pytorch.sparse_emb.DistEmbedding object at 0x7fe8d801ff10>
Start train
optimize DGL sparse embedding: <dgl.distributed.nn.pytorch.sparse_emb.DistEmbedding object at 0x7f9b3560aeb0>
Start train
optimize DGL sparse embedding: <dgl.distributed.nn.pytorch.sparse_emb.DistEmbedding object at 0x7f592d635a00>
optimize DGL sparse embedding:optimize DGL sparse embedding:  Start train
optimize DGL sparse embedding:<dgl.distributed.nn.pytorch.sparse_emb.DistEmbedding object at 0x7fb6754f2610><dgl.distributed.nn.pytorch.sparse_emb.DistEmbedding object at 0x7f313a979f10>

Start trainStart train

optimize DGL sparse embedding: <dgl.distributed.nn.pytorch.sparse_emb.DistEmbedding object at 0x7f61c7030be0>
Start train
 <dgl.distributed.nn.pytorch.sparse_emb.DistEmbedding object at 0x7f17b8079880>
Start train
optimize DGL sparse embedding: <dgl.distributed.nn.pytorch.sparse_emb.DistEmbedding object at 0x7f8ab387d820>
optimize DGL sparse embedding: <dgl.distributed.nn.pytorch.sparse_emb.DistEmbedding object at 0x7fab10030a60>
Start train
Start train
optimize DGL sparse embedding: <dgl.distributed.nn.pytorch.sparse_emb.DistEmbedding object at 0x7f991f0975e0>
Start train
optimize DGL sparse embedding: optimize DGL sparse embedding: <dgl.distributed.nn.pytorch.sparse_emb.DistEmbedding object at 0x7f4e0192c130><dgl.distributed.nn.pytorch.sparse_emb.DistEmbedding object at 0x7f891ee019d0>
Start train

Start train
optimize DGL sparse embedding: <dgl.distributed.nn.pytorch.sparse_emb.DistEmbedding object at 0x7f43975ee190>
Start train
optimize DGL sparse embedding: <dgl.distributed.nn.pytorch.sparse_emb.DistEmbedding object at 0x7f44c001a790>
Start train
optimize DGL sparse embedding: <dgl.distributed.nn.pytorch.sparse_emb.DistEmbedding object at 0x7f7c5bb57490>
Start train
Part 31 | Epoch 00000 | Step 00000 | Loss 4.4048 | Train Acc 0.0050 | Speed (samples/sec) nan | GPU 2172.8 MB | time 3.146 s
Part 30 | Epoch 00000 | Step 00000 | Loss 4.3110 | Train Acc 0.0100 | Speed (samples/sec) nan | GPU 2200.6 MB | time 3.179 s
Part 26 | Epoch 00000 | Step 00000 | Loss 4.3329 | Train Acc 0.0080 | Speed (samples/sec) nan | GPU 2216.2 MB | time 3.179 s
Part 27 | Epoch 00000 | Step 00000 | Loss 4.3104 | Train Acc 0.0050 | Speed (samples/sec) nan | GPU 2163.0 MB | time 3.179 s
Part 28 | Epoch 00000 | Step 00000 | Loss 4.2046 | Train Acc 0.0100 | Speed (samples/sec) nan | GPU 2178.6 MB | time 3.179 s
Part 24 | Epoch 00000 | Step 00000 | Loss 4.3175 | Train Acc 0.0120 | Speed (samples/sec) nan | GPU 2178.7 MB | time 3.179 s
Part 25 | Epoch 00000 | Step 00000 | Loss 4.2085 | Train Acc 0.0110 | Speed (samples/sec) nan | GPU 2178.5 MB | time 3.179 s
Part 9 | Epoch 00000 | Step 00000 | Loss 4.5388 | Train Acc 0.0170 | Speed (samples/sec) nan | GPU 2043.2 MB | time 3.180 s
Part 16 | Epoch 00000 | Step 00000 | Loss 5.0448 | Train Acc 0.0030 | Speed (samples/sec) nan | GPU 1990.6 MB | time 3.181 s
Part 29 | Epoch 00000 | Step 00000 | Loss 4.3237 | Train Acc 0.0050 | Speed (samples/sec) nan | GPU 2192.4 MB | time 3.182 s
Part 22 | Epoch 00000 | Step 00000 | Loss 5.0710 | Train Acc 0.0030 | Speed (samples/sec) nan | GPU 2039.4 MB | time 3.182 s
Part 10 | Epoch 00000 | Step 00000 | Loss 4.5795 | Train Acc 0.0170 | Speed (samples/sec) nan | GPU 2035.5 MB | time 3.182 s
Part 19 | Epoch 00000 | Step 00000 | Loss 5.0234 | Train Acc 0.0020 | Speed (samples/sec) nan | GPU 2012.7 MB | time 3.184 s
Part 21 | Epoch 00000 | Step 00000 | Loss 5.0215 | Train Acc 0.0050 | Speed (samples/sec) nan | GPU 2015.1 MB | time 3.186 s
Part 18 | Epoch 00000 | Step 00000 | Loss 5.1098 | Train Acc 0.0030 | Speed (samples/sec) nan | GPU 2012.5 MB | time 3.188 s
Part 20 | Epoch 00000 | Step 00000 | Loss 4.9717 | Train Acc 0.0020 | Speed (samples/sec) nan | GPU 2023.8 MB | time 3.188 s
Part 14 | Epoch 00000 | Step 00000 | Loss 4.5126 | Train Acc 0.0190 | Speed (samples/sec) nan | GPU 2064.2 MB | time 3.194 s
Part 15 | Epoch 00000 | Step 00000 | Loss 4.5798 | Train Acc 0.0190 | Speed (samples/sec) nan | GPU 2071.4 MB | time 3.194 s
Part 13 | Epoch 00000 | Step 00000 | Loss 4.5989 | Train Acc 0.0090 | Speed (samples/sec) nan | GPU 2067.8 MB | time 3.194 s
Part 11 | Epoch 00000 | Step 00000 | Loss 4.5608 | Train Acc 0.0140 | Speed (samples/sec) nan | GPU 2085.2 MB | time 3.194 s
Part 17 | Epoch 00000 | Step 00000 | Loss 5.1442 | Train Acc 0.0040 | Speed (samples/sec) nan | GPU 2026.3 MB | time 3.195 s
Part 12 | Epoch 00000 | Step 00000 | Loss 4.4822 | Train Acc 0.0140 | Speed (samples/sec) nan | GPU 2071.4 MB | time 3.195 s
Part 23 | Epoch 00000 | Step 00000 | Loss 5.0195 | Train Acc 0.0060 | Speed (samples/sec) nan | GPU 2025.0 MB | time 3.196 s
Part 7 | Epoch 00000 | Step 00000 | Loss 4.1934 | Train Acc 0.0130 | Speed (samples/sec) nan | GPU 2012.4 MB | time 3.196 s
Part 8 | Epoch 00000 | Step 00000 | Loss 4.4959 | Train Acc 0.0160 | Speed (samples/sec) nan | GPU 2047.4 MB | time 3.197 s
Part 4 | Epoch 00000 | Step 00000 | Loss 4.1364 | Train Acc 0.0150 | Speed (samples/sec) nan | GPU 1974.5 MB | time 3.198 s
Part 0 | Epoch 00000 | Step 00000 | Loss 4.1917 | Train Acc 0.0160 | Speed (samples/sec) nan | GPU 1990.8 MB | time 3.199 s
Part 5 | Epoch 00000 | Step 00000 | Loss 4.0935 | Train Acc 0.0190 | Speed (samples/sec) nan | GPU 1985.1 MB | time 3.200 s
Part 6 | Epoch 00000 | Step 00000 | Loss 4.0764 | Train Acc 0.0230 | Speed (samples/sec) nan | GPU 1973.7 MB | time 3.201 s
Part 1 | Epoch 00000 | Step 00000 | Loss 4.1288 | Train Acc 0.0170 | Speed (samples/sec) nan | GPU 2021.1 MB | time 3.202 s
Part 2 | Epoch 00000 | Step 00000 | Loss 4.0384 | Train Acc 0.0220 | Speed (samples/sec) nan | GPU 1994.7 MB | time 3.205 s
Part 3 | Epoch 00000 | Step 00000 | Loss 4.1707 | Train Acc 0.0230 | Speed (samples/sec) nan | GPU 2019.9 MB | time 3.205 s
Avg train acc 0.0115
=====================
Part 7, Epoch Time(s): 15.2272
Sampling Time(s): 0.4330
Loading Time(s): 4.0530
Forward Time(s): 0.7496
Backward Time(s): 1.7233
Update Time(s): 0.0650
Emb Update Time(s): 8.1693
#seeds: 6144
#inputs: 1938092
=====================
=====================
Part 5, Epoch Time(s): 15.2283
Sampling Time(s): 0.3565
Loading Time(s): 2.6527
Forward Time(s): 0.8759
Backward Time(s): 3.0369
Update Time(s): 0.0634
Emb Update Time(s): 8.2118
#seeds: 6145
#inputs: 1928096
=====================
=====================
Part 6, Epoch Time(s): 15.2279
Sampling Time(s): 0.4250
Loading Time(s): 4.0020
Forward Time(s): 0.7809
Backward Time(s): 1.7148
Update Time(s): 0.0650
Emb Update Time(s): 8.2102
#seeds: 6144
#inputs: 1926853
==========================================
Part 23, Epoch Time(s): 15.2274
Sampling Time(s): 0.3226
Loading Time(s): 4.4849
Forward Time(s): 0.3248
Backward Time(s): 1.7940
Update Time(s): 0.0538
Emb Update Time(s): 8.2135
#seeds: 6144
#inputs: 1927604
=====================
=====================
Part 21, Epoch Time(s): 15.2285
Sampling Time(s): 0.4325
Loading Time(s): 4.1523
Forward Time(s): 0.3553
Backward Time(s): 2.0075
Update Time(s): 0.0730
Emb Update Time(s): 8.1627
#seeds: 6145
#inputs: 1939104
=====================
=====================
Part 22, Epoch Time(s): 15.2278
Sampling Time(s): 0.4194
Loading Time(s): 4.3385
Forward Time(s): 0.3722
Backward Time(s): 1.8158
Update Time(s): 0.0680
Emb Update Time(s): 8.1658
#seeds: 6145
#inputs: 1930766
=====================
=====================
Part 27, Epoch Time(s): 15.2290
Sampling Time(s): 0.4071
Loading Time(s): 3.9837
Forward Time(s): 0.6257
Backward Time(s): 1.9032
Update Time(s): 0.0643
Emb Update Time(s): 8.1925
#seeds: 6144
#inputs: 1962990
=====================

=====================
Part 2, Epoch Time(s): 15.2278
Sampling Time(s): 0.4209
Loading Time(s): 2.9228
Forward Time(s): 1.0768
Backward Time(s): 2.4955
Update Time(s): 0.0669
Emb Update Time(s): 8.2191
#seeds: 6144
#inputs: 1938111
==========================================
Part 1, Epoch Time(s): 15.2282
Sampling Time(s): 0.4408
Loading Time(s): 3.4502
Forward Time(s): 0.8637
Backward Time(s): 2.1626
Update Time(s): 0.0633
Emb Update Time(s): 8.2181
#seeds: 6144
#inputs: 1934360
=====================
=====================
Part 3, Epoch Time(s): 15.2280
Sampling Time(s): 0.4425
Loading Time(s): 3.7626
Forward Time(s): 0.8859
Backward Time(s): 1.8220
Update Time(s): 0.0664
Emb Update Time(s): 8.2224
#seeds: 6144
#inputs: 1933999
=====================
=====================
Part 4, Epoch Time(s): 15.2271
Sampling Time(s): 0.4614
Loading Time(s): 2.4517
Forward Time(s): 0.9409
Backward Time(s): 3.0752
Update Time(s): 0.0667
Emb Update Time(s): 8.1989
#seeds: 6145
#inputs: 1920749
=====================

=====================
Part 0, Epoch Time(s): 15.2262
Sampling Time(s): 0.4138
Loading Time(s): 2.6586
Forward Time(s): 1.0390
Backward Time(s): 2.8461
Update Time(s): 0.0638
Emb Update Time(s): 8.1764
#seeds: 6144
#inputs: 1922608
=====================
=====================
Part 26, Epoch Time(s): 15.2279
Sampling Time(s): 0.4320
Loading Time(s): 4.7227
Forward Time(s): 0.5494
Backward Time(s): 1.2217
Update Time(s): 0.0642
Emb Update Time(s): 8.1875
#seeds: 6145
#inputs: 1982134
=====================
=====================
Part 30, Epoch Time(s): 15.2285
Sampling Time(s): 0.4006
Loading Time(s): 4.6287
Forward Time(s): 0.5145
Backward Time(s): 1.3882
Update Time(s): 0.0645
Emb Update Time(s): 8.1803
#seeds: 6144
#inputs: 1976595
==========================================
Part 31, Epoch Time(s): 15.2269
Sampling Time(s): 0.3384
Loading Time(s): 4.2984
Forward Time(s): 0.5431
Backward Time(s): 1.7672
Update Time(s): 0.0656
Emb Update Time(s): 8.1318
#seeds: 6144
#inputs: 1972483
==========================================
Part 19, Epoch Time(s): 15.2281
Sampling Time(s): 0.4360
Loading Time(s): 4.1603
Forward Time(s): 0.3631
Backward Time(s): 1.9815
Update Time(s): 0.0636
Emb Update Time(s): 8.1773
#seeds: 6144
#inputs: 1932342
==========================================
Part 17, Epoch Time(s): 15.2287
Sampling Time(s): 0.4529
Loading Time(s): 4.9481
Forward Time(s): 0.4856
Backward Time(s): 1.0541
Update Time(s): 0.0612
Emb Update Time(s): 8.1905
#seeds: 6144
#inputs: 1942717
==========================================
Part 16, Epoch Time(s): 15.2270
Sampling Time(s): 0.4499
Loading Time(s): 4.2164
Forward Time(s): 0.3298
Backward Time(s): 1.9567
Update Time(s): 0.0534
Emb Update Time(s): 8.1721
#seeds: 6144
#inputs: 1912298
==========================================
Part 14, Epoch Time(s): 15.2280
Sampling Time(s): 0.3700
Loading Time(s): 4.6982
Forward Time(s): 0.5144
Backward Time(s): 1.3520
Update Time(s): 0.0421
Emb Update Time(s): 8.2145
#seeds: 6144
#inputs: 2031399
=====================
=====================
Part 11, Epoch Time(s): 15.2285
Sampling Time(s): 0.4182
Loading Time(s): 3.7683
Forward Time(s): 0.7890
Backward Time(s): 1.9599
Update Time(s): 0.0701
Emb Update Time(s): 8.1859
#seeds: 6144
#inputs: 2036602
=====================
=====================
Part 15, Epoch Time(s): 15.2266
Sampling Time(s): 0.4717
Loading Time(s): 4.8378
Forward Time(s): 0.4852
Backward Time(s): 1.1576
Update Time(s): 0.0666
Emb Update Time(s): 8.1729
#seeds: 6144
#inputs: 2043072
=====================
=====================
Part 13, Epoch Time(s): 15.2285
Sampling Time(s): 0.3559
Loading Time(s): 5.1654
Forward Time(s): 0.3387
Backward Time(s): 1.0582
Update Time(s): 0.0554
Emb Update Time(s): 8.2176
#seeds: 6144
#inputs: 2043275
=====================
=====================
Part 12, Epoch Time(s): 15.2275
Sampling Time(s): 0.3747
Loading Time(s): 4.3642
Forward Time(s): 0.3696
Backward Time(s): 1.8382
Update Time(s): 0.0761
Emb Update Time(s): 8.1691
#seeds: 6145
#inputs: 2036709
=====================
=====================
Part 29, Epoch Time(s): 15.2289
Sampling Time(s): 0.4127
Loading Time(s): 4.0216
Forward Time(s): 0.5537
Backward Time(s): 1.9311
Update Time(s): 0.0654
Emb Update Time(s): 8.1958
#seeds: 6144
#inputs: 1962939
=====================
=====================
Part 24, Epoch Time(s): 15.2269
Sampling Time(s): 0.4295
Loading Time(s): 3.4530
Forward Time(s): 0.7391
Backward Time(s): 2.3262
Update Time(s): 0.0677
Emb Update Time(s): 8.1616
#seeds: 6144
#inputs: 1980530
=====================


=====================
Part 28, Epoch Time(s): 15.2282
Sampling Time(s): 0.4546
Loading Time(s): 4.1602
Forward Time(s): 0.5723
Backward Time(s): 1.7247
Update Time(s): 0.0646
Emb Update Time(s): 8.2099
#seeds: 6144
#inputs: 1965810
==========================================
Part 9, Epoch Time(s): 15.2289
Sampling Time(s): 0.4671
Loading Time(s): 3.7319
Forward Time(s): 0.6619
Backward Time(s): 2.0795
Update Time(s): 0.0758
Emb Update Time(s): 8.1612
#seeds: 6145
#inputs: 2041649
==========================================
Part 8, Epoch Time(s): 15.2266
Sampling Time(s): 0.4413
Loading Time(s): 4.1495
Forward Time(s): 0.6751
Backward Time(s): 1.6583
Update Time(s): 0.0695
Emb Update Time(s): 8.1995
#seeds: 6144
#inputs: 2038313
=====================

=====================
Part 10, Epoch Time(s): 15.2272
Sampling Time(s): 0.4879
Loading Time(s): 4.6854
Forward Time(s): 0.6182
Backward Time(s): 1.1286
Update Time(s): 0.0658
Emb Update Time(s): 8.1933
#seeds: 6144
#inputs: 2020848
=====================
=====================
Part 20, Epoch Time(s): 15.2270
Sampling Time(s): 0.4328
Loading Time(s): 3.6965
Forward Time(s): 0.4270
Backward Time(s): 2.3968
Update Time(s): 0.0619
Emb Update Time(s): 8.1705
#seeds: 6144
#inputs: 1940119
=====================
=====================
Part 18, Epoch Time(s): 15.2283
Sampling Time(s): 0.4511
Loading Time(s): 3.7539
Forward Time(s): 0.4196
Backward Time(s): 2.3386
Update Time(s): 0.0682
Emb Update Time(s): 8.1546
#seeds: 6144
#inputs: 1944742
=====================




=====================
Part 25, Epoch Time(s): 15.2287
Sampling Time(s): 0.4314
Loading Time(s): 3.3877
Forward Time(s): 0.6551
Backward Time(s): 2.4672
Update Time(s): 0.0648
Emb Update Time(s): 8.1711
#seeds: 6144
#inputs: 1972862
=====================
Part 28, Val Acc 0.6338, Test Acc 0.4553, time: 77.1156
Part 26, Val Acc 0.6298, Test Acc 0.4524, time: 80.1334
Part 31, Val Acc 0.6249, Test Acc 0.4549, time: 80.1895
Part 25, Val Acc 0.6241, Test Acc 0.4502, time: 83.7534
Part 24, Val Acc 0.6344, Test Acc 0.4509, time: 85.8203
Part 27, Val Acc 0.6550, Test Acc 0.4537, time: 87.6251
Part 30, Val Acc 0.6688, Test Acc 0.4513, time: 88.5453
Part 29, Val Acc 0.6384, Test Acc 0.4498, time: 90.2899
Part 17, Val Acc 0.6932, Test Acc 0.4732, time: 110.3040
Part 18, Val Acc 0.6924, Test Acc 0.4683, time: 110.3392
Part 20, Val Acc 0.6778, Test Acc 0.4703, time: 110.3733
Part 21, Val Acc 0.6941, Test Acc 0.4701, time: 110.4377
Part 3, Val Acc 0.8015, Test Acc 0.6912, time: 110.8839
Part 1, Val Acc 0.7990, Test Acc 0.6928, time: 110.8962
Part 6, Val Acc 0.8225, Test Acc 0.6934, time: 110.9158
Part 22, Val Acc 0.6819, Test Acc 0.4689, time: 110.9160
Part 16, Val Acc 0.6824, Test Acc 0.4675, time: 110.9165
Part 19, Val Acc 0.6924, Test Acc 0.4715, time: 110.9191
Part 23, Val Acc 0.6819, Test Acc 0.4700, time: 110.9268
Part 7, Val Acc 0.8063, Test Acc 0.6890, time: 110.9720
Part 2, Val Acc 0.8080, Test Acc 0.6922, time: 111.0975
Part 12, Val Acc 0.7258, Test Acc 0.5544, time: 111.1005
Part 0, Val Acc 0.7974, Test Acc 0.6917, time: 111.1043
Part 4, Val Acc 0.8023, Test Acc 0.6913, time: 111.1934
Part 10, Val Acc 0.7451, Test Acc 0.5502, time: 111.2991
Part 5, Val Acc 0.7933, Test Acc 0.6919, time: 111.3161
Part 9, Val Acc 0.7364, Test Acc 0.5520, time: 111.5770
Part 15, Val Acc 0.7193, Test Acc 0.5534, time: 111.5799
Part 11, Val Acc 0.7038, Test Acc 0.5517, time: 111.6224
Part 8, Val Acc 0.7372, Test Acc 0.5499, time: 111.6305
Part 14, Val Acc 0.7413, Test Acc 0.5472, time: 111.6690
Part 13, Val Acc 0.7128, Test Acc 0.5490, time: 111.7809
All parts avg val acc 0.7143, test acc 0.5412
Part 19 | Epoch 00001 | Step 00000 | Loss 2.0781 | Train Acc 0.5360 | Speed (samples/sec) 383.3574 | GPU 2049.9 MB | time 2.760 s
Part 12 | Epoch 00001 | Step 00000 | Loss 1.8684 | Train Acc 0.6050 | Speed (samples/sec) 382.8819 | GPU 2076.3 MB | time 2.761 s
Part 13 | Epoch 00001 | Step 00000 | Loss 1.8742 | Train Acc 0.5780 | Speed (samples/sec) 382.9749 | GPU 2116.3 MB | time 2.762 s
Part 18 | Epoch 00001 | Step 00000 | Loss 2.1440 | Train Acc 0.4860 | Speed (samples/sec) 382.8922 | GPU 2050.6 MB | time 2.762 s
Part 21 | Epoch 00001 | Step 00000 | Loss 2.1200 | Train Acc 0.5000 | Speed (samples/sec) 383.4619 | GPU 2053.2 MB | time 2.762 s
Part 8 | Epoch 00001 | Step 00000 | Loss 1.8704 | Train Acc 0.5760 | Speed (samples/sec) 382.8127 | GPU 2088.6 MB | time 2.762 s
Part 24 | Epoch 00001 | Step 00000 | Loss 1.9349 | Train Acc 0.5610 | Speed (samples/sec) 382.6958 | GPU 2201.2 MB | time 2.765 s
Part 5 | Epoch 00001 | Step 00000 | Loss 1.7048 | Train Acc 0.6220 | Speed (samples/sec) 383.1776 | GPU 2014.0 MB | time 2.764 s
Part 22 | Epoch 00001 | Step 00000 | Loss 2.1177 | Train Acc 0.4920 | Speed (samples/sec) 383.2367 | GPU 2046.5 MB | time 2.766 s
Part 17 | Epoch 00001 | Step 00000 | Loss 2.1189 | Train Acc 0.5140 | Speed (samples/sec) 383.0733 | GPU 2054.8 MB | time 2.765 s
Part 15 | Epoch 00001 | Step 00000 | Loss 1.8800 | Train Acc 0.5880 | Speed (samples/sec) 382.9229 | GPU 2086.2 MB | time 2.766 s
Part 11 | Epoch 00001 | Step 00000 | Loss 1.8206 | Train Acc 0.6200 | Speed (samples/sec) 382.4316 | GPU 2097.5 MB | time 2.767 s
Part 16 | Epoch 00001 | Step 00000 | Loss 2.0493 | Train Acc 0.5370 | Speed (samples/sec) 382.8167 | GPU 2031.8 MB | time 2.766 s
Part 20 | Epoch 00001 | Step 00000 | Loss 2.1397 | Train Acc 0.5070 | Speed (samples/sec) 382.7751 | GPU 2046.9 MB | time 2.767 s
Part 3 | Epoch 00001 | Step 00000 | Loss 1.6908 | Train Acc 0.6130 | Speed (samples/sec) 383.0093 | GPU 2020.2 MB | time 2.767 s
Part 7 | Epoch 00001 | Step 00000 | Loss 1.7109 | Train Acc 0.6200 | Speed (samples/sec) 382.3975 | GPU 2025.9 MB | time 2.767 s
Part 4 | Epoch 00001 | Step 00000 | Loss 1.6094 | Train Acc 0.6660 | Speed (samples/sec) 382.9746 | GPU 2009.1 MB | time 2.768 s
Part 14 | Epoch 00001 | Step 00000 | Loss 1.9454 | Train Acc 0.5710 | Speed (samples/sec) 382.7810 | GPU 2089.5 MB | time 2.768 s
Part 9 | Epoch 00001 | Step 00000 | Loss 1.8094 | Train Acc 0.6250 | Speed (samples/sec) 383.0045 | GPU 2097.0 MB | time 2.768 s
Part 6 | Epoch 00001 | Step 00000 | Loss 1.6688 | Train Acc 0.6100 | Speed (samples/sec) 382.9047 | GPU 2011.2 MB | time 2.767 s
Part 31 | Epoch 00001 | Step 00000 | Loss 1.9710 | Train Acc 0.5410 | Speed (samples/sec) 382.6640 | GPU 2211.4 MB | time 2.769 s
Part 2 | Epoch 00001 | Step 00000 | Loss 1.6829 | Train Acc 0.6150 | Speed (samples/sec) 382.8276 | GPU 2037.7 MB | time 2.768 s
Part 1 | Epoch 00001 | Step 00000 | Loss 1.6786 | Train Acc 0.6320 | Speed (samples/sec) 382.9702 | GPU 2032.4 MB | time 2.769 s
Part 29 | Epoch 00001 | Step 00000 | Loss 1.8715 | Train Acc 0.5870 | Speed (samples/sec) 382.9824 | GPU 2192.4 MB | time 2.772 s
Part 26 | Epoch 00001 | Step 00000 | Loss 1.9367 | Train Acc 0.5390 | Speed (samples/sec) 383.0943 | GPU 2216.2 MB | time 2.773 s
Part 10 | Epoch 00001 | Step 00000 | Loss 1.9237 | Train Acc 0.5810 | Speed (samples/sec) 383.0020 | GPU 2079.9 MB | time 2.767 s
Part 30 | Epoch 00001 | Step 00000 | Loss 1.9757 | Train Acc 0.5520 | Speed (samples/sec) 382.6667 | GPU 2207.4 MB | time 2.774 s
Part 25 | Epoch 00001 | Step 00000 | Loss 1.8779 | Train Acc 0.5650 | Speed (samples/sec) 382.6914 | GPU 2209.1 MB | time 2.775 s
Part 28 | Epoch 00001 | Step 00000 | Loss 1.8847 | Train Acc 0.5620 | Speed (samples/sec) 382.1165 | GPU 2192.1 MB | time 2.775 s
Part 0 | Epoch 00001 | Step 00000 | Loss 1.7044 | Train Acc 0.6220 | Speed (samples/sec) 382.2670 | GPU 2022.9 MB | time 2.778 s
Part 23 | Epoch 00001 | Step 00000 | Loss 2.1846 | Train Acc 0.5000 | Speed (samples/sec) 382.9184 | GPU 2035.7 MB | time 2.777 s
Part 27 | Epoch 00001 | Step 00000 | Loss 1.9281 | Train Acc 0.5510 | Speed (samples/sec) 382.9690 | GPU 2198.7 MB | time 2.778 s
Avg train acc 0.5711
=====================
Part 31, Epoch Time(s): 14.0883
Sampling Time(s): 0.3299
Loading Time(s): 4.4044
Forward Time(s): 0.1277
Backward Time(s): 1.3784
Update Time(s): 0.0086
Emb Update Time(s): 7.8092
#seeds: 6144
#inputs: 1975893
=====================
=====================
Part 30, Epoch Time(s): 14.0899
Sampling Time(s): 0.2847
Loading Time(s): 3.8247
Forward Time(s): 0.1265
Backward Time(s): 2.0120
Update Time(s): 0.0086
Emb Update Time(s): 7.8068
#seeds: 6144
#inputs: 1976357
==========================================
Part 27, Epoch Time(s): 14.0895
Sampling Time(s): 0.2961
Loading Time(s): 3.9252
Forward Time(s): 0.1246
Backward Time(s): 1.8648
Update Time(s): 0.0086
Emb Update Time(s): 7.8469
#seeds: 6144
#inputs: 1966045
=====================

=====================
Part 28, Epoch Time(s): 14.0880
Sampling Time(s): 0.3216
Loading Time(s): 4.0427
Forward Time(s): 0.1337
Backward Time(s): 1.7172
Update Time(s): 0.0099
Emb Update Time(s): 7.8449
#seeds: 6144
#inputs: 1964933
==========================================
Part 26, Epoch Time(s): 14.0893
Sampling Time(s): 0.3148
Loading Time(s): 3.8845
Forward Time(s): 0.1370
Backward Time(s): 1.9443
Update Time(s): 0.0102
Emb Update Time(s): 7.7704
#seeds: 6145
#inputs: 1973887
=====================

=====================
Part 29, Epoch Time(s): 14.0904
Sampling Time(s): 0.3342
Loading Time(s): 4.3495
Forward Time(s): 0.1285
Backward Time(s): 1.3893
Update Time(s): 0.0091
Emb Update Time(s): 7.8500
#seeds: 6144
#inputs: 1959148
==========================================
Part 4, Epoch Time(s): 14.0863
Sampling Time(s): 0.2902
Loading Time(s): 2.5600
Forward Time(s): 0.1272
Backward Time(s): 3.2678
Update Time(s): 0.0083
Emb Update Time(s): 7.8013
#seeds: 6145
#inputs: 1921475
==========================================
Part 3, Epoch Time(s): 14.0871
Sampling Time(s): 0.3459
Loading Time(s): 3.5953
Forward Time(s): 0.1244
Backward Time(s): 2.1690
Update Time(s): 0.0083
Emb Update Time(s): 7.8109
#seeds: 6144
#inputs: 1932923
=====================

=====================
Part 6, Epoch Time(s): 14.0871
Sampling Time(s): 0.3700
Loading Time(s): 3.4570
Forward Time(s): 0.1289
Backward Time(s): 2.2738
Update Time(s): 0.0102
Emb Update Time(s): 7.8248
#seeds: 6144
#inputs: 1928581
=====================
=====================
Part 2, Epoch Time(s): 14.0868
Sampling Time(s): 0.4047
Loading Time(s): 2.5786
Forward Time(s): 0.1271
Backward Time(s): 3.1195
Update Time(s): 0.0099
Emb Update Time(s): 7.8153
#seeds: 6144
#inputs: 1933933
==========================================
Part 25, Epoch Time(s): 14.0896
Sampling Time(s): 0.3960
Loading Time(s): 3.8653
Forward Time(s): 0.1272
Backward Time(s): 1.8346
Update Time(s): 0.0247
Emb Update Time(s): 7.8154
#seeds: 6144
#inputs: 1964158
=====================

=====================
Part 15, Epoch Time(s): 14.0861
Sampling Time(s): 0.3832
Loading Time(s): 4.6079
Forward Time(s): 0.1273
Backward Time(s): 1.1146
Update Time(s): 0.0083
Emb Update Time(s): 7.8128
#seeds: 6144
#inputs: 2047661
=====================
=====================
Part 11, Epoch Time(s): 14.0880
Sampling Time(s): 0.2872
Loading Time(s): 4.2579
Forward Time(s): 0.1278
Backward Time(s): 1.5643
Update Time(s): 0.0081
Emb Update Time(s): 7.8090
#seeds: 6144
#inputs: 2041248
=====================
=====================
Part 10, Epoch Time(s): 14.0881
Sampling Time(s): 0.3752
Loading Time(s): 3.8679
Forward Time(s): 0.1259
Backward Time(s): 1.8730
Update Time(s): 0.0183
Emb Update Time(s): 7.7944
#seeds: 6144
#inputs: 2029135
==========================================
Part 13, Epoch Time(s): 14.0887
Sampling Time(s): 0.3851
Loading Time(s): 4.8226
Forward Time(s): 0.1285
Backward Time(s): 0.9088
Update Time(s): 0.0079
Emb Update Time(s): 7.7964
#seeds: 6144
#inputs: 2046316
==========================================
Part 14, Epoch Time(s): 14.0885
Sampling Time(s): 0.4165
Loading Time(s): 4.2775
Forward Time(s): 0.1308
Backward Time(s): 1.4027
Update Time(s): 0.0095
Emb Update Time(s): 7.8190
#seeds: 6144
#inputs: 2027881
==========================================
Part 22, Epoch Time(s): 14.0890
Sampling Time(s): 0.3192
Loading Time(s): 5.1715
Forward Time(s): 0.1227
Backward Time(s): 0.6337
Update Time(s): 0.0077
Emb Update Time(s): 7.7993
#seeds: 6145
#inputs: 1923525
==========================================
Part 19, Epoch Time(s): 14.0882
Sampling Time(s): 0.3328
Loading Time(s): 4.4632
Forward Time(s): 0.1395
Backward Time(s): 1.3097
Update Time(s): 0.0130
Emb Update Time(s): 7.7898
#seeds: 6144
#inputs: 1934421
=====================

=====================
Part 18, Epoch Time(s): 14.0883
Sampling Time(s): 0.2718
Loading Time(s): 3.8478
Forward Time(s): 0.1333
Backward Time(s): 2.0044
Update Time(s): 0.0081
Emb Update Time(s): 7.7842
#seeds: 6144
#inputs: 1940083
=====================
=====================
Part 17, Epoch Time(s): 14.0883
Sampling Time(s): 0.4094
Loading Time(s): 3.8592
Forward Time(s): 0.1283
Backward Time(s): 1.8515
Update Time(s): 0.0094
Emb Update Time(s): 7.7953
#seeds: 6144
#inputs: 1947264
=====================
=====================
Part 20, Epoch Time(s): 14.0872
Sampling Time(s): 0.2638
Loading Time(s): 3.6233
Forward Time(s): 0.1275
Backward Time(s): 2.2294
Update Time(s): 0.0096
Emb Update Time(s): 7.8015
#seeds: 6144
#inputs: 1934510
==========================================
Part 16, Epoch Time(s): 14.0858
Sampling Time(s): 0.2893
Loading Time(s): 4.0551
Forward Time(s): 0.1272
Backward Time(s): 1.7730
Update Time(s): 0.0106
Emb Update Time(s): 7.7988
#seeds: 6144
#inputs: 1911560
=====================
=====================
Part 21, Epoch Time(s): 14.0888
Sampling Time(s): 0.4670
Loading Time(s): 4.5946
Forward Time(s): 0.1266
Backward Time(s): 1.0955
Update Time(s): 0.0089
Emb Update Time(s): 7.7577
#seeds: 6145
#inputs: 1934107
=====================


=====================
Part 1, Epoch Time(s): 14.0875
Sampling Time(s): 0.3736
Loading Time(s): 3.4652
Forward Time(s): 0.1254
Backward Time(s): 2.2700
Update Time(s): 0.0085
Emb Update Time(s): 7.8141
#seeds: 6144
#inputs: 1932314
=====================
=====================
Part 0, Epoch Time(s): 14.0882
Sampling Time(s): 0.3897
Loading Time(s): 2.4054
Forward Time(s): 0.1274
Backward Time(s): 3.3152
Update Time(s): 0.0088
Emb Update Time(s): 7.8201
#seeds: 6144
#inputs: 1926350
=====================
=====================
Part 24, Epoch Time(s): 14.0883
Sampling Time(s): 0.3794
Loading Time(s): 3.9450
Forward Time(s): 0.1309
Backward Time(s): 1.8085
Update Time(s): 0.0094
Emb Update Time(s): 7.7800
#seeds: 6144
#inputs: 1985596
=====================
=====================
Part 5, Epoch Time(s): 14.0876
Sampling Time(s): 0.2854
Loading Time(s): 2.9152
Forward Time(s): 0.1277
Backward Time(s): 2.9059
Update Time(s): 0.0086
Emb Update Time(s): 7.8083
#seeds: 6145
#inputs: 1925846
==========================================
Part 7, Epoch Time(s): 14.0865
Sampling Time(s): 0.3702
Loading Time(s): 3.3112
Forward Time(s): 0.1268
Backward Time(s): 2.4293
Update Time(s): 0.0083
Emb Update Time(s): 7.8088
#seeds: 6144
#inputs: 1938662
=====================




=====================
Part 12, Epoch Time(s): 14.0875
Sampling Time(s): 0.3769
Loading Time(s): 4.2218
Forward Time(s): 0.1300
Backward Time(s): 1.5071
Update Time(s): 0.0085
Emb Update Time(s): 7.8046
#seeds: 6145
#inputs: 2036000
==========================================
Part 9, Epoch Time(s): 14.0884
Sampling Time(s): 0.3178
Loading Time(s): 2.9002
Forward Time(s): 0.1291
Backward Time(s): 2.8983
Update Time(s): 0.0090
Emb Update Time(s): 7.8014
#seeds: 6145
#inputs: 2033961
=====================

=====================
Part 8, Epoch Time(s): 14.0869
Sampling Time(s): 0.3028
Loading Time(s): 3.4321
Forward Time(s): 0.1264
Backward Time(s): 2.3836
Update Time(s): 0.0083
Emb Update Time(s): 7.7967
#seeds: 6144
#inputs: 2043251
=====================
=====================
Part 23, Epoch Time(s): 14.0882
Sampling Time(s): 0.3349
Loading Time(s): 4.8878
Forward Time(s): 0.1252
Backward Time(s): 0.8720
Update Time(s): 0.0075
Emb Update Time(s): 7.8380
#seeds: 6144
#inputs: 1926327
=====================
Part 28, Val Acc 0.8145, Test Acc 0.6158, time: 82.1727
Part 25, Val Acc 0.8047, Test Acc 0.6122, time: 84.4529
Part 31, Val Acc 0.8308, Test Acc 0.6150, time: 85.3968
Part 26, Val Acc 0.8275, Test Acc 0.6150, time: 85.4007
Part 24, Val Acc 0.8249, Test Acc 0.6121, time: 88.3814
Part 27, Val Acc 0.8356, Test Acc 0.6137, time: 89.0464
Part 29, Val Acc 0.8249, Test Acc 0.6135, time: 90.2139
Part 30, Val Acc 0.8405, Test Acc 0.6139, time: 90.4442
Part 16, Val Acc 0.7060, Test Acc 0.5090, time: 99.0211
Part 22, Val Acc 0.7063, Test Acc 0.5101, time: 99.7058
Part 23, Val Acc 0.7111, Test Acc 0.5104, time: 101.0002
Part 19, Val Acc 0.7307, Test Acc 0.5130, time: 101.0027
Part 1, Val Acc 0.8470, Test Acc 0.7365, time: 102.4262
Part 3, Val Acc 0.8625, Test Acc 0.7346, time: 102.4591
Part 6, Val Acc 0.8738, Test Acc 0.7375, time: 103.4665
Part 7, Val Acc 0.8592, Test Acc 0.7327, time: 103.5185
Part 17, Val Acc 0.7193, Test Acc 0.5115, time: 105.8998
Part 13, Val Acc 0.7876, Test Acc 0.6282, time: 106.2798
Part 10, Val Acc 0.8249, Test Acc 0.6313, time: 106.9615
Part 15, Val Acc 0.7974, Test Acc 0.6300, time: 106.9737
Part 2, Val Acc 0.8527, Test Acc 0.7357, time: 107.4936
Part 14, Val Acc 0.8104, Test Acc 0.6253, time: 107.8476
Part 0, Val Acc 0.8397, Test Acc 0.7373, time: 107.9768
Part 20, Val Acc 0.7079, Test Acc 0.5099, time: 108.0529
Part 18, Val Acc 0.7185, Test Acc 0.5102, time: 108.2183
Part 21, Val Acc 0.7111, Test Acc 0.5118, time: 108.2352
Part 11, Val Acc 0.7860, Test Acc 0.6303, time: 108.4003
Part 4, Val Acc 0.8470, Test Acc 0.7370, time: 108.4217
Part 9, Val Acc 0.8120, Test Acc 0.6318, time: 108.4344
Part 12, Val Acc 0.7909, Test Acc 0.6306, time: 108.4955
Part 5, Val Acc 0.8527, Test Acc 0.7374, time: 108.5519
Part 8, Val Acc 0.8015, Test Acc 0.6290, time: 108.6260
All parts avg val acc 0.7987, test acc 0.6226
Part 19 | Epoch 00002 | Step 00000 | Loss 1.6305 | Train Acc 0.6480 | Speed (samples/sec) 408.1700 | GPU 2049.9 MB | time 2.515 s
Part 22 | Epoch 00002 | Step 00000 | Loss 1.5779 | Train Acc 0.6640 | Speed (samples/sec) 408.0507 | GPU 2046.5 MB | time 2.516 s
Part 17 | Epoch 00002 | Step 00000 | Loss 1.5525 | Train Acc 0.6350 | Speed (samples/sec) 407.8905 | GPU 2058.8 MB | time 2.516 s
Part 24 | Epoch 00002 | Step 00000 | Loss 1.1550 | Train Acc 0.7450 | Speed (samples/sec) 407.8052 | GPU 2205.3 MB | time 2.517 s
Part 18 | Epoch 00002 | Step 00000 | Loss 1.5649 | Train Acc 0.6420 | Speed (samples/sec) 407.7981 | GPU 2053.5 MB | time 2.518 s
Part 30 | Epoch 00002 | Step 00000 | Loss 1.1026 | Train Acc 0.7610 | Speed (samples/sec) 407.7614 | GPU 2207.4 MB | time 2.521 s
Part 26 | Epoch 00002 | Step 00000 | Loss 1.1033 | Train Acc 0.7590 | Speed (samples/sec) 407.9114 | GPU 2216.2 MB | time 2.521 s
Part 7 | Epoch 00002 | Step 00000 | Loss 0.9439 | Train Acc 0.8390 | Speed (samples/sec) 407.5910 | GPU 2025.9 MB | time 2.520 s
Part 5 | Epoch 00002 | Step 00000 | Loss 0.9465 | Train Acc 0.8450 | Speed (samples/sec) 408.0600 | GPU 2014.0 MB | time 2.520 s
Part 3 | Epoch 00002 | Step 00000 | Loss 0.9145 | Train Acc 0.8440 | Speed (samples/sec) 407.8574 | GPU 2020.2 MB | time 2.520 s
Part 11 | Epoch 00002 | Step 00000 | Loss 1.2723 | Train Acc 0.7810 | Speed (samples/sec) 407.4880 | GPU 2097.5 MB | time 2.521 s
Part 13 | Epoch 00002 | Step 00000 | Loss 1.2414 | Train Acc 0.7650 | Speed (samples/sec) 407.7039 | GPU 2116.3 MB | time 2.521 s
Part 10 | Epoch 00002 | Step 00000 | Loss 1.2970 | Train Acc 0.7580 | Speed (samples/sec) 407.7907 | GPU 2091.0 MB | time 2.521 s
Part 4 | Epoch 00002 | Step 00000 | Loss 0.9035 | Train Acc 0.8570 | Speed (samples/sec) 408.0303 | GPU 2009.4 MB | time 2.521 s
Part 6 | Epoch 00002 | Step 00000 | Loss 0.9215 | Train Acc 0.8460 | Speed (samples/sec) 407.4648 | GPU 2034.0 MB | time 2.521 s
Part 8 | Epoch 00002 | Step 00000 | Loss 1.2802 | Train Acc 0.7480 | Speed (samples/sec) 407.6952 | GPU 2090.3 MB | time 2.522 s
Part 2 | Epoch 00002 | Step 00000 | Loss 0.8603 | Train Acc 0.8530 | Speed (samples/sec) 407.7750 | GPU 2037.7 MB | time 2.521 s
Part 0 | Epoch 00002 | Step 00000 | Loss 0.8714 | Train Acc 0.8500 | Speed (samples/sec) 407.4647 | GPU 2023.1 MB | time 2.524 s
Part 20 | Epoch 00002 | Step 00000 | Loss 1.5649 | Train Acc 0.6430 | Speed (samples/sec) 407.6669 | GPU 2046.9 MB | time 2.523 s
Part 14 | Epoch 00002 | Step 00000 | Loss 1.2985 | Train Acc 0.7590 | Speed (samples/sec) 407.7082 | GPU 2091.0 MB | time 2.523 s
Part 21 | Epoch 00002 | Step 00000 | Loss 1.6118 | Train Acc 0.6260 | Speed (samples/sec) 407.9552 | GPU 2053.2 MB | time 2.524 s
Part 1 | Epoch 00002 | Step 00000 | Loss 0.9072 | Train Acc 0.8470 | Speed (samples/sec) 407.8012 | GPU 2032.4 MB | time 2.523 s
Part 15 | Epoch 00002 | Step 00000 | Loss 1.2811 | Train Acc 0.7590 | Speed (samples/sec) 407.7357 | GPU 2102.5 MB | time 2.524 s
Part 9 | Epoch 00002 | Step 00000 | Loss 1.2593 | Train Acc 0.7850 | Speed (samples/sec) 407.9235 | GPU 2097.0 MB | time 2.525 s
Part 12 | Epoch 00002 | Step 00000 | Loss 1.3106 | Train Acc 0.7380 | Speed (samples/sec) 407.8165 | GPU 2088.8 MB | time 2.526 s
Part 16 | Epoch 00002 | Step 00000 | Loss 1.5921 | Train Acc 0.6220 | Speed (samples/sec) 407.6661 | GPU 2031.8 MB | time 2.526 s
Part 25 | Epoch 00002 | Step 00000 | Loss 1.0745 | Train Acc 0.7710 | Speed (samples/sec) 407.6452 | GPU 2209.1 MB | time 2.527 s
Part 31 | Epoch 00002 | Step 00000 | Loss 1.1093 | Train Acc 0.7610 | Speed (samples/sec) 407.5485 | GPU 2211.4 MB | time 2.528 s
Part 28 | Epoch 00002 | Step 00000 | Loss 1.0950 | Train Acc 0.7670 | Speed (samples/sec) 407.1667 | GPU 2203.9 MB | time 2.531 s
Part 27 | Epoch 00002 | Step 00000 | Loss 1.0358 | Train Acc 0.7860 | Speed (samples/sec) 407.7922 | GPU 2214.4 MB | time 2.531 s
Part 29 | Epoch 00002 | Step 00000 | Loss 1.0074 | Train Acc 0.7950 | Speed (samples/sec) 407.7864 | GPU 2192.4 MB | time 2.532 s
Part 23 | Epoch 00002 | Step 00000 | Loss 1.5868 | Train Acc 0.6370 | Speed (samples/sec) 407.6017 | GPU 2035.7 MB | time 2.534 s
Avg train acc 0.7543
=====================
Part 6, Epoch Time(s): 13.4647
Sampling Time(s): 0.4037
Loading Time(s): 3.3035
Forward Time(s): 0.1236
Backward Time(s): 2.3984
Update Time(s): 0.0084
Emb Update Time(s): 7.1993
#seeds: 6144
#inputs: 1926637
=====================
=====================
Part 7, Epoch Time(s): 13.4633
Sampling Time(s): 0.2858
Loading Time(s): 3.4845
Forward Time(s): 0.1265
Backward Time(s): 2.3431
Update Time(s): 0.0083
Emb Update Time(s): 7.1859
#seeds: 6144
#inputs: 1942995
==========================================
Part 4, Epoch Time(s): 13.4632
Sampling Time(s): 0.3769
Loading Time(s): 3.2587
Forward Time(s): 0.1249
Backward Time(s): 2.4928
Update Time(s): 0.0081
Emb Update Time(s): 7.1659
#seeds: 6145
#inputs: 1917392
=====================

=====================
Part 2, Epoch Time(s): 13.4644
Sampling Time(s): 0.4037
Loading Time(s): 2.5288
Forward Time(s): 0.1257
Backward Time(s): 3.1799
Update Time(s): 0.0080
Emb Update Time(s): 7.1815
#seeds: 6144
#inputs: 1931537
==========================================
Part 0, Epoch Time(s): 13.4656
Sampling Time(s): 0.4331
Loading Time(s): 2.9557
Forward Time(s): 0.1266
Backward Time(s): 2.7345
Update Time(s): 0.0081
Emb Update Time(s): 7.1738
#seeds: 6144
#inputs: 1926082
==========================================
Part 1, Epoch Time(s): 13.4639
Sampling Time(s): 0.2844
Loading Time(s): 2.9995
Forward Time(s): 0.1350
Backward Time(s): 2.8093
Update Time(s): 0.0086
Emb Update Time(s): 7.1925
#seeds: 6144
#inputs: 1929378
=====================

=====================
Part 5, Epoch Time(s): 13.4648
Sampling Time(s): 0.3921
Loading Time(s): 3.9076
Forward Time(s): 0.1253
Backward Time(s): 1.8156
Update Time(s): 0.0081
Emb Update Time(s): 7.1778
#seeds: 6145
#inputs: 1932056
==========================================
Part 3, Epoch Time(s): 13.4635
Sampling Time(s): 0.3623
Loading Time(s): 3.1347
Forward Time(s): 0.1236
Backward Time(s): 2.6162
Update Time(s): 0.0080
Emb Update Time(s): 7.1820
#seeds: 6144
#inputs: 1932509
=====================


=====================
Part 22, Epoch Time(s): 13.4662
Sampling Time(s): 0.3763
Loading Time(s): 4.4972
Forward Time(s): 0.1246
Backward Time(s): 1.2541
Update Time(s): 0.0080
Emb Update Time(s): 7.1631
#seeds: 6145
#inputs: 1926260
==========================================
Part 20, Epoch Time(s): 13.4646
Sampling Time(s): 0.3349
Loading Time(s): 4.2698
Forward Time(s): 0.1247
Backward Time(s): 1.5052
Update Time(s): 0.0076
Emb Update Time(s): 7.1886
#seeds: 6144
#inputs: 1940068
==========================================
Part 23, Epoch Time(s): 13.4647
Sampling Time(s): 0.3878
Loading Time(s): 5.2340
Forward Time(s): 0.1246
Backward Time(s): 0.4882
Update Time(s): 0.0067
Emb Update Time(s): 7.1999
#seeds: 6144
#inputs: 1931031
=====================


=====================
Part 17, Epoch Time(s): 13.4654
Sampling Time(s): 0.3082
Loading Time(s): 3.4075
Forward Time(s): 0.1241
Backward Time(s): 2.3960
Update Time(s): 0.0078
Emb Update Time(s): 7.1796
#seeds: 6144
#inputs: 1946197
=====================
=====================
Part 21, Epoch Time(s): 13.4660
Sampling Time(s): 0.3530
Loading Time(s): 4.3745
Forward Time(s): 0.1286
Backward Time(s): 1.3632
Update Time(s): 0.0087
Emb Update Time(s): 7.2034
#seeds: 6145
#inputs: 1938273
==========================================
Part 16, Epoch Time(s): 13.4623
Sampling Time(s): 0.3929
Loading Time(s): 4.6539
Forward Time(s): 0.1245
Backward Time(s): 1.0607
Update Time(s): 0.0079
Emb Update Time(s): 7.1936
#seeds: 6144
#inputs: 1914939
=====================

=====================
Part 18, Epoch Time(s): 13.4659
Sampling Time(s): 0.3498
Loading Time(s): 4.0476
Forward Time(s): 0.1272
Backward Time(s): 1.7373
Update Time(s): 0.0083
Emb Update Time(s): 7.1550
#seeds: 6144
#inputs: 1939701
=====================
=====================
Part 19, Epoch Time(s): 13.4645
Sampling Time(s): 0.3855
Loading Time(s): 3.7864
Forward Time(s): 0.1280
Backward Time(s): 1.9744
Update Time(s): 0.0091
Emb Update Time(s): 7.1383
#seeds: 6144
#inputs: 1929742
=====================
=====================
Part 30, Epoch Time(s): 13.4671
Sampling Time(s): 0.4054
Loading Time(s): 4.7151
Forward Time(s): 0.1255
Backward Time(s): 0.9779
Update Time(s): 0.0082
Emb Update Time(s): 7.2065
#seeds: 6144
#inputs: 1978470
==========================================
Part 24, Epoch Time(s): 13.4642
Sampling Time(s): 0.3566
Loading Time(s): 3.2103
Forward Time(s): 0.1289
Backward Time(s): 2.5557
Update Time(s): 0.0090
Emb Update Time(s): 7.1637
#seeds: 6144
#inputs: 1979498
=====================
=====================
Part 29, Epoch Time(s): 13.4668
Sampling Time(s): 0.3645
Loading Time(s): 4.5034
Forward Time(s): 0.1314
Backward Time(s): 1.1977
Update Time(s): 0.0099
Emb Update Time(s): 7.2324
#seeds: 6144
#inputs: 1957129
=====================
=====================
Part 26, Epoch Time(s): 13.4669
Sampling Time(s): 0.3608
Loading Time(s): 4.6349
Forward Time(s): 0.1329
Backward Time(s): 1.0999
Update Time(s): 0.0074
Emb Update Time(s): 7.1926
#seeds: 6145
#inputs: 1969314
=====================
=====================
Part 31, Epoch Time(s): 13.4648
Sampling Time(s): 0.3534
Loading Time(s): 4.0842
Forward Time(s): 0.1274
Backward Time(s): 1.6704
Update Time(s): 0.0086
Emb Update Time(s): 7.1920
#seeds: 6144
#inputs: 1969275
=====================
=====================
Part 28, Epoch Time(s): 13.4653
Sampling Time(s): 0.4057
Loading Time(s): 3.9072
Forward Time(s): 0.1238
Backward Time(s): 1.7736
Update Time(s): 0.0083
Emb Update Time(s): 7.2299
#seeds: 6144
#inputs: 1958527
=====================
=====================
Part 27, Epoch Time(s): 13.4659
Sampling Time(s): 0.3022
Loading Time(s): 3.1655
Forward Time(s): 0.1243
Backward Time(s): 2.6225
Update Time(s): 0.0085
Emb Update Time(s): 7.2158
#seeds: 6144
#inputs: 1960854
=====================

=====================
Part 25, Epoch Time(s): 13.4665
Sampling Time(s): 0.3564
Loading Time(s): 4.1551
Forward Time(s): 0.1277
Backward Time(s): 1.5774
Update Time(s): 0.0085
Emb Update Time(s): 7.2100
#seeds: 6144
#inputs: 1965220
=====================
=====================
Part 14, Epoch Time(s): 13.4656
Sampling Time(s): 0.3500
Loading Time(s): 4.2498
Forward Time(s): 0.1273
Backward Time(s): 1.4951
Update Time(s): 0.0082
Emb Update Time(s): 7.1995
#seeds: 6144
#inputs: 2038529
==========================================
Part 15, Epoch Time(s): 13.4624
Sampling Time(s): 0.3142
Loading Time(s): 4.2123
Forward Time(s): 0.1280
Backward Time(s): 1.5717
Update Time(s): 0.0087
Emb Update Time(s): 7.1966
#seeds: 6144
#inputs: 2046737
=====================
=====================
Part 13, Epoch Time(s): 13.4655
Sampling Time(s): 0.3409
Loading Time(s): 4.3756
Forward Time(s): 0.1302
Backward Time(s): 1.3993
Update Time(s): 0.0083
Emb Update Time(s): 7.1737
#seeds: 6144
#inputs: 2047150
=====================

=====================
Part 12, Epoch Time(s): 13.4640
Sampling Time(s): 0.3286
Loading Time(s): 4.3673
Forward Time(s): 0.1272
Backward Time(s): 1.4199
Update Time(s): 0.0080
Emb Update Time(s): 7.1903
#seeds: 6145
#inputs: 2037715
==========================================
Part 11, Epoch Time(s): 13.4643
Sampling Time(s): 0.3837
Loading Time(s): 3.8321
Forward Time(s): 0.1375
Backward Time(s): 1.9193
Update Time(s): 0.0071
Emb Update Time(s): 7.1481
#seeds: 6144
#inputs: 2048690
=====================

=====================
Part 10, Epoch Time(s): 13.4653
Sampling Time(s): 0.3181
Loading Time(s): 3.9821
Forward Time(s): 0.1262
Backward Time(s): 1.7965
Update Time(s): 0.0080
Emb Update Time(s): 7.1963
#seeds: 6144
#inputs: 2022557
==========================================
Part 8, Epoch Time(s): 13.4632
Sampling Time(s): 0.3940
Loading Time(s): 4.0814
Forward Time(s): 0.1270
Backward Time(s): 1.6174
Update Time(s): 0.0084
Emb Update Time(s): 7.2002
#seeds: 6144
#inputs: 2037312
=====================

=====================
Part 9, Epoch Time(s): 13.4653
Sampling Time(s): 0.3750
Loading Time(s): 3.8540
Forward Time(s): 0.1259
Backward Time(s): 1.8788
Update Time(s): 0.0079
Emb Update Time(s): 7.1904
#seeds: 6145
#inputs: 2032448
=====================
Part 28, Val Acc 0.8723, Test Acc 0.6612, time: 87.0094
Part 25, Val Acc 0.8812, Test Acc 0.6572, time: 89.5562
Part 26, Val Acc 0.8885, Test Acc 0.6591, time: 89.6188
Part 24, Val Acc 0.8844, Test Acc 0.6580, time: 91.4157
Part 31, Val Acc 0.8788, Test Acc 0.6595, time: 91.4801
Part 30, Val Acc 0.8950, Test Acc 0.6581, time: 93.8414
Part 27, Val Acc 0.8885, Test Acc 0.6590, time: 94.2199
Part 29, Val Acc 0.8852, Test Acc 0.6586, time: 94.2482
Part 16, Val Acc 0.8298, Test Acc 0.6266, time: 99.1806
Part 22, Val Acc 0.8381, Test Acc 0.6251, time: 100.4562
Part 3, Val Acc 0.9064, Test Acc 0.7738, time: 102.4329
Part 7, Val Acc 0.9089, Test Acc 0.7738, time: 102.5271
Part 19, Val Acc 0.8316, Test Acc 0.6291, time: 102.7116
Part 23, Val Acc 0.8421, Test Acc 0.6287, time: 103.8063
Part 1, Val Acc 0.8991, Test Acc 0.7752, time: 104.5556
Part 10, Val Acc 0.8640, Test Acc 0.6798, time: 104.7622
Part 6, Val Acc 0.9153, Test Acc 0.7780, time: 105.4262
Part 13, Val Acc 0.8340, Test Acc 0.6796, time: 105.8323
Part 15, Val Acc 0.8308, Test Acc 0.6821, time: 106.4161
Part 14, Val Acc 0.8552, Test Acc 0.6767, time: 106.7437
Part 2, Val Acc 0.9121, Test Acc 0.7746, time: 108.0536
Part 17, Val Acc 0.8478, Test Acc 0.6277, time: 108.0957
Part 18, Val Acc 0.8413, Test Acc 0.6279, time: 108.1565
Part 12, Val Acc 0.8356, Test Acc 0.6809, time: 108.3260
Part 0, Val Acc 0.9048, Test Acc 0.7752, time: 108.4697
Part 8, Val Acc 0.8511, Test Acc 0.6801, time: 108.7229
Part 21, Val Acc 0.8283, Test Acc 0.6296, time: 108.9336
Part 20, Val Acc 0.8275, Test Acc 0.6288, time: 108.9686
Part 4, Val Acc 0.9048, Test Acc 0.7764, time: 109.0153
Part 5, Val Acc 0.9146, Test Acc 0.7760, time: 109.1518
Part 9, Val Acc 0.8600, Test Acc 0.6819, time: 109.4200
Part 11, Val Acc 0.8430, Test Acc 0.6810, time: 109.5973
All parts avg val acc 0.8688, test acc 0.6856
Part 24 | Epoch 00003 | Step 00000 | Loss 0.8939 | Train Acc 0.8090 | Speed (samples/sec) 418.6146 | GPU 2216.0 MB | time 2.562 s
Part 18 | Epoch 00003 | Step 00000 | Loss 0.9417 | Train Acc 0.7880 | Speed (samples/sec) 418.5168 | GPU 2075.0 MB | time 2.562 s
Part 19 | Epoch 00003 | Step 00000 | Loss 1.0975 | Train Acc 0.7700 | Speed (samples/sec) 418.7594 | GPU 2049.9 MB | time 2.562 s
Part 12 | Epoch 00003 | Step 00000 | Loss 0.8024 | Train Acc 0.8220 | Speed (samples/sec) 418.4909 | GPU 2092.9 MB | time 2.563 s
Part 26 | Epoch 00003 | Step 00000 | Loss 0.7943 | Train Acc 0.8430 | Speed (samples/sec) 418.7971 | GPU 2216.2 MB | time 2.564 s
Part 11 | Epoch 00003 | Step 00000 | Loss 0.8246 | Train Acc 0.8170 | Speed (samples/sec) 418.3478 | GPU 2097.5 MB | time 2.566 s
Part 20 | Epoch 00003 | Step 00000 | Loss 1.0243 | Train Acc 0.7740 | Speed (samples/sec) 418.4665 | GPU 2046.9 MB | time 2.567 s
Part 22 | Epoch 00003 | Step 00000 | Loss 0.9455 | Train Acc 0.7960 | Speed (samples/sec) 418.8090 | GPU 2046.5 MB | time 2.567 s
Part 13 | Epoch 00003 | Step 00000 | Loss 0.7715 | Train Acc 0.8270 | Speed (samples/sec) 418.4775 | GPU 2116.3 MB | time 2.567 s
Part 16 | Epoch 00003 | Step 00000 | Loss 0.9740 | Train Acc 0.8080 | Speed (samples/sec) 418.4588 | GPU 2031.8 MB | time 2.567 s
Part 10 | Epoch 00003 | Step 00000 | Loss 0.7500 | Train Acc 0.8300 | Speed (samples/sec) 418.5740 | GPU 2091.0 MB | time 2.569 s
Part 1 | Epoch 00003 | Step 00000 | Loss 0.6340 | Train Acc 0.8850 | Speed (samples/sec) 418.5622 | GPU 2032.4 MB | time 2.569 s
Part 9 | Epoch 00003 | Step 00000 | Loss 0.7301 | Train Acc 0.8450 | Speed (samples/sec) 418.7280 | GPU 2097.0 MB | time 2.570 s
Part 4 | Epoch 00003 | Step 00000 | Loss 0.5361 | Train Acc 0.9040 | Speed (samples/sec) 418.7455 | GPU 2009.4 MB | time 2.570 s
Part 21 | Epoch 00003 | Step 00000 | Loss 0.9627 | Train Acc 0.7970 | Speed (samples/sec) 418.7177 | GPU 2053.2 MB | time 2.572 s
Part 15 | Epoch 00003 | Step 00000 | Loss 0.7336 | Train Acc 0.8430 | Speed (samples/sec) 418.5068 | GPU 2102.5 MB | time 2.572 s
Part 14 | Epoch 00003 | Step 00000 | Loss 0.7629 | Train Acc 0.8410 | Speed (samples/sec) 418.4904 | GPU 2091.0 MB | time 2.573 s
Part 7 | Epoch 00003 | Step 00000 | Loss 0.5489 | Train Acc 0.9090 | Speed (samples/sec) 418.2071 | GPU 2032.9 MB | time 2.572 s
Part 8 | Epoch 00003 | Step 00000 | Loss 0.7813 | Train Acc 0.8330 | Speed (samples/sec) 418.4786 | GPU 2090.3 MB | time 2.573 s
Part 0 | Epoch 00003 | Step 00000 | Loss 0.6260 | Train Acc 0.8850 | Speed (samples/sec) 418.2182 | GPU 2023.1 MB | time 2.575 s
Part 3 | Epoch 00003 | Step 00000 | Loss 0.5988 | Train Acc 0.8930 | Speed (samples/sec) 418.5406 | GPU 2020.2 MB | time 2.573 s
Part 6 | Epoch 00003 | Step 00000 | Loss 0.5734 | Train Acc 0.9080 | Speed (samples/sec) 418.1071 | GPU 2034.0 MB | time 2.573 s
Part 29 | Epoch 00003 | Step 00000 | Loss 0.8433 | Train Acc 0.8220 | Speed (samples/sec) 418.5600 | GPU 2197.9 MB | time 2.576 s
Part 25 | Epoch 00003 | Step 00000 | Loss 0.9098 | Train Acc 0.8060 | Speed (samples/sec) 418.5094 | GPU 2209.1 MB | time 2.576 s
Part 30 | Epoch 00003 | Step 00000 | Loss 0.9367 | Train Acc 0.8150 | Speed (samples/sec) 418.2846 | GPU 2207.4 MB | time 2.577 s
Part 31 | Epoch 00003 | Step 00000 | Loss 0.8530 | Train Acc 0.8060 | Speed (samples/sec) 418.3136 | GPU 2211.4 MB | time 2.577 s
Part 17 | Epoch 00003 | Step 00000 | Loss 0.9484 | Train Acc 0.7880 | Speed (samples/sec) 418.5416 | GPU 2058.8 MB | time 2.576 s
Part 2 | Epoch 00003 | Step 00000 | Loss 0.5815 | Train Acc 0.8920 | Speed (samples/sec) 418.4661 | GPU 2037.7 MB | time 2.576 s
Part 5 | Epoch 00003 | Step 00000 | Loss 0.5984 | Train Acc 0.8930 | Speed (samples/sec) 418.7117 | GPU 2017.5 MB | time 2.576 s
Part 28 | Epoch 00003 | Step 00000 | Loss 0.7852 | Train Acc 0.8400 | Speed (samples/sec) 417.9096 | GPU 2203.9 MB | time 2.578 s
Part 27 | Epoch 00003 | Step 00000 | Loss 0.8507 | Train Acc 0.8250 | Speed (samples/sec) 418.4541 | GPU 2214.4 MB | time 2.584 s
Part 23 | Epoch 00003 | Step 00000 | Loss 0.9686 | Train Acc 0.7810 | Speed (samples/sec) 418.2916 | GPU 2043.6 MB | time 2.584 s
Avg train acc 0.8342
=====================
Part 21, Epoch Time(s): 13.9880
Sampling Time(s): 0.4322
Loading Time(s): 4.0200
Forward Time(s): 0.1319
Backward Time(s): 1.7785
Update Time(s): 0.0085
Emb Update Time(s): 7.5786
#seeds: 6145
#inputs: 1935527
==========================================
Part 23, Epoch Time(s): 13.9865
Sampling Time(s): 0.3375
Loading Time(s): 5.1493
Forward Time(s): 0.1236
Backward Time(s): 0.7251
Update Time(s): 0.0071
Emb Update Time(s): 7.6199
#seeds: 6144
#inputs: 1927180
=====================

=====================
Part 19, Epoch Time(s): 13.9869
Sampling Time(s): 0.3637
Loading Time(s): 4.1121
Forward Time(s): 0.1247
Backward Time(s): 1.7673
Update Time(s): 0.0076
Emb Update Time(s): 7.5650
#seeds: 6144
#inputs: 1929116
=====================
=====================
Part 17, Epoch Time(s): 13.9880
Sampling Time(s): 0.3862
Loading Time(s): 3.9053
Forward Time(s): 0.1259
Backward Time(s): 1.9210
Update Time(s): 0.0082
Emb Update Time(s): 7.6074
#seeds: 6144
#inputs: 1946784
=====================
=====================
Part 22, Epoch Time(s): 13.9878
Sampling Time(s): 0.3514
Loading Time(s): 3.8860
Forward Time(s): 0.1239
Backward Time(s): 1.9990
Update Time(s): 0.0084
Emb Update Time(s): 7.5770
#seeds: 6145
#inputs: 1931651
==========================================
Part 5, Epoch Time(s): 13.9868
Sampling Time(s): 0.2867
Loading Time(s): 3.1807
Forward Time(s): 0.1265
Backward Time(s): 2.7553
Update Time(s): 0.0086
Emb Update Time(s): 7.5955
#seeds: 6145
#inputs: 1931248
=====================
=====================
Part 7, Epoch Time(s): 13.9852
Sampling Time(s): 0.4022
Loading Time(s): 3.1305
Forward Time(s): 0.1258
Backward Time(s): 2.6862
Update Time(s): 0.0081
Emb Update Time(s): 7.5971
#seeds: 6144
#inputs: 1938629
==========================================
Part 1, Epoch Time(s): 13.9861
Sampling Time(s): 0.3402
Loading Time(s): 2.4445
Forward Time(s): 0.1253
Backward Time(s): 3.4322
Update Time(s): 0.0082
Emb Update Time(s): 7.5951
#seeds: 6144
#inputs: 1930552
=====================

=====================
Part 3, Epoch Time(s): 13.9855
Sampling Time(s): 0.3689
Loading Time(s): 2.5686
Forward Time(s): 0.1246
Backward Time(s): 3.2852
Update Time(s): 0.0083
Emb Update Time(s): 7.6046
#seeds: 6144
#inputs: 1932695
=====================

=====================
Part 20, Epoch Time(s): 13.9871
Sampling Time(s): 0.3153
Loading Time(s): 3.4175
Forward Time(s): 0.1268
Backward Time(s): 2.4965
Update Time(s): 0.0080
Emb Update Time(s): 7.5811
#seeds: 6144
#inputs: 1937356
==========================================
Part 18, Epoch Time(s): 13.9872
Sampling Time(s): 0.3138
Loading Time(s): 3.5232
Forward Time(s): 0.1274
Backward Time(s): 2.4232
Update Time(s): 0.0083
Emb Update Time(s): 7.5444
#seeds: 6144
#inputs: 1937110
==========================================
Part 6, Epoch Time(s): 13.9861
Sampling Time(s): 0.3631
Loading Time(s): 2.8563
Forward Time(s): 0.1247
Backward Time(s): 3.0039
Update Time(s): 0.0083
Emb Update Time(s): 7.6055
#seeds: 6144
#inputs: 1924043
=====================
=====================
Part 4, Epoch Time(s): 13.9853
Sampling Time(s): 0.2878
Loading Time(s): 3.1136
Forward Time(s): 0.1247
Backward Time(s): 2.8124
Update Time(s): 0.0084
Emb Update Time(s): 7.6005
#seeds: 6145
#inputs: 1913859
=====================
=====================
Part 0, Epoch Time(s): 13.9868
Sampling Time(s): 0.4051
Loading Time(s): 3.4114
Forward Time(s): 0.1257
Backward Time(s): 2.4102
Update Time(s): 0.0084
Emb Update Time(s): 7.5925
#seeds: 6144
#inputs: 1919767
=====================
=====================
Part 2, Epoch Time(s): 13.9857
Sampling Time(s): 0.3994
Loading Time(s): 3.3689
Forward Time(s): 0.1258
Backward Time(s): 2.4529
Update Time(s): 0.0083
Emb Update Time(s): 7.5975
#seeds: 6144
#inputs: 1937490
==========================================
Part 13, Epoch Time(s): 13.9878
Sampling Time(s): 0.3478
Loading Time(s): 4.1470
Forward Time(s): 0.1292
Backward Time(s): 1.7467
Update Time(s): 0.0088
Emb Update Time(s): 7.5655
#seeds: 6144
#inputs: 2042608
==========================================
Part 15, Epoch Time(s): 13.9869
Sampling Time(s): 0.3509
Loading Time(s): 4.3308
Forward Time(s): 0.1267
Backward Time(s): 1.5215
Update Time(s): 0.0203
Emb Update Time(s): 7.6090
#seeds: 6144
#inputs: 2049195
=====================




=====================
Part 16, Epoch Time(s): 13.9847
Sampling Time(s): 0.3416
Loading Time(s): 3.9717
Forward Time(s): 0.1243
Backward Time(s): 1.9068
Update Time(s): 0.0083
Emb Update Time(s): 7.5925
#seeds: 6144
#inputs: 1915669
=====================
=====================
Part 9, Epoch Time(s): 13.9875
Sampling Time(s): 0.3387
Loading Time(s): 3.8763
Forward Time(s): 0.1275
Backward Time(s): 1.9955
Update Time(s): 0.0082
Emb Update Time(s): 7.6015
#seeds: 6145
#inputs: 2031436
==========================================
Part 12, Epoch Time(s): 13.9865
Sampling Time(s): 0.3172
Loading Time(s): 3.9332
Forward Time(s): 0.1300
Backward Time(s): 1.9832
Update Time(s): 0.0084
Emb Update Time(s): 7.5741
#seeds: 6145
#inputs: 2032719
=====================

=====================
Part 11, Epoch Time(s): 13.9870
Sampling Time(s): 0.3102
Loading Time(s): 4.3603
Forward Time(s): 0.1299
Backward Time(s): 1.5501
Update Time(s): 0.0082
Emb Update Time(s): 7.5850
#seeds: 6144
#inputs: 2041488
=====================
=====================
Part 14, Epoch Time(s): 13.9875
Sampling Time(s): 0.3692
Loading Time(s): 3.8140
Forward Time(s): 0.1275
Backward Time(s): 2.0427
Update Time(s): 0.0086
Emb Update Time(s): 7.5885
#seeds: 6144
#inputs: 2034019
=====================
=====================
Part 8, Epoch Time(s): 13.9853
Sampling Time(s): 0.3100
Loading Time(s): 4.0702
Forward Time(s): 0.1267
Backward Time(s): 1.8432
Update Time(s): 0.0080
Emb Update Time(s): 7.5919
#seeds: 6144
#inputs: 2042520
=====================
=====================
Part 10, Epoch Time(s): 13.9870
Sampling Time(s): 0.4116
Loading Time(s): 4.9883
Forward Time(s): 0.1386
Backward Time(s): 0.7994
Update Time(s): 0.0108
Emb Update Time(s): 7.5966
#seeds: 6144
#inputs: 2021031
=====================
=====================
Part 29, Epoch Time(s): 13.9896
Sampling Time(s): 0.3472
Loading Time(s): 4.2283
Forward Time(s): 0.1256
Backward Time(s): 1.6076
Update Time(s): 0.0084
Emb Update Time(s): 7.6377
#seeds: 6144
#inputs: 1955893
=====================
=====================
Part 31, Epoch Time(s): 13.9880
Sampling Time(s): 0.4092
Loading Time(s): 4.7563
Forward Time(s): 0.1337
Backward Time(s): 1.0265
Update Time(s): 0.0092
Emb Update Time(s): 7.6200
#seeds: 6144
#inputs: 1976798
=====================
=====================
Part 25, Epoch Time(s): 13.9891
Sampling Time(s): 0.3809
Loading Time(s): 4.3607
Forward Time(s): 0.1254
Backward Time(s): 1.4384
Update Time(s): 0.0081
Emb Update Time(s): 7.6519
#seeds: 6144
#inputs: 1966554
=====================
=====================
Part 26, Epoch Time(s): 13.9883
Sampling Time(s): 0.3519
Loading Time(s): 4.3555
Forward Time(s): 0.1253
Backward Time(s): 1.5082
Update Time(s): 0.0076
Emb Update Time(s): 7.5942
#seeds: 6145
#inputs: 1982574
==========================================
Part 30, Epoch Time(s): 13.9888
Sampling Time(s): 0.3005
Loading Time(s): 3.6626
Forward Time(s): 0.1267
Backward Time(s): 2.2613
Update Time(s): 0.0082
Emb Update Time(s): 7.5958
#seeds: 6144
#inputs: 1975570
=====================

=====================
Part 24, Epoch Time(s): 13.9864
Sampling Time(s): 0.3786
Loading Time(s): 4.0510
Forward Time(s): 0.1297
Backward Time(s): 1.7965
Update Time(s): 0.0076
Emb Update Time(s): 7.5766
#seeds: 6144
#inputs: 1980297
=====================
=====================
Part 28, Epoch Time(s): 13.9881
Sampling Time(s): 0.3693
Loading Time(s): 3.6807
Forward Time(s): 0.1245
Backward Time(s): 2.1322
Update Time(s): 0.0082
Emb Update Time(s): 7.6495
#seeds: 6144
#inputs: 1966880
=====================
=====================
Part 27, Epoch Time(s): 13.9880
Sampling Time(s): 0.3179
Loading Time(s): 3.3562
Forward Time(s): 0.1246
Backward Time(s): 2.5121
Update Time(s): 0.0078
Emb Update Time(s): 7.6551
#seeds: 6144
#inputs: 1963308
=====================
Part 28, Val Acc 0.8828, Test Acc 0.6788, time: 78.2718
Part 26, Val Acc 0.9064, Test Acc 0.6769, time: 79.4957
Part 31, Val Acc 0.8959, Test Acc 0.6772, time: 81.3851
Part 25, Val Acc 0.8918, Test Acc 0.6755, time: 83.2749
Part 24, Val Acc 0.8950, Test Acc 0.6746, time: 86.1608
Part 27, Val Acc 0.8959, Test Acc 0.6751, time: 88.0818
Part 29, Val Acc 0.8990, Test Acc 0.6756, time: 88.5519
Part 30, Val Acc 0.9105, Test Acc 0.6764, time: 89.9682
Part 16, Val Acc 0.8583, Test Acc 0.6683, time: 100.3503
Part 22, Val Acc 0.8527, Test Acc 0.6664, time: 101.5665
Part 23, Val Acc 0.8690, Test Acc 0.6711, time: 101.6147
Part 3, Val Acc 0.9227, Test Acc 0.7961, time: 102.5890
Part 15, Val Acc 0.8413, Test Acc 0.6961, time: 102.8594
Part 19, Val Acc 0.8576, Test Acc 0.6695, time: 103.1154
Part 1, Val Acc 0.9056, Test Acc 0.7983, time: 103.5995
Part 7, Val Acc 0.9227, Test Acc 0.7969, time: 103.6831
Part 6, Val Acc 0.9267, Test Acc 0.8003, time: 104.1062
Part 17, Val Acc 0.8674, Test Acc 0.6684, time: 104.8070
Part 10, Val Acc 0.8713, Test Acc 0.6949, time: 105.6161
Part 13, Val Acc 0.8511, Test Acc 0.6927, time: 105.7460
Part 2, Val Acc 0.9219, Test Acc 0.7970, time: 105.7536
Part 14, Val Acc 0.8609, Test Acc 0.6910, time: 106.0657
Part 21, Val Acc 0.8511, Test Acc 0.6695, time: 106.3508
Part 18, Val Acc 0.8600, Test Acc 0.6682, time: 106.4149
Part 12, Val Acc 0.8470, Test Acc 0.6943, time: 106.8928
Part 20, Val Acc 0.8535, Test Acc 0.6704, time: 106.9358
Part 0, Val Acc 0.9072, Test Acc 0.7985, time: 107.1888
Part 8, Val Acc 0.8519, Test Acc 0.6938, time: 107.2428
Part 5, Val Acc 0.9235, Test Acc 0.7995, time: 107.7342
Part 4, Val Acc 0.9203, Test Acc 0.7986, time: 107.8416
Part 11, Val Acc 0.8487, Test Acc 0.6958, time: 108.0085
Part 9, Val Acc 0.8747, Test Acc 0.6957, time: 108.3656
All parts avg val acc 0.8826, test acc 0.7094
Part 18 | Epoch 00004 | Step 00000 | Loss 0.7536 | Train Acc 0.8440 | Speed (samples/sec) 420.2245 | GPU 2075.0 MB | time 2.454 s
Part 4 | Epoch 00004 | Step 00000 | Loss 0.3828 | Train Acc 0.9270 | Speed (samples/sec) 420.5720 | GPU 2015.1 MB | time 2.458 s
Part 7 | Epoch 00004 | Step 00000 | Loss 0.3891 | Train Acc 0.9190 | Speed (samples/sec) 420.1100 | GPU 2032.9 MB | time 2.459 s
Part 21 | Epoch 00004 | Step 00000 | Loss 0.7502 | Train Acc 0.8420 | Speed (samples/sec) 420.4829 | GPU 2053.2 MB | time 2.461 s
Part 19 | Epoch 00004 | Step 00000 | Loss 0.7916 | Train Acc 0.8400 | Speed (samples/sec) 420.4183 | GPU 2049.9 MB | time 2.462 s
Part 31 | Epoch 00004 | Step 00000 | Loss 0.5265 | Train Acc 0.9000 | Speed (samples/sec) 420.1825 | GPU 2211.4 MB | time 2.462 s
Part 5 | Epoch 00004 | Step 00000 | Loss 0.3805 | Train Acc 0.9120 | Speed (samples/sec) 420.5405 | GPU 2024.7 MB | time 2.461 s
Part 26 | Epoch 00004 | Step 00000 | Loss 0.5644 | Train Acc 0.8790 | Speed (samples/sec) 420.5589 | GPU 2216.2 MB | time 2.463 s
Part 0 | Epoch 00004 | Step 00000 | Loss 0.3634 | Train Acc 0.9220 | Speed (samples/sec) 420.0828 | GPU 2023.1 MB | time 2.464 s
Part 8 | Epoch 00004 | Step 00000 | Loss 0.5761 | Train Acc 0.8660 | Speed (samples/sec) 420.2636 | GPU 2093.7 MB | time 2.462 s
Part 11 | Epoch 00004 | Step 00000 | Loss 0.6261 | Train Acc 0.8450 | Speed (samples/sec) 420.1706 | GPU 2097.7 MB | time 2.463 s
Part 13 | Epoch 00004 | Step 00000 | Loss 0.6209 | Train Acc 0.8590 | Speed (samples/sec) 420.2412 | GPU 2116.3 MB | time 2.463 sPart 12 | Epoch 00004 | Step 00000 | Loss 0.6404 | Train Acc 0.8530 | Speed (samples/sec) 420.2192 | GPU 2092.9 MB | time 2.463 s

Part 20 | Epoch 00004 | Step 00000 | Loss 0.7476 | Train Acc 0.8360 | Speed (samples/sec) 420.2318 | GPU 2051.3 MB | time 2.464 s
Part 16 | Epoch 00004 | Step 00000 | Loss 0.6685 | Train Acc 0.8720 | Speed (samples/sec) 420.2323 | GPU 2031.8 MB | time 2.463 s
Part 14 | Epoch 00004 | Step 00000 | Loss 0.5826 | Train Acc 0.8750 | Speed (samples/sec) 420.2690 | GPU 2111.7 MB | time 2.464 s
Part 17 | Epoch 00004 | Step 00000 | Loss 0.7019 | Train Acc 0.8530 | Speed (samples/sec) 420.2844 | GPU 2058.8 MB | time 2.464 s
Part 22 | Epoch 00004 | Step 00000 | Loss 0.7569 | Train Acc 0.8380 | Speed (samples/sec) 420.4397 | GPU 2046.5 MB | time 2.466 s
Part 30 | Epoch 00004 | Step 00000 | Loss 0.5703 | Train Acc 0.8830 | Speed (samples/sec) 420.1227 | GPU 2207.4 MB | time 2.468 s
Part 1 | Epoch 00004 | Step 00000 | Loss 0.3825 | Train Acc 0.9270 | Speed (samples/sec) 420.3147 | GPU 2032.4 MB | time 2.466 s
Part 6 | Epoch 00004 | Step 00000 | Loss 0.4053 | Train Acc 0.9300 | Speed (samples/sec) 419.7654 | GPU 2034.0 MB | time 2.466 s
Part 3 | Epoch 00004 | Step 00000 | Loss 0.4458 | Train Acc 0.9110 | Speed (samples/sec) 420.1047 | GPU 2020.2 MB | time 2.466 s
Part 2 | Epoch 00004 | Step 00000 | Loss 0.3576 | Train Acc 0.9200 | Speed (samples/sec) 420.2257 | GPU 2037.7 MB | time 2.466 s
Part 23 | Epoch 00004 | Step 00000 | Loss 0.7868 | Train Acc 0.8410 | Speed (samples/sec) 420.0726 | GPU 2043.6 MB | time 2.468 s
Part 25 | Epoch 00004 | Step 00000 | Loss 0.5192 | Train Acc 0.8970 | Speed (samples/sec) 420.1292 | GPU 2209.1 MB | time 2.469 s
Part 9 | Epoch 00004 | Step 00000 | Loss 0.6531 | Train Acc 0.8370 | Speed (samples/sec) 420.4978 | GPU 2097.0 MB | time 2.468 s
Part 28 | Epoch 00004 | Step 00000 | Loss 0.5041 | Train Acc 0.8970 | Speed (samples/sec) 419.7426 | GPU 2203.9 MB | time 2.470 s
Part 24 | Epoch 00004 | Step 00000 | Loss 0.5654 | Train Acc 0.8890 | Speed (samples/sec) 420.2349 | GPU 2216.0 MB | time 2.470 s
Part 15 | Epoch 00004 | Step 00000 | Loss 0.6448 | Train Acc 0.8560 | Speed (samples/sec) 420.1325 | GPU 2102.5 MB | time 2.470 s
Part 29 | Epoch 00004 | Step 00000 | Loss 0.5532 | Train Acc 0.8950 | Speed (samples/sec) 420.2910 | GPU 2197.9 MB | time 2.473 s
Part 27 | Epoch 00004 | Step 00000 | Loss 0.5159 | Train Acc 0.9000 | Speed (samples/sec) 420.0217 | GPU 2214.4 MB | time 2.473 s
Part 10 | Epoch 00004 | Step 00000 | Loss 0.6856 | Train Acc 0.8420 | Speed (samples/sec) 420.3268 | GPU 2091.0 MB | time 2.465 s
Avg train acc 0.8783
=====================
Part 7, Epoch Time(s): 13.1370
Sampling Time(s): 0.3717
Loading Time(s): 3.9128
Forward Time(s): 0.1268
Backward Time(s): 1.8003
Update Time(s): 0.0077
Emb Update Time(s): 6.8821
#seeds: 6144
#inputs: 1938555
=====================
=====================
Part 5, Epoch Time(s): 13.1383
Sampling Time(s): 0.3316
Loading Time(s): 2.7843
Forward Time(s): 0.1269
Backward Time(s): 2.9656
Update Time(s): 0.0084
Emb Update Time(s): 6.8874
#seeds: 6145
#inputs: 1932235
=====================
=====================
Part 4, Epoch Time(s): 13.1372
Sampling Time(s): 0.3075
Loading Time(s): 2.5226
Forward Time(s): 0.1261
Backward Time(s): 3.2420
Update Time(s): 0.0081
Emb Update Time(s): 6.8866
#seeds: 6145
#inputs: 1916454
=====================
=====================
Part 6, Epoch Time(s): 13.1379
Sampling Time(s): 0.4015
Loading Time(s): 3.5980
Forward Time(s): 0.1249
Backward Time(s): 2.0748
Update Time(s): 0.0080
Emb Update Time(s): 6.8938
#seeds: 6144
#inputs: 1926765
==========================================
Part 3, Epoch Time(s): 13.1376
Sampling Time(s): 0.3513
Loading Time(s): 3.6639
Forward Time(s): 0.1262
Backward Time(s): 2.0636
Update Time(s): 0.0082
Emb Update Time(s): 6.8960
#seeds: 6144
#inputs: 1930191
=====================

=====================
Part 2, Epoch Time(s): 13.1374
Sampling Time(s): 0.3521
Loading Time(s): 2.9022
Forward Time(s): 0.1248
Backward Time(s): 2.8209
Update Time(s): 0.0081
Emb Update Time(s): 6.8924
#seeds: 6144
#inputs: 1940004
=====================
=====================
Part 0, Epoch Time(s): 13.1382
Sampling Time(s): 0.3755
Loading Time(s): 3.7119
Forward Time(s): 0.1256
Backward Time(s): 1.9924
Update Time(s): 0.0078
Emb Update Time(s): 6.8864
#seeds: 6144
#inputs: 1925629
=====================
=====================
Part 28, Epoch Time(s): 13.1394
Sampling Time(s): 0.3574
Loading Time(s): 3.9735
Forward Time(s): 0.1261
Backward Time(s): 1.7562
Update Time(s): 0.0082
Emb Update Time(s): 6.8845
#seeds: 6144
#inputs: 1959898
=====================
=====================
Part 30, Epoch Time(s): 13.1405
Sampling Time(s): 0.3227
Loading Time(s): 4.4695
Forward Time(s): 0.1239
Backward Time(s): 1.2921
Update Time(s): 0.0073
Emb Update Time(s): 6.8884
#seeds: 6144
#inputs: 1979349
==========================================
Part 25, Epoch Time(s): 13.1407
Sampling Time(s): 0.2665
Loading Time(s): 3.5499
Forward Time(s): 0.1252
Backward Time(s): 2.2639
Update Time(s): 0.0075
Emb Update Time(s): 6.9023
#seeds: 6144
#inputs: 1967367
=====================

=====================
Part 15, Epoch Time(s): 13.1370
Sampling Time(s): 0.3753
Loading Time(s): 4.5957
Forward Time(s): 0.1261
Backward Time(s): 1.0913
Update Time(s): 0.0085
Emb Update Time(s): 6.9092
#seeds: 6144
#inputs: 2050868
=====================
=====================
Part 8, Epoch Time(s): 13.1367
Sampling Time(s): 0.2643
Loading Time(s): 3.0886
Forward Time(s): 0.1265
Backward Time(s): 2.7265
Update Time(s): 0.0085
Emb Update Time(s): 6.8896
#seeds: 6144
#inputs: 2042533
==========================================
Part 14, Epoch Time(s): 13.1388
Sampling Time(s): 0.2823
Loading Time(s): 4.0970
Forward Time(s): 0.1274
Backward Time(s): 1.6946
Update Time(s): 0.0083
Emb Update Time(s): 6.8977
#seeds: 6144
#inputs: 2035898
=====================
=====================
Part 12, Epoch Time(s): 13.1380
Sampling Time(s): 0.2737
Loading Time(s): 4.6609
Forward Time(s): 0.1260
Backward Time(s): 1.1750
Update Time(s): 0.0072
Emb Update Time(s): 6.8548
#seeds: 6145
#inputs: 2039090
=====================

=====================
Part 9, Epoch Time(s): 13.1394
Sampling Time(s): 0.3458
Loading Time(s): 4.0699
Forward Time(s): 0.1297
Backward Time(s): 1.6558
Update Time(s): 0.0083
Emb Update Time(s): 6.9065
#seeds: 6145
#inputs: 2038239
=====================
=====================
Part 10, Epoch Time(s): 13.1382
Sampling Time(s): 0.3871
Loading Time(s): 4.4064
Forward Time(s): 0.1268
Backward Time(s): 1.2831
Update Time(s): 0.0088
Emb Update Time(s): 6.8953
#seeds: 6144
#inputs: 2022593
=====================
=====================
Part 11, Epoch Time(s): 13.1387
Sampling Time(s): 0.3708
Loading Time(s): 3.7333
Forward Time(s): 0.1286
Backward Time(s): 1.9938
Update Time(s): 0.0081
Emb Update Time(s): 6.8632
#seeds: 6144
#inputs: 2042507
=====================
=====================
Part 26, Epoch Time(s): 13.1400
Sampling Time(s): 0.3245
Loading Time(s): 3.7724
Forward Time(s): 0.1289
Backward Time(s): 2.0195
Update Time(s): 0.0080
Emb Update Time(s): 6.8531
#seeds: 6145
#inputs: 1977312
=====================
=====================
Part 24, Epoch Time(s): 13.1382
Sampling Time(s): 0.3788
Loading Time(s): 4.0774
Forward Time(s): 0.1271
Backward Time(s): 1.6596
Update Time(s): 0.0079
Emb Update Time(s): 6.8552
#seeds: 6144
#inputs: 1981884
==========================================
Part 27, Epoch Time(s): 13.1403
Sampling Time(s): 0.3263
Loading Time(s): 4.2063
Forward Time(s): 0.1240
Backward Time(s): 1.5392
Update Time(s): 0.0076
Emb Update Time(s): 6.9057
#seeds: 6144
#inputs: 1963357
==========================================
Part 31, Epoch Time(s): 13.1390
Sampling Time(s): 0.3712
Loading Time(s): 4.4483
Forward Time(s): 0.1246
Backward Time(s): 1.2768
Update Time(s): 0.0073
Emb Update Time(s): 6.8704
#seeds: 6144
#inputs: 1969010
=====================


=====================
Part 23, Epoch Time(s): 13.1386
Sampling Time(s): 0.3647
Loading Time(s): 4.8963
Forward Time(s): 0.1247
Backward Time(s): 0.8406
Update Time(s): 0.0076
Emb Update Time(s): 6.8697
#seeds: 6144
#inputs: 1929675
==========================================
Part 19, Epoch Time(s): 13.1394
Sampling Time(s): 0.3420
Loading Time(s): 4.2063
Forward Time(s): 0.1262
Backward Time(s): 1.5586
Update Time(s): 0.0078
Emb Update Time(s): 6.8564
#seeds: 6144
#inputs: 1926777
==========================================
Part 20, Epoch Time(s): 13.1386
Sampling Time(s): 0.4018
Loading Time(s): 3.4703
Forward Time(s): 0.1253
Backward Time(s): 2.2220
Update Time(s): 0.0083
Emb Update Time(s): 6.8721
#seeds: 6144
#inputs: 1932395
=====================


=====================
Part 18, Epoch Time(s): 13.1390
Sampling Time(s): 0.3926
Loading Time(s): 3.8687
Forward Time(s): 0.1264
Backward Time(s): 1.8577
Update Time(s): 0.0083
Emb Update Time(s): 6.8356
#seeds: 6144
#inputs: 1942402
==========================================
Part 16, Epoch Time(s): 13.1369
Sampling Time(s): 0.3275
Loading Time(s): 3.8737
Forward Time(s): 0.1242
Backward Time(s): 1.8849
Update Time(s): 0.0085
Emb Update Time(s): 6.8803
#seeds: 6144
#inputs: 1909699
==========================================
Part 21, Epoch Time(s): 13.1400
Sampling Time(s): 0.3868
Loading Time(s): 3.7640
Forward Time(s): 0.1276
Backward Time(s): 1.9331
Update Time(s): 0.0086
Emb Update Time(s): 6.8768
#seeds: 6145
#inputs: 1936090
=====================

=====================
Part 22, Epoch Time(s): 13.1395
Sampling Time(s): 0.3135
Loading Time(s): 4.2006
Forward Time(s): 0.1252
Backward Time(s): 1.5784
Update Time(s): 0.0086
Emb Update Time(s): 6.8756
#seeds: 6145
#inputs: 1935413
=====================

=====================
Part 13, Epoch Time(s): 13.1392
Sampling Time(s): 0.2714
Loading Time(s): 3.9041
Forward Time(s): 0.1276
Backward Time(s): 1.9447
Update Time(s): 0.0176
Emb Update Time(s): 6.8324
#seeds: 6144
#inputs: 2048851
=====================
=====================
Part 29, Epoch Time(s): 13.1412
Sampling Time(s): 0.3176
Loading Time(s): 4.4811
Forward Time(s): 0.1247
Backward Time(s): 1.2746
Update Time(s): 0.0079
Emb Update Time(s): 6.9033
#seeds: 6144
#inputs: 1956278
=====================
=====================
Part 17, Epoch Time(s): 13.1398
Sampling Time(s): 0.3767
Loading Time(s): 4.1441
Forward Time(s): 0.1253
Backward Time(s): 1.5744
Update Time(s): 0.0086
Emb Update Time(s): 6.8704
#seeds: 6144
#inputs: 1944003
=====================
=====================
Part 1, Epoch Time(s): 13.1383
Sampling Time(s): 0.3867
Loading Time(s): 3.3956
Forward Time(s): 0.1252
Backward Time(s): 2.2971
Update Time(s): 0.0085
Emb Update Time(s): 6.8876
#seeds: 6144
#inputs: 1929147
=====================
Part 28, Val Acc 0.8820, Test Acc 0.6948, time: 77.7547
Part 26, Val Acc 0.9056, Test Acc 0.6944, time: 77.8180
Part 25, Val Acc 0.8967, Test Acc 0.6922, time: 78.6892
Part 24, Val Acc 0.8982, Test Acc 0.6925, time: 81.3983
Part 31, Val Acc 0.9015, Test Acc 0.6944, time: 81.4036
Part 27, Val Acc 0.8999, Test Acc 0.6926, time: 84.1768
Part 29, Val Acc 0.9064, Test Acc 0.6920, time: 84.3611
Part 30, Val Acc 0.9154, Test Acc 0.6936, time: 86.1567
Part 16, Val Acc 0.8656, Test Acc 0.6970, time: 98.9142
Part 22, Val Acc 0.8657, Test Acc 0.6958, time: 98.9154
Part 19, Val Acc 0.8633, Test Acc 0.6972, time: 99.7437
Part 23, Val Acc 0.8723, Test Acc 0.6992, time: 100.2410
Part 1, Val Acc 0.9146, Test Acc 0.8114, time: 101.2109
Part 3, Val Acc 0.9219, Test Acc 0.8102, time: 102.2992
Part 7, Val Acc 0.9292, Test Acc 0.8104, time: 102.3873
Part 6, Val Acc 0.9340, Test Acc 0.8135, time: 104.2276
Part 10, Val Acc 0.8787, Test Acc 0.7099, time: 105.9611
Part 15, Val Acc 0.8584, Test Acc 0.7121, time: 105.9768
Part 13, Val Acc 0.8560, Test Acc 0.7100, time: 106.1023
Part 17, Val Acc 0.8747, Test Acc 0.6975, time: 106.5025
Part 20, Val Acc 0.8674, Test Acc 0.6984, time: 106.6691
Part 14, Val Acc 0.8731, Test Acc 0.7080, time: 106.6706
Part 18, Val Acc 0.8723, Test Acc 0.6965, time: 106.6735
Part 12, Val Acc 0.8527, Test Acc 0.7123, time: 106.7026
Part 2, Val Acc 0.9292, Test Acc 0.8105, time: 106.9911
Part 0, Val Acc 0.9186, Test Acc 0.8118, time: 107.0060
Part 8, Val Acc 0.8576, Test Acc 0.7100, time: 107.0137
Part 21, Val Acc 0.8617, Test Acc 0.6983, time: 107.0309
Part 9, Val Acc 0.8828, Test Acc 0.7121, time: 107.1738
Part 11, Val Acc 0.8592, Test Acc 0.7122, time: 107.1862
Part 4, Val Acc 0.9268, Test Acc 0.8128, time: 107.2669
Part 5, Val Acc 0.9341, Test Acc 0.8127, time: 107.3306
All parts avg val acc 0.8899, test acc 0.7283
Part 11 | Epoch 00005 | Step 00000 | Loss 0.6303 | Train Acc 0.8420 | Speed (samples/sec) 426.4681 | GPU 2102.8 MB | time 2.492 s
Part 17 | Epoch 00005 | Step 00000 | Loss 0.6275 | Train Acc 0.8660 | Speed (samples/sec) 426.5693 | GPU 2062.0 MB | time 2.493 s
Part 20 | Epoch 00005 | Step 00000 | Loss 0.7073 | Train Acc 0.8490 | Speed (samples/sec) 426.5221 | GPU 2051.3 MB | time 2.494 s
Part 12 | Epoch 00005 | Step 00000 | Loss 0.5971 | Train Acc 0.8570 | Speed (samples/sec) 426.5557 | GPU 2092.9 MB | time 2.493 s
Part 8 | Epoch 00005 | Step 00000 | Loss 0.5179 | Train Acc 0.8740 | Speed (samples/sec) 426.4773 | GPU 2093.7 MB | time 2.493 s
Part 13 | Epoch 00005 | Step 00000 | Loss 0.5827 | Train Acc 0.8610 | Speed (samples/sec) 426.4749 | GPU 2116.3 MB | time 2.493 s
Part 24 | Epoch 00005 | Step 00000 | Loss 0.4199 | Train Acc 0.8970 | Speed (samples/sec) 426.4789 | GPU 2216.0 MB | time 2.494 s
Part 14 | Epoch 00005 | Step 00000 | Loss 0.5321 | Train Acc 0.8700 | Speed (samples/sec) 426.4627 | GPU 2111.7 MB | time 2.494 s
Part 5 | Epoch 00005 | Step 00000 | Loss 0.3127 | Train Acc 0.9330 | Speed (samples/sec) 426.7138 | GPU 2024.7 MB | time 2.494 sPart 0 | Epoch 00005 | Step 00000 | Loss 0.3099 | Train Acc 0.9200 | Speed (samples/sec) 426.4054 | GPU 2023.1 MB | time 2.496 s

Part 7 | Epoch 00005 | Step 00000 | Loss 0.3046 | Train Acc 0.9310 | Speed (samples/sec) 426.3303 | GPU 2043.5 MB | time 2.494 s
Part 29 | Epoch 00005 | Step 00000 | Loss 0.3702 | Train Acc 0.9170 | Speed (samples/sec) 426.5820 | GPU 2197.9 MB | time 2.496 s
Part 23 | Epoch 00005 | Step 00000 | Loss 0.6782 | Train Acc 0.8490 | Speed (samples/sec) 426.4476 | GPU 2053.6 MB | time 2.495 s
Part 9 | Epoch 00005 | Step 00000 | Loss 0.5934 | Train Acc 0.8630 | Speed (samples/sec) 426.6321 | GPU 2097.0 MB | time 2.495 s
Part 31 | Epoch 00005 | Step 00000 | Loss 0.5139 | Train Acc 0.8970 | Speed (samples/sec) 426.4608 | GPU 2211.4 MB | time 2.496 s
Part 1 | Epoch 00005 | Step 00000 | Loss 0.3567 | Train Acc 0.9260 | Speed (samples/sec) 426.6104 | GPU 2032.4 MB | time 2.494 s
Part 2 | Epoch 00005 | Step 00000 | Loss 0.3039 | Train Acc 0.9270 | Speed (samples/sec) 426.5412 | GPU 2037.7 MB | time 2.495 s
Part 3 | Epoch 00005 | Step 00000 | Loss 0.3609 | Train Acc 0.9080 | Speed (samples/sec) 426.3149 | GPU 2020.2 MB | time 2.495 s
Part 6 | Epoch 00005 | Step 00000 | Loss 0.3424 | Train Acc 0.9240 | Speed (samples/sec) 426.1688 | GPU 2034.0 MB | time 2.495 s
Part 10 | Epoch 00005 | Step 00000 | Loss 0.6508 | Train Acc 0.8430 | Speed (samples/sec) 426.4901 | GPU 2091.0 MB | time 2.495 s
Part 18 | Epoch 00005 | Step 00000 | Loss 0.6077 | Train Acc 0.8610 | Speed (samples/sec) 426.4471 | GPU 2075.0 MB | time 2.497 s
Part 19 | Epoch 00005 | Step 00000 | Loss 0.6078 | Train Acc 0.8560 | Speed (samples/sec) 426.6118 | GPU 2050.0 MB | time 2.497 s
Part 22 | Epoch 00005 | Step 00000 | Loss 0.5667 | Train Acc 0.8710 | Speed (samples/sec) 426.6887 | GPU 2046.5 MB | time 2.497 s
Part 4 | Epoch 00005 | Step 00000 | Loss 0.3120 | Train Acc 0.9290 | Speed (samples/sec) 426.8810 | GPU 2015.1 MB | time 2.498 s
Part 27 | Epoch 00005 | Step 00000 | Loss 0.3958 | Train Acc 0.9150 | Speed (samples/sec) 426.3551 | GPU 2214.4 MB | time 2.500 s
Part 30 | Epoch 00005 | Step 00000 | Loss 0.5725 | Train Acc 0.8740 | Speed (samples/sec) 426.4202 | GPU 2207.4 MB | time 2.501 s
Part 15 | Epoch 00005 | Step 00000 | Loss 0.5983 | Train Acc 0.8590 | Speed (samples/sec) 426.4565 | GPU 2102.5 MB | time 2.500 s
Part 25 | Epoch 00005 | Step 00000 | Loss 0.4336 | Train Acc 0.9090 | Speed (samples/sec) 426.3487 | GPU 2209.1 MB | time 2.501 s
Part 28 | Epoch 00005 | Step 00000 | Loss 0.5057 | Train Acc 0.8910 | Speed (samples/sec) 426.1146 | GPU 2203.9 MB | time 2.503 s
Part 21 | Epoch 00005 | Step 00000 | Loss 0.6183 | Train Acc 0.8650 | Speed (samples/sec) 426.7475 | GPU 2053.2 MB | time 2.503 s
Part 26 | Epoch 00005 | Step 00000 | Loss 0.4897 | Train Acc 0.8910 | Speed (samples/sec) 426.6437 | GPU 2216.2 MB | time 2.503 s
Part 16 | Epoch 00005 | Step 00000 | Loss 0.6149 | Train Acc 0.8560 | Speed (samples/sec) 426.4824 | GPU 2031.8 MB | time 2.505 s
Avg train acc 0.8853
=====================
Part 5, Epoch Time(s): 13.5868
Sampling Time(s): 0.3397
Loading Time(s): 3.3572
Forward Time(s): 0.1262
Backward Time(s): 2.5702
Update Time(s): 0.0084
Emb Update Time(s): 7.1460
#seeds: 6145
#inputs: 1923873
=====================
=====================
Part 7, Epoch Time(s): 13.5851
Sampling Time(s): 0.3032
Loading Time(s): 3.7152
Forward Time(s): 0.1267
Backward Time(s): 2.2379
Update Time(s): 0.0083
Emb Update Time(s): 7.1628
#seeds: 6144
#inputs: 1935327
=====================
=====================
Part 6, Epoch Time(s): 13.5863
Sampling Time(s): 0.3485
Loading Time(s): 3.5946
Forward Time(s): 0.1244
Backward Time(s): 2.3232
Update Time(s): 0.0084
Emb Update Time(s): 7.1571
#seeds: 6144
#inputs: 1925806
==========================================
Part 4, Epoch Time(s): 13.5859
Sampling Time(s): 0.3612
Loading Time(s): 2.7635
Forward Time(s): 0.1343
Backward Time(s): 3.1366
Update Time(s): 0.0084
Emb Update Time(s): 7.1537
#seeds: 6145
#inputs: 1918683
=====================

=====================
Part 3, Epoch Time(s): 13.5855
Sampling Time(s): 0.2759
Loading Time(s): 3.2800
Forward Time(s): 0.1236
Backward Time(s): 2.7144
Update Time(s): 0.0077
Emb Update Time(s): 7.1467
#seeds: 6144
#inputs: 1931716
=====================
=====================
Part 2, Epoch Time(s): 13.5861
Sampling Time(s): 0.2901
Loading Time(s): 2.5035
Forward Time(s): 0.1259
Backward Time(s): 3.4675
Update Time(s): 0.0085
Emb Update Time(s): 7.1531
#seeds: 6144
#inputs: 1939252
==========================================
Part 21, Epoch Time(s): 13.5880
Sampling Time(s): 0.4555
Loading Time(s): 3.7432
Forward Time(s): 0.1264
Backward Time(s): 2.0838
Update Time(s): 0.0083
Emb Update Time(s): 7.1404
#seeds: 6145
#inputs: 1941953
=====================
=====================
Part 23, Epoch Time(s): 13.5864
Sampling Time(s): 0.3855
Loading Time(s): 4.6460
Forward Time(s): 0.1237
Backward Time(s): 1.2349
Update Time(s): 0.0076
Emb Update Time(s): 7.1523
#seeds: 6144
#inputs: 1932881
=====================
=====================
Part 22, Epoch Time(s): 13.5880
Sampling Time(s): 0.3368
Loading Time(s): 5.0892
Forward Time(s): 0.1263
Backward Time(s): 0.8461
Update Time(s): 0.0069
Emb Update Time(s): 7.1468
#seeds: 6145
#inputs: 1935803
==========================================
Part 19, Epoch Time(s): 13.5867
Sampling Time(s): 0.3639
Loading Time(s): 3.8125
Forward Time(s): 0.1268
Backward Time(s): 2.1104
Update Time(s): 0.0082
Emb Update Time(s): 7.1297
#seeds: 6144
#inputs: 1922553
=====================
=====================
Part 20, Epoch Time(s): 13.5871
Sampling Time(s): 0.3894
Loading Time(s): 3.8177
Forward Time(s): 0.1248
Backward Time(s): 2.0572
Update Time(s): 0.0079
Emb Update Time(s): 7.1515
#seeds: 6144
#inputs: 1938467
=====================


=====================
Part 18, Epoch Time(s): 13.5874
Sampling Time(s): 0.3866
Loading Time(s): 3.3868
Forward Time(s): 0.1267
Backward Time(s): 2.5235
Update Time(s): 0.0082
Emb Update Time(s): 7.1193
#seeds: 6144
#inputs: 1939141
=====================
=====================
Part 1, Epoch Time(s): 13.5861
Sampling Time(s): 0.2552
Loading Time(s): 3.1181
Forward Time(s): 0.1242
Backward Time(s): 2.8985
Update Time(s): 0.0081
Emb Update Time(s): 7.1438
#seeds: 6144
#inputs: 1930871
==========================================
Part 29, Epoch Time(s): 13.5891
Sampling Time(s): 0.3561
Loading Time(s): 4.0096
Forward Time(s): 0.1251
Backward Time(s): 1.9009
Update Time(s): 0.0080
Emb Update Time(s): 7.1512
#seeds: 6144
#inputs: 1960348
==========================================
Part 31, Epoch Time(s): 13.5867
Sampling Time(s): 0.3978
Loading Time(s): 4.1711
Forward Time(s): 0.1256
Backward Time(s): 1.7255
Update Time(s): 0.0082
Emb Update Time(s): 7.1231
#seeds: 6144
#inputs: 1977829
==========================================
Part 30, Epoch Time(s): 13.5888
Sampling Time(s): 0.3350
Loading Time(s): 4.0443
Forward Time(s): 0.1252
Backward Time(s): 1.8955
Update Time(s): 0.0078
Emb Update Time(s): 7.1486
#seeds: 6144
#inputs: 1975438
=====================


=====================
Part 28, Epoch Time(s): 13.5882
Sampling Time(s): 0.3878
Loading Time(s): 3.9998
Forward Time(s): 0.1238
Backward Time(s): 1.8611
Update Time(s): 0.0080
Emb Update Time(s): 7.1837
#seeds: 6144
#inputs: 1958037
=====================
=====================
Part 27, Epoch Time(s): 13.5880
Sampling Time(s): 0.3559
Loading Time(s): 3.8830
Forward Time(s): 0.1237
Backward Time(s): 2.0010
Update Time(s): 0.0079
Emb Update Time(s): 7.1835
#seeds: 6144
#inputs: 1966103
==========================================
Part 24, Epoch Time(s): 13.5868
Sampling Time(s): 0.2817
Loading Time(s): 3.3692
Forward Time(s): 0.1278
Backward Time(s): 2.6456
Update Time(s): 0.0184
Emb Update Time(s): 7.1066
#seeds: 6144
#inputs: 1983621
=====================

=====================
Part 26, Epoch Time(s): 13.5884
Sampling Time(s): 0.3472
Loading Time(s): 3.9645
Forward Time(s): 0.1273
Backward Time(s): 1.9639
Update Time(s): 0.0085
Emb Update Time(s): 7.1622
#seeds: 6145
#inputs: 1980683
=====================
=====================
Part 25, Epoch Time(s): 13.5883
Sampling Time(s): 0.2944
Loading Time(s): 3.4347
Forward Time(s): 0.1244
Backward Time(s): 2.5435
Update Time(s): 0.0083
Emb Update Time(s): 7.1567
#seeds: 6144
#inputs: 1966892
=====================

=====================
Part 17, Epoch Time(s): 13.5877
Sampling Time(s): 0.4029
Loading Time(s): 3.8545
Forward Time(s): 0.1261
Backward Time(s): 2.0146
Update Time(s): 0.0080
Emb Update Time(s): 7.1419
#seeds: 6144
#inputs: 1947539
=====================
=====================
Part 13, Epoch Time(s): 13.5871
Sampling Time(s): 0.2657
Loading Time(s): 4.0576
Forward Time(s): 0.1280
Backward Time(s): 1.9833
Update Time(s): 0.0076
Emb Update Time(s): 7.1053
#seeds: 6144
#inputs: 2047759
=====================
=====================
Part 15, Epoch Time(s): 13.5852
Sampling Time(s): 0.2950
Loading Time(s): 4.2404
Forward Time(s): 0.1271
Backward Time(s): 1.7423
Update Time(s): 0.0095
Emb Update Time(s): 7.1469
#seeds: 6144
#inputs: 2049449
=====================
=====================
Part 14, Epoch Time(s): 13.5873
Sampling Time(s): 0.2982
Loading Time(s): 4.4204
Forward Time(s): 0.1269
Backward Time(s): 1.5412
Update Time(s): 0.0080
Emb Update Time(s): 7.1536
#seeds: 6144
#inputs: 2037644
=====================
=====================
Part 12, Epoch Time(s): 13.5865
Sampling Time(s): 0.3169
Loading Time(s): 4.1501
Forward Time(s): 0.1268
Backward Time(s): 1.8390
Update Time(s): 0.0075
Emb Update Time(s): 7.1071
#seeds: 6145
#inputs: 2032879
==========================================
Part 11, Epoch Time(s): 13.5866
Sampling Time(s): 0.3281
Loading Time(s): 3.8896
Forward Time(s): 0.1265
Backward Time(s): 2.1107
Update Time(s): 0.0084
Emb Update Time(s): 7.0831
#seeds: 6144
#inputs: 2040671
=====================

=====================
Part 8, Epoch Time(s): 13.5855
Sampling Time(s): 0.3154
Loading Time(s): 3.6733
Forward Time(s): 0.1256
Backward Time(s): 2.2855
Update Time(s): 0.0083
Emb Update Time(s): 7.1466
#seeds: 6144
#inputs: 2035292
=====================
=====================
Part 9, Epoch Time(s): 13.5870
Sampling Time(s): 0.3304
Loading Time(s): 3.4633
Forward Time(s): 0.1276
Backward Time(s): 2.4639
Update Time(s): 0.0093
Emb Update Time(s): 7.1542
#seeds: 6145
#inputs: 2037219
=====================
=====================
Part 10, Epoch Time(s): 13.5869
Sampling Time(s): 0.3298
Loading Time(s): 4.3383
Forward Time(s): 0.1314
Backward Time(s): 1.6020
Update Time(s): 0.0082
Emb Update Time(s): 7.1393
#seeds: 6144
#inputs: 2021808
=====================
=====================
Part 16, Epoch Time(s): 13.5851
Sampling Time(s): 0.3497
Loading Time(s): 4.4125
Forward Time(s): 0.1268
Backward Time(s): 1.5322
Update Time(s): 0.0086
Emb Update Time(s): 7.1290
#seeds: 6144
#inputs: 1909989
=====================
=====================
Part 0, Epoch Time(s): 13.5874
Sampling Time(s): 0.3117
Loading Time(s): 2.8216
Forward Time(s): 0.1267
Backward Time(s): 3.1344
Update Time(s): 0.0083
Emb Update Time(s): 7.1481
#seeds: 6144
#inputs: 1916752
=====================
Part 28, Val Acc 0.8910, Test Acc 0.6915, time: 91.6121
Part 25, Val Acc 0.8934, Test Acc 0.6872, time: 93.4490
Part 26, Val Acc 0.9097, Test Acc 0.6898, time: 93.4492
Part 31, Val Acc 0.9024, Test Acc 0.6897, time: 94.2812
Part 24, Val Acc 0.9055, Test Acc 0.6880, time: 94.8871
Part 27, Val Acc 0.9024, Test Acc 0.6885, time: 95.5430
Part 29, Val Acc 0.9112, Test Acc 0.6892, time: 96.2756
Part 30, Val Acc 0.9162, Test Acc 0.6894, time: 97.5679
Part 16, Val Acc 0.8673, Test Acc 0.6936, time: 103.5209
Part 19, Val Acc 0.8625, Test Acc 0.6943, time: 103.5220
Part 22, Val Acc 0.8625, Test Acc 0.6903, time: 103.5229
Part 23, Val Acc 0.8763, Test Acc 0.6947, time: 103.6286
Part 17, Val Acc 0.8771, Test Acc 0.6933, time: 104.1276
Part 1, Val Acc 0.9203, Test Acc 0.8098, time: 105.6391
Part 3, Val Acc 0.9300, Test Acc 0.8079, time: 105.6699
Part 7, Val Acc 0.9300, Test Acc 0.8085, time: 105.7598
Part 20, Val Acc 0.8657, Test Acc 0.6924, time: 106.1188
Part 21, Val Acc 0.8641, Test Acc 0.6943, time: 106.1655
Part 18, Val Acc 0.8771, Test Acc 0.6924, time: 106.3423
Part 10, Val Acc 0.8811, Test Acc 0.7117, time: 106.4478
Part 15, Val Acc 0.8576, Test Acc 0.7141, time: 106.4514
Part 6, Val Acc 0.9316, Test Acc 0.8122, time: 106.4873
Part 14, Val Acc 0.8788, Test Acc 0.7094, time: 106.5191
Part 12, Val Acc 0.8592, Test Acc 0.7134, time: 106.5324
Part 0, Val Acc 0.9203, Test Acc 0.8104, time: 106.6058
Part 2, Val Acc 0.9325, Test Acc 0.8088, time: 106.6120
Part 8, Val Acc 0.8747, Test Acc 0.7120, time: 106.7939
Part 13, Val Acc 0.8666, Test Acc 0.7119, time: 107.1292
Part 9, Val Acc 0.8869, Test Acc 0.7134, time: 107.3160
Part 11, Val Acc 0.8666, Test Acc 0.7142, time: 107.3389
Part 5, Val Acc 0.9276, Test Acc 0.8103, time: 107.6145
Part 4, Val Acc 0.9292, Test Acc 0.8110, time: 107.7957
All parts avg val acc 0.8930, test acc 0.7262
Part 18 | Epoch 00006 | Step 00000 | Loss 0.5832 | Train Acc 0.8670 | Speed (samples/sec) 427.6244 | GPU 2075.0 MB | time 2.660 s
Part 19 | Epoch 00006 | Step 00000 | Loss 0.5970 | Train Acc 0.8650 | Speed (samples/sec) 427.7876 | GPU 2050.0 MB | time 2.662 s
Part 24 | Epoch 00006 | Step 00000 | Loss 0.4197 | Train Acc 0.9000 | Speed (samples/sec) 427.6680 | GPU 2216.0 MB | time 2.663 s
Part 23 | Epoch 00006 | Step 00000 | Loss 0.6112 | Train Acc 0.8550 | Speed (samples/sec) 427.6743 | GPU 2053.6 MB | time 2.665 s
Part 16 | Epoch 00006 | Step 00000 | Loss 0.5423 | Train Acc 0.8690 | Speed (samples/sec) 427.7038 | GPU 2031.8 MB | time 2.665 s
Part 12 | Epoch 00006 | Step 00000 | Loss 0.6202 | Train Acc 0.8500 | Speed (samples/sec) 427.7333 | GPU 2092.9 MB | time 2.665 s
Part 13 | Epoch 00006 | Step 00000 | Loss 0.5291 | Train Acc 0.8660 | Speed (samples/sec) 427.6088 | GPU 2116.3 MB | time 2.665 s
Part 21 | Epoch 00006 | Step 00000 | Loss 0.5998 | Train Acc 0.8530 | Speed (samples/sec) 427.9791 | GPU 2053.2 MB | time 2.668 s
Part 22 | Epoch 00006 | Step 00000 | Loss 0.4622 | Train Acc 0.8820 | Speed (samples/sec) 427.9078 | GPU 2046.5 MB | time 2.669 s
Part 31 | Epoch 00006 | Step 00000 | Loss 0.4591 | Train Acc 0.8920 | Speed (samples/sec) 427.5984 | GPU 2211.4 MB | time 2.670 s
Part 11 | Epoch 00006 | Step 00000 | Loss 0.4992 | Train Acc 0.8640 | Speed (samples/sec) 427.6054 | GPU 2102.8 MB | time 2.669 s
Part 20 | Epoch 00006 | Step 00000 | Loss 0.5830 | Train Acc 0.8500 | Speed (samples/sec) 427.7195 | GPU 2061.8 MB | time 2.670 s
Part 26 | Epoch 00006 | Step 00000 | Loss 0.3985 | Train Acc 0.9110 | Speed (samples/sec) 427.6092 | GPU 2216.2 MB | time 2.672 s
Part 30 | Epoch 00006 | Step 00000 | Loss 0.4337 | Train Acc 0.9020 | Speed (samples/sec) 427.5833 | GPU 2207.4 MB | time 2.672 s
Part 6 | Epoch 00006 | Step 00000 | Loss 0.2419 | Train Acc 0.9430 | Speed (samples/sec) 427.3117 | GPU 2034.0 MB | time 2.670 s
Part 1 | Epoch 00006 | Step 00000 | Loss 0.3084 | Train Acc 0.9270 | Speed (samples/sec) 427.7704 | GPU 2032.4 MB | time 2.671 s
Part 3 | Epoch 00006 | Step 00000 | Loss 0.3192 | Train Acc 0.9300 | Speed (samples/sec) 427.5278 | GPU 2020.2 MB | time 2.672 s
Part 2 | Epoch 00006 | Step 00000 | Loss 0.2415 | Train Acc 0.9510 | Speed (samples/sec) 427.7177 | GPU 2037.7 MB | time 2.672 s
Part 17 | Epoch 00006 | Step 00000 | Loss 0.5313 | Train Acc 0.8770 | Speed (samples/sec) 427.7296 | GPU 2072.4 MB | time 2.674 s
Part 5 | Epoch 00006 | Step 00000 | Loss 0.2903 | Train Acc 0.9350 | Speed (samples/sec) 427.9123 | GPU 2024.7 MB | time 2.674 s
Part 4 | Epoch 00006 | Step 00000 | Loss 0.2991 | Train Acc 0.9290 | Speed (samples/sec) 427.9465 | GPU 2015.1 MB | time 2.674 s
Part 7 | Epoch 00006 | Step 00000 | Loss 0.3320 | Train Acc 0.9300 | Speed (samples/sec) 427.4638 | GPU 2043.5 MB | time 2.674 s
Part 8 | Epoch 00006 | Step 00000 | Loss 0.5031 | Train Acc 0.8720 | Speed (samples/sec) 427.5687 | GPU 2098.8 MB | time 2.675 s
Part 0 | Epoch 00006 | Step 00000 | Loss 0.3063 | Train Acc 0.9290 | Speed (samples/sec) 427.5810 | GPU 2023.1 MB | time 2.677 s
Part 14 | Epoch 00006 | Step 00000 | Loss 0.5363 | Train Acc 0.8700 | Speed (samples/sec) 427.6451 | GPU 2111.7 MB | time 2.675 s
Part 10 | Epoch 00006 | Step 00000 | Loss 0.5389 | Train Acc 0.8810 | Speed (samples/sec) 427.6283 | GPU 2091.0 MB | time 2.676 s
Part 29 | Epoch 00006 | Step 00000 | Loss 0.3789 | Train Acc 0.9110 | Speed (samples/sec) 427.7011 | GPU 2201.9 MB | time 2.679 s
Part 9 | Epoch 00006 | Step 00000 | Loss 0.4887 | Train Acc 0.8740 | Speed (samples/sec) 427.8205 | GPU 2097.0 MB | time 2.678 s
Part 28 | Epoch 00006 | Step 00000 | Loss 0.4038 | Train Acc 0.9050 | Speed (samples/sec) 427.2357 | GPU 2203.9 MB | time 2.681 s
Part 27 | Epoch 00006 | Step 00000 | Loss 0.4402 | Train Acc 0.8980 | Speed (samples/sec) 427.5674 | GPU 2214.4 MB | time 2.683 s
Part 15 | Epoch 00006 | Step 00000 | Loss 0.5497 | Train Acc 0.8610 | Speed (samples/sec) 427.5230 | GPU 2102.5 MB | time 2.683 s
Part 25 | Epoch 00006 | Step 00000 | Loss 0.3768 | Train Acc 0.9110 | Speed (samples/sec) 427.4089 | GPU 2209.1 MB | time 2.686 s
Avg train acc 0.8925
=====================
Part 7, Epoch Time(s): 13.5746
Sampling Time(s): 0.2781
Loading Time(s): 3.3893
Forward Time(s): 0.1253
Backward Time(s): 2.4749
Update Time(s): 0.0083
Emb Update Time(s): 7.2634
#seeds: 6144
#inputs: 1939561
==========================================
Part 6, Epoch Time(s): 13.5754
Sampling Time(s): 0.2970
Loading Time(s): 3.3189
Forward Time(s): 0.1243
Backward Time(s): 2.5295
Update Time(s): 0.0081
Emb Update Time(s): 7.2661
#seeds: 6144
#inputs: 1929086
=====================

=====================
Part 5, Epoch Time(s): 13.5757
Sampling Time(s): 0.3518
Loading Time(s): 3.2123
Forward Time(s): 0.1281
Backward Time(s): 2.5835
Update Time(s): 0.0086
Emb Update Time(s): 7.2546
#seeds: 6145
#inputs: 1930630
=====================
=====================
Part 3, Epoch Time(s): 13.5751
Sampling Time(s): 0.2790
Loading Time(s): 3.0778
Forward Time(s): 0.1246
Backward Time(s): 2.7847
Update Time(s): 0.0079
Emb Update Time(s): 7.2630
#seeds: 6144
#inputs: 1929268
=====================
=====================
Part 1, Epoch Time(s): 13.5755
Sampling Time(s): 0.2761
Loading Time(s): 2.9156
Forward Time(s): 0.1245
Backward Time(s): 2.9527
Update Time(s): 0.0079
Emb Update Time(s): 7.2587
#seeds: 6144
#inputs: 1931718
=====================
=====================
Part 4, Epoch Time(s): 13.5754
Sampling Time(s): 0.3680
Loading Time(s): 2.4753
Forward Time(s): 0.1313
Backward Time(s): 3.3025
Update Time(s): 0.0083
Emb Update Time(s): 7.2538
#seeds: 6145
#inputs: 1919914
=====================
=====================
Part 0, Epoch Time(s): 13.5770
Sampling Time(s): 0.3293
Loading Time(s): 2.9686
Forward Time(s): 0.1292
Backward Time(s): 2.8439
Update Time(s): 0.0101
Emb Update Time(s): 7.2619
#seeds: 6144
#inputs: 1919471
=====================
=====================
Part 31, Epoch Time(s): 13.5767
Sampling Time(s): 0.2793
Loading Time(s): 4.2222
Forward Time(s): 0.1248
Backward Time(s): 1.6603
Update Time(s): 0.0081
Emb Update Time(s): 7.2417
#seeds: 6144
#inputs: 1979499
=====================
=====================
Part 23, Epoch Time(s): 13.5761
Sampling Time(s): 0.3663
Loading Time(s): 5.2030
Forward Time(s): 0.1239
Backward Time(s): 0.5654
Update Time(s): 0.0071
Emb Update Time(s): 7.2727
#seeds: 6144
#inputs: 1929098
==========================================
Part 22, Epoch Time(s): 13.5772
Sampling Time(s): 0.3559
Loading Time(s): 4.4585
Forward Time(s): 0.1231
Backward Time(s): 1.3339
Update Time(s): 0.0076
Emb Update Time(s): 7.2559
#seeds: 6145
#inputs: 1931190
==========================================
Part 19, Epoch Time(s): 13.5769
Sampling Time(s): 0.3880
Loading Time(s): 3.8608
Forward Time(s): 0.1249
Backward Time(s): 1.9329
Update Time(s): 0.0080
Emb Update Time(s): 7.2132
#seeds: 6144
#inputs: 1929439
=====================


=====================
Part 21, Epoch Time(s): 13.5773
Sampling Time(s): 0.3987
Loading Time(s): 3.7130
Forward Time(s): 0.1275
Backward Time(s): 2.0540
Update Time(s): 0.0080
Emb Update Time(s): 7.2328
#seeds: 6145
#inputs: 1936536
=====================
=====================
Part 20, Epoch Time(s): 13.5770
Sampling Time(s): 0.3185
Loading Time(s): 3.7965
Forward Time(s): 0.1259
Backward Time(s): 2.0225
Update Time(s): 0.0076
Emb Update Time(s): 7.2649
#seeds: 6144
#inputs: 1938809
=====================
=====================
Part 17, Epoch Time(s): 13.5769
Sampling Time(s): 0.3918
Loading Time(s): 3.9161
Forward Time(s): 0.1254
Backward Time(s): 1.8486
Update Time(s): 0.0075
Emb Update Time(s): 7.2507
#seeds: 6144
#inputs: 1946693
==========================================
Part 16, Epoch Time(s): 13.5751
Sampling Time(s): 0.3560
Loading Time(s): 4.3664
Forward Time(s): 0.1259
Backward Time(s): 1.4379
Update Time(s): 0.0079
Emb Update Time(s): 7.2362
#seeds: 6144
#inputs: 1916174
=====================
=====================
Part 11, Epoch Time(s): 13.5760
Sampling Time(s): 0.3308
Loading Time(s): 3.7531
Forward Time(s): 0.1308
Backward Time(s): 2.0834
Update Time(s): 0.0085
Emb Update Time(s): 7.2272
#seeds: 6144
#inputs: 2039187
=====================
=====================
Part 15, Epoch Time(s): 13.5743
Sampling Time(s): 0.3359
Loading Time(s): 4.2674
Forward Time(s): 0.1325
Backward Time(s): 1.5181
Update Time(s): 0.0083
Emb Update Time(s): 7.2860
#seeds: 6144
#inputs: 2044724
=====================
=====================
Part 12, Epoch Time(s): 13.5761
Sampling Time(s): 0.4012
Loading Time(s): 4.7625
Forward Time(s): 0.1303
Backward Time(s): 0.9963
Update Time(s): 0.0074
Emb Update Time(s): 7.2328
#seeds: 6145
#inputs: 2044911
=====================
=====================
Part 9, Epoch Time(s): 13.5766
Sampling Time(s): 0.3514
Loading Time(s): 4.2399
Forward Time(s): 0.1353
Backward Time(s): 1.5223
Update Time(s): 0.0094
Emb Update Time(s): 7.2943
#seeds: 6145
#inputs: 2035936
=====================

=====================
Part 30, Epoch Time(s): 13.5782
Sampling Time(s): 0.3753
Loading Time(s): 4.3450
Forward Time(s): 0.1299
Backward Time(s): 1.4519
Update Time(s): 0.0087
Emb Update Time(s): 7.2274
#seeds: 6144
#inputs: 1973873
=====================
=====================
Part 27, Epoch Time(s): 13.5776
Sampling Time(s): 0.3315
Loading Time(s): 3.5352
Forward Time(s): 0.1233
Backward Time(s): 2.2840
Update Time(s): 0.0075
Emb Update Time(s): 7.2793
#seeds: 6144
#inputs: 1967001
=====================
=====================
Part 28, Epoch Time(s): 13.5778
Sampling Time(s): 0.3580
Loading Time(s): 3.9289
Forward Time(s): 0.1248
Backward Time(s): 1.8424
Update Time(s): 0.0083
Emb Update Time(s): 7.2965
#seeds: 6144
#inputs: 1959587
=====================
=====================
Part 25, Epoch Time(s): 13.5785
Sampling Time(s): 0.2767
Loading Time(s): 3.3660
Forward Time(s): 0.1266
Backward Time(s): 2.4954
Update Time(s): 0.0077
Emb Update Time(s): 7.2795
#seeds: 6144
#inputs: 1967955
=====================
=====================
Part 14, Epoch Time(s): 13.5763
Sampling Time(s): 0.2989
Loading Time(s): 3.9179
Forward Time(s): 0.1285
Backward Time(s): 1.9096
Update Time(s): 0.0084
Emb Update Time(s): 7.2775
#seeds: 6144
#inputs: 2039478
=====================
=====================
Part 8, Epoch Time(s): 13.5749
Sampling Time(s): 0.3485
Loading Time(s): 3.7381
Forward Time(s): 0.1259
Backward Time(s): 2.0377
Update Time(s): 0.0077
Emb Update Time(s): 7.2915
#seeds: 6144
#inputs: 2046054
=====================
=====================
Part 10, Epoch Time(s): 13.5759
Sampling Time(s): 0.4025
Loading Time(s): 4.6964
Forward Time(s): 0.1245
Backward Time(s): 1.0283
Update Time(s): 0.0076
Emb Update Time(s): 7.2903
#seeds: 6144
#inputs: 2026963
=====================
=====================
Part 13, Epoch Time(s): 13.5766
Sampling Time(s): 0.3347
Loading Time(s): 4.3933
Forward Time(s): 0.1263
Backward Time(s): 1.4385
Update Time(s): 0.0082
Emb Update Time(s): 7.2296
#seeds: 6144
#inputs: 2038265
=====================
=====================
Part 18, Epoch Time(s): 13.5767
Sampling Time(s): 0.3986
Loading Time(s): 3.2510
Forward Time(s): 0.1257
Backward Time(s): 2.5374
Update Time(s): 0.0074
Emb Update Time(s): 7.2056
#seeds: 6144
#inputs: 1941277
=====================
=====================
Part 29, Epoch Time(s): 13.5787
Sampling Time(s): 0.3914
Loading Time(s): 4.0723
Forward Time(s): 0.1363
Backward Time(s): 1.6592
Update Time(s): 0.0083
Emb Update Time(s): 7.2781
#seeds: 6144
#inputs: 1962274
==========================================
Part 26, Epoch Time(s): 13.5777
Sampling Time(s): 0.3857
Loading Time(s): 4.4496
Forward Time(s): 0.1251
Backward Time(s): 1.2921
Update Time(s): 0.0077
Emb Update Time(s): 7.2852
#seeds: 6145
#inputs: 1978058
=====================

=====================
Part 24, Epoch Time(s): 13.5765
Sampling Time(s): 0.2926
Loading Time(s): 3.1762
Forward Time(s): 0.1274
Backward Time(s): 2.6955
Update Time(s): 0.0082
Emb Update Time(s): 7.2296
#seeds: 6144
#inputs: 1981547
=====================
=====================
Part 2, Epoch Time(s): 13.5752
Sampling Time(s): 0.3489
Loading Time(s): 3.0926
Forward Time(s): 0.1271
Backward Time(s): 2.6962
Update Time(s): 0.0077
Emb Update Time(s): 7.2649
#seeds: 6144
#inputs: 1936341
=====================
Part 28, Val Acc 0.8934, Test Acc 0.7024, time: 78.9450
Part 26, Val Acc 0.9138, Test Acc 0.7019, time: 78.9974
Part 31, Val Acc 0.9064, Test Acc 0.7003, time: 81.2818
Part 24, Val Acc 0.9031, Test Acc 0.6990, time: 83.1033
Part 25, Val Acc 0.8967, Test Acc 0.7005, time: 83.5697
Part 27, Val Acc 0.9113, Test Acc 0.7002, time: 89.0434
Part 29, Val Acc 0.9145, Test Acc 0.7001, time: 90.4640
Part 30, Val Acc 0.9154, Test Acc 0.7009, time: 90.5256
Part 21, Val Acc 0.8698, Test Acc 0.7099, time: 104.4160
Part 17, Val Acc 0.8763, Test Acc 0.7084, time: 105.3647
Part 20, Val Acc 0.8723, Test Acc 0.7089, time: 105.4107
Part 18, Val Acc 0.8796, Test Acc 0.7080, time: 105.4260
Part 16, Val Acc 0.8738, Test Acc 0.7079, time: 105.5589
Part 19, Val Acc 0.8682, Test Acc 0.7086, time: 105.5693
Part 22, Val Acc 0.8723, Test Acc 0.7062, time: 105.5698
Part 23, Val Acc 0.8812, Test Acc 0.7099, time: 105.5698
Part 5, Val Acc 0.9406, Test Acc 0.8121, time: 105.9268
Part 3, Val Acc 0.9300, Test Acc 0.8093, time: 105.9983
Part 6, Val Acc 0.9340, Test Acc 0.8135, time: 106.0180
Part 1, Val Acc 0.9203, Test Acc 0.8104, time: 106.0196
Part 15, Val Acc 0.8592, Test Acc 0.7201, time: 106.0597
Part 7, Val Acc 0.9349, Test Acc 0.8094, time: 106.0681
Part 9, Val Acc 0.8999, Test Acc 0.7187, time: 106.3673
Part 11, Val Acc 0.8706, Test Acc 0.7190, time: 106.3819
Part 10, Val Acc 0.8884, Test Acc 0.7164, time: 106.3943
Part 2, Val Acc 0.9325, Test Acc 0.8105, time: 106.4018
Part 8, Val Acc 0.8723, Test Acc 0.7176, time: 106.4054
Part 13, Val Acc 0.8706, Test Acc 0.7168, time: 106.4250
Part 14, Val Acc 0.8731, Test Acc 0.7153, time: 106.4474
Part 4, Val Acc 0.9284, Test Acc 0.8125, time: 106.4556
Part 12, Val Acc 0.8584, Test Acc 0.7180, time: 106.5033
Part 0, Val Acc 0.9227, Test Acc 0.8103, time: 106.6553
All parts avg val acc 0.8964, test acc 0.7345
Part 19 | Epoch 00007 | Step 00000 | Loss 0.5486 | Train Acc 0.8830 | Speed (samples/sec) 429.7416 | GPU 2050.0 MB | time 2.521 s
Part 13 | Epoch 00007 | Step 00000 | Loss 0.4818 | Train Acc 0.8770 | Speed (samples/sec) 429.6029 | GPU 2116.3 MB | time 2.521 s
Part 9 | Epoch 00007 | Step 00000 | Loss 0.5569 | Train Acc 0.8590 | Speed (samples/sec) 429.7673 | GPU 2100.5 MB | time 2.522 s
Part 12 | Epoch 00007 | Step 00000 | Loss 0.5097 | Train Acc 0.8740 | Speed (samples/sec) 429.7382 | GPU 2097.5 MB | time 2.523 s
Part 18 | Epoch 00007 | Step 00000 | Loss 0.5784 | Train Acc 0.8560 | Speed (samples/sec) 429.5629 | GPU 2075.0 MB | time 2.525 s
Part 7 | Epoch 00007 | Step 00000 | Loss 0.3520 | Train Acc 0.9300 | Speed (samples/sec) 429.4808 | GPU 2043.5 MB | time 2.525 s
Part 8 | Epoch 00007 | Step 00000 | Loss 0.5584 | Train Acc 0.8620 | Speed (samples/sec) 429.5021 | GPU 2106.6 MB | time 2.527 s
Part 26 | Epoch 00007 | Step 00000 | Loss 0.3402 | Train Acc 0.9150 | Speed (samples/sec) 429.5823 | GPU 2216.2 MB | time 2.528 s
Part 4 | Epoch 00007 | Step 00000 | Loss 0.3174 | Train Acc 0.9170 | Speed (samples/sec) 429.8955 | GPU 2015.1 MB | time 2.527 s
Part 29 | Epoch 00007 | Step 00000 | Loss 0.3602 | Train Acc 0.9070 | Speed (samples/sec) 429.6943 | GPU 2201.9 MB | time 2.529 s
Part 21 | Epoch 00007 | Step 00000 | Loss 0.5554 | Train Acc 0.8590 | Speed (samples/sec) 429.9765 | GPU 2069.3 MB | time 2.529 s
Part 5 | Epoch 00007 | Step 00000 | Loss 0.3265 | Train Acc 0.9240 | Speed (samples/sec) 429.8892 | GPU 2032.0 MB | time 2.527 s
Part 2 | Epoch 00007 | Step 00000 | Loss 0.2721 | Train Acc 0.9330 | Speed (samples/sec) 429.6821 | GPU 2037.7 MB | time 2.530 s
Part 31 | Epoch 00007 | Step 00000 | Loss 0.4423 | Train Acc 0.8900 | Speed (samples/sec) 429.5582 | GPU 2211.4 MB | time 2.532 s
Part 17 | Epoch 00007 | Step 00000 | Loss 0.5406 | Train Acc 0.8680 | Speed (samples/sec) 429.6973 | GPU 2072.4 MB | time 2.531 s
Part 23 | Epoch 00007 | Step 00000 | Loss 0.5111 | Train Acc 0.8690 | Speed (samples/sec) 429.5812 | GPU 2053.6 MB | time 2.533 s
Part 14 | Epoch 00007 | Step 00000 | Loss 0.4811 | Train Acc 0.8670 | Speed (samples/sec) 429.6382 | GPU 2111.7 MB | time 2.532 s
Part 20 | Epoch 00007 | Step 00000 | Loss 0.5412 | Train Acc 0.8660 | Speed (samples/sec) 429.6902 | GPU 2061.8 MB | time 2.532 s
Part 16 | Epoch 00007 | Step 00000 | Loss 0.4907 | Train Acc 0.8830 | Speed (samples/sec) 429.6690 | GPU 2031.8 MB | time 2.532 s
Part 10 | Epoch 00007 | Step 00000 | Loss 0.4861 | Train Acc 0.8830 | Speed (samples/sec) 429.5486 | GPU 2091.0 MB | time 2.532 s
Part 0 | Epoch 00007 | Step 00000 | Loss 0.2485 | Train Acc 0.9330 | Speed (samples/sec) 429.5377 | GPU 2023.1 MB | time 2.534 s
Part 1 | Epoch 00007 | Step 00000 | Loss 0.2997 | Train Acc 0.9260 | Speed (samples/sec) 429.7207 | GPU 2032.4 MB | time 2.532 s
Part 27 | Epoch 00007 | Step 00000 | Loss 0.3740 | Train Acc 0.9220 | Speed (samples/sec) 429.4428 | GPU 2214.4 MB | time 2.534 s
Part 6 | Epoch 00007 | Step 00000 | Loss 0.3330 | Train Acc 0.9170 | Speed (samples/sec) 429.2450 | GPU 2034.0 MB | time 2.533 s
Part 3 | Epoch 00007 | Step 00000 | Loss 0.2647 | Train Acc 0.9350 | Speed (samples/sec) 429.5129 | GPU 2020.5 MB | time 2.532 s
Part 25 | Epoch 00007 | Step 00000 | Loss 0.3809 | Train Acc 0.9140 | Speed (samples/sec) 429.4014 | GPU 2209.1 MB | time 2.534 s
Part 22 | Epoch 00007 | Step 00000 | Loss 0.5639 | Train Acc 0.8650 | Speed (samples/sec) 429.8741 | GPU 2047.9 MB | time 2.534 s
Part 24 | Epoch 00007 | Step 00000 | Loss 0.3720 | Train Acc 0.9120 | Speed (samples/sec) 429.6196 | GPU 2216.0 MB | time 2.534 s
Part 11 | Epoch 00007 | Step 00000 | Loss 0.4763 | Train Acc 0.8730 | Speed (samples/sec) 429.5567 | GPU 2102.8 MB | time 2.533 s
Part 30 | Epoch 00007 | Step 00000 | Loss 0.3680 | Train Acc 0.9070 | Speed (samples/sec) 429.5416 | GPU 2207.4 MB | time 2.536 s
Part 28 | Epoch 00007 | Step 00000 | Loss 0.3399 | Train Acc 0.9140 | Speed (samples/sec) 429.1650 | GPU 2203.9 MB | time 2.538 s
Part 15 | Epoch 00007 | Step 00000 | Loss 0.4234 | Train Acc 0.8980 | Speed (samples/sec) 429.5034 | GPU 2102.9 MB | time 2.539 s
Avg train acc 0.8949
=====================
Part 21, Epoch Time(s): 13.4920
Sampling Time(s): 0.3860
Loading Time(s): 3.3850
Forward Time(s): 0.1263
Backward Time(s): 2.3471
Update Time(s): 0.0071
Emb Update Time(s): 7.2076
#seeds: 6145
#inputs: 1932190
=====================
=====================
Part 13, Epoch Time(s): 13.4917
Sampling Time(s): 0.3049
Loading Time(s): 3.6192
Forward Time(s): 0.1265
Backward Time(s): 2.2105
Update Time(s): 0.0084
Emb Update Time(s): 7.1818
#seeds: 6144
#inputs: 2043020
=====================
=====================
Part 9, Epoch Time(s): 13.4910
Sampling Time(s): 0.4130
Loading Time(s): 3.7558
Forward Time(s): 0.1308
Backward Time(s): 1.9812
Update Time(s): 0.0089
Emb Update Time(s): 7.1619
#seeds: 6145
#inputs: 2035014
=====================
=====================
Part 14, Epoch Time(s): 13.4916
Sampling Time(s): 0.3706
Loading Time(s): 4.4872
Forward Time(s): 0.1283
Backward Time(s): 1.2500
Update Time(s): 0.0080
Emb Update Time(s): 7.2177
#seeds: 6144
#inputs: 2026088
==========================================
Part 5, Epoch Time(s): 13.4906
Sampling Time(s): 0.2738
Loading Time(s): 3.0838
Forward Time(s): 0.1313
Backward Time(s): 2.7606
Update Time(s): 0.0082
Emb Update Time(s): 7.1992
#seeds: 6145
#inputs: 1930935
=====================
=====================
Part 6, Epoch Time(s): 13.4905
Sampling Time(s): 0.3148
Loading Time(s): 4.3112
Forward Time(s): 0.1230
Backward Time(s): 1.4870
Update Time(s): 0.0079
Emb Update Time(s): 7.2248
#seeds: 6144
#inputs: 1924992
=====================

=====================
Part 12, Epoch Time(s): 13.4907
Sampling Time(s): 0.3488
Loading Time(s): 3.9016
Forward Time(s): 0.1278
Backward Time(s): 1.8977
Update Time(s): 0.0077
Emb Update Time(s): 7.1765
#seeds: 6145
#inputs: 2039899
=====================
=====================
Part 17, Epoch Time(s): 13.4919
Sampling Time(s): 0.3758
Loading Time(s): 3.5854
Forward Time(s): 0.1261
Backward Time(s): 2.1742
Update Time(s): 0.0079
Emb Update Time(s): 7.1921
#seeds: 6144
#inputs: 1944289
==========================================
Part 19, Epoch Time(s): 13.4920
Sampling Time(s): 0.4192
Loading Time(s): 4.0755
Forward Time(s): 0.1258
Backward Time(s): 1.6452
Update Time(s): 0.0084
Emb Update Time(s): 7.1771
#seeds: 6144
#inputs: 1923227
==========================================
Part 22, Epoch Time(s): 13.4920
Sampling Time(s): 0.4114
Loading Time(s): 5.0253
Forward Time(s): 0.1264
Backward Time(s): 0.6920
Update Time(s): 0.0078
Emb Update Time(s): 7.2011
#seeds: 6145
#inputs: 1928365
=====================


=====================
Part 18, Epoch Time(s): 13.4917
Sampling Time(s): 0.3771
Loading Time(s): 3.8292
Forward Time(s): 0.1259
Backward Time(s): 1.9217
Update Time(s): 0.0069
Emb Update Time(s): 7.1940
#seeds: 6144
#inputs: 1936791
=====================
=====================
Part 29, Epoch Time(s): 13.4934
Sampling Time(s): 0.3097
Loading Time(s): 4.3750
Forward Time(s): 0.1241
Backward Time(s): 1.3966
Update Time(s): 0.0080
Emb Update Time(s): 7.2465
#seeds: 6144
#inputs: 1960811
=====================
=====================
Part 25, Epoch Time(s): 13.4927
Sampling Time(s): 0.4072
Loading Time(s): 3.5532
Forward Time(s): 0.1275
Backward Time(s): 2.1520
Update Time(s): 0.0080
Emb Update Time(s): 7.2257
#seeds: 6144
#inputs: 1965981
=====================
=====================
Part 11, Epoch Time(s): 13.4913
Sampling Time(s): 0.4603
Loading Time(s): 4.6172
Forward Time(s): 0.1358
Backward Time(s): 1.0237
Update Time(s): 0.0091
Emb Update Time(s): 7.2171
#seeds: 6144
#inputs: 2044704
=====================
=====================
Part 8, Epoch Time(s): 13.4898
Sampling Time(s): 0.3963
Loading Time(s): 3.7181
Forward Time(s): 0.1264
Backward Time(s): 1.9927
Update Time(s): 0.0079
Emb Update Time(s): 7.2151
#seeds: 6144
#inputs: 2043344
==========================================
Part 10, Epoch Time(s): 13.4912
Sampling Time(s): 0.3286
Loading Time(s): 4.2782
Forward Time(s): 0.1248
Backward Time(s): 1.4998
Update Time(s): 0.0072
Emb Update Time(s): 7.2232
#seeds: 6144
#inputs: 2026982
==========================================
Part 1, Epoch Time(s): 13.4906
Sampling Time(s): 0.3120
Loading Time(s): 3.9268
Forward Time(s): 0.1240
Backward Time(s): 1.8723
Update Time(s): 0.0081
Emb Update Time(s): 7.2181
#seeds: 6144
#inputs: 1931157
=====================
=====================
Part 7, Epoch Time(s): 13.4897
Sampling Time(s): 0.3071
Loading Time(s): 3.9242
Forward Time(s): 0.1268
Backward Time(s): 1.8942
Update Time(s): 0.0080
Emb Update Time(s): 7.1942
#seeds: 6144
#inputs: 1943131
=====================
=====================
Part 4, Epoch Time(s): 13.4899
Sampling Time(s): 0.3087
Loading Time(s): 2.7502
Forward Time(s): 0.1277
Backward Time(s): 3.0642
Update Time(s): 0.0086
Emb Update Time(s): 7.1970
#seeds: 6145
#inputs: 1919274
=====================
=====================
Part 3, Epoch Time(s): 13.4906
Sampling Time(s): 0.3868
Loading Time(s): 4.0773
Forward Time(s): 0.1239
Backward Time(s): 1.6450
Update Time(s): 0.0081
Emb Update Time(s): 7.2209
#seeds: 6144
#inputs: 1933672
==========================================
Part 2, Epoch Time(s): 13.4905
Sampling Time(s): 0.4049
Loading Time(s): 2.9557
Forward Time(s): 0.1264
Backward Time(s): 2.7450
Update Time(s): 0.0102
Emb Update Time(s): 7.2172
#seeds: 6144
#inputs: 1940475
==========================================
Part 20, Epoch Time(s): 13.4913
Sampling Time(s): 0.3776
Loading Time(s): 3.6396
Forward Time(s): 0.1245
Backward Time(s): 2.0937
Update Time(s): 0.0073
Emb Update Time(s): 7.2201
#seeds: 6144
#inputs: 1932269
==========================================
Part 16, Epoch Time(s): 13.4897
Sampling Time(s): 0.4045
Loading Time(s): 3.7645
Forward Time(s): 0.1238
Backward Time(s): 1.9459
Update Time(s): 0.0080
Emb Update Time(s): 7.2159
#seeds: 6144
#inputs: 1910067
=====================

=====================
Part 23, Epoch Time(s): 13.4915
Sampling Time(s): 0.4258
Loading Time(s): 4.5724
Forward Time(s): 0.1237
Backward Time(s): 1.1061
Update Time(s): 0.0080
Emb Update Time(s): 7.2269
#seeds: 6144
#inputs: 1924130
=====================




=====================
Part 30, Epoch Time(s): 13.4930
Sampling Time(s): 0.4130
Loading Time(s): 4.3489
Forward Time(s): 0.1249
Backward Time(s): 1.3715
Update Time(s): 0.0083
Emb Update Time(s): 7.2000
#seeds: 6144
#inputs: 1973882
=====================
=====================
Part 24, Epoch Time(s): 13.4913
Sampling Time(s): 0.3777
Loading Time(s): 3.8553
Forward Time(s): 0.1382
Backward Time(s): 1.8973
Update Time(s): 0.0092
Emb Update Time(s): 7.1861
#seeds: 6144
#inputs: 1985881
=====================
=====================
Part 26, Epoch Time(s): 13.4927
Sampling Time(s): 0.5227
Loading Time(s): 4.1061
Forward Time(s): 0.1255
Backward Time(s): 1.5046
Update Time(s): 0.0081
Emb Update Time(s): 7.1917
#seeds: 6145
#inputs: 1978970
==========================================
Part 28, Epoch Time(s): 13.4922
Sampling Time(s): 0.3065
Loading Time(s): 4.1737
Forward Time(s): 0.1253
Backward Time(s): 1.6445
Update Time(s): 0.0076
Emb Update Time(s): 7.2204
#seeds: 6144
#inputs: 1970274
==========================================
Part 27, Epoch Time(s): 13.4932
Sampling Time(s): 0.4071
Loading Time(s): 4.3866
Forward Time(s): 0.1239
Backward Time(s): 1.2758
Update Time(s): 0.0076
Emb Update Time(s): 7.2639
#seeds: 6144
#inputs: 1965549
=====================


=====================
Part 31, Epoch Time(s): 13.4915
Sampling Time(s): 0.2903
Loading Time(s): 4.1800
Forward Time(s): 0.1249
Backward Time(s): 1.6615
Update Time(s): 0.0072
Emb Update Time(s): 7.1992
#seeds: 6144
#inputs: 1979239
=====================
=====================
Part 0, Epoch Time(s): 13.4919
Sampling Time(s): 0.2892
Loading Time(s): 2.4809
Forward Time(s): 0.1317
Backward Time(s): 3.3400
Update Time(s): 0.0101
Emb Update Time(s): 7.2128
#seeds: 6144
#inputs: 1928006
=====================
=====================
Part 15, Epoch Time(s): 13.4894
Sampling Time(s): 0.3357
Loading Time(s): 4.7576
Forward Time(s): 0.1267
Backward Time(s): 1.0280
Update Time(s): 0.0076
Emb Update Time(s): 7.2138
#seeds: 6144
#inputs: 2045202
=====================
Part 28, Val Acc 0.8950, Test Acc 0.7061, time: 79.3055
Part 26, Val Acc 0.9129, Test Acc 0.7041, time: 79.9516
Part 24, Val Acc 0.9047, Test Acc 0.7025, time: 82.7983
Part 31, Val Acc 0.9113, Test Acc 0.7034, time: 82.7986
Part 25, Val Acc 0.8991, Test Acc 0.7036, time: 84.0976
Part 29, Val Acc 0.9161, Test Acc 0.7034, time: 87.3388
Part 30, Val Acc 0.9146, Test Acc 0.7045, time: 87.7303
Part 27, Val Acc 0.9089, Test Acc 0.7023, time: 88.0438
Part 16, Val Acc 0.8730, Test Acc 0.7142, time: 101.6597
Part 3, Val Acc 0.9414, Test Acc 0.8135, time: 102.2585
Part 7, Val Acc 0.9357, Test Acc 0.8146, time: 102.3059
Part 20, Val Acc 0.8739, Test Acc 0.7131, time: 102.6877
Part 18, Val Acc 0.8804, Test Acc 0.7130, time: 102.6878
Part 22, Val Acc 0.8714, Test Acc 0.7124, time: 102.8886
Part 1, Val Acc 0.9235, Test Acc 0.8148, time: 103.4691
Part 23, Val Acc 0.8796, Test Acc 0.7168, time: 103.6715
Part 19, Val Acc 0.8723, Test Acc 0.7147, time: 103.6739
Part 17, Val Acc 0.8853, Test Acc 0.7142, time: 103.6784
Part 6, Val Acc 0.9381, Test Acc 0.8172, time: 103.9095
Part 2, Val Acc 0.9349, Test Acc 0.8142, time: 104.2090
Part 21, Val Acc 0.8633, Test Acc 0.7151, time: 104.3362
Part 0, Val Acc 0.9251, Test Acc 0.8152, time: 104.6562
Part 5, Val Acc 0.9390, Test Acc 0.8150, time: 105.0482
Part 4, Val Acc 0.9333, Test Acc 0.8149, time: 105.4175
Part 15, Val Acc 0.8649, Test Acc 0.7214, time: 105.6408
Part 12, Val Acc 0.8649, Test Acc 0.7201, time: 105.8283
Part 14, Val Acc 0.8820, Test Acc 0.7170, time: 105.9050
Part 10, Val Acc 0.8917, Test Acc 0.7185, time: 105.9978
Part 13, Val Acc 0.8698, Test Acc 0.7183, time: 106.1066
Part 8, Val Acc 0.8804, Test Acc 0.7191, time: 106.2938
Part 9, Val Acc 0.8918, Test Acc 0.7210, time: 106.5578
Part 11, Val Acc 0.8763, Test Acc 0.7215, time: 106.6765
All parts avg val acc 0.8986, test acc 0.7381
Part 24 | Epoch 00008 | Step 00000 | Loss 0.3965 | Train Acc 0.9000 | Speed (samples/sec) 430.3409 | GPU 2216.0 MB | time 2.671 s
Part 19 | Epoch 00008 | Step 00000 | Loss 0.5262 | Train Acc 0.8770 | Speed (samples/sec) 430.4497 | GPU 2050.0 MB | time 2.673 s
Part 21 | Epoch 00008 | Step 00000 | Loss 0.5204 | Train Acc 0.8580 | Speed (samples/sec) 430.7308 | GPU 2069.3 MB | time 2.674 s
Part 9 | Epoch 00008 | Step 00000 | Loss 0.4593 | Train Acc 0.8910 | Speed (samples/sec) 430.5135 | GPU 2100.5 MB | time 2.674 s
Part 11 | Epoch 00008 | Step 00000 | Loss 0.4838 | Train Acc 0.8830 | Speed (samples/sec) 430.3255 | GPU 2107.9 MB | time 2.676 s
Part 18 | Epoch 00008 | Step 00000 | Loss 0.5206 | Train Acc 0.8720 | Speed (samples/sec) 430.3347 | GPU 2075.0 MB | time 2.676 s
Part 22 | Epoch 00008 | Step 00000 | Loss 0.5151 | Train Acc 0.8650 | Speed (samples/sec) 430.5944 | GPU 2047.9 MB | time 2.677 s
Part 13 | Epoch 00008 | Step 00000 | Loss 0.4532 | Train Acc 0.8740 | Speed (samples/sec) 430.3409 | GPU 2116.3 MB | time 2.677 s
Part 12 | Epoch 00008 | Step 00000 | Loss 0.4882 | Train Acc 0.8630 | Speed (samples/sec) 430.4258 | GPU 2097.5 MB | time 2.677 s
Part 31 | Epoch 00008 | Step 00000 | Loss 0.3863 | Train Acc 0.9010 | Speed (samples/sec) 430.2924 | GPU 2216.7 MB | time 2.681 s
Part 8 | Epoch 00008 | Step 00000 | Loss 0.5060 | Train Acc 0.8800 | Speed (samples/sec) 430.2703 | GPU 2106.6 MB | time 2.679 s
Part 17 | Epoch 00008 | Step 00000 | Loss 0.5574 | Train Acc 0.8700 | Speed (samples/sec) 430.4126 | GPU 2072.4 MB | time 2.680 s
Part 14 | Epoch 00008 | Step 00000 | Loss 0.4536 | Train Acc 0.8810 | Speed (samples/sec) 430.3743 | GPU 2111.7 MB | time 2.680 s
Part 1 | Epoch 00008 | Step 00000 | Loss 0.2737 | Train Acc 0.9340 | Speed (samples/sec) 430.4522 | GPU 2032.4 MB | time 2.680 s
Part 3 | Epoch 00008 | Step 00000 | Loss 0.2362 | Train Acc 0.9430 | Speed (samples/sec) 430.2691 | GPU 2020.5 MB | time 2.680 s
Part 6 | Epoch 00008 | Step 00000 | Loss 0.2977 | Train Acc 0.9330 | Speed (samples/sec) 429.9725 | GPU 2034.0 MB | time 2.680 s
Part 30 | Epoch 00008 | Step 00000 | Loss 0.5195 | Train Acc 0.8910 | Speed (samples/sec) 430.2747 | GPU 2224.1 MB | time 2.683 s
Part 4 | Epoch 00008 | Step 00000 | Loss 0.2498 | Train Acc 0.9400 | Speed (samples/sec) 430.6312 | GPU 2015.1 MB | time 2.681 s
Part 7 | Epoch 00008 | Step 00000 | Loss 0.2353 | Train Acc 0.9460 | Speed (samples/sec) 430.2341 | GPU 2043.5 MB | time 2.681 s
Part 20 | Epoch 00008 | Step 00000 | Loss 0.5469 | Train Acc 0.8660 | Speed (samples/sec) 430.4063 | GPU 2061.8 MB | time 2.682 s
Part 16 | Epoch 00008 | Step 00000 | Loss 0.5238 | Train Acc 0.8720 | Speed (samples/sec) 430.3896 | GPU 2041.2 MB | time 2.682 s
Part 0 | Epoch 00008 | Step 00000 | Loss 0.2424 | Train Acc 0.9360 | Speed (samples/sec) 430.2859 | GPU 2023.1 MB | time 2.683 s
Part 26 | Epoch 00008 | Step 00000 | Loss 0.3653 | Train Acc 0.9080 | Speed (samples/sec) 430.3167 | GPU 2216.2 MB | time 2.684 s
Part 28 | Epoch 00008 | Step 00000 | Loss 0.4185 | Train Acc 0.8990 | Speed (samples/sec) 429.8777 | GPU 2206.6 MB | time 2.685 s
Part 27 | Epoch 00008 | Step 00000 | Loss 0.2875 | Train Acc 0.9300 | Speed (samples/sec) 430.2369 | GPU 2214.4 MB | time 2.685 s
Part 29 | Epoch 00008 | Step 00000 | Loss 0.3412 | Train Acc 0.9190 | Speed (samples/sec) 430.4328 | GPU 2201.9 MB | time 2.685 s
Part 2 | Epoch 00008 | Step 00000 | Loss 0.2274 | Train Acc 0.9520 | Speed (samples/sec) 430.4064 | GPU 2037.7 MB | time 2.685 s
Part 5 | Epoch 00008 | Step 00000 | Loss 0.2133 | Train Acc 0.9520 | Speed (samples/sec) 430.6003 | GPU 2032.8 MB | time 2.685 s
Part 25 | Epoch 00008 | Step 00000 | Loss 0.3699 | Train Acc 0.9160 | Speed (samples/sec) 430.0767 | GPU 2209.1 MB | time 2.688 s
Part 15 | Epoch 00008 | Step 00000 | Loss 0.4434 | Train Acc 0.8860 | Speed (samples/sec) 430.2475 | GPU 2102.9 MB | time 2.688 s
Part 10 | Epoch 00008 | Step 00000 | Loss 0.5020 | Train Acc 0.8730 | Speed (samples/sec) 430.2887 | GPU 2098.1 MB | time 2.693 s
Part 23 | Epoch 00008 | Step 00000 | Loss 0.5659 | Train Acc 0.8630 | Speed (samples/sec) 430.2799 | GPU 2053.6 MB | time 2.693 s
Avg train acc 0.8992
=====================
Part 6, Epoch Time(s): 13.5875
Sampling Time(s): 0.3042
Loading Time(s): 3.4094
Forward Time(s): 0.1267
Backward Time(s): 2.3850
Update Time(s): 0.0082
Emb Update Time(s): 7.3270
#seeds: 6144
#inputs: 1926808
=====================
=====================
Part 7, Epoch Time(s): 13.5869
Sampling Time(s): 0.2830
Loading Time(s): 3.2693
Forward Time(s): 0.1257
Backward Time(s): 2.5603
Update Time(s): 0.0080
Emb Update Time(s): 7.3074
#seeds: 6144
#inputs: 1938680
==========================================
Part 5, Epoch Time(s): 13.5876
Sampling Time(s): 0.3682
Loading Time(s): 2.4598
Forward Time(s): 0.1306
Backward Time(s): 3.2849
Update Time(s): 0.0096
Emb Update Time(s): 7.3105
#seeds: 6145
#inputs: 1931657
=====================

=====================
Part 4, Epoch Time(s): 13.5876
Sampling Time(s): 0.3556
Loading Time(s): 2.5075
Forward Time(s): 0.1320
Backward Time(s): 3.2409
Update Time(s): 0.0078
Emb Update Time(s): 7.3096
#seeds: 6145
#inputs: 1914851
==========================================
Part 3, Epoch Time(s): 13.5869
Sampling Time(s): 0.3639
Loading Time(s): 3.0960
Forward Time(s): 0.1249
Backward Time(s): 2.6474
Update Time(s): 0.0081
Emb Update Time(s): 7.3193
#seeds: 6144
#inputs: 1932699
=====================

=====================
Part 2, Epoch Time(s): 13.5868
Sampling Time(s): 0.2865
Loading Time(s): 2.2276
Forward Time(s): 0.1333
Backward Time(s): 3.5801
Update Time(s): 0.0091
Emb Update Time(s): 7.3272
#seeds: 6144
#inputs: 1935363
==========================================
Part 1, Epoch Time(s): 13.5872
Sampling Time(s): 0.2722
Loading Time(s): 2.6097
Forward Time(s): 0.1251
Backward Time(s): 3.2262
Update Time(s): 0.0084
Emb Update Time(s): 7.3105
#seeds: 6144
#inputs: 1927483
==========================================
Part 0, Epoch Time(s): 13.5887
Sampling Time(s): 0.3325
Loading Time(s): 2.3165
Forward Time(s): 0.1281
Backward Time(s): 3.4629
Update Time(s): 0.0081
Emb Update Time(s): 7.3092
#seeds: 6144
#inputs: 1924162
=====================


=====================
Part 14, Epoch Time(s): 13.5887
Sampling Time(s): 0.3373
Loading Time(s): 4.3725
Forward Time(s): 0.1264
Backward Time(s): 1.3944
Update Time(s): 0.0079
Emb Update Time(s): 7.3148
#seeds: 6144
#inputs: 2026956
=====================
=====================
Part 13, Epoch Time(s): 13.5888
Sampling Time(s): 0.4173
Loading Time(s): 4.8619
Forward Time(s): 0.1261
Backward Time(s): 0.8510
Update Time(s): 0.0072
Emb Update Time(s): 7.2862
#seeds: 6144
#inputs: 2041703
==========================================
Part 15, Epoch Time(s): 13.5867
Sampling Time(s): 0.2922
Loading Time(s): 4.0001
Forward Time(s): 0.1357
Backward Time(s): 1.7935
Update Time(s): 0.0074
Emb Update Time(s): 7.3416
#seeds: 6144
#inputs: 2049500
=====================

=====================
Part 12, Epoch Time(s): 13.5886
Sampling Time(s): 0.3514
Loading Time(s): 4.8698
Forward Time(s): 0.1260
Backward Time(s): 0.9089
Update Time(s): 0.0074
Emb Update Time(s): 7.2862
#seeds: 6145
#inputs: 2035743
==========================================
Part 11, Epoch Time(s): 13.5881
Sampling Time(s): 0.3150
Loading Time(s): 2.3245
Forward Time(s): 0.1295
Backward Time(s): 3.4916
Update Time(s): 0.0084
Emb Update Time(s): 7.2795
#seeds: 6144
#inputs: 2038233
=====================

=====================
Part 10, Epoch Time(s): 13.5884
Sampling Time(s): 0.3705
Loading Time(s): 3.9989
Forward Time(s): 0.1242
Backward Time(s): 1.7373
Update Time(s): 0.0075
Emb Update Time(s): 7.3271
#seeds: 6144
#inputs: 2018609
=====================
=====================
Part 23, Epoch Time(s): 13.5886
Sampling Time(s): 0.2865
Loading Time(s): 5.1168
Forward Time(s): 0.1233
Backward Time(s): 0.6863
Update Time(s): 0.0072
Emb Update Time(s): 7.3468
#seeds: 6144
#inputs: 1929257
==========================================
Part 21, Epoch Time(s): 13.5889
Sampling Time(s): 0.3712
Loading Time(s): 4.3124
Forward Time(s): 0.1259
Backward Time(s): 1.4567
Update Time(s): 0.0080
Emb Update Time(s): 7.2728
#seeds: 6145
#inputs: 1937060
=====================

=====================
Part 22, Epoch Time(s): 13.5894
Sampling Time(s): 0.3511
Loading Time(s): 5.0905
Forward Time(s): 0.1272
Backward Time(s): 0.6583
Update Time(s): 0.0087
Emb Update Time(s): 7.3142
#seeds: 6145
#inputs: 1929853
==========================================
Part 18, Epoch Time(s): 13.5885
Sampling Time(s): 0.3438
Loading Time(s): 3.5611
Forward Time(s): 0.1344
Backward Time(s): 2.2203
Update Time(s): 0.0076
Emb Update Time(s): 7.2825
#seeds: 6144
#inputs: 1937696
=====================
=====================
Part 19, Epoch Time(s): 13.5887
Sampling Time(s): 0.3768
Loading Time(s): 4.3486
Forward Time(s): 0.1258
Backward Time(s): 1.4160
Update Time(s): 0.0076
Emb Update Time(s): 7.2720
#seeds: 6144
#inputs: 1928215
=====================
=====================
Part 20, Epoch Time(s): 13.5890
Sampling Time(s): 0.3697
Loading Time(s): 4.1080
Forward Time(s): 0.1246
Backward Time(s): 1.6314
Update Time(s): 0.0079
Emb Update Time(s): 7.3142
#seeds: 6144
#inputs: 1935902
=====================

=====================
Part 16, Epoch Time(s): 13.5869
Sampling Time(s): 0.3599
Loading Time(s): 4.1501
Forward Time(s): 0.1234
Backward Time(s): 1.6064
Update Time(s): 0.0077
Emb Update Time(s): 7.3079
#seeds: 6144
#inputs: 1907401
=====================
=====================
Part 17, Epoch Time(s): 13.5889
Sampling Time(s): 0.3505
Loading Time(s): 3.6269
Forward Time(s): 0.1269
Backward Time(s): 2.1525
Update Time(s): 0.0083
Emb Update Time(s): 7.2882
#seeds: 6144
#inputs: 1952462
=====================
=====================
Part 9, Epoch Time(s): 13.5885
Sampling Time(s): 0.3910
Loading Time(s): 3.2718
Forward Time(s): 0.1281
Backward Time(s): 2.4653
Update Time(s): 0.0078
Emb Update Time(s): 7.2826
#seeds: 6145
#inputs: 2037015
=====================
=====================
Part 8, Epoch Time(s): 13.5874
Sampling Time(s): 0.3791
Loading Time(s): 3.7817
Forward Time(s): 0.1269
Backward Time(s): 1.9401
Update Time(s): 0.0075
Emb Update Time(s): 7.3166
#seeds: 6144
#inputs: 2043450
=====================
=====================
Part 30, Epoch Time(s): 13.5902
Sampling Time(s): 0.3351
Loading Time(s): 3.9001
Forward Time(s): 0.1256
Backward Time(s): 1.8698
Update Time(s): 0.0084
Emb Update Time(s): 7.3176
#seeds: 6144
#inputs: 1978335
=====================
=====================
Part 28, Epoch Time(s): 13.5901
Sampling Time(s): 0.3975
Loading Time(s): 3.6859
Forward Time(s): 0.1238
Backward Time(s): 2.0112
Update Time(s): 0.0080
Emb Update Time(s): 7.3405
#seeds: 6144
#inputs: 1969504
=====================
=====================
Part 31, Epoch Time(s): 13.5886
Sampling Time(s): 0.3695
Loading Time(s): 4.4061
Forward Time(s): 0.1253
Backward Time(s): 1.3211
Update Time(s): 0.0077
Emb Update Time(s): 7.3247
#seeds: 6144
#inputs: 1974492
=====================
=====================
Part 29, Epoch Time(s): 13.5906
Sampling Time(s): 0.3501
Loading Time(s): 3.3861
Forward Time(s): 0.1267
Backward Time(s): 2.3556
Update Time(s): 0.0080
Emb Update Time(s): 7.3327
#seeds: 6144
#inputs: 1959353
==========================================
Part 27, Epoch Time(s): 13.5896
Sampling Time(s): 0.3361
Loading Time(s): 3.8030
Forward Time(s): 0.1233
Backward Time(s): 1.9507
Update Time(s): 0.0075
Emb Update Time(s): 7.3383
#seeds: 6144
#inputs: 1965518
==========================================
Part 26, Epoch Time(s): 13.5900
Sampling Time(s): 0.4179
Loading Time(s): 4.2746
Forward Time(s): 0.1274
Backward Time(s): 1.4092
Update Time(s): 0.0087
Emb Update Time(s): 7.3199
#seeds: 6145
#inputs: 1980980
=====================
=====================
Part 24, Epoch Time(s): 13.5886
Sampling Time(s): 0.3309
Loading Time(s): 3.1649
Forward Time(s): 0.1304
Backward Time(s): 2.6544
Update Time(s): 0.0092
Emb Update Time(s): 7.2546
#seeds: 6144
#inputs: 1982620
=====================
=====================
Part 25, Epoch Time(s): 13.5900
Sampling Time(s): 0.3283
Loading Time(s): 4.0829
Forward Time(s): 0.1254
Backward Time(s): 1.6785
Update Time(s): 0.0087
Emb Update Time(s): 7.3379
#seeds: 6144
#inputs: 1960129
=====================


Part 28, Val Acc 0.8991, Test Acc 0.7121, time: 80.3683
Part 26, Val Acc 0.9129, Test Acc 0.7106, time: 80.3748
Part 31, Val Acc 0.9056, Test Acc 0.7102, time: 82.7969
Part 25, Val Acc 0.9024, Test Acc 0.7100, time: 88.8265
Part 24, Val Acc 0.9112, Test Acc 0.7085, time: 88.8319
Part 27, Val Acc 0.9081, Test Acc 0.7085, time: 91.5321
Part 29, Val Acc 0.9169, Test Acc 0.7095, time: 91.9985
Part 30, Val Acc 0.9227, Test Acc 0.7107, time: 92.1192
Part 17, Val Acc 0.8845, Test Acc 0.7208, time: 103.9434
Part 18, Val Acc 0.8739, Test Acc 0.7191, time: 103.9837
Part 20, Val Acc 0.8804, Test Acc 0.7205, time: 104.0490
Part 23, Val Acc 0.8779, Test Acc 0.7233, time: 104.9490
Part 16, Val Acc 0.8746, Test Acc 0.7196, time: 104.9864
Part 21, Val Acc 0.8657, Test Acc 0.7215, time: 104.9886
Part 22, Val Acc 0.8698, Test Acc 0.7182, time: 104.9892
Part 19, Val Acc 0.8763, Test Acc 0.7206, time: 104.9905
Part 3, Val Acc 0.9300, Test Acc 0.8129, time: 105.4138
Part 6, Val Acc 0.9406, Test Acc 0.8181, time: 105.4332
Part 7, Val Acc 0.9382, Test Acc 0.8141, time: 105.7830
Part 2, Val Acc 0.9317, Test Acc 0.8136, time: 105.8094
Part 0, Val Acc 0.9292, Test Acc 0.8133, time: 105.8132
Part 4, Val Acc 0.9341, Test Acc 0.8152, time: 105.8663
Part 1, Val Acc 0.9276, Test Acc 0.8140, time: 105.9006
Part 15, Val Acc 0.8674, Test Acc 0.7222, time: 106.0192
Part 14, Val Acc 0.8828, Test Acc 0.7176, time: 106.3939
Part 13, Val Acc 0.8796, Test Acc 0.7199, time: 106.4987
Part 10, Val Acc 0.8868, Test Acc 0.7195, time: 106.5008
Part 12, Val Acc 0.8568, Test Acc 0.7210, time: 106.5030
Part 8, Val Acc 0.8755, Test Acc 0.7199, time: 106.5048
Part 11, Val Acc 0.8788, Test Acc 0.7211, time: 106.5810
Part 5, Val Acc 0.9341, Test Acc 0.8155, time: 106.6048
Part 9, Val Acc 0.8967, Test Acc 0.7216, time: 107.0595
All parts avg val acc 0.8991, test acc 0.7414
Part 9 | Epoch 00009 | Step 00000 | Loss 0.4733 | Train Acc 0.8910 | Speed (samples/sec) 431.7607 | GPU 2100.5 MB | time 2.526 s
Part 19 | Epoch 00009 | Step 00000 | Loss 0.4599 | Train Acc 0.8860 | Speed (samples/sec) 431.6662 | GPU 2050.0 MB | time 2.527 s
Part 13 | Epoch 00009 | Step 00000 | Loss 0.4498 | Train Acc 0.8800 | Speed (samples/sec) 431.5612 | GPU 2116.3 MB | time 2.529 s
Part 11 | Epoch 00009 | Step 00000 | Loss 0.4902 | Train Acc 0.8780 | Speed (samples/sec) 431.5594 | GPU 2107.9 MB | time 2.530 s
Part 18 | Epoch 00009 | Step 00000 | Loss 0.5019 | Train Acc 0.8670 | Speed (samples/sec) 431.5702 | GPU 2075.0 MB | time 2.530 s
Part 30 | Epoch 00009 | Step 00000 | Loss 0.3421 | Train Acc 0.9090 | Speed (samples/sec) 431.5244 | GPU 2224.1 MB | time 2.532 s
Part 22 | Epoch 00009 | Step 00000 | Loss 0.5161 | Train Acc 0.8800 | Speed (samples/sec) 431.8520 | GPU 2047.9 MB | time 2.532 s
Part 0 | Epoch 00009 | Step 00000 | Loss 0.2513 | Train Acc 0.9480 | Speed (samples/sec) 431.5290 | GPU 2023.1 MB | time 2.535 s
Part 7 | Epoch 00009 | Step 00000 | Loss 0.3031 | Train Acc 0.9230 | Speed (samples/sec) 431.4915 | GPU 2043.5 MB | time 2.532 s
Part 31 | Epoch 00009 | Step 00000 | Loss 0.4589 | Train Acc 0.8870 | Speed (samples/sec) 431.5525 | GPU 2216.7 MB | time 2.532 s
Part 5 | Epoch 00009 | Step 00000 | Loss 0.2717 | Train Acc 0.9370 | Speed (samples/sec) 431.7903 | GPU 2032.8 MB | time 2.534 s
Part 26 | Epoch 00009 | Step 00000 | Loss 0.4007 | Train Acc 0.9000 | Speed (samples/sec) 431.5810 | GPU 2216.2 MB | time 2.536 s
Part 4 | Epoch 00009 | Step 00000 | Loss 0.2432 | Train Acc 0.9380 | Speed (samples/sec) 431.8705 | GPU 2015.1 MB | time 2.534 s
Part 21 | Epoch 00009 | Step 00000 | Loss 0.4711 | Train Acc 0.8850 | Speed (samples/sec) 431.9154 | GPU 2069.3 MB | time 2.536 s
Part 12 | Epoch 00009 | Step 00000 | Loss 0.4509 | Train Acc 0.8850 | Speed (samples/sec) 431.6498 | GPU 2097.5 MB | time 2.535 s
Part 20 | Epoch 00009 | Step 00000 | Loss 0.6019 | Train Acc 0.8510 | Speed (samples/sec) 431.6299 | GPU 2061.8 MB | time 2.537 s
Part 17 | Epoch 00009 | Step 00000 | Loss 0.4477 | Train Acc 0.8840 | Speed (samples/sec) 431.6227 | GPU 2072.4 MB | time 2.538 s
Part 8 | Epoch 00009 | Step 00000 | Loss 0.4403 | Train Acc 0.8890 | Speed (samples/sec) 431.5192 | GPU 2106.6 MB | time 2.539 s
Part 14 | Epoch 00009 | Step 00000 | Loss 0.5377 | Train Acc 0.8640 | Speed (samples/sec) 431.6060 | GPU 2111.7 MB | time 2.540 sPart 10 | Epoch 00009 | Step 00000 | Loss 0.5264 | Train Acc 0.8690 | Speed (samples/sec) 431.5390 | GPU 2098.1 MB | time 2.539 s

Part 3 | Epoch 00009 | Step 00000 | Loss 0.2903 | Train Acc 0.9370 | Speed (samples/sec) 431.4475 | GPU 2020.5 MB | time 2.539 s
Part 6 | Epoch 00009 | Step 00000 | Loss 0.2335 | Train Acc 0.9420 | Speed (samples/sec) 431.1837 | GPU 2034.0 MB | time 2.539 s
Part 1 | Epoch 00009 | Step 00000 | Loss 0.2463 | Train Acc 0.9410 | Speed (samples/sec) 431.6705 | GPU 2032.4 MB | time 2.539 s
Part 2 | Epoch 00009 | Step 00000 | Loss 0.2881 | Train Acc 0.9260 | Speed (samples/sec) 431.5888 | GPU 2037.7 MB | time 2.539 s
Part 23 | Epoch 00009 | Step 00000 | Loss 0.5480 | Train Acc 0.8600 | Speed (samples/sec) 431.5535 | GPU 2053.6 MB | time 2.545 s
Part 16 | Epoch 00009 | Step 00000 | Loss 0.5102 | Train Acc 0.8700 | Speed (samples/sec) 431.5956 | GPU 2041.2 MB | time 2.545 s
Part 29 | Epoch 00009 | Step 00000 | Loss 0.3224 | Train Acc 0.9160 | Speed (samples/sec) 431.6586 | GPU 2201.9 MB | time 2.546 s
Part 28 | Epoch 00009 | Step 00000 | Loss 0.3452 | Train Acc 0.9090 | Speed (samples/sec) 431.0829 | GPU 2206.6 MB | time 2.546 s
Part 15 | Epoch 00009 | Step 00000 | Loss 0.4439 | Train Acc 0.8910 | Speed (samples/sec) 431.4092 | GPU 2112.9 MB | time 2.546 s
Part 24 | Epoch 00009 | Step 00000 | Loss 0.4204 | Train Acc 0.8990 | Speed (samples/sec) 431.5257 | GPU 2216.0 MB | time 2.547 s
Part 25 | Epoch 00009 | Step 00000 | Loss 0.3345 | Train Acc 0.9210 | Speed (samples/sec) 431.3058 | GPU 2209.1 MB | time 2.548 s
Part 27 | Epoch 00009 | Step 00000 | Loss 0.3071 | Train Acc 0.9260 | Speed (samples/sec) 431.4835 | GPU 2214.4 MB | time 2.550 s
Avg train acc 0.8997
=====================
Part 7, Epoch Time(s): 13.4367
Sampling Time(s): 0.2912
Loading Time(s): 3.1712
Forward Time(s): 0.1290
Backward Time(s): 2.8157
Update Time(s): 0.0086
Emb Update Time(s): 6.9805
#seeds: 6144
#inputs: 1933321
=====================
=====================
Part 4, Epoch Time(s): 13.4365
Sampling Time(s): 0.3699
Loading Time(s): 3.9149
Forward Time(s): 0.1266
Backward Time(s): 1.9724
Update Time(s): 0.0072
Emb Update Time(s): 7.0129
#seeds: 6145
#inputs: 1919196
=====================
=====================
Part 5, Epoch Time(s): 13.4383
Sampling Time(s): 0.3253
Loading Time(s): 3.3557
Forward Time(s): 0.1270
Backward Time(s): 2.5815
Update Time(s): 0.0083
Emb Update Time(s): 6.9999
#seeds: 6145
#inputs: 1933646
=====================
=====================
Part 3, Epoch Time(s): 13.4374
Sampling Time(s): 0.2795
Loading Time(s): 3.1217
Forward Time(s): 0.1234
Backward Time(s): 2.8576
Update Time(s): 0.0076
Emb Update Time(s): 7.0131
#seeds: 6144
#inputs: 1927812
=====================
=====================
Part 1, Epoch Time(s): 13.4380
Sampling Time(s): 0.4004
Loading Time(s): 3.6139
Forward Time(s): 0.1243
Backward Time(s): 2.2459
Update Time(s): 0.0076
Emb Update Time(s): 7.0108
#seeds: 6144
#inputs: 1930153
=====================
=====================
Part 0, Epoch Time(s): 13.4387
Sampling Time(s): 0.3352
Loading Time(s): 3.6372
Forward Time(s): 0.1294
Backward Time(s): 2.2866
Update Time(s): 0.0085
Emb Update Time(s): 7.0090
#seeds: 6144
#inputs: 1924062
=====================
=====================
Part 12, Epoch Time(s): 13.4376
Sampling Time(s): 0.3081
Loading Time(s): 4.5793
Forward Time(s): 0.1270
Backward Time(s): 1.3969
Update Time(s): 0.0074
Emb Update Time(s): 6.9868
#seeds: 6145
#inputs: 2040813
==========================================
Part 11, Epoch Time(s): 13.4381
Sampling Time(s): 0.3816
Loading Time(s): 4.6938
Forward Time(s): 0.1266
Backward Time(s): 1.2129
Update Time(s): 0.0084
Emb Update Time(s): 6.9705
#seeds: 6144
#inputs: 2038382
==========================================
Part 15, Epoch Time(s): 13.4365
Sampling Time(s): 0.3120
Loading Time(s): 4.4313
Forward Time(s): 0.1257
Backward Time(s): 1.5006
Update Time(s): 0.0077
Emb Update Time(s): 7.0332
#seeds: 6144
#inputs: 2051753
=====================


=====================
Part 13, Epoch Time(s): 13.4391
Sampling Time(s): 0.2993
Loading Time(s): 4.1762
Forward Time(s): 0.1259
Backward Time(s): 1.8125
Update Time(s): 0.0081
Emb Update Time(s): 6.9710
#seeds: 6144
#inputs: 2048529
=====================
=====================
Part 9, Epoch Time(s): 13.4391
Sampling Time(s): 0.2923
Loading Time(s): 3.6127
Forward Time(s): 0.1265
Backward Time(s): 2.3850
Update Time(s): 0.0085
Emb Update Time(s): 6.9656
#seeds: 6145
#inputs: 2033011
=====================
=====================
Part 8, Epoch Time(s): 13.4373
Sampling Time(s): 0.3531
Loading Time(s): 4.5515
Forward Time(s): 0.1253
Backward Time(s): 1.3515
Update Time(s): 0.0079
Emb Update Time(s): 7.0137
#seeds: 6144
#inputs: 2048136
==========================================
Part 23, Epoch Time(s): 13.4389
Sampling Time(s): 0.2863
Loading Time(s): 4.5211
Forward Time(s): 0.1241
Backward Time(s): 1.4335
Update Time(s): 0.0077
Emb Update Time(s): 7.0370
#seeds: 6144
#inputs: 1934906
=====================
=====================
Part 20, Epoch Time(s): 13.4382
Sampling Time(s): 0.4105
Loading Time(s): 4.9452
Forward Time(s): 0.1236
Backward Time(s): 0.9030
Update Time(s): 0.0071
Emb Update Time(s): 7.0127
#seeds: 6144
#inputs: 1934840
==========================================
Part 21, Epoch Time(s): 13.4399
Sampling Time(s): 0.3313
Loading Time(s): 4.2469
Forward Time(s): 0.1240
Backward Time(s): 1.6937
Update Time(s): 0.0070
Emb Update Time(s): 6.9981
#seeds: 6145
#inputs: 1933830
=====================

=====================
Part 19, Epoch Time(s): 13.4387
Sampling Time(s): 0.3966
Loading Time(s): 4.2893
Forward Time(s): 0.1254
Backward Time(s): 1.5972
Update Time(s): 0.0078
Emb Update Time(s): 6.9817
#seeds: 6144
#inputs: 1927344
=====================
=====================
Part 16, Epoch Time(s): 13.4369
Sampling Time(s): 0.3823
Loading Time(s): 4.1988
Forward Time(s): 0.1233
Backward Time(s): 1.6632
Update Time(s): 0.0077
Emb Update Time(s): 7.0345
#seeds: 6144
#inputs: 1916452
=====================

=====================
Part 28, Epoch Time(s): 13.4393
Sampling Time(s): 0.4117
Loading Time(s): 3.5088
Forward Time(s): 0.1238
Backward Time(s): 2.3395
Update Time(s): 0.0082
Emb Update Time(s): 7.0260
#seeds: 6144
#inputs: 1967830
=====================
=====================
Part 27, Epoch Time(s): 13.4398
Sampling Time(s): 0.3574
Loading Time(s): 3.0977
Forward Time(s): 0.1231
Backward Time(s): 2.8055
Update Time(s): 0.0081
Emb Update Time(s): 7.0235
#seeds: 6144
#inputs: 1963893
==========================================
Part 29, Epoch Time(s): 13.4410
Sampling Time(s): 0.3771
Loading Time(s): 3.3610
Forward Time(s): 0.1231
Backward Time(s): 2.5059
Update Time(s): 0.0080
Emb Update Time(s): 7.0364
#seeds: 6144
#inputs: 1958871
==========================================
Part 31, Epoch Time(s): 13.4390
Sampling Time(s): 0.3684
Loading Time(s): 4.1216
Forward Time(s): 0.1298
Backward Time(s): 1.7758
Update Time(s): 0.0090
Emb Update Time(s): 6.9928
#seeds: 6144
#inputs: 1978525
=====================


=====================
Part 14, Epoch Time(s): 13.4388
Sampling Time(s): 0.3315
Loading Time(s): 3.9543
Forward Time(s): 0.1272
Backward Time(s): 1.9694
Update Time(s): 0.0081
Emb Update Time(s): 7.0137
#seeds: 6144
#inputs: 2035894
=====================
=====================
Part 25, Epoch Time(s): 13.4405
Sampling Time(s): 0.3318
Loading Time(s): 3.1696
Forward Time(s): 0.1246
Backward Time(s): 2.7336
Update Time(s): 0.0080
Emb Update Time(s): 7.0457
#seeds: 6144
#inputs: 1968901
=====================
=====================
Part 30, Epoch Time(s): 13.4404
Sampling Time(s): 0.3878
Loading Time(s): 4.6480
Forward Time(s): 0.1240
Backward Time(s): 1.2162
Update Time(s): 0.0079
Emb Update Time(s): 7.0136
#seeds: 6144
#inputs: 1972626
==========================================
Part 22, Epoch Time(s): 13.4394
Sampling Time(s): 0.3741
Loading Time(s): 4.4561
Forward Time(s): 0.1287
Backward Time(s): 1.4385
Update Time(s): 0.0090
Emb Update Time(s): 6.9901
#seeds: 6145
#inputs: 1929441
=====================
=====================
Part 6, Epoch Time(s): 13.4377
Sampling Time(s): 0.3174
Loading Time(s): 2.7833
Forward Time(s): 0.1240
Backward Time(s): 3.1553
Update Time(s): 0.0080
Emb Update Time(s): 7.0154
#seeds: 6144
#inputs: 1927428
=====================
=====================
Part 17, Epoch Time(s): 13.4392
Sampling Time(s): 0.3245
Loading Time(s): 3.9924
Forward Time(s): 0.1253
Backward Time(s): 1.9494
Update Time(s): 0.0083
Emb Update Time(s): 7.0024
#seeds: 6144
#inputs: 1946122
=====================
=====================
Part 18, Epoch Time(s): 13.4388
Sampling Time(s): 0.3041
Loading Time(s): 3.7344
Forward Time(s): 0.1247
Backward Time(s): 2.2509
Update Time(s): 0.0076
Emb Update Time(s): 6.9854
#seeds: 6144
#inputs: 1940413
=====================
=====================
Part 2, Epoch Time(s): 13.4375
Sampling Time(s): 0.3589
Loading Time(s): 3.7841
Forward Time(s): 0.1293
Backward Time(s): 2.1101
Update Time(s): 0.0087
Emb Update Time(s): 7.0118
#seeds: 6144
#inputs: 1941985
=====================
=====================
Part 24, Epoch Time(s): 13.4386
Sampling Time(s): 0.3530
Loading Time(s): 3.6859
Forward Time(s): 0.1313
Backward Time(s): 2.2072
Update Time(s): 0.0103
Emb Update Time(s): 7.0237
#seeds: 6144
#inputs: 1977728
=====================

=====================
Part 10, Epoch Time(s): 13.4384
Sampling Time(s): 0.2738
Loading Time(s): 3.7161
Forward Time(s): 0.1248
Backward Time(s): 2.2649
Update Time(s): 0.0077
Emb Update Time(s): 7.0166
#seeds: 6144
#inputs: 2022498
=====================
=====================
Part 26, Epoch Time(s): 13.4400
Sampling Time(s): 0.3860
Loading Time(s): 4.2540
Forward Time(s): 0.1256
Backward Time(s): 1.6209
Update Time(s): 0.0084
Emb Update Time(s): 7.0060
#seeds: 6145
#inputs: 1972957
=====================
Part 10, Val Acc 0.8836, Test Acc 0.7208, time: 96.8406
Part 16, Val Acc 0.8787, Test Acc 0.7289, time: 96.8948
Part 22, Val Acc 0.8755, Test Acc 0.7261, time: 96.9191
Part 15, Val Acc 0.8674, Test Acc 0.7229, time: 96.9540
Part 13, Val Acc 0.8779, Test Acc 0.7217, time: 96.9777
Part 26, Val Acc 0.9162, Test Acc 0.7159, time: 97.1953
Part 28, Val Acc 0.9024, Test Acc 0.7168, time: 97.2335
Part 19, Val Acc 0.8698, Test Acc 0.7290, time: 97.3512
Part 17, Val Acc 0.8942, Test Acc 0.7294, time: 97.3513
Part 23, Val Acc 0.8845, Test Acc 0.7319, time: 97.3577
Part 14, Val Acc 0.8869, Test Acc 0.7207, time: 97.3682
Part 12, Val Acc 0.8674, Test Acc 0.7240, time: 97.3726
Part 3, Val Acc 0.9390, Test Acc 0.8143, time: 98.3313
Part 6, Val Acc 0.9422, Test Acc 0.8175, time: 98.4272
Part 31, Val Acc 0.9146, Test Acc 0.7148, time: 99.2251
Part 24, Val Acc 0.9080, Test Acc 0.7132, time: 99.4086
Part 8, Val Acc 0.8812, Test Acc 0.7220, time: 99.4212
Part 1, Val Acc 0.9284, Test Acc 0.8155, time: 99.5163
Part 7, Val Acc 0.9398, Test Acc 0.8134, time: 99.6335
Part 2, Val Acc 0.9373, Test Acc 0.8142, time: 100.6303
Part 11, Val Acc 0.8747, Test Acc 0.7250, time: 100.7947
Part 20, Val Acc 0.8828, Test Acc 0.7285, time: 100.8620
Part 25, Val Acc 0.8975, Test Acc 0.7153, time: 101.0573
Part 0, Val Acc 0.9251, Test Acc 0.8147, time: 101.3015
Part 18, Val Acc 0.8812, Test Acc 0.7278, time: 101.3036
Part 9, Val Acc 0.8999, Test Acc 0.7228, time: 101.3835
Part 21, Val Acc 0.8714, Test Acc 0.7298, time: 101.7145
Part 27, Val Acc 0.9097, Test Acc 0.7132, time: 101.7184
Part 29, Val Acc 0.9186, Test Acc 0.7137, time: 101.9182
Part 4, Val Acc 0.9373, Test Acc 0.8161, time: 101.9219
Part 30, Val Acc 0.9170, Test Acc 0.7155, time: 102.0453
Part 5, Val Acc 0.9414, Test Acc 0.8172, time: 102.4579
All parts avg val acc 0.9016, test acc 0.7454
Part 16 | Epoch 00010 | Step 00000 | Loss 0.4998 | Train Acc 0.8800 | Speed (samples/sec) 433.1550 | GPU 2041.2 MB | time 2.378 s
Part 17 | Epoch 00010 | Step 00000 | Loss 0.5008 | Train Acc 0.8780 | Speed (samples/sec) 433.1425 | GPU 2072.4 MB | time 2.378 s
Part 18 | Epoch 00010 | Step 00000 | Loss 0.5558 | Train Acc 0.8710 | Speed (samples/sec) 432.9425 | GPU 2075.0 MB | time 2.384 s
Part 19 | Epoch 00010 | Step 00000 | Loss 0.4783 | Train Acc 0.8810 | Speed (samples/sec) 433.0966 | GPU 2050.0 MB | time 2.384 s
Part 20 | Epoch 00010 | Step 00000 | Loss 0.5206 | Train Acc 0.8660 | Speed (samples/sec) 433.1347 | GPU 2061.8 MB | time 2.386 s
Part 26 | Epoch 00010 | Step 00000 | Loss 0.3892 | Train Acc 0.9040 | Speed (samples/sec) 433.1178 | GPU 2216.2 MB | time 2.386 s
Part 31 | Epoch 00010 | Step 00000 | Loss 0.3674 | Train Acc 0.9060 | Speed (samples/sec) 433.0680 | GPU 2216.7 MB | time 2.386 s
Part 11 | Epoch 00010 | Step 00000 | Loss 0.4571 | Train Acc 0.8720 | Speed (samples/sec) 433.0245 | GPU 2107.9 MB | time 2.386 s
Part 9 | Epoch 00010 | Step 00000 | Loss 0.5147 | Train Acc 0.8770 | Speed (samples/sec) 433.2448 | GPU 2100.5 MB | time 2.385 s
Part 13 | Epoch 00010 | Step 00000 | Loss 0.4556 | Train Acc 0.8720 | Speed (samples/sec) 433.0277 | GPU 2116.3 MB | time 2.386 s
Part 21 | Epoch 00010 | Step 00000 | Loss 0.4793 | Train Acc 0.8750 | Speed (samples/sec) 433.4020 | GPU 2069.3 MB | time 2.388 s
Part 14 | Epoch 00010 | Step 00000 | Loss 0.5339 | Train Acc 0.8720 | Speed (samples/sec) 433.1045 | GPU 2111.7 MB | time 2.387 s
Part 8 | Epoch 00010 | Step 00000 | Loss 0.4596 | Train Acc 0.8800 | Speed (samples/sec) 433.0264 | GPU 2106.6 MB | time 2.387 s
Part 15 | Epoch 00010 | Step 00000 | Loss 0.4444 | Train Acc 0.8790 | Speed (samples/sec) 432.9494 | GPU 2112.9 MB | time 2.387 s
Part 4 | Epoch 00010 | Step 00000 | Loss 0.2645 | Train Acc 0.9370 | Speed (samples/sec) 433.3262 | GPU 2015.1 MB | time 2.386 s
Part 3 | Epoch 00010 | Step 00000 | Loss 0.2988 | Train Acc 0.9240 | Speed (samples/sec) 432.9812 | GPU 2020.5 MB | time 2.387 sPart 6 | Epoch 00010 | Step 00000 | Loss 0.2814 | Train Acc 0.9400 | Speed (samples/sec) 432.7445 | GPU 2034.0 MB | time 2.387 s

Part 7 | Epoch 00010 | Step 00000 | Loss 0.2285 | Train Acc 0.9450 | Speed (samples/sec) 432.9830 | GPU 2043.5 MB | time 2.387 s
Part 2 | Epoch 00010 | Step 00000 | Loss 0.1871 | Train Acc 0.9420 | Speed (samples/sec) 433.1111 | GPU 2037.7 MB | time 2.387 s
Part 22 | Epoch 00010 | Step 00000 | Loss 0.4520 | Train Acc 0.8810 | Speed (samples/sec) 433.3354 | GPU 2047.9 MB | time 2.389 s
Part 24 | Epoch 00010 | Step 00000 | Loss 0.3870 | Train Acc 0.8940 | Speed (samples/sec) 433.0410 | GPU 2216.0 MB | time 2.389 s
Part 30 | Epoch 00010 | Step 00000 | Loss 0.3637 | Train Acc 0.9070 | Speed (samples/sec) 433.0226 | GPU 2224.1 MB | time 2.391 s
Part 1 | Epoch 00010 | Step 00000 | Loss 0.2813 | Train Acc 0.9280 | Speed (samples/sec) 433.1759 | GPU 2032.4 MB | time 2.389 s
Part 5 | Epoch 00010 | Step 00000 | Loss 0.2455 | Train Acc 0.9450 | Speed (samples/sec) 433.2836 | GPU 2032.8 MB | time 2.391 s
Part 0 | Epoch 00010 | Step 00000 | Loss 0.2471 | Train Acc 0.9450 | Speed (samples/sec) 432.9733 | GPU 2023.1 MB | time 2.392 s
Part 12 | Epoch 00010 | Step 00000 | Loss 0.4503 | Train Acc 0.8780 | Speed (samples/sec) 433.0822 | GPU 2102.6 MB | time 2.392 s
Part 10 | Epoch 00010 | Step 00000 | Loss 0.4324 | Train Acc 0.8870 | Speed (samples/sec) 433.0383 | GPU 2098.1 MB | time 2.392 s
Part 23 | Epoch 00010 | Step 00000 | Loss 0.4988 | Train Acc 0.8720 | Speed (samples/sec) 433.0525 | GPU 2053.6 MB | time 2.393 s
Part 27 | Epoch 00010 | Step 00000 | Loss 0.2934 | Train Acc 0.9280 | Speed (samples/sec) 432.9682 | GPU 2214.4 MB | time 2.394 s
Part 28 | Epoch 00010 | Step 00000 | Loss 0.3575 | Train Acc 0.9120 | Speed (samples/sec) 432.5594 | GPU 2207.2 MB | time 2.394 s
Part 29 | Epoch 00010 | Step 00000 | Loss 0.4003 | Train Acc 0.9030 | Speed (samples/sec) 433.1421 | GPU 2201.9 MB | time 2.398 s
Part 25 | Epoch 00010 | Step 00000 | Loss 0.3799 | Train Acc 0.9060 | Speed (samples/sec) 432.8003 | GPU 2209.1 MB | time 2.400 s
Avg train acc 0.8996
=====================
Part 7, Epoch Time(s): 13.1826
Sampling Time(s): 0.3138
Loading Time(s): 3.5982
Forward Time(s): 0.1262
Backward Time(s): 2.0609
Update Time(s): 0.0085
Emb Update Time(s): 7.0345
#seeds: 6144
#inputs: 1938061
=====================
=====================
Part 2, Epoch Time(s): 13.1826
Sampling Time(s): 0.3327
Loading Time(s): 2.6534
Forward Time(s): 0.1258
Backward Time(s): 2.9791
Update Time(s): 0.0079
Emb Update Time(s): 7.0499
#seeds: 6144
#inputs: 1935443
=====================
=====================
Part 4, Epoch Time(s): 13.1830
Sampling Time(s): 0.4401
Loading Time(s): 2.9702
Forward Time(s): 0.1250
Backward Time(s): 2.5642
Update Time(s): 0.0081
Emb Update Time(s): 7.0339
#seeds: 6145
#inputs: 1926515
==========================================
Part 5, Epoch Time(s): 13.1839
Sampling Time(s): 0.2486
Loading Time(s): 2.9926
Forward Time(s): 0.1280
Backward Time(s): 2.7260
Update Time(s): 0.0079
Emb Update Time(s): 7.0429
#seeds: 6145
#inputs: 1925172
=====================

=====================
Part 3, Epoch Time(s): 13.1829
Sampling Time(s): 0.2693
Loading Time(s): 3.4234
Forward Time(s): 0.1252
Backward Time(s): 2.2706
Update Time(s): 0.0087
Emb Update Time(s): 7.0446
#seeds: 6144
#inputs: 1935375
==========================================
Part 1, Epoch Time(s): 13.1830
Sampling Time(s): 0.3237
Loading Time(s): 3.7792
Forward Time(s): 0.1277
Backward Time(s): 1.8575
Update Time(s): 0.0089
Emb Update Time(s): 7.0476
#seeds: 6144
#inputs: 1931366
=====================

=====================
Part 0, Epoch Time(s): 13.1840
Sampling Time(s): 0.3569
Loading Time(s): 3.1426
Forward Time(s): 0.1248
Backward Time(s): 2.4624
Update Time(s): 0.0073
Emb Update Time(s): 7.0552
#seeds: 6144
#inputs: 1925641
=====================
=====================
Part 6, Epoch Time(s): 13.1829
Sampling Time(s): 0.3144
Loading Time(s): 3.6171
Forward Time(s): 0.1242
Backward Time(s): 2.0324
Update Time(s): 0.0080
Emb Update Time(s): 7.0529
#seeds: 6144
#inputs: 1924413
=====================
=====================
Part 23, Epoch Time(s): 13.1841
Sampling Time(s): 0.6122
Loading Time(s): 4.3481
Forward Time(s): 0.1241
Backward Time(s): 1.0203
Update Time(s): 0.0077
Emb Update Time(s): 7.0370
#seeds: 6144
#inputs: 1931239
=====================
=====================
Part 22, Epoch Time(s): 13.1847
Sampling Time(s): 0.5775
Loading Time(s): 3.7451
Forward Time(s): 0.1239
Backward Time(s): 1.6492
Update Time(s): 0.0077
Emb Update Time(s): 7.0415
#seeds: 6145
#inputs: 1934152
==========================================
Part 19, Epoch Time(s): 13.1843
Sampling Time(s): 0.6216
Loading Time(s): 3.6064
Forward Time(s): 0.1249
Backward Time(s): 1.7644
Update Time(s): 0.0082
Emb Update Time(s): 7.0149
#seeds: 6144
#inputs: 1925514
==========================================
Part 21, Epoch Time(s): 13.1850
Sampling Time(s): 0.3408
Loading Time(s): 4.8228
Forward Time(s): 0.1245
Backward Time(s): 0.7973
Update Time(s): 0.0075
Emb Update Time(s): 7.0596
#seeds: 6145
#inputs: 1940055
=====================


=====================
Part 18, Epoch Time(s): 13.1841
Sampling Time(s): 0.3583
Loading Time(s): 4.3933
Forward Time(s): 0.1255
Backward Time(s): 1.2280
Update Time(s): 0.0072
Emb Update Time(s): 7.0281
#seeds: 6144
#inputs: 1942938
==========================================
Part 16, Epoch Time(s): 13.1824
Sampling Time(s): 0.6028
Loading Time(s): 4.1611
Forward Time(s): 0.1237
Backward Time(s): 1.1993
Update Time(s): 0.0076
Emb Update Time(s): 7.0393
#seeds: 6144
#inputs: 1908974
=====================

=====================
Part 30, Epoch Time(s): 13.1855
Sampling Time(s): 0.4006
Loading Time(s): 4.3137
Forward Time(s): 0.1243
Backward Time(s): 1.2575
Update Time(s): 0.0075
Emb Update Time(s): 7.0445
#seeds: 6144
#inputs: 1975869
==========================================
Part 31, Epoch Time(s): 13.1840
Sampling Time(s): 0.2997
Loading Time(s): 4.1149
Forward Time(s): 0.1267
Backward Time(s): 1.5640
Update Time(s): 0.0072
Emb Update Time(s): 7.0305
#seeds: 6144
#inputs: 1980678
=====================

=====================
Part 28, Epoch Time(s): 13.1854
Sampling Time(s): 0.2795
Loading Time(s): 3.8153
Forward Time(s): 0.1239
Backward Time(s): 1.8456
Update Time(s): 0.0075
Emb Update Time(s): 7.0900
#seeds: 6144
#inputs: 1962484
==========================================
Part 29, Epoch Time(s): 13.1859
Sampling Time(s): 0.2759
Loading Time(s): 3.6884
Forward Time(s): 0.1239
Backward Time(s): 1.9817
Update Time(s): 0.0084
Emb Update Time(s): 7.0766
#seeds: 6144
#inputs: 1955273
==========================================
Part 26, Epoch Time(s): 13.1851
Sampling Time(s): 0.4108
Loading Time(s): 3.8986
Forward Time(s): 0.1276
Backward Time(s): 1.6808
Update Time(s): 0.0079
Emb Update Time(s): 7.0168
#seeds: 6145
#inputs: 1972866
==========================================
Part 27, Epoch Time(s): 13.1854
Sampling Time(s): 0.3445
Loading Time(s): 4.0326
Forward Time(s): 0.1322
Backward Time(s): 1.5644
Update Time(s): 0.0070
Emb Update Time(s): 7.0698
#seeds: 6144
#inputs: 1964601
==========================================
Part 24, Epoch Time(s): 13.1837
Sampling Time(s): 0.3299
Loading Time(s): 4.0574
Forward Time(s): 0.1258
Backward Time(s): 1.5765
Update Time(s): 0.0076
Emb Update Time(s): 7.0593
#seeds: 6144
#inputs: 1984985
=====================




=====================
Part 15, Epoch Time(s): 13.1820
Sampling Time(s): 0.2956
Loading Time(s): 4.1941
Forward Time(s): 0.1252
Backward Time(s): 1.4512
Update Time(s): 0.0075
Emb Update Time(s): 7.0782
#seeds: 6144
#inputs: 2046519
=====================
=====================
Part 14, Epoch Time(s): 13.1842
Sampling Time(s): 0.3174
Loading Time(s): 3.9749
Forward Time(s): 0.1267
Backward Time(s): 1.6688
Update Time(s): 0.0080
Emb Update Time(s): 7.0473
#seeds: 6144
#inputs: 2034500
=====================
=====================
Part 11, Epoch Time(s): 13.1840
Sampling Time(s): 0.3879
Loading Time(s): 2.6998
Forward Time(s): 0.1309
Backward Time(s): 2.8959
Update Time(s): 0.0084
Emb Update Time(s): 7.0184
#seeds: 6144
#inputs: 2037143
==========================================
Part 10, Epoch Time(s): 13.1837
Sampling Time(s): 0.3399
Loading Time(s): 4.8873
Forward Time(s): 0.1244
Backward Time(s): 0.7323
Update Time(s): 0.0068
Emb Update Time(s): 7.0566
#seeds: 6144
#inputs: 2025930
=====================

=====================
Part 12, Epoch Time(s): 13.1838
Sampling Time(s): 0.3267
Loading Time(s): 4.3331
Forward Time(s): 0.1270
Backward Time(s): 1.3213
Update Time(s): 0.0084
Emb Update Time(s): 7.0310
#seeds: 6145
#inputs: 2039881
==========================================
Part 9, Epoch Time(s): 13.1843
Sampling Time(s): 0.3651
Loading Time(s): 3.3329
Forward Time(s): 0.1265
Backward Time(s): 2.2980
Update Time(s): 0.0083
Emb Update Time(s): 7.0175
#seeds: 6145
#inputs: 2033034
==========================================
Part 13, Epoch Time(s): 13.1842
Sampling Time(s): 0.2894
Loading Time(s): 4.3355
Forward Time(s): 0.1292
Backward Time(s): 1.3630
Update Time(s): 0.0080
Emb Update Time(s): 7.0168
#seeds: 6144
#inputs: 2049970
=====================


=====================
Part 8, Epoch Time(s): 13.1825
Sampling Time(s): 0.3544
Loading Time(s): 3.4574
Forward Time(s): 0.1269
Backward Time(s): 2.1497
Update Time(s): 0.0079
Emb Update Time(s): 7.0462
#seeds: 6144
#inputs: 2036989
=====================
=====================
Part 25, Epoch Time(s): 13.1856
Sampling Time(s): 0.3816
Loading Time(s): 4.6815
Forward Time(s): 0.1331
Backward Time(s): 0.8649
Update Time(s): 0.0092
Emb Update Time(s): 7.0860
#seeds: 6144
#inputs: 1963130
=====================
=====================
Part 20, Epoch Time(s): 13.1845
Sampling Time(s): 0.3763
Loading Time(s): 4.0334
Forward Time(s): 0.1236
Backward Time(s): 1.5498
Update Time(s): 0.0074
Emb Update Time(s): 7.0513
#seeds: 6144
#inputs: 1928521
=====================
=====================
Part 17, Epoch Time(s): 13.1847
Sampling Time(s): 0.3298
Loading Time(s): 4.0447
Forward Time(s): 0.1259
Backward Time(s): 1.5814
Update Time(s): 0.0078
Emb Update Time(s): 7.0449
#seeds: 6144
#inputs: 1949162
=====================
Part 28, Val Acc 0.9024, Test Acc 0.7194, time: 83.7254
Part 26, Val Acc 0.9162, Test Acc 0.7180, time: 85.8659
Part 24, Val Acc 0.9072, Test Acc 0.7166, time: 88.0224
Part 31, Val Acc 0.9121, Test Acc 0.7169, time: 88.8229
Part 25, Val Acc 0.8959, Test Acc 0.7182, time: 90.3787
Part 27, Val Acc 0.9138, Test Acc 0.7179, time: 91.6705
Part 30, Val Acc 0.9089, Test Acc 0.7189, time: 91.7090
Part 29, Val Acc 0.9153, Test Acc 0.7174, time: 92.8599
Part 16, Val Acc 0.8844, Test Acc 0.7333, time: 100.5986
Part 19, Val Acc 0.8747, Test Acc 0.7322, time: 102.2212
Part 23, Val Acc 0.8853, Test Acc 0.7356, time: 103.1275
Part 22, Val Acc 0.8804, Test Acc 0.7301, time: 103.4602
Part 1, Val Acc 0.9284, Test Acc 0.8156, time: 105.0024
Part 3, Val Acc 0.9341, Test Acc 0.8153, time: 105.0217
Part 6, Val Acc 0.9471, Test Acc 0.8191, time: 105.0475
Part 7, Val Acc 0.9349, Test Acc 0.8157, time: 105.1170
Part 17, Val Acc 0.8893, Test Acc 0.7331, time: 105.1338
Part 0, Val Acc 0.9243, Test Acc 0.8166, time: 105.3482
Part 15, Val Acc 0.8674, Test Acc 0.7251, time: 105.8582
Part 10, Val Acc 0.8819, Test Acc 0.7213, time: 105.8673
Part 12, Val Acc 0.8649, Test Acc 0.7244, time: 105.9074
Part 13, Val Acc 0.8828, Test Acc 0.7212, time: 105.9770
Part 2, Val Acc 0.9357, Test Acc 0.8167, time: 106.0264
Part 14, Val Acc 0.8959, Test Acc 0.7198, time: 106.2528
Part 8, Val Acc 0.8869, Test Acc 0.7223, time: 106.2532
Part 18, Val Acc 0.8893, Test Acc 0.7314, time: 106.3153
Part 21, Val Acc 0.8739, Test Acc 0.7342, time: 106.5576
Part 11, Val Acc 0.8731, Test Acc 0.7244, time: 106.7963
Part 20, Val Acc 0.8845, Test Acc 0.7326, time: 106.9767
Part 9, Val Acc 0.8991, Test Acc 0.7234, time: 107.2329
Part 4, Val Acc 0.9382, Test Acc 0.8173, time: 107.4923
Part 5, Val Acc 0.9414, Test Acc 0.8177, time: 107.5746
All parts avg val acc 0.9022, test acc 0.7475
Part 31 | Epoch 00011 | Step 00000 | Loss 0.3169 | Train Acc 0.9220 | Speed (samples/sec) 433.8456 | GPU 2216.7 MB | time 2.633 s
Part 13 | Epoch 00011 | Step 00000 | Loss 0.4703 | Train Acc 0.8810 | Speed (samples/sec) 433.7811 | GPU 2116.3 MB | time 2.637 s
Part 26 | Epoch 00011 | Step 00000 | Loss 0.3139 | Train Acc 0.9190 | Speed (samples/sec) 433.8765 | GPU 2216.2 MB | time 2.639 s
Part 30 | Epoch 00011 | Step 00000 | Loss 0.3441 | Train Acc 0.9080 | Speed (samples/sec) 433.7869 | GPU 2224.1 MB | time 2.640 s
Part 0 | Epoch 00011 | Step 00000 | Loss 0.2997 | Train Acc 0.9260 | Speed (samples/sec) 433.7359 | GPU 2023.1 MB | time 2.641 s
Part 11 | Epoch 00011 | Step 00000 | Loss 0.4493 | Train Acc 0.8810 | Speed (samples/sec) 433.7816 | GPU 2107.9 MB | time 2.639 s
Part 17 | Epoch 00011 | Step 00000 | Loss 0.4785 | Train Acc 0.8840 | Speed (samples/sec) 433.9200 | GPU 2072.4 MB | time 2.640 s
Part 9 | Epoch 00011 | Step 00000 | Loss 0.4431 | Train Acc 0.8830 | Speed (samples/sec) 433.9521 | GPU 2100.5 MB | time 2.640 s
Part 5 | Epoch 00011 | Step 00000 | Loss 0.2616 | Train Acc 0.9380 | Speed (samples/sec) 434.0423 | GPU 2032.8 MB | time 2.641 s
Part 12 | Epoch 00011 | Step 00000 | Loss 0.4724 | Train Acc 0.8630 | Speed (samples/sec) 433.8635 | GPU 2102.6 MB | time 2.641 s
Part 16 | Epoch 00011 | Step 00000 | Loss 0.4613 | Train Acc 0.8930 | Speed (samples/sec) 433.9088 | GPU 2041.2 MB | time 2.643 s
Part 19 | Epoch 00011 | Step 00000 | Loss 0.5488 | Train Acc 0.8630 | Speed (samples/sec) 433.8287 | GPU 2050.0 MB | time 2.643 s
Part 20 | Epoch 00011 | Step 00000 | Loss 0.5403 | Train Acc 0.8760 | Speed (samples/sec) 433.8910 | GPU 2061.8 MB | time 2.644 s
Part 23 | Epoch 00011 | Step 00000 | Loss 0.4704 | Train Acc 0.8740 | Speed (samples/sec) 433.8170 | GPU 2053.6 MB | time 2.644 s
Part 7 | Epoch 00011 | Step 00000 | Loss 0.2834 | Train Acc 0.9340 | Speed (samples/sec) 433.7374 | GPU 2043.5 MB | time 2.643 s
Part 18 | Epoch 00011 | Step 00000 | Loss 0.4512 | Train Acc 0.8810 | Speed (samples/sec) 433.6996 | GPU 2075.0 MB | time 2.645 s
Part 15 | Epoch 00011 | Step 00000 | Loss 0.4369 | Train Acc 0.8860 | Speed (samples/sec) 433.6742 | GPU 2112.9 MB | time 2.645 s
Part 14 | Epoch 00011 | Step 00000 | Loss 0.4011 | Train Acc 0.8950 | Speed (samples/sec) 433.8628 | GPU 2111.7 MB | time 2.645 s
Part 8 | Epoch 00011 | Step 00000 | Loss 0.4322 | Train Acc 0.8840 | Speed (samples/sec) 433.7943 | GPU 2106.6 MB | time 2.645 s
Part 2 | Epoch 00011 | Step 00000 | Loss 0.2315 | Train Acc 0.9460 | Speed (samples/sec) 433.8201 | GPU 2043.8 MB | time 2.645 s
Part 24 | Epoch 00011 | Step 00000 | Loss 0.3587 | Train Acc 0.8950 | Speed (samples/sec) 433.7368 | GPU 2216.0 MB | time 2.647 s
Part 1 | Epoch 00011 | Step 00000 | Loss 0.2424 | Train Acc 0.9360 | Speed (samples/sec) 433.9245 | GPU 2032.4 MB | time 2.645 s
Part 4 | Epoch 00011 | Step 00000 | Loss 0.2525 | Train Acc 0.9390 | Speed (samples/sec) 434.0691 | GPU 2015.7 MB | time 2.646 s
Part 6 | Epoch 00011 | Step 00000 | Loss 0.2321 | Train Acc 0.9420 | Speed (samples/sec) 433.4872 | GPU 2034.0 MB | time 2.646 s
Part 22 | Epoch 00011 | Step 00000 | Loss 0.5067 | Train Acc 0.8770 | Speed (samples/sec) 434.0833 | GPU 2047.9 MB | time 2.649 s
Part 21 | Epoch 00011 | Step 00000 | Loss 0.4604 | Train Acc 0.8770 | Speed (samples/sec) 434.0845 | GPU 2069.3 MB | time 2.650 s
Part 3 | Epoch 00011 | Step 00000 | Loss 0.2651 | Train Acc 0.9320 | Speed (samples/sec) 433.7416 | GPU 2026.5 MB | time 2.649 s
Part 28 | Epoch 00011 | Step 00000 | Loss 0.2973 | Train Acc 0.9300 | Speed (samples/sec) 433.3064 | GPU 2207.2 MB | time 2.653 s
Part 10 | Epoch 00011 | Step 00000 | Loss 0.4451 | Train Acc 0.8820 | Speed (samples/sec) 433.7905 | GPU 2098.1 MB | time 2.652 s
Part 29 | Epoch 00011 | Step 00000 | Loss 0.3140 | Train Acc 0.9180 | Speed (samples/sec) 433.8880 | GPU 2201.9 MB | time 2.656 s
Part 25 | Epoch 00011 | Step 00000 | Loss 0.3138 | Train Acc 0.9250 | Speed (samples/sec) 433.5889 | GPU 2209.1 MB | time 2.653 s
Part 27 | Epoch 00011 | Step 00000 | Loss 0.3245 | Train Acc 0.9120 | Speed (samples/sec) 433.7295 | GPU 2214.4 MB | time 2.660 s
Avg train acc 0.9032
=====================
Part 15, Epoch Time(s): 13.5952
Sampling Time(s): 0.2848
Loading Time(s): 4.1183
Forward Time(s): 0.1254
Backward Time(s): 1.6681
Update Time(s): 0.0071
Emb Update Time(s): 7.3621
#seeds: 6144
#inputs: 2046358
=====================
=====================
Part 3, Epoch Time(s): 13.5965
Sampling Time(s): 0.3092
Loading Time(s): 3.7950
Forward Time(s): 0.1277
Backward Time(s): 1.9634
Update Time(s): 0.0096
Emb Update Time(s): 7.3566
#seeds: 6144
#inputs: 1931609
=====================
=====================
Part 7, Epoch Time(s): 13.5956
Sampling Time(s): 0.2680
Loading Time(s): 3.0864
Forward Time(s): 0.1276
Backward Time(s): 2.7313
Update Time(s): 0.0084
Emb Update Time(s): 7.3434
#seeds: 6144
#inputs: 1942685
=====================
=====================
Part 11, Epoch Time(s): 13.5974
Sampling Time(s): 0.3659
Loading Time(s): 3.5937
Forward Time(s): 0.1285
Backward Time(s): 2.1411
Update Time(s): 0.0074
Emb Update Time(s): 7.3159
#seeds: 6144
#inputs: 2044201
=====================
=====================
Part 31, Epoch Time(s): 13.5979
Sampling Time(s): 0.2992
Loading Time(s): 4.1084
Forward Time(s): 0.1250
Backward Time(s): 1.6920
Update Time(s): 0.0075
Emb Update Time(s): 7.3149
#seeds: 6144
#inputs: 1970339
=====================
=====================
Part 27, Epoch Time(s): 13.5988
Sampling Time(s): 0.2715
Loading Time(s): 3.6791
Forward Time(s): 0.1256
Backward Time(s): 2.1027
Update Time(s): 0.0081
Emb Update Time(s): 7.3867
#seeds: 6144
#inputs: 1966018
==========================================
Part 29, Epoch Time(s): 13.5999
Sampling Time(s): 0.2862
Loading Time(s): 3.9996
Forward Time(s): 0.1232
Backward Time(s): 1.7641
Update Time(s): 0.0073
Emb Update Time(s): 7.3897
#seeds: 6144
#inputs: 1961506
=====================

=====================
Part 1, Epoch Time(s): 13.5970
Sampling Time(s): 0.2937
Loading Time(s): 3.5705
Forward Time(s): 0.1255
Backward Time(s): 2.2078
Update Time(s): 0.0084
Emb Update Time(s): 7.3522
#seeds: 6144
#inputs: 1929248
=====================
=====================
Part 25, Epoch Time(s): 13.5992
Sampling Time(s): 0.4305
Loading Time(s): 4.7715
Forward Time(s): 0.1300
Backward Time(s): 0.8529
Update Time(s): 0.0090
Emb Update Time(s): 7.3729
#seeds: 6144
#inputs: 1964039
=====================
=====================
Part 23, Epoch Time(s): 13.5971
Sampling Time(s): 0.3440
Loading Time(s): 5.0198
Forward Time(s): 0.1242
Backward Time(s): 0.7216
Update Time(s): 0.0074
Emb Update Time(s): 7.3507
#seeds: 6144
#inputs: 1927014
=====================
=====================
Part 19, Epoch Time(s): 13.5979
Sampling Time(s): 0.3949
Loading Time(s): 4.0075
Forward Time(s): 0.1279
Backward Time(s): 1.6985
Update Time(s): 0.0081
Emb Update Time(s): 7.3200
#seeds: 6144
#inputs: 1929813
==========================================
Part 21, Epoch Time(s): 13.5986
Sampling Time(s): 0.3223
Loading Time(s): 4.0063
Forward Time(s): 0.1264
Backward Time(s): 1.7470
Update Time(s): 0.0078
Emb Update Time(s): 7.3543
#seeds: 6145
#inputs: 1936762
=====================

=====================
Part 17, Epoch Time(s): 13.5986
Sampling Time(s): 0.4402
Loading Time(s): 3.6319
Forward Time(s): 0.1249
Backward Time(s): 1.9992
Update Time(s): 0.0082
Emb Update Time(s): 7.3605
#seeds: 6144
#inputs: 1941775
=====================
=====================
Part 30, Epoch Time(s): 13.5991
Sampling Time(s): 0.3823
Loading Time(s): 4.0908
Forward Time(s): 0.1251
Backward Time(s): 1.6402
Update Time(s): 0.0188
Emb Update Time(s): 7.2967
#seeds: 6144
#inputs: 1971733
=====================
=====================
Part 9, Epoch Time(s): 13.6119
Sampling Time(s): 0.3716
Loading Time(s): 3.4175
Forward Time(s): 0.1270
Backward Time(s): 2.3094
Update Time(s): 0.0193
Emb Update Time(s): 7.3089
#seeds: 6145
#inputs: 2039636
=====================
=====================
Part 13, Epoch Time(s): 13.5981
Sampling Time(s): 0.2775
Loading Time(s): 4.4293
Forward Time(s): 0.1277
Backward Time(s): 1.3965
Update Time(s): 0.0078
Emb Update Time(s): 7.3118
#seeds: 6144
#inputs: 2045146
=====================
=====================
Part 26, Epoch Time(s): 13.5987
Sampling Time(s): 0.2812
Loading Time(s): 3.7851
Forward Time(s): 0.1255
Backward Time(s): 2.0122
Update Time(s): 0.0077
Emb Update Time(s): 7.3483
#seeds: 6145
#inputs: 1975622
=====================
=====================
Part 28, Epoch Time(s): 13.5981
Sampling Time(s): 0.3165
Loading Time(s): 3.6984
Forward Time(s): 0.1254
Backward Time(s): 2.0626
Update Time(s): 0.0079
Emb Update Time(s): 7.3562
#seeds: 6144
#inputs: 1959963
==========================================
Part 14, Epoch Time(s): 13.5979
Sampling Time(s): 0.3220
Loading Time(s): 4.3259
Forward Time(s): 0.1267
Backward Time(s): 1.4299
Update Time(s): 0.0120
Emb Update Time(s): 7.3421
#seeds: 6144
#inputs: 2028508
=====================
=====================
Part 10, Epoch Time(s): 13.5973
Sampling Time(s): 0.3024
Loading Time(s): 3.9481
Forward Time(s): 0.1254
Backward Time(s): 1.8310
Update Time(s): 0.0076
Emb Update Time(s): 7.3504
#seeds: 6144
#inputs: 2021209
=====================
=====================
Part 24, Epoch Time(s): 13.5975
Sampling Time(s): 0.3389
Loading Time(s): 3.2822
Forward Time(s): 0.1269
Backward Time(s): 2.4536
Update Time(s): 0.0083
Emb Update Time(s): 7.3505
#seeds: 6144
#inputs: 1984012
=====================

=====================
Part 12, Epoch Time(s): 13.5968
Sampling Time(s): 0.3323
Loading Time(s): 4.7083
Forward Time(s): 0.1261
Backward Time(s): 1.0567
Update Time(s): 0.0073
Emb Update Time(s): 7.3311
#seeds: 6145
#inputs: 2041656
==========================================
Part 8, Epoch Time(s): 13.5960
Sampling Time(s): 0.3759
Loading Time(s): 3.4870
Forward Time(s): 0.1261
Backward Time(s): 2.2156
Update Time(s): 0.0077
Emb Update Time(s): 7.3461
#seeds: 6144
#inputs: 2046665
==========================================
Part 22, Epoch Time(s): 13.5983
Sampling Time(s): 0.3639
Loading Time(s): 4.8104
Forward Time(s): 0.1260
Backward Time(s): 0.9017
Update Time(s): 0.0078
Emb Update Time(s): 7.3528
#seeds: 6145
#inputs: 1928075
=====================
=====================
Part 18, Epoch Time(s): 13.5979
Sampling Time(s): 0.3460
Loading Time(s): 4.1070
Forward Time(s): 0.1274
Backward Time(s): 1.6352
Update Time(s): 0.0075
Emb Update Time(s): 7.3350
#seeds: 6144
#inputs: 1938029
=====================
=====================
Part 16, Epoch Time(s): 13.5955
Sampling Time(s): 0.3649
Loading Time(s): 4.2046
Forward Time(s): 0.1239
Backward Time(s): 1.5293
Update Time(s): 0.0080
Emb Update Time(s): 7.3358
#seeds: 6144
#inputs: 1906898
==========================================
Part 20, Epoch Time(s): 13.5973
Sampling Time(s): 0.3706
Loading Time(s): 4.0861
Forward Time(s): 0.1261
Backward Time(s): 1.6178
Update Time(s): 0.0080
Emb Update Time(s): 7.3491
#seeds: 6144
#inputs: 1932756
=====================



=====================
Part 5, Epoch Time(s): 13.5977
Sampling Time(s): 0.4067
Loading Time(s): 3.2761
Forward Time(s): 0.1294
Backward Time(s): 2.3898
Update Time(s): 0.0091
Emb Update Time(s): 7.3423
#seeds: 6145
#inputs: 1927244
==========================================
Part 2, Epoch Time(s): 13.5963
Sampling Time(s): 0.3344
Loading Time(s): 2.7214
Forward Time(s): 0.1250
Backward Time(s): 3.0109
Update Time(s): 0.0080
Emb Update Time(s): 7.3578
#seeds: 6144
#inputs: 1937288
=====================
=====================
Part 0, Epoch Time(s): 13.5979
Sampling Time(s): 0.3234
Loading Time(s): 2.7633
Forward Time(s): 0.1389
Backward Time(s): 2.9908
Update Time(s): 0.0081
Emb Update Time(s): 7.3397
#seeds: 6144
#inputs: 1922103
=====================
=====================
Part 4, Epoch Time(s): 13.5958
Sampling Time(s): 0.4080
Loading Time(s): 2.8116
Forward Time(s): 0.1423
Backward Time(s): 2.8386
Update Time(s): 0.0079
Emb Update Time(s): 7.3498
#seeds: 6145
#inputs: 1916232
=====================

=====================
Part 6, Epoch Time(s): 13.5968
Sampling Time(s): 0.3004
Loading Time(s): 3.8074
Forward Time(s): 0.1251
Backward Time(s): 1.9590
Update Time(s): 0.0080
Emb Update Time(s): 7.3683
#seeds: 6144
#inputs: 1919704
=====================
Part 15, Val Acc 0.8690, Test Acc 0.7265, time: 91.5830
Part 10, Val Acc 0.8893, Test Acc 0.7226, time: 92.3118
Part 13, Val Acc 0.8771, Test Acc 0.7240, time: 93.3401
Part 14, Val Acc 0.8975, Test Acc 0.7230, time: 94.6528
Part 12, Val Acc 0.8674, Test Acc 0.7251, time: 94.8177
Part 8, Val Acc 0.8869, Test Acc 0.7249, time: 95.1705
Part 11, Val Acc 0.8788, Test Acc 0.7265, time: 95.8191
Part 9, Val Acc 0.9048, Test Acc 0.7259, time: 97.5226
Part 28, Val Acc 0.9032, Test Acc 0.7292, time: 97.6476
Part 26, Val Acc 0.9178, Test Acc 0.7275, time: 98.8553
Part 3, Val Acc 0.9317, Test Acc 0.8151, time: 99.4847
Part 31, Val Acc 0.9146, Test Acc 0.7262, time: 100.0030
Part 22, Val Acc 0.8853, Test Acc 0.7385, time: 100.2476
Part 19, Val Acc 0.8853, Test Acc 0.7392, time: 100.2481
Part 1, Val Acc 0.9308, Test Acc 0.8148, time: 100.8494
Part 6, Val Acc 0.9430, Test Acc 0.8190, time: 100.8733
Part 23, Val Acc 0.8950, Test Acc 0.7416, time: 101.0923
Part 16, Val Acc 0.8779, Test Acc 0.7402, time: 101.0942
Part 7, Val Acc 0.9341, Test Acc 0.8157, time: 101.6354
Part 2, Val Acc 0.9373, Test Acc 0.8164, time: 101.7816
Part 24, Val Acc 0.9096, Test Acc 0.7279, time: 101.9260
Part 17, Val Acc 0.8918, Test Acc 0.7414, time: 102.2439
Part 0, Val Acc 0.9276, Test Acc 0.8162, time: 102.3397
Part 18, Val Acc 0.8877, Test Acc 0.7383, time: 102.6707
Part 21, Val Acc 0.8771, Test Acc 0.7430, time: 102.9797
Part 20, Val Acc 0.8836, Test Acc 0.7403, time: 103.0866
Part 25, Val Acc 0.8991, Test Acc 0.7285, time: 103.1204
Part 29, Val Acc 0.9226, Test Acc 0.7275, time: 103.1808
Part 27, Val Acc 0.9154, Test Acc 0.7268, time: 103.4825
Part 30, Val Acc 0.9154, Test Acc 0.7282, time: 103.8768
Part 4, Val Acc 0.9292, Test Acc 0.8169, time: 103.9855
Part 5, Val Acc 0.9414, Test Acc 0.8179, time: 104.1960
All parts avg val acc 0.9040, test acc 0.7523
Part 18 | Epoch 00012 | Step 00000 | Loss 0.5449 | Train Acc 0.8760 | Speed (samples/sec) 434.1660 | GPU 2075.0 MB | time 2.493 s
Part 19 | Epoch 00012 | Step 00000 | Loss 0.4711 | Train Acc 0.8750 | Speed (samples/sec) 434.2767 | GPU 2050.0 MB | time 2.495 s
Part 9 | Epoch 00012 | Step 00000 | Loss 0.3880 | Train Acc 0.8980 | Speed (samples/sec) 434.4088 | GPU 2100.5 MB | time 2.495 sPart 13 | Epoch 00012 | Step 00000 | Loss 0.4721 | Train Acc 0.8660 | Speed (samples/sec) 434.2248 | GPU 2116.3 MB | time 2.495 s

Part 12 | Epoch 00012 | Step 00000 | Loss 0.4372 | Train Acc 0.8870 | Speed (samples/sec) 434.2834 | GPU 2102.6 MB | time 2.497 s
Part 21 | Epoch 00012 | Step 00000 | Loss 0.4950 | Train Acc 0.8770 | Speed (samples/sec) 434.5334 | GPU 2069.3 MB | time 2.500 s
Part 22 | Epoch 00012 | Step 00000 | Loss 0.4660 | Train Acc 0.8830 | Speed (samples/sec) 434.5409 | GPU 2047.9 MB | time 2.500 s
Part 11 | Epoch 00012 | Step 00000 | Loss 0.4302 | Train Acc 0.8920 | Speed (samples/sec) 434.2173 | GPU 2107.9 MB | time 2.500 s
Part 5 | Epoch 00012 | Step 00000 | Loss 0.2612 | Train Acc 0.9410 | Speed (samples/sec) 434.5035 | GPU 2032.8 MB | time 2.501 s
Part 10 | Epoch 00012 | Step 00000 | Loss 0.3658 | Train Acc 0.8950 | Speed (samples/sec) 434.2405 | GPU 2098.1 MB | time 2.501 s
Part 4 | Epoch 00012 | Step 00000 | Loss 0.2200 | Train Acc 0.9430 | Speed (samples/sec) 434.5206 | GPU 2015.7 MB | time 2.501 s
Part 8 | Epoch 00012 | Step 00000 | Loss 0.4357 | Train Acc 0.8890 | Speed (samples/sec) 434.2428 | GPU 2106.6 MB | time 2.502 s
Part 0 | Epoch 00012 | Step 00000 | Loss 0.2860 | Train Acc 0.9350 | Speed (samples/sec) 434.1318 | GPU 2023.1 MB | time 2.503 s
Part 14 | Epoch 00012 | Step 00000 | Loss 0.4284 | Train Acc 0.8900 | Speed (samples/sec) 434.3055 | GPU 2111.7 MB | time 2.502 s
Part 16 | Epoch 00012 | Step 00000 | Loss 0.4770 | Train Acc 0.8830 | Speed (samples/sec) 434.2884 | GPU 2041.2 MB | time 2.503 s
Part 7 | Epoch 00012 | Step 00000 | Loss 0.2322 | Train Acc 0.9440 | Speed (samples/sec) 434.1380 | GPU 2043.5 MB | time 2.503 s
Part 24 | Epoch 00012 | Step 00000 | Loss 0.3530 | Train Acc 0.9150 | Speed (samples/sec) 434.1903 | GPU 2221.1 MB | time 2.504 s
Part 20 | Epoch 00012 | Step 00000 | Loss 0.5007 | Train Acc 0.8660 | Speed (samples/sec) 434.3221 | GPU 2061.8 MB | time 2.505 s
Part 17 | Epoch 00012 | Step 00000 | Loss 0.4502 | Train Acc 0.8720 | Speed (samples/sec) 434.2868 | GPU 2072.4 MB | time 2.504 s
Part 6 | Epoch 00012 | Step 00000 | Loss 0.2384 | Train Acc 0.9410 | Speed (samples/sec) 433.9145 | GPU 2034.0 MB | time 2.505 s
Part 1 | Epoch 00012 | Step 00000 | Loss 0.2161 | Train Acc 0.9480 | Speed (samples/sec) 434.3587 | GPU 2032.4 MB | time 2.505 s
Part 2 | Epoch 00012 | Step 00000 | Loss 0.2813 | Train Acc 0.9360 | Speed (samples/sec) 434.2652 | GPU 2043.8 MB | time 2.505 s
Part 3 | Epoch 00012 | Step 00000 | Loss 0.2727 | Train Acc 0.9390 | Speed (samples/sec) 434.1935 | GPU 2026.5 MB | time 2.505 s
Part 25 | Epoch 00012 | Step 00000 | Loss 0.2724 | Train Acc 0.9370 | Speed (samples/sec) 434.0698 | GPU 2209.1 MB | time 2.507 s
Part 30 | Epoch 00012 | Step 00000 | Loss 0.4367 | Train Acc 0.8950 | Speed (samples/sec) 434.2016 | GPU 2224.1 MB | time 2.509 s
Part 31 | Epoch 00012 | Step 00000 | Loss 0.3518 | Train Acc 0.9070 | Speed (samples/sec) 434.2617 | GPU 2216.7 MB | time 2.509 s
Part 23 | Epoch 00012 | Step 00000 | Loss 0.4516 | Train Acc 0.8890 | Speed (samples/sec) 434.2012 | GPU 2053.6 MB | time 2.508 s
Part 15 | Epoch 00012 | Step 00000 | Loss 0.4549 | Train Acc 0.8880 | Speed (samples/sec) 434.0796 | GPU 2112.9 MB | time 2.508 s
Part 28 | Epoch 00012 | Step 00000 | Loss 0.3299 | Train Acc 0.9090 | Speed (samples/sec) 433.7823 | GPU 2207.2 MB | time 2.509 s
Part 29 | Epoch 00012 | Step 00000 | Loss 0.3202 | Train Acc 0.9180 | Speed (samples/sec) 434.3262 | GPU 2201.9 MB | time 2.510 s
Part 27 | Epoch 00012 | Step 00000 | Loss 0.3277 | Train Acc 0.9100 | Speed (samples/sec) 434.1792 | GPU 2215.3 MB | time 2.513 s
Part 26 | Epoch 00012 | Step 00000 | Loss 0.3570 | Train Acc 0.9120 | Speed (samples/sec) 434.2763 | GPU 2216.2 MB | time 2.515 s
Avg train acc 0.9049
=====================
Part 30, Epoch Time(s): 13.2861
Sampling Time(s): 0.3925
Loading Time(s): 4.1500
Forward Time(s): 0.1245
Backward Time(s): 1.6493
Update Time(s): 0.0078
Emb Update Time(s): 6.9327
#seeds: 6144
#inputs: 1973575
=====================
=====================
Part 26, Epoch Time(s): 13.2861
Sampling Time(s): 0.3654
Loading Time(s): 3.8161
Forward Time(s): 0.1277
Backward Time(s): 2.0357
Update Time(s): 0.0083
Emb Update Time(s): 6.9156
#seeds: 6145
#inputs: 1978224
==========================================
Part 29, Epoch Time(s): 13.2862
Sampling Time(s): 0.2628
Loading Time(s): 4.0967
Forward Time(s): 0.1243
Backward Time(s): 1.8249
Update Time(s): 0.0078
Emb Update Time(s): 6.9411
#seeds: 6144
#inputs: 1966561
=====================
=====================
Part 6, Epoch Time(s): 13.2838
Sampling Time(s): 0.3354
Loading Time(s): 4.0172
Forward Time(s): 0.1238
Backward Time(s): 1.8310
Update Time(s): 0.0082
Emb Update Time(s): 6.9364
#seeds: 6144
#inputs: 1921744
==========================================
Part 7, Epoch Time(s): 13.2828
Sampling Time(s): 0.2907
Loading Time(s): 4.3781
Forward Time(s): 0.1255
Backward Time(s): 1.5024
Update Time(s): 0.0084
Emb Update Time(s): 6.9518
#seeds: 6144
#inputs: 1931772
=====================

=====================
Part 2, Epoch Time(s): 13.2838
Sampling Time(s): 0.3037
Loading Time(s): 2.9238
Forward Time(s): 0.1247
Backward Time(s): 2.9442
Update Time(s): 0.0081
Emb Update Time(s): 6.9476
#seeds: 6144
#inputs: 1942569
=====================

=====================
Part 25, Epoch Time(s): 13.2858
Sampling Time(s): 0.3128
Loading Time(s): 4.1270
Forward Time(s): 0.1289
Backward Time(s): 1.7763
Update Time(s): 0.0082
Emb Update Time(s): 6.9079
#seeds: 6144
#inputs: 1968928
=====================
=====================
Part 28, Epoch Time(s): 13.2850
Sampling Time(s): 0.2865
Loading Time(s): 3.7649
Forward Time(s): 0.1240
Backward Time(s): 2.1239
Update Time(s): 0.0079
Emb Update Time(s): 6.9582
#seeds: 6144
#inputs: 1963312
=====================
=====================
Part 31, Epoch Time(s): 13.2842
Sampling Time(s): 0.2627
Loading Time(s): 3.8511
Forward Time(s): 0.1246
Backward Time(s): 2.0795
Update Time(s): 0.0078
Emb Update Time(s): 6.9314
#seeds: 6144
#inputs: 1974951
=====================
=====================
Part 1, Epoch Time(s): 13.2837
Sampling Time(s): 0.2885
Loading Time(s): 3.7716
Forward Time(s): 0.1245
Backward Time(s): 2.1171
Update Time(s): 0.0080
Emb Update Time(s): 6.9421
#seeds: 6144
#inputs: 1936694
=====================
=====================
Part 3, Epoch Time(s): 13.2833
Sampling Time(s): 0.4247
Loading Time(s): 3.9396
Forward Time(s): 0.1245
Backward Time(s): 1.8116
Update Time(s): 0.0084
Emb Update Time(s): 6.9432
#seeds: 6144
#inputs: 1930366
=====================
=====================
Part 4, Epoch Time(s): 13.2832
Sampling Time(s): 0.3890
Loading Time(s): 2.7373
Forward Time(s): 0.1269
Backward Time(s): 3.0467
Update Time(s): 0.0090
Emb Update Time(s): 6.9391
#seeds: 6145
#inputs: 1917748
=====================
=====================
Part 5, Epoch Time(s): 13.2843
Sampling Time(s): 0.4089
Loading Time(s): 3.4420
Forward Time(s): 0.1270
Backward Time(s): 2.3149
Update Time(s): 0.0079
Emb Update Time(s): 6.9469
#seeds: 6145
#inputs: 1930442
=====================
=====================
Part 27, Epoch Time(s): 13.2857
Sampling Time(s): 0.3505
Loading Time(s): 4.3300
Forward Time(s): 0.1231
Backward Time(s): 1.4895
Update Time(s): 0.0081
Emb Update Time(s): 6.9596
#seeds: 6144
#inputs: 1966957
=====================
=====================
Part 24, Epoch Time(s): 13.2840
Sampling Time(s): 0.3772
Loading Time(s): 3.4243
Forward Time(s): 0.1280
Backward Time(s): 2.3904
Update Time(s): 0.0086
Emb Update Time(s): 6.9232
#seeds: 6144
#inputs: 1980303
=====================
=====================
Part 18, Epoch Time(s): 13.2849
Sampling Time(s): 0.3240
Loading Time(s): 3.4157
Forward Time(s): 0.1265
Backward Time(s): 2.4714
Update Time(s): 0.0083
Emb Update Time(s): 6.8941
#seeds: 6144
#inputs: 1939237
==========================================
Part 22, Epoch Time(s): 13.2845
Sampling Time(s): 0.3915
Loading Time(s): 4.7747
Forward Time(s): 0.1241
Backward Time(s): 1.0325
Update Time(s): 0.0075
Emb Update Time(s): 6.9243
#seeds: 6145
#inputs: 1931177
=====================

=====================
Part 17, Epoch Time(s): 13.2849
Sampling Time(s): 0.2993
Loading Time(s): 3.8281
Forward Time(s): 0.1249
Backward Time(s): 2.0544
Update Time(s): 0.0082
Emb Update Time(s): 6.9442
#seeds: 6144
#inputs: 1950722
==========================================
Part 23, Epoch Time(s): 13.2840
Sampling Time(s): 0.2766
Loading Time(s): 4.6804
Forward Time(s): 0.1258
Backward Time(s): 1.2285
Update Time(s): 0.0085
Emb Update Time(s): 6.9362
#seeds: 6144
#inputs: 1926431
=====================

=====================
Part 21, Epoch Time(s): 13.2851
Sampling Time(s): 0.3230
Loading Time(s): 3.2369
Forward Time(s): 0.1254
Backward Time(s): 2.6232
Update Time(s): 0.0084
Emb Update Time(s): 6.9307
#seeds: 6145
#inputs: 1936615
=====================
=====================
Part 19, Epoch Time(s): 13.2848
Sampling Time(s): 0.3826
Loading Time(s): 4.3926
Forward Time(s): 0.1280
Backward Time(s): 1.4312
Update Time(s): 0.0091
Emb Update Time(s): 6.8986
#seeds: 6144
#inputs: 1932543
=====================
=====================
Part 20, Epoch Time(s): 13.2845
Sampling Time(s): 0.3825
Loading Time(s): 3.7297
Forward Time(s): 0.1233
Backward Time(s): 2.0767
Update Time(s): 0.0078
Emb Update Time(s): 6.9323
#seeds: 6144
#inputs: 1928268
=====================
=====================
Part 16, Epoch Time(s): 13.2826
Sampling Time(s): 0.3618
Loading Time(s): 3.8650
Forward Time(s): 0.1261
Backward Time(s): 1.9530
Update Time(s): 0.0088
Emb Update Time(s): 6.9355
#seeds: 6144
#inputs: 1914635
=====================
=====================
Part 14, Epoch Time(s): 13.2848
Sampling Time(s): 0.2876
Loading Time(s): 4.5144
Forward Time(s): 0.1271
Backward Time(s): 1.3805
Update Time(s): 0.0078
Emb Update Time(s): 6.9321
#seeds: 6144
#inputs: 2024223
=====================
=====================
Part 15, Epoch Time(s): 13.2824
Sampling Time(s): 0.3508
Loading Time(s): 4.7688
Forward Time(s): 0.1259
Backward Time(s): 1.0630
Update Time(s): 0.0085
Emb Update Time(s): 6.9476
#seeds: 6144
#inputs: 2044500
==========================================
Part 13, Epoch Time(s): 13.2846
Sampling Time(s): 0.2895
Loading Time(s): 4.3239
Forward Time(s): 0.1262
Backward Time(s): 1.5973
Update Time(s): 0.0072
Emb Update Time(s): 6.8983
#seeds: 6144
#inputs: 2043891
=====================

=====================
Part 10, Epoch Time(s): 13.2847
Sampling Time(s): 0.3037
Loading Time(s): 4.3482
Forward Time(s): 0.1248
Backward Time(s): 1.5440
Update Time(s): 0.0076
Emb Update Time(s): 6.9204
#seeds: 6144
#inputs: 2020654
=====================
=====================
Part 9, Epoch Time(s): 13.2844
Sampling Time(s): 0.3453
Loading Time(s): 3.9859
Forward Time(s): 0.1255
Backward Time(s): 1.8870
Update Time(s): 0.0076
Emb Update Time(s): 6.8906
#seeds: 6145
#inputs: 2041436
==========================================
Part 11, Epoch Time(s): 13.2839
Sampling Time(s): 0.3512
Loading Time(s): 3.6206
Forward Time(s): 0.1278
Backward Time(s): 2.2363
Update Time(s): 0.0078
Emb Update Time(s): 6.9035
#seeds: 6144
#inputs: 2044081
=====================

=====================
Part 12, Epoch Time(s): 13.2837
Sampling Time(s): 0.3276
Loading Time(s): 5.0154
Forward Time(s): 0.1267
Backward Time(s): 0.8656
Update Time(s): 0.0076
Emb Update Time(s): 6.9016
#seeds: 6145
#inputs: 2034729
=====================
=====================
Part 8, Epoch Time(s): 13.2830
Sampling Time(s): 0.3529
Loading Time(s): 4.1300
Forward Time(s): 0.1264
Backward Time(s): 1.6961
Update Time(s): 0.0081
Emb Update Time(s): 6.9357
#seeds: 6144
#inputs: 2040097
=====================
=====================
Part 0, Epoch Time(s): 13.2847
Sampling Time(s): 0.3115
Loading Time(s): 2.9478
Forward Time(s): 0.1259
Backward Time(s): 2.9216
Update Time(s): 0.0083
Emb Update Time(s): 6.9366
#seeds: 6144
#inputs: 1923801
=====================
Part 28, Val Acc 0.8999, Test Acc 0.7357, time: 71.7245
Part 26, Val Acc 0.9178, Test Acc 0.7357, time: 75.2120
Part 31, Val Acc 0.9146, Test Acc 0.7330, time: 78.5248
Part 24, Val Acc 0.9112, Test Acc 0.7342, time: 81.5244
Part 27, Val Acc 0.9170, Test Acc 0.7330, time: 84.2318
Part 25, Val Acc 0.9024, Test Acc 0.7354, time: 84.2348
Part 29, Val Acc 0.9186, Test Acc 0.7335, time: 84.9039
Part 30, Val Acc 0.9219, Test Acc 0.7351, time: 86.1995
Part 16, Val Acc 0.8779, Test Acc 0.7430, time: 96.3109
Part 22, Val Acc 0.8788, Test Acc 0.7413, time: 96.3124
Part 19, Val Acc 0.8723, Test Acc 0.7426, time: 97.5499
Part 1, Val Acc 0.9284, Test Acc 0.8168, time: 98.7704
Part 23, Val Acc 0.8836, Test Acc 0.7463, time: 98.8387
Part 3, Val Acc 0.9390, Test Acc 0.8163, time: 100.8755
Part 6, Val Acc 0.9463, Test Acc 0.8194, time: 100.8971
Part 7, Val Acc 0.9317, Test Acc 0.8174, time: 101.3278
Part 15, Val Acc 0.8690, Test Acc 0.7281, time: 103.1422
Part 2, Val Acc 0.9300, Test Acc 0.8161, time: 104.0520
Part 13, Val Acc 0.8804, Test Acc 0.7250, time: 104.2980
Part 10, Val Acc 0.8974, Test Acc 0.7256, time: 105.0149
Part 17, Val Acc 0.8910, Test Acc 0.7447, time: 105.4482
Part 0, Val Acc 0.9308, Test Acc 0.8173, time: 106.2234
Part 14, Val Acc 0.8902, Test Acc 0.7248, time: 106.5854
Part 8, Val Acc 0.8812, Test Acc 0.7265, time: 107.1347
Part 12, Val Acc 0.8674, Test Acc 0.7268, time: 107.2867
Part 18, Val Acc 0.8902, Test Acc 0.7416, time: 107.3218
Part 21, Val Acc 0.8731, Test Acc 0.7461, time: 107.6634
Part 20, Val Acc 0.8755, Test Acc 0.7428, time: 107.9614
Part 4, Val Acc 0.9373, Test Acc 0.8179, time: 108.2845
Part 11, Val Acc 0.8804, Test Acc 0.7278, time: 108.4351
Part 5, Val Acc 0.9414, Test Acc 0.8190, time: 108.5455
Part 9, Val Acc 0.9024, Test Acc 0.7282, time: 108.7515
All parts avg val acc 0.9031, test acc 0.7555
Part 18 | Epoch 00013 | Step 00000 | Loss 0.5000 | Train Acc 0.8810 | Speed (samples/sec) 435.1004 | GPU 2075.0 MB | time 2.515 s
Part 21 | Epoch 00013 | Step 00000 | Loss 0.4429 | Train Acc 0.8860 | Speed (samples/sec) 435.4861 | GPU 2069.3 MB | time 2.515 s
Part 12 | Epoch 00013 | Step 00000 | Loss 0.4152 | Train Acc 0.8940 | Speed (samples/sec) 435.2322 | GPU 2102.6 MB | time 2.514 s
Part 31 | Epoch 00013 | Step 00000 | Loss 0.3274 | Train Acc 0.9170 | Speed (samples/sec) 435.2118 | GPU 2219.3 MB | time 2.517 s
Part 13 | Epoch 00013 | Step 00000 | Loss 0.4171 | Train Acc 0.8910 | Speed (samples/sec) 435.1577 | GPU 2116.3 MB | time 2.517 s
Part 25 | Epoch 00013 | Step 00000 | Loss 0.3290 | Train Acc 0.9120 | Speed (samples/sec) 434.9600 | GPU 2211.8 MB | time 2.519 s
Part 26 | Epoch 00013 | Step 00000 | Loss 0.3211 | Train Acc 0.9160 | Speed (samples/sec) 435.1699 | GPU 2216.2 MB | time 2.520 s
Part 11 | Epoch 00013 | Step 00000 | Loss 0.4922 | Train Acc 0.8660 | Speed (samples/sec) 435.1548 | GPU 2107.9 MB | time 2.519 s
Part 19 | Epoch 00013 | Step 00000 | Loss 0.5168 | Train Acc 0.8810 | Speed (samples/sec) 435.2066 | GPU 2050.0 MB | time 2.519 s
Part 4 | Epoch 00013 | Step 00000 | Loss 0.2589 | Train Acc 0.9270 | Speed (samples/sec) 435.4805 | GPU 2023.2 MB | time 2.520 s
Part 24 | Epoch 00013 | Step 00000 | Loss 0.3381 | Train Acc 0.9040 | Speed (samples/sec) 435.1270 | GPU 2221.1 MB | time 2.522 s
Part 29 | Epoch 00013 | Step 00000 | Loss 0.2906 | Train Acc 0.9220 | Speed (samples/sec) 435.2459 | GPU 2217.0 MB | time 2.523 s
Part 30 | Epoch 00013 | Step 00000 | Loss 0.3998 | Train Acc 0.9090 | Speed (samples/sec) 435.1327 | GPU 2224.1 MB | time 2.523 s
Part 22 | Epoch 00013 | Step 00000 | Loss 0.4109 | Train Acc 0.8930 | Speed (samples/sec) 435.4477 | GPU 2047.9 MB | time 2.522 s
Part 14 | Epoch 00013 | Step 00000 | Loss 0.4023 | Train Acc 0.8880 | Speed (samples/sec) 435.2449 | GPU 2111.7 MB | time 2.523 s
Part 27 | Epoch 00013 | Step 00000 | Loss 0.2600 | Train Acc 0.9360 | Speed (samples/sec) 435.1255 | GPU 2215.3 MB | time 2.524 s
Part 7 | Epoch 00013 | Step 00000 | Loss 0.2840 | Train Acc 0.9280 | Speed (samples/sec) 435.0502 | GPU 2043.5 MB | time 2.523 s
Part 10 | Epoch 00013 | Step 00000 | Loss 0.4128 | Train Acc 0.8830 | Speed (samples/sec) 435.1920 | GPU 2098.1 MB | time 2.524 s
Part 8 | Epoch 00013 | Step 00000 | Loss 0.3694 | Train Acc 0.9020 | Speed (samples/sec) 435.1934 | GPU 2106.6 MB | time 2.524 s
Part 15 | Epoch 00013 | Step 00000 | Loss 0.4299 | Train Acc 0.8880 | Speed (samples/sec) 434.9866 | GPU 2112.9 MB | time 2.524 s
Part 28 | Epoch 00013 | Step 00000 | Loss 0.2836 | Train Acc 0.9250 | Speed (samples/sec) 434.7119 | GPU 2207.2 MB | time 2.526 s
Part 9 | Epoch 00013 | Step 00000 | Loss 0.4552 | Train Acc 0.8880 | Speed (samples/sec) 435.3340 | GPU 2100.5 MB | time 2.525 s
Part 16 | Epoch 00013 | Step 00000 | Loss 0.4439 | Train Acc 0.8840 | Speed (samples/sec) 435.2526 | GPU 2041.2 MB | time 2.526 s
Part 23 | Epoch 00013 | Step 00000 | Loss 0.4588 | Train Acc 0.8890 | Speed (samples/sec) 435.1467 | GPU 2053.6 MB | time 2.528 s
Part 20 | Epoch 00013 | Step 00000 | Loss 0.4396 | Train Acc 0.8790 | Speed (samples/sec) 435.2560 | GPU 2065.4 MB | time 2.528 s
Part 0 | Epoch 00013 | Step 00000 | Loss 0.2612 | Train Acc 0.9360 | Speed (samples/sec) 435.0795 | GPU 2023.1 MB | time 2.529 s
Part 17 | Epoch 00013 | Step 00000 | Loss 0.4915 | Train Acc 0.8730 | Speed (samples/sec) 435.1798 | GPU 2072.4 MB | time 2.527 s
Part 3 | Epoch 00013 | Step 00000 | Loss 0.2663 | Train Acc 0.9350 | Speed (samples/sec) 435.1394 | GPU 2026.5 MB | time 2.528 s
Part 2 | Epoch 00013 | Step 00000 | Loss 0.2557 | Train Acc 0.9390 | Speed (samples/sec) 435.2177 | GPU 2043.8 MB | time 2.530 s
Part 1 | Epoch 00013 | Step 00000 | Loss 0.2509 | Train Acc 0.9410 | Speed (samples/sec) 435.2874 | GPU 2032.4 MB | time 2.530 s
Part 6 | Epoch 00013 | Step 00000 | Loss 0.2085 | Train Acc 0.9450 | Speed (samples/sec) 434.8725 | GPU 2034.0 MB | time 2.530 s
Part 5 | Epoch 00013 | Step 00000 | Loss 0.2438 | Train Acc 0.9390 | Speed (samples/sec) 435.4624 | GPU 2032.8 MB | time 2.530 s
Avg train acc 0.9062
=====================
Part 4, Epoch Time(s): 13.1541
Sampling Time(s): 0.3856
Loading Time(s): 2.5487
Forward Time(s): 0.1261
Backward Time(s): 2.9762
Update Time(s): 0.0083
Emb Update Time(s): 7.0768
#seeds: 6145
#inputs: 1921053
=====================
=====================
Part 3, Epoch Time(s): 13.1545
Sampling Time(s): 0.3823
Loading Time(s): 3.3582
Forward Time(s): 0.1318
Backward Time(s): 2.1607
Update Time(s): 0.0105
Emb Update Time(s): 7.0785
#seeds: 6144
#inputs: 1935301
==========================================
Part 2, Epoch Time(s): 13.1543
Sampling Time(s): 0.3095
Loading Time(s): 2.4837
Forward Time(s): 0.1247
Backward Time(s): 3.0974
Update Time(s): 0.0081
Emb Update Time(s): 7.1004
#seeds: 6144
#inputs: 1934382
==========================================
Part 0, Epoch Time(s): 13.1559
Sampling Time(s): 0.3312
Loading Time(s): 2.3373
Forward Time(s): 0.1277
Backward Time(s): 3.2385
Update Time(s): 0.0078
Emb Update Time(s): 7.0823
#seeds: 6144
#inputs: 1927643
=====================
=====================
Part 6, Epoch Time(s): 13.1550
Sampling Time(s): 0.2623
Loading Time(s): 3.4293
Forward Time(s): 0.1249
Backward Time(s): 2.2149
Update Time(s): 0.0084
Emb Update Time(s): 7.0930
#seeds: 6144
#inputs: 1933802
=====================


=====================
Part 5, Epoch Time(s): 13.1544
Sampling Time(s): 0.4180
Loading Time(s): 2.9612
Forward Time(s): 0.1261
Backward Time(s): 2.5105
Update Time(s): 0.0100
Emb Update Time(s): 7.0983
#seeds: 6145
#inputs: 1931526
==========================================
Part 1, Epoch Time(s): 13.1541
Sampling Time(s): 0.3773
Loading Time(s): 3.2250
Forward Time(s): 0.1236
Backward Time(s): 2.2943
Update Time(s): 0.0079
Emb Update Time(s): 7.1032
#seeds: 6144
#inputs: 1924127
=====================

=====================
Part 20, Epoch Time(s): 13.1557
Sampling Time(s): 0.3121
Loading Time(s): 3.7819
Forward Time(s): 0.1269
Backward Time(s): 1.7983
Update Time(s): 0.0078
Emb Update Time(s): 7.0959
#seeds: 6144
#inputs: 1935613
=====================
=====================
Part 18, Epoch Time(s): 13.1558
Sampling Time(s): 0.2684
Loading Time(s): 3.9683
Forward Time(s): 0.1241
Backward Time(s): 1.6960
Update Time(s): 0.0073
Emb Update Time(s): 7.0458
#seeds: 6144
#inputs: 1937954
=====================
=====================
Part 21, Epoch Time(s): 13.1560
Sampling Time(s): 0.3003
Loading Time(s): 4.6375
Forward Time(s): 0.1255
Backward Time(s): 0.9599
Update Time(s): 0.0075
Emb Update Time(s): 7.0863
#seeds: 6145
#inputs: 1942718
=====================
=====================
Part 19, Epoch Time(s): 13.1560
Sampling Time(s): 0.3595
Loading Time(s): 4.3381
Forward Time(s): 0.1250
Backward Time(s): 1.2328
Update Time(s): 0.0078
Emb Update Time(s): 7.0515
#seeds: 6144
#inputs: 1923658
=====================
=====================
Part 22, Epoch Time(s): 13.1562
Sampling Time(s): 0.3248
Loading Time(s): 4.5158
Forward Time(s): 0.1242
Backward Time(s): 1.0614
Update Time(s): 0.0081
Emb Update Time(s): 7.0834
#seeds: 6145
#inputs: 1927467
=====================
=====================
Part 16, Epoch Time(s): 13.1538
Sampling Time(s): 0.3764
Loading Time(s): 4.0475
Forward Time(s): 0.1243
Backward Time(s): 1.4767
Update Time(s): 0.0089
Emb Update Time(s): 7.0869
#seeds: 6144
#inputs: 1907456
=====================
=====================
Part 23, Epoch Time(s): 13.1551
Sampling Time(s): 0.3629
Loading Time(s): 4.4125
Forward Time(s): 0.1250
Backward Time(s): 1.1217
Update Time(s): 0.0082
Emb Update Time(s): 7.0929
#seeds: 6144
#inputs: 1927108
=====================
=====================
Part 17, Epoch Time(s): 13.1556
Sampling Time(s): 0.2980
Loading Time(s): 3.9917
Forward Time(s): 0.1260
Backward Time(s): 1.6092
Update Time(s): 0.0085
Emb Update Time(s): 7.1029
#seeds: 6144
#inputs: 1944660
=====================
=====================
Part 7, Epoch Time(s): 13.1535
Sampling Time(s): 0.4007
Loading Time(s): 3.8588
Forward Time(s): 0.1257
Backward Time(s): 1.6486
Update Time(s): 0.0081
Emb Update Time(s): 7.0827
#seeds: 6144
#inputs: 1939982
=====================
=====================
Part 28, Epoch Time(s): 13.1566
Sampling Time(s): 0.4184
Loading Time(s): 4.2487
Forward Time(s): 0.1238
Backward Time(s): 1.2195
Update Time(s): 0.0074
Emb Update Time(s): 7.1144
#seeds: 6144
#inputs: 1959468
=====================
=====================
Part 27, Epoch Time(s): 13.1570
Sampling Time(s): 0.3270
Loading Time(s): 3.9675
Forward Time(s): 0.1236
Backward Time(s): 1.5947
Update Time(s): 0.0077
Emb Update Time(s): 7.0995
#seeds: 6144
#inputs: 1963737
==========================================
Part 30, Epoch Time(s): 13.1575
Sampling Time(s): 0.3210
Loading Time(s): 4.6195
Forward Time(s): 0.1271
Backward Time(s): 0.9433
Update Time(s): 0.0084
Emb Update Time(s): 7.0999
#seeds: 6144
#inputs: 1974984
=====================

=====================
Part 26, Epoch Time(s): 13.1571
Sampling Time(s): 0.3903
Loading Time(s): 4.2211
Forward Time(s): 0.1257
Backward Time(s): 1.2971
Update Time(s): 0.0241
Emb Update Time(s): 7.0576
#seeds: 6145
#inputs: 1971584
==========================================
Part 24, Epoch Time(s): 13.1557
Sampling Time(s): 0.3347
Loading Time(s): 3.0225
Forward Time(s): 0.1257
Backward Time(s): 2.5488
Update Time(s): 0.0086
Emb Update Time(s): 7.0776
#seeds: 6144
#inputs: 1983306
=====================

=====================
Part 29, Epoch Time(s): 13.1574
Sampling Time(s): 0.3084
Loading Time(s): 3.8620
Forward Time(s): 0.1241
Backward Time(s): 1.7295
Update Time(s): 0.0081
Emb Update Time(s): 7.0868
#seeds: 6144
#inputs: 1961004
==========================================
Part 31, Epoch Time(s): 13.1558
Sampling Time(s): 0.2672
Loading Time(s): 3.6619
Forward Time(s): 0.1262
Backward Time(s): 1.9801
Update Time(s): 0.0078
Emb Update Time(s): 7.0702
#seeds: 6144
#inputs: 1974820
=====================

=====================
Part 25, Epoch Time(s): 13.1570
Sampling Time(s): 0.3552
Loading Time(s): 3.4504
Forward Time(s): 0.1278
Backward Time(s): 2.1167
Update Time(s): 0.0087
Emb Update Time(s): 7.0563
#seeds: 6144
#inputs: 1964673
=====================
=====================
Part 12, Epoch Time(s): 13.1550
Sampling Time(s): 0.3537
Loading Time(s): 4.3964
Forward Time(s): 0.1271
Backward Time(s): 1.1701
Update Time(s): 0.0078
Emb Update Time(s): 7.0600
#seeds: 6145
#inputs: 2037178
=====================
=====================
Part 10, Epoch Time(s): 13.1554
Sampling Time(s): 0.3977
Loading Time(s): 4.0288
Forward Time(s): 0.1288
Backward Time(s): 1.4624
Update Time(s): 0.0076
Emb Update Time(s): 7.1012
#seeds: 6144
#inputs: 2020489
==========================================
Part 14, Epoch Time(s): 13.1560
Sampling Time(s): 0.3683
Loading Time(s): 3.9566
Forward Time(s): 0.1270
Backward Time(s): 1.5700
Update Time(s): 0.0080
Emb Update Time(s): 7.0880
#seeds: 6144
#inputs: 2033436
=====================
=====================
Part 8, Epoch Time(s): 13.1542
Sampling Time(s): 0.3764
Loading Time(s): 3.1259
Forward Time(s): 0.1262
Backward Time(s): 2.3924
Update Time(s): 0.0081
Emb Update Time(s): 7.0896
#seeds: 6144
#inputs: 2040769
=====================

=====================
Part 13, Epoch Time(s): 13.1555
Sampling Time(s): 0.3608
Loading Time(s): 4.6384
Forward Time(s): 0.1274
Backward Time(s): 0.9322
Update Time(s): 0.0080
Emb Update Time(s): 7.0446
#seeds: 6144
#inputs: 2048209
==========================================
Part 11, Epoch Time(s): 13.1556
Sampling Time(s): 0.4075
Loading Time(s): 3.7656
Forward Time(s): 0.1303
Backward Time(s): 1.7484
Update Time(s): 0.0078
Emb Update Time(s): 7.0540
#seeds: 6144
#inputs: 2039938
=====================

=====================
Part 9, Epoch Time(s): 13.1555
Sampling Time(s): 0.3053
Loading Time(s): 3.1210
Forward Time(s): 0.1272
Backward Time(s): 2.4995
Update Time(s): 0.0083
Emb Update Time(s): 7.0589
#seeds: 6145
#inputs: 2033428
=====================
=====================
Part 15, Epoch Time(s): 13.1534
Sampling Time(s): 0.3800
Loading Time(s): 4.3406
Forward Time(s): 0.1249
Backward Time(s): 1.1687
Update Time(s): 0.0074
Emb Update Time(s): 7.1048
#seeds: 6144
#inputs: 2048355
=====================
Part 28, Val Acc 0.9089, Test Acc 0.7419, time: 73.6780
Part 26, Val Acc 0.9186, Test Acc 0.7415, time: 76.4927
Part 31, Val Acc 0.9129, Test Acc 0.7395, time: 79.9947
Part 24, Val Acc 0.9104, Test Acc 0.7399, time: 89.7164
Part 25, Val Acc 0.9081, Test Acc 0.7429, time: 92.3241
Part 27, Val Acc 0.9162, Test Acc 0.7407, time: 93.7356
Part 29, Val Acc 0.9178, Test Acc 0.7404, time: 94.9707
Part 30, Val Acc 0.9243, Test Acc 0.7420, time: 95.3733
Part 17, Val Acc 0.8975, Test Acc 0.7498, time: 103.1145
Part 16, Val Acc 0.8779, Test Acc 0.7496, time: 104.1127
Part 23, Val Acc 0.8845, Test Acc 0.7524, time: 104.1139
Part 22, Val Acc 0.8796, Test Acc 0.7477, time: 104.1215
Part 19, Val Acc 0.8739, Test Acc 0.7483, time: 104.1240
Part 21, Val Acc 0.8706, Test Acc 0.7522, time: 104.2816
Part 18, Val Acc 0.8893, Test Acc 0.7487, time: 104.6293
Part 20, Val Acc 0.8836, Test Acc 0.7488, time: 105.1512
Part 6, Val Acc 0.9463, Test Acc 0.8221, time: 105.5227
Part 7, Val Acc 0.9398, Test Acc 0.8182, time: 105.5783
Part 2, Val Acc 0.9414, Test Acc 0.8178, time: 105.7464
Part 1, Val Acc 0.9341, Test Acc 0.8190, time: 105.8022
Part 3, Val Acc 0.9373, Test Acc 0.8183, time: 105.8166
Part 4, Val Acc 0.9390, Test Acc 0.8200, time: 105.9529
Part 0, Val Acc 0.9243, Test Acc 0.8190, time: 105.9841
Part 5, Val Acc 0.9439, Test Acc 0.8199, time: 106.0066
Part 14, Val Acc 0.8942, Test Acc 0.7255, time: 106.0396
Part 15, Val Acc 0.8731, Test Acc 0.7297, time: 106.0446
Part 12, Val Acc 0.8714, Test Acc 0.7288, time: 106.0512
Part 13, Val Acc 0.8804, Test Acc 0.7270, time: 106.2097
Part 10, Val Acc 0.8893, Test Acc 0.7272, time: 106.2491
Part 8, Val Acc 0.8926, Test Acc 0.7275, time: 106.5689
Part 11, Val Acc 0.8828, Test Acc 0.7287, time: 106.5699
Part 9, Val Acc 0.9024, Test Acc 0.7268, time: 106.5824
All parts avg val acc 0.9052, test acc 0.7594
Part 0 | Epoch 00014 | Step 00000 | Loss 0.2321 | Train Acc 0.9450 | Speed (samples/sec) 436.2900 | GPU 2026.3 MB | time 2.481 s
Part 12 | Epoch 00014 | Step 00000 | Loss 0.4314 | Train Acc 0.8920 | Speed (samples/sec) 436.4045 | GPU 2102.6 MB | time 2.480 s
Part 19 | Epoch 00014 | Step 00000 | Loss 0.4509 | Train Acc 0.8830 | Speed (samples/sec) 436.3864 | GPU 2050.0 MB | time 2.482 s
Part 18 | Epoch 00014 | Step 00000 | Loss 0.4783 | Train Acc 0.8840 | Speed (samples/sec) 436.2938 | GPU 2075.0 MB | time 2.482 s
Part 9 | Epoch 00014 | Step 00000 | Loss 0.3883 | Train Acc 0.9000 | Speed (samples/sec) 436.5277 | GPU 2100.5 MB | time 2.483 s
Part 3 | Epoch 00014 | Step 00000 | Loss 0.2472 | Train Acc 0.9410 | Speed (samples/sec) 436.3601 | GPU 2026.5 MB | time 2.482 s
Part 4 | Epoch 00014 | Step 00000 | Loss 0.1958 | Train Acc 0.9540 | Speed (samples/sec) 436.6435 | GPU 2023.2 MB | time 2.484 s
Part 11 | Epoch 00014 | Step 00000 | Loss 0.4869 | Train Acc 0.8750 | Speed (samples/sec) 436.3389 | GPU 2107.9 MB | time 2.485 s
Part 26 | Epoch 00014 | Step 00000 | Loss 0.3351 | Train Acc 0.9110 | Speed (samples/sec) 436.3791 | GPU 2216.2 MB | time 2.486 s
Part 13 | Epoch 00014 | Step 00000 | Loss 0.3931 | Train Acc 0.8950 | Speed (samples/sec) 436.3305 | GPU 2116.3 MB | time 2.487 s
Part 30 | Epoch 00014 | Step 00000 | Loss 0.3011 | Train Acc 0.9130 | Speed (samples/sec) 436.3181 | GPU 2224.1 MB | time 2.488 s
Part 22 | Epoch 00014 | Step 00000 | Loss 0.4338 | Train Acc 0.8870 | Speed (samples/sec) 436.6326 | GPU 2047.9 MB | time 2.488 s
Part 31 | Epoch 00014 | Step 00000 | Loss 0.3260 | Train Acc 0.9160 | Speed (samples/sec) 436.4001 | GPU 2219.3 MB | time 2.489 s
Part 7 | Epoch 00014 | Step 00000 | Loss 0.2401 | Train Acc 0.9350 | Speed (samples/sec) 436.2211 | GPU 2043.5 MB | time 2.487 s
Part 28 | Epoch 00014 | Step 00000 | Loss 0.3399 | Train Acc 0.9140 | Speed (samples/sec) 435.8925 | GPU 2207.2 MB | time 2.489 s
Part 24 | Epoch 00014 | Step 00000 | Loss 0.3648 | Train Acc 0.9010 | Speed (samples/sec) 436.3268 | GPU 2221.1 MB | time 2.488 s
Part 21 | Epoch 00014 | Step 00000 | Loss 0.4611 | Train Acc 0.8780 | Speed (samples/sec) 436.6365 | GPU 2069.3 MB | time 2.489 s
Part 25 | Epoch 00014 | Step 00000 | Loss 0.3123 | Train Acc 0.9250 | Speed (samples/sec) 436.1329 | GPU 2211.8 MB | time 2.490 s
Part 14 | Epoch 00014 | Step 00000 | Loss 0.4510 | Train Acc 0.8800 | Speed (samples/sec) 436.4362 | GPU 2111.7 MB | time 2.490 s
Part 8 | Epoch 00014 | Step 00000 | Loss 0.3768 | Train Acc 0.8910 | Speed (samples/sec) 436.3873 | GPU 2106.6 MB | time 2.490 s
Part 15 | Epoch 00014 | Step 00000 | Loss 0.4338 | Train Acc 0.8860 | Speed (samples/sec) 436.1562 | GPU 2112.9 MB | time 2.491 s
Part 20 | Epoch 00014 | Step 00000 | Loss 0.4718 | Train Acc 0.8790 | Speed (samples/sec) 436.4466 | GPU 2065.4 MB | time 2.491 s
Part 16 | Epoch 00014 | Step 00000 | Loss 0.4145 | Train Acc 0.9040 | Speed (samples/sec) 436.4440 | GPU 2041.2 MB | time 2.491 s
Part 17 | Epoch 00014 | Step 00000 | Loss 0.4531 | Train Acc 0.8860 | Speed (samples/sec) 436.3018 | GPU 2072.4 MB | time 2.491 s
Part 27 | Epoch 00014 | Step 00000 | Loss 0.3128 | Train Acc 0.9240 | Speed (samples/sec) 436.3072 | GPU 2215.3 MB | time 2.493 s
Part 6 | Epoch 00014 | Step 00000 | Loss 0.2313 | Train Acc 0.9450 | Speed (samples/sec) 436.0435 | GPU 2034.0 MB | time 2.491 s
Part 1 | Epoch 00014 | Step 00000 | Loss 0.2520 | Train Acc 0.9400 | Speed (samples/sec) 436.4319 | GPU 2032.4 MB | time 2.491 s
Part 10 | Epoch 00014 | Step 00000 | Loss 0.4368 | Train Acc 0.8840 | Speed (samples/sec) 436.3440 | GPU 2098.1 MB | time 2.492 s
Part 2 | Epoch 00014 | Step 00000 | Loss 0.2585 | Train Acc 0.9320 | Speed (samples/sec) 436.4094 | GPU 2043.8 MB | time 2.491 s
Part 29 | Epoch 00014 | Step 00000 | Loss 0.2678 | Train Acc 0.9230 | Speed (samples/sec) 436.4270 | GPU 2217.0 MB | time 2.494 s
Part 23 | Epoch 00014 | Step 00000 | Loss 0.4584 | Train Acc 0.8850 | Speed (samples/sec) 436.3378 | GPU 2053.6 MB | time 2.495 s
Part 5 | Epoch 00014 | Step 00000 | Loss 0.2625 | Train Acc 0.9280 | Speed (samples/sec) 436.6481 | GPU 2032.8 MB | time 2.494 s
Avg train acc 0.9074
=====================
Part 6, Epoch Time(s): 13.4831
Sampling Time(s): 0.3183
Loading Time(s): 3.9623
Forward Time(s): 0.1231
Backward Time(s): 1.8591
Update Time(s): 0.0075
Emb Update Time(s): 7.1626
#seeds: 6144
#inputs: 1928070
=====================
=====================
Part 5, Epoch Time(s): 13.4835
Sampling Time(s): 0.4336
Loading Time(s): 3.7781
Forward Time(s): 0.1285
Backward Time(s): 1.9165
Update Time(s): 0.0090
Emb Update Time(s): 7.1705
#seeds: 6145
#inputs: 1931897
=====================
=====================
Part 1, Epoch Time(s): 13.4833
Sampling Time(s): 0.3369
Loading Time(s): 3.7063
Forward Time(s): 0.1245
Backward Time(s): 2.0929
Update Time(s): 0.0076
Emb Update Time(s): 7.1650
#seeds: 6144
#inputs: 1927633
==========================================
Part 2, Epoch Time(s): 13.4829
Sampling Time(s): 0.3512
Loading Time(s): 3.1266
Forward Time(s): 0.1248
Backward Time(s): 2.6572
Update Time(s): 0.0080
Emb Update Time(s): 7.1654
#seeds: 6144
#inputs: 1935292
=====================
=====================
Part 7, Epoch Time(s): 13.4824
Sampling Time(s): 0.3655
Loading Time(s): 3.5246
Forward Time(s): 0.1264
Backward Time(s): 2.2623
Update Time(s): 0.0081
Emb Update Time(s): 7.1422
#seeds: 6144
#inputs: 1942399
=====================

=====================
Part 3, Epoch Time(s): 13.4831
Sampling Time(s): 0.3487
Loading Time(s): 3.8820
Forward Time(s): 0.1320
Backward Time(s): 1.9073
Update Time(s): 0.0087
Emb Update Time(s): 7.1449
#seeds: 6144
#inputs: 1933245
==========================================
Part 4, Epoch Time(s): 13.4825
Sampling Time(s): 0.2706
Loading Time(s): 2.7638
Forward Time(s): 0.1253
Backward Time(s): 3.1099
Update Time(s): 0.0081
Emb Update Time(s): 7.1479
#seeds: 6145
#inputs: 1922153
=====================

=====================
Part 0, Epoch Time(s): 13.4844
Sampling Time(s): 0.3109
Loading Time(s): 3.9669
Forward Time(s): 0.1235
Backward Time(s): 1.8751
Update Time(s): 0.0072
Emb Update Time(s): 7.1481
#seeds: 6144
#inputs: 1922121
=====================
=====================
Part 29, Epoch Time(s): 13.4865
Sampling Time(s): 0.3182
Loading Time(s): 3.4519
Forward Time(s): 0.1236
Backward Time(s): 2.3672
Update Time(s): 0.0080
Emb Update Time(s): 7.1688
#seeds: 6144
#inputs: 1963099
=====================
=====================
Part 21, Epoch Time(s): 13.4850
Sampling Time(s): 0.4343
Loading Time(s): 4.6980
Forward Time(s): 0.1249
Backward Time(s): 1.0145
Update Time(s): 0.0072
Emb Update Time(s): 7.1528
#seeds: 6145
#inputs: 1936029
=====================
=====================
Part 22, Epoch Time(s): 13.4849
Sampling Time(s): 0.3446
Loading Time(s): 4.6238
Forward Time(s): 0.1232
Backward Time(s): 1.1784
Update Time(s): 0.0071
Emb Update Time(s): 7.1605
#seeds: 6145
#inputs: 1931538
=====================
=====================
Part 18, Epoch Time(s): 13.4846
Sampling Time(s): 0.2834
Loading Time(s): 3.6891
Forward Time(s): 0.1267
Backward Time(s): 2.1946
Update Time(s): 0.0080
Emb Update Time(s): 7.1232
#seeds: 6144
#inputs: 1934203
=====================
=====================
Part 23, Epoch Time(s): 13.4840
Sampling Time(s): 0.3589
Loading Time(s): 5.0486
Forward Time(s): 0.1238
Backward Time(s): 0.7068
Update Time(s): 0.0066
Emb Update Time(s): 7.2171
#seeds: 6144
#inputs: 1926346
==========================================
Part 17, Epoch Time(s): 13.4846
Sampling Time(s): 0.4053
Loading Time(s): 4.3071
Forward Time(s): 0.1255
Backward Time(s): 1.4339
Update Time(s): 0.0080
Emb Update Time(s): 7.1542
#seeds: 6144
#inputs: 1946159
=====================
=====================
Part 20, Epoch Time(s): 13.4840
Sampling Time(s): 0.4109
Loading Time(s): 3.7868
Forward Time(s): 0.1245
Backward Time(s): 1.9523
Update Time(s): 0.0075
Emb Update Time(s): 7.1520
#seeds: 6144
#inputs: 1935563
==========================================
Part 19, Epoch Time(s): 13.4848
Sampling Time(s): 0.3359
Loading Time(s): 4.0050
Forward Time(s): 0.1248
Backward Time(s): 1.8262
Update Time(s): 0.0084
Emb Update Time(s): 7.1244
#seeds: 6144
#inputs: 1921641
=====================


=====================
Part 16, Epoch Time(s): 13.4820
Sampling Time(s): 0.3354
Loading Time(s): 3.9803
Forward Time(s): 0.1245
Backward Time(s): 1.8320
Update Time(s): 0.0082
Emb Update Time(s): 7.1532
#seeds: 6144
#inputs: 1914450
=====================
=====================
Part 31, Epoch Time(s): 13.4843
Sampling Time(s): 0.3516
Loading Time(s): 4.1150
Forward Time(s): 0.1249
Backward Time(s): 1.6935
Update Time(s): 0.0080
Emb Update Time(s): 7.1394
#seeds: 6144
#inputs: 1970365
==========================================
Part 26, Epoch Time(s): 13.4856
Sampling Time(s): 0.3216
Loading Time(s): 3.7762
Forward Time(s): 0.1258
Backward Time(s): 2.0542
Update Time(s): 0.0080
Emb Update Time(s): 7.1430
#seeds: 6145
#inputs: 1976445
=====================
=====================
Part 30, Epoch Time(s): 13.4860
Sampling Time(s): 0.3108
Loading Time(s): 4.0072
Forward Time(s): 0.1237
Backward Time(s): 1.8151
Update Time(s): 0.0080
Emb Update Time(s): 7.1738
#seeds: 6144
#inputs: 1973690
=====================
=====================
Part 28, Epoch Time(s): 13.4850
Sampling Time(s): 0.3371
Loading Time(s): 3.2327
Forward Time(s): 0.1236
Backward Time(s): 2.5699
Update Time(s): 0.0079
Emb Update Time(s): 7.1695
#seeds: 6144
#inputs: 1966072
=====================
=====================
Part 25, Epoch Time(s): 13.4859
Sampling Time(s): 0.3646
Loading Time(s): 4.4670
Forward Time(s): 0.1265
Backward Time(s): 1.3195
Update Time(s): 0.0087
Emb Update Time(s): 7.1543
#seeds: 6144
#inputs: 1962859
=====================

=====================
Part 24, Epoch Time(s): 13.4841
Sampling Time(s): 0.3715
Loading Time(s): 3.4052
Forward Time(s): 0.1269
Backward Time(s): 2.3736
Update Time(s): 0.0077
Emb Update Time(s): 7.1462
#seeds: 6144
#inputs: 1981519
=====================
=====================
Part 27, Epoch Time(s): 13.4857
Sampling Time(s): 0.2973
Loading Time(s): 3.1841
Forward Time(s): 0.1300
Backward Time(s): 2.6478
Update Time(s): 0.0082
Emb Update Time(s): 7.1756
#seeds: 6144
#inputs: 1964393
=====================
=====================
Part 13, Epoch Time(s): 13.4849
Sampling Time(s): 0.4389
Loading Time(s): 5.0433
Forward Time(s): 0.1258
Backward Time(s): 0.6699
Update Time(s): 0.0078
Emb Update Time(s): 7.1513
#seeds: 6144
#inputs: 2044614
=====================
=====================
Part 15, Epoch Time(s): 13.4824
Sampling Time(s): 0.3884
Loading Time(s): 4.7644
Forward Time(s): 0.1270
Backward Time(s): 0.9741
Update Time(s): 0.0079
Emb Update Time(s): 7.1800
#seeds: 6144
#inputs: 2040166
=====================
=====================
Part 14, Epoch Time(s): 13.4842
Sampling Time(s): 0.2991
Loading Time(s): 4.5410
Forward Time(s): 0.1277
Backward Time(s): 1.2945
Update Time(s): 0.0078
Emb Update Time(s): 7.1622
#seeds: 6144
#inputs: 2033589
==========================================
Part 12, Epoch Time(s): 13.4834
Sampling Time(s): 0.2579
Loading Time(s): 4.8903
Forward Time(s): 0.1264
Backward Time(s): 1.0129
Update Time(s): 0.0072
Emb Update Time(s): 7.1276
#seeds: 6145
#inputs: 2039068
==========================================
Part 10, Epoch Time(s): 13.4838
Sampling Time(s): 0.2803
Loading Time(s): 4.1318
Forward Time(s): 0.1248
Backward Time(s): 1.7231
Update Time(s): 0.0076
Emb Update Time(s): 7.1663
#seeds: 6144
#inputs: 2023428
=====================


=====================
Part 9, Epoch Time(s): 13.4848
Sampling Time(s): 0.3044
Loading Time(s): 3.7143
Forward Time(s): 0.1280
Backward Time(s): 2.1364
Update Time(s): 0.0079
Emb Update Time(s): 7.1405
#seeds: 6145
#inputs: 2037889
=====================
=====================
Part 8, Epoch Time(s): 13.4827
Sampling Time(s): 0.3851
Loading Time(s): 4.3581
Forward Time(s): 0.1263
Backward Time(s): 1.3906
Update Time(s): 0.0073
Emb Update Time(s): 7.1741
#seeds: 6144
#inputs: 2040998
=====================
=====================
Part 11, Epoch Time(s): 13.4844
Sampling Time(s): 0.3080
Loading Time(s): 4.6840
Forward Time(s): 0.1268
Backward Time(s): 1.1691
Update Time(s): 0.0074
Emb Update Time(s): 7.1316
#seeds: 6144
#inputs: 2045041
=====================
Part 26, Val Acc 0.9243, Test Acc 0.7440, time: 83.2207
Part 28, Val Acc 0.9040, Test Acc 0.7433, time: 84.7395
Part 31, Val Acc 0.9178, Test Acc 0.7419, time: 86.8102
Part 24, Val Acc 0.9121, Test Acc 0.7434, time: 87.1843
Part 25, Val Acc 0.9064, Test Acc 0.7445, time: 89.1060
Part 29, Val Acc 0.9186, Test Acc 0.7423, time: 91.2569
Part 30, Val Acc 0.9194, Test Acc 0.7441, time: 91.8571
Part 27, Val Acc 0.9194, Test Acc 0.7421, time: 91.9382
Part 22, Val Acc 0.8788, Test Acc 0.7474, time: 100.4150
Part 16, Val Acc 0.8738, Test Acc 0.7510, time: 102.4738
Part 19, Val Acc 0.8836, Test Acc 0.7485, time: 102.4739
Part 23, Val Acc 0.8893, Test Acc 0.7522, time: 102.4895
Part 1, Val Acc 0.9317, Test Acc 0.8192, time: 104.5654
Part 7, Val Acc 0.9382, Test Acc 0.8195, time: 104.6923
Part 17, Val Acc 0.9015, Test Acc 0.7504, time: 105.5577
Part 3, Val Acc 0.9422, Test Acc 0.8190, time: 105.5774
Part 6, Val Acc 0.9430, Test Acc 0.8216, time: 105.6035
Part 10, Val Acc 0.8974, Test Acc 0.7273, time: 106.0000
Part 18, Val Acc 0.8910, Test Acc 0.7477, time: 106.3915
Part 15, Val Acc 0.8698, Test Acc 0.7296, time: 106.6811
Part 14, Val Acc 0.8983, Test Acc 0.7252, time: 106.6823
Part 2, Val Acc 0.9390, Test Acc 0.8183, time: 106.7467
Part 0, Val Acc 0.9268, Test Acc 0.8193, time: 106.7567
Part 20, Val Acc 0.8845, Test Acc 0.7503, time: 106.7886
Part 21, Val Acc 0.8723, Test Acc 0.7526, time: 106.9895
Part 8, Val Acc 0.8820, Test Acc 0.7286, time: 106.9897
Part 12, Val Acc 0.8674, Test Acc 0.7289, time: 107.2483
Part 13, Val Acc 0.8853, Test Acc 0.7262, time: 107.3532
Part 4, Val Acc 0.9349, Test Acc 0.8205, time: 107.5204
Part 11, Val Acc 0.8853, Test Acc 0.7291, time: 107.6183
Part 9, Val Acc 0.9081, Test Acc 0.7297, time: 107.7724
Part 5, Val Acc 0.9520, Test Acc 0.8211, time: 107.8977
All parts avg val acc 0.9062, test acc 0.7603
Part 12 | Epoch 00015 | Step 00000 | Loss 0.3690 | Train Acc 0.8940 | Speed (samples/sec) 436.9196 | GPU 2104.2 MB | time 2.318 s
Part 13 | Epoch 00015 | Step 00000 | Loss 0.4295 | Train Acc 0.8870 | Speed (samples/sec) 436.7931 | GPU 2116.3 MB | time 2.320 s
Part 21 | Epoch 00015 | Step 00000 | Loss 0.4544 | Train Acc 0.8680 | Speed (samples/sec) 437.1404 | GPU 2069.3 MB | time 2.321 s
Part 18 | Epoch 00015 | Step 00000 | Loss 0.4480 | Train Acc 0.8820 | Speed (samples/sec) 436.7737 | GPU 2075.0 MB | time 2.322 s
Part 11 | Epoch 00015 | Step 00000 | Loss 0.4017 | Train Acc 0.8940 | Speed (samples/sec) 436.8354 | GPU 2107.9 MB | time 2.322 s
Part 7 | Epoch 00015 | Step 00000 | Loss 0.2403 | Train Acc 0.9360 | Speed (samples/sec) 436.7290 | GPU 2046.7 MB | time 2.321 sPart 4 | Epoch 00015 | Step 00000 | Loss 0.2452 | Train Acc 0.9400 | Speed (samples/sec) 437.1561 | GPU 2023.2 MB | time 2.321 s

Part 0 | Epoch 00015 | Step 00000 | Loss 0.2303 | Train Acc 0.9460 | Speed (samples/sec) 436.7503 | GPU 2026.3 MB | time 2.323 s
Part 31 | Epoch 00015 | Step 00000 | Loss 0.3036 | Train Acc 0.9200 | Speed (samples/sec) 436.8926 | GPU 2219.3 MB | time 2.323 s
Part 27 | Epoch 00015 | Step 00000 | Loss 0.2654 | Train Acc 0.9400 | Speed (samples/sec) 436.7949 | GPU 2215.3 MB | time 2.323 s
Part 28 | Epoch 00015 | Step 00000 | Loss 0.2999 | Train Acc 0.9220 | Speed (samples/sec) 436.3800 | GPU 2207.2 MB | time 2.323 s
Part 19 | Epoch 00015 | Step 00000 | Loss 0.4108 | Train Acc 0.8990 | Speed (samples/sec) 436.8805 | GPU 2050.0 MB | time 2.322 s
Part 9 | Epoch 00015 | Step 00000 | Loss 0.4206 | Train Acc 0.8770 | Speed (samples/sec) 436.9979 | GPU 2107.8 MB | time 2.322 s
Part 14 | Epoch 00015 | Step 00000 | Loss 0.4297 | Train Acc 0.8780 | Speed (samples/sec) 436.9322 | GPU 2111.7 MB | time 2.323 s
Part 10 | Epoch 00015 | Step 00000 | Loss 0.4501 | Train Acc 0.8780 | Speed (samples/sec) 436.8462 | GPU 2098.1 MB | time 2.323 s
Part 25 | Epoch 00015 | Step 00000 | Loss 0.2810 | Train Acc 0.9310 | Speed (samples/sec) 436.6184 | GPU 2211.8 MB | time 2.325 s
Part 8 | Epoch 00015 | Step 00000 | Loss 0.3658 | Train Acc 0.8860 | Speed (samples/sec) 436.8398 | GPU 2106.6 MB | time 2.325 s
Part 16 | Epoch 00015 | Step 00000 | Loss 0.4280 | Train Acc 0.8740 | Speed (samples/sec) 436.9337 | GPU 2041.2 MB | time 2.325 s
Part 23 | Epoch 00015 | Step 00000 | Loss 0.4150 | Train Acc 0.8850 | Speed (samples/sec) 436.7356 | GPU 2053.6 MB | time 2.326 s
Part 26 | Epoch 00015 | Step 00000 | Loss 0.3017 | Train Acc 0.9190 | Speed (samples/sec) 436.8948 | GPU 2216.2 MB | time 2.327 s
Part 20 | Epoch 00015 | Step 00000 | Loss 0.5374 | Train Acc 0.8660 | Speed (samples/sec) 436.9351 | GPU 2065.4 MB | time 2.327 s
Part 17 | Epoch 00015 | Step 00000 | Loss 0.4786 | Train Acc 0.8920 | Speed (samples/sec) 436.8007 | GPU 2072.4 MB | time 2.326 s
Part 6 | Epoch 00015 | Step 00000 | Loss 0.2311 | Train Acc 0.9440 | Speed (samples/sec) 436.5635 | GPU 2034.0 MB | time 2.326 s
Part 29 | Epoch 00015 | Step 00000 | Loss 0.2780 | Train Acc 0.9190 | Speed (samples/sec) 436.9335 | GPU 2217.0 MB | time 2.328 s
Part 24 | Epoch 00015 | Step 00000 | Loss 0.3486 | Train Acc 0.9180 | Speed (samples/sec) 436.8329 | GPU 2221.1 MB | time 2.328 s
Part 2 | Epoch 00015 | Step 00000 | Loss 0.2412 | Train Acc 0.9340 | Speed (samples/sec) 436.9044 | GPU 2043.8 MB | time 2.326 s
Part 1 | Epoch 00015 | Step 00000 | Loss 0.2198 | Train Acc 0.9550 | Speed (samples/sec) 436.9245 | GPU 2032.4 MB | time 2.326 s
Part 3 | Epoch 00015 | Step 00000 | Loss 0.2258 | Train Acc 0.9400 | Speed (samples/sec) 436.8565 | GPU 2026.5 MB | time 2.326 s
Part 22 | Epoch 00015 | Step 00000 | Loss 0.4404 | Train Acc 0.8860 | Speed (samples/sec) 437.0831 | GPU 2047.9 MB | time 2.328 s
Part 15 | Epoch 00015 | Step 00000 | Loss 0.3757 | Train Acc 0.9030 | Speed (samples/sec) 436.6119 | GPU 2112.9 MB | time 2.328 s
Part 30 | Epoch 00015 | Step 00000 | Loss 0.3175 | Train Acc 0.9160 | Speed (samples/sec) 436.7828 | GPU 2224.1 MB | time 2.330 s
Part 5 | Epoch 00015 | Step 00000 | Loss 0.2450 | Train Acc 0.9390 | Speed (samples/sec) 437.1356 | GPU 2032.8 MB | time 2.328 s
Avg train acc 0.9084
=====================
Part 6, Epoch Time(s): 13.0141
Sampling Time(s): 0.3851
Loading Time(s): 3.6670
Forward Time(s): 0.1234
Backward Time(s): 1.8775
Update Time(s): 0.0078
Emb Update Time(s): 6.9217
#seeds: 6144
#inputs: 1931936
=====================
=====================
Part 14, Epoch Time(s): 13.0154
Sampling Time(s): 0.3505
Loading Time(s): 4.5106
Forward Time(s): 0.1266
Backward Time(s): 1.0654
Update Time(s): 0.0075
Emb Update Time(s): 6.9200
#seeds: 6144
#inputs: 2030578
=====================
=====================
Part 15, Epoch Time(s): 13.0128
Sampling Time(s): 0.3325
Loading Time(s): 4.7038
Forward Time(s): 0.1249
Backward Time(s): 0.8748
Update Time(s): 0.0076
Emb Update Time(s): 6.9421
#seeds: 6144
#inputs: 2043229
=====================
=====================
Part 22, Epoch Time(s): 13.0154
Sampling Time(s): 0.3504
Loading Time(s): 4.7511
Forward Time(s): 0.1226
Backward Time(s): 0.8523
Update Time(s): 0.0070
Emb Update Time(s): 6.9097
#seeds: 6145
#inputs: 1931277
=====================
=====================
Part 30, Epoch Time(s): 13.0171
Sampling Time(s): 0.3210
Loading Time(s): 4.5138
Forward Time(s): 0.1245
Backward Time(s): 1.1028
Update Time(s): 0.0075
Emb Update Time(s): 6.9184
#seeds: 6144
#inputs: 1978562
=====================
=====================
Part 31, Epoch Time(s): 13.0149
Sampling Time(s): 0.2845
Loading Time(s): 4.4456
Forward Time(s): 0.1243
Backward Time(s): 1.2240
Update Time(s): 0.0072
Emb Update Time(s): 6.8956
#seeds: 6144
#inputs: 1974101
=====================
=====================
Part 10, Epoch Time(s): 13.0147
Sampling Time(s): 0.3451
Loading Time(s): 3.8995
Forward Time(s): 0.1248
Backward Time(s): 1.6871
Update Time(s): 0.0079
Emb Update Time(s): 6.9161
#seeds: 6144
#inputs: 2024966
=====================
=====================
Part 18, Epoch Time(s): 13.0150
Sampling Time(s): 0.3540
Loading Time(s): 4.0626
Forward Time(s): 0.1260
Backward Time(s): 1.5438
Update Time(s): 0.0080
Emb Update Time(s): 6.8918
#seeds: 6144
#inputs: 1941733
=====================
=====================
Part 19, Epoch Time(s): 13.0147
Sampling Time(s): 0.3431
Loading Time(s): 4.4014
Forward Time(s): 0.1262
Backward Time(s): 1.2260
Update Time(s): 0.0085
Emb Update Time(s): 6.8812
#seeds: 6144
#inputs: 1923496
==========================================
Part 23, Epoch Time(s): 13.0143
Sampling Time(s): 0.3480
Loading Time(s): 4.8963
Forward Time(s): 0.1234
Backward Time(s): 0.6832
Update Time(s): 0.0080
Emb Update Time(s): 6.9250
#seeds: 6144
#inputs: 1929136
=====================

=====================
Part 11, Epoch Time(s): 13.0145
Sampling Time(s): 0.3103
Loading Time(s): 3.2891
Forward Time(s): 0.1282
Backward Time(s): 2.3481
Update Time(s): 0.0078
Emb Update Time(s): 6.8953
#seeds: 6144
#inputs: 2037371
==========================================
Part 26, Epoch Time(s): 13.0165
Sampling Time(s): 0.3372
Loading Time(s): 3.9222
Forward Time(s): 0.1264
Backward Time(s): 1.6889
Update Time(s): 0.0079
Emb Update Time(s): 6.9023
#seeds: 6145
#inputs: 1976682
=====================
=====================
Part 27, Epoch Time(s): 13.0161
Sampling Time(s): 0.3465
Loading Time(s): 3.5584
Forward Time(s): 0.1255
Backward Time(s): 2.0251
Update Time(s): 0.0085
Emb Update Time(s): 6.9169
#seeds: 6144
#inputs: 1963467
==========================================
Part 12, Epoch Time(s): 13.0142
Sampling Time(s): 0.3636
Loading Time(s): 4.4569
Forward Time(s): 0.1259
Backward Time(s): 1.1313
Update Time(s): 0.0070
Emb Update Time(s): 6.8910
#seeds: 6145
#inputs: 2044106
==========================================
Part 13, Epoch Time(s): 13.0148
Sampling Time(s): 0.3921
Loading Time(s): 4.5600
Forward Time(s): 0.1273
Backward Time(s): 1.0007
Update Time(s): 0.0084
Emb Update Time(s): 6.8890
#seeds: 6144
#inputs: 2042055
=====================


=====================
Part 9, Epoch Time(s): 13.0147
Sampling Time(s): 0.3266
Loading Time(s): 3.2465
Forward Time(s): 0.1267
Backward Time(s): 2.3751
Update Time(s): 0.0082
Emb Update Time(s): 6.8960
#seeds: 6145
#inputs: 2028333
=====================
=====================
Part 29, Epoch Time(s): 13.0167
Sampling Time(s): 0.3418
Loading Time(s): 3.8379
Forward Time(s): 0.1236
Backward Time(s): 1.7252
Update Time(s): 0.0073
Emb Update Time(s): 6.9505
#seeds: 6144
#inputs: 1955933
=====================

=====================
Part 24, Epoch Time(s): 13.0145
Sampling Time(s): 0.2665
Loading Time(s): 3.0560
Forward Time(s): 0.1249
Backward Time(s): 2.6192
Update Time(s): 0.0078
Emb Update Time(s): 6.9260
#seeds: 6144
#inputs: 1986627
==========================================
Part 28, Epoch Time(s): 13.0158
Sampling Time(s): 0.3691
Loading Time(s): 3.8375
Forward Time(s): 0.1250
Backward Time(s): 1.7406
Update Time(s): 0.0080
Emb Update Time(s): 6.9011
#seeds: 6144
#inputs: 1961642
=====================

=====================
Part 8, Epoch Time(s): 13.0131
Sampling Time(s): 0.3128
Loading Time(s): 3.0413
Forward Time(s): 0.1254
Backward Time(s): 2.5698
Update Time(s): 0.0075
Emb Update Time(s): 6.9250
#seeds: 6144
#inputs: 2041550
=====================
=====================
Part 25, Epoch Time(s): 13.0161
Sampling Time(s): 0.2975
Loading Time(s): 3.0022
Forward Time(s): 0.1303
Backward Time(s): 2.6494
Update Time(s): 0.0099
Emb Update Time(s): 6.9012
#seeds: 6144
#inputs: 1971162
=====================
=====================
Part 7, Epoch Time(s): 13.0128
Sampling Time(s): 0.4041
Loading Time(s): 3.9429
Forward Time(s): 0.1257
Backward Time(s): 1.6002
Update Time(s): 0.0077
Emb Update Time(s): 6.9034
#seeds: 6144
#inputs: 1937763
==========================================
Part 2, Epoch Time(s): 13.0138
Sampling Time(s): 0.2804
Loading Time(s): 2.3956
Forward Time(s): 0.1237
Backward Time(s): 3.2494
Update Time(s): 0.0081
Emb Update Time(s): 6.9259
#seeds: 6144
#inputs: 1934082
=====================

=====================
Part 4, Epoch Time(s): 13.0133
Sampling Time(s): 0.2912
Loading Time(s): 2.1343
Forward Time(s): 0.1260
Backward Time(s): 3.5271
Update Time(s): 0.0091
Emb Update Time(s): 6.8900
#seeds: 6145
#inputs: 1924112
=====================
=====================
Part 3, Epoch Time(s): 13.0132
Sampling Time(s): 0.4170
Loading Time(s): 3.3786
Forward Time(s): 0.1289
Backward Time(s): 2.1457
Update Time(s): 0.0088
Emb Update Time(s): 6.9035
#seeds: 6144
#inputs: 1928204
=====================
=====================
Part 5, Epoch Time(s): 13.0144
Sampling Time(s): 0.3383
Loading Time(s): 2.6597
Forward Time(s): 0.1320
Backward Time(s): 2.9125
Update Time(s): 0.0100
Emb Update Time(s): 6.9318
#seeds: 6145
#inputs: 1927917
=====================
=====================
Part 1, Epoch Time(s): 13.0137
Sampling Time(s): 0.3175
Loading Time(s): 3.2966
Forward Time(s): 0.1244
Backward Time(s): 2.3149
Update Time(s): 0.0087
Emb Update Time(s): 6.9207
#seeds: 6144
#inputs: 1925790
=====================
=====================
Part 20, Epoch Time(s): 13.0148
Sampling Time(s): 0.3910
Loading Time(s): 3.9403
Forward Time(s): 0.1240
Backward Time(s): 1.5986
Update Time(s): 0.0077
Emb Update Time(s): 6.9229
#seeds: 6144
#inputs: 1933532
==========================================
Part 21, Epoch Time(s): 13.0154
Sampling Time(s): 0.3825
Loading Time(s): 4.2813
Forward Time(s): 0.1246
Backward Time(s): 1.2677
Update Time(s): 0.0075
Emb Update Time(s): 6.9152
#seeds: 6145
#inputs: 1941312
=====================

=====================
Part 17, Epoch Time(s): 13.0151
Sampling Time(s): 0.3626
Loading Time(s): 4.6891
Forward Time(s): 0.1256
Backward Time(s): 0.8903
Update Time(s): 0.0075
Emb Update Time(s): 6.9090
#seeds: 6144
#inputs: 1942504
=====================
=====================
Part 16, Epoch Time(s): 13.0127
Sampling Time(s): 0.3238
Loading Time(s): 4.4197
Forward Time(s): 0.1228
Backward Time(s): 1.1639
Update Time(s): 0.0074
Emb Update Time(s): 6.9453
#seeds: 6144
#inputs: 1906848
=====================
=====================
Part 0, Epoch Time(s): 13.0151
Sampling Time(s): 0.2776
Loading Time(s): 2.3200
Forward Time(s): 0.1263
Backward Time(s): 3.3459
Update Time(s): 0.0087
Emb Update Time(s): 6.9092
#seeds: 6144
#inputs: 1925617
=====================
Part 26, Val Acc 0.9260, Test Acc 0.7560, time: 76.9687
Part 28, Val Acc 0.9032, Test Acc 0.7559, time: 77.1242
Part 24, Val Acc 0.9072, Test Acc 0.7538, time: 81.5665
Part 25, Val Acc 0.9024, Test Acc 0.7551, time: 81.7408
Part 31, Val Acc 0.9170, Test Acc 0.7535, time: 82.8000
Part 27, Val Acc 0.9211, Test Acc 0.7536, time: 85.6784
Part 30, Val Acc 0.9203, Test Acc 0.7553, time: 86.0623
Part 29, Val Acc 0.9178, Test Acc 0.7523, time: 87.4489
Part 16, Val Acc 0.8827, Test Acc 0.7561, time: 99.1791
Part 19, Val Acc 0.8853, Test Acc 0.7542, time: 99.2656
Part 22, Val Acc 0.8861, Test Acc 0.7541, time: 99.2781
Part 3, Val Acc 0.9390, Test Acc 0.8166, time: 102.0903
Part 7, Val Acc 0.9398, Test Acc 0.8173, time: 102.1988
Part 23, Val Acc 0.8926, Test Acc 0.7581, time: 102.2083
Part 1, Val Acc 0.9341, Test Acc 0.8179, time: 103.1612
Part 6, Val Acc 0.9495, Test Acc 0.8206, time: 104.1319
Part 17, Val Acc 0.8885, Test Acc 0.7568, time: 104.7712
Part 18, Val Acc 0.8950, Test Acc 0.7542, time: 105.6415
Part 2, Val Acc 0.9430, Test Acc 0.8173, time: 105.8319
Part 15, Val Acc 0.8723, Test Acc 0.7302, time: 106.4192
Part 0, Val Acc 0.9308, Test Acc 0.8177, time: 106.7761
Part 13, Val Acc 0.8828, Test Acc 0.7276, time: 106.8364
Part 12, Val Acc 0.8674, Test Acc 0.7300, time: 106.8374
Part 10, Val Acc 0.8884, Test Acc 0.7274, time: 106.8405
Part 20, Val Acc 0.8902, Test Acc 0.7549, time: 107.0900
Part 21, Val Acc 0.8731, Test Acc 0.7573, time: 107.2201
Part 8, Val Acc 0.8853, Test Acc 0.7293, time: 107.2402
Part 14, Val Acc 0.8967, Test Acc 0.7266, time: 107.2692
Part 4, Val Acc 0.9398, Test Acc 0.8181, time: 107.4779
Part 5, Val Acc 0.9471, Test Acc 0.8188, time: 107.9546
Part 9, Val Acc 0.9040, Test Acc 0.7292, time: 108.0426
Part 11, Val Acc 0.8812, Test Acc 0.7301, time: 108.1062
All parts avg val acc 0.9065, test acc 0.7642
Part 13 | Epoch 00016 | Step 00000 | Loss 0.4266 | Train Acc 0.8900 | Speed (samples/sec) 437.6427 | GPU 2116.3 MB | time 2.437 s
Part 19 | Epoch 00016 | Step 00000 | Loss 0.4364 | Train Acc 0.8900 | Speed (samples/sec) 437.6758 | GPU 2050.0 MB | time 2.438 s
Part 7 | Epoch 00016 | Step 00000 | Loss 0.2355 | Train Acc 0.9420 | Speed (samples/sec) 437.5531 | GPU 2046.7 MB | time 2.439 s
Part 9 | Epoch 00016 | Step 00000 | Loss 0.4257 | Train Acc 0.8820 | Speed (samples/sec) 437.8390 | GPU 2107.8 MB | time 2.439 s
Part 4 | Epoch 00016 | Step 00000 | Loss 0.1741 | Train Acc 0.9520 | Speed (samples/sec) 437.9924 | GPU 2023.2 MB | time 2.440 s
Part 0 | Epoch 00016 | Step 00000 | Loss 0.1987 | Train Acc 0.9510 | Speed (samples/sec) 437.5634 | GPU 2026.3 MB | time 2.443 s
Part 26 | Epoch 00016 | Step 00000 | Loss 0.2662 | Train Acc 0.9290 | Speed (samples/sec) 437.7409 | GPU 2216.2 MB | time 2.443 s
Part 12 | Epoch 00016 | Step 00000 | Loss 0.4130 | Train Acc 0.8870 | Speed (samples/sec) 437.7681 | GPU 2104.2 MB | time 2.443 s
Part 11 | Epoch 00016 | Step 00000 | Loss 0.3434 | Train Acc 0.8910 | Speed (samples/sec) 437.6724 | GPU 2107.9 MB | time 2.443 s
Part 24 | Epoch 00016 | Step 00000 | Loss 0.3139 | Train Acc 0.9090 | Speed (samples/sec) 437.6014 | GPU 2221.1 MB | time 2.444 s
Part 3 | Epoch 00016 | Step 00000 | Loss 0.2693 | Train Acc 0.9360 | Speed (samples/sec) 437.6950 | GPU 2026.5 MB | time 2.443 s
Part 16 | Epoch 00016 | Step 00000 | Loss 0.3929 | Train Acc 0.8940 | Speed (samples/sec) 437.7669 | GPU 2041.2 MB | time 2.444 s
Part 28 | Epoch 00016 | Step 00000 | Loss 0.2939 | Train Acc 0.9310 | Speed (samples/sec) 437.2402 | GPU 2207.2 MB | time 2.445 s
Part 23 | Epoch 00016 | Step 00000 | Loss 0.3829 | Train Acc 0.8920 | Speed (samples/sec) 437.5881 | GPU 2053.6 MB | time 2.446 s
Part 22 | Epoch 00016 | Step 00000 | Loss 0.5077 | Train Acc 0.8660 | Speed (samples/sec) 437.8769 | GPU 2047.9 MB | time 2.446 s
Part 17 | Epoch 00016 | Step 00000 | Loss 0.4685 | Train Acc 0.8880 | Speed (samples/sec) 437.6401 | GPU 2072.4 MB | time 2.446 s
Part 20 | Epoch 00016 | Step 00000 | Loss 0.4710 | Train Acc 0.8740 | Speed (samples/sec) 437.7640 | GPU 2065.4 MB | time 2.446 s
Part 1 | Epoch 00016 | Step 00000 | Loss 0.1912 | Train Acc 0.9590 | Speed (samples/sec) 437.7622 | GPU 2032.4 MB | time 2.445 s
Part 2 | Epoch 00016 | Step 00000 | Loss 0.2103 | Train Acc 0.9440 | Speed (samples/sec) 437.7536 | GPU 2043.8 MB | time 2.445 s
Part 6 | Epoch 00016 | Step 00000 | Loss 0.2198 | Train Acc 0.9470 | Speed (samples/sec) 437.4240 | GPU 2034.0 MB | time 2.446 s
Part 25 | Epoch 00016 | Step 00000 | Loss 0.2864 | Train Acc 0.9290 | Speed (samples/sec) 437.4266 | GPU 2211.8 MB | time 2.447 s
Part 21 | Epoch 00016 | Step 00000 | Loss 0.4842 | Train Acc 0.8710 | Speed (samples/sec) 437.9613 | GPU 2069.3 MB | time 2.447 s
Part 30 | Epoch 00016 | Step 00000 | Loss 0.3317 | Train Acc 0.9130 | Speed (samples/sec) 437.6116 | GPU 2224.1 MB | time 2.448 s
Part 31 | Epoch 00016 | Step 00000 | Loss 0.3015 | Train Acc 0.9210 | Speed (samples/sec) 437.7157 | GPU 2219.3 MB | time 2.449 s
Part 14 | Epoch 00016 | Step 00000 | Loss 0.4048 | Train Acc 0.8950 | Speed (samples/sec) 437.7620 | GPU 2111.7 MB | time 2.447 s
Part 15 | Epoch 00016 | Step 00000 | Loss 0.3630 | Train Acc 0.8960 | Speed (samples/sec) 437.4759 | GPU 2112.9 MB | time 2.448 s
Part 10 | Epoch 00016 | Step 00000 | Loss 0.4687 | Train Acc 0.8820 | Speed (samples/sec) 437.6802 | GPU 2098.1 MB | time 2.448 s
Part 8 | Epoch 00016 | Step 00000 | Loss 0.3722 | Train Acc 0.9010 | Speed (samples/sec) 437.6755 | GPU 2113.0 MB | time 2.447 s
Part 18 | Epoch 00016 | Step 00000 | Loss 0.4728 | Train Acc 0.8880 | Speed (samples/sec) 437.5715 | GPU 2075.0 MB | time 2.448 s
Part 27 | Epoch 00016 | Step 00000 | Loss 0.2837 | Train Acc 0.9250 | Speed (samples/sec) 437.6220 | GPU 2215.3 MB | time 2.450 s
Part 5 | Epoch 00016 | Step 00000 | Loss 0.2373 | Train Acc 0.9380 | Speed (samples/sec) 437.9817 | GPU 2032.8 MB | time 2.449 s
Part 29 | Epoch 00016 | Step 00000 | Loss 0.2772 | Train Acc 0.9330 | Speed (samples/sec) 437.7776 | GPU 2217.0 MB | time 2.453 s
Avg train acc 0.9108
=====================
Part 7, Epoch Time(s): 13.3577
Sampling Time(s): 0.3864
Loading Time(s): 4.4046
Forward Time(s): 0.1272
Backward Time(s): 1.5100
Update Time(s): 0.0092
Emb Update Time(s): 6.8827
#seeds: 6144
#inputs: 1938734
==========================================
Part 3, Epoch Time(s): 13.3580
Sampling Time(s): 0.3823
Loading Time(s): 3.8436
Forward Time(s): 0.1346
Backward Time(s): 2.0645
Update Time(s): 0.0091
Emb Update Time(s): 6.8900
#seeds: 6144
#inputs: 1933841
=====================

=====================
Part 4, Epoch Time(s): 13.3578
Sampling Time(s): 0.3564
Loading Time(s): 3.2081
Forward Time(s): 0.1247
Backward Time(s): 2.7313
Update Time(s): 0.0071
Emb Update Time(s): 6.8941
#seeds: 6145
#inputs: 1917535
=====================
=====================
Part 6, Epoch Time(s): 13.3591
Sampling Time(s): 0.3853
Loading Time(s): 4.1871
Forward Time(s): 0.1257
Backward Time(s): 1.7194
Update Time(s): 0.0083
Emb Update Time(s): 6.9016
#seeds: 6144
#inputs: 1924847
=====================
=====================
Part 5, Epoch Time(s): 13.3594
Sampling Time(s): 0.4004
Loading Time(s): 3.3673
Forward Time(s): 0.1252
Backward Time(s): 2.5227
Update Time(s): 0.0093
Emb Update Time(s): 6.9059
#seeds: 6145
#inputs: 1930732
=====================
=====================
Part 13, Epoch Time(s): 13.3600
Sampling Time(s): 0.4402
Loading Time(s): 4.9017
Forward Time(s): 0.1254
Backward Time(s): 0.9629
Update Time(s): 0.0069
Emb Update Time(s): 6.8823
#seeds: 6144
#inputs: 2043535
=====================
=====================
Part 11, Epoch Time(s): 13.3593
Sampling Time(s): 0.3564
Loading Time(s): 4.8840
Forward Time(s): 0.1373
Backward Time(s): 1.0543
Update Time(s): 0.0081
Emb Update Time(s): 6.8840
#seeds: 6144
#inputs: 2043166
==========================================
Part 14, Epoch Time(s): 13.3596
Sampling Time(s): 0.2972
Loading Time(s): 4.1520
Forward Time(s): 0.1269
Backward Time(s): 1.8340
Update Time(s): 0.0072
Emb Update Time(s): 6.9121
#seeds: 6144
#inputs: 2031465
==========================================
Part 12, Epoch Time(s): 13.3584
Sampling Time(s): 0.2962
Loading Time(s): 4.5899
Forward Time(s): 0.1268
Backward Time(s): 1.4155
Update Time(s): 0.0075
Emb Update Time(s): 6.8885
#seeds: 6145
#inputs: 2037248
=====================

=====================
Part 15, Epoch Time(s): 13.3576
Sampling Time(s): 0.2713
Loading Time(s): 4.3506
Forward Time(s): 0.1251
Backward Time(s): 1.6450
Update Time(s): 0.0072
Emb Update Time(s): 6.9376
#seeds: 6144
#inputs: 2043584
=====================
=====================
Part 10, Epoch Time(s): 13.3594
Sampling Time(s): 0.3077
Loading Time(s): 4.3633
Forward Time(s): 0.1246
Backward Time(s): 1.6128
Update Time(s): 0.0070
Emb Update Time(s): 6.9142
#seeds: 6144
#inputs: 2025189
=====================

=====================
Part 0, Epoch Time(s): 13.3597
Sampling Time(s): 0.2773
Loading Time(s): 2.4761
Forward Time(s): 0.1251
Backward Time(s): 3.5450
Update Time(s): 0.0075
Emb Update Time(s): 6.8950
#seeds: 6144
#inputs: 1921622
=====================
=====================
Part 1, Epoch Time(s): 13.3593
Sampling Time(s): 0.3901
Loading Time(s): 3.7204
Forward Time(s): 0.1241
Backward Time(s): 2.1799
Update Time(s): 0.0082
Emb Update Time(s): 6.9041
#seeds: 6144
#inputs: 1930765
=====================
=====================
Part 8, Epoch Time(s): 13.3580
Sampling Time(s): 0.3307
Loading Time(s): 4.1223
Forward Time(s): 0.1270
Backward Time(s): 1.8286
Update Time(s): 0.0076
Emb Update Time(s): 6.9133
#seeds: 6144
#inputs: 2046001
=====================
=====================
Part 9, Epoch Time(s): 13.3601
Sampling Time(s): 0.3282
Loading Time(s): 3.9978
Forward Time(s): 0.1260
Backward Time(s): 1.9633
Update Time(s): 0.0084
Emb Update Time(s): 6.8973
#seeds: 6145
#inputs: 2028218
=====================
=====================
Part 22, Epoch Time(s): 13.3603
Sampling Time(s): 0.3848
Loading Time(s): 4.5434
Forward Time(s): 0.1226
Backward Time(s): 1.3702
Update Time(s): 0.0073
Emb Update Time(s): 6.9004
#seeds: 6145
#inputs: 1932257
==========================================
Part 18, Epoch Time(s): 13.3596
Sampling Time(s): 0.3209
Loading Time(s): 3.8869
Forward Time(s): 0.1279
Backward Time(s): 2.1119
Update Time(s): 0.0078
Emb Update Time(s): 6.8752
#seeds: 6144
#inputs: 1941921
==========================================
Part 21, Epoch Time(s): 13.3604
Sampling Time(s): 0.3592
Loading Time(s): 4.0768
Forward Time(s): 0.1249
Backward Time(s): 1.8536
Update Time(s): 0.0076
Emb Update Time(s): 6.9076
#seeds: 6145
#inputs: 1942909
=====================
=====================
Part 19, Epoch Time(s): 13.3595
Sampling Time(s): 0.3771
Loading Time(s): 3.5940
Forward Time(s): 0.1268
Backward Time(s): 2.3468
Update Time(s): 0.0076
Emb Update Time(s): 6.8682
#seeds: 6144
#inputs: 1931698
=====================


=====================
Part 23, Epoch Time(s): 13.3593
Sampling Time(s): 0.3734
Loading Time(s): 4.5496
Forward Time(s): 0.1234
Backward Time(s): 1.3666
Update Time(s): 0.0076
Emb Update Time(s): 6.9081
#seeds: 6144
#inputs: 1932298
=====================
=====================
Part 20, Epoch Time(s): 13.3593
Sampling Time(s): 0.3454
Loading Time(s): 3.3052
Forward Time(s): 0.1242
Backward Time(s): 2.6553
Update Time(s): 0.0081
Emb Update Time(s): 6.8907
#seeds: 6144
#inputs: 1935853
==========================================
Part 16, Epoch Time(s): 13.3579
Sampling Time(s): 0.3434
Loading Time(s): 4.0083
Forward Time(s): 0.1243
Backward Time(s): 1.9463
Update Time(s): 0.0080
Emb Update Time(s): 6.8953
#seeds: 6144
#inputs: 1915871
=====================

=====================
Part 17, Epoch Time(s): 13.3606
Sampling Time(s): 0.3420
Loading Time(s): 3.4700
Forward Time(s): 0.1262
Backward Time(s): 2.4858
Update Time(s): 0.0082
Emb Update Time(s): 6.8963
#seeds: 6144
#inputs: 1945920
=====================
=====================
Part 31, Epoch Time(s): 13.3598
Sampling Time(s): 0.3691
Loading Time(s): 3.7338
Forward Time(s): 0.1261
Backward Time(s): 2.1802
Update Time(s): 0.0082
Emb Update Time(s): 6.9146
#seeds: 6144
#inputs: 1972290
==========================================
Part 26, Epoch Time(s): 13.3605
Sampling Time(s): 0.3771
Loading Time(s): 3.9305
Forward Time(s): 0.1256
Backward Time(s): 1.9873
Update Time(s): 0.0083
Emb Update Time(s): 6.9036
#seeds: 6145
#inputs: 1974522
==========================================
Part 29, Epoch Time(s): 13.3619
Sampling Time(s): 0.3877
Loading Time(s): 3.5599
Forward Time(s): 0.1238
Backward Time(s): 2.3398
Update Time(s): 0.0081
Emb Update Time(s): 6.9268
#seeds: 6144
#inputs: 1962489
=====================

=====================
Part 28, Epoch Time(s): 13.3601
Sampling Time(s): 0.3910
Loading Time(s): 3.4066
Forward Time(s): 0.1232
Backward Time(s): 2.4977
Update Time(s): 0.0080
Emb Update Time(s): 6.9120
#seeds: 6144
#inputs: 1964572
==========================================
Part 30, Epoch Time(s): 13.3612
Sampling Time(s): 0.3858
Loading Time(s): 4.0156
Forward Time(s): 0.1258
Backward Time(s): 1.8871
Update Time(s): 0.0087
Emb Update Time(s): 6.9082
#seeds: 6144
#inputs: 1976418
==========================================
Part 27, Epoch Time(s): 13.3607
Sampling Time(s): 0.3487
Loading Time(s): 2.9764
Forward Time(s): 0.1234
Backward Time(s): 2.9551
Update Time(s): 0.0082
Emb Update Time(s): 6.9212
#seeds: 6144
#inputs: 1966353
=====================



=====================
Part 24, Epoch Time(s): 13.3595
Sampling Time(s): 0.3118
Loading Time(s): 3.2016
Forward Time(s): 0.1268
Backward Time(s): 2.7726
Update Time(s): 0.0082
Emb Update Time(s): 6.9059
#seeds: 6144
#inputs: 1989064
=====================
=====================
Part 25, Epoch Time(s): 13.3612
Sampling Time(s): 0.3168
Loading Time(s): 3.8202
Forward Time(s): 0.1285
Backward Time(s): 2.1412
Update Time(s): 0.0093
Emb Update Time(s): 6.9138
#seeds: 6144
#inputs: 1962660
=====================
=====================
Part 2, Epoch Time(s): 13.3584
Sampling Time(s): 0.3021
Loading Time(s): 2.3911
Forward Time(s): 0.1253
Backward Time(s): 3.5906
Update Time(s): 0.0083
Emb Update Time(s): 6.9097
#seeds: 6144
#inputs: 1940953
=====================
Part 28, Val Acc 0.9040, Test Acc 0.7548, time: 77.5870
Part 24, Val Acc 0.9047, Test Acc 0.7518, time: 77.5880
Part 26, Val Acc 0.9235, Test Acc 0.7533, time: 77.5925
Part 31, Val Acc 0.9170, Test Acc 0.7529, time: 78.1785
Part 25, Val Acc 0.9032, Test Acc 0.7531, time: 79.8010
Part 29, Val Acc 0.9226, Test Acc 0.7510, time: 83.2280
Part 30, Val Acc 0.9219, Test Acc 0.7538, time: 83.9557
Part 27, Val Acc 0.9178, Test Acc 0.7510, time: 84.1375
Part 22, Val Acc 0.8845, Test Acc 0.7543, time: 102.1424
Part 19, Val Acc 0.8820, Test Acc 0.7550, time: 102.1426
Part 16, Val Acc 0.8811, Test Acc 0.7563, time: 102.1456
Part 23, Val Acc 0.8910, Test Acc 0.7581, time: 102.3003
Part 7, Val Acc 0.9373, Test Acc 0.8167, time: 103.4250
Part 3, Val Acc 0.9447, Test Acc 0.8165, time: 104.3394
Part 1, Val Acc 0.9341, Test Acc 0.8168, time: 104.9422
Part 6, Val Acc 0.9479, Test Acc 0.8203, time: 105.4106
Part 15, Val Acc 0.8674, Test Acc 0.7296, time: 106.2432
Part 2, Val Acc 0.9357, Test Acc 0.8171, time: 106.4748
Part 17, Val Acc 0.8950, Test Acc 0.7565, time: 106.5706
Part 21, Val Acc 0.8771, Test Acc 0.7590, time: 106.6212
Part 10, Val Acc 0.8950, Test Acc 0.7275, time: 106.7081
Part 14, Val Acc 0.8926, Test Acc 0.7259, time: 106.7083
Part 13, Val Acc 0.8877, Test Acc 0.7274, time: 106.9656
Part 0, Val Acc 0.9300, Test Acc 0.8177, time: 107.0503
Part 20, Val Acc 0.8902, Test Acc 0.7560, time: 107.1635
Part 18, Val Acc 0.8885, Test Acc 0.7547, time: 107.2352
Part 8, Val Acc 0.8959, Test Acc 0.7280, time: 107.6970
Part 12, Val Acc 0.8584, Test Acc 0.7298, time: 107.7892
Part 4, Val Acc 0.9349, Test Acc 0.8183, time: 108.0009
Part 11, Val Acc 0.8820, Test Acc 0.7288, time: 108.4074
Part 5, Val Acc 0.9471, Test Acc 0.8185, time: 108.6438
Part 9, Val Acc 0.9097, Test Acc 0.7290, time: 108.7125
All parts avg val acc 0.9064, test acc 0.7637
Part 19 | Epoch 00017 | Step 00000 | Loss 0.5045 | Train Acc 0.8710 | Speed (samples/sec) 438.1427 | GPU 2050.0 MB | time 2.333 s
Part 18 | Epoch 00017 | Step 00000 | Loss 0.4356 | Train Acc 0.8840 | Speed (samples/sec) 438.0552 | GPU 2075.0 MB | time 2.334 s
Part 22 | Epoch 00017 | Step 00000 | Loss 0.4330 | Train Acc 0.8830 | Speed (samples/sec) 438.3562 | GPU 2047.9 MB | time 2.335 s
Part 13 | Epoch 00017 | Step 00000 | Loss 0.3462 | Train Acc 0.8970 | Speed (samples/sec) 438.1270 | GPU 2116.3 MB | time 2.335 s
Part 12 | Epoch 00017 | Step 00000 | Loss 0.3953 | Train Acc 0.8990 | Speed (samples/sec) 438.2500 | GPU 2104.2 MB | time 2.337 s
Part 31 | Epoch 00017 | Step 00000 | Loss 0.3312 | Train Acc 0.9090 | Speed (samples/sec) 438.1927 | GPU 2219.3 MB | time 2.339 s
Part 5 | Epoch 00017 | Step 00000 | Loss 0.2471 | Train Acc 0.9330 | Speed (samples/sec) 438.4593 | GPU 2045.1 MB | time 2.336 s
Part 7 | Epoch 00017 | Step 00000 | Loss 0.2131 | Train Acc 0.9380 | Speed (samples/sec) 438.0305 | GPU 2046.7 MB | time 2.338 s
Part 4 | Epoch 00017 | Step 00000 | Loss 0.2187 | Train Acc 0.9460 | Speed (samples/sec) 438.4654 | GPU 2023.2 MB | time 2.338 s
Part 9 | Epoch 00017 | Step 00000 | Loss 0.4071 | Train Acc 0.8940 | Speed (samples/sec) 438.3229 | GPU 2107.8 MB | time 2.340 s
Part 1 | Epoch 00017 | Step 00000 | Loss 0.1926 | Train Acc 0.9470 | Speed (samples/sec) 438.2330 | GPU 2032.4 MB | time 2.339 s
Part 6 | Epoch 00017 | Step 00000 | Loss 0.1914 | Train Acc 0.9470 | Speed (samples/sec) 437.9071 | GPU 2034.0 MB | time 2.340 s
Part 24 | Epoch 00017 | Step 00000 | Loss 0.2616 | Train Acc 0.9350 | Speed (samples/sec) 438.0704 | GPU 2221.1 MB | time 2.341 s
Part 2 | Epoch 00017 | Step 00000 | Loss 0.2173 | Train Acc 0.9430 | Speed (samples/sec) 438.2342 | GPU 2043.8 MB | time 2.340 s
Part 0 | Epoch 00017 | Step 00000 | Loss 0.2262 | Train Acc 0.9490 | Speed (samples/sec) 438.0342 | GPU 2026.3 MB | time 2.343 s
Part 21 | Epoch 00017 | Step 00000 | Loss 0.4116 | Train Acc 0.9000 | Speed (samples/sec) 438.4146 | GPU 2069.3 MB | time 2.342 s
Part 26 | Epoch 00017 | Step 00000 | Loss 0.3595 | Train Acc 0.9100 | Speed (samples/sec) 438.2038 | GPU 2216.2 MB | time 2.343 s
Part 3 | Epoch 00017 | Step 00000 | Loss 0.2440 | Train Acc 0.9370 | Speed (samples/sec) 438.1648 | GPU 2026.5 MB | time 2.341 s
Part 16 | Epoch 00017 | Step 00000 | Loss 0.4252 | Train Acc 0.8930 | Speed (samples/sec) 438.2492 | GPU 2041.2 MB | time 2.343 s
Part 25 | Epoch 00017 | Step 00000 | Loss 0.3088 | Train Acc 0.9190 | Speed (samples/sec) 437.9168 | GPU 2211.8 MB | time 2.343 s
Part 20 | Epoch 00017 | Step 00000 | Loss 0.4126 | Train Acc 0.8980 | Speed (samples/sec) 438.2271 | GPU 2065.4 MB | time 2.343 s
Part 17 | Epoch 00017 | Step 00000 | Loss 0.3928 | Train Acc 0.9060 | Speed (samples/sec) 438.1114 | GPU 2072.4 MB | time 2.343 s
Part 23 | Epoch 00017 | Step 00000 | Loss 0.4301 | Train Acc 0.8850 | Speed (samples/sec) 438.0885 | GPU 2053.6 MB | time 2.344 s
Part 30 | Epoch 00017 | Step 00000 | Loss 0.3410 | Train Acc 0.9070 | Speed (samples/sec) 438.0910 | GPU 2224.1 MB | time 2.345 s
Part 11 | Epoch 00017 | Step 00000 | Loss 0.4630 | Train Acc 0.8730 | Speed (samples/sec) 438.1387 | GPU 2107.9 MB | time 2.344 s
Part 8 | Epoch 00017 | Step 00000 | Loss 0.3874 | Train Acc 0.9000 | Speed (samples/sec) 438.1477 | GPU 2113.0 MB | time 2.345 s
Part 10 | Epoch 00017 | Step 00000 | Loss 0.3705 | Train Acc 0.9020 | Speed (samples/sec) 438.1524 | GPU 2098.1 MB | time 2.346 s
Part 14 | Epoch 00017 | Step 00000 | Loss 0.3867 | Train Acc 0.8990 | Speed (samples/sec) 438.2264 | GPU 2111.7 MB | time 2.346 s
Part 28 | Epoch 00017 | Step 00000 | Loss 0.2769 | Train Acc 0.9250 | Speed (samples/sec) 437.6923 | GPU 2207.2 MB | time 2.348 s
Part 29 | Epoch 00017 | Step 00000 | Loss 0.2832 | Train Acc 0.9190 | Speed (samples/sec) 438.1925 | GPU 2217.0 MB | time 2.352 s
Part 27 | Epoch 00017 | Step 00000 | Loss 0.2753 | Train Acc 0.9240 | Speed (samples/sec) 438.0695 | GPU 2215.3 MB | time 2.352 s
Part 15 | Epoch 00017 | Step 00000 | Loss 0.3751 | Train Acc 0.9000 | Speed (samples/sec) 437.9293 | GPU 2112.9 MB | time 2.352 s
Avg train acc 0.9116
=====================
Part 4, Epoch Time(s): 13.0142
Sampling Time(s): 0.2966
Loading Time(s): 2.0781
Forward Time(s): 0.1243
Backward Time(s): 3.5295
Update Time(s): 0.0080
Emb Update Time(s): 6.9381
#seeds: 6145
#inputs: 1919139
=====================
=====================
Part 6, Epoch Time(s): 13.0152
Sampling Time(s): 0.4098
Loading Time(s): 3.7803
Forward Time(s): 0.1245
Backward Time(s): 1.7054
Update Time(s): 0.0081
Emb Update Time(s): 6.9483
#seeds: 6144
#inputs: 1930641
==========================================
Part 0, Epoch Time(s): 13.0162
Sampling Time(s): 0.2749
Loading Time(s): 2.7715
Forward Time(s): 0.1247
Backward Time(s): 2.8602
Update Time(s): 0.0080
Emb Update Time(s): 6.9417
#seeds: 6144
#inputs: 1914953
=====================

=====================
Part 22, Epoch Time(s): 13.0169
Sampling Time(s): 0.3450
Loading Time(s): 3.4827
Forward Time(s): 0.1233
Backward Time(s): 2.0766
Update Time(s): 0.0077
Emb Update Time(s): 6.9370
#seeds: 6145
#inputs: 1927535
=====================
=====================
Part 20, Epoch Time(s): 13.0158
Sampling Time(s): 0.3397
Loading Time(s): 2.7692
Forward Time(s): 0.1242
Backward Time(s): 2.7868
Update Time(s): 0.0077
Emb Update Time(s): 6.9531
#seeds: 6144
#inputs: 1932189
==========================================
Part 21, Epoch Time(s): 13.0169
Sampling Time(s): 0.2744
Loading Time(s): 3.0243
Forward Time(s): 0.1278
Backward Time(s): 2.6081
Update Time(s): 0.0081
Emb Update Time(s): 6.9366
#seeds: 6145
#inputs: 1933315
==========================================
Part 18, Epoch Time(s): 13.0166
Sampling Time(s): 0.2928
Loading Time(s): 2.5570
Forward Time(s): 0.1257
Backward Time(s): 3.0814
Update Time(s): 0.0073
Emb Update Time(s): 6.9074
#seeds: 6144
#inputs: 1939149
=====================


=====================
Part 16, Epoch Time(s): 13.0146
Sampling Time(s): 0.3263
Loading Time(s): 2.9163
Forward Time(s): 0.1228
Backward Time(s): 2.6620
Update Time(s): 0.0082
Emb Update Time(s): 6.9441
#seeds: 6144
#inputs: 1910398
=====================
=====================
Part 28, Epoch Time(s): 13.0169
Sampling Time(s): 0.3507
Loading Time(s): 3.6205
Forward Time(s): 0.1231
Backward Time(s): 1.9015
Update Time(s): 0.0075
Emb Update Time(s): 6.9913
#seeds: 6144
#inputs: 1963882
=====================
=====================
Part 30, Epoch Time(s): 13.0180
Sampling Time(s): 0.2884
Loading Time(s): 4.2639
Forward Time(s): 0.1263
Backward Time(s): 1.3344
Update Time(s): 0.0078
Emb Update Time(s): 6.9620
#seeds: 6144
#inputs: 1973579
=====================
=====================
Part 19, Epoch Time(s): 13.0165
Sampling Time(s): 0.3708
Loading Time(s): 3.2371
Forward Time(s): 0.1256
Backward Time(s): 2.3168
Update Time(s): 0.0079
Emb Update Time(s): 6.9117
#seeds: 6144
#inputs: 1928064
==========================================
Part 23, Epoch Time(s): 13.0162
Sampling Time(s): 0.3499
Loading Time(s): 4.6632
Forward Time(s): 0.1235
Backward Time(s): 0.8782
Update Time(s): 0.0075
Emb Update Time(s): 6.9731
#seeds: 6144
#inputs: 1924876
=====================

=====================
Part 17, Epoch Time(s): 13.0171
Sampling Time(s): 0.3136
Loading Time(s): 3.6551
Forward Time(s): 0.1273
Backward Time(s): 1.9261
Update Time(s): 0.0073
Emb Update Time(s): 6.9511
#seeds: 6144
#inputs: 1941369
==========================================
Part 24, Epoch Time(s): 13.0163
Sampling Time(s): 0.2769
Loading Time(s): 3.6752
Forward Time(s): 0.1264
Backward Time(s): 1.9439
Update Time(s): 0.0072
Emb Update Time(s): 6.9493
#seeds: 6144
#inputs: 1987646
=====================
=====================
Part 27, Epoch Time(s): 13.0175
Sampling Time(s): 0.2981
Loading Time(s): 4.4684
Forward Time(s): 0.1225
Backward Time(s): 1.1070
Update Time(s): 0.0072
Emb Update Time(s): 6.9867
#seeds: 6144
#inputs: 1962186
==========================================
Part 29, Epoch Time(s): 13.0182
Sampling Time(s): 0.3632
Loading Time(s): 3.8683
Forward Time(s): 0.1271
Backward Time(s): 1.6449
Update Time(s): 0.0084
Emb Update Time(s): 6.9781
#seeds: 6144
#inputs: 1958646
=====================
=====================
Part 3, Epoch Time(s): 13.0147
Sampling Time(s): 0.3558
Loading Time(s): 3.7154
Forward Time(s): 0.1289
Backward Time(s): 1.8228
Update Time(s): 0.0094
Emb Update Time(s): 6.9449
#seeds: 6144
#inputs: 1929937
==========================================
Part 1, Epoch Time(s): 13.0153
Sampling Time(s): 0.3902
Loading Time(s): 3.4205
Forward Time(s): 0.1242
Backward Time(s): 2.0905
Update Time(s): 0.0081
Emb Update Time(s): 6.9415
#seeds: 6144
#inputs: 1924222
=====================

=====================
Part 5, Epoch Time(s): 13.0157
Sampling Time(s): 0.3153
Loading Time(s): 2.9348
Forward Time(s): 0.1332
Backward Time(s): 2.6302
Update Time(s): 0.0107
Emb Update Time(s): 6.9485
#seeds: 6145
#inputs: 1931589
=====================
=====================
Part 2, Epoch Time(s): 13.0153
Sampling Time(s): 0.2633
Loading Time(s): 2.6320
Forward Time(s): 0.1260
Backward Time(s): 2.9953
Update Time(s): 0.0088
Emb Update Time(s): 6.9512
#seeds: 6144
#inputs: 1941198
=====================
=====================
Part 7, Epoch Time(s): 13.0146
Sampling Time(s): 0.3841
Loading Time(s): 4.1770
Forward Time(s): 0.1302
Backward Time(s): 1.3385
Update Time(s): 0.0077
Emb Update Time(s): 6.9373
#seeds: 6144
#inputs: 1939051
=====================

=====================
Part 26, Epoch Time(s): 13.0178
Sampling Time(s): 0.3445
Loading Time(s): 4.1715
Forward Time(s): 0.1269
Backward Time(s): 1.3891
Update Time(s): 0.0079
Emb Update Time(s): 6.9406
#seeds: 6145
#inputs: 1973677
=====================

=====================
Part 25, Epoch Time(s): 13.0176
Sampling Time(s): 0.2929
Loading Time(s): 4.1769
Forward Time(s): 0.1261
Backward Time(s): 1.4233
Update Time(s): 0.0082
Emb Update Time(s): 6.9604
#seeds: 6144
#inputs: 1968657
=====================
=====================
Part 31, Epoch Time(s): 13.0166
Sampling Time(s): 0.3769
Loading Time(s): 4.6282
Forward Time(s): 0.1233
Backward Time(s): 0.8933
Update Time(s): 0.0070
Emb Update Time(s): 6.9550
#seeds: 6144
#inputs: 1978039
=====================
=====================
Part 14, Epoch Time(s): 13.0164
Sampling Time(s): 0.2859
Loading Time(s): 4.5583
Forward Time(s): 0.1268
Backward Time(s): 1.0438
Update Time(s): 0.0080
Emb Update Time(s): 6.9601
#seeds: 6144
#inputs: 2031692
==========================================
Part 12, Epoch Time(s): 13.0153
Sampling Time(s): 0.2859
Loading Time(s): 4.1649
Forward Time(s): 0.1265
Backward Time(s): 1.4576
Update Time(s): 0.0072
Emb Update Time(s): 6.9376
#seeds: 6145
#inputs: 2037988
=====================

=====================
Part 8, Epoch Time(s): 13.0149
Sampling Time(s): 0.3131
Loading Time(s): 3.6777
Forward Time(s): 0.1264
Backward Time(s): 1.8977
Update Time(s): 0.0080
Emb Update Time(s): 6.9686
#seeds: 6144
#inputs: 2038613
=====================
=====================
Part 10, Epoch Time(s): 13.0161
Sampling Time(s): 0.2719
Loading Time(s): 3.7421
Forward Time(s): 0.1235
Backward Time(s): 1.8713
Update Time(s): 0.0074
Emb Update Time(s): 6.9664
#seeds: 6144
#inputs: 2019714
=====================
=====================
Part 9, Epoch Time(s): 13.0167
Sampling Time(s): 0.2969
Loading Time(s): 2.9000
Forward Time(s): 0.1271
Backward Time(s): 2.7130
Update Time(s): 0.0079
Emb Update Time(s): 6.9319
#seeds: 6145
#inputs: 2032122
=====================
=====================
Part 11, Epoch Time(s): 13.0156
Sampling Time(s): 0.3117
Loading Time(s): 4.0319
Forward Time(s): 0.1331
Backward Time(s): 1.5461
Update Time(s): 0.0086
Emb Update Time(s): 6.9489
#seeds: 6144
#inputs: 2046447
==========================================
Part 13, Epoch Time(s): 13.0165
Sampling Time(s): 0.3601
Loading Time(s): 4.6406
Forward Time(s): 0.1260
Backward Time(s): 0.9184
Update Time(s): 0.0076
Emb Update Time(s): 6.9188
#seeds: 6144
#inputs: 2038620
=====================

=====================
Part 15, Epoch Time(s): 13.0143
Sampling Time(s): 0.4824
Loading Time(s): 4.6434
Forward Time(s): 0.1256
Backward Time(s): 0.7506
Update Time(s): 0.0075
Emb Update Time(s): 6.9876
#seeds: 6144
#inputs: 2046899
=====================
Part 28, Val Acc 0.9072, Test Acc 0.7654, time: 77.5247
Part 24, Val Acc 0.9112, Test Acc 0.7646, time: 77.8145
Part 26, Val Acc 0.9268, Test Acc 0.7666, time: 78.7415
Part 31, Val Acc 0.9227, Test Acc 0.7646, time: 78.9460
Part 25, Val Acc 0.9064, Test Acc 0.7650, time: 79.5130
Part 27, Val Acc 0.9178, Test Acc 0.7627, time: 79.5570
Part 30, Val Acc 0.9276, Test Acc 0.7648, time: 79.7174
Part 29, Val Acc 0.9235, Test Acc 0.7636, time: 80.4394
Part 16, Val Acc 0.8803, Test Acc 0.7615, time: 107.2463
Part 23, Val Acc 0.8902, Test Acc 0.7617, time: 107.3976
Part 17, Val Acc 0.8967, Test Acc 0.7617, time: 107.5950
Part 22, Val Acc 0.8828, Test Acc 0.7605, time: 107.7833
Part 19, Val Acc 0.8836, Test Acc 0.7594, time: 107.7858
Part 18, Val Acc 0.8926, Test Acc 0.7594, time: 108.1055
Part 20, Val Acc 0.8861, Test Acc 0.7617, time: 108.1493
Part 21, Val Acc 0.8739, Test Acc 0.7630, time: 108.2155
Part 3, Val Acc 0.9382, Test Acc 0.8187, time: 108.4117
Part 1, Val Acc 0.9390, Test Acc 0.8194, time: 108.4154
Part 7, Val Acc 0.9406, Test Acc 0.8197, time: 108.4827
Part 2, Val Acc 0.9333, Test Acc 0.8203, time: 108.5464
Part 6, Val Acc 0.9487, Test Acc 0.8225, time: 108.6798
Part 15, Val Acc 0.8747, Test Acc 0.7321, time: 108.6838
Part 14, Val Acc 0.8959, Test Acc 0.7288, time: 108.6948
Part 12, Val Acc 0.8698, Test Acc 0.7314, time: 108.7495
Part 8, Val Acc 0.8910, Test Acc 0.7306, time: 108.7837
Part 0, Val Acc 0.9276, Test Acc 0.8210, time: 108.7905
Part 10, Val Acc 0.8917, Test Acc 0.7304, time: 108.8042
Part 4, Val Acc 0.9373, Test Acc 0.8213, time: 108.8050
Part 11, Val Acc 0.8812, Test Acc 0.7322, time: 108.9497
Part 9, Val Acc 0.9081, Test Acc 0.7325, time: 108.9844
Part 13, Val Acc 0.8950, Test Acc 0.7304, time: 109.3080
Part 5, Val Acc 0.9463, Test Acc 0.8223, time: 109.3805
All parts avg val acc 0.9077, test acc 0.7694
Part 18 | Epoch 00018 | Step 00000 | Loss 0.4348 | Train Acc 0.9040 | Speed (samples/sec) 438.9507 | GPU 2075.0 MB | time 2.354 s
Part 19 | Epoch 00018 | Step 00000 | Loss 0.4210 | Train Acc 0.8910 | Speed (samples/sec) 439.0318 | GPU 2050.0 MB | time 2.354 s
Part 13 | Epoch 00018 | Step 00000 | Loss 0.4504 | Train Acc 0.8800 | Speed (samples/sec) 439.0169 | GPU 2116.3 MB | time 2.358 s
Part 27 | Epoch 00018 | Step 00000 | Loss 0.2566 | Train Acc 0.9290 | Speed (samples/sec) 438.9676 | GPU 2215.3 MB | time 2.362 s
Part 2 | Epoch 00018 | Step 00000 | Loss 0.1914 | Train Acc 0.9460 | Speed (samples/sec) 439.1097 | GPU 2049.7 MB | time 2.360 s
Part 20 | Epoch 00018 | Step 00000 | Loss 0.4535 | Train Acc 0.8760 | Speed (samples/sec) 439.1070 | GPU 2065.4 MB | time 2.361 s
Part 12 | Epoch 00018 | Step 00000 | Loss 0.4201 | Train Acc 0.8890 | Speed (samples/sec) 439.1197 | GPU 2104.2 MB | time 2.361 s
Part 17 | Epoch 00018 | Step 00000 | Loss 0.4149 | Train Acc 0.8890 | Speed (samples/sec) 438.9932 | GPU 2072.4 MB | time 2.362 s
Part 24 | Epoch 00018 | Step 00000 | Loss 0.2842 | Train Acc 0.9260 | Speed (samples/sec) 438.9543 | GPU 2221.1 MB | time 2.363 s
Part 21 | Epoch 00018 | Step 00000 | Loss 0.4130 | Train Acc 0.8850 | Speed (samples/sec) 439.3016 | GPU 2069.3 MB | time 2.363 s
Part 15 | Epoch 00018 | Step 00000 | Loss 0.3640 | Train Acc 0.8950 | Speed (samples/sec) 438.7958 | GPU 2112.9 MB | time 2.362 s
Part 16 | Epoch 00018 | Step 00000 | Loss 0.4185 | Train Acc 0.8940 | Speed (samples/sec) 439.1252 | GPU 2041.2 MB | time 2.363 s
Part 10 | Epoch 00018 | Step 00000 | Loss 0.4124 | Train Acc 0.8890 | Speed (samples/sec) 439.0398 | GPU 2098.1 MB | time 2.363 s
Part 14 | Epoch 00018 | Step 00000 | Loss 0.3951 | Train Acc 0.8910 | Speed (samples/sec) 439.1090 | GPU 2111.7 MB | time 2.363 s
Part 26 | Epoch 00018 | Step 00000 | Loss 0.2591 | Train Acc 0.9190 | Speed (samples/sec) 439.1021 | GPU 2216.2 MB | time 2.364 s
Part 9 | Epoch 00018 | Step 00000 | Loss 0.3989 | Train Acc 0.8930 | Speed (samples/sec) 439.2076 | GPU 2107.8 MB | time 2.363 s
Part 7 | Epoch 00018 | Step 00000 | Loss 0.2035 | Train Acc 0.9510 | Speed (samples/sec) 438.9259 | GPU 2046.7 MB | time 2.363 s
Part 8 | Epoch 00018 | Step 00000 | Loss 0.3458 | Train Acc 0.9030 | Speed (samples/sec) 438.9931 | GPU 2113.0 MB | time 2.363 s
Part 6 | Epoch 00018 | Step 00000 | Loss 0.2055 | Train Acc 0.9500 | Speed (samples/sec) 438.7979 | GPU 2034.0 MB | time 2.363 s
Part 1 | Epoch 00018 | Step 00000 | Loss 0.2434 | Train Acc 0.9380 | Speed (samples/sec) 439.1041 | GPU 2032.4 MB | time 2.364 s
Part 5 | Epoch 00018 | Step 00000 | Loss 0.2567 | Train Acc 0.9360 | Speed (samples/sec) 439.3415 | GPU 2045.1 MB | time 2.365 s
Part 4 | Epoch 00018 | Step 00000 | Loss 0.2004 | Train Acc 0.9550 | Speed (samples/sec) 439.3494 | GPU 2027.3 MB | time 2.365 s
Part 23 | Epoch 00018 | Step 00000 | Loss 0.4688 | Train Acc 0.8870 | Speed (samples/sec) 438.9093 | GPU 2053.6 MB | time 2.366 s
Part 31 | Epoch 00018 | Step 00000 | Loss 0.3101 | Train Acc 0.9280 | Speed (samples/sec) 439.0359 | GPU 2219.3 MB | time 2.367 s
Part 29 | Epoch 00018 | Step 00000 | Loss 0.3089 | Train Acc 0.9130 | Speed (samples/sec) 439.0683 | GPU 2217.0 MB | time 2.367 s
Part 28 | Epoch 00018 | Step 00000 | Loss 0.3065 | Train Acc 0.9150 | Speed (samples/sec) 438.5640 | GPU 2207.2 MB | time 2.367 s
Part 11 | Epoch 00018 | Step 00000 | Loss 0.4118 | Train Acc 0.8940 | Speed (samples/sec) 439.0312 | GPU 2107.9 MB | time 2.365 s
Part 0 | Epoch 00018 | Step 00000 | Loss 0.2163 | Train Acc 0.9540 | Speed (samples/sec) 438.9186 | GPU 2026.3 MB | time 2.368 s
Part 22 | Epoch 00018 | Step 00000 | Loss 0.4378 | Train Acc 0.8780 | Speed (samples/sec) 439.2353 | GPU 2047.9 MB | time 2.367 s
Part 30 | Epoch 00018 | Step 00000 | Loss 0.3343 | Train Acc 0.9180 | Speed (samples/sec) 438.9805 | GPU 2224.1 MB | time 2.368 s
Part 25 | Epoch 00018 | Step 00000 | Loss 0.2798 | Train Acc 0.9280 | Speed (samples/sec) 438.7773 | GPU 2211.8 MB | time 2.368 s
Part 3 | Epoch 00018 | Step 00000 | Loss 0.1980 | Train Acc 0.9440 | Speed (samples/sec) 439.0466 | GPU 2026.5 MB | time 2.367 s
Avg train acc 0.9121
=====================
Part 7, Epoch Time(s): 12.9316
Sampling Time(s): 0.2892
Loading Time(s): 3.5936
Forward Time(s): 0.1261
Backward Time(s): 2.1149
Update Time(s): 0.0081
Emb Update Time(s): 6.7746
#seeds: 6144
#inputs: 1934946
=====================
=====================
Part 6, Epoch Time(s): 12.9329
Sampling Time(s): 0.3171
Loading Time(s): 3.4597
Forward Time(s): 0.1253
Backward Time(s): 2.2063
Update Time(s): 0.0078
Emb Update Time(s): 6.7853
#seeds: 6144
#inputs: 1929264
=====================
=====================
Part 2, Epoch Time(s): 12.9326
Sampling Time(s): 0.3495
Loading Time(s): 2.9395
Forward Time(s): 0.1268
Backward Time(s): 2.6932
Update Time(s): 0.0083
Emb Update Time(s): 6.7913
#seeds: 6144
#inputs: 1940280
=====================
=====================
Part 4, Epoch Time(s): 12.9318
Sampling Time(s): 0.3995
Loading Time(s): 3.5666
Forward Time(s): 0.1247
Backward Time(s): 2.0125
Update Time(s): 0.0083
Emb Update Time(s): 6.7916
#seeds: 6145
#inputs: 1920640
=====================
=====================
Part 5, Epoch Time(s): 12.9333
Sampling Time(s): 0.2776
Loading Time(s): 3.3472
Forward Time(s): 0.1262
Backward Time(s): 2.3534
Update Time(s): 0.0082
Emb Update Time(s): 6.7907
#seeds: 6145
#inputs: 1925777
=====================
=====================
Part 22, Epoch Time(s): 12.9341
Sampling Time(s): 0.2731
Loading Time(s): 3.0781
Forward Time(s): 0.1236
Backward Time(s): 2.6376
Update Time(s): 0.0078
Emb Update Time(s): 6.7922
#seeds: 6145
#inputs: 1926127
=====================
=====================
Part 18, Epoch Time(s): 12.9336
Sampling Time(s): 0.3614
Loading Time(s): 4.7887
Forward Time(s): 0.1236
Backward Time(s): 0.8602
Update Time(s): 0.0078
Emb Update Time(s): 6.7510
#seeds: 6144
#inputs: 1935076
=====================
=====================
Part 23, Epoch Time(s): 12.9329
Sampling Time(s): 0.2827
Loading Time(s): 4.1023
Forward Time(s): 0.1239
Backward Time(s): 1.6024
Update Time(s): 0.0075
Emb Update Time(s): 6.7867
#seeds: 6144
#inputs: 1926017
=====================
=====================
Part 20, Epoch Time(s): 12.9332
Sampling Time(s): 0.3833
Loading Time(s): 4.0333
Forward Time(s): 0.1280
Backward Time(s): 1.5694
Update Time(s): 0.0071
Emb Update Time(s): 6.7796
#seeds: 6144
#inputs: 1935636
=====================
=====================
Part 1, Epoch Time(s): 12.9328
Sampling Time(s): 0.3275
Loading Time(s): 3.1642
Forward Time(s): 0.1236
Backward Time(s): 2.4909
Update Time(s): 0.0076
Emb Update Time(s): 6.7887
#seeds: 6144
#inputs: 1934156
=====================
=====================
Part 26, Epoch Time(s): 12.9349
Sampling Time(s): 0.3824
Loading Time(s): 4.4887
Forward Time(s): 0.1239
Backward Time(s): 1.1237
Update Time(s): 0.0073
Emb Update Time(s): 6.7838
#seeds: 6145
#inputs: 1975842
==========================================
Part 30, Epoch Time(s): 12.9358
Sampling Time(s): 0.3518
Loading Time(s): 4.4778
Forward Time(s): 0.1254
Backward Time(s): 1.1650
Update Time(s): 0.0083
Emb Update Time(s): 6.7795
#seeds: 6144
#inputs: 1973805
=====================

=====================
Part 31, Epoch Time(s): 12.9335
Sampling Time(s): 0.2710
Loading Time(s): 4.0584
Forward Time(s): 0.1239
Backward Time(s): 1.6778
Update Time(s): 0.0075
Emb Update Time(s): 6.7684
#seeds: 6144
#inputs: 1970816
=====================
=====================
Part 28, Epoch Time(s): 12.9344
Sampling Time(s): 0.3874
Loading Time(s): 4.1425
Forward Time(s): 0.1232
Backward Time(s): 1.4344
Update Time(s): 0.0077
Emb Update Time(s): 6.8230
#seeds: 6144
#inputs: 1964562
==========================================
Part 29, Epoch Time(s): 12.9356
Sampling Time(s): 0.3721
Loading Time(s): 4.3492
Forward Time(s): 0.1234
Backward Time(s): 1.2344
Update Time(s): 0.0089
Emb Update Time(s): 6.8299
#seeds: 6144
#inputs: 1957892
=====================

=====================
Part 14, Epoch Time(s): 12.9342
Sampling Time(s): 0.3508
Loading Time(s): 3.8128
Forward Time(s): 0.1268
Backward Time(s): 1.8116
Update Time(s): 0.0083
Emb Update Time(s): 6.7915
#seeds: 6144
#inputs: 2033594
=====================
=====================
Part 15, Epoch Time(s): 12.9314
Sampling Time(s): 0.3049
Loading Time(s): 4.4027
Forward Time(s): 0.1253
Backward Time(s): 1.2581
Update Time(s): 0.0068
Emb Update Time(s): 6.8106
#seeds: 6144
#inputs: 2042392
=====================
=====================
Part 10, Epoch Time(s): 12.9336
Sampling Time(s): 0.3092
Loading Time(s): 4.2055
Forward Time(s): 0.1239
Backward Time(s): 1.4593
Update Time(s): 0.0074
Emb Update Time(s): 6.7959
#seeds: 6144
#inputs: 2023466
=====================
=====================
Part 12, Epoch Time(s): 12.9330
Sampling Time(s): 0.3359
Loading Time(s): 3.7875
Forward Time(s): 0.1290
Backward Time(s): 1.8831
Update Time(s): 0.0075
Emb Update Time(s): 6.7567
#seeds: 6145
#inputs: 2040252
=====================
=====================
Part 27, Epoch Time(s): 12.9349
Sampling Time(s): 0.3316
Loading Time(s): 4.0448
Forward Time(s): 0.1238
Backward Time(s): 1.5804
Update Time(s): 0.0078
Emb Update Time(s): 6.8131
#seeds: 6144
#inputs: 1961281
=====================
=====================
Part 25, Epoch Time(s): 12.9347
Sampling Time(s): 0.3492
Loading Time(s): 3.9948
Forward Time(s): 0.1301
Backward Time(s): 1.6398
Update Time(s): 0.0093
Emb Update Time(s): 6.7759
#seeds: 6144
#inputs: 1970158
=====================
=====================
Part 24, Epoch Time(s): 12.9340
Sampling Time(s): 0.3213
Loading Time(s): 3.5756
Forward Time(s): 0.1256
Backward Time(s): 2.0730
Update Time(s): 0.0079
Emb Update Time(s): 6.8107
#seeds: 6144
#inputs: 1982406
=====================
=====================
Part 13, Epoch Time(s): 12.9342
Sampling Time(s): 0.4057
Loading Time(s): 4.1255
Forward Time(s): 0.1269
Backward Time(s): 1.4838
Update Time(s): 0.0076
Emb Update Time(s): 6.7476
#seeds: 6144
#inputs: 2050394
==========================================
Part 9, Epoch Time(s): 12.9338
Sampling Time(s): 0.3359
Loading Time(s): 3.7361
Forward Time(s): 0.1330
Backward Time(s): 1.9120
Update Time(s): 0.0082
Emb Update Time(s): 6.7764
#seeds: 6145
#inputs: 2035810
=====================
=====================
Part 11, Epoch Time(s): 12.9331
Sampling Time(s): 0.3999
Loading Time(s): 3.4891
Forward Time(s): 0.1339
Backward Time(s): 2.1076
Update Time(s): 0.0102
Emb Update Time(s): 6.7617
#seeds: 6144
#inputs: 2040404
=====================

=====================
Part 8, Epoch Time(s): 12.9327
Sampling Time(s): 0.3488
Loading Time(s): 4.1281
Forward Time(s): 0.1246
Backward Time(s): 1.4940
Update Time(s): 0.0080
Emb Update Time(s): 6.7987
#seeds: 6144
#inputs: 2038787
=====================
=====================
Part 16, Epoch Time(s): 12.9315
Sampling Time(s): 0.2791
Loading Time(s): 3.7803
Forward Time(s): 0.1243
Backward Time(s): 1.9308
Update Time(s): 0.0082
Emb Update Time(s): 6.7791
#seeds: 6144
#inputs: 1909233
==========================================
Part 17, Epoch Time(s): 12.9339
Sampling Time(s): 0.3850
Loading Time(s): 3.7338
Forward Time(s): 0.1253
Backward Time(s): 1.8643
Update Time(s): 0.0075
Emb Update Time(s): 6.7847
#seeds: 6144
#inputs: 1943520
=====================

=====================
Part 21, Epoch Time(s): 12.9341
Sampling Time(s): 0.3766
Loading Time(s): 5.0028
Forward Time(s): 0.1246
Backward Time(s): 0.5970
Update Time(s): 0.0065
Emb Update Time(s): 6.7944
#seeds: 6145
#inputs: 1939184
=====================
=====================
Part 19, Epoch Time(s): 12.9332
Sampling Time(s): 0.2962
Loading Time(s): 3.5190
Forward Time(s): 0.1255
Backward Time(s): 2.1972
Update Time(s): 0.0072
Emb Update Time(s): 6.7481
#seeds: 6144
#inputs: 1922634
=====================
=====================
Part 3, Epoch Time(s): 12.9320
Sampling Time(s): 0.2991
Loading Time(s): 3.3712
Forward Time(s): 0.1271
Backward Time(s): 2.3009
Update Time(s): 0.0104
Emb Update Time(s): 6.8049
#seeds: 6144
#inputs: 1930852
=====================
=====================
Part 0, Epoch Time(s): 12.9339
Sampling Time(s): 0.2691
Loading Time(s): 2.6147
Forward Time(s): 0.1394
Backward Time(s): 3.0974
Update Time(s): 0.0083
Emb Update Time(s): 6.7794
#seeds: 6144
#inputs: 1918571
=====================
Part 10, Val Acc 0.8941, Test Acc 0.7297, time: 92.6797
Part 15, Val Acc 0.8706, Test Acc 0.7311, time: 94.4994
Part 14, Val Acc 0.8975, Test Acc 0.7286, time: 94.8055
Part 12, Val Acc 0.8666, Test Acc 0.7313, time: 94.8409
Part 13, Val Acc 0.8902, Test Acc 0.7296, time: 95.2828
Part 8, Val Acc 0.8926, Test Acc 0.7302, time: 97.0393
Part 26, Val Acc 0.9178, Test Acc 0.7648, time: 98.0076
Part 11, Val Acc 0.8812, Test Acc 0.7326, time: 98.3156
Part 9, Val Acc 0.9121, Test Acc 0.7312, time: 98.8968
Part 31, Val Acc 0.9227, Test Acc 0.7636, time: 99.2217
Part 28, Val Acc 0.9072, Test Acc 0.7636, time: 99.2332
Part 24, Val Acc 0.9080, Test Acc 0.7636, time: 100.6151
Part 27, Val Acc 0.9138, Test Acc 0.7627, time: 101.2256
Part 30, Val Acc 0.9211, Test Acc 0.7649, time: 101.2761
Part 16, Val Acc 0.8844, Test Acc 0.7625, time: 101.3414
Part 22, Val Acc 0.8877, Test Acc 0.7593, time: 101.3633
Part 23, Val Acc 0.8926, Test Acc 0.7639, time: 101.5117
Part 1, Val Acc 0.9292, Test Acc 0.8196, time: 101.6132
Part 3, Val Acc 0.9382, Test Acc 0.8193, time: 101.6243
Part 25, Val Acc 0.9081, Test Acc 0.7639, time: 101.7019
Part 7, Val Acc 0.9382, Test Acc 0.8186, time: 101.7132
Part 17, Val Acc 0.8975, Test Acc 0.7617, time: 101.7884
Part 19, Val Acc 0.8845, Test Acc 0.7606, time: 101.7883
Part 21, Val Acc 0.8723, Test Acc 0.7632, time: 101.8054
Part 29, Val Acc 0.9210, Test Acc 0.7625, time: 101.8936
Part 2, Val Acc 0.9357, Test Acc 0.8187, time: 101.9461
Part 20, Val Acc 0.8910, Test Acc 0.7618, time: 101.9703
Part 18, Val Acc 0.8983, Test Acc 0.7601, time: 102.1735
Part 6, Val Acc 0.9503, Test Acc 0.8219, time: 102.1781
Part 0, Val Acc 0.9260, Test Acc 0.8198, time: 102.5836
Part 4, Val Acc 0.9390, Test Acc 0.8194, time: 102.7353
Part 5, Val Acc 0.9447, Test Acc 0.8205, time: 103.2323
All parts avg val acc 0.9073, test acc 0.7689
Part 21 | Epoch 00019 | Step 00000 | Loss 0.3794 | Train Acc 0.9090 | Speed (samples/sec) 440.0908 | GPU 2069.3 MB | time 2.435 s
Part 26 | Epoch 00019 | Step 00000 | Loss 0.3017 | Train Acc 0.9310 | Speed (samples/sec) 439.8691 | GPU 2216.2 MB | time 2.437 s
Part 18 | Epoch 00019 | Step 00000 | Loss 0.4094 | Train Acc 0.8940 | Speed (samples/sec) 439.7361 | GPU 2075.0 MB | time 2.437 s
Part 19 | Epoch 00019 | Step 00000 | Loss 0.4167 | Train Acc 0.8980 | Speed (samples/sec) 439.8091 | GPU 2050.0 MB | time 2.437 s
Part 22 | Epoch 00019 | Step 00000 | Loss 0.3972 | Train Acc 0.9050 | Speed (samples/sec) 440.0009 | GPU 2047.9 MB | time 2.438 s
Part 9 | Epoch 00019 | Step 00000 | Loss 0.4856 | Train Acc 0.8800 | Speed (samples/sec) 439.9889 | GPU 2107.8 MB | time 2.437 s
Part 4 | Epoch 00019 | Step 00000 | Loss 0.1913 | Train Acc 0.9480 | Speed (samples/sec) 440.1235 | GPU 2027.3 MB | time 2.437 s
Part 0 | Epoch 00019 | Step 00000 | Loss 0.1883 | Train Acc 0.9550 | Speed (samples/sec) 439.6975 | GPU 2026.3 MB | time 2.440 s
Part 11 | Epoch 00019 | Step 00000 | Loss 0.3955 | Train Acc 0.8800 | Speed (samples/sec) 439.8014 | GPU 2107.9 MB | time 2.438 s
Part 24 | Epoch 00019 | Step 00000 | Loss 0.2714 | Train Acc 0.9190 | Speed (samples/sec) 439.7075 | GPU 2221.1 MB | time 2.439 s
Part 25 | Epoch 00019 | Step 00000 | Loss 0.3028 | Train Acc 0.9150 | Speed (samples/sec) 439.5639 | GPU 2211.8 MB | time 2.440 s
Part 14 | Epoch 00019 | Step 00000 | Loss 0.4154 | Train Acc 0.8930 | Speed (samples/sec) 439.8848 | GPU 2111.7 MB | time 2.439 sPart 8 | Epoch 00019 | Step 00000 | Loss 0.3495 | Train Acc 0.9050 | Speed (samples/sec) 439.7778 | GPU 2113.0 MB | time 2.439 s

Part 10 | Epoch 00019 | Step 00000 | Loss 0.4341 | Train Acc 0.8820 | Speed (samples/sec) 439.8214 | GPU 2098.1 MB | time 2.439 s
Part 30 | Epoch 00019 | Step 00000 | Loss 0.3099 | Train Acc 0.9200 | Speed (samples/sec) 439.7587 | GPU 2224.1 MB | time 2.441 s
Part 13 | Epoch 00019 | Step 00000 | Loss 0.3577 | Train Acc 0.8980 | Speed (samples/sec) 439.7817 | GPU 2116.3 MB | time 2.440 s
Part 31 | Epoch 00019 | Step 00000 | Loss 0.3028 | Train Acc 0.9270 | Speed (samples/sec) 439.8003 | GPU 2219.3 MB | time 2.442 s
Part 5 | Epoch 00019 | Step 00000 | Loss 0.2110 | Train Acc 0.9500 | Speed (samples/sec) 440.1182 | GPU 2045.1 MB | time 2.440 s
Part 7 | Epoch 00019 | Step 00000 | Loss 0.2021 | Train Acc 0.9520 | Speed (samples/sec) 439.6831 | GPU 2046.7 MB | time 2.440 s
Part 2 | Epoch 00019 | Step 00000 | Loss 0.2226 | Train Acc 0.9420 | Speed (samples/sec) 439.8484 | GPU 2049.7 MB | time 2.441 s
Part 23 | Epoch 00019 | Step 00000 | Loss 0.4017 | Train Acc 0.8960 | Speed (samples/sec) 439.6945 | GPU 2053.6 MB | time 2.442 s
Part 12 | Epoch 00019 | Step 00000 | Loss 0.4238 | Train Acc 0.8780 | Speed (samples/sec) 439.8948 | GPU 2104.2 MB | time 2.441 s
Part 16 | Epoch 00019 | Step 00000 | Loss 0.4533 | Train Acc 0.8800 | Speed (samples/sec) 439.8950 | GPU 2041.2 MB | time 2.442 s
Part 17 | Epoch 00019 | Step 00000 | Loss 0.4280 | Train Acc 0.8860 | Speed (samples/sec) 439.7737 | GPU 2072.4 MB | time 2.442 s
Part 15 | Epoch 00019 | Step 00000 | Loss 0.3418 | Train Acc 0.9000 | Speed (samples/sec) 439.5605 | GPU 2112.9 MB | time 2.442 s
Part 20 | Epoch 00019 | Step 00000 | Loss 0.5164 | Train Acc 0.8630 | Speed (samples/sec) 439.8805 | GPU 2065.4 MB | time 2.443 s
Part 6 | Epoch 00019 | Step 00000 | Loss 0.2331 | Train Acc 0.9440 | Speed (samples/sec) 439.5887 | GPU 2034.0 MB | time 2.442 s
Part 3 | Epoch 00019 | Step 00000 | Loss 0.2227 | Train Acc 0.9390 | Speed (samples/sec) 439.7955 | GPU 2026.5 MB | time 2.442 s
Part 28 | Epoch 00019 | Step 00000 | Loss 0.3385 | Train Acc 0.9170 | Speed (samples/sec) 439.3249 | GPU 2207.2 MB | time 2.444 s
Part 1 | Epoch 00019 | Step 00000 | Loss 0.2508 | Train Acc 0.9290 | Speed (samples/sec) 439.8785 | GPU 2032.4 MB | time 2.442 s
Part 27 | Epoch 00019 | Step 00000 | Loss 0.2909 | Train Acc 0.9240 | Speed (samples/sec) 439.7486 | GPU 2215.3 MB | time 2.445 s
Part 29 | Epoch 00019 | Step 00000 | Loss 0.3054 | Train Acc 0.9240 | Speed (samples/sec) 439.8092 | GPU 2217.0 MB | time 2.448 s
Avg train acc 0.9120
=====================
Part 21, Epoch Time(s): 13.1938
Sampling Time(s): 0.3608
Loading Time(s): 4.8781
Forward Time(s): 0.1248
Backward Time(s): 0.8610
Update Time(s): 0.0074
Emb Update Time(s): 6.9234
#seeds: 6145
#inputs: 1938919
==========================================
Part 22, Epoch Time(s): 13.1938
Sampling Time(s): 0.4418
Loading Time(s): 4.8844
Forward Time(s): 0.1220
Backward Time(s): 0.7676
Update Time(s): 0.0071
Emb Update Time(s): 6.9359
#seeds: 6145
#inputs: 1929528
=====================

=====================
Part 23, Epoch Time(s): 13.1928
Sampling Time(s): 0.3764
Loading Time(s): 4.5691
Forward Time(s): 0.1248
Backward Time(s): 1.1453
Update Time(s): 0.0070
Emb Update Time(s): 6.9402
#seeds: 6144
#inputs: 1935721
=====================
=====================
Part 19, Epoch Time(s): 13.1931
Sampling Time(s): 0.3709
Loading Time(s): 4.1271
Forward Time(s): 0.1275
Backward Time(s): 1.6178
Update Time(s): 0.0088
Emb Update Time(s): 6.9060
#seeds: 6144
#inputs: 1929285
=====================
=====================
Part 5, Epoch Time(s): 13.1927
Sampling Time(s): 0.3701
Loading Time(s): 2.6876
Forward Time(s): 0.1261
Backward Time(s): 3.0246
Update Time(s): 0.0086
Emb Update Time(s): 6.9435
#seeds: 6145
#inputs: 1932396
==========================================
Part 7, Epoch Time(s): 13.1914
Sampling Time(s): 0.2563
Loading Time(s): 3.0263
Forward Time(s): 0.1266
Backward Time(s): 2.8109
Update Time(s): 0.0086
Emb Update Time(s): 6.9320
#seeds: 6144
#inputs: 1944339
==========================================
Part 6, Epoch Time(s): 13.1923
Sampling Time(s): 0.3034
Loading Time(s): 3.1963
Forward Time(s): 0.1248
Backward Time(s): 2.5920
Update Time(s): 0.0080
Emb Update Time(s): 6.9456
#seeds: 6144
#inputs: 1920580
=====================


=====================
Part 1, Epoch Time(s): 13.1921
Sampling Time(s): 0.2929
Loading Time(s): 3.2855
Forward Time(s): 0.1318
Backward Time(s): 2.4919
Update Time(s): 0.0100
Emb Update Time(s): 6.9494
#seeds: 6144
#inputs: 1928410
=====================
=====================
Part 3, Epoch Time(s): 13.1915
Sampling Time(s): 0.3770
Loading Time(s): 3.3829
Forward Time(s): 0.1317
Backward Time(s): 2.3114
Update Time(s): 0.0094
Emb Update Time(s): 6.9577
#seeds: 6144
#inputs: 1928611
==========================================
Part 13, Epoch Time(s): 13.1935
Sampling Time(s): 0.3972
Loading Time(s): 4.6935
Forward Time(s): 0.1261
Backward Time(s): 1.0294
Update Time(s): 0.0077
Emb Update Time(s): 6.9063
#seeds: 6144
#inputs: 2048621
=====================
=====================
Part 14, Epoch Time(s): 13.1934
Sampling Time(s): 0.3275
Loading Time(s): 4.3235
Forward Time(s): 0.1287
Backward Time(s): 1.4396
Update Time(s): 0.0076
Emb Update Time(s): 6.9332
#seeds: 6144
#inputs: 2040961
==========================================
Part 9, Epoch Time(s): 13.1928
Sampling Time(s): 0.3818
Loading Time(s): 3.0719
Forward Time(s): 0.1272
Backward Time(s): 2.6655
Update Time(s): 0.0064
Emb Update Time(s): 6.9175
#seeds: 6145
#inputs: 2033056
=====================

=====================
Part 15, Epoch Time(s): 13.1910
Sampling Time(s): 0.2929
Loading Time(s): 4.5430
Forward Time(s): 0.1246
Backward Time(s): 1.2508
Update Time(s): 0.0074
Emb Update Time(s): 6.9443
#seeds: 6144
#inputs: 2047538
=====================
=====================
Part 11, Epoch Time(s): 13.1924
Sampling Time(s): 0.4053
Loading Time(s): 4.2537
Forward Time(s): 0.1277
Backward Time(s): 1.4463
Update Time(s): 0.0085
Emb Update Time(s): 6.9172
#seeds: 6144
#inputs: 2039129
==========================================
Part 12, Epoch Time(s): 13.1923
Sampling Time(s): 0.2791
Loading Time(s): 4.0409
Forward Time(s): 0.1292
Backward Time(s): 1.7956
Update Time(s): 0.0092
Emb Update Time(s): 6.9079
#seeds: 6145
#inputs: 2045707
=====================

=====================
Part 4, Epoch Time(s): 13.1914
Sampling Time(s): 0.3519
Loading Time(s): 2.5851
Forward Time(s): 0.1260
Backward Time(s): 3.1537
Update Time(s): 0.0087
Emb Update Time(s): 6.9319
#seeds: 6145
#inputs: 1918331
=====================
=====================
Part 2, Epoch Time(s): 13.1922
Sampling Time(s): 0.2863
Loading Time(s): 2.8471
Forward Time(s): 0.1238
Backward Time(s): 2.9550
Update Time(s): 0.0076
Emb Update Time(s): 6.9488
#seeds: 6144
#inputs: 1935979
=====================

=====================
Part 0, Epoch Time(s): 13.1933
Sampling Time(s): 0.3274
Loading Time(s): 3.4287
Forward Time(s): 0.1241
Backward Time(s): 2.3392
Update Time(s): 0.0080
Emb Update Time(s): 6.9337
#seeds: 6144
#inputs: 1919746
=====================
=====================
Part 17, Epoch Time(s): 13.1936
Sampling Time(s): 0.3161
Loading Time(s): 3.6614
Forward Time(s): 0.1250
Backward Time(s): 2.1125
Update Time(s): 0.0077
Emb Update Time(s): 6.9481
#seeds: 6144
#inputs: 1943583
=====================
=====================
Part 18, Epoch Time(s): 13.1935
Sampling Time(s): 0.3541
Loading Time(s): 4.2767
Forward Time(s): 0.1250
Backward Time(s): 1.4836
Update Time(s): 0.0077
Emb Update Time(s): 6.9107
#seeds: 6144
#inputs: 1943476
=====================
=====================
Part 20, Epoch Time(s): 13.1931
Sampling Time(s): 0.3918
Loading Time(s): 4.5216
Forward Time(s): 0.1248
Backward Time(s): 1.1784
Update Time(s): 0.0079
Emb Update Time(s): 6.9395
#seeds: 6144
#inputs: 1937144
=====================
=====================
Part 16, Epoch Time(s): 13.1914
Sampling Time(s): 0.3353
Loading Time(s): 4.4509
Forward Time(s): 0.1235
Backward Time(s): 1.3076
Update Time(s): 0.0080
Emb Update Time(s): 6.9375
#seeds: 6144
#inputs: 1916957
=====================
=====================
Part 10, Epoch Time(s): 13.1930
Sampling Time(s): 0.2999
Loading Time(s): 4.7377
Forward Time(s): 0.1237
Backward Time(s): 1.0530
Update Time(s): 0.0070
Emb Update Time(s): 6.9383
#seeds: 6144
#inputs: 2022902
=====================
=====================
Part 8, Epoch Time(s): 13.1914
Sampling Time(s): 0.3636
Loading Time(s): 4.2623
Forward Time(s): 0.1277
Backward Time(s): 1.4630
Update Time(s): 0.0076
Emb Update Time(s): 6.9354
#seeds: 6144
#inputs: 2040500
=====================
=====================
Part 29, Epoch Time(s): 13.1952
Sampling Time(s): 0.3542
Loading Time(s): 4.4045
Forward Time(s): 0.1230
Backward Time(s): 1.3019
Update Time(s): 0.0078
Emb Update Time(s): 6.9775
#seeds: 6144
#inputs: 1968515
==========================================
Part 31, Epoch Time(s): 13.1932
Sampling Time(s): 0.3480
Loading Time(s): 3.9376
Forward Time(s): 0.1259
Backward Time(s): 1.8150
Update Time(s): 0.0073
Emb Update Time(s): 6.9372
#seeds: 6144
#inputs: 1969769
==========================================
Part 30, Epoch Time(s): 13.1949
Sampling Time(s): 0.3251
Loading Time(s): 3.8294
Forward Time(s): 0.1247
Backward Time(s): 1.9528
Update Time(s): 0.0087
Emb Update Time(s): 6.9219
#seeds: 6144
#inputs: 1986850
==========================================
Part 28, Epoch Time(s): 13.1938
Sampling Time(s): 0.3783
Loading Time(s): 4.4391
Forward Time(s): 0.1233
Backward Time(s): 1.2508
Update Time(s): 0.0073
Emb Update Time(s): 6.9744
#seeds: 6144
#inputs: 1959459
=====================



=====================
Part 27, Epoch Time(s): 13.1940
Sampling Time(s): 0.3803
Loading Time(s): 4.3493
Forward Time(s): 0.1236
Backward Time(s): 1.3298
Update Time(s): 0.0078
Emb Update Time(s): 6.9835
#seeds: 6144
#inputs: 1960061
=====================
=====================
Part 26, Epoch Time(s): 13.1945
Sampling Time(s): 0.3374
Loading Time(s): 4.0928
Forward Time(s): 0.1262
Backward Time(s): 1.6788
Update Time(s): 0.0079
Emb Update Time(s): 6.9151
#seeds: 6145
#inputs: 1970398
=====================
=====================
Part 24, Epoch Time(s): 13.1929
Sampling Time(s): 0.3066
Loading Time(s): 3.8749
Forward Time(s): 0.1252
Backward Time(s): 1.9001
Update Time(s): 0.0078
Emb Update Time(s): 6.9458
#seeds: 6144
#inputs: 1981440
=====================
=====================
Part 25, Epoch Time(s): 13.1943
Sampling Time(s): 0.3606
Loading Time(s): 3.6844
Forward Time(s): 0.1289
Backward Time(s): 2.0665
Update Time(s): 0.0089
Emb Update Time(s): 6.9112
#seeds: 6144
#inputs: 1965039
=====================
Part 26, Val Acc 0.9260, Test Acc 0.7658, time: 77.8573
Part 28, Val Acc 0.9081, Test Acc 0.7656, time: 79.1472
Part 31, Val Acc 0.9227, Test Acc 0.7639, time: 79.3258
Part 24, Val Acc 0.9104, Test Acc 0.7624, time: 80.7555
Part 25, Val Acc 0.8975, Test Acc 0.7644, time: 81.1519
Part 27, Val Acc 0.9170, Test Acc 0.7634, time: 83.9492
Part 30, Val Acc 0.9227, Test Acc 0.7657, time: 84.4091
Part 29, Val Acc 0.9226, Test Acc 0.7645, time: 85.5280
Part 16, Val Acc 0.8844, Test Acc 0.7627, time: 102.1679
Part 23, Val Acc 0.8967, Test Acc 0.7652, time: 102.8213
Part 22, Val Acc 0.8788, Test Acc 0.7617, time: 103.3794
Part 19, Val Acc 0.8779, Test Acc 0.7619, time: 103.3852
Part 3, Val Acc 0.9357, Test Acc 0.8180, time: 104.5579
Part 7, Val Acc 0.9430, Test Acc 0.8180, time: 105.6617
Part 17, Val Acc 0.8975, Test Acc 0.7644, time: 106.4030
Part 1, Val Acc 0.9365, Test Acc 0.8183, time: 106.5889
Part 15, Val Acc 0.8763, Test Acc 0.7314, time: 106.7852
Part 6, Val Acc 0.9430, Test Acc 0.8209, time: 107.0028
Part 12, Val Acc 0.8698, Test Acc 0.7310, time: 107.7850
Part 13, Val Acc 0.8853, Test Acc 0.7295, time: 107.8593
Part 2, Val Acc 0.9349, Test Acc 0.8185, time: 107.9355
Part 10, Val Acc 0.8925, Test Acc 0.7295, time: 108.0721
Part 20, Val Acc 0.8918, Test Acc 0.7635, time: 108.1813
Part 18, Val Acc 0.9040, Test Acc 0.7609, time: 108.1814
Part 21, Val Acc 0.8788, Test Acc 0.7650, time: 108.4004
Part 14, Val Acc 0.8942, Test Acc 0.7288, time: 108.4068
Part 4, Val Acc 0.9398, Test Acc 0.8187, time: 108.7467
Part 0, Val Acc 0.9300, Test Acc 0.8179, time: 108.9656
Part 5, Val Acc 0.9504, Test Acc 0.8193, time: 108.9683
Part 8, Val Acc 0.8959, Test Acc 0.7303, time: 108.9711
Part 11, Val Acc 0.8885, Test Acc 0.7316, time: 109.2736
Part 9, Val Acc 0.9138, Test Acc 0.7303, time: 109.3818
All parts avg val acc 0.9083, test acc 0.7692
Rank 0, Avg Epoch Time(s): 13.3611
Rank 31, Avg Epoch Time(s): 13.3610
Rank 30, Avg Epoch Time(s): 13.3627
Rank 29, Avg Epoch Time(s): 13.3630
Rank 27, Avg Epoch Time(s): 13.3621Rank 28, Avg Epoch Time(s): 13.3617

Rank 26, Avg Epoch Time(s): 13.3623
Rank 25, Avg Epoch Time(s): 13.3624
Rank 24, Avg Epoch Time(s): 13.3607
Rank 23, Avg Epoch Time(s): 13.3606
Rank 20, Avg Epoch Time(s): 13.3608
Rank 21, Avg Epoch Time(s): 13.3617
Rank 22, Avg Epoch Time(s): 13.3616
Rank 19, Avg Epoch Time(s): 13.3610
Rank 17, Avg Epoch Time(s): 13.3615
Rank 18, Avg Epoch Time(s): 13.3611
Rank 16, Avg Epoch Time(s): 13.3590
Rank 9, Avg Epoch Time(s): 13.3619
Rank 14, Avg Epoch Time(s): 13.3611
Rank 15, Avg Epoch Time(s): 13.3589
Rank 13, Avg Epoch Time(s): 13.3612
Rank 12, Avg Epoch Time(s): 13.3602
Rank 11, Avg Epoch Time(s): 13.3606
Rank 10, Avg Epoch Time(s): 13.3607
Rank 8, Avg Epoch Time(s): 13.3594
Rank 7, Avg Epoch Time(s): 13.3591
Rank 4, Avg Epoch Time(s): 13.3593
Rank 5, Avg Epoch Time(s): 13.3605
Rank 6, Avg Epoch Time(s): 13.3601
Rank 2, Avg Epoch Time(s): 13.3598
Rank 3, Avg Epoch Time(s): 13.3595
Rank 1, Avg Epoch Time(s): 13.3600
All parts avg epoch time 13.3608 sec, throughput 14715.7740 seeds/sec
parent ends
parent ends
parent ends
parent ends
parent ends
parent ends
parent ends
parent ends
parent ends
parent ends
parent ends
parent ends
parent ends
parent ends
parent ends
parent ends
parent ends
parent ends
parent ends
parent ends
parent ends
parent ends
parent ends
parent ends
parent ends
parent ends
parent ends
parent ends
parent ends
Client[26] in group[0] is exiting...
Client[17] in group[0] is exiting...
Client[16] in group[0] is exiting...
Client[38] in group[0] is exiting...
Client[20] in group[0] is exiting...
Client[29] in group[0] is exiting...
Client[49] in group[0] is exiting...
Client[5] in group[0] is exiting...
Client[3] in group[0] is exiting...
Client[12] in group[0] is exiting...
Client[40] in group[0] is exiting...Client[34] in group[0] is exiting...

Client[47] in group[0] is exiting...
Client[39] in group[0] is exiting...
Client[53] in group[0] is exiting...
Client[61] in group[0] is exiting...
Client[2] in group[0] is exiting...
Client[9] in group[0] is exiting...
Client[44] in group[0] is exiting...
Client[13] in group[0] is exiting...
Client[57] in group[0] is exiting...
Client[50] in group[0] is exiting...
Client[52] in group[0] is exiting...
Client[59] in group[0] is exiting...
Client[7] in group[0] is exiting...
Client[45] in group[0] is exiting...
Client[30] in group[0] is exiting...
Client[28] in group[0] is exiting...
Client[27] in group[0] is exiting...
parent ends
parent ends
Client[14] in group[0] is exiting...
Client[35] in group[0] is exiting...
parent ends
Client[63] in group[0] is exiting...
Namespace(graph_name='ogbn-products', id=None, ip_config='ip_config4.txt', part_config=None, n_classes=None, num_gpus=8, num_epochs=20, num_hidden=256, fan_out='5,10,15', batch_size=1000, batch_size_eval=1000, log_every=20, eval_every=1, lr=0.003, dropout=0.5, model_num_hidden=256, local_rank=None, standalone=False, sparse_lr=0.01, dgl_sparse=True, optim='adagrad', model='gcn')
load ogbn-products
Start to create specified graph formats which may take non-trivial time.
Finished creating specified graph formats.
start graph service on server 2 for part 2
Server is waiting for connections on [172.31.20.203:30050]...
Server (2) shutdown.
Server is exiting...
Namespace(graph_name='ogbn-products', id=None, ip_config='ip_config4.txt', part_config=None, n_classes=None, num_gpus=8, num_epochs=20, num_hidden=256, fan_out='5,10,15', batch_size=1000, batch_size_eval=1000, log_every=20, eval_every=1, lr=0.003, dropout=0.5, model_num_hidden=256, local_rank=None, standalone=False, sparse_lr=0.01, dgl_sparse=True, optim='adagrad', model='gcn')
load ogbn-products
Start to create specified graph formats which may take non-trivial time.
Finished creating specified graph formats.
start graph service on server 1 for part 1
Server is waiting for connections on [172.31.25.229:30050]...
Server (1) shutdown.
Server is exiting...
Namespace(graph_name='ogbn-products', id=None, ip_config='ip_config4.txt', part_config=None, n_classes=None, num_gpus=8, num_epochs=20, num_hidden=256, fan_out='5,10,15', batch_size=1000, batch_size_eval=1000, log_every=20, eval_every=1, lr=0.003, dropout=0.5, model_num_hidden=256, local_rank=None, standalone=False, sparse_lr=0.01, dgl_sparse=True, optim='adagrad', model='gcn')
load ogbn-products
Start to create specified graph formats which may take non-trivial time.
Finished creating specified graph formats.
start graph service on server 3 for part 3
Server is waiting for connections on [172.31.16.179:30050]...
Server (3) shutdown.
Server is exiting...
Namespace(graph_name='ogbn-products', id=None, ip_config='ip_config4.txt', part_config=None, n_classes=None, num_gpus=8, num_epochs=20, num_hidden=256, fan_out='5,10,15', batch_size=1000, batch_size_eval=1000, log_every=20, eval_every=1, lr=0.003, dropout=0.5, model_num_hidden=256, local_rank=None, standalone=False, sparse_lr=0.01, dgl_sparse=True, optim='adagrad', model='gcn')
load ogbn-products
Start to create specified graph formats which may take non-trivial time.
Finished creating specified graph formats.
start graph service on server 0 for part 0
Server is waiting for connections on [172.31.20.34:30050]...
Server (0) shutdown.
Server is exiting...
Client [17915] waits on 172.31.16.179:44111
Machine (3) group (0) client (10) connect to server successfuly!
Client[10] in group[0] is exiting...
Client [17914] waits on 172.31.16.179:39269
Machine (3) group (0) client (4) connect to server successfuly!
Client[4] in group[0] is exiting...
Client [17970] waits on 172.31.25.229:36259
Machine (1) group (0) client (48) connect to server successfuly!
Client[48] in group[0] is exiting...
Client [17569] waits on 172.31.20.203:40741
Machine (2) group (0) client (19) connect to server successfuly!
Client[19] in group[0] is exiting...
Client [17971] waits on 172.31.25.229:40165
Machine (1) group (0) client (51) connect to server successfuly!
Client[51] in group[0] is exiting...
Client [17959] waits on 172.31.25.229:56645
Machine (1) group (0) client (60) connect to server successfuly!
Client[60] in group[0] is exiting...
Client [17952] waits on 172.31.25.229:46679
Machine (1) group (0) client (54) connect to server successfuly!
Client[54] in group[0] is exiting...
Client [17562] waits on 172.31.20.203:47507
Machine (2) group (0) client (23) connect to server successfuly!
Client[23] in group[0] is exiting...
Client [17602] waits on 172.31.20.203:47351
Machine (2) group (0) client (22) connect to server successfuly!
Client[22] in group[0] is exiting...
Client [17553] waits on 172.31.20.203:51485
Machine (2) group (0) client (25) connect to server successfuly!
Client[25] in group[0] is exiting...
Client [17912] waits on 172.31.16.179:43763
Machine (3) group (0) client (8) connect to server successfuly!
Client[8] in group[0] is exiting...
Client [17908] waits on 172.31.16.179:42401
Machine (3) group (0) client (6) connect to server successfuly!
Client[6] in group[0] is exiting...
Client [17913] waits on 172.31.16.179:34525
Machine (3) group (0) client (0) connect to server successfuly!
Client[0] in group[0] is exiting...
Client [59626] waits on 172.31.20.34:48985
Machine (0) group (0) client (43) connect to server successfuly!
Client[43] in group[0] is exiting...
Client [59627] waits on 172.31.20.34:57967
Machine (0) group (0) client (46) connect to server successfuly!
Client[46] in group[0] is exiting...
Client [59625] waits on 172.31.20.34:35339
Machine (0) group (0) client (33) connect to server successfuly!
Client[33] in group[0] is exiting...
Client [17916] waits on 172.31.16.179:46179
Machine (3) group (0) client (11) connect to server successfuly!
Client[11] in group[0] is exiting...
Client [17892] waits on 172.31.16.179:37299
Machine (3) group (0) client (1) connect to server successfuly!
Client[1] in group[0] is exiting...
Client [17972] waits on 172.31.25.229:51045
Machine (1) group (0) client (56) connect to server successfuly!
Client[56] in group[0] is exiting...
Client [17943] waits on 172.31.25.229:53323
Machine (1) group (0) client (58) connect to server successfuly!
Client[58] in group[0] is exiting...
Client [17969] waits on 172.31.25.229:57535
Machine (1) group (0) client (62) connect to server successfuly!
Client[62] in group[0] is exiting...
Client [59615] waits on 172.31.20.34:39393
Machine (0) group (0) client (37) connect to server successfuly!
Client[37] in group[0] is exiting...
Client [59600] waits on 172.31.20.34:33931
Machine (0) group (0) client (32) connect to server successfuly!
Client[32] in group[0] is exiting...
Client [59613] waits on 172.31.20.34:47191
Machine (0) group (0) client (42) connect to server successfuly!
Client[42] in group[0] is exiting...
Client [59628] waits on 172.31.20.34:38923
Machine (0) group (0) client (36) connect to server successfuly!
Client[36] in group[0] is exiting...
Client [17585] waits on 172.31.20.203:47327
Machine (2) group (0) client (21) connect to server successfuly!
Client[21] in group[0] is exiting...
Client [17584] waits on 172.31.20.203:49891
Machine (2) group (0) client (24) connect to server successfuly!
Client[24] in group[0] is exiting...
Client [17560] waits on 172.31.20.203:39645
Machine (2) group (0) client (18) connect to server successfuly!
Client[18] in group[0] is exiting...
Client [17951] waits on 172.31.25.229:50955
Machine (1) group (0) client (55) connect to server successfuly!
Client[55] in group[0] is exiting...
Client [17583] waits on 172.31.20.203:59779
Machine (2) group (0) client (31) connect to server successfuly!
Client[31] in group[0] is exiting...
Client [59601] waits on 172.31.20.34:42369
Machine (0) group (0) client (41) connect to server successfuly!
Client[41] in group[0] is exiting...
Client [17899] waits on 172.31.16.179:56955
Machine (3) group (0) client (15) connect to server successfuly!
Client[15] in group[0] is exiting...
cleanup process runs
