The number of OMP threads per trainer is set to 6
Namespace(cache_server_addr='127.0.0.1', cache_server_port=32451, graph_name='ogbn-products', id=None, ip_config='ip_config4.txt', part_config=None, n_classes=None, num_gpus=8, num_epochs=20, num_hidden=256, model_num_hidden=256, fan_out='10,25', batch_size=1000, batch_size_eval=100000, log_every=20, eval_every=1, lr=0.003, dropout=0.5, local_rank=None, standalone=False, sparse_lr=0.01, presampling=True, hot_threshold=None, hot_low_threshold=0.0, emb_cache_rate=0.4, optim='adam', model='sage', infer_method='layerwise', state_cache=False)
Namespace(cache_server_addr='127.0.0.1', cache_server_port=32451, graph_name='ogbn-products', id=None, ip_config='ip_config4.txt', part_config=None, n_classes=None, num_gpus=8, num_epochs=20, num_hidden=256, model_num_hidden=256, fan_out='10,25', batch_size=1000, batch_size_eval=100000, log_every=20, eval_every=1, lr=0.003, dropout=0.5, local_rank=None, standalone=False, sparse_lr=0.01, presampling=True, hot_threshold=None, hot_low_threshold=0.0, emb_cache_rate=0.4, optim='adam', model='sage', infer_method='layerwise', state_cache=False)
Namespace(cache_server_addr='127.0.0.1', cache_server_port=32451, graph_name='ogbn-products', id=None, ip_config='ip_config4.txt', part_config=None, n_classes=None, num_gpus=8, num_epochs=20, num_hidden=256, model_num_hidden=256, fan_out='10,25', batch_size=1000, batch_size_eval=100000, log_every=20, eval_every=1, lr=0.003, dropout=0.5, local_rank=None, standalone=False, sparse_lr=0.01, presampling=True, hot_threshold=None, hot_low_threshold=0.0, emb_cache_rate=0.4, optim='adam', model='sage', infer_method='layerwise', state_cache=False)
Namespace(cache_server_addr='127.0.0.1', cache_server_port=32451, graph_name='ogbn-products', id=None, ip_config='ip_config4.txt', part_config=None, n_classes=None, num_gpus=8, num_epochs=20, num_hidden=256, model_num_hidden=256, fan_out='10,25', batch_size=1000, batch_size_eval=100000, log_every=20, eval_every=1, lr=0.003, dropout=0.5, local_rank=None, standalone=False, sparse_lr=0.01, presampling=True, hot_threshold=None, hot_low_threshold=0.0, emb_cache_rate=0.4, optim='adam', model='sage', infer_method='layerwise', state_cache=False)
Namespace(cache_server_addr='127.0.0.1', cache_server_port=32451, graph_name='ogbn-products', id=None, ip_config='ip_config4.txt', part_config=None, n_classes=None, num_gpus=8, num_epochs=20, num_hidden=256, model_num_hidden=256, fan_out='10,25', batch_size=1000, batch_size_eval=100000, log_every=20, eval_every=1, lr=0.003, dropout=0.5, local_rank=None, standalone=False, sparse_lr=0.01, presampling=True, hot_threshold=None, hot_low_threshold=0.0, emb_cache_rate=0.4, optim='adam', model='sage', infer_method='layerwise', state_cache=False)
Namespace(cache_server_addr='127.0.0.1', cache_server_port=32451, graph_name='ogbn-products', id=None, ip_config='ip_config4.txt', part_config=None, n_classes=None, num_gpus=8, num_epochs=20, num_hidden=256, model_num_hidden=256, fan_out='10,25', batch_size=1000, batch_size_eval=100000, log_every=20, eval_every=1, lr=0.003, dropout=0.5, local_rank=None, standalone=False, sparse_lr=0.01, presampling=True, hot_threshold=None, hot_low_threshold=0.0, emb_cache_rate=0.4, optim='adam', model='sage', infer_method='layerwise', state_cache=False)
Namespace(cache_server_addr='127.0.0.1', cache_server_port=32451, graph_name='ogbn-products', id=None, ip_config='ip_config4.txt', part_config=None, n_classes=None, num_gpus=8, num_epochs=20, num_hidden=256, model_num_hidden=256, fan_out='10,25', batch_size=1000, batch_size_eval=100000, log_every=20, eval_every=1, lr=0.003, dropout=0.5, local_rank=None, standalone=False, sparse_lr=0.01, presampling=True, hot_threshold=None, hot_low_threshold=0.0, emb_cache_rate=0.4, optim='adam', model='sage', infer_method='layerwise', state_cache=False)
Namespace(cache_server_addr='127.0.0.1', cache_server_port=32451, graph_name='ogbn-products', id=None, ip_config='ip_config4.txt', part_config=None, n_classes=None, num_gpus=8, num_epochs=20, num_hidden=256, model_num_hidden=256, fan_out='10,25', batch_size=1000, batch_size_eval=100000, log_every=20, eval_every=1, lr=0.003, dropout=0.5, local_rank=None, standalone=False, sparse_lr=0.01, presampling=True, hot_threshold=None, hot_low_threshold=0.0, emb_cache_rate=0.4, optim='adam', model='sage', infer_method='layerwise', state_cache=False)
Namespace(cache_server_addr='127.0.0.1', cache_server_port=32451, graph_name='ogbn-products', id=None, ip_config='ip_config4.txt', part_config=None, n_classes=None, num_gpus=8, num_epochs=20, num_hidden=256, model_num_hidden=256, fan_out='10,25', batch_size=1000, batch_size_eval=100000, log_every=20, eval_every=1, lr=0.003, dropout=0.5, local_rank=None, standalone=False, sparse_lr=0.01, presampling=True, hot_threshold=None, hot_low_threshold=0.0, emb_cache_rate=0.4, optim='adam', model='sage', infer_method='layerwise', state_cache=False)
Namespace(cache_server_addr='127.0.0.1', cache_server_port=32451, graph_name='ogbn-products', id=None, ip_config='ip_config4.txt', part_config=None, n_classes=None, num_gpus=8, num_epochs=20, num_hidden=256, model_num_hidden=256, fan_out='10,25', batch_size=1000, batch_size_eval=100000, log_every=20, eval_every=1, lr=0.003, dropout=0.5, local_rank=None, standalone=False, sparse_lr=0.01, presampling=True, hot_threshold=None, hot_low_threshold=0.0, emb_cache_rate=0.4, optim='adam', model='sage', infer_method='layerwise', state_cache=False)
Namespace(cache_server_addr='127.0.0.1', cache_server_port=32451, graph_name='ogbn-products', id=None, ip_config='ip_config4.txt', part_config=None, n_classes=None, num_gpus=8, num_epochs=20, num_hidden=256, model_num_hidden=256, fan_out='10,25', batch_size=1000, batch_size_eval=100000, log_every=20, eval_every=1, lr=0.003, dropout=0.5, local_rank=None, standalone=False, sparse_lr=0.01, presampling=True, hot_threshold=None, hot_low_threshold=0.0, emb_cache_rate=0.4, optim='adam', model='sage', infer_method='layerwise', state_cache=False)
Namespace(cache_server_addr='127.0.0.1', cache_server_port=32451, graph_name='ogbn-products', id=None, ip_config='ip_config4.txt', part_config=None, n_classes=None, num_gpus=8, num_epochs=20, num_hidden=256, model_num_hidden=256, fan_out='10,25', batch_size=1000, batch_size_eval=100000, log_every=20, eval_every=1, lr=0.003, dropout=0.5, local_rank=None, standalone=False, sparse_lr=0.01, presampling=True, hot_threshold=None, hot_low_threshold=0.0, emb_cache_rate=0.4, optim='adam', model='sage', infer_method='layerwise', state_cache=False)
Namespace(cache_server_addr='127.0.0.1', cache_server_port=32451, graph_name='ogbn-products', id=None, ip_config='ip_config4.txt', part_config=None, n_classes=None, num_gpus=8, num_epochs=20, num_hidden=256, model_num_hidden=256, fan_out='10,25', batch_size=1000, batch_size_eval=100000, log_every=20, eval_every=1, lr=0.003, dropout=0.5, local_rank=None, standalone=False, sparse_lr=0.01, presampling=True, hot_threshold=None, hot_low_threshold=0.0, emb_cache_rate=0.4, optim='adam', model='sage', infer_method='layerwise', state_cache=False)
Namespace(cache_server_addr='127.0.0.1', cache_server_port=32451, graph_name='ogbn-products', id=None, ip_config='ip_config4.txt', part_config=None, n_classes=None, num_gpus=8, num_epochs=20, num_hidden=256, model_num_hidden=256, fan_out='10,25', batch_size=1000, batch_size_eval=100000, log_every=20, eval_every=1, lr=0.003, dropout=0.5, local_rank=None, standalone=False, sparse_lr=0.01, presampling=True, hot_threshold=None, hot_low_threshold=0.0, emb_cache_rate=0.4, optim='adam', model='sage', infer_method='layerwise', state_cache=False)
Namespace(cache_server_addr='127.0.0.1', cache_server_port=32451, graph_name='ogbn-products', id=None, ip_config='ip_config4.txt', part_config=None, n_classes=None, num_gpus=8, num_epochs=20, num_hidden=256, model_num_hidden=256, fan_out='10,25', batch_size=1000, batch_size_eval=100000, log_every=20, eval_every=1, lr=0.003, dropout=0.5, local_rank=None, standalone=False, sparse_lr=0.01, presampling=True, hot_threshold=None, hot_low_threshold=0.0, emb_cache_rate=0.4, optim='adam', model='sage', infer_method='layerwise', state_cache=False)
Namespace(cache_server_addr='127.0.0.1', cache_server_port=32451, graph_name='ogbn-products', id=None, ip_config='ip_config4.txt', part_config=None, n_classes=None, num_gpus=8, num_epochs=20, num_hidden=256, model_num_hidden=256, fan_out='10,25', batch_size=1000, batch_size_eval=100000, log_every=20, eval_every=1, lr=0.003, dropout=0.5, local_rank=None, standalone=False, sparse_lr=0.01, presampling=True, hot_threshold=None, hot_low_threshold=0.0, emb_cache_rate=0.4, optim='adam', model='sage', infer_method='layerwise', state_cache=False)
Namespace(cache_server_addr='127.0.0.1', cache_server_port=32451, graph_name='ogbn-products', id=None, ip_config='ip_config4.txt', part_config=None, n_classes=None, num_gpus=8, num_epochs=20, num_hidden=256, model_num_hidden=256, fan_out='10,25', batch_size=1000, batch_size_eval=100000, log_every=20, eval_every=1, lr=0.003, dropout=0.5, local_rank=None, standalone=False, sparse_lr=0.01, presampling=True, hot_threshold=None, hot_low_threshold=0.0, emb_cache_rate=0.4, optim='adam', model='sage', infer_method='layerwise', state_cache=False)
Namespace(cache_server_addr='127.0.0.1', cache_server_port=32451, graph_name='ogbn-products', id=None, ip_config='ip_config4.txt', part_config=None, n_classes=None, num_gpus=8, num_epochs=20, num_hidden=256, model_num_hidden=256, fan_out='10,25', batch_size=1000, batch_size_eval=100000, log_every=20, eval_every=1, lr=0.003, dropout=0.5, local_rank=None, standalone=False, sparse_lr=0.01, presampling=True, hot_threshold=None, hot_low_threshold=0.0, emb_cache_rate=0.4, optim='adam', model='sage', infer_method='layerwise', state_cache=False)
Namespace(cache_server_addr='127.0.0.1', cache_server_port=32451, graph_name='ogbn-products', id=None, ip_config='ip_config4.txt', part_config=None, n_classes=None, num_gpus=8, num_epochs=20, num_hidden=256, model_num_hidden=256, fan_out='10,25', batch_size=1000, batch_size_eval=100000, log_every=20, eval_every=1, lr=0.003, dropout=0.5, local_rank=None, standalone=False, sparse_lr=0.01, presampling=True, hot_threshold=None, hot_low_threshold=0.0, emb_cache_rate=0.4, optim='adam', model='sage', infer_method='layerwise', state_cache=False)
Namespace(cache_server_addr='127.0.0.1', cache_server_port=32451, graph_name='ogbn-products', id=None, ip_config='ip_config4.txt', part_config=None, n_classes=None, num_gpus=8, num_epochs=20, num_hidden=256, model_num_hidden=256, fan_out='10,25', batch_size=1000, batch_size_eval=100000, log_every=20, eval_every=1, lr=0.003, dropout=0.5, local_rank=None, standalone=False, sparse_lr=0.01, presampling=True, hot_threshold=None, hot_low_threshold=0.0, emb_cache_rate=0.4, optim='adam', model='sage', infer_method='layerwise', state_cache=False)
Namespace(cache_server_addr='127.0.0.1', cache_server_port=32451, graph_name='ogbn-products', id=None, ip_config='ip_config4.txt', part_config=None, n_classes=None, num_gpus=8, num_epochs=20, num_hidden=256, model_num_hidden=256, fan_out='10,25', batch_size=1000, batch_size_eval=100000, log_every=20, eval_every=1, lr=0.003, dropout=0.5, local_rank=None, standalone=False, sparse_lr=0.01, presampling=True, hot_threshold=None, hot_low_threshold=0.0, emb_cache_rate=0.4, optim='adam', model='sage', infer_method='layerwise', state_cache=False)
Namespace(cache_server_addr='127.0.0.1', cache_server_port=32451, graph_name='ogbn-products', id=None, ip_config='ip_config4.txt', part_config=None, n_classes=None, num_gpus=8, num_epochs=20, num_hidden=256, model_num_hidden=256, fan_out='10,25', batch_size=1000, batch_size_eval=100000, log_every=20, eval_every=1, lr=0.003, dropout=0.5, local_rank=None, standalone=False, sparse_lr=0.01, presampling=True, hot_threshold=None, hot_low_threshold=0.0, emb_cache_rate=0.4, optim='adam', model='sage', infer_method='layerwise', state_cache=False)
Namespace(cache_server_addr='127.0.0.1', cache_server_port=32451, graph_name='ogbn-products', id=None, ip_config='ip_config4.txt', part_config=None, n_classes=None, num_gpus=8, num_epochs=20, num_hidden=256, model_num_hidden=256, fan_out='10,25', batch_size=1000, batch_size_eval=100000, log_every=20, eval_every=1, lr=0.003, dropout=0.5, local_rank=None, standalone=False, sparse_lr=0.01, presampling=True, hot_threshold=None, hot_low_threshold=0.0, emb_cache_rate=0.4, optim='adam', model='sage', infer_method='layerwise', state_cache=False)
Namespace(cache_server_addr='127.0.0.1', cache_server_port=32451, graph_name='ogbn-products', id=None, ip_config='ip_config4.txt', part_config=None, n_classes=None, num_gpus=8, num_epochs=20, num_hidden=256, model_num_hidden=256, fan_out='10,25', batch_size=1000, batch_size_eval=100000, log_every=20, eval_every=1, lr=0.003, dropout=0.5, local_rank=None, standalone=False, sparse_lr=0.01, presampling=True, hot_threshold=None, hot_low_threshold=0.0, emb_cache_rate=0.4, optim='adam', model='sage', infer_method='layerwise', state_cache=False)
Namespace(cache_server_addr='127.0.0.1', cache_server_port=32451, graph_name='ogbn-products', id=None, ip_config='ip_config4.txt', part_config=None, n_classes=None, num_gpus=8, num_epochs=20, num_hidden=256, model_num_hidden=256, fan_out='10,25', batch_size=1000, batch_size_eval=100000, log_every=20, eval_every=1, lr=0.003, dropout=0.5, local_rank=None, standalone=False, sparse_lr=0.01, presampling=True, hot_threshold=None, hot_low_threshold=0.0, emb_cache_rate=0.4, optim='adam', model='sage', infer_method='layerwise', state_cache=False)
Namespace(cache_server_addr='127.0.0.1', cache_server_port=32451, graph_name='ogbn-products', id=None, ip_config='ip_config4.txt', part_config=None, n_classes=None, num_gpus=8, num_epochs=20, num_hidden=256, model_num_hidden=256, fan_out='10,25', batch_size=1000, batch_size_eval=100000, log_every=20, eval_every=1, lr=0.003, dropout=0.5, local_rank=None, standalone=False, sparse_lr=0.01, presampling=True, hot_threshold=None, hot_low_threshold=0.0, emb_cache_rate=0.4, optim='adam', model='sage', infer_method='layerwise', state_cache=False)
Namespace(cache_server_addr='127.0.0.1', cache_server_port=32451, graph_name='ogbn-products', id=None, ip_config='ip_config4.txt', part_config=None, n_classes=None, num_gpus=8, num_epochs=20, num_hidden=256, model_num_hidden=256, fan_out='10,25', batch_size=1000, batch_size_eval=100000, log_every=20, eval_every=1, lr=0.003, dropout=0.5, local_rank=None, standalone=False, sparse_lr=0.01, presampling=True, hot_threshold=None, hot_low_threshold=0.0, emb_cache_rate=0.4, optim='adam', model='sage', infer_method='layerwise', state_cache=False)
Namespace(cache_server_addr='127.0.0.1', cache_server_port=32451, graph_name='ogbn-products', id=None, ip_config='ip_config4.txt', part_config=None, n_classes=None, num_gpus=8, num_epochs=20, num_hidden=256, model_num_hidden=256, fan_out='10,25', batch_size=1000, batch_size_eval=100000, log_every=20, eval_every=1, lr=0.003, dropout=0.5, local_rank=None, standalone=False, sparse_lr=0.01, presampling=True, hot_threshold=None, hot_low_threshold=0.0, emb_cache_rate=0.4, optim='adam', model='sage', infer_method='layerwise', state_cache=False)
Namespace(cache_server_addr='127.0.0.1', cache_server_port=32451, graph_name='ogbn-products', id=None, ip_config='ip_config4.txt', part_config=None, n_classes=None, num_gpus=8, num_epochs=20, num_hidden=256, model_num_hidden=256, fan_out='10,25', batch_size=1000, batch_size_eval=100000, log_every=20, eval_every=1, lr=0.003, dropout=0.5, local_rank=None, standalone=False, sparse_lr=0.01, presampling=True, hot_threshold=None, hot_low_threshold=0.0, emb_cache_rate=0.4, optim='adam', model='sage', infer_method='layerwise', state_cache=False)
Namespace(cache_server_addr='127.0.0.1', cache_server_port=32451, graph_name='ogbn-products', id=None, ip_config='ip_config4.txt', part_config=None, n_classes=None, num_gpus=8, num_epochs=20, num_hidden=256, model_num_hidden=256, fan_out='10,25', batch_size=1000, batch_size_eval=100000, log_every=20, eval_every=1, lr=0.003, dropout=0.5, local_rank=None, standalone=False, sparse_lr=0.01, presampling=True, hot_threshold=None, hot_low_threshold=0.0, emb_cache_rate=0.4, optim='adam', model='sage', infer_method='layerwise', state_cache=False)
Namespace(cache_server_addr='127.0.0.1', cache_server_port=32451, graph_name='ogbn-products', id=None, ip_config='ip_config4.txt', part_config=None, n_classes=None, num_gpus=8, num_epochs=20, num_hidden=256, model_num_hidden=256, fan_out='10,25', batch_size=1000, batch_size_eval=100000, log_every=20, eval_every=1, lr=0.003, dropout=0.5, local_rank=None, standalone=False, sparse_lr=0.01, presampling=True, hot_threshold=None, hot_low_threshold=0.0, emb_cache_rate=0.4, optim='adam', model='sage', infer_method='layerwise', state_cache=False)
Namespace(cache_server_addr='127.0.0.1', cache_server_port=32451, graph_name='ogbn-products', id=None, ip_config='ip_config4.txt', part_config=None, n_classes=None, num_gpus=8, num_epochs=20, num_hidden=256, model_num_hidden=256, fan_out='10,25', batch_size=1000, batch_size_eval=100000, log_every=20, eval_every=1, lr=0.003, dropout=0.5, local_rank=None, standalone=False, sparse_lr=0.01, presampling=True, hot_threshold=None, hot_low_threshold=0.0, emb_cache_rate=0.4, optim='adam', model='sage', infer_method='layerwise', state_cache=False)
Client [31602] waits on 172.31.25.229:56893
Client [31604] waits on 172.31.25.229:58139
Client [33829] waits on 172.31.20.203:45619
Client [33856] waits on 172.31.20.203:44791
Machine (2) group (0) client (23) connect to server successfuly!
Machine (2) group (0) client (22) connect to server successfuly!
Client [33831] waits on 172.31.20.203:43839
Client [33830] waits on 172.31.20.203:34483
Client [33839] waits on 172.31.20.203:33375
Machine (1) group (0) client (61) connect to server successfuly!
Client [34449] waits on 172.31.16.179:34093
Client [34460] waits on 172.31.16.179:35337
Machine (1) group (0) client (62) connect to server successfuly!
Client [34443] waits on 172.31.16.179:32989
Client [34436] waits on 172.31.16.179:44875
Client [33833] waits on 172.31.20.203:60745
Client [34434] waits on 172.31.16.179:49843
Client [34437] waits on 172.31.16.179:48707
Client [34433] waits on 172.31.16.179:37373
Client [34435] waits on 172.31.16.179:59735
Client [31600] waits on 172.31.25.229:33481
Client [237083] waits on 172.31.20.34:44217
Client [237086] waits on 172.31.20.34:34439
Client [237087] waits on 172.31.20.34:60175
Client [31610] waits on 172.31.25.229:34247
Client [237080] waits on 172.31.20.34:42595
Client [237093] waits on 172.31.20.34:44413
Client [237116] waits on 172.31.20.34:46711Client [237104] waits on 172.31.20.34:50209
Client [33832] waits on 172.31.20.203:59851

Client [237079] waits on 172.31.20.34:50695
Client [33850] waits on 172.31.20.203:58921
Client [31621] waits on 172.31.25.229:34245
Machine (2) group (0) client (17) connect to server successfuly!
Machine (2) group (0) client (21) connect to server successfuly!
Machine (2) group (0) client (31) connect to server successfuly!
Machine (3) group (0) client (0) connect to server successfuly!
Machine (3) group (0) client (3) connect to server successfuly!
Machine (3) group (0) client (9) connect to server successfuly!
Machine (1) group (0) client (48) connect to server successfuly!
Machine (1) group (0) client (50) connect to server successfuly!
Client [31603] waits on 172.31.25.229:46349
Client [31627] waits on 172.31.25.229:44691
Machine (1) group (0) client (55) connect to server successfuly!
Machine (1) group (0) client (53) connect to server successfuly!
Machine (2) group (0) client (16) connect to server successfuly!
Machine (2) group (0) client (29) connect to server successfuly!
Machine (3) group (0) client (11) connect to server successfuly!Machine (3) group (0) client (2) connect to server successfuly!

Machine (3) group (0) client (8) connect to server successfuly!
Client [31601] waits on 172.31.25.229:45271
Machine (0) group (0) client (47) connect to server successfuly!
Machine (0) group (0) client (40) connect to server successfuly!
Machine (0) group (0) client (37) connect to server successfuly!
Machine (1) group (0) client (54) connect to server successfuly!
Machine (0) group (0) client (32) connect to server successfuly!
Machine (0) group (0) client (43) connect to server successfuly!
Machine (0) group (0) client (38) connect to server successfuly!
Machine (2) group (0) client (30) connect to server successfuly!
Machine (3) group (0) client (14) connect to server successfuly!
Machine (0) group (0) client (36) connect to server successfuly!
Machine (3) group (0) client (5) connect to server successfuly!
Machine (0) group (0) client (42) connect to server successfuly!
Machine (1) group (0) client (49) connect to server successfuly!
rank: 0
rank: 2
rank: 3
rank: 27
rank: 12
rank: 14
rank: 23
rank: 15
rank: 4
rank: 11
rank: 1
rank: 5
rank: 8
rank: 31
rank: 7
rank: 26
rank:rank: 17
 24
rank: 19
rank: 18
rank:rank: 13
 10
rank:rank: 16
 6
rank: 28
rank: 9
rank: 30
rank: rank: 21
25
rank: 22
rank: 20
rank: 29
part 3, train: 6145 (local: 6145), val: 1229 (local: 1229), test: 69160 (local: 69160)
part 7, train: 6144 (local: 6144), val: 1229 (local: 1229), test: 69159 (local: 69159)
part 0, train: 6144 (local: 6144), val: 1229 (local: 1229), test: 69159 (local: 69159)
part 1, train: 6145 (local: 6145), val: 1229 (local: 1229), test: 69159 (local: 69159)
part 6, train: 6144 (local: 6144), val: 1229 (local: 1229), test: 69159 (local: 69159)
part 5, train: 6144 (local: 6144), val: 1229 (local: 1229), test: 69159 (local: 69159)
part 4, train: 6144 (local: 6144), val: 1228 (local: 1228), test: 69159 (local: 69159)
part 2, train: 6144 (local: 6144), val: 1229 (local: 1229), test: 69159 (local: 69159)
part 8, train: 6145 (local: 5999), val: 1229 (local: 1179), test: 69160 (local: 67441)
part 13, train: 6144 (local: 5989), val: 1229 (local: 1192), test: 69159 (local: 67473)
part 10, train: 6144 (local: 6007), val: 1229 (local: 1179), test: 69159 (local: 67364)
part 9, train: 6144 (local: 5997), val: 1229 (local: 1183), test: 69159 (local: 67378)
part 14, train: 6145 (local: 5984), val: 1229 (local: 1185), test: 69159 (local: 67363)
part 28, train: 6144 (local: 5925), val: 1229 (local: 1199), test: 69159 (local: 67341)
part 30, train: 6144 (local: 5933), val: 1229 (local: 1201), test: 69159 (local: 67290)
part 15, train: 6144 (local: 5992), val: 1229 (local: 1188), test: 69159 (local: 67368)
part 12, train: 6144 (local: 6014), val: 1228 (local: 1178), test: 69159 (local: 67487)
part 11, train: 6144 (local: 5995), val: 1229 (local: 1187), test: 69159 (local: 67372)
part 26, train: 6144 (local: 5946), val: 1228 (local: 1204), test: 69159 (local: 67407)
part 18, train: 6144 (local: 6054), val: 1229 (local: 1208), test: 69159 (local: 69004)
part 24, train: 6144 (local: 5958), val: 1229 (local: 1203), test: 69159 (local: 67364)
part 27, train: 6144 (local: 5950), val: 1229 (local: 1200), test: 69159 (local: 67401)
part 20, train: 6144 (local: 6057), val: 1228 (local: 1206), test: 69159 (local: 68995)
part 25, train: 6144 (local: 5939), val: 1228 (local: 1202), test: 69159 (local: 67328)
part 17, train: 6145 (local: 6050), val: 1229 (local: 1203), test: 69159 (local: 68985)
part 21, train: 6145 (local: 6005), val: 1229 (local: 1212), test: 69160 (local: 68995)
part 19, train: 6144 (local: 6038), val: 1229 (local: 1211), test: 69159 (local: 68973)
part 22, train: 6144 (local: 6034), val: 1229 (local: 1216), test: 69159 (local: 69009)
part 16, train: 6144 (local: 6041), val: 1229 (local: 1212), test: 69159 (local: 68985)
part 23, train: 6144 (local: 6031), val: 1229 (local: 1204), test: 69159 (local: 68977)
part 31, train: 6144 (local: 5952), val: 1229 (local: 1200), test: 69159 (local: 67348)
part 29, train: 6145 (local: 5929), val: 1229 (local: 1204), test: 69159 (local: 67382)
#labels: 47
#labels: 47
#labels: 47
#labels: 47
#labels: 47
#labels: 47
#labels: 47
#labels: 47
#labels: 47
#labels: 47
#labels: 47
#labels: 47
#labels: 47
#labels: 47
#labels: 47
#labels: 47
#labels: 47
#labels: 47
#labels: 47
#labels: 47
#labels: 47
#labels: 47
#labels: 47
#labels: 47
#labels: 47
#labels: 47
#labels: 47
#labels: 47
#labels: 47
#labels: 47
#labels: 47
#labels: 47
Rank 4 Presampling time: 2.920 s
Rank 13 Presampling time: 2.845 s
Rank 21 Presampling time: 2.738 s
Rank 9 Presampling time: 2.825 s
Rank 14 Presampling time: 2.831 s
Rank 8 Presampling time: 2.873 s
Rank 10 Presampling time: 2.834 s
Rank 22 Presampling time: 2.752 s
Rank 17 Presampling time: 2.762 s
Rank 12 Presampling time: 2.813 s
Rank 18 Presampling time: 2.827 s
Rank 31 Presampling time: 2.754 s
Rank 3 Presampling time: 2.954 s
Rank 26 Presampling time: 2.751 s
Rank 27 Presampling time: 2.756 s
Rank 25 Presampling time: 2.784 s
Rank 24 Presampling time: 2.778 s
Rank 29 Presampling time: 2.755 s
Rank 30 Presampling time: 2.862 s
Rank 15 Presampling time: 2.821 s
Rank 7 Presampling time: 2.951 s
Rank 6 Presampling time: 2.946 s
Rank 5 Presampling time: 2.942 s
Rank 2 Presampling time: 2.917 s
Rank 1 Presampling time: 2.960 s
Rank 19 Presampling time: 2.767 s
Rank 0 Presampling time: 2.940 s
Rank 21 Local hotness max: 1.000 min: 0.018 avg: 0.205
Rank 20 Presampling time: 2.793 s
Rank 4 Local hotness max: 1.000 min: 0.018 avg: 0.205
Rank 14 Local hotness max: 1.000 min: 0.018 avg: 0.205
Rank 8 Local hotness max: 1.000 min: 0.018 avg: 0.205
Rank 9 Local hotness max: 1.000 min: 0.018 avg: 0.205
Rank 13 Local hotness max: 1.000 min: 0.018 avg: 0.205
Rank 10 Local hotness max: 1.000 min: 0.018 avg: 0.205
Rank 3 Local hotness max: 1.000 min: 0.018 avg: 0.205
Rank 16 Presampling time: 2.780 s
Rank 23 Presampling time: 2.754 s
Rank 28 Presampling time: 2.874 s
Rank 21 Remote hotness max: 0.935 min: 0.006 avg: 0.033
Rank 17 Local hotness max: 1.000 min: 0.018 avg: 0.205
Rank 18 Local hotness max: 1.000 min: 0.018 avg: 0.205
Rank 12 Local hotness max: 1.000 min: 0.018 avg: 0.205
Rank 22 Local hotness max: 1.000 min: 0.018 avg: 0.205
Create distemb
Rank 24 Local hotness max: 1.000 min: 0.018 avg: 0.205
Rank 31 Local hotness max: 1.000 min: 0.018 avg: 0.205
Rank 4 Remote hotness max: 0.935 min: 0.006 avg: 0.033
Create distemb
Rank 30 Local hotness max: 1.000 min: 0.018 avg: 0.205
Rank 26 Local hotness max: 1.000 min: 0.018 avg: 0.205
Rank 29 Local hotness max: 1.000 min: 0.018 avg: 0.205
Rank 15 Local hotness max: 1.000 min: 0.018 avg: 0.205
Rank 14 Remote hotness max: 0.935 min: 0.006 avg: 0.033
Rank 27 Local hotness max: 1.000 min: 0.018 avg: 0.205
Rank 25 Local hotness max: 1.000 min: 0.018 avg: 0.205
Create distemb
Rank 19 Local hotness max: 1.000 min: 0.018 avg: 0.205
Rank 7 Local hotness max: 1.000 min: 0.018 avg: 0.205
Rank 2 Local hotness max: 1.000 min: 0.018 avg: 0.205
Rank 3 Remote hotness max: 0.935 min: 0.006 avg: 0.033
Rank 6 Local hotness max: 1.000 min: 0.018 avg: 0.205
Rank 9 Remote hotness max: 0.935 min: 0.006 avg: 0.033
Rank 5 Local hotness max: 1.000 min: 0.018 avg: 0.205
Create distemb
Rank 8 Remote hotness max: 0.935 min: 0.006 avg: 0.033
Rank 11 Presampling time: 2.825 s
Create distemb
Rank 1 Local hotness max: 1.000 min: 0.018 avg: 0.205
Create distemb
Rank 0 Local hotness max: 1.000 min: 0.018 avg: 0.205
Rank 10 Remote hotness max: 0.935 min: 0.006 avg: 0.033
Create distemb
Rank 18 Remote hotness max: 0.935 min: 0.006 avg: 0.033
Rank 20 Local hotness max: 1.000 min: 0.018 avg: 0.205
Create distemb
Rank 12 Remote hotness max: 0.935 min: 0.006 avg: 0.033
Create distemb
Rank 31 Remote hotness max: 0.935 min: 0.006 avg: 0.033
Rank 22 Remote hotness max: 0.935 min: 0.006 avg: 0.033
Rank 17 Remote hotness max: 0.935 min: 0.006 avg: 0.033
Rank 28 Local hotness max: 1.000 min: 0.018 avg: 0.205
Create distemb
Create distemb
Create distemb
Rank 15 Remote hotness max: 0.935 min: 0.006 avg: 0.033
Create distemb
Rank 30 Remote hotness max: 0.935 min: 0.006 avg: 0.033
Rank 24 Remote hotness max: 0.935 min: 0.006 avg: 0.033
Rank 29 Remote hotness max: 0.935 min: 0.006 avg: 0.033
Create distemb
Create distemb
Create distemb
Rank 26 Remote hotness max: 0.935 min: 0.006 avg: 0.033
Rank 25 Remote hotness max: 0.935 min: 0.006 avg: 0.033
Rank 13 Remote hotness max: 0.935 min: 0.006 avg: 0.033
Rank 27 Remote hotness max: 0.935 min: 0.006 avg: 0.033
Rank 19 Remote hotness max: 0.935 min: 0.006 avg: 0.033
Create distemb
Create distemb
Create distemb
Create distemb
Create distemb
Rank 16 Local hotness max: 1.000 min: 0.018 avg: 0.205
Rank 2 Remote hotness max: 0.935 min: 0.006 avg: 0.033
Rank 7 Remote hotness max: 0.935 min: 0.006 avg: 0.033
Rank 23 Local hotness max: 1.000 min: 0.018 avg: 0.205
Create distemb
Rank 6 Remote hotness max: 0.935 min: 0.006 avg: 0.033
Create distemb
Create distemb
Rank 5 Remote hotness max: 0.935 min: 0.006 avg: 0.033
Create distemb
Rank 1 Remote hotness max: 0.935 min: 0.006 avg: 0.033
Rank 0 Remote hotness max: 0.935 min: 0.006 avg: 0.033
Create distemb
Create distemb
Rank 11 Local hotness max: 1.000 min: 0.018 avg: 0.205
Rank 20 Remote hotness max: 0.935 min: 0.006 avg: 0.033
Create distemb
Rank 28 Remote hotness max: 0.935 min: 0.006 avg: 0.033
Create distemb
Rank 16 Remote hotness max: 0.935 min: 0.006 avg: 0.033
Create distemb
Rank 23 Remote hotness max: 0.935 min: 0.006 avg: 0.033
Create distemb
Rank 11 Remote hotness max: 0.935 min: 0.006 avg: 0.033
Create distemb
Client 2 build_connection start.
Client 2 build_connection succeed.
Client 5 build_connection start.
Client 5 build_connection succeed.
Client 3 build_connection start.
Client 3 build_connection succeed.
Client 6 build_connection start.
Client 6 build_connection succeed.
Client 0 build_connection start.
Client 0 build_connection succeed.
Client 4 build_connection start.
Client 4 build_connection succeed.
Client 1 build_connection start.
Client 1 build_connection succeed.
Client 7 build_connection start.
Client 7 build_connection succeed.
Client 0 build_connection start.
Client 0 build_connection succeed.
Client 2 build_connection start.
Client 2 build_connection succeed.
Client 1 build_connection start.
Client 1 build_connection succeed.
Client 5 build_connection start.
Client 6 build_connection start.
Client 5 build_connection succeed.
Client 2 build_connection start.
Client 3 build_connection start.
Client 6 build_connection succeed.
Client 2 build_connection succeed.
Client 3 build_connection succeed.
Client 7 build_connection start.
Client 0 build_connection start.
Client 0 build_connection succeed.
Client 7 build_connection succeed.
Client 4 build_connection start.
Client 4 build_connection succeed.
Client 4 build_connection start.
Client 4 build_connection succeed.
Client 6 build_connection start.
Client 6 build_connection succeed.
Client 7 build_connection start.
Client 7 build_connection succeed.
Client 3 build_connection start.
Client 3 build_connection succeed.
Client 1 build_connection start.
Client 1 build_connection succeed.
Client 4 build_connection start.
Client 4 build_connection succeed.
Client 1 build_connection start.
Client 5 build_connection start.
Client 1 build_connection succeed.
Client 5 build_connection succeed.
Client 7 build_connection start.
Client 7 build_connection succeed.
Client 3 build_connection start.
Client 3 build_connection succeed.
Client 6 build_connection start.
Client 0 build_connection start.
Client 6 build_connection succeed.
Client 0 build_connection succeed.
Client 5 build_connection start.
Client 2 build_connection start.
Client 5 build_connection succeed.
Client 2 build_connection succeed.
Client register_cache succeed.
Client register_cache succeed.
Client register_cache succeed.
Client register_cache succeed.
Client register_cache succeed.
Client register_cache succeed.
Client register_cache succeed.
Client register_cache succeed.
Create model
Create modelCreate model

Create model
Create model
Create model
Create model
Create model
Client register_cache succeed.
Client register_cache succeed.
Create model
Client register_cache succeed.
Client register_cache succeed.Client register_cache succeed.

Client register_cache succeed.
Client register_cache succeed.
Client register_cache succeed.
Create model
Create model
Create model
Create model
Create model
Create model
Create model
Client register_cache succeed.Client register_cache succeed.

Client register_cache succeed.
Client register_cache succeed.
Create model
Create model
Create model
Client register_cache succeed.Client register_cache succeed.

Client register_cache succeed.
Create model
Create modelClient register_cache succeed.

Create model
Create model
Create model
Client register_cache succeed.
Client register_cache succeed.
Client register_cache succeed.Client register_cache succeed.

Create model
Create model
Client register_cache succeed.
Client register_cache succeed.
Client register_cache succeed.
Create model
Create model
Client register_cache succeed.
Create model
Create model
Create model
Create model
Create model optimizer
Create model optimizer
Create model optimizerCreate model optimizer

Create model optimizer
Create emb optimizer
Create emb optimizer
Create model optimizer
Create model optimizer
Create emb optimizer
Create emb optimizer
Create model optimizer
Create model optimizer
Create model optimizerCreate model optimizer

Create emb optimizer
Create emb optimizer
Create emb optimizer
Create emb optimizer
Create model optimizer
Create model optimizer
Create emb optimizerCreate emb optimizer

Create model optimizer
Create emb optimizer
Create model optimizer
Create emb optimizer
Create model optimizer
Create emb optimizer
Create emb optimizer
Create model optimizer
Create emb optimizer
Create emb optimizer
Create model optimizer
Create emb optimizer
Create model optimizer
Create emb optimizer
Create model optimizer
Create model optimizer
Create model optimizer
Create model optimizer
Create emb optimizer
Create emb optimizer
Create emb optimizer
Create model optimizerCreate emb optimizer

Create emb optimizer
Create model optimizer
Create emb optimizer
Create model optimizer
Create emb optimizer
Create model optimizer
Create model optimizer
Create model optimizer
Create emb optimizer
Create emb optimizer
Create emb optimizer
Create emb optimizer
Create model optimizer
Create model optimizer
Create emb optimizer
Create emb optimizer
Create model optimizer
Create emb optimizer
runtime profiling for threshold
runtime profiling for threshold
Start train
Start train
runtime profiling for threshold
runtime profiling for threshold
runtime profiling for threshold
Start train
runtime profiling for threshold
runtime profiling for threshold
runtime profiling for threshold
runtime profiling for threshold
runtime profiling for threshold
runtime profiling for threshold
Start train
runtime profiling for threshold
runtime profiling for threshold
runtime profiling for threshold
runtime profiling for threshold
runtime profiling for threshold
runtime profiling for threshold
Start train
runtime profiling for threshold
runtime profiling for threshold
runtime profiling for threshold
Start train
runtime profiling for threshold
runtime profiling for threshold
Start train
Start train
runtime profiling for threshold
Start train
runtime profiling for threshold
Start train
Start train
Start train
Start train
Start train
runtime profiling for threshold
Start train
Start train
Start train
Start train
Start train
runtime profiling for threshold
Start train
Start train
runtime profiling for threshold
Start train
Start train
runtime profiling for threshold
runtime profiling for threshold
Start train
Start train
Start train
runtime profiling for threshold
Start train
runtime profiling for threshold
runtime profiling for threshold
Start train
Start train
Start train
Start train
Start train
Part 25 | Epoch 00000 | Step 00000 | Loss 5.1474 | Train Acc 0.0180 | Speed (samples/sec) nan | GPU 646.4 MB | time 2.724 s
Part 19 | Epoch 00000 | Step 00000 | Loss 5.3915 | Train Acc 0.0140 | Speed (samples/sec) nan | GPU 653.3 MB | time 2.714 s
Part 30 | Epoch 00000 | Step 00000 | Loss 5.1232 | Train Acc 0.0160 | Speed (samples/sec) nan | GPU 647.9 MB | time 2.729 s
Part 17 | Epoch 00000 | Step 00000 | Loss 5.3451 | Train Acc 0.0130 | Speed (samples/sec) nan | GPU 654.9 MB | time 2.711 s
Part 24 | Epoch 00000 | Step 00000 | Loss 5.1858 | Train Acc 0.0170 | Speed (samples/sec) nan | GPU 653.9 MB | time 2.716 s
Part 26 | Epoch 00000 | Step 00000 | Loss 5.1280 | Train Acc 0.0150 | Speed (samples/sec) nan | GPU 652.5 MB | time 2.716 s
Part 28 | Epoch 00000 | Step 00000 | Loss 5.1737 | Train Acc 0.0120 | Speed (samples/sec) nan | GPU 649.7 MB | time 2.737 s
Part 22 | Epoch 00000 | Step 00000 | Loss 5.4867 | Train Acc 0.0110 | Speed (samples/sec) nan | GPU 653.2 MB | time 2.708 s
Part 29 | Epoch 00000 | Step 00000 | Loss 5.2190 | Train Acc 0.0080 | Speed (samples/sec) nan | GPU 654.1 MB | time 2.725 s
Part 31 | Epoch 00000 | Step 00000 | Loss 5.2261 | Train Acc 0.0150 | Speed (samples/sec) nan | GPU 661.4 MB | time 2.724 s
Part 15 | Epoch 00000 | Step 00000 | Loss 4.6855 | Train Acc 0.0540 | Speed (samples/sec) nan | GPU 661.3 MB | time 2.749 s
Part 27 | Epoch 00000 | Step 00000 | Loss 5.2667 | Train Acc 0.0140 | Speed (samples/sec) nan | GPU 649.4 MB | time 2.717 s
Part 16 | Epoch 00000 | Step 00000 | Loss 5.4777 | Train Acc 0.0120 | Speed (samples/sec) nan | GPU 647.9 MB | time 2.717 s
Part 9 | Epoch 00000 | Step 00000 | Loss 4.6659 | Train Acc 0.0480 | Speed (samples/sec) nan | GPU 661.8 MB | time 2.719 s
Part 10 | Epoch 00000 | Step 00000 | Loss 4.5921 | Train Acc 0.0550 | Speed (samples/sec) nan | GPU 653.6 MB | time 2.723 s
Part 12 | Epoch 00000 | Step 00000 | Loss 4.6112 | Train Acc 0.0540 | Speed (samples/sec) nan | GPU 650.4 MB | time 2.718 s
Part 8 | Epoch 00000 | Step 00000 | Loss 4.7027 | Train Acc 0.0500 | Speed (samples/sec) nan | GPU 670.2 MB | time 2.717 s
Part 18 | Epoch 00000 | Step 00000 | Loss 5.4146 | Train Acc 0.0160 | Speed (samples/sec) nan | GPU 647.2 MB | time 2.715 s
Part 14 | Epoch 00000 | Step 00000 | Loss 4.5572 | Train Acc 0.0470 | Speed (samples/sec) nan | GPU 644.2 MB | time 2.750 s
Part 21 | Epoch 00000 | Step 00000 | Loss 5.3912 | Train Acc 0.0120 | Speed (samples/sec) nan | GPU 647.4 MB | time 2.705 s
Part 11 | Epoch 00000 | Step 00000 | Loss 4.6235 | Train Acc 0.0570 | Speed (samples/sec) nan | GPU 654.3 MB | time 2.718 s
Part 23 | Epoch 00000 | Step 00000 | Loss 5.4244 | Train Acc 0.0150 | Speed (samples/sec) nan | GPU 653.9 MB | time 2.711 s
Part 0 | Epoch 00000 | Step 00000 | Loss 5.4396 | Train Acc 0.0110 | Speed (samples/sec) nan | GPU 662.9 MB | time 2.695 s
Part 20 | Epoch 00000 | Step 00000 | Loss 5.4537 | Train Acc 0.0170 | Speed (samples/sec) nan | GPU 647.5 MB | time 2.715 s
Part 3 | Epoch 00000 | Step 00000 | Loss 5.3903 | Train Acc 0.0110 | Speed (samples/sec) nan | GPU 654.0 MB | time 2.700 s
Part 5 | Epoch 00000 | Step 00000 | Loss 5.4076 | Train Acc 0.0150 | Speed (samples/sec) nan | GPU 653.4 MB | time 2.713 s
Part 6 | Epoch 00000 | Step 00000 | Loss 5.4486 | Train Acc 0.0120 | Speed (samples/sec) nan | GPU 653.5 MB | time 2.707 s
Part 4 | Epoch 00000 | Step 00000 | Loss 5.4556 | Train Acc 0.0100 | Speed (samples/sec) nan | GPU 644.1 MB | time 2.701 s
Part 1 | Epoch 00000 | Step 00000 | Loss 5.4789 | Train Acc 0.0060 | Speed (samples/sec) nan | GPU 639.6 MB | time 2.691 s
Part 7 | Epoch 00000 | Step 00000 | Loss 5.4649 | Train Acc 0.0180 | Speed (samples/sec) nan | GPU 658.2 MB | time 2.694 s
Part 13 | Epoch 00000 | Step 00000 | Loss 4.6696 | Train Acc 0.0480 | Speed (samples/sec) nan | GPU 658.0 MB | time 2.716 s
Part 2 | Epoch 00000 | Step 00000 | Loss 5.5008 | Train Acc 0.0080 | Speed (samples/sec) nan | GPU 655.7 MB | time 2.704 s
Avg train acc 0.0228
=====================
Part 4, Epoch Time(s): 4.5915
Sampling Time(s): 0.1543
Loading Time(s): 0.5538
Forward Time(s): 0.5227
Backward Time(s): 0.1055
Update Time(s): 0.0552
Emb Update Time(s): 3.1839
#seeds: 6144
#inputs: 921183
==========================================
Part 1, Epoch Time(s): 4.5814
Sampling Time(s): 0.1921
Loading Time(s): 0.5895
Forward Time(s): 0.4079
Backward Time(s): 0.1343
Update Time(s): 0.0559
Emb Update Time(s): 3.1854
#seeds: 6145
#inputs: 917009
=====================

=====================
Part 0, Epoch Time(s): 4.5854
Sampling Time(s): 0.1834
Loading Time(s): 0.6180
Forward Time(s): 0.4108
Backward Time(s): 0.1135
Update Time(s): 0.0571
Emb Update Time(s): 3.1841
#seeds: 6144
#inputs: 923204
==========================================
Part 3, Epoch Time(s): 4.5908
Sampling Time(s): 0.1725
Loading Time(s): 0.5559
Forward Time(s): 0.4671
Backward Time(s): 0.1395
Update Time(s): 0.0574
Emb Update Time(s): 3.1843
#seeds: 6145
#inputs: 921300
==========================================
Part 2, Epoch Time(s): 4.5948
Sampling Time(s): 0.1715
Loading Time(s): 0.5672
Forward Time(s): 0.4956
Backward Time(s): 0.1035
Update Time(s): 0.0564
Emb Update Time(s): 3.1823
#seeds: 6144
#inputs: 923116
=====================


=====================
Part 7, Epoch Time(s): 4.5845
Sampling Time(s): 0.1628
Loading Time(s): 0.5469
Forward Time(s): 0.5110
Backward Time(s): 0.1048
Update Time(s): 0.0574
Emb Update Time(s): 3.1845
#seeds: 6144
#inputs: 921013
=====================
=====================
Part 5, Epoch Time(s): 4.6037
Sampling Time(s): 0.1890
Loading Time(s): 0.4904
Forward Time(s): 0.5557
Backward Time(s): 0.1108
Update Time(s): 0.0585
Emb Update Time(s): 3.1837
#seeds: 6144
#inputs: 918218
==========================================
Part 6, Epoch Time(s): 4.5975
Sampling Time(s): 0.1753
Loading Time(s): 0.5587
Forward Time(s): 0.4683
Backward Time(s): 0.1376
Update Time(s): 0.0580
Emb Update Time(s): 3.1831
#seeds: 6144
#inputs: 921185
=====================

=====================
Part 21, Epoch Time(s): 4.5962
Sampling Time(s): 0.1745
Loading Time(s): 0.6194
Forward Time(s): 0.4235
Backward Time(s): 0.1237
Update Time(s): 0.0557
Emb Update Time(s): 3.1865
#seeds: 6145
#inputs: 915492
==========================================
Part 16, Epoch Time(s): 4.6080
Sampling Time(s): 0.1866
Loading Time(s): 0.5741
Forward Time(s): 0.4780
Backward Time(s): 0.1154
Update Time(s): 0.0589
Emb Update Time(s): 3.1824
#seeds: 6144
#inputs: 915368
==========================================
Part 17, Epoch Time(s): 4.6021
Sampling Time(s): 0.2020
Loading Time(s): 0.6066
Forward Time(s): 0.4242
Backward Time(s): 0.1155
Update Time(s): 0.0588
Emb Update Time(s): 3.1826
#seeds: 6145
#inputs: 920405
==========================================
Part 20, Epoch Time(s): 4.6058
Sampling Time(s): 0.1828
Loading Time(s): 0.5297
Forward Time(s): 0.5209
Backward Time(s): 0.1179
Update Time(s): 0.0540
Emb Update Time(s): 3.1866
#seeds: 6144
#inputs: 913578
==========================================
Part 23, Epoch Time(s): 4.6021
Sampling Time(s): 0.1699
Loading Time(s): 0.5933
Forward Time(s): 0.4701
Backward Time(s): 0.1153
Update Time(s): 0.0492
Emb Update Time(s): 3.1906
#seeds: 6144
#inputs: 918451
==========================================
Part 18, Epoch Time(s): 4.6055
Sampling Time(s): 0.1685
Loading Time(s): 0.5488
Forward Time(s): 0.5136
Backward Time(s): 0.1205
Update Time(s): 0.0592
Emb Update Time(s): 3.1820
#seeds: 6144
#inputs: 918882
==========================================
Part 19, Epoch Time(s): 4.6046
Sampling Time(s): 0.1725
Loading Time(s): 0.5784
Forward Time(s): 0.4653
Backward Time(s): 0.1350
Update Time(s): 0.0487
Emb Update Time(s): 3.1927
#seeds: 6144
#inputs: 917534
=====================



=====================
Part 22, Epoch Time(s): 4.5984
Sampling Time(s): 0.1717
Loading Time(s): 0.6118
Forward Time(s): 0.4469
Backward Time(s): 0.1129
Update Time(s): 0.0601
Emb Update Time(s): 3.1827
#seeds: 6144
#inputs: 920078
=====================



=====================
Part 15, Epoch Time(s): 4.6394
Sampling Time(s): 0.1758
Loading Time(s): 0.6426
Forward Time(s): 0.4373
Backward Time(s): 0.1310
Update Time(s): 0.0499
Emb Update Time(s): 3.1910
#seeds: 6144
#inputs: 936197
==========================================
Part 8, Epoch Time(s): 4.6080
Sampling Time(s): 0.2330
Loading Time(s): 0.5798
Forward Time(s): 0.4277
Backward Time(s): 0.1118
Update Time(s): 0.0590
Emb Update Time(s): 3.1847
#seeds: 6145
#inputs: 933677
==========================================
Part 12, Epoch Time(s): 4.6088
Sampling Time(s): 0.1667
Loading Time(s): 0.6028
Forward Time(s): 0.4676
Backward Time(s): 0.1166
Update Time(s): 0.0595
Emb Update Time(s): 3.1834
#seeds: 6144
#inputs: 928570
==========================================
Part 10, Epoch Time(s): 4.6135
Sampling Time(s): 0.1538
Loading Time(s): 0.6421
Forward Time(s): 0.4360
Backward Time(s): 0.1260
Update Time(s): 0.0569
Emb Update Time(s): 3.1866
#seeds: 6144
#inputs: 936730
==========================================
Part 14, Epoch Time(s): 4.6411
Sampling Time(s): 0.1834
Loading Time(s): 0.6201
Forward Time(s): 0.4664
Backward Time(s): 0.1150
Update Time(s): 0.0510
Emb Update Time(s): 3.1929
#seeds: 6145
#inputs: 933095
==========================================
Part 9, Epoch Time(s): 4.6104
Sampling Time(s): 0.2120
Loading Time(s): 0.6201
Forward Time(s): 0.4103
Backward Time(s): 0.1124
Update Time(s): 0.0471
Emb Update Time(s): 3.1964
#seeds: 6144
#inputs: 934454
=====================





=====================
Part 13, Epoch Time(s): 4.6058
Sampling Time(s): 0.1739
Loading Time(s): 0.6249
Forward Time(s): 0.4224
Backward Time(s): 0.1245
Update Time(s): 0.0591
Emb Update Time(s): 3.1841
#seeds: 6144
#inputs: 935304
==========================================
Part 11, Epoch Time(s): 4.6094
Sampling Time(s): 0.1663
Loading Time(s): 0.6117
Forward Time(s): 0.4634
Backward Time(s): 0.1112
Update Time(s): 0.0466
Emb Update Time(s): 3.1972
#seeds: 6144
#inputs: 934451
=====================

=====================
Part 27, Epoch Time(s): 4.6081
Sampling Time(s): 0.1908
Loading Time(s): 0.6145
Forward Time(s): 0.4264
Backward Time(s): 0.1215
Update Time(s): 0.0564
Emb Update Time(s): 3.1861
#seeds: 6144
#inputs: 924261
==========================================
Part 24, Epoch Time(s): 4.6067
Sampling Time(s): 0.1721
Loading Time(s): 0.6619
Forward Time(s): 0.3920
Backward Time(s): 0.1257
Update Time(s): 0.0564
Emb Update Time(s): 3.1868
#seeds: 6144
#inputs: 921306
==========================================
Part 31, Epoch Time(s): 4.6153
Sampling Time(s): 0.2021
Loading Time(s): 0.6186
Forward Time(s): 0.4286
Backward Time(s): 0.1101
Update Time(s): 0.0501
Emb Update Time(s): 3.1940
#seeds: 6144
#inputs: 922292
==========================================
Part 26, Epoch Time(s): 4.6075
Sampling Time(s): 0.1840
Loading Time(s): 0.6402
Forward Time(s): 0.4019
Backward Time(s): 0.1267
Update Time(s): 0.0505
Emb Update Time(s): 3.1923
#seeds: 6144
#inputs: 914862
==========================================
Part 29, Epoch Time(s): 4.6163
Sampling Time(s): 0.2524
Loading Time(s): 0.6057
Forward Time(s): 0.3857
Backward Time(s): 0.1203
Update Time(s): 0.0450
Emb Update Time(s): 3.1954
#seeds: 6145
#inputs: 926492
=====================




=====================
Part 25, Epoch Time(s): 4.6149
Sampling Time(s): 0.1966
Loading Time(s): 0.6783
Forward Time(s): 0.3795
Backward Time(s): 0.1123
Update Time(s): 0.0452
Emb Update Time(s): 3.1914
#seeds: 6144
#inputs: 928255
=====================
=====================
Part 28, Epoch Time(s): 4.6275
Sampling Time(s): 0.1976
Loading Time(s): 0.6530
Forward Time(s): 0.4084
Backward Time(s): 0.1156
Update Time(s): 0.0559
Emb Update Time(s): 3.1849
#seeds: 6144
#inputs: 923362
==========================================
Part 30, Epoch Time(s): 4.6206
Sampling Time(s): 0.1881
Loading Time(s): 0.6241
Forward Time(s): 0.4344
Backward Time(s): 0.1198
Update Time(s): 0.0560
Emb Update Time(s): 3.1863
#seeds: 6144
#inputs: 919586
=====================

|V|=2449029, eval batch size: 100000
|V|=2449029, eval batch size: 100000
|V|=2449029, eval batch size: 100000
|V|=2449029, eval batch size: 100000
|V|=2449029, eval batch size: 100000
|V|=2449029, eval batch size: 100000
|V|=2449029, eval batch size: 100000|V|=2449029, eval batch size: 100000

|V|=2449029, eval batch size: 100000
|V|=2449029, eval batch size: 100000
|V|=2449029, eval batch size: 100000
|V|=2449029, eval batch size: 100000
|V|=2449029, eval batch size: 100000
|V|=2449029, eval batch size: 100000
|V|=2449029, eval batch size: 100000
|V|=2449029, eval batch size: 100000|V|=2449029, eval batch size: 100000

|V|=2449029, eval batch size: 100000
|V|=2449029, eval batch size: 100000
|V|=2449029, eval batch size: 100000
|V|=2449029, eval batch size: 100000
|V|=2449029, eval batch size: 100000
|V|=2449029, eval batch size: 100000
|V|=2449029, eval batch size: 100000
|V|=2449029, eval batch size: 100000
|V|=2449029, eval batch size: 100000
|V|=2449029, eval batch size: 100000
|V|=2449029, eval batch size: 100000
|V|=2449029, eval batch size: 100000
|V|=2449029, eval batch size: 100000
|V|=2449029, eval batch size: 100000|V|=2449029, eval batch size: 100000

|V|=2449029, eval batch size: 100000
|V|=2449029, eval batch size: 100000
|V|=2449029, eval batch size: 100000
|V|=2449029, eval batch size: 100000
|V|=2449029, eval batch size: 100000
|V|=2449029, eval batch size: 100000
|V|=2449029, eval batch size: 100000
|V|=2449029, eval batch size: 100000
|V|=2449029, eval batch size: 100000
|V|=2449029, eval batch size: 100000
|V|=2449029, eval batch size: 100000
|V|=2449029, eval batch size: 100000
|V|=2449029, eval batch size: 100000
|V|=2449029, eval batch size: 100000
|V|=2449029, eval batch size: 100000
|V|=2449029, eval batch size: 100000
|V|=2449029, eval batch size: 100000
|V|=2449029, eval batch size: 100000
|V|=2449029, eval batch size: 100000
|V|=2449029, eval batch size: 100000
|V|=2449029, eval batch size: 100000
|V|=2449029, eval batch size: 100000
|V|=2449029, eval batch size: 100000
|V|=2449029, eval batch size: 100000
|V|=2449029, eval batch size: 100000
|V|=2449029, eval batch size: 100000
|V|=2449029, eval batch size: 100000
|V|=2449029, eval batch size: 100000|V|=2449029, eval batch size: 100000

|V|=2449029, eval batch size: 100000
|V|=2449029, eval batch size: 100000|V|=2449029, eval batch size: 100000

Part 6, Val Acc 0.4589, Test Acc 0.4706, time: 7.1237
Part 23, Val Acc 0.1074, Test Acc 0.0745, time: 7.1303
Part 1, Val Acc 0.4687, Test Acc 0.4696, time: 7.1315
Part 2, Val Acc 0.4858, Test Acc 0.4666, time: 7.1329
Part 7, Val Acc 0.4931, Test Acc 0.4696, time: 7.1335
Part 14, Val Acc 0.1448, Test Acc 0.1165, time: 7.1351
Part 16, Val Acc 0.1009, Test Acc 0.0763, time: 7.1360
Part 28, Val Acc 0.5460, Test Acc 0.3726, time: 7.1367
Part 29, Val Acc 0.5216, Test Acc 0.3752, time: 7.1376
Part 27, Val Acc 0.5061, Test Acc 0.3748, time: 7.1381
Part 31, Val Acc 0.5216, Test Acc 0.3768, time: 7.1386
Part 3, Val Acc 0.4646, Test Acc 0.4683, time: 7.1394
Part 5, Val Acc 0.4801, Test Acc 0.4731, time: 7.1397
Part 11, Val Acc 0.1440, Test Acc 0.1189, time: 7.1395
Part 26, Val Acc 0.5269, Test Acc 0.3723, time: 7.1399
Part 13, Val Acc 0.1326, Test Acc 0.1181, time: 7.1404
Part 4, Val Acc 0.4674, Test Acc 0.4695, time: 7.1412
Part 18, Val Acc 0.1066, Test Acc 0.0754, time: 7.1413
Part 17, Val Acc 0.1041, Test Acc 0.0748, time: 7.1416Part 22, Val Acc 0.0928, Test Acc 0.0756, time: 7.1416

Part 0, Val Acc 0.4955, Test Acc 0.4676, time: 7.1425
Part 20, Val Acc 0.0977, Test Acc 0.0746, time: 7.1430
Part 10, Val Acc 0.1351, Test Acc 0.1148, time: 7.1439
Part 21, Val Acc 0.0895, Test Acc 0.0758, time: 7.1462
Part 19, Val Acc 0.1074, Test Acc 0.0753, time: 7.1468
Part 30, Val Acc 0.5574, Test Acc 0.3774, time: 7.1486
Part 24, Val Acc 0.5069, Test Acc 0.3723, time: 7.1506
Part 25, Val Acc 0.5122, Test Acc 0.3719, time: 7.1552
Part 15, Val Acc 0.1269, Test Acc 0.1163, time: 7.1584
Part 9, Val Acc 0.1408, Test Acc 0.1148, time: 7.1594
Part 8, Val Acc 0.1237, Test Acc 0.1192, time: 7.1628
Part 12, Val Acc 0.1238, Test Acc 0.1154, time: 7.1629
All parts avg val acc 0.3091, test acc 0.2589
Part 7 | Epoch 00001 | Step 00000 | Loss 2.2928 | Train Acc 0.4230 | Speed (samples/sec) 2358.5568 | GPU 1532.4 MB | time 0.476 sPart 0 | Epoch 00001 | Step 00000 | Loss 2.1753 | Train Acc 0.4440 | Speed (samples/sec) 2386.9470 | GPU 1531.7 MB | time 0.446 sPart 1 | Epoch 00001 | Step 00000 | Loss 2.2538 | Train Acc 0.4090 | Speed (samples/sec) 2358.0615 | GPU 1529.4 MB | time 0.478 sPart 3 | Epoch 00001 | Step 00000 | Loss 2.3356 | Train Acc 0.4090 | Speed (samples/sec) 2364.3767 | GPU 1535.1 MB | time 0.470 s



Part 4 | Epoch 00001 | Step 00000 | Loss 2.2590 | Train Acc 0.4340 | Speed (samples/sec) 2365.2911 | GPU 1533.3 MB | time 0.469 sPart 2 | Epoch 00001 | Step 00000 | Loss 2.2942 | Train Acc 0.4230 | Speed (samples/sec) 2358.3506 | GPU 1527.3 MB | time 0.477 s

Part 6 | Epoch 00001 | Step 00000 | Loss 2.2488 | Train Acc 0.4210 | Speed (samples/sec) 2350.5145 | GPU 1536.5 MB | time 0.486 s
Part 5 | Epoch 00001 | Step 00000 | Loss 2.2171 | Train Acc 0.4130 | Speed (samples/sec) 2364.2598 | GPU 1545.4 MB | time 0.470 s
Part 10 | Epoch 00001 | Step 00000 | Loss 3.3210 | Train Acc 0.1550 | Speed (samples/sec) 2367.8009 | GPU 1799.1 MB | time 0.466 sPart 8 | Epoch 00001 | Step 00000 | Loss 3.1503 | Train Acc 0.1600 | Speed (samples/sec) 2386.6723 | GPU 1798.4 MB | time 0.447 s

Part 14 | Epoch 00001 | Step 00000 | Loss 3.3089 | Train Acc 0.1680 | Speed (samples/sec) 2360.4994 | GPU 1811.7 MB | time 0.475 s
Part 15 | Epoch 00001 | Step 00000 | Loss 3.2949 | Train Acc 0.1430 | Speed (samples/sec) 2381.5158 | GPU 1791.2 MB | time 0.452 s
Part 20 | Epoch 00001 | Step 00000 | Loss 3.7699 | Train Acc 0.1180 | Speed (samples/sec) 2367.0464 | GPU 1569.9 MB | time 0.467 sPart 23 | Epoch 00001 | Step 00000 | Loss 3.6766 | Train Acc 0.1050 | Speed (samples/sec) 2356.4228 | GPU 1572.1 MB | time 0.480 s

Part 17 | Epoch 00001 | Step 00000 | Loss 3.6902 | Train Acc 0.1210 | Speed (samples/sec) 2367.7156 | GPU 1568.9 MB | time 0.468 sPart 16 | Epoch 00001 | Step 00000 | Loss 3.6431 | Train Acc 0.1230 | Speed (samples/sec) 2361.1514 | GPU 1576.9 MB | time 0.474 sPart 22 | Epoch 00001 | Step 00000 | Loss 3.7525 | Train Acc 0.1120 | Speed (samples/sec) 2367.7674 | GPU 1575.2 MB | time 0.468 s


Part 13 | Epoch 00001 | Step 00000 | Loss 3.2862 | Train Acc 0.1620 | Speed (samples/sec) 2364.8836 | GPU 1797.4 MB | time 0.469 s
Part 9 | Epoch 00001 | Step 00000 | Loss 3.2652 | Train Acc 0.1540 | Speed (samples/sec) 2382.8477 | GPU 1801.4 MB | time 0.450 s
Part 19 | Epoch 00001 | Step 00000 | Loss 3.7319 | Train Acc 0.1180 | Speed (samples/sec) 2371.5501 | GPU 1565.7 MB | time 0.463 s
Part 21 | Epoch 00001 | Step 00000 | Loss 3.5834 | Train Acc 0.1250 | Speed (samples/sec) 2371.3594 | GPU 1573.1 MB | time 0.464 s
Part 18 | Epoch 00001 | Step 00000 | Loss 3.6566 | Train Acc 0.1220 | Speed (samples/sec) 2366.5480 | GPU 1563.1 MB | time 0.469 s
Part 12 | Epoch 00001 | Step 00000 | Loss 3.2452 | Train Acc 0.1610 | Speed (samples/sec) 2385.6168 | GPU 1789.6 MB | time 0.447 s
Part 11 | Epoch 00001 | Step 00000 | Loss 3.2335 | Train Acc 0.1600 | Speed (samples/sec) 2363.3133 | GPU 1802.6 MB | time 0.471 s
Part 26 | Epoch 00001 | Step 00000 | Loss 2.5263 | Train Acc 0.4380 | Speed (samples/sec) 2364.0159 | GPU 1649.0 MB | time 0.470 s
Part 29 | Epoch 00001 | Step 00000 | Loss 2.6608 | Train Acc 0.4100 | Speed (samples/sec) 2362.5926 | GPU 1658.6 MB | time 0.473 s
Part 27 | Epoch 00001 | Step 00000 | Loss 2.5864 | Train Acc 0.4290 | Speed (samples/sec) 2362.1544 | GPU 1657.2 MB | time 0.472 s
Part 31 | Epoch 00001 | Step 00000 | Loss 2.4191 | Train Acc 0.4460 | Speed (samples/sec) 2362.6657 | GPU 1663.0 MB | time 0.472 s
Part 24 | Epoch 00001 | Step 00000 | Loss 2.5238 | Train Acc 0.4340 | Speed (samples/sec) 2373.8772 | GPU 1659.6 MB | time 0.460 s
Part 30 | Epoch 00001 | Step 00000 | Loss 2.6631 | Train Acc 0.4180 | Speed (samples/sec) 2371.8362 | GPU 1670.9 MB | time 0.461 s
Part 28 | Epoch 00001 | Step 00000 | Loss 2.6788 | Train Acc 0.4240 | Speed (samples/sec) 2360.3774 | GPU 1653.1 MB | time 0.474 s
Part 25 | Epoch 00001 | Step 00000 | Loss 2.5861 | Train Acc 0.4470 | Speed (samples/sec) 2378.1603 | GPU 1656.9 MB | time 0.455 s
Avg train acc 0.2822
=====================
Part 0, Epoch Time(s): 2.3792
Sampling Time(s): 0.2071
Loading Time(s): 0.4326
Forward Time(s): 0.1492
Backward Time(s): 0.0761
Update Time(s): 0.0081
Emb Update Time(s): 1.4990
#seeds: 6144
#inputs: 923722
==========================================
Part 6, Epoch Time(s): 2.4189
Sampling Time(s): 0.2522
Loading Time(s): 0.4021
Forward Time(s): 0.1766
Backward Time(s): 0.0744
Update Time(s): 0.0089
Emb Update Time(s): 1.4999
#seeds: 6144
#inputs: 918514
==========================================
Part 7, Epoch Time(s): 2.4093
Sampling Time(s): 0.2010
Loading Time(s): 0.4223
Forward Time(s): 0.1986
Backward Time(s): 0.0740
Update Time(s): 0.0090
Emb Update Time(s): 1.5001
#seeds: 6144
#inputs: 918974
==========================================
Part 1, Epoch Time(s): 2.4110
Sampling Time(s): 0.2020
Loading Time(s): 0.4336
Forward Time(s): 0.1878
Backward Time(s): 0.0755
Update Time(s): 0.0073
Emb Update Time(s): 1.5005
#seeds: 6145
#inputs: 918329
==========================================
Part 3, Epoch Time(s): 2.4034
Sampling Time(s): 0.2061
Loading Time(s): 0.4156
Forward Time(s): 0.1938
Backward Time(s): 0.0748
Update Time(s): 0.0076
Emb Update Time(s): 1.5009
#seeds: 6145
#inputs: 921954
==========================================
Part 5, Epoch Time(s): 2.4027
Sampling Time(s): 0.2289
Loading Time(s): 0.4196
Forward Time(s): 0.1664
Backward Time(s): 0.0744
Update Time(s): 0.0087
Emb Update Time(s): 1.5001
#seeds: 6144
#inputs: 917512
==========================================
Part 4, Epoch Time(s): 2.4015
Sampling Time(s): 0.2013
Loading Time(s): 0.4101
Forward Time(s): 0.2026
Backward Time(s): 0.0745
Update Time(s): 0.0085
Emb Update Time(s): 1.5002
#seeds: 6144
#inputs: 922490
==========================================
Part 2, Epoch Time(s): 2.4097
Sampling Time(s): 0.2108
Loading Time(s): 0.4142
Forward Time(s): 0.1968
Backward Time(s): 0.0751
Update Time(s): 0.0084
Emb Update Time(s): 1.4998
#seeds: 6144
#inputs: 924682
=====================







=====================
Part 18, Epoch Time(s): 2.4014
Sampling Time(s): 0.2054
Loading Time(s): 0.4195
Forward Time(s): 0.1881
Backward Time(s): 0.0751
Update Time(s): 0.0071
Emb Update Time(s): 1.5014
#seeds: 6144
#inputs: 919998
==========================================
Part 16, Epoch Time(s): 2.4066
Sampling Time(s): 0.2092
Loading Time(s): 0.3960
Forward Time(s): 0.2133
Backward Time(s): 0.0762
Update Time(s): 0.0060
Emb Update Time(s): 1.5013
#seeds: 6144
#inputs: 916326
==========================================
Part 17, Epoch Time(s): 2.4010
Sampling Time(s): 0.2005
Loading Time(s): 0.4220
Forward Time(s): 0.1905
Backward Time(s): 0.0765
Update Time(s): 0.0063
Emb Update Time(s): 1.5008
#seeds: 6145
#inputs: 919924
==========================================
Part 20, Epoch Time(s): 2.3996
Sampling Time(s): 0.2057
Loading Time(s): 0.4371
Forward Time(s): 0.1724
Backward Time(s): 0.0723
Update Time(s): 0.0065
Emb Update Time(s): 1.5010
#seeds: 6144
#inputs: 914188
==========================================
Part 22, Epoch Time(s): 2.4011
Sampling Time(s): 0.2099
Loading Time(s): 0.4580
Forward Time(s): 0.1482
Backward Time(s): 0.0746
Update Time(s): 0.0057
Emb Update Time(s): 1.5001
#seeds: 6144
#inputs: 922097
==========================================
Part 21, Epoch Time(s): 2.3963
Sampling Time(s): 0.2207
Loading Time(s): 0.4219
Forward Time(s): 0.1654
Backward Time(s): 0.0750
Update Time(s): 0.0064
Emb Update Time(s): 1.5023
#seeds: 6145
#inputs: 914164
=====================



=====================
Part 23, Epoch Time(s): 2.4124
Sampling Time(s): 0.1875
Loading Time(s): 0.4419
Forward Time(s): 0.1948
Backward Time(s): 0.0748
Update Time(s): 0.0070
Emb Update Time(s): 1.5017
#seeds: 6144
#inputs: 919406
=====================


=====================
Part 19, Epoch Time(s): 2.3978
Sampling Time(s): 0.2063
Loading Time(s): 0.4373
Forward Time(s): 0.1640
Backward Time(s): 0.0751
Update Time(s): 0.0060
Emb Update Time(s): 1.5026
#seeds: 6144
#inputs: 918219
=====================
=====================
Part 8, Epoch Time(s): 2.3797
Sampling Time(s): 0.2612
Loading Time(s): 0.4637
Forward Time(s): 0.0749
Backward Time(s): 0.0709
Update Time(s): 0.0054
Emb Update Time(s): 1.4994
#seeds: 6145
#inputs: 932251
==========================================
Part 9, Epoch Time(s): 2.3826
Sampling Time(s): 0.2407
Loading Time(s): 0.4556
Forward Time(s): 0.0982
Backward Time(s): 0.0730
Update Time(s): 0.0051
Emb Update Time(s): 1.5055
#seeds: 6144
#inputs: 937520
==========================================
Part 10, Epoch Time(s): 2.3986
Sampling Time(s): 0.2233
Loading Time(s): 0.4692
Forward Time(s): 0.1200
Backward Time(s): 0.0736
Update Time(s): 0.0054
Emb Update Time(s): 1.5026
#seeds: 6144
#inputs: 936720
==========================================
Part 13, Epoch Time(s): 2.4019
Sampling Time(s): 0.2268
Loading Time(s): 0.4576
Forward Time(s): 0.1296
Backward Time(s): 0.0737
Update Time(s): 0.0060
Emb Update Time(s): 1.5038
#seeds: 6144
#inputs: 933090
==========================================
Part 15, Epoch Time(s): 2.3842
Sampling Time(s): 0.2114
Loading Time(s): 0.4512
Forward Time(s): 0.1339
Backward Time(s): 0.0738
Update Time(s): 0.0053
Emb Update Time(s): 1.5041
#seeds: 6144
#inputs: 936399
=====================
=====================
Part 14, Epoch Time(s): 2.4075
Sampling Time(s): 0.2224
Loading Time(s): 0.4406
Forward Time(s): 0.1618
Backward Time(s): 0.0704
Update Time(s): 0.0048
Emb Update Time(s): 1.5032
#seeds: 6145
#inputs: 933572
=====================




=====================
Part 11, Epoch Time(s): 2.4030
Sampling Time(s): 0.2354
Loading Time(s): 0.4442
Forward Time(s): 0.1377
Backward Time(s): 0.0725
Update Time(s): 0.0051
Emb Update Time(s): 1.5036
#seeds: 6144
#inputs: 932392
=====================
=====================
Part 12, Epoch Time(s): 2.3799
Sampling Time(s): 0.1938
Loading Time(s): 0.4566
Forward Time(s): 0.1458
Backward Time(s): 0.0728
Update Time(s): 0.0055
Emb Update Time(s): 1.5007
#seeds: 6144
#inputs: 927712
=====================
=====================
Part 27, Epoch Time(s): 2.4046
Sampling Time(s): 0.2108
Loading Time(s): 0.4705
Forward Time(s): 0.1341
Backward Time(s): 0.0729
Update Time(s): 0.0066
Emb Update Time(s): 1.5044
#seeds: 6144
#inputs: 926863
==========================================
Part 24, Epoch Time(s): 2.3921
Sampling Time(s): 0.2230
Loading Time(s): 0.4452
Forward Time(s): 0.1344
Backward Time(s): 0.0754
Update Time(s): 0.0068
Emb Update Time(s): 1.5018
#seeds: 6144
#inputs: 922464
=====================

=====================
Part 30, Epoch Time(s): 2.3937
Sampling Time(s): 0.2310
Loading Time(s): 0.4471
Forward Time(s): 0.1260
Backward Time(s): 0.0740
Update Time(s): 0.0066
Emb Update Time(s): 1.5034
#seeds: 6144
#inputs: 918429
=====================
=====================
Part 26, Epoch Time(s): 2.4031
Sampling Time(s): 0.2121
Loading Time(s): 0.4695
Forward Time(s): 0.1354
Backward Time(s): 0.0728
Update Time(s): 0.0086
Emb Update Time(s): 1.4994
#seeds: 6144
#inputs: 917054
=====================
=====================
Part 29, Epoch Time(s): 2.4051
Sampling Time(s): 0.2157
Loading Time(s): 0.4482
Forward Time(s): 0.1521
Backward Time(s): 0.0728
Update Time(s): 0.0068
Emb Update Time(s): 1.5045
#seeds: 6145
#inputs: 926164
==========================================
Part 25, Epoch Time(s): 2.3875
Sampling Time(s): 0.2253
Loading Time(s): 0.4634
Forward Time(s): 0.1101
Backward Time(s): 0.0732
Update Time(s): 0.0058
Emb Update Time(s): 1.5032
#seeds: 6144
#inputs: 930873
=====================
=====================
Part 28, Epoch Time(s): 2.4061
Sampling Time(s): 0.2221
Loading Time(s): 0.4710
Forward Time(s): 0.1231
Backward Time(s): 0.0740
Update Time(s): 0.0076
Emb Update Time(s): 1.5026
#seeds: 6144
#inputs: 922736
=====================
=====================
Part 31, Epoch Time(s): 2.4044
Sampling Time(s): 0.2220
Loading Time(s): 0.4863
Forward Time(s): 0.1103
Backward Time(s): 0.0713
Update Time(s): 0.0059
Emb Update Time(s): 1.5033
#seeds: 6144
#inputs: 921792
=====================

|V|=2449029, eval batch size: 100000
|V|=2449029, eval batch size: 100000
|V|=2449029, eval batch size: 100000
|V|=2449029, eval batch size: 100000
|V|=2449029, eval batch size: 100000
|V|=2449029, eval batch size: 100000
|V|=2449029, eval batch size: 100000
|V|=2449029, eval batch size: 100000
|V|=2449029, eval batch size: 100000
|V|=2449029, eval batch size: 100000
|V|=2449029, eval batch size: 100000
|V|=2449029, eval batch size: 100000
|V|=2449029, eval batch size: 100000
|V|=2449029, eval batch size: 100000
|V|=2449029, eval batch size: 100000
|V|=2449029, eval batch size: 100000
|V|=2449029, eval batch size: 100000
|V|=2449029, eval batch size: 100000
|V|=2449029, eval batch size: 100000
|V|=2449029, eval batch size: 100000
|V|=2449029, eval batch size: 100000
|V|=2449029, eval batch size: 100000
|V|=2449029, eval batch size: 100000
|V|=2449029, eval batch size: 100000
|V|=2449029, eval batch size: 100000
|V|=2449029, eval batch size: 100000
|V|=2449029, eval batch size: 100000
|V|=2449029, eval batch size: 100000
|V|=2449029, eval batch size: 100000
|V|=2449029, eval batch size: 100000
|V|=2449029, eval batch size: 100000
|V|=2449029, eval batch size: 100000
|V|=2449029, eval batch size: 100000|V|=2449029, eval batch size: 100000

|V|=2449029, eval batch size: 100000
|V|=2449029, eval batch size: 100000|V|=2449029, eval batch size: 100000

|V|=2449029, eval batch size: 100000
|V|=2449029, eval batch size: 100000
|V|=2449029, eval batch size: 100000|V|=2449029, eval batch size: 100000

|V|=2449029, eval batch size: 100000
|V|=2449029, eval batch size: 100000
|V|=2449029, eval batch size: 100000
|V|=2449029, eval batch size: 100000
|V|=2449029, eval batch size: 100000
|V|=2449029, eval batch size: 100000
|V|=2449029, eval batch size: 100000
|V|=2449029, eval batch size: 100000|V|=2449029, eval batch size: 100000

|V|=2449029, eval batch size: 100000
|V|=2449029, eval batch size: 100000|V|=2449029, eval batch size: 100000|V|=2449029, eval batch size: 100000


|V|=2449029, eval batch size: 100000|V|=2449029, eval batch size: 100000|V|=2449029, eval batch size: 100000


|V|=2449029, eval batch size: 100000
|V|=2449029, eval batch size: 100000
|V|=2449029, eval batch size: 100000
|V|=2449029, eval batch size: 100000
|V|=2449029, eval batch size: 100000
|V|=2449029, eval batch size: 100000
|V|=2449029, eval batch size: 100000
Part 2, Val Acc 0.5647, Test Acc 0.4403, time: 4.6405
Part 1, Val Acc 0.5533, Test Acc 0.4462, time: 4.6515
Part 6, Val Acc 0.5411, Test Acc 0.4457, time: 4.6539
Part 7, Val Acc 0.5858, Test Acc 0.4437, time: 4.6544
Part 20, Val Acc 0.2891, Test Acc 0.1719, time: 4.6571
Part 4, Val Acc 0.5537, Test Acc 0.4455, time: 4.6594
Part 5, Val Acc 0.5769, Test Acc 0.4460, time: 4.6595
Part 3, Val Acc 0.5411, Test Acc 0.4418, time: 4.6602
Part 8, Val Acc 0.4597, Test Acc 0.2874, time: 4.6606
Part 0, Val Acc 0.5688, Test Acc 0.4442, time: 4.6610
Part 29, Val Acc 0.5712, Test Acc 0.3853, time: 4.6608
Part 25, Val Acc 0.5839, Test Acc 0.3820, time: 4.6613
Part 21, Val Acc 0.2954, Test Acc 0.1716, time: 4.6626
Part 31, Val Acc 0.5801, Test Acc 0.3876, time: 4.6629
Part 18, Val Acc 0.3108, Test Acc 0.1720, time: 4.6638
Part 23, Val Acc 0.3165, Test Acc 0.1709, time: 4.6641
Part 19, Val Acc 0.2970, Test Acc 0.1744, time: 4.6655
Part 10, Val Acc 0.4402, Test Acc 0.2828, time: 4.6665
Part 27, Val Acc 0.5655, Test Acc 0.3853, time: 4.6686
Part 17, Val Acc 0.3377, Test Acc 0.1729, time: 4.6691
Part 26, Val Acc 0.5782, Test Acc 0.3818, time: 4.6704
Part 16, Val Acc 0.3116, Test Acc 0.1730, time: 4.6711
Part 15, Val Acc 0.4231, Test Acc 0.2855, time: 4.6729
Part 28, Val Acc 0.6184, Test Acc 0.3822, time: 4.6741
Part 24, Val Acc 0.5647, Test Acc 0.3837, time: 4.6744
Part 22, Val Acc 0.3263, Test Acc 0.1715, time: 4.6760
Part 9, Val Acc 0.4614, Test Acc 0.2829, time: 4.6761
Part 30, Val Acc 0.6094, Test Acc 0.3860, time: 4.6770
Part 12, Val Acc 0.4650, Test Acc 0.2825, time: 4.6817
Part 11, Val Acc 0.4630, Test Acc 0.2845, time: 4.6825
Part 13, Val Acc 0.4573, Test Acc 0.2852, time: 4.6864
Part 14, Val Acc 0.4589, Test Acc 0.2873, time: 4.6895
All parts avg val acc 0.4772, test acc 0.3214
Part 0 | Epoch 00002 | Step 00000 | Loss 1.6823 | Train Acc 0.5540 | Speed (samples/sec) 2522.7959 | GPU 1532.5 MB | time 0.467 s
Part 1 | Epoch 00002 | Step 00000 | Loss 1.8380 | Train Acc 0.4960 | Speed (samples/sec) 2494.2618 | GPU 1529.4 MB | time 0.506 sPart 4 | Epoch 00002 | Step 00000 | Loss 1.7657 | Train Acc 0.4990 | Speed (samples/sec) 2499.6935 | GPU 1536.1 MB | time 0.498 s

Part 7 | Epoch 00002 | Step 00000 | Loss 1.7924 | Train Acc 0.4960 | Speed (samples/sec) 2495.0245 | GPU 1532.4 MB | time 0.503 s
Part 17 | Epoch 00002 | Step 00000 | Loss 2.4669 | Train Acc 0.2780 | Speed (samples/sec) 2504.8775 | GPU 1568.9 MB | time 0.489 sPart 16 | Epoch 00002 | Step 00000 | Loss 2.5281 | Train Acc 0.2680 | Speed (samples/sec) 2502.5170 | GPU 1577.0 MB | time 0.486 sPart 19 | Epoch 00002 | Step 00000 | Loss 2.5529 | Train Acc 0.2970 | Speed (samples/sec) 2504.9999 | GPU 1568.7 MB | time 0.492 s


Part 22 | Epoch 00002 | Step 00000 | Loss 2.5353 | Train Acc 0.2780 | Speed (samples/sec) 2507.0114 | GPU 1576.4 MB | time 0.482 s
Part 5 | Epoch 00002 | Step 00000 | Loss 1.8127 | Train Acc 0.4960 | Speed (samples/sec) 2499.6976 | GPU 1546.5 MB | time 0.498 s
Part 2 | Epoch 00002 | Step 00000 | Loss 1.7845 | Train Acc 0.5100 | Speed (samples/sec) 2490.6150 | GPU 1527.7 MB | time 0.517 sPart 23 | Epoch 00002 | Step 00000 | Loss 2.4825 | Train Acc 0.2820 | Speed (samples/sec) 2497.9818 | GPU 1574.0 MB | time 0.494 s
Part 20 | Epoch 00002 | Step 00000 | Loss 2.5205 | Train Acc 0.2910 | Speed (samples/sec) 2500.2691 | GPU 1569.9 MB | time 0.501 s

Part 3 | Epoch 00002 | Step 00000 | Loss 1.7921 | Train Acc 0.4970 | Speed (samples/sec) 2499.6887 | GPU 1536.1 MB | time 0.498 s
Part 18 | Epoch 00002 | Step 00000 | Loss 2.5600 | Train Acc 0.2730 | Speed (samples/sec) 2502.3977 | GPU 1563.1 MB | time 0.494 s
Part 6 | Epoch 00002 | Step 00000 | Loss 1.8110 | Train Acc 0.4970 | Speed (samples/sec) 2492.0732 | GPU 1537.5 MB | time 0.504 s
Part 31 | Epoch 00002 | Step 00000 | Loss 1.8548 | Train Acc 0.5320 | Speed (samples/sec) 2501.0259 | GPU 1663.0 MB | time 0.495 s
Part 21 | Epoch 00002 | Step 00000 | Loss 2.4713 | Train Acc 0.3210 | Speed (samples/sec) 2504.4154 | GPU 1573.1 MB | time 0.495 s
Part 25 | Epoch 00002 | Step 00000 | Loss 1.8837 | Train Acc 0.5180 | Speed (samples/sec) 2508.1721 | GPU 1656.9 MB | time 0.496 s
Part 29 | Epoch 00002 | Step 00000 | Loss 1.9386 | Train Acc 0.5230 | Speed (samples/sec) 2500.4247 | GPU 1660.1 MB | time 0.497 s
Part 8 | Epoch 00002 | Step 00000 | Loss 2.1658 | Train Acc 0.3870 | Speed (samples/sec) 2509.4680 | GPU 1800.3 MB | time 0.497 sPart 14 | Epoch 00002 | Step 00000 | Loss 2.1485 | Train Acc 0.3790 | Speed (samples/sec) 2509.1227 | GPU 1812.9 MB | time 0.468 s

Part 28 | Epoch 00002 | Step 00000 | Loss 1.8757 | Train Acc 0.5280 | Speed (samples/sec) 2504.8403 | GPU 1653.4 MB | time 0.484 sPart 30 | Epoch 00002 | Step 00000 | Loss 1.7936 | Train Acc 0.5430 | Speed (samples/sec) 2510.5424 | GPU 1671.7 MB | time 0.481 s

Part 9 | Epoch 00002 | Step 00000 | Loss 2.0803 | Train Acc 0.3920 | Speed (samples/sec) 2513.2551 | GPU 1801.4 MB | time 0.482 s
Part 10 | Epoch 00002 | Step 00000 | Loss 2.2112 | Train Acc 0.3920 | Speed (samples/sec) 2503.1457 | GPU 1799.1 MB | time 0.491 s
Part 13 | Epoch 00002 | Step 00000 | Loss 2.1087 | Train Acc 0.3990 | Speed (samples/sec) 2509.5588 | GPU 1801.2 MB | time 0.471 s
Part 26 | Epoch 00002 | Step 00000 | Loss 1.8565 | Train Acc 0.5240 | Speed (samples/sec) 2503.9134 | GPU 1649.0 MB | time 0.487 sPart 24 | Epoch 00002 | Step 00000 | Loss 1.9373 | Train Acc 0.5070 | Speed (samples/sec) 2510.0056 | GPU 1659.6 MB | time 0.483 s

Part 12 | Epoch 00002 | Step 00000 | Loss 2.1289 | Train Acc 0.3920 | Speed (samples/sec) 2516.7658 | GPU 1789.6 MB | time 0.476 s
Part 11 | Epoch 00002 | Step 00000 | Loss 2.2002 | Train Acc 0.3640 | Speed (samples/sec) 2507.5842 | GPU 1803.3 MB | time 0.475 s
Part 27 | Epoch 00002 | Step 00000 | Loss 2.0462 | Train Acc 0.4920 | Speed (samples/sec) 2502.6974 | GPU 1658.5 MB | time 0.489 s
Part 15 | Epoch 00002 | Step 00000 | Loss 2.1813 | Train Acc 0.3650 | Speed (samples/sec) 2511.5432 | GPU 1791.8 MB | time 0.485 s
Avg train acc 0.4241
=====================
Part 3, Epoch Time(s): 2.8823
Sampling Time(s): 0.2168
Loading Time(s): 0.5218
Forward Time(s): 0.2383
Backward Time(s): 0.0824
Update Time(s): 0.0051
Emb Update Time(s): 1.8135
#seeds: 6145
#inputs: 921200
==========================================
Part 2, Epoch Time(s): 2.9019
Sampling Time(s): 0.1965
Loading Time(s): 0.5452
Forward Time(s): 0.2545
Backward Time(s): 0.0827
Update Time(s): 0.0058
Emb Update Time(s): 1.8126
#seeds: 6144
#inputs: 923439
==========================================
Part 6, Epoch Time(s): 2.8885
Sampling Time(s): 0.1794
Loading Time(s): 0.5514
Forward Time(s): 0.2521
Backward Time(s): 0.0822
Update Time(s): 0.0057
Emb Update Time(s): 1.8133
#seeds: 6144
#inputs: 921176
==========================================
Part 1, Epoch Time(s): 2.8909
Sampling Time(s): 0.2053
Loading Time(s): 0.4963
Forward Time(s): 0.2845
Backward Time(s): 0.0825
Update Time(s): 0.0052
Emb Update Time(s): 1.8131
#seeds: 6145
#inputs: 917475
==========================================
Part 5, Epoch Time(s): 2.8829
Sampling Time(s): 0.2003
Loading Time(s): 0.5575
Forward Time(s): 0.2190
Backward Time(s): 0.0819
Update Time(s): 0.0059
Emb Update Time(s): 1.8137
#seeds: 6144
#inputs: 917105
=====================




=====================
Part 7, Epoch Time(s): 2.8880
Sampling Time(s): 0.2090
Loading Time(s): 0.5360
Forward Time(s): 0.2376
Backward Time(s): 0.0817
Update Time(s): 0.0043
Emb Update Time(s): 1.8150
#seeds: 6144
#inputs: 919910
==========================================
Part 4, Epoch Time(s): 2.8829
Sampling Time(s): 0.1957
Loading Time(s): 0.5473
Forward Time(s): 0.2346
Backward Time(s): 0.0823
Update Time(s): 0.0055
Emb Update Time(s): 1.8133
#seeds: 6144
#inputs: 923702
=====================

=====================
Part 0, Epoch Time(s): 2.8526
Sampling Time(s): 0.2290
Loading Time(s): 0.5421
Forward Time(s): 0.1743
Backward Time(s): 0.0829
Update Time(s): 0.0053
Emb Update Time(s): 1.8129
#seeds: 6144
#inputs: 921390
=====================
=====================
Part 16, Epoch Time(s): 2.8711
Sampling Time(s): 0.1941
Loading Time(s): 0.5386
Forward Time(s): 0.2336
Backward Time(s): 0.0818
Update Time(s): 0.0049
Emb Update Time(s): 1.8141
#seeds: 6144
#inputs: 916394
==========================================
Part 19, Epoch Time(s): 2.8768
Sampling Time(s): 0.2155
Loading Time(s): 0.4991
Forward Time(s): 0.2576
Backward Time(s): 0.0814
Update Time(s): 0.0050
Emb Update Time(s): 1.8144
#seeds: 6144
#inputs: 917194
==========================================
Part 17, Epoch Time(s): 2.8732
Sampling Time(s): 0.1990
Loading Time(s): 0.5736
Forward Time(s): 0.1946
Backward Time(s): 0.0818
Update Time(s): 0.0047
Emb Update Time(s): 1.8156
#seeds: 6145
#inputs: 919649
==========================================
Part 18, Epoch Time(s): 2.8786
Sampling Time(s): 0.1931
Loading Time(s): 0.5579
Forward Time(s): 0.2223
Backward Time(s): 0.0814
Update Time(s): 0.0053
Emb Update Time(s): 1.8144
#seeds: 6144
#inputs: 920964
=====================


=====================
Part 22, Epoch Time(s): 2.8663
Sampling Time(s): 0.1992
Loading Time(s): 0.5371
Forward Time(s): 0.2249
Backward Time(s): 0.0817
Update Time(s): 0.0049
Emb Update Time(s): 1.8146
#seeds: 6144
#inputs: 920167
=====================
=====================
Part 21, Epoch Time(s): 2.8797
Sampling Time(s): 0.2167
Loading Time(s): 0.5654
Forward Time(s): 0.1922
Backward Time(s): 0.0815
Update Time(s): 0.0065
Emb Update Time(s): 1.8131
#seeds: 6145
#inputs: 913458
=====================

=====================
Part 23, Epoch Time(s): 2.8787
Sampling Time(s): 0.2043
Loading Time(s): 0.5638
Forward Time(s): 0.2091
Backward Time(s): 0.0776
Update Time(s): 0.0054
Emb Update Time(s): 1.8139
#seeds: 6144
#inputs: 917216
=====================
=====================
Part 20, Epoch Time(s): 2.8857
Sampling Time(s): 0.2291
Loading Time(s): 0.5243
Forward Time(s): 0.2267
Backward Time(s): 0.0818
Update Time(s): 0.0049
Emb Update Time(s): 1.8142
#seeds: 6144
#inputs: 914018
=====================
=====================
Part 8, Epoch Time(s): 2.8818
Sampling Time(s): 0.1980
Loading Time(s): 0.6310
Forward Time(s): 0.1510
Backward Time(s): 0.0766
Update Time(s): 0.0044
Emb Update Time(s): 1.8165
#seeds: 6145
#inputs: 931647
==========================================
Part 15, Epoch Time(s): 2.8692
Sampling Time(s): 0.2330
Loading Time(s): 0.6475
Forward Time(s): 0.0919
Backward Time(s): 0.0756
Update Time(s): 0.0052
Emb Update Time(s): 1.8108
#seeds: 6144
#inputs: 935353
==========================================
Part 10, Epoch Time(s): 2.8759
Sampling Time(s): 0.2145
Loading Time(s): 0.6266
Forward Time(s): 0.1289
Backward Time(s): 0.0801
Update Time(s): 0.0047
Emb Update Time(s): 1.8166
#seeds: 6144
#inputs: 936076
==========================================
Part 9, Epoch Time(s): 2.8664
Sampling Time(s): 0.1866
Loading Time(s): 0.6467
Forward Time(s): 0.1273
Backward Time(s): 0.0802
Update Time(s): 0.0049
Emb Update Time(s): 1.8161
#seeds: 6144
#inputs: 935536
==========================================
Part 14, Epoch Time(s): 2.8527
Sampling Time(s): 0.2237
Loading Time(s): 0.6538
Forward Time(s): 0.0739
Backward Time(s): 0.0787
Update Time(s): 0.0052
Emb Update Time(s): 1.8131
#seeds: 6145
#inputs: 934815
==========================================
Part 12, Epoch Time(s): 2.8607
Sampling Time(s): 0.1924
Loading Time(s): 0.6076
Forward Time(s): 0.1545
Backward Time(s): 0.0799
Update Time(s): 0.0048
Emb Update Time(s): 1.8166
#seeds: 6144
#inputs: 927033
=====================
=====================
Part 11, Epoch Time(s): 2.8600
Sampling Time(s): 0.2365
Loading Time(s): 0.5753
Forward Time(s): 0.1419
Backward Time(s): 0.0801
Update Time(s): 0.0050
Emb Update Time(s): 1.8163
#seeds: 6144
#inputs: 932522
=====================




=====================
Part 13, Epoch Time(s): 2.8558
Sampling Time(s): 0.1942
Loading Time(s): 0.6657
Forward Time(s): 0.0896
Backward Time(s): 0.0803
Update Time(s): 0.0052
Emb Update Time(s): 1.8162
#seeds: 6144
#inputs: 933465
=====================

=====================
Part 25, Epoch Time(s): 2.8810
Sampling Time(s): 0.2054
Loading Time(s): 0.6211
Forward Time(s): 0.1489
Backward Time(s): 0.0808
Update Time(s): 0.0048
Emb Update Time(s): 1.8157
#seeds: 6144
#inputs: 928617
==========================================
Part 26, Epoch Time(s): 2.8715
Sampling Time(s): 0.2138
Loading Time(s): 0.5725
Forward Time(s): 0.1790
Backward Time(s): 0.0807
Update Time(s): 0.0052
Emb Update Time(s): 1.8153
#seeds: 6144
#inputs: 920371
==========================================
Part 27, Epoch Time(s): 2.8738
Sampling Time(s): 0.1943
Loading Time(s): 0.6135
Forward Time(s): 0.1635
Backward Time(s): 0.0793
Update Time(s): 0.0075
Emb Update Time(s): 1.8106
#seeds: 6144
#inputs: 925878
==========================================
Part 29, Epoch Time(s): 2.8817
Sampling Time(s): 0.2113
Loading Time(s): 0.6518
Forward Time(s): 0.1158
Backward Time(s): 0.0787
Update Time(s): 0.0044
Emb Update Time(s): 1.8152
#seeds: 6145
#inputs: 927129
=====================



=====================
Part 31, Epoch Time(s): 2.8794
Sampling Time(s): 0.1984
Loading Time(s): 0.6040
Forward Time(s): 0.1744
Backward Time(s): 0.0796
Update Time(s): 0.0056
Emb Update Time(s): 1.8131
#seeds: 6144
#inputs: 921726
=====================
=====================
Part 30, Epoch Time(s): 2.8658
Sampling Time(s): 0.1928
Loading Time(s): 0.5803
Forward Time(s): 0.1856
Backward Time(s): 0.0804
Update Time(s): 0.0049
Emb Update Time(s): 1.8164
#seeds: 6144
#inputs: 922035
=====================
=====================
Part 24, Epoch Time(s): 2.8679
Sampling Time(s): 0.2144
Loading Time(s): 0.5689
Forward Time(s): 0.1796
Backward Time(s): 0.0799
Update Time(s): 0.0049
Emb Update Time(s): 1.8151
#seeds: 6144
#inputs: 922872
==========================================
Part 28, Epoch Time(s): 2.8684
Sampling Time(s): 0.2183
Loading Time(s): 0.6055
Forward Time(s): 0.1375
Backward Time(s): 0.0804
Update Time(s): 0.0048
Emb Update Time(s): 1.8170
#seeds: 6144
#inputs: 926363
=====================

|V|=2449029, eval batch size: 100000
|V|=2449029, eval batch size: 100000
|V|=2449029, eval batch size: 100000
|V|=2449029, eval batch size: 100000
|V|=2449029, eval batch size: 100000
|V|=2449029, eval batch size: 100000
|V|=2449029, eval batch size: 100000
|V|=2449029, eval batch size: 100000
|V|=2449029, eval batch size: 100000
|V|=2449029, eval batch size: 100000
|V|=2449029, eval batch size: 100000
|V|=2449029, eval batch size: 100000|V|=2449029, eval batch size: 100000

|V|=2449029, eval batch size: 100000
|V|=2449029, eval batch size: 100000
|V|=2449029, eval batch size: 100000
|V|=2449029, eval batch size: 100000
|V|=2449029, eval batch size: 100000
|V|=2449029, eval batch size: 100000
|V|=2449029, eval batch size: 100000
|V|=2449029, eval batch size: 100000
|V|=2449029, eval batch size: 100000
|V|=2449029, eval batch size: 100000
|V|=2449029, eval batch size: 100000
|V|=2449029, eval batch size: 100000
|V|=2449029, eval batch size: 100000
|V|=2449029, eval batch size: 100000
|V|=2449029, eval batch size: 100000
|V|=2449029, eval batch size: 100000
|V|=2449029, eval batch size: 100000
|V|=2449029, eval batch size: 100000
|V|=2449029, eval batch size: 100000
|V|=2449029, eval batch size: 100000
|V|=2449029, eval batch size: 100000
|V|=2449029, eval batch size: 100000
|V|=2449029, eval batch size: 100000
|V|=2449029, eval batch size: 100000
|V|=2449029, eval batch size: 100000
|V|=2449029, eval batch size: 100000
|V|=2449029, eval batch size: 100000|V|=2449029, eval batch size: 100000

|V|=2449029, eval batch size: 100000
|V|=2449029, eval batch size: 100000
|V|=2449029, eval batch size: 100000
|V|=2449029, eval batch size: 100000
|V|=2449029, eval batch size: 100000
|V|=2449029, eval batch size: 100000
|V|=2449029, eval batch size: 100000
|V|=2449029, eval batch size: 100000
|V|=2449029, eval batch size: 100000
|V|=2449029, eval batch size: 100000
|V|=2449029, eval batch size: 100000
|V|=2449029, eval batch size: 100000
|V|=2449029, eval batch size: 100000
|V|=2449029, eval batch size: 100000
|V|=2449029, eval batch size: 100000
|V|=2449029, eval batch size: 100000
|V|=2449029, eval batch size: 100000
|V|=2449029, eval batch size: 100000
|V|=2449029, eval batch size: 100000
|V|=2449029, eval batch size: 100000
|V|=2449029, eval batch size: 100000
|V|=2449029, eval batch size: 100000
|V|=2449029, eval batch size: 100000
Part 9, Val Acc 0.7274, Test Acc 0.4625, time: 4.9369
Part 20, Val Acc 0.6498, Test Acc 0.3476, time: 4.9399
Part 2, Val Acc 0.8112, Test Acc 0.5792, time: 4.9413
Part 28, Val Acc 0.7592, Test Acc 0.4937, time: 4.9419
Part 6, Val Acc 0.7941, Test Acc 0.5843, time: 4.9446
Part 1, Val Acc 0.7901, Test Acc 0.5836, time: 4.9501
Part 7, Val Acc 0.8039, Test Acc 0.5829, time: 4.9503
Part 4, Val Acc 0.8094, Test Acc 0.5849, time: 4.9514
Part 0, Val Acc 0.7933, Test Acc 0.5832, time: 4.9522
Part 5, Val Acc 0.7836, Test Acc 0.5855, time: 4.9523
Part 3, Val Acc 0.7795, Test Acc 0.5841, time: 4.9540
Part 16, Val Acc 0.6412, Test Acc 0.3494, time: 4.9540
Part 24, Val Acc 0.7225, Test Acc 0.4916, time: 4.9551
Part 26, Val Acc 0.7329, Test Acc 0.4909, time: 4.9555
Part 22, Val Acc 0.6526, Test Acc 0.3483, time: 4.9572
Part 23, Val Acc 0.6379, Test Acc 0.3453, time: 4.9612
Part 21, Val Acc 0.6363, Test Acc 0.3483, time: 4.9615
Part 14, Val Acc 0.7290, Test Acc 0.4650, time: 4.9618
Part 12, Val Acc 0.7492, Test Acc 0.4652, time: 4.9620
Part 10, Val Acc 0.7290, Test Acc 0.4624, time: 4.9626
Part 17, Val Acc 0.6444, Test Acc 0.3495, time: 4.9639
Part 30, Val Acc 0.7445, Test Acc 0.4955, time: 4.9655
Part 18, Val Acc 0.6428, Test Acc 0.3500, time: 4.9661
Part 25, Val Acc 0.7329, Test Acc 0.4898, time: 4.9662
Part 11, Val Acc 0.7331, Test Acc 0.4638, time: 4.9670
Part 29, Val Acc 0.7421, Test Acc 0.4924, time: 4.9721
Part 19, Val Acc 0.6200, Test Acc 0.3521, time: 4.9723
Part 27, Val Acc 0.7421, Test Acc 0.4948, time: 4.9736
Part 31, Val Acc 0.7307, Test Acc 0.4959, time: 4.9740
Part 8, Val Acc 0.7299, Test Acc 0.4670, time: 4.9758
Part 15, Val Acc 0.7136, Test Acc 0.4663, time: 4.9765
Part 13, Val Acc 0.7185, Test Acc 0.4649, time: 4.9777
All parts avg val acc 0.7258, test acc 0.4725
Part 7 | Epoch 00003 | Step 00000 | Loss 0.8976 | Train Acc 0.7750 | Speed (samples/sec) 2357.7166 | GPU 1532.4 MB | time 0.394 sPart 2 | Epoch 00003 | Step 00000 | Loss 0.9657 | Train Acc 0.7640 | Speed (samples/sec) 2352.0586 | GPU 1527.7 MB | time 0.403 sPart 3 | Epoch 00003 | Step 00000 | Loss 0.9460 | Train Acc 0.7530 | Speed (samples/sec) 2362.3277 | GPU 1536.1 MB | time 0.391 sPart 0 | Epoch 00003 | Step 00000 | Loss 0.8927 | Train Acc 0.7650 | Speed (samples/sec) 2385.7681 | GPU 1532.5 MB | time 0.366 s



Part 4 | Epoch 00003 | Step 00000 | Loss 0.8967 | Train Acc 0.7800 | Speed (samples/sec) 2361.0751 | GPU 1536.1 MB | time 0.393 s
Part 5 | Epoch 00003 | Step 00000 | Loss 0.8618 | Train Acc 0.7800 | Speed (samples/sec) 2361.3867 | GPU 1546.5 MB | time 0.392 s
Part 6 | Epoch 00003 | Step 00000 | Loss 0.8789 | Train Acc 0.7820 | Speed (samples/sec) 2353.9263 | GPU 1537.5 MB | time 0.400 s
Part 23 | Epoch 00003 | Step 00000 | Loss 1.6103 | Train Acc 0.5900 | Speed (samples/sec) 2363.3506 | GPU 1574.0 MB | time 0.383 s
Part 20 | Epoch 00003 | Step 00000 | Loss 1.4783 | Train Acc 0.6080 | Speed (samples/sec) 2357.6223 | GPU 1569.9 MB | time 0.404 s
Part 21 | Epoch 00003 | Step 00000 | Loss 1.5869 | Train Acc 0.5970 | Speed (samples/sec) 2367.8839 | GPU 1574.0 MB | time 0.383 sPart 22 | Epoch 00003 | Step 00000 | Loss 1.5597 | Train Acc 0.5960 | Speed (samples/sec) 2367.6063 | GPU 1576.4 MB | time 0.387 sPart 16 | Epoch 00003 | Step 00000 | Loss 1.6529 | Train Acc 0.5770 | Speed (samples/sec) 2363.6422 | GPU 1577.0 MB | time 0.391 s


Part 18 | Epoch 00003 | Step 00000 | Loss 1.6069 | Train Acc 0.5780 | Speed (samples/sec) 2367.9926 | GPU 1563.1 MB | time 0.378 s
Part 17 | Epoch 00003 | Step 00000 | Loss 1.4884 | Train Acc 0.5990 | Speed (samples/sec) 2369.1166 | GPU 1568.9 MB | time 0.380 s
Part 19 | Epoch 00003 | Step 00000 | Loss 1.5857 | Train Acc 0.5920 | Speed (samples/sec) 2371.7518 | GPU 1568.7 MB | time 0.372 s
Part 25 | Epoch 00003 | Step 00000 | Loss 1.0999 | Train Acc 0.7230 | Speed (samples/sec) 2371.5060 | GPU 1656.9 MB | time 0.378 sPart 31 | Epoch 00003 | Step 00000 | Loss 1.0470 | Train Acc 0.7120 | Speed (samples/sec) 2370.0483 | GPU 1663.2 MB | time 0.371 s

Part 30 | Epoch 00003 | Step 00000 | Loss 1.0912 | Train Acc 0.7030 | Speed (samples/sec) 2373.0270 | GPU 1671.7 MB | time 0.379 s
Part 27 | Epoch 00003 | Step 00000 | Loss 1.0852 | Train Acc 0.7180 | Speed (samples/sec) 2371.2539 | GPU 1658.5 MB | time 0.371 sPart 28 | Epoch 00003 | Step 00000 | Loss 1.1142 | Train Acc 0.7030 | Speed (samples/sec) 2361.1526 | GPU 1654.7 MB | time 0.403 s
Part 29 | Epoch 00003 | Step 00000 | Loss 1.1011 | Train Acc 0.7290 | Speed (samples/sec) 2369.3777 | GPU 1660.1 MB | time 0.372 s

Part 14 | Epoch 00003 | Step 00000 | Loss 1.2639 | Train Acc 0.6930 | Speed (samples/sec) 2371.1692 | GPU 1812.9 MB | time 0.383 s
Part 9 | Epoch 00003 | Step 00000 | Loss 1.2811 | Train Acc 0.6770 | Speed (samples/sec) 2364.9196 | GPU 1801.4 MB | time 0.408 s
Part 1 | Epoch 00003 | Step 00000 | Loss 0.9502 | Train Acc 0.7490 | Speed (samples/sec) 2357.5271 | GPU 1529.8 MB | time 0.394 s
Part 12 | Epoch 00003 | Step 00000 | Loss 1.2377 | Train Acc 0.7150 | Speed (samples/sec) 2375.8070 | GPU 1789.6 MB | time 0.382 sPart 11 | Epoch 00003 | Step 00000 | Loss 1.3247 | Train Acc 0.6750 | Speed (samples/sec) 2371.6982 | GPU 1803.3 MB | time 0.378 sPart 13 | Epoch 00003 | Step 00000 | Loss 1.2995 | Train Acc 0.6930 | Speed (samples/sec) 2376.9996 | GPU 1801.2 MB | time 0.367 s


Part 15 | Epoch 00003 | Step 00000 | Loss 1.2514 | Train Acc 0.7000 | Speed (samples/sec) 2378.0390 | GPU 1793.5 MB | time 0.368 s
Part 8 | Epoch 00003 | Step 00000 | Loss 1.3512 | Train Acc 0.6660 | Speed (samples/sec) 2376.5106 | GPU 1800.3 MB | time 0.369 s
Part 10 | Epoch 00003 | Step 00000 | Loss 1.3436 | Train Acc 0.6640 | Speed (samples/sec) 2367.2559 | GPU 1799.1 MB | time 0.382 s
Part 24 | Epoch 00003 | Step 00000 | Loss 1.0474 | Train Acc 0.7230 | Speed (samples/sec) 2369.0274 | GPU 1659.6 MB | time 0.389 s
Part 26 | Epoch 00003 | Step 00000 | Loss 1.0665 | Train Acc 0.7130 | Speed (samples/sec) 2365.2701 | GPU 1649.5 MB | time 0.389 s
Avg train acc 0.6904
finish profiling
finish profiling
finish profiling
finish profiling
finish profiling
finish profiling
finish profiling
finish profiling
finish profiling
finish profiling
finish profiling
finish profiling
finish profiling
finish profiling
finish profiling
finish profiling
finish profiling
finish profiling
finish profiling
finish profiling
finish profiling
finish profiling
finish profiling
finish profiling
finish profiling
finish profiling
finish profiling
finish profiling
finish profiling
finish profiling
finish profiling
finish profiling
finish profiling, threshold 0
results:  {0.2: [2607.543468475342, 378.88169288635254, 220.18837928771973], 0.175: [280.69138526916504, 332.75842666625977], 0.15: [316.8339729309082], 0.125: [349.73859786987305, 254.71067428588867], 0.1: [292.4668788909912, 309.7865581512451], 0.075: [496.1838722229004, 261.94047927856445], 0.05: [360.63289642333984], 0.0375: [406.5442085266113, 388.8821601867676], 0.025: [472.1555709838867, 435.4245662689209], 0.0125: [440.01102447509766], 0: [251.54638290405273, 269.0277099609375]}
total_results:  finish profiling, threshold 0finish profiling, threshold 0

finish profiling, threshold 0
finish profiling, threshold 0
finish profiling, threshold 0
finish profiling, threshold 0
finish profiling, threshold 0
finish profiling, threshold 0
finish profiling, threshold 0
finish profiling, threshold 0
finish profiling, threshold 0
finish profiling, threshold 0
finish profiling, threshold 0
finish profiling, threshold 0
finish profiling, threshold 0
finish profiling, threshold 0
finish profiling, threshold 0
finish profiling, threshold 0finish profiling, threshold 0

finish profiling, threshold 0
finish profiling, threshold 0
finish profiling, threshold 0
finish profiling, threshold 0
finish profiling, threshold 0
finish profiling, threshold 0
finish profiling, threshold 0
finish profiling, threshold 0finish profiling, threshold 0

finish profiling, threshold 0
finish profiling, threshold 0
tensor([ 9727.9700,  9607.4208, 10427.3567,  9905.9657,  9602.2865, 12097.2295,
        12716.6595, 12835.7390, 14570.8531, 14062.4328,  8767.9679],
       dtype=torch.float64)
candidate grid:  [0]
select grid:  0
finish profiling, threshold 0
=====================
Part 3, Epoch Time(s): 2.0777
Sampling Time(s): 0.1685
Loading Time(s): 0.5461
Forward Time(s): 0.2848
Backward Time(s): 0.0737
Update Time(s): 0.0036
Emb Update Time(s): 0.9975
#seeds: 6145
#inputs: 919440
==========================================
Part 0, Epoch Time(s): 2.0534
Sampling Time(s): 0.1866
Loading Time(s): 0.6439
Forward Time(s): 0.1435
Backward Time(s): 0.0741
Update Time(s): 0.0041
Emb Update Time(s): 0.9967
#seeds: 6144
#inputs: 922668
==========================================
Part 2, Epoch Time(s): 2.0902
Sampling Time(s): 0.1660
Loading Time(s): 0.5138
Forward Time(s): 0.3321
Backward Time(s): 0.0733
Update Time(s): 0.0038
Emb Update Time(s): 0.9976
#seeds: 6144
#inputs: 924166
==========================================
Part 4, Epoch Time(s): 2.0802
Sampling Time(s): 0.1698
Loading Time(s): 0.5530
Forward Time(s): 0.2791
Backward Time(s): 0.0735
Update Time(s): 0.0041
Emb Update Time(s): 0.9970
#seeds: 6144
#inputs: 918141
=====================
=====================
Part 7, Epoch Time(s): 2.0814
Sampling Time(s): 0.1750
Loading Time(s): 0.5757
Forward Time(s): 0.2524
Backward Time(s): 0.0733
Update Time(s): 0.0036
Emb Update Time(s): 0.9979
#seeds: 6144
#inputs: 917319
=====================
=====================
Part 5, Epoch Time(s): 2.0794
Sampling Time(s): 0.1599
Loading Time(s): 0.5639
Forward Time(s): 0.2793
Backward Time(s): 0.0718
Update Time(s): 0.0042
Emb Update Time(s): 0.9966
#seeds: 6144
#inputs: 914555
=====================

=====================
Part 6, Epoch Time(s): 2.0872
Sampling Time(s): 0.1983
Loading Time(s): 0.5663
Forward Time(s): 0.2441
Backward Time(s): 0.0741
Update Time(s): 0.0053
Emb Update Time(s): 0.9955
#seeds: 6144
#inputs: 919675
=====================
=====================
Part 1, Epoch Time(s): 2.0815
Sampling Time(s): 0.1747
Loading Time(s): 0.5857
Forward Time(s): 0.2422
Backward Time(s): 0.0744
Update Time(s): 0.0053
Emb Update Time(s): 0.9950
#seeds: 6145
#inputs: 918078
=====================


=====================
Part 20, Epoch Time(s): 2.0916
Sampling Time(s): 0.1914
Loading Time(s): 0.6231
Forward Time(s): 0.1986
Backward Time(s): 0.0721
Update Time(s): 0.0038
Emb Update Time(s): 0.9990
#seeds: 6144
#inputs: 913383
==========================================
Part 18, Epoch Time(s): 2.0655
Sampling Time(s): 0.1574
Loading Time(s): 0.5734
Forward Time(s): 0.2561
Backward Time(s): 0.0723
Update Time(s): 0.0037
Emb Update Time(s): 0.9989
#seeds: 6144
#inputs: 916738
==========================================
Part 23, Epoch Time(s): 2.0705
Sampling Time(s): 0.1503
Loading Time(s): 0.5983
Forward Time(s): 0.2434
Backward Time(s): 0.0721
Update Time(s): 0.0039
Emb Update Time(s): 0.9990
#seeds: 6144
#inputs: 917406
==========================================
Part 22, Epoch Time(s): 2.0745
Sampling Time(s): 0.1742
Loading Time(s): 0.6136
Forward Time(s): 0.2102
Backward Time(s): 0.0723
Update Time(s): 0.0040
Emb Update Time(s): 0.9967
#seeds: 6144
#inputs: 921408
==========================================
Part 19, Epoch Time(s): 2.0593
Sampling Time(s): 0.1915
Loading Time(s): 0.6195
Forward Time(s): 0.1696
Backward Time(s): 0.0726
Update Time(s): 0.0049
Emb Update Time(s): 0.9975
#seeds: 6144
#inputs: 919061
=====================
=====================
Part 16, Epoch Time(s): 2.0776
Sampling Time(s): 0.1732
Loading Time(s): 0.5866
Forward Time(s): 0.2391
Backward Time(s): 0.0726
Update Time(s): 0.0036
Emb Update Time(s): 0.9990
#seeds: 6144
#inputs: 917966
=====================
=====================
Part 17, Epoch Time(s): 2.0674
Sampling Time(s): 0.1764
Loading Time(s): 0.6186
Forward Time(s): 0.1936
Backward Time(s): 0.0732
Update Time(s): 0.0035
Emb Update Time(s): 0.9984
#seeds: 6145
#inputs: 920260
=====================




=====================
Part 21, Epoch Time(s): 2.0703
Sampling Time(s): 0.1624
Loading Time(s): 0.6295
Forward Time(s): 0.1996
Backward Time(s): 0.0728
Update Time(s): 0.0039
Emb Update Time(s): 0.9984
#seeds: 6145
#inputs: 912267
=====================
=====================
Part 11, Epoch Time(s): 2.0646
Sampling Time(s): 0.2015
Loading Time(s): 0.6915
Forward Time(s): 0.0961
Backward Time(s): 0.0716
Update Time(s): 0.0039
Emb Update Time(s): 0.9963
#seeds: 6144
#inputs: 935587
==========================================
Part 12, Epoch Time(s): 2.0694
Sampling Time(s): 0.1578
Loading Time(s): 0.6143
Forward Time(s): 0.2184
Backward Time(s): 0.0724
Update Time(s): 0.0038
Emb Update Time(s): 0.9989
#seeds: 6144
#inputs: 930292
==========================================
Part 9, Epoch Time(s): 2.0946
Sampling Time(s): 0.1598
Loading Time(s): 0.6553
Forward Time(s): 0.2006
Backward Time(s): 0.0724
Update Time(s): 0.0037
Emb Update Time(s): 0.9991
#seeds: 6144
#inputs: 936331
==========================================
Part 8, Epoch Time(s): 2.0559
Sampling Time(s): 0.1761
Loading Time(s): 0.6824
Forward Time(s): 0.1200
Backward Time(s): 0.0719
Update Time(s): 0.0036
Emb Update Time(s): 0.9981
#seeds: 6145
#inputs: 933470
==========================================
Part 14, Epoch Time(s): 2.0696
Sampling Time(s): 0.1647
Loading Time(s): 0.6636
Forward Time(s): 0.1633
Backward Time(s): 0.0711
Update Time(s): 0.0038
Emb Update Time(s): 0.9997
#seeds: 6145
#inputs: 932552
==========================================
Part 10, Epoch Time(s): 2.0690
Sampling Time(s): 0.1869
Loading Time(s): 0.6866
Forward Time(s): 0.1194
Backward Time(s): 0.0716
Update Time(s): 0.0039
Emb Update Time(s): 0.9967
#seeds: 6144
#inputs: 935607
==========================================
Part 15, Epoch Time(s): 2.0550
Sampling Time(s): 0.1840
Loading Time(s): 0.6828
Forward Time(s): 0.1153
Backward Time(s): 0.0707
Update Time(s): 0.0041
Emb Update Time(s): 0.9945
#seeds: 6144
#inputs: 935924
==========================================
Part 13, Epoch Time(s): 2.0539
Sampling Time(s): 0.1666
Loading Time(s): 0.6655
Forward Time(s): 0.1429
Backward Time(s): 0.0724
Update Time(s): 0.0042
Emb Update Time(s): 0.9987
#seeds: 6144
#inputs: 936188
=====================







=====================
Part 30, Epoch Time(s): 2.0659
Sampling Time(s): 0.1661
Loading Time(s): 0.6581
Forward Time(s): 0.1632
Backward Time(s): 0.0713
Update Time(s): 0.0035
Emb Update Time(s): 1.0003
#seeds: 6144
#inputs: 920895
==========================================
Part 24, Epoch Time(s): 2.0763
Sampling Time(s): 0.1759
Loading Time(s): 0.6867
Forward Time(s): 0.1346
Backward Time(s): 0.0727
Update Time(s): 0.0042
Emb Update Time(s): 0.9983
#seeds: 6144
#inputs: 925343
==========================================
Part 28, Epoch Time(s): 2.0897
Sampling Time(s): 0.1964
Loading Time(s): 0.6926
Forward Time(s): 0.1245
Backward Time(s): 0.0713
Update Time(s): 0.0038
Emb Update Time(s): 0.9974
#seeds: 6144
#inputs: 925469
==========================================
Part 25, Epoch Time(s): 2.0654
Sampling Time(s): 0.1953
Loading Time(s): 0.6824
Forward Time(s): 0.1098
Backward Time(s): 0.0722
Update Time(s): 0.0037
Emb Update Time(s): 0.9985
#seeds: 6144
#inputs: 927716
==========================================
Part 27, Epoch Time(s): 2.0576
Sampling Time(s): 0.1731
Loading Time(s): 0.6786
Forward Time(s): 0.1308
Backward Time(s): 0.0685
Update Time(s): 0.0039
Emb Update Time(s): 0.9991
#seeds: 6144
#inputs: 925231
==========================================
Part 31, Epoch Time(s): 2.0576
Sampling Time(s): 0.1868
Loading Time(s): 0.6907
Forward Time(s): 0.1050
Backward Time(s): 0.0717
Update Time(s): 0.0038
Emb Update Time(s): 0.9960
#seeds: 6144
#inputs: 921163
=====================





=====================
Part 29, Epoch Time(s): 2.0594
Sampling Time(s): 0.1950
Loading Time(s): 0.7020
Forward Time(s): 0.0853
Backward Time(s): 0.0717
Update Time(s): 0.0043
Emb Update Time(s): 0.9974
#seeds: 6145
#inputs: 924435
==========================================
Part 26, Epoch Time(s): 2.0762
Sampling Time(s): 0.1848
Loading Time(s): 0.6461
Forward Time(s): 0.1658
Backward Time(s): 0.0727
Update Time(s): 0.0045
Emb Update Time(s): 0.9982
#seeds: 6144
#inputs: 918998
=====================

|V|=2449029, eval batch size: 100000|V|=2449029, eval batch size: 100000

|V|=2449029, eval batch size: 100000
|V|=2449029, eval batch size: 100000
|V|=2449029, eval batch size: 100000
|V|=2449029, eval batch size: 100000
|V|=2449029, eval batch size: 100000
|V|=2449029, eval batch size: 100000
|V|=2449029, eval batch size: 100000
|V|=2449029, eval batch size: 100000
|V|=2449029, eval batch size: 100000
|V|=2449029, eval batch size: 100000
|V|=2449029, eval batch size: 100000
|V|=2449029, eval batch size: 100000
|V|=2449029, eval batch size: 100000
|V|=2449029, eval batch size: 100000
|V|=2449029, eval batch size: 100000
|V|=2449029, eval batch size: 100000|V|=2449029, eval batch size: 100000

|V|=2449029, eval batch size: 100000|V|=2449029, eval batch size: 100000

|V|=2449029, eval batch size: 100000
|V|=2449029, eval batch size: 100000
|V|=2449029, eval batch size: 100000
|V|=2449029, eval batch size: 100000
|V|=2449029, eval batch size: 100000
|V|=2449029, eval batch size: 100000
|V|=2449029, eval batch size: 100000
|V|=2449029, eval batch size: 100000
|V|=2449029, eval batch size: 100000
|V|=2449029, eval batch size: 100000
|V|=2449029, eval batch size: 100000
|V|=2449029, eval batch size: 100000
|V|=2449029, eval batch size: 100000
|V|=2449029, eval batch size: 100000
|V|=2449029, eval batch size: 100000
|V|=2449029, eval batch size: 100000
|V|=2449029, eval batch size: 100000
|V|=2449029, eval batch size: 100000
|V|=2449029, eval batch size: 100000
|V|=2449029, eval batch size: 100000
|V|=2449029, eval batch size: 100000
|V|=2449029, eval batch size: 100000
|V|=2449029, eval batch size: 100000
|V|=2449029, eval batch size: 100000
|V|=2449029, eval batch size: 100000
|V|=2449029, eval batch size: 100000
|V|=2449029, eval batch size: 100000
|V|=2449029, eval batch size: 100000
|V|=2449029, eval batch size: 100000
|V|=2449029, eval batch size: 100000
|V|=2449029, eval batch size: 100000
|V|=2449029, eval batch size: 100000
|V|=2449029, eval batch size: 100000
|V|=2449029, eval batch size: 100000
|V|=2449029, eval batch size: 100000
|V|=2449029, eval batch size: 100000
|V|=2449029, eval batch size: 100000
|V|=2449029, eval batch size: 100000
|V|=2449029, eval batch size: 100000
|V|=2449029, eval batch size: 100000
|V|=2449029, eval batch size: 100000
|V|=2449029, eval batch size: 100000|V|=2449029, eval batch size: 100000

Part 2, Val Acc 0.9072, Test Acc 0.6978, time: 4.8779
Part 6, Val Acc 0.9105, Test Acc 0.7031, time: 4.8876
Part 24, Val Acc 0.8600, Test Acc 0.6102, time: 4.8906
Part 28, Val Acc 0.8804, Test Acc 0.6137, time: 4.8915
Part 7, Val Acc 0.9089, Test Acc 0.7016, time: 4.8975
Part 1, Val Acc 0.9072, Test Acc 0.7023, time: 4.8978
Part 0, Val Acc 0.9121, Test Acc 0.7039, time: 4.8982
Part 23, Val Acc 0.8381, Test Acc 0.5398, time: 4.8981
Part 4, Val Acc 0.9194, Test Acc 0.7041, time: 4.8992
Part 20, Val Acc 0.8396, Test Acc 0.5419, time: 4.9013
Part 10, Val Acc 0.8291, Test Acc 0.6018, time: 4.9014
Part 3, Val Acc 0.9203, Test Acc 0.7043, time: 4.9019
Part 27, Val Acc 0.8739, Test Acc 0.6133, time: 4.9020
Part 22, Val Acc 0.8454, Test Acc 0.5419, time: 4.9034
Part 25, Val Acc 0.8583, Test Acc 0.6109, time: 4.9042
Part 5, Val Acc 0.8942, Test Acc 0.7025, time: 4.9044
Part 8, Val Acc 0.8446, Test Acc 0.6055, time: 4.9064
Part 17, Val Acc 0.8267, Test Acc 0.5426, time: 4.9065
Part 13, Val Acc 0.8405, Test Acc 0.6043, time: 4.9079
Part 15, Val Acc 0.8381, Test Acc 0.6041, time: 4.9091
Part 18, Val Acc 0.8421, Test Acc 0.5427, time: 4.9092
Part 16, Val Acc 0.8348, Test Acc 0.5436, time: 4.9105
Part 19, Val Acc 0.8340, Test Acc 0.5449, time: 4.9117
Part 12, Val Acc 0.8518, Test Acc 0.6041, time: 4.9118
Part 9, Val Acc 0.8242, Test Acc 0.6021, time: 4.9130
Part 26, Val Acc 0.8730, Test Acc 0.6116, time: 4.9137
Part 31, Val Acc 0.8609, Test Acc 0.6134, time: 4.9150
Part 21, Val Acc 0.8356, Test Acc 0.5406, time: 4.9185
Part 29, Val Acc 0.8885, Test Acc 0.6120, time: 4.9208
Part 11, Val Acc 0.8576, Test Acc 0.6019, time: 4.9218
Part 30, Val Acc 0.8771, Test Acc 0.6144, time: 4.9230
Part 14, Val Acc 0.8340, Test Acc 0.6042, time: 4.9238
All parts avg val acc 0.8646, test acc 0.6152
Part 4 | Epoch 00004 | Step 00000 | Loss 0.3818 | Train Acc 0.9110 | Speed (samples/sec) 2531.9394 | GPU 1536.1 MB | time 0.401 s
Part 2 | Epoch 00004 | Step 00000 | Loss 0.3599 | Train Acc 0.9160 | Speed (samples/sec) 2520.5038 | GPU 1527.7 MB | time 0.422 sPart 3 | Epoch 00004 | Step 00000 | Loss 0.4446 | Train Acc 0.9050 | Speed (samples/sec) 2533.6557 | GPU 1536.1 MB | time 0.398 s

Part 6 | Epoch 00004 | Step 00000 | Loss 0.3751 | Train Acc 0.9230 | Speed (samples/sec) 2524.0569 | GPU 1537.5 MB | time 0.413 s
Part 1 | Epoch 00004 | Step 00000 | Loss 0.3674 | Train Acc 0.9200 | Speed (samples/sec) 2529.3571 | GPU 1530.2 MB | time 0.402 s
Part 5 | Epoch 00004 | Step 00000 | Loss 0.3725 | Train Acc 0.9230 | Speed (samples/sec) 2533.5446 | GPU 1546.5 MB | time 0.395 s
Part 7 | Epoch 00004 | Step 00000 | Loss 0.3615 | Train Acc 0.9100 | Speed (samples/sec) 2529.0613 | GPU 1532.4 MB | time 0.403 sPart 0 | Epoch 00004 | Step 00000 | Loss 0.3428 | Train Acc 0.9210 | Speed (samples/sec) 2556.8301 | GPU 1532.9 MB | time 0.376 s

Part 22 | Epoch 00004 | Step 00000 | Loss 0.8067 | Train Acc 0.8390 | Speed (samples/sec) 2537.7104 | GPU 1576.9 MB | time 0.397 sPart 16 | Epoch 00004 | Step 00000 | Loss 0.7952 | Train Acc 0.8330 | Speed (samples/sec) 2536.6164 | GPU 1577.0 MB | time 0.390 sPart 17 | Epoch 00004 | Step 00000 | Loss 0.8462 | Train Acc 0.8110 | Speed (samples/sec) 2539.7871 | GPU 1568.9 MB | time 0.394 sPart 23 | Epoch 00004 | Step 00000 | Loss 0.7929 | Train Acc 0.8340 | Speed (samples/sec) 2533.3312 | GPU 1574.0 MB | time 0.402 sPart 20 | Epoch 00004 | Step 00000 | Loss 0.7313 | Train Acc 0.8410 | Speed (samples/sec) 2529.8962 | GPU 1569.9 MB | time 0.399 s




Part 18 | Epoch 00004 | Step 00000 | Loss 0.8009 | Train Acc 0.8370 | Speed (samples/sec) 2539.4785 | GPU 1563.1 MB | time 0.391 s
Part 19 | Epoch 00004 | Step 00000 | Loss 0.7559 | Train Acc 0.8360 | Speed (samples/sec) 2542.9910 | GPU 1568.7 MB | time 0.388 s
Part 14 | Epoch 00004 | Step 00000 | Loss 0.7014 | Train Acc 0.8500 | Speed (samples/sec) 2545.7300 | GPU 1812.9 MB | time 0.376 s
Part 10 | Epoch 00004 | Step 00000 | Loss 0.6342 | Train Acc 0.8590 | Speed (samples/sec) 2537.1385 | GPU 1799.1 MB | time 0.399 s
Part 31 | Epoch 00004 | Step 00000 | Loss 0.5525 | Train Acc 0.8790 | Speed (samples/sec) 2542.4191 | GPU 1663.6 MB | time 0.385 sPart 29 | Epoch 00004 | Step 00000 | Loss 0.6275 | Train Acc 0.8550 | Speed (samples/sec) 2543.6757 | GPU 1660.1 MB | time 0.379 s

Part 30 | Epoch 00004 | Step 00000 | Loss 0.5296 | Train Acc 0.8840 | Speed (samples/sec) 2546.7966 | GPU 1671.7 MB | time 0.377 s
Part 28 | Epoch 00004 | Step 00000 | Loss 0.6322 | Train Acc 0.8530 | Speed (samples/sec) 2530.2842 | GPU 1654.7 MB | time 0.408 s
Part 24 | Epoch 00004 | Step 00000 | Loss 0.5092 | Train Acc 0.8930 | Speed (samples/sec) 2535.9451 | GPU 1659.6 MB | time 0.410 s
Part 25 | Epoch 00004 | Step 00000 | Loss 0.6359 | Train Acc 0.8620 | Speed (samples/sec) 2540.7604 | GPU 1657.4 MB | time 0.396 s
Part 26 | Epoch 00004 | Step 00000 | Loss 0.5056 | Train Acc 0.8870 | Speed (samples/sec) 2538.9260 | GPU 1649.5 MB | time 0.386 s
Part 15 | Epoch 00004 | Step 00000 | Loss 0.6296 | Train Acc 0.8640 | Speed (samples/sec) 2546.8405 | GPU 1793.5 MB | time 0.391 sPart 13 | Epoch 00004 | Step 00000 | Loss 0.6203 | Train Acc 0.8680 | Speed (samples/sec) 2545.7902 | GPU 1801.2 MB | time 0.392 s

Part 11 | Epoch 00004 | Step 00000 | Loss 0.6527 | Train Acc 0.8490 | Speed (samples/sec) 2545.5168 | GPU 1804.1 MB | time 0.378 s
Part 12 | Epoch 00004 | Step 00000 | Loss 0.5899 | Train Acc 0.8610 | Speed (samples/sec) 2545.9393 | GPU 1789.9 MB | time 0.388 s
Part 8 | Epoch 00004 | Step 00000 | Loss 0.6661 | Train Acc 0.8670 | Speed (samples/sec) 2545.2773 | GPU 1800.3 MB | time 0.394 s
Part 21 | Epoch 00004 | Step 00000 | Loss 0.7026 | Train Acc 0.8500 | Speed (samples/sec) 2541.9630 | GPU 1574.0 MB | time 0.382 s
Part 9 | Epoch 00004 | Step 00000 | Loss 0.5928 | Train Acc 0.8710 | Speed (samples/sec) 2538.3319 | GPU 1802.2 MB | time 0.387 s
Part 27 | Epoch 00004 | Step 00000 | Loss 0.5980 | Train Acc 0.8690 | Speed (samples/sec) 2540.0775 | GPU 1658.5 MB | time 0.398 s
Avg train acc 0.8713
=====================
Part 2, Epoch Time(s): 2.0803
Sampling Time(s): 0.1521
Loading Time(s): 0.5936
Forward Time(s): 0.2466
Backward Time(s): 0.0774
Update Time(s): 0.0036
Emb Update Time(s): 1.0033
#seeds: 6144
#inputs: 923320
==========================================
Part 1, Epoch Time(s): 2.0603
Sampling Time(s): 0.1437
Loading Time(s): 0.5638
Forward Time(s): 0.2626
Backward Time(s): 0.0782
Update Time(s): 0.0045
Emb Update Time(s): 1.0037
#seeds: 6145
#inputs: 915609
==========================================
Part 3, Epoch Time(s): 2.0561
Sampling Time(s): 0.1485
Loading Time(s): 0.5699
Forward Time(s): 0.2476
Backward Time(s): 0.0778
Update Time(s): 0.0046
Emb Update Time(s): 1.0039
#seeds: 6145
#inputs: 919688
==========================================
Part 0, Epoch Time(s): 2.0337
Sampling Time(s): 0.1733
Loading Time(s): 0.6301
Forward Time(s): 0.1428
Backward Time(s): 0.0777
Update Time(s): 0.0035
Emb Update Time(s): 1.0019
#seeds: 6144
#inputs: 923756
=====================

=====================
Part 4, Epoch Time(s): 2.0590
Sampling Time(s): 0.1369
Loading Time(s): 0.5621
Forward Time(s): 0.2700
Backward Time(s): 0.0777
Update Time(s): 0.0037
Emb Update Time(s): 1.0050
#seeds: 6144
#inputs: 922734
=====================
=====================
Part 7, Epoch Time(s): 2.0606
Sampling Time(s): 0.1394
Loading Time(s): 0.6093
Forward Time(s): 0.2214
Backward Time(s): 0.0772
Update Time(s): 0.0039
Emb Update Time(s): 1.0054
#seeds: 6144
#inputs: 918429
=====================
=====================
Part 6, Epoch Time(s): 2.0705
Sampling Time(s): 0.1668
Loading Time(s): 0.5641
Forward Time(s): 0.2495
Backward Time(s): 0.0772
Update Time(s): 0.0046
Emb Update Time(s): 1.0046
#seeds: 6144
#inputs: 919371
==========================================
Part 5, Epoch Time(s): 2.0534
Sampling Time(s): 0.1632
Loading Time(s): 0.5892
Forward Time(s): 0.2105
Backward Time(s): 0.0775
Update Time(s): 0.0041
Emb Update Time(s): 1.0048
#seeds: 6144
#inputs: 919573
=====================



=====================
Part 17, Epoch Time(s): 2.0516
Sampling Time(s): 0.2071
Loading Time(s): 0.5947
Forward Time(s): 0.1632
Backward Time(s): 0.0760
Update Time(s): 0.0037
Emb Update Time(s): 1.0032
#seeds: 6145
#inputs: 920715
==========================================
Part 16, Epoch Time(s): 2.0476
Sampling Time(s): 0.1342
Loading Time(s): 0.6049
Forward Time(s): 0.2182
Backward Time(s): 0.0773
Update Time(s): 0.0036
Emb Update Time(s): 1.0057
#seeds: 6144
#inputs: 919709
==========================================
Part 23, Epoch Time(s): 2.0600
Sampling Time(s): 0.1647
Loading Time(s): 0.5518
Forward Time(s): 0.2534
Backward Time(s): 0.0757
Update Time(s): 0.0035
Emb Update Time(s): 1.0073
#seeds: 6144
#inputs: 919335
==========================================
Part 22, Epoch Time(s): 2.0548
Sampling Time(s): 0.1422
Loading Time(s): 0.6669
Forward Time(s): 0.1556
Backward Time(s): 0.0758
Update Time(s): 0.0036
Emb Update Time(s): 1.0071
#seeds: 6144
#inputs: 924335
=====================
=====================
Part 20, Epoch Time(s): 2.0570
Sampling Time(s): 0.1318
Loading Time(s): 0.5751
Forward Time(s): 0.2621
Backward Time(s): 0.0741
Update Time(s): 0.0038
Emb Update Time(s): 1.0065
#seeds: 6144
#inputs: 911483
==========================================
Part 18, Epoch Time(s): 2.0488
Sampling Time(s): 0.1363
Loading Time(s): 0.6010
Forward Time(s): 0.2212
Backward Time(s): 0.0769
Update Time(s): 0.0036
Emb Update Time(s): 1.0061
#seeds: 6144
#inputs: 917990
==========================================
Part 19, Epoch Time(s): 2.0468
Sampling Time(s): 0.1764
Loading Time(s): 0.5484
Forward Time(s): 0.2308
Backward Time(s): 0.0766
Update Time(s): 0.0037
Emb Update Time(s): 1.0063
#seeds: 6144
#inputs: 915339
==========================================
Part 21, Epoch Time(s): 2.0396
Sampling Time(s): 0.1742
Loading Time(s): 0.6251
Forward Time(s): 0.1526
Backward Time(s): 0.0729
Update Time(s): 0.0046
Emb Update Time(s): 1.0061
#seeds: 6145
#inputs: 913305
=====================






=====================
Part 8, Epoch Time(s): 2.0516
Sampling Time(s): 0.1404
Loading Time(s): 0.6857
Forward Time(s): 0.1364
Backward Time(s): 0.0750
Update Time(s): 0.0037
Emb Update Time(s): 1.0067
#seeds: 6145
#inputs: 935485
==========================================
Part 10, Epoch Time(s): 2.0568
Sampling Time(s): 0.1496
Loading Time(s): 0.6822
Forward Time(s): 0.1380
Backward Time(s): 0.0749
Update Time(s): 0.0036
Emb Update Time(s): 1.0048
#seeds: 6144
#inputs: 936365
==========================================
Part 11, Epoch Time(s): 2.0362
Sampling Time(s): 0.1501
Loading Time(s): 0.6908
Forward Time(s): 0.1060
Backward Time(s): 0.0756
Update Time(s): 0.0038
Emb Update Time(s): 1.0062
#seeds: 6144
#inputs: 935825
==========================================
Part 13, Epoch Time(s): 2.0502
Sampling Time(s): 0.1393
Loading Time(s): 0.7167
Forward Time(s): 0.1087
Backward Time(s): 0.0733
Update Time(s): 0.0049
Emb Update Time(s): 1.0035
#seeds: 6144
#inputs: 933910
==========================================
Part 15, Epoch Time(s): 2.0491
Sampling Time(s): 0.1424
Loading Time(s): 0.7210
Forward Time(s): 0.0990
Backward Time(s): 0.0747
Update Time(s): 0.0042
Emb Update Time(s): 1.0040
#seeds: 6144
#inputs: 937789
==========================================
Part 9, Epoch Time(s): 2.0445
Sampling Time(s): 0.1521
Loading Time(s): 0.6485
Forward Time(s): 0.1534
Backward Time(s): 0.0761
Update Time(s): 0.0038
Emb Update Time(s): 1.0068
#seeds: 6144
#inputs: 935866
=====================

=====================
Part 14, Epoch Time(s): 2.0343
Sampling Time(s): 0.1559
Loading Time(s): 0.6927
Forward Time(s): 0.0975
Backward Time(s): 0.0734
Update Time(s): 0.0038
Emb Update Time(s): 1.0074
#seeds: 6145
#inputs: 932985
=====================


=====================
Part 12, Epoch Time(s): 2.0462
Sampling Time(s): 0.1454
Loading Time(s): 0.6414
Forward Time(s): 0.1697
Backward Time(s): 0.0749
Update Time(s): 0.0039
Emb Update Time(s): 1.0073
#seeds: 6144
#inputs: 928060
=====================


=====================
Part 30, Epoch Time(s): 2.0349
Sampling Time(s): 0.1275
Loading Time(s): 0.6882
Forward Time(s): 0.1310
Backward Time(s): 0.0753
Update Time(s): 0.0036
Emb Update Time(s): 1.0057
#seeds: 6144
#inputs: 921215
==========================================
Part 28, Epoch Time(s): 2.0663
Sampling Time(s): 0.1596
Loading Time(s): 0.7009
Forward Time(s): 0.1188
Backward Time(s): 0.0746
Update Time(s): 0.0041
Emb Update Time(s): 1.0045
#seeds: 6144
#inputs: 924523
==========================================
Part 25, Epoch Time(s): 2.0540
Sampling Time(s): 0.1262
Loading Time(s): 0.6365
Forward Time(s): 0.2010
Backward Time(s): 0.0754
Update Time(s): 0.0046
Emb Update Time(s): 1.0064
#seeds: 6144
#inputs: 927596
==========================================
Part 24, Epoch Time(s): 2.0675
Sampling Time(s): 0.1446
Loading Time(s): 0.6597
Forward Time(s): 0.1769
Backward Time(s): 0.0713
Update Time(s): 0.0042
Emb Update Time(s): 1.0069
#seeds: 6144
#inputs: 921456
==========================================
Part 29, Epoch Time(s): 2.0372
Sampling Time(s): 0.1711
Loading Time(s): 0.6622
Forward Time(s): 0.1140
Backward Time(s): 0.0751
Update Time(s): 0.0039
Emb Update Time(s): 1.0074
#seeds: 6145
#inputs: 925097
=====================
=====================
Part 31, Epoch Time(s): 2.0431
Sampling Time(s): 0.1456
Loading Time(s): 0.7026
Forward Time(s): 0.1048
Backward Time(s): 0.0752
Update Time(s): 0.0037
Emb Update Time(s): 1.0075
#seeds: 6144
#inputs: 923236
==========================================
Part 26, Epoch Time(s): 2.0441
Sampling Time(s): 0.1384
Loading Time(s): 0.6447
Forward Time(s): 0.1704
Backward Time(s): 0.0756
Update Time(s): 0.0044
Emb Update Time(s): 1.0068
#seeds: 6144
#inputs: 918437
=====================





=====================
Part 27, Epoch Time(s): 2.0563
Sampling Time(s): 0.1237
Loading Time(s): 0.6754
Forward Time(s): 0.1712
Backward Time(s): 0.0738
Update Time(s): 0.0047
Emb Update Time(s): 1.0031
#seeds: 6144
#inputs: 924673
=====================
|V|=2449029, eval batch size: 100000
|V|=2449029, eval batch size: 100000
|V|=2449029, eval batch size: 100000
|V|=2449029, eval batch size: 100000
|V|=2449029, eval batch size: 100000
|V|=2449029, eval batch size: 100000
|V|=2449029, eval batch size: 100000
|V|=2449029, eval batch size: 100000
|V|=2449029, eval batch size: 100000
|V|=2449029, eval batch size: 100000
|V|=2449029, eval batch size: 100000
|V|=2449029, eval batch size: 100000
|V|=2449029, eval batch size: 100000
|V|=2449029, eval batch size: 100000
|V|=2449029, eval batch size: 100000
|V|=2449029, eval batch size: 100000
|V|=2449029, eval batch size: 100000
|V|=2449029, eval batch size: 100000
|V|=2449029, eval batch size: 100000
|V|=2449029, eval batch size: 100000
|V|=2449029, eval batch size: 100000
|V|=2449029, eval batch size: 100000
|V|=2449029, eval batch size: 100000
|V|=2449029, eval batch size: 100000
|V|=2449029, eval batch size: 100000
|V|=2449029, eval batch size: 100000
|V|=2449029, eval batch size: 100000
|V|=2449029, eval batch size: 100000
|V|=2449029, eval batch size: 100000
|V|=2449029, eval batch size: 100000
|V|=2449029, eval batch size: 100000
|V|=2449029, eval batch size: 100000
|V|=2449029, eval batch size: 100000
|V|=2449029, eval batch size: 100000|V|=2449029, eval batch size: 100000

|V|=2449029, eval batch size: 100000
|V|=2449029, eval batch size: 100000
|V|=2449029, eval batch size: 100000
|V|=2449029, eval batch size: 100000|V|=2449029, eval batch size: 100000

|V|=2449029, eval batch size: 100000
|V|=2449029, eval batch size: 100000
|V|=2449029, eval batch size: 100000|V|=2449029, eval batch size: 100000

|V|=2449029, eval batch size: 100000
|V|=2449029, eval batch size: 100000
|V|=2449029, eval batch size: 100000|V|=2449029, eval batch size: 100000

|V|=2449029, eval batch size: 100000
|V|=2449029, eval batch size: 100000
|V|=2449029, eval batch size: 100000
|V|=2449029, eval batch size: 100000
|V|=2449029, eval batch size: 100000
|V|=2449029, eval batch size: 100000
|V|=2449029, eval batch size: 100000
|V|=2449029, eval batch size: 100000
|V|=2449029, eval batch size: 100000
|V|=2449029, eval batch size: 100000
|V|=2449029, eval batch size: 100000
|V|=2449029, eval batch size: 100000
|V|=2449029, eval batch size: 100000
|V|=2449029, eval batch size: 100000
|V|=2449029, eval batch size: 100000
|V|=2449029, eval batch size: 100000
Part 2, Val Acc 0.9317, Test Acc 0.7313, time: 5.1191
Part 6, Val Acc 0.9333, Test Acc 0.7328, time: 5.1255
Part 9, Val Acc 0.8568, Test Acc 0.6505, time: 5.1309
Part 27, Val Acc 0.9048, Test Acc 0.6664, time: 5.1311
Part 14, Val Acc 0.8560, Test Acc 0.6511, time: 5.1330
Part 4, Val Acc 0.9381, Test Acc 0.7348, time: 5.1338
Part 5, Val Acc 0.9203, Test Acc 0.7343, time: 5.1347
Part 25, Val Acc 0.9055, Test Acc 0.6641, time: 5.1351
Part 18, Val Acc 0.8763, Test Acc 0.6404, time: 5.1353
Part 30, Val Acc 0.9170, Test Acc 0.6649, time: 5.1360
Part 3, Val Acc 0.9414, Test Acc 0.7353, time: 5.1367
Part 28, Val Acc 0.9162, Test Acc 0.6657, time: 5.1367
Part 0, Val Acc 0.9341, Test Acc 0.7338, time: 5.1372
Part 7, Val Acc 0.9300, Test Acc 0.7328, time: 5.1377
Part 17, Val Acc 0.8609, Test Acc 0.6418, time: 5.1378
Part 19, Val Acc 0.8666, Test Acc 0.6416, time: 5.1381
Part 1, Val Acc 0.9382, Test Acc 0.7352, time: 5.1385
Part 31, Val Acc 0.8902, Test Acc 0.6656, time: 5.1391
Part 20, Val Acc 0.8779, Test Acc 0.6408, time: 5.1394
Part 24, Val Acc 0.9015, Test Acc 0.6636, time: 5.1410
Part 15, Val Acc 0.8552, Test Acc 0.6521, time: 5.1417
Part 10, Val Acc 0.8592, Test Acc 0.6509, time: 5.1420
Part 23, Val Acc 0.8804, Test Acc 0.6401, time: 5.1425
Part 13, Val Acc 0.8731, Test Acc 0.6525, time: 5.1440
Part 21, Val Acc 0.8820, Test Acc 0.6387, time: 5.1445
Part 16, Val Acc 0.8731, Test Acc 0.6427, time: 5.1448
Part 11, Val Acc 0.8779, Test Acc 0.6492, time: 5.1447
Part 29, Val Acc 0.9138, Test Acc 0.6648, time: 5.1448
Part 22, Val Acc 0.8723, Test Acc 0.6408, time: 5.1495
Part 26, Val Acc 0.9121, Test Acc 0.6636, time: 5.1506
Part 12, Val Acc 0.8697, Test Acc 0.6518, time: 5.1576
Part 8, Val Acc 0.8747, Test Acc 0.6517, time: 5.1688
All parts avg val acc 0.8950, test acc 0.6727
Part 5 | Epoch 00005 | Step 00000 | Loss 0.2605 | Train Acc 0.9400 | Speed (samples/sec) 2648.4673 | GPU 1546.5 MB | time 0.392 s
Part 3 | Epoch 00005 | Step 00000 | Loss 0.2235 | Train Acc 0.9520 | Speed (samples/sec) 2648.9040 | GPU 1536.1 MB | time 0.390 s
Part 2 | Epoch 00005 | Step 00000 | Loss 0.2651 | Train Acc 0.9370 | Speed (samples/sec) 2635.2228 | GPU 1527.7 MB | time 0.407 s
Part 4 | Epoch 00005 | Step 00000 | Loss 0.2316 | Train Acc 0.9430 | Speed (samples/sec) 2646.8623 | GPU 1536.8 MB | time 0.393 sPart 0 | Epoch 00005 | Step 00000 | Loss 0.2122 | Train Acc 0.9540 | Speed (samples/sec) 2674.5379 | GPU 1532.9 MB | time 0.357 s

Part 1 | Epoch 00005 | Step 00000 | Loss 0.2513 | Train Acc 0.9500 | Speed (samples/sec) 2646.0972 | GPU 1531.0 MB | time 0.387 s
Part 7 | Epoch 00005 | Step 00000 | Loss 0.1945 | Train Acc 0.9580 | Speed (samples/sec) 2645.5261 | GPU 1532.4 MB | time 0.389 s
Part 18 | Epoch 00005 | Step 00000 | Loss 0.4835 | Train Acc 0.9000 | Speed (samples/sec) 2653.0689 | GPU 1563.1 MB | time 0.391 sPart 16 | Epoch 00005 | Step 00000 | Loss 0.5320 | Train Acc 0.8870 | Speed (samples/sec) 2652.7199 | GPU 1577.0 MB | time 0.382 s

Part 23 | Epoch 00005 | Step 00000 | Loss 0.5077 | Train Acc 0.8980 | Speed (samples/sec) 2649.6689 | GPU 1574.0 MB | time 0.384 s
Part 20 | Epoch 00005 | Step 00000 | Loss 0.4939 | Train Acc 0.8980 | Speed (samples/sec) 2646.3756 | GPU 1569.9 MB | time 0.387 s
Part 6 | Epoch 00005 | Step 00000 | Loss 0.2317 | Train Acc 0.9460 | Speed (samples/sec) 2639.0794 | GPU 1537.5 MB | time 0.401 s
Part 17 | Epoch 00005 | Step 00000 | Loss 0.5194 | Train Acc 0.8860 | Speed (samples/sec) 2653.9786 | GPU 1568.9 MB | time 0.389 s
Part 19 | Epoch 00005 | Step 00000 | Loss 0.5050 | Train Acc 0.8880 | Speed (samples/sec) 2656.5121 | GPU 1568.7 MB | time 0.388 sPart 22 | Epoch 00005 | Step 00000 | Loss 0.4857 | Train Acc 0.8960 | Speed (samples/sec) 2654.6783 | GPU 1577.3 MB | time 0.377 s

Part 14 | Epoch 00005 | Step 00000 | Loss 0.4730 | Train Acc 0.8880 | Speed (samples/sec) 2657.5727 | GPU 1812.9 MB | time 0.394 s
Part 12 | Epoch 00005 | Step 00000 | Loss 0.4486 | Train Acc 0.9040 | Speed (samples/sec) 2662.8777 | GPU 1789.9 MB | time 0.369 sPart 9 | Epoch 00005 | Step 00000 | Loss 0.4720 | Train Acc 0.8920 | Speed (samples/sec) 2651.3869 | GPU 1802.2 MB | time 0.396 s

Part 8 | Epoch 00005 | Step 00000 | Loss 0.4154 | Train Acc 0.8970 | Speed (samples/sec) 2665.1058 | GPU 1800.3 MB | time 0.358 s
Part 25 | Epoch 00005 | Step 00000 | Loss 0.4249 | Train Acc 0.9070 | Speed (samples/sec) 2654.0964 | GPU 1657.4 MB | time 0.392 sPart 29 | Epoch 00005 | Step 00000 | Loss 0.3015 | Train Acc 0.9360 | Speed (samples/sec) 2658.3989 | GPU 1660.1 MB | time 0.382 sPart 30 | Epoch 00005 | Step 00000 | Loss 0.2927 | Train Acc 0.9350 | Speed (samples/sec) 2658.9508 | GPU 1671.7 MB | time 0.391 s


Part 31 | Epoch 00005 | Step 00000 | Loss 0.3013 | Train Acc 0.9310 | Speed (samples/sec) 2656.2248 | GPU 1663.6 MB | time 0.387 s
Part 28 | Epoch 00005 | Step 00000 | Loss 0.3445 | Train Acc 0.9190 | Speed (samples/sec) 2646.1723 | GPU 1654.7 MB | time 0.390 s
Part 10 | Epoch 00005 | Step 00000 | Loss 0.4559 | Train Acc 0.8940 | Speed (samples/sec) 2652.6008 | GPU 1799.1 MB | time 0.384 s
Part 26 | Epoch 00005 | Step 00000 | Loss 0.3303 | Train Acc 0.9380 | Speed (samples/sec) 2655.8599 | GPU 1649.5 MB | time 0.376 s
Part 24 | Epoch 00005 | Step 00000 | Loss 0.3459 | Train Acc 0.9350 | Speed (samples/sec) 2651.5186 | GPU 1659.6 MB | time 0.386 s
Part 27 | Epoch 00005 | Step 00000 | Loss 0.3513 | Train Acc 0.9260 | Speed (samples/sec) 2652.9545 | GPU 1658.5 MB | time 0.396 s
Part 15 | Epoch 00005 | Step 00000 | Loss 0.3913 | Train Acc 0.9080 | Speed (samples/sec) 2660.2143 | GPU 1793.5 MB | time 0.385 s
Part 13 | Epoch 00005 | Step 00000 | Loss 0.4556 | Train Acc 0.8970 | Speed (samples/sec) 2659.8564 | GPU 1801.2 MB | time 0.383 s
Part 11 | Epoch 00005 | Step 00000 | Loss 0.4452 | Train Acc 0.8970 | Speed (samples/sec) 2659.8192 | GPU 1804.1 MB | time 0.382 s
Part 21 | Epoch 00005 | Step 00000 | Loss 0.4509 | Train Acc 0.8970 | Speed (samples/sec) 2657.2373 | GPU 1574.0 MB | time 0.382 s
Avg train acc 0.9167
=====================
Part 3, Epoch Time(s): 2.0330
Sampling Time(s): 0.1338
Loading Time(s): 0.5932
Forward Time(s): 0.4387
Backward Time(s): 0.0789
Update Time(s): 0.0036
Emb Update Time(s): 0.7782
#seeds: 6145
#inputs: 920388
==========================================
Part 1, Epoch Time(s): 2.0303
Sampling Time(s): 0.1557
Loading Time(s): 0.5981
Forward Time(s): 0.4091
Backward Time(s): 0.0794
Update Time(s): 0.0042
Emb Update Time(s): 0.7773
#seeds: 6145
#inputs: 916216
==========================================
Part 4, Epoch Time(s): 2.0359
Sampling Time(s): 0.1347
Loading Time(s): 0.5634
Forward Time(s): 0.4704
Backward Time(s): 0.0792
Update Time(s): 0.0037
Emb Update Time(s): 0.7779
#seeds: 6144
#inputs: 921710
=====================


=====================
Part 0, Epoch Time(s): 2.0003
Sampling Time(s): 0.1685
Loading Time(s): 0.5754
Forward Time(s): 0.3881
Backward Time(s): 0.0795
Update Time(s): 0.0037
Emb Update Time(s): 0.7778
#seeds: 6144
#inputs: 925750
==========================================
Part 5, Epoch Time(s): 2.0351
Sampling Time(s): 0.1510
Loading Time(s): 0.5637
Forward Time(s): 0.4530
Backward Time(s): 0.0784
Update Time(s): 0.0041
Emb Update Time(s): 0.7783
#seeds: 6144
#inputs: 916416
==========================================
Part 2, Epoch Time(s): 2.0499
Sampling Time(s): 0.1655
Loading Time(s): 0.6041
Forward Time(s): 0.4126
Backward Time(s): 0.0790
Update Time(s): 0.0036
Emb Update Time(s): 0.7784
#seeds: 6144
#inputs: 923176
==========================================
Part 7, Epoch Time(s): 2.0323
Sampling Time(s): 0.1398
Loading Time(s): 0.6213
Forward Time(s): 0.4036
Backward Time(s): 0.0785
Update Time(s): 0.0040
Emb Update Time(s): 0.7784
#seeds: 6144
#inputs: 921303
=====================


=====================
Part 6, Epoch Time(s): 2.0443
Sampling Time(s): 0.1410
Loading Time(s): 0.5583
Forward Time(s): 0.4767
Backward Time(s): 0.0789
Update Time(s): 0.0051
Emb Update Time(s): 0.7768
#seeds: 6144
#inputs: 920084
=====================

=====================
Part 18, Epoch Time(s): 2.0346
Sampling Time(s): 0.1396
Loading Time(s): 0.6292
Forward Time(s): 0.4030
Backward Time(s): 0.0769
Update Time(s): 0.0036
Emb Update Time(s): 0.7760
#seeds: 6144
#inputs: 918714
==========================================
Part 20, Epoch Time(s): 2.0304
Sampling Time(s): 0.1463
Loading Time(s): 0.8015
Forward Time(s): 0.2207
Backward Time(s): 0.0750
Update Time(s): 0.0039
Emb Update Time(s): 0.7764
#seeds: 6144
#inputs: 912787
=====================
=====================
Part 19, Epoch Time(s): 2.0314
Sampling Time(s): 0.1393
Loading Time(s): 0.6632
Forward Time(s): 0.3613
Backward Time(s): 0.0784
Update Time(s): 0.0043
Emb Update Time(s): 0.7784
#seeds: 6144
#inputs: 918535
==========================================
Part 16, Epoch Time(s): 2.0252
Sampling Time(s): 0.1448
Loading Time(s): 0.6322
Forward Time(s): 0.3806
Backward Time(s): 0.0786
Update Time(s): 0.0038
Emb Update Time(s): 0.7786
#seeds: 6144
#inputs: 914367
=====================
=====================
Part 22, Epoch Time(s): 2.0200
Sampling Time(s): 0.1367
Loading Time(s): 0.6440
Forward Time(s): 0.3717
Backward Time(s): 0.0779
Update Time(s): 0.0043
Emb Update Time(s): 0.7788
#seeds: 6144
#inputs: 919239
=====================


=====================
Part 21, Epoch Time(s): 2.0249
Sampling Time(s): 0.1676
Loading Time(s): 0.6692
Forward Time(s): 0.3242
Backward Time(s): 0.0771
Update Time(s): 0.0043
Emb Update Time(s): 0.7755
#seeds: 6145
#inputs: 915073
=====================
=====================
Part 17, Epoch Time(s): 2.0318
Sampling Time(s): 0.1622
Loading Time(s): 0.6091
Forward Time(s): 0.3928
Backward Time(s): 0.0784
Update Time(s): 0.0039
Emb Update Time(s): 0.7787
#seeds: 6145
#inputs: 921646
=====================
=====================
Part 23, Epoch Time(s): 2.0275
Sampling Time(s): 0.1390
Loading Time(s): 0.6005
Forward Time(s): 0.4205
Backward Time(s): 0.0776
Update Time(s): 0.0040
Emb Update Time(s): 0.7794
#seeds: 6144
#inputs: 917153
=====================
=====================
Part 12, Epoch Time(s): 2.0121
Sampling Time(s): 0.1383
Loading Time(s): 0.6675
Forward Time(s): 0.3417
Backward Time(s): 0.0766
Update Time(s): 0.0035
Emb Update Time(s): 0.7780
#seeds: 6144
#inputs: 929954
==========================================
Part 14, Epoch Time(s): 2.0371
Sampling Time(s): 0.1307
Loading Time(s): 0.7159
Forward Time(s): 0.3229
Backward Time(s): 0.0766
Update Time(s): 0.0037
Emb Update Time(s): 0.7808
#seeds: 6145
#inputs: 933011
==========================================
Part 10, Epoch Time(s): 2.0276
Sampling Time(s): 0.1587
Loading Time(s): 0.7432
Forward Time(s): 0.2610
Backward Time(s): 0.0771
Update Time(s): 0.0047
Emb Update Time(s): 0.7763
#seeds: 6144
#inputs: 935855
==========================================
Part 9, Epoch Time(s): 2.0389
Sampling Time(s): 0.1258
Loading Time(s): 0.6241
Forward Time(s): 0.4211
Backward Time(s): 0.0777
Update Time(s): 0.0038
Emb Update Time(s): 0.7799
#seeds: 6144
#inputs: 938031
=====================



=====================
Part 8, Epoch Time(s): 2.0009
Sampling Time(s): 0.1611
Loading Time(s): 0.7118
Forward Time(s): 0.2605
Backward Time(s): 0.0777
Update Time(s): 0.0041
Emb Update Time(s): 0.7791
#seeds: 6145
#inputs: 933784
==========================================
Part 13, Epoch Time(s): 2.0258
Sampling Time(s): 0.1485
Loading Time(s): 0.6775
Forward Time(s): 0.3368
Backward Time(s): 0.0724
Update Time(s): 0.0050
Emb Update Time(s): 0.7788
#seeds: 6144
#inputs: 934579
=====================

=====================
Part 15, Epoch Time(s): 2.0288
Sampling Time(s): 0.1769
Loading Time(s): 0.6992
Forward Time(s): 0.2838
Backward Time(s): 0.0772
Update Time(s): 0.0044
Emb Update Time(s): 0.7797
#seeds: 6144
#inputs: 937103
==========================================
Part 11, Epoch Time(s): 2.0250
Sampling Time(s): 0.1545
Loading Time(s): 0.7351
Forward Time(s): 0.2667
Backward Time(s): 0.0775
Update Time(s): 0.0039
Emb Update Time(s): 0.7801
#seeds: 6144
#inputs: 934273
=====================

=====================
Part 30, Epoch Time(s): 2.0339
Sampling Time(s): 0.1371
Loading Time(s): 0.6812
Forward Time(s): 0.3480
Backward Time(s): 0.0768
Update Time(s): 0.0036
Emb Update Time(s): 0.7806
#seeds: 6144
#inputs: 919914
==========================================
Part 28, Epoch Time(s): 2.0330
Sampling Time(s): 0.1547
Loading Time(s): 0.7227
Forward Time(s): 0.2879
Backward Time(s): 0.0771
Update Time(s): 0.0039
Emb Update Time(s): 0.7801
#seeds: 6144
#inputs: 923371
==========================================
Part 27, Epoch Time(s): 2.0388
Sampling Time(s): 0.1394
Loading Time(s): 0.6711
Forward Time(s): 0.3634
Backward Time(s): 0.0771
Update Time(s): 0.0040
Emb Update Time(s): 0.7770
#seeds: 6144
#inputs: 925309
=====================


=====================
Part 26, Epoch Time(s): 2.0193
Sampling Time(s): 0.1513
Loading Time(s): 0.6835
Forward Time(s): 0.3192
Backward Time(s): 0.0773
Update Time(s): 0.0045
Emb Update Time(s): 0.7766
#seeds: 6144
#inputs: 914797
==========================================
Part 24, Epoch Time(s): 2.0290
Sampling Time(s): 0.1372
Loading Time(s): 0.6703
Forward Time(s): 0.3536
Backward Time(s): 0.0782
Update Time(s): 0.0039
Emb Update Time(s): 0.7791
#seeds: 6144
#inputs: 920971
=====================

=====================
Part 31, Epoch Time(s): 2.0305
Sampling Time(s): 0.1302
Loading Time(s): 0.6679
Forward Time(s): 0.3648
Backward Time(s): 0.0767
Update Time(s): 0.0041
Emb Update Time(s): 0.7802
#seeds: 6144
#inputs: 920122
==========================================
Part 25, Epoch Time(s): 2.0348
Sampling Time(s): 0.1462
Loading Time(s): 0.6949
Forward Time(s): 0.3281
Backward Time(s): 0.0759
Update Time(s): 0.0038
Emb Update Time(s): 0.7796
#seeds: 6144
#inputs: 928172
==========================================
Part 29, Epoch Time(s): 2.0252
Sampling Time(s): 0.1731
Loading Time(s): 0.6489
Forward Time(s): 0.3354
Backward Time(s): 0.0769
Update Time(s): 0.0046
Emb Update Time(s): 0.7795
#seeds: 6145
#inputs: 927225
=====================


|V|=2449029, eval batch size: 100000
|V|=2449029, eval batch size: 100000
|V|=2449029, eval batch size: 100000
|V|=2449029, eval batch size: 100000
|V|=2449029, eval batch size: 100000
|V|=2449029, eval batch size: 100000
|V|=2449029, eval batch size: 100000
|V|=2449029, eval batch size: 100000
|V|=2449029, eval batch size: 100000
|V|=2449029, eval batch size: 100000
|V|=2449029, eval batch size: 100000
|V|=2449029, eval batch size: 100000
|V|=2449029, eval batch size: 100000
|V|=2449029, eval batch size: 100000
|V|=2449029, eval batch size: 100000
|V|=2449029, eval batch size: 100000
|V|=2449029, eval batch size: 100000
|V|=2449029, eval batch size: 100000
|V|=2449029, eval batch size: 100000
|V|=2449029, eval batch size: 100000
|V|=2449029, eval batch size: 100000
|V|=2449029, eval batch size: 100000
|V|=2449029, eval batch size: 100000
|V|=2449029, eval batch size: 100000
|V|=2449029, eval batch size: 100000
|V|=2449029, eval batch size: 100000
|V|=2449029, eval batch size: 100000
|V|=2449029, eval batch size: 100000
|V|=2449029, eval batch size: 100000
|V|=2449029, eval batch size: 100000
|V|=2449029, eval batch size: 100000
|V|=2449029, eval batch size: 100000
|V|=2449029, eval batch size: 100000
|V|=2449029, eval batch size: 100000
|V|=2449029, eval batch size: 100000
|V|=2449029, eval batch size: 100000
|V|=2449029, eval batch size: 100000
|V|=2449029, eval batch size: 100000
|V|=2449029, eval batch size: 100000
|V|=2449029, eval batch size: 100000
|V|=2449029, eval batch size: 100000
|V|=2449029, eval batch size: 100000
|V|=2449029, eval batch size: 100000
|V|=2449029, eval batch size: 100000
|V|=2449029, eval batch size: 100000|V|=2449029, eval batch size: 100000|V|=2449029, eval batch size: 100000
|V|=2449029, eval batch size: 100000


|V|=2449029, eval batch size: 100000
|V|=2449029, eval batch size: 100000
|V|=2449029, eval batch size: 100000
|V|=2449029, eval batch size: 100000
|V|=2449029, eval batch size: 100000
|V|=2449029, eval batch size: 100000|V|=2449029, eval batch size: 100000

|V|=2449029, eval batch size: 100000|V|=2449029, eval batch size: 100000

|V|=2449029, eval batch size: 100000
|V|=2449029, eval batch size: 100000
|V|=2449029, eval batch size: 100000
|V|=2449029, eval batch size: 100000
|V|=2449029, eval batch size: 100000
|V|=2449029, eval batch size: 100000
|V|=2449029, eval batch size: 100000
Part 6, Val Acc 0.9382, Test Acc 0.7426, time: 5.7171
Part 2, Val Acc 0.9390, Test Acc 0.7414, time: 5.7176
Part 20, Val Acc 0.8868, Test Acc 0.6813, time: 5.7193
Part 1, Val Acc 0.9398, Test Acc 0.7447, time: 5.7233
Part 0, Val Acc 0.9365, Test Acc 0.7443, time: 5.7237
Part 4, Val Acc 0.9422, Test Acc 0.7452, time: 5.7247
Part 7, Val Acc 0.9365, Test Acc 0.7429, time: 5.7261
Part 18, Val Acc 0.8845, Test Acc 0.6798, time: 5.7262
Part 5, Val Acc 0.9284, Test Acc 0.7435, time: 5.7271
Part 3, Val Acc 0.9512, Test Acc 0.7453, time: 5.7274
Part 22, Val Acc 0.8902, Test Acc 0.6790, time: 5.7298
Part 16, Val Acc 0.8845, Test Acc 0.6814, time: 5.7315
Part 25, Val Acc 0.9080, Test Acc 0.6828, time: 5.7337
Part 8, Val Acc 0.8893, Test Acc 0.6764, time: 5.7348
Part 14, Val Acc 0.8657, Test Acc 0.6763, time: 5.7349
Part 10, Val Acc 0.8723, Test Acc 0.6752, time: 5.7352
Part 28, Val Acc 0.9194, Test Acc 0.6831, time: 5.7354
Part 11, Val Acc 0.8828, Test Acc 0.6729, time: 5.7357
Part 23, Val Acc 0.8893, Test Acc 0.6793, time: 5.7368
Part 31, Val Acc 0.8942, Test Acc 0.6852, time: 5.7374
Part 30, Val Acc 0.9178, Test Acc 0.6835, time: 5.7386
Part 9, Val Acc 0.8674, Test Acc 0.6750, time: 5.7391
Part 29, Val Acc 0.9170, Test Acc 0.6834, time: 5.7400
Part 24, Val Acc 0.9015, Test Acc 0.6829, time: 5.7402
Part 15, Val Acc 0.8723, Test Acc 0.6778, time: 5.7406
Part 21, Val Acc 0.8902, Test Acc 0.6778, time: 5.7413
Part 19, Val Acc 0.8796, Test Acc 0.6798, time: 5.7435
Part 26, Val Acc 0.9161, Test Acc 0.6824, time: 5.7447
Part 17, Val Acc 0.8682, Test Acc 0.6808, time: 5.7451
Part 12, Val Acc 0.8779, Test Acc 0.6748, time: 5.7454
Part 27, Val Acc 0.9113, Test Acc 0.6848, time: 5.7505
Part 13, Val Acc 0.8820, Test Acc 0.6769, time: 5.7566
All parts avg val acc 0.9025, test acc 0.6957
Part 3 | Epoch 00006 | Step 00000 | Loss 0.1710 | Train Acc 0.9550 | Speed (samples/sec) 2708.5366 | GPU 1536.1 MB | time 0.392 sPart 5 | Epoch 00006 | Step 00000 | Loss 0.1453 | Train Acc 0.9630 | Speed (samples/sec) 2707.8452 | GPU 1546.5 MB | time 0.392 sPart 1 | Epoch 00006 | Step 00000 | Loss 0.1577 | Train Acc 0.9600 | Speed (samples/sec) 2705.5722 | GPU 1531.0 MB | time 0.396 s


Part 2 | Epoch 00006 | Step 00000 | Loss 0.1734 | Train Acc 0.9590 | Speed (samples/sec) 2695.4439 | GPU 1527.7 MB | time 0.401 s
Part 6 | Epoch 00006 | Step 00000 | Loss 0.1490 | Train Acc 0.9590 | Speed (samples/sec) 2698.6673 | GPU 1538.1 MB | time 0.402 s
Part 0 | Epoch 00006 | Step 00000 | Loss 0.1587 | Train Acc 0.9590 | Speed (samples/sec) 2734.9003 | GPU 1533.4 MB | time 0.362 s
Part 18 | Epoch 00006 | Step 00000 | Loss 0.3442 | Train Acc 0.9220 | Speed (samples/sec) 2711.4503 | GPU 1563.1 MB | time 0.393 s
Part 20 | Epoch 00006 | Step 00000 | Loss 0.3362 | Train Acc 0.9180 | Speed (samples/sec) 2704.8836 | GPU 1569.9 MB | time 0.400 s
Part 23 | Epoch 00006 | Step 00000 | Loss 0.3836 | Train Acc 0.9120 | Speed (samples/sec) 2710.4493 | GPU 1574.6 MB | time 0.382 s
Part 22 | Epoch 00006 | Step 00000 | Loss 0.4176 | Train Acc 0.9200 | Speed (samples/sec) 2713.4351 | GPU 1577.3 MB | time 0.389 s
Part 16 | Epoch 00006 | Step 00000 | Loss 0.3227 | Train Acc 0.9280 | Speed (samples/sec) 2712.1154 | GPU 1577.0 MB | time 0.387 s
Part 4 | Epoch 00006 | Step 00000 | Loss 0.1770 | Train Acc 0.9600 | Speed (samples/sec) 2706.0939 | GPU 1536.8 MB | time 0.395 s
Part 7 | Epoch 00006 | Step 00000 | Loss 0.1513 | Train Acc 0.9640 | Speed (samples/sec) 2705.2445 | GPU 1532.4 MB | time 0.393 s
Part 31 | Epoch 00006 | Step 00000 | Loss 0.2564 | Train Acc 0.9400 | Speed (samples/sec) 2715.9056 | GPU 1663.6 MB | time 0.382 sPart 25 | Epoch 00006 | Step 00000 | Loss 0.2729 | Train Acc 0.9400 | Speed (samples/sec) 2713.5845 | GPU 1657.6 MB | time 0.385 sPart 29 | Epoch 00006 | Step 00000 | Loss 0.3277 | Train Acc 0.9330 | Speed (samples/sec) 2718.5299 | GPU 1660.1 MB | time 0.379 s


Part 30 | Epoch 00006 | Step 00000 | Loss 0.2015 | Train Acc 0.9580 | Speed (samples/sec) 2718.4318 | GPU 1671.7 MB | time 0.381 s
Part 14 | Epoch 00006 | Step 00000 | Loss 0.3922 | Train Acc 0.9100 | Speed (samples/sec) 2716.8902 | GPU 1812.9 MB | time 0.384 s
Part 12 | Epoch 00006 | Step 00000 | Loss 0.3607 | Train Acc 0.9160 | Speed (samples/sec) 2722.8268 | GPU 1789.9 MB | time 0.374 s
Part 9 | Epoch 00006 | Step 00000 | Loss 0.3625 | Train Acc 0.9130 | Speed (samples/sec) 2712.3229 | GPU 1802.2 MB | time 0.380 sPart 10 | Epoch 00006 | Step 00000 | Loss 0.4047 | Train Acc 0.9030 | Speed (samples/sec) 2712.6504 | GPU 1799.1 MB | time 0.384 s

Part 8 | Epoch 00006 | Step 00000 | Loss 0.3152 | Train Acc 0.9280 | Speed (samples/sec) 2723.1450 | GPU 1800.3 MB | time 0.384 s
Part 13 | Epoch 00006 | Step 00000 | Loss 0.3326 | Train Acc 0.9220 | Speed (samples/sec) 2722.5345 | GPU 1801.2 MB | time 0.362 sPart 24 | Epoch 00006 | Step 00000 | Loss 0.2720 | Train Acc 0.9380 | Speed (samples/sec) 2712.6087 | GPU 1659.6 MB | time 0.379 sPart 28 | Epoch 00006 | Step 00000 | Loss 0.2578 | Train Acc 0.9360 | Speed (samples/sec) 2707.3399 | GPU 1654.7 MB | time 0.384 s

Part 26 | Epoch 00006 | Step 00000 | Loss 0.2690 | Train Acc 0.9420 | Speed (samples/sec) 2717.0741 | GPU 1650.0 MB | time 0.374 s
Part 19 | Epoch 00006 | Step 00000 | Loss 0.4308 | Train Acc 0.9190 | Speed (samples/sec) 2717.3306 | GPU 1568.7 MB | time 0.375 s
Part 21 | Epoch 00006 | Step 00000 | Loss 0.3792 | Train Acc 0.9240 | Speed (samples/sec) 2717.9572 | GPU 1574.0 MB | time 0.378 s

Part 11 | Epoch 00006 | Step 00000 | Loss 0.3398 | Train Acc 0.9130 | Speed (samples/sec) 2718.8026 | GPU 1804.1 MB | time 0.383 s
Part 17 | Epoch 00006 | Step 00000 | Loss 0.3674 | Train Acc 0.9150 | Speed (samples/sec) 2715.9057 | GPU 1568.9 MB | time 0.374 s
Part 15 | Epoch 00006 | Step 00000 | Loss 0.3247 | Train Acc 0.9260 | Speed (samples/sec) 2719.9684 | GPU 1793.5 MB | time 0.378 s
Part 27 | Epoch 00006 | Step 00000 | Loss 0.3117 | Train Acc 0.9400 | Speed (samples/sec) 2715.6990 | GPU 1659.0 MB | time 0.368 s
Avg train acc 0.9342
=====================
Part 3, Epoch Time(s): 2.6283
Sampling Time(s): 0.1426
Loading Time(s): 0.6124
Forward Time(s): 0.4002
Backward Time(s): 0.0765
Update Time(s): 0.0038
Emb Update Time(s): 1.3889
#seeds: 6145
#inputs: 924909
==========================================
Part 2, Epoch Time(s): 2.6379
Sampling Time(s): 0.1481
Loading Time(s): 0.7739
Forward Time(s): 0.2467
Backward Time(s): 0.0755
Update Time(s): 0.0038
Emb Update Time(s): 1.3861
#seeds: 6144
#inputs: 923059
==========================================
Part 6, Epoch Time(s): 2.6386
Sampling Time(s): 0.1427
Loading Time(s): 0.5554
Forward Time(s): 0.4672
Backward Time(s): 0.0763
Update Time(s): 0.0040
Emb Update Time(s): 1.3892
#seeds: 6144
#inputs: 920997
=====================
=====================
Part 1, Epoch Time(s): 2.6324
Sampling Time(s): 0.1590
Loading Time(s): 0.5739
Forward Time(s): 0.4262
Backward Time(s): 0.0773
Update Time(s): 0.0042
Emb Update Time(s): 1.3879
#seeds: 6145
#inputs: 915325
=====================
=====================
Part 4, Epoch Time(s): 2.6312
Sampling Time(s): 0.1428
Loading Time(s): 0.5788
Forward Time(s): 0.4362
Backward Time(s): 0.0763
Update Time(s): 0.0039
Emb Update Time(s): 1.3891
#seeds: 6144
#inputs: 923005
=====================
=====================
Part 0, Epoch Time(s): 2.5985
Sampling Time(s): 0.1708
Loading Time(s): 0.6333
Forward Time(s): 0.3218
Backward Time(s): 0.0749
Update Time(s): 0.0051
Emb Update Time(s): 1.3876
#seeds: 6144
#inputs: 922110
==========================================
Part 5, Epoch Time(s): 2.6285
Sampling Time(s): 0.1455
Loading Time(s): 0.5201
Forward Time(s): 0.4897
Backward Time(s): 0.0762
Update Time(s): 0.0040
Emb Update Time(s): 1.3890
#seeds: 6144
#inputs: 920607
==========================================
Part 7, Epoch Time(s): 2.6297
Sampling Time(s): 0.1389
Loading Time(s): 0.5736
Forward Time(s): 0.4438
Backward Time(s): 0.0762
Update Time(s): 0.0040
Emb Update Time(s): 1.3891
#seeds: 6144
#inputs: 919257
=====================




=====================
Part 20, Epoch Time(s): 2.6364
Sampling Time(s): 0.1395
Loading Time(s): 0.5382
Forward Time(s): 0.4856
Backward Time(s): 0.0752
Update Time(s): 0.0037
Emb Update Time(s): 1.3902
#seeds: 6144
#inputs: 915048
==========================================
Part 16, Epoch Time(s): 2.6241
Sampling Time(s): 0.1358
Loading Time(s): 0.6217
Forward Time(s): 0.3951
Backward Time(s): 0.0739
Update Time(s): 0.0038
Emb Update Time(s): 1.3897
#seeds: 6144
#inputs: 916814
==========================================
Part 18, Epoch Time(s): 2.6298
Sampling Time(s): 0.1290
Loading Time(s): 0.5700
Forward Time(s): 0.4573
Backward Time(s): 0.0752
Update Time(s): 0.0037
Emb Update Time(s): 1.3906
#seeds: 6144
#inputs: 919867
=====================
=====================
Part 23, Epoch Time(s): 2.6189
Sampling Time(s): 0.1600
Loading Time(s): 0.6040
Forward Time(s): 0.3817
Backward Time(s): 0.0742
Update Time(s): 0.0039
Emb Update Time(s): 1.3913
#seeds: 6144
#inputs: 919000
=====================
=====================
Part 19, Epoch Time(s): 2.6120
Sampling Time(s): 0.1591
Loading Time(s): 0.5985
Forward Time(s): 0.3804
Backward Time(s): 0.0752
Update Time(s): 0.0043
Emb Update Time(s): 1.3902
#seeds: 6144
#inputs: 915282
=====================
=====================
Part 21, Epoch Time(s): 2.6143
Sampling Time(s): 0.1611
Loading Time(s): 0.6120
Forward Time(s): 0.3677
Backward Time(s): 0.0750
Update Time(s): 0.0040
Emb Update Time(s): 1.3903
#seeds: 6145
#inputs: 914249
==========================================
Part 17, Epoch Time(s): 2.6102
Sampling Time(s): 0.1641
Loading Time(s): 0.5720
Forward Time(s): 0.4045
Backward Time(s): 0.0709
Update Time(s): 0.0053
Emb Update Time(s): 1.3892
#seeds: 6145
#inputs: 919001
=====================


=====================
Part 22, Epoch Time(s): 2.6261
Sampling Time(s): 0.1252
Loading Time(s): 0.6257
Forward Time(s): 0.4016
Backward Time(s): 0.0748
Update Time(s): 0.0039
Emb Update Time(s): 1.3908
#seeds: 6144
#inputs: 921411
=====================

=====================
Part 30, Epoch Time(s): 2.6173
Sampling Time(s): 0.1320
Loading Time(s): 0.6384
Forward Time(s): 0.3737
Backward Time(s): 0.0740
Update Time(s): 0.0040
Emb Update Time(s): 1.3914
#seeds: 6144
#inputs: 919501
==========================================
Part 28, Epoch Time(s): 2.6203
Sampling Time(s): 0.1566
Loading Time(s): 0.7244
Forward Time(s): 0.2725
Backward Time(s): 0.0726
Update Time(s): 0.0039
Emb Update Time(s): 1.3863
#seeds: 6144
#inputs: 923450
==========================================
Part 26, Epoch Time(s): 2.6106
Sampling Time(s): 0.1376
Loading Time(s): 0.6496
Forward Time(s): 0.3493
Backward Time(s): 0.0743
Update Time(s): 0.0041
Emb Update Time(s): 1.3913
#seeds: 6144
#inputs: 916121
==========================================
Part 27, Epoch Time(s): 2.6051
Sampling Time(s): 0.1862
Loading Time(s): 0.6736
Forward Time(s): 0.2745
Backward Time(s): 0.0733
Update Time(s): 0.0057
Emb Update Time(s): 1.3863
#seeds: 6144
#inputs: 925097
==========================================
Part 24, Epoch Time(s): 2.6155
Sampling Time(s): 0.1496
Loading Time(s): 0.6529
Forward Time(s): 0.3395
Backward Time(s): 0.0751
Update Time(s): 0.0040
Emb Update Time(s): 1.3902
#seeds: 6144
#inputs: 922840
=====================


=====================
Part 25, Epoch Time(s): 2.6234
Sampling Time(s): 0.1498
Loading Time(s): 0.6879
Forward Time(s): 0.3109
Backward Time(s): 0.0745
Update Time(s): 0.0039
Emb Update Time(s): 1.3911
#seeds: 6144
#inputs: 929792
=====================
=====================
Part 31, Epoch Time(s): 2.6186
Sampling Time(s): 0.1440
Loading Time(s): 0.6858
Forward Time(s): 0.3156
Backward Time(s): 0.0739
Update Time(s): 0.0037
Emb Update Time(s): 1.3918
#seeds: 6144
#inputs: 923110
=====================
=====================
Part 29, Epoch Time(s): 2.6157
Sampling Time(s): 0.1278
Loading Time(s): 0.6543
Forward Time(s): 0.3603
Backward Time(s): 0.0739
Update Time(s): 0.0043
Emb Update Time(s): 1.3913
#seeds: 6145
#inputs: 924498
=====================


=====================
Part 10, Epoch Time(s): 2.6206
Sampling Time(s): 0.1371
Loading Time(s): 0.7081
Forward Time(s): 0.3032
Backward Time(s): 0.0744
Update Time(s): 0.0037
Emb Update Time(s): 1.3901
#seeds: 6144
#inputs: 934416
==========================================
Part 14, Epoch Time(s): 2.6211
Sampling Time(s): 0.1503
Loading Time(s): 0.7231
Forward Time(s): 0.2751
Backward Time(s): 0.0731
Update Time(s): 0.0042
Emb Update Time(s): 1.3913
#seeds: 6145
#inputs: 933976
==========================================
Part 9, Epoch Time(s): 2.6165
Sampling Time(s): 0.1473
Loading Time(s): 0.7125
Forward Time(s): 0.2863
Backward Time(s): 0.0746
Update Time(s): 0.0040
Emb Update Time(s): 1.3878
#seeds: 6144
#inputs: 939359
==========================================
Part 11, Epoch Time(s): 2.6200
Sampling Time(s): 0.1497
Loading Time(s): 0.6562
Forward Time(s): 0.3394
Backward Time(s): 0.0746
Update Time(s): 0.0041
Emb Update Time(s): 1.3910
#seeds: 6144
#inputs: 934874
==========================================
Part 12, Epoch Time(s): 2.6105
Sampling Time(s): 0.1319
Loading Time(s): 0.6080
Forward Time(s): 0.3973
Backward Time(s): 0.0739
Update Time(s): 0.0039
Emb Update Time(s): 1.3916
#seeds: 6144
#inputs: 926435
==========================================
Part 13, Epoch Time(s): 2.5992
Sampling Time(s): 0.1340
Loading Time(s): 0.6997
Forward Time(s): 0.2915
Backward Time(s): 0.0747
Update Time(s): 0.0039
Emb Update Time(s): 1.3914
#seeds: 6144
#inputs: 935537
=====================
=====================
Part 8, Epoch Time(s): 2.6211
Sampling Time(s): 0.1394
Loading Time(s): 0.6869
Forward Time(s): 0.3220
Backward Time(s): 0.0743
Update Time(s): 0.0042
Emb Update Time(s): 1.3902
#seeds: 6145
#inputs: 934300
=====================





=====================
Part 15, Epoch Time(s): 2.6151
Sampling Time(s): 0.1633
Loading Time(s): 0.7049
Forward Time(s): 0.2762
Backward Time(s): 0.0723
Update Time(s): 0.0048
Emb Update Time(s): 1.3886
#seeds: 6144
#inputs: 936008
=====================
|V|=2449029, eval batch size: 100000
|V|=2449029, eval batch size: 100000
|V|=2449029, eval batch size: 100000
|V|=2449029, eval batch size: 100000
|V|=2449029, eval batch size: 100000
|V|=2449029, eval batch size: 100000
|V|=2449029, eval batch size: 100000
|V|=2449029, eval batch size: 100000
|V|=2449029, eval batch size: 100000
|V|=2449029, eval batch size: 100000
|V|=2449029, eval batch size: 100000
|V|=2449029, eval batch size: 100000
|V|=2449029, eval batch size: 100000
|V|=2449029, eval batch size: 100000
|V|=2449029, eval batch size: 100000
|V|=2449029, eval batch size: 100000
|V|=2449029, eval batch size: 100000
|V|=2449029, eval batch size: 100000
|V|=2449029, eval batch size: 100000
|V|=2449029, eval batch size: 100000
|V|=2449029, eval batch size: 100000
|V|=2449029, eval batch size: 100000
|V|=2449029, eval batch size: 100000
|V|=2449029, eval batch size: 100000
|V|=2449029, eval batch size: 100000
|V|=2449029, eval batch size: 100000
|V|=2449029, eval batch size: 100000
|V|=2449029, eval batch size: 100000
|V|=2449029, eval batch size: 100000
|V|=2449029, eval batch size: 100000
|V|=2449029, eval batch size: 100000
|V|=2449029, eval batch size: 100000
|V|=2449029, eval batch size: 100000
|V|=2449029, eval batch size: 100000
|V|=2449029, eval batch size: 100000|V|=2449029, eval batch size: 100000

|V|=2449029, eval batch size: 100000
|V|=2449029, eval batch size: 100000
|V|=2449029, eval batch size: 100000
|V|=2449029, eval batch size: 100000
|V|=2449029, eval batch size: 100000
|V|=2449029, eval batch size: 100000
|V|=2449029, eval batch size: 100000
|V|=2449029, eval batch size: 100000
|V|=2449029, eval batch size: 100000|V|=2449029, eval batch size: 100000

|V|=2449029, eval batch size: 100000|V|=2449029, eval batch size: 100000

|V|=2449029, eval batch size: 100000
|V|=2449029, eval batch size: 100000
|V|=2449029, eval batch size: 100000
|V|=2449029, eval batch size: 100000
|V|=2449029, eval batch size: 100000
|V|=2449029, eval batch size: 100000
|V|=2449029, eval batch size: 100000
|V|=2449029, eval batch size: 100000
|V|=2449029, eval batch size: 100000
|V|=2449029, eval batch size: 100000
|V|=2449029, eval batch size: 100000
|V|=2449029, eval batch size: 100000
|V|=2449029, eval batch size: 100000
|V|=2449029, eval batch size: 100000
|V|=2449029, eval batch size: 100000
|V|=2449029, eval batch size: 100000
Part 2, Val Acc 0.9398, Test Acc 0.7509, time: 5.1640
Part 0, Val Acc 0.9447, Test Acc 0.7532, time: 5.1643
Part 22, Val Acc 0.8991, Test Acc 0.6938, time: 5.1682
Part 5, Val Acc 0.9317, Test Acc 0.7527, time: 5.1687
Part 6, Val Acc 0.9382, Test Acc 0.7517, time: 5.1691
Part 7, Val Acc 0.9390, Test Acc 0.7526, time: 5.1702
Part 4, Val Acc 0.9438, Test Acc 0.7545, time: 5.1707
Part 3, Val Acc 0.9552, Test Acc 0.7544, time: 5.1722
Part 1, Val Acc 0.9398, Test Acc 0.7542, time: 5.1728
Part 30, Val Acc 0.9211, Test Acc 0.6915, time: 5.1728
Part 16, Val Acc 0.8950, Test Acc 0.6955, time: 5.1734
Part 27, Val Acc 0.9146, Test Acc 0.6915, time: 5.1735
Part 28, Val Acc 0.9235, Test Acc 0.6918, time: 5.1741
Part 26, Val Acc 0.9194, Test Acc 0.6890, time: 5.1756
Part 31, Val Acc 0.8999, Test Acc 0.6928, time: 5.1762
Part 24, Val Acc 0.9024, Test Acc 0.6902, time: 5.1764
Part 18, Val Acc 0.8869, Test Acc 0.6940, time: 5.1771
Part 17, Val Acc 0.8731, Test Acc 0.6950, time: 5.1791
Part 20, Val Acc 0.8909, Test Acc 0.6956, time: 5.1803
Part 21, Val Acc 0.8902, Test Acc 0.6916, time: 5.1803
Part 8, Val Acc 0.8983, Test Acc 0.6866, time: 5.1859
Part 14, Val Acc 0.8682, Test Acc 0.6864, time: 5.1884
Part 19, Val Acc 0.8853, Test Acc 0.6943, time: 5.1886
Part 25, Val Acc 0.9129, Test Acc 0.6895, time: 5.1885
Part 23, Val Acc 0.8983, Test Acc 0.6930, time: 5.1897
Part 10, Val Acc 0.8788, Test Acc 0.6862, time: 5.1920
Part 11, Val Acc 0.8877, Test Acc 0.6823, time: 5.1933
Part 9, Val Acc 0.8763, Test Acc 0.6853, time: 5.1936
Part 13, Val Acc 0.8877, Test Acc 0.6859, time: 5.1942
Part 29, Val Acc 0.9154, Test Acc 0.6910, time: 5.1947
Part 15, Val Acc 0.8779, Test Acc 0.6879, time: 5.1968
Part 12, Val Acc 0.8787, Test Acc 0.6845, time: 5.1998
All parts avg val acc 0.9067, test acc 0.7059
Part 4 | Epoch 00007 | Step 00000 | Loss 0.1308 | Train Acc 0.9670 | Speed (samples/sec) 2679.0254 | GPU 1536.8 MB | time 0.389 sPart 7 | Epoch 00007 | Step 00000 | Loss 0.1429 | Train Acc 0.9630 | Speed (samples/sec) 2678.2272 | GPU 1532.4 MB | time 0.390 sPart 5 | Epoch 00007 | Step 00000 | Loss 0.1368 | Train Acc 0.9660 | Speed (samples/sec) 2680.2684 | GPU 1546.5 MB | time 0.391 s


Part 2 | Epoch 00007 | Step 00000 | Loss 0.1331 | Train Acc 0.9680 | Speed (samples/sec) 2669.0303 | GPU 1528.3 MB | time 0.396 sPart 1 | Epoch 00007 | Step 00000 | Loss 0.0964 | Train Acc 0.9770 | Speed (samples/sec) 2679.0106 | GPU 1531.0 MB | time 0.387 s

Part 0 | Epoch 00007 | Step 00000 | Loss 0.1417 | Train Acc 0.9690 | Speed (samples/sec) 2708.1451 | GPU 1533.4 MB | time 0.359 s
Part 3 | Epoch 00007 | Step 00000 | Loss 0.1171 | Train Acc 0.9710 | Speed (samples/sec) 2681.3686 | GPU 1536.1 MB | time 0.388 s
Part 6 | Epoch 00007 | Step 00000 | Loss 0.1338 | Train Acc 0.9680 | Speed (samples/sec) 2672.4748 | GPU 1538.1 MB | time 0.391 s
Part 20 | Epoch 00007 | Step 00000 | Loss 0.3345 | Train Acc 0.9280 | Speed (samples/sec) 2679.3824 | GPU 1569.9 MB | time 0.379 sPart 23 | Epoch 00007 | Step 00000 | Loss 0.2889 | Train Acc 0.9230 | Speed (samples/sec) 2685.5245 | GPU 1574.9 MB | time 0.370 sPart 16 | Epoch 00007 | Step 00000 | Loss 0.2891 | Train Acc 0.9360 | Speed (samples/sec) 2684.5202 | GPU 1578.2 MB | time 0.386 sPart 22 | Epoch 00007 | Step 00000 | Loss 0.2489 | Train Acc 0.9450 | Speed (samples/sec) 2684.9365 | GPU 1577.3 MB | time 0.392 s



Part 19 | Epoch 00007 | Step 00000 | Loss 0.3537 | Train Acc 0.9260 | Speed (samples/sec) 2691.2657 | GPU 1568.7 MB | time 0.371 s
Part 17 | Epoch 00007 | Step 00000 | Loss 0.2848 | Train Acc 0.9310 | Speed (samples/sec) 2688.6993 | GPU 1568.9 MB | time 0.381 s
Part 21 | Epoch 00007 | Step 00000 | Loss 0.2761 | Train Acc 0.9340 | Speed (samples/sec) 2690.5940 | GPU 1574.0 MB | time 0.379 s
Part 18 | Epoch 00007 | Step 00000 | Loss 0.3170 | Train Acc 0.9250 | Speed (samples/sec) 2684.6067 | GPU 1563.8 MB | time 0.382 s
Part 14 | Epoch 00007 | Step 00000 | Loss 0.2901 | Train Acc 0.9180 | Speed (samples/sec) 2690.8682 | GPU 1812.9 MB | time 0.371 s
Part 8 | Epoch 00007 | Step 00000 | Loss 0.2248 | Train Acc 0.9380 | Speed (samples/sec) 2695.9405 | GPU 1800.3 MB | time 0.373 s
Part 10 | Epoch 00007 | Step 00000 | Loss 0.2551 | Train Acc 0.9380 | Speed (samples/sec) 2687.7722 | GPU 1799.1 MB | time 0.368 s
Part 29 | Epoch 00007 | Step 00000 | Loss 0.1798 | Train Acc 0.9490 | Speed (samples/sec) 2693.2678 | GPU 1660.1 MB | time 0.365 sPart 25 | Epoch 00007 | Step 00000 | Loss 0.2136 | Train Acc 0.9520 | Speed (samples/sec) 2687.9929 | GPU 1657.6 MB | time 0.371 s

Part 30 | Epoch 00007 | Step 00000 | Loss 0.1676 | Train Acc 0.9550 | Speed (samples/sec) 2689.7873 | GPU 1671.8 MB | time 0.387 s
Part 31 | Epoch 00007 | Step 00000 | Loss 0.1893 | Train Acc 0.9450 | Speed (samples/sec) 2688.1332 | GPU 1663.6 MB | time 0.384 s
Part 26 | Epoch 00007 | Step 00000 | Loss 0.2095 | Train Acc 0.9540 | Speed (samples/sec) 2689.1211 | GPU 1650.0 MB | time 0.384 s
Part 28 | Epoch 00007 | Step 00000 | Loss 0.2299 | Train Acc 0.9360 | Speed (samples/sec) 2680.5607 | GPU 1654.7 MB | time 0.386 sPart 24 | Epoch 00007 | Step 00000 | Loss 0.1518 | Train Acc 0.9640 | Speed (samples/sec) 2685.6159 | GPU 1659.7 MB | time 0.382 s

Part 11 | Epoch 00007 | Step 00000 | Loss 0.2611 | Train Acc 0.9300 | Speed (samples/sec) 2693.6663 | GPU 1804.1 MB | time 0.365 s
Part 15 | Epoch 00007 | Step 00000 | Loss 0.2404 | Train Acc 0.9430 | Speed (samples/sec) 2695.1219 | GPU 1793.5 MB | time 0.363 s
Part 13 | Epoch 00007 | Step 00000 | Loss 0.2795 | Train Acc 0.9300 | Speed (samples/sec) 2696.5265 | GPU 1801.2 MB | time 0.365 s
Part 9 | Epoch 00007 | Step 00000 | Loss 0.2947 | Train Acc 0.9170 | Speed (samples/sec) 2687.6984 | GPU 1802.2 MB | time 0.366 s
Part 27 | Epoch 00007 | Step 00000 | Loss 0.2029 | Train Acc 0.9470 | Speed (samples/sec) 2687.3005 | GPU 1659.0 MB | time 0.386 s
Part 12 | Epoch 00007 | Step 00000 | Loss 0.2817 | Train Acc 0.9200 | Speed (samples/sec) 2697.7251 | GPU 1789.9 MB | time 0.360 s
Avg train acc 0.9448
=====================
Part 7, Epoch Time(s): 1.8475
Sampling Time(s): 0.1391
Loading Time(s): 0.5838
Forward Time(s): 0.2524
Backward Time(s): 0.0735
Update Time(s): 0.0036
Emb Update Time(s): 0.7888
#seeds: 6144
#inputs: 917489
=====================
=====================
Part 2, Epoch Time(s): 1.8536
Sampling Time(s): 0.1572
Loading Time(s): 0.5643
Forward Time(s): 0.2595
Backward Time(s): 0.0739
Update Time(s): 0.0041
Emb Update Time(s): 0.7880
#seeds: 6144
#inputs: 923127
==========================================
Part 0, Epoch Time(s): 1.8171
Sampling Time(s): 0.1553
Loading Time(s): 0.6360
Forward Time(s): 0.1525
Backward Time(s): 0.0743
Update Time(s): 0.0041
Emb Update Time(s): 0.7876
#seeds: 6144
#inputs: 922830
==========================================
Part 6, Epoch Time(s): 1.8485
Sampling Time(s): 0.1427
Loading Time(s): 0.5914
Forward Time(s): 0.2417
Backward Time(s): 0.0740
Update Time(s): 0.0047
Emb Update Time(s): 0.7872
#seeds: 6144
#inputs: 921250
==========================================
Part 3, Epoch Time(s): 1.8455
Sampling Time(s): 0.1419
Loading Time(s): 0.5685
Forward Time(s): 0.2626
Backward Time(s): 0.0736
Update Time(s): 0.0038
Emb Update Time(s): 0.7885
#seeds: 6145
#inputs: 922496
==========================================
Part 4, Epoch Time(s): 1.8471
Sampling Time(s): 0.1819
Loading Time(s): 0.5739
Forward Time(s): 0.2230
Backward Time(s): 0.0726
Update Time(s): 0.0042
Emb Update Time(s): 0.7851
#seeds: 6144
#inputs: 921026
==========================================
Part 5, Epoch Time(s): 1.8490
Sampling Time(s): 0.1996
Loading Time(s): 0.5188
Forward Time(s): 0.2583
Backward Time(s): 0.0737
Update Time(s): 0.0039
Emb Update Time(s): 0.7883
#seeds: 6144
#inputs: 917250
=====================
=====================
Part 1, Epoch Time(s): 1.8445
Sampling Time(s): 0.1513
Loading Time(s): 0.5183
Forward Time(s): 0.3026
Backward Time(s): 0.0741
Update Time(s): 0.0038
Emb Update Time(s): 0.7880
#seeds: 6145
#inputs: 914922
=====================





=====================
Part 23, Epoch Time(s): 1.8280
Sampling Time(s): 0.1284
Loading Time(s): 0.6031
Forward Time(s): 0.2241
Backward Time(s): 0.0727
Update Time(s): 0.0036
Emb Update Time(s): 0.7897
#seeds: 6144
#inputs: 916972
==========================================
Part 19, Epoch Time(s): 1.8291
Sampling Time(s): 0.1372
Loading Time(s): 0.6043
Forward Time(s): 0.2164
Backward Time(s): 0.0720
Update Time(s): 0.0046
Emb Update Time(s): 0.7879
#seeds: 6144
#inputs: 914608
=====================
=====================
Part 20, Epoch Time(s): 1.8371
Sampling Time(s): 0.1435
Loading Time(s): 0.5861
Forward Time(s): 0.2375
Backward Time(s): 0.0703
Update Time(s): 0.0041
Emb Update Time(s): 0.7891
#seeds: 6144
#inputs: 911438
==========================================
Part 16, Epoch Time(s): 1.8443
Sampling Time(s): 0.1493
Loading Time(s): 0.6269
Forward Time(s): 0.1989
Backward Time(s): 0.0703
Update Time(s): 0.0036
Emb Update Time(s): 0.7888
#seeds: 6144
#inputs: 916494
=====================
=====================
Part 17, Epoch Time(s): 1.8385
Sampling Time(s): 0.1820
Loading Time(s): 0.6419
Forward Time(s): 0.1420
Backward Time(s): 0.0730
Update Time(s): 0.0038
Emb Update Time(s): 0.7893
#seeds: 6145
#inputs: 919575
=====================


=====================
Part 21, Epoch Time(s): 1.8372
Sampling Time(s): 0.1360
Loading Time(s): 0.6102
Forward Time(s): 0.2199
Backward Time(s): 0.0728
Update Time(s): 0.0045
Emb Update Time(s): 0.7869
#seeds: 6145
#inputs: 914694
==========================================
Part 18, Epoch Time(s): 1.8402
Sampling Time(s): 0.1406
Loading Time(s): 0.5820
Forward Time(s): 0.2452
Backward Time(s): 0.0729
Update Time(s): 0.0036
Emb Update Time(s): 0.7895
#seeds: 6144
#inputs: 919271
==========================================
Part 22, Epoch Time(s): 1.8494
Sampling Time(s): 0.1222
Loading Time(s): 0.6376
Forward Time(s): 0.2179
Backward Time(s): 0.0715
Update Time(s): 0.0041
Emb Update Time(s): 0.7896
#seeds: 6144
#inputs: 919708
=====================


=====================
Part 24, Epoch Time(s): 1.8395
Sampling Time(s): 0.1538
Loading Time(s): 0.6982
Forward Time(s): 0.1215
Backward Time(s): 0.0716
Update Time(s): 0.0038
Emb Update Time(s): 0.7841
#seeds: 6144
#inputs: 924286
=====================
=====================
Part 26, Epoch Time(s): 1.8419
Sampling Time(s): 0.1241
Loading Time(s): 0.6729
Forward Time(s): 0.1723
Backward Time(s): 0.0722
Update Time(s): 0.0037
Emb Update Time(s): 0.7900
#seeds: 6144
#inputs: 916369
==========================================
Part 27, Epoch Time(s): 1.8438
Sampling Time(s): 0.1701
Loading Time(s): 0.6510
Forward Time(s): 0.1498
Backward Time(s): 0.0732
Update Time(s): 0.0040
Emb Update Time(s): 0.7891
#seeds: 6144
#inputs: 926043
=====================

=====================
Part 30, Epoch Time(s): 1.8449
Sampling Time(s): 0.1380
Loading Time(s): 0.6639
Forward Time(s): 0.1706
Backward Time(s): 0.0716
Update Time(s): 0.0039
Emb Update Time(s): 0.7904
#seeds: 6144
#inputs: 917784
==========================================
Part 25, Epoch Time(s): 1.8292
Sampling Time(s): 0.1407
Loading Time(s): 0.6971
Forward Time(s): 0.1221
Backward Time(s): 0.0720
Update Time(s): 0.0036
Emb Update Time(s): 0.7872
#seeds: 6144
#inputs: 927422
=====================
=====================
Part 31, Epoch Time(s): 1.8415
Sampling Time(s): 0.1359
Loading Time(s): 0.6916
Forward Time(s): 0.1415
Backward Time(s): 0.0717
Update Time(s): 0.0038
Emb Update Time(s): 0.7905
#seeds: 6144
#inputs: 922919
=====================

=====================
Part 29, Epoch Time(s): 1.8229
Sampling Time(s): 0.1440
Loading Time(s): 0.6863
Forward Time(s): 0.1213
Backward Time(s): 0.0708
Update Time(s): 0.0042
Emb Update Time(s): 0.7898
#seeds: 6145
#inputs: 927122
==========================================
Part 28, Epoch Time(s): 1.8436
Sampling Time(s): 0.1741
Loading Time(s): 0.6958
Forward Time(s): 0.1011
Backward Time(s): 0.0724
Update Time(s): 0.0041
Emb Update Time(s): 0.7896
#seeds: 6144
#inputs: 923907
=====================

=====================
Part 9, Epoch Time(s): 1.8240
Sampling Time(s): 0.1397
Loading Time(s): 0.6777
Forward Time(s): 0.1338
Backward Time(s): 0.0720
Update Time(s): 0.0036
Emb Update Time(s): 0.7907
#seeds: 6144
#inputs: 937966
==========================================
Part 10, Epoch Time(s): 1.8254
Sampling Time(s): 0.1569
Loading Time(s): 0.6904
Forward Time(s): 0.1056
Backward Time(s): 0.0727
Update Time(s): 0.0039
Emb Update Time(s): 0.7896
#seeds: 6144
#inputs: 932171
==========================================
Part 8, Epoch Time(s): 1.8310
Sampling Time(s): 0.1723
Loading Time(s): 0.7045
Forward Time(s): 0.0887
Backward Time(s): 0.0678
Update Time(s): 0.0042
Emb Update Time(s): 0.7871
#seeds: 6145
#inputs: 933737
=====================

=====================
Part 11, Epoch Time(s): 1.8233
Sampling Time(s): 0.1365
Loading Time(s): 0.6978
Forward Time(s): 0.1171
Backward Time(s): 0.0721
Update Time(s): 0.0044
Emb Update Time(s): 0.7887
#seeds: 6144
#inputs: 931646
=====================
=====================
Part 12, Epoch Time(s): 1.8176
Sampling Time(s): 0.1369
Loading Time(s): 0.6919
Forward Time(s): 0.1189
Backward Time(s): 0.0716
Update Time(s): 0.0043
Emb Update Time(s): 0.7874
#seeds: 6144
#inputs: 930241
==========================================
Part 15, Epoch Time(s): 1.8206
Sampling Time(s): 0.1412
Loading Time(s): 0.6824
Forward Time(s): 0.1255
Backward Time(s): 0.0723
Update Time(s): 0.0044
Emb Update Time(s): 0.7883
#seeds: 6144
#inputs: 934281
==========================================
Part 14, Epoch Time(s): 1.8292
Sampling Time(s): 0.1381
Loading Time(s): 0.6802
Forward Time(s): 0.1384
Backward Time(s): 0.0715
Update Time(s): 0.0037
Emb Update Time(s): 0.7910
#seeds: 6145
#inputs: 932981
=====================



=====================
Part 13, Epoch Time(s): 1.8234
Sampling Time(s): 0.1274
Loading Time(s): 0.7004
Forward Time(s): 0.1241
Backward Time(s): 0.0714
Update Time(s): 0.0041
Emb Update Time(s): 0.7893
#seeds: 6144
#inputs: 934473
=====================
|V|=2449029, eval batch size: 100000
|V|=2449029, eval batch size: 100000
|V|=2449029, eval batch size: 100000
|V|=2449029, eval batch size: 100000
|V|=2449029, eval batch size: 100000
|V|=2449029, eval batch size: 100000
|V|=2449029, eval batch size: 100000
|V|=2449029, eval batch size: 100000
|V|=2449029, eval batch size: 100000
|V|=2449029, eval batch size: 100000
|V|=2449029, eval batch size: 100000
|V|=2449029, eval batch size: 100000
|V|=2449029, eval batch size: 100000
|V|=2449029, eval batch size: 100000
|V|=2449029, eval batch size: 100000
|V|=2449029, eval batch size: 100000
|V|=2449029, eval batch size: 100000
|V|=2449029, eval batch size: 100000
|V|=2449029, eval batch size: 100000
|V|=2449029, eval batch size: 100000
|V|=2449029, eval batch size: 100000
|V|=2449029, eval batch size: 100000
|V|=2449029, eval batch size: 100000
|V|=2449029, eval batch size: 100000
|V|=2449029, eval batch size: 100000
|V|=2449029, eval batch size: 100000
|V|=2449029, eval batch size: 100000
|V|=2449029, eval batch size: 100000
|V|=2449029, eval batch size: 100000
|V|=2449029, eval batch size: 100000
|V|=2449029, eval batch size: 100000
|V|=2449029, eval batch size: 100000
|V|=2449029, eval batch size: 100000|V|=2449029, eval batch size: 100000|V|=2449029, eval batch size: 100000


|V|=2449029, eval batch size: 100000
|V|=2449029, eval batch size: 100000
|V|=2449029, eval batch size: 100000
|V|=2449029, eval batch size: 100000
|V|=2449029, eval batch size: 100000
|V|=2449029, eval batch size: 100000
|V|=2449029, eval batch size: 100000
|V|=2449029, eval batch size: 100000
|V|=2449029, eval batch size: 100000
|V|=2449029, eval batch size: 100000
|V|=2449029, eval batch size: 100000
|V|=2449029, eval batch size: 100000
|V|=2449029, eval batch size: 100000|V|=2449029, eval batch size: 100000

|V|=2449029, eval batch size: 100000
|V|=2449029, eval batch size: 100000
|V|=2449029, eval batch size: 100000
|V|=2449029, eval batch size: 100000
|V|=2449029, eval batch size: 100000
|V|=2449029, eval batch size: 100000|V|=2449029, eval batch size: 100000

|V|=2449029, eval batch size: 100000
|V|=2449029, eval batch size: 100000
|V|=2449029, eval batch size: 100000
|V|=2449029, eval batch size: 100000
|V|=2449029, eval batch size: 100000
|V|=2449029, eval batch size: 100000
|V|=2449029, eval batch size: 100000
|V|=2449029, eval batch size: 100000
Part 26, Val Acc 0.9218, Test Acc 0.6987, time: 4.6645
Part 30, Val Acc 0.9186, Test Acc 0.7000, time: 4.6664
Part 2, Val Acc 0.9414, Test Acc 0.7573, time: 4.6677
Part 3, Val Acc 0.9577, Test Acc 0.7611, time: 4.6685
Part 7, Val Acc 0.9398, Test Acc 0.7587, time: 4.6715
Part 0, Val Acc 0.9447, Test Acc 0.7592, time: 4.6718
Part 5, Val Acc 0.9349, Test Acc 0.7587, time: 4.6722
Part 6, Val Acc 0.9406, Test Acc 0.7589, time: 4.6723
Part 31, Val Acc 0.9024, Test Acc 0.7007, time: 4.6721
Part 1, Val Acc 0.9414, Test Acc 0.7602, time: 4.6728
Part 16, Val Acc 0.8983, Test Acc 0.7086, time: 4.6739
Part 22, Val Acc 0.9040, Test Acc 0.7062, time: 4.6744
Part 4, Val Acc 0.9438, Test Acc 0.7603, time: 4.6751
Part 24, Val Acc 0.9064, Test Acc 0.6998, time: 4.6775
Part 17, Val Acc 0.8739, Test Acc 0.7077, time: 4.6776
Part 9, Val Acc 0.8820, Test Acc 0.6921, time: 4.6782
Part 20, Val Acc 0.8917, Test Acc 0.7083, time: 4.6788
Part 19, Val Acc 0.8885, Test Acc 0.7065, time: 4.6791
Part 15, Val Acc 0.8812, Test Acc 0.6953, time: 4.6794
Part 27, Val Acc 0.9154, Test Acc 0.7000, time: 4.6811
Part 29, Val Acc 0.9203, Test Acc 0.6994, time: 4.6834
Part 11, Val Acc 0.8918, Test Acc 0.6902, time: 4.6834
Part 21, Val Acc 0.8902, Test Acc 0.7037, time: 4.6859
Part 14, Val Acc 0.8739, Test Acc 0.6941, time: 4.6866
Part 10, Val Acc 0.8812, Test Acc 0.6946, time: 4.6887
Part 8, Val Acc 0.8959, Test Acc 0.6931, time: 4.6903
Part 23, Val Acc 0.9015, Test Acc 0.7056, time: 4.6909
Part 28, Val Acc 0.9276, Test Acc 0.7004, time: 4.6909
Part 25, Val Acc 0.9153, Test Acc 0.6985, time: 4.6910
Part 12, Val Acc 0.8819, Test Acc 0.6921, time: 4.6914
Part 18, Val Acc 0.8902, Test Acc 0.7081, time: 4.6934
Part 13, Val Acc 0.8910, Test Acc 0.6927, time: 4.6937
All parts avg val acc 0.9090, test acc 0.7147
Part 4 | Epoch 00008 | Step 00000 | Loss 0.1271 | Train Acc 0.9700 | Speed (samples/sec) 2750.1317 | GPU 1537.0 MB | time 0.381 sPart 2 | Epoch 00008 | Step 00000 | Loss 0.1180 | Train Acc 0.9710 | Speed (samples/sec) 2740.5852 | GPU 1528.3 MB | time 0.388 s

Part 5 | Epoch 00008 | Step 00000 | Loss 0.1311 | Train Acc 0.9700 | Speed (samples/sec) 2750.9144 | GPU 1546.5 MB | time 0.384 sPart 1 | Epoch 00008 | Step 00000 | Loss 0.1263 | Train Acc 0.9650 | Speed (samples/sec) 2750.1003 | GPU 1531.0 MB | time 0.383 sPart 3 | Epoch 00008 | Step 00000 | Loss 0.1725 | Train Acc 0.9600 | Speed (samples/sec) 2751.6140 | GPU 1536.1 MB | time 0.387 s


Part 7 | Epoch 00008 | Step 00000 | Loss 0.1243 | Train Acc 0.9750 | Speed (samples/sec) 2749.0270 | GPU 1532.4 MB | time 0.384 s
Part 6 | Epoch 00008 | Step 00000 | Loss 0.1060 | Train Acc 0.9700 | Speed (samples/sec) 2744.1673 | GPU 1538.1 MB | time 0.384 s
Part 0 | Epoch 00008 | Step 00000 | Loss 0.1648 | Train Acc 0.9670 | Speed (samples/sec) 2778.3485 | GPU 1533.4 MB | time 0.361 s
Part 18 | Epoch 00008 | Step 00000 | Loss 0.2878 | Train Acc 0.9260 | Speed (samples/sec) 2757.5409 | GPU 1563.8 MB | time 0.362 s
Part 22 | Epoch 00008 | Step 00000 | Loss 0.2208 | Train Acc 0.9460 | Speed (samples/sec) 2755.2314 | GPU 1577.3 MB | time 0.382 s
Part 23 | Epoch 00008 | Step 00000 | Loss 0.2809 | Train Acc 0.9290 | Speed (samples/sec) 2757.9780 | GPU 1574.9 MB | time 0.365 s
Part 20 | Epoch 00008 | Step 00000 | Loss 0.2555 | Train Acc 0.9410 | Speed (samples/sec) 2751.0452 | GPU 1569.9 MB | time 0.377 s
Part 19 | Epoch 00008 | Step 00000 | Loss 0.3066 | Train Acc 0.9300 | Speed (samples/sec) 2761.3761 | GPU 1568.7 MB | time 0.377 s
Part 16 | Epoch 00008 | Step 00000 | Loss 0.2491 | Train Acc 0.9390 | Speed (samples/sec) 2754.8422 | GPU 1578.2 MB | time 0.382 s
Part 17 | Epoch 00008 | Step 00000 | Loss 0.2751 | Train Acc 0.9290 | Speed (samples/sec) 2759.1473 | GPU 1568.9 MB | time 0.378 s
Part 21 | Epoch 00008 | Step 00000 | Loss 0.1525 | Train Acc 0.9660 | Speed (samples/sec) 2762.0514 | GPU 1574.0 MB | time 0.370 s
Part 31 | Epoch 00008 | Step 00000 | Loss 0.1485 | Train Acc 0.9640 | Speed (samples/sec) 2757.7054 | GPU 1663.6 MB | time 0.384 sPart 29 | Epoch 00008 | Step 00000 | Loss 0.1750 | Train Acc 0.9490 | Speed (samples/sec) 2763.8474 | GPU 1660.1 MB | time 0.372 sPart 30 | Epoch 00008 | Step 00000 | Loss 0.1580 | Train Acc 0.9610 | Speed (samples/sec) 2758.4428 | GPU 1671.8 MB | time 0.390 s
Part 24 | Epoch 00008 | Step 00000 | Loss 0.1539 | Train Acc 0.9640 | Speed (samples/sec) 2756.2496 | GPU 1660.3 MB | time 0.378 s


Part 28 | Epoch 00008 | Step 00000 | Loss 0.1357 | Train Acc 0.9660 | Speed (samples/sec) 2753.6474 | GPU 1654.9 MB | time 0.365 s
Part 26 | Epoch 00008 | Step 00000 | Loss 0.1363 | Train Acc 0.9590 | Speed (samples/sec) 2757.7355 | GPU 1650.0 MB | time 0.391 s
Part 12 | Epoch 00008 | Step 00000 | Loss 0.2137 | Train Acc 0.9430 | Speed (samples/sec) 2768.7163 | GPU 1790.8 MB | time 0.364 s
Part 9 | Epoch 00008 | Step 00000 | Loss 0.2052 | Train Acc 0.9480 | Speed (samples/sec) 2758.1962 | GPU 1802.2 MB | time 0.377 sPart 8 | Epoch 00008 | Step 00000 | Loss 0.2023 | Train Acc 0.9540 | Speed (samples/sec) 2767.1466 | GPU 1801.6 MB | time 0.366 sPart 14 | Epoch 00008 | Step 00000 | Loss 0.2617 | Train Acc 0.9390 | Speed (samples/sec) 2762.2034 | GPU 1812.9 MB | time 0.369 s


Part 10 | Epoch 00008 | Step 00000 | Loss 0.2344 | Train Acc 0.9410 | Speed (samples/sec) 2759.6402 | GPU 1799.1 MB | time 0.367 s
Part 15 | Epoch 00008 | Step 00000 | Loss 0.2032 | Train Acc 0.9480 | Speed (samples/sec) 2764.7677 | GPU 1793.5 MB | time 0.376 s
Part 13 | Epoch 00008 | Step 00000 | Loss 0.2129 | Train Acc 0.9370 | Speed (samples/sec) 2767.9567 | GPU 1801.2 MB | time 0.362 s
Part 11 | Epoch 00008 | Step 00000 | Loss 0.1482 | Train Acc 0.9570 | Speed (samples/sec) 2764.0745 | GPU 1804.4 MB | time 0.372 s
Part 27 | Epoch 00008 | Step 00000 | Loss 0.1424 | Train Acc 0.9670 | Speed (samples/sec) 2758.2929 | GPU 1659.0 MB | time 0.374 s
Part 25 | Epoch 00008 | Step 00000 | Loss 0.2239 | Train Acc 0.9470 | Speed (samples/sec) 2760.0786 | GPU 1657.6 MB | time 0.365 s
Avg train acc 0.9531
=====================
Part 2, Epoch Time(s): 1.8936
Sampling Time(s): 0.1624
Loading Time(s): 0.5270
Forward Time(s): 0.3242
Backward Time(s): 0.0765
Update Time(s): 0.0035
Emb Update Time(s): 0.7962
#seeds: 6144
#inputs: 924038
==========================================
Part 1, Epoch Time(s): 1.8886
Sampling Time(s): 0.1373
Loading Time(s): 0.5465
Forward Time(s): 0.3247
Backward Time(s): 0.0766
Update Time(s): 0.0035
Emb Update Time(s): 0.7960
#seeds: 6145
#inputs: 918035
==========================================
Part 7, Epoch Time(s): 1.8899
Sampling Time(s): 0.1625
Loading Time(s): 0.6343
Forward Time(s): 0.2148
Backward Time(s): 0.0750
Update Time(s): 0.0044
Emb Update Time(s): 0.7950
#seeds: 6144
#inputs: 919169
==========================================
Part 6, Epoch Time(s): 1.8894
Sampling Time(s): 0.1428
Loading Time(s): 0.5763
Forward Time(s): 0.2899
Backward Time(s): 0.0766
Update Time(s): 0.0044
Emb Update Time(s): 0.7951
#seeds: 6144
#inputs: 919581
==========================================
Part 3, Epoch Time(s): 1.8930
Sampling Time(s): 0.1798
Loading Time(s): 0.5958
Forward Time(s): 0.2373
Backward Time(s): 0.0762
Update Time(s): 0.0037
Emb Update Time(s): 0.7963
#seeds: 6145
#inputs: 917717
=====================

=====================
Part 0, Epoch Time(s): 1.8670
Sampling Time(s): 0.1519
Loading Time(s): 0.6254
Forward Time(s): 0.2100
Backward Time(s): 0.0758
Update Time(s): 0.0049
Emb Update Time(s): 0.7940
#seeds: 6144
#inputs: 923341
=====================


=====================
Part 5, Epoch Time(s): 1.8892
Sampling Time(s): 0.1503
Loading Time(s): 0.5548
Forward Time(s): 0.3040
Backward Time(s): 0.0759
Update Time(s): 0.0039
Emb Update Time(s): 0.7964
#seeds: 6144
#inputs: 917361
==========================================
Part 4, Epoch Time(s): 1.8865
Sampling Time(s): 0.1345
Loading Time(s): 0.5651
Forward Time(s): 0.3069
Backward Time(s): 0.0760
Update Time(s): 0.0036
Emb Update Time(s): 0.7966
#seeds: 6144
#inputs: 921465
=====================


=====================
Part 18, Epoch Time(s): 1.8678
Sampling Time(s): 0.1432
Loading Time(s): 0.5743
Forward Time(s): 0.2702
Backward Time(s): 0.0754
Update Time(s): 0.0040
Emb Update Time(s): 0.7968
#seeds: 6144
#inputs: 920282
==========================================
Part 23, Epoch Time(s): 1.8702
Sampling Time(s): 0.1404
Loading Time(s): 0.5839
Forward Time(s): 0.2658
Backward Time(s): 0.0747
Update Time(s): 0.0037
Emb Update Time(s): 0.7978
#seeds: 6144
#inputs: 919762
=====================

=====================
Part 16, Epoch Time(s): 1.8871
Sampling Time(s): 0.1470
Loading Time(s): 0.5747
Forward Time(s): 0.2850
Backward Time(s): 0.0757
Update Time(s): 0.0037
Emb Update Time(s): 0.7971
#seeds: 6144
#inputs: 916276
==========================================
Part 22, Epoch Time(s): 1.8870
Sampling Time(s): 0.1210
Loading Time(s): 0.5947
Forward Time(s): 0.2912
Backward Time(s): 0.0748
Update Time(s): 0.0039
Emb Update Time(s): 0.7976
#seeds: 6144
#inputs: 921337
=====================

=====================
Part 20, Epoch Time(s): 1.8822
Sampling Time(s): 0.1476
Loading Time(s): 0.5851
Forward Time(s): 0.2693
Backward Time(s): 0.0750
Update Time(s): 0.0038
Emb Update Time(s): 0.7975
#seeds: 6144
#inputs: 914965
==========================================
Part 21, Epoch Time(s): 1.8751
Sampling Time(s): 0.1360
Loading Time(s): 0.6350
Forward Time(s): 0.2239
Backward Time(s): 0.0772
Update Time(s): 0.0045
Emb Update Time(s): 0.7945
#seeds: 6145
#inputs: 914854
=====================

=====================
Part 19, Epoch Time(s): 1.8824
Sampling Time(s): 0.1394
Loading Time(s): 0.5929
Forward Time(s): 0.2696
Backward Time(s): 0.0752
Update Time(s): 0.0043
Emb Update Time(s): 0.7971
#seeds: 6144
#inputs: 916480
==========================================
Part 17, Epoch Time(s): 1.8837
Sampling Time(s): 0.1622
Loading Time(s): 0.5920
Forward Time(s): 0.2485
Backward Time(s): 0.0756
Update Time(s): 0.0041
Emb Update Time(s): 0.7970
#seeds: 6145
#inputs: 918886
=====================

=====================
Part 24, Epoch Time(s): 1.8839
Sampling Time(s): 0.1568
Loading Time(s): 0.6984
Forward Time(s): 0.1552
Backward Time(s): 0.0736
Update Time(s): 0.0034
Emb Update Time(s): 0.7926
#seeds: 6144
#inputs: 923856
==========================================
Part 30, Epoch Time(s): 1.8951
Sampling Time(s): 0.1308
Loading Time(s): 0.6527
Forward Time(s): 0.2347
Backward Time(s): 0.0735
Update Time(s): 0.0037
Emb Update Time(s): 0.7958
#seeds: 6144
#inputs: 920559
==========================================
Part 28, Epoch Time(s): 1.8704
Sampling Time(s): 0.1664
Loading Time(s): 0.6592
Forward Time(s): 0.1644
Backward Time(s): 0.0746
Update Time(s): 0.0040
Emb Update Time(s): 0.7976
#seeds: 6144
#inputs: 923348
=====================

=====================
Part 26, Epoch Time(s): 1.8967
Sampling Time(s): 0.1291
Loading Time(s): 0.6132
Forward Time(s): 0.2740
Backward Time(s): 0.0744
Update Time(s): 0.0037
Emb Update Time(s): 0.7982
#seeds: 6144
#inputs: 917519
==========================================
Part 29, Epoch Time(s): 1.8780
Sampling Time(s): 0.1384
Loading Time(s): 0.7015
Forward Time(s): 0.1611
Backward Time(s): 0.0736
Update Time(s): 0.0038
Emb Update Time(s): 0.7957
#seeds: 6145
#inputs: 925868
==========================================
Part 31, Epoch Time(s): 1.8894
Sampling Time(s): 0.1437
Loading Time(s): 0.6887
Forward Time(s): 0.1771
Backward Time(s): 0.0742
Update Time(s): 0.0037
Emb Update Time(s): 0.7983
#seeds: 6144
#inputs: 922090
=====================



=====================
Part 25, Epoch Time(s): 1.8706
Sampling Time(s): 0.1616
Loading Time(s): 0.6757
Forward Time(s): 0.1527
Backward Time(s): 0.0747
Update Time(s): 0.0038
Emb Update Time(s): 0.7979
#seeds: 6144
#inputs: 927137
=====================
=====================
Part 8, Epoch Time(s): 1.8711
Sampling Time(s): 0.1567
Loading Time(s): 0.6982
Forward Time(s): 0.1359
Backward Time(s): 0.0748
Update Time(s): 0.0045
Emb Update Time(s): 0.7970
#seeds: 6145
#inputs: 932424
==========================================
Part 14, Epoch Time(s): 1.8746
Sampling Time(s): 0.1367
Loading Time(s): 0.7156
Forward Time(s): 0.1422
Backward Time(s): 0.0734
Update Time(s): 0.0040
Emb Update Time(s): 0.7989
#seeds: 6145
#inputs: 930738
==========================================
Part 12, Epoch Time(s): 1.8698
Sampling Time(s): 0.1278
Loading Time(s): 0.5848
Forward Time(s): 0.2772
Backward Time(s): 0.0737
Update Time(s): 0.0039
Emb Update Time(s): 0.7987
#seeds: 6144
#inputs: 929896
==========================================
Part 11, Epoch Time(s): 1.8776
Sampling Time(s): 0.1771
Loading Time(s): 0.7354
Forward Time(s): 0.0911
Backward Time(s): 0.0708
Update Time(s): 0.0038
Emb Update Time(s): 0.7955
#seeds: 6144
#inputs: 932191
==========================================
Part 13, Epoch Time(s): 1.8675
Sampling Time(s): 0.1545
Loading Time(s): 0.6991
Forward Time(s): 0.1372
Backward Time(s): 0.0727
Update Time(s): 0.0041
Emb Update Time(s): 0.7959
#seeds: 6144
#inputs: 935409
==========================================
Part 9, Epoch Time(s): 1.8830
Sampling Time(s): 0.1305
Loading Time(s): 0.6505
Forward Time(s): 0.2218
Backward Time(s): 0.0746
Update Time(s): 0.0039
Emb Update Time(s): 0.7979
#seeds: 6144
#inputs: 934505
=====================





=====================
Part 10, Epoch Time(s): 1.8725
Sampling Time(s): 0.1562
Loading Time(s): 0.6825
Forward Time(s): 0.1534
Backward Time(s): 0.0741
Update Time(s): 0.0040
Emb Update Time(s): 0.7983
#seeds: 6144
#inputs: 935618
==========================================
Part 15, Epoch Time(s): 1.8821
Sampling Time(s): 0.1407
Loading Time(s): 0.6994
Forward Time(s): 0.1618
Backward Time(s): 0.0734
Update Time(s): 0.0041
Emb Update Time(s): 0.7987
#seeds: 6144
#inputs: 935420
=====================

=====================
Part 27, Epoch Time(s): 1.8798
Sampling Time(s): 0.1654
Loading Time(s): 0.7000
Forward Time(s): 0.1372
Backward Time(s): 0.0734
Update Time(s): 0.0043
Emb Update Time(s): 0.7953
#seeds: 6144
#inputs: 926492
=====================
|V|=2449029, eval batch size: 100000
|V|=2449029, eval batch size: 100000
|V|=2449029, eval batch size: 100000
|V|=2449029, eval batch size: 100000
|V|=2449029, eval batch size: 100000
|V|=2449029, eval batch size: 100000
|V|=2449029, eval batch size: 100000
|V|=2449029, eval batch size: 100000
|V|=2449029, eval batch size: 100000
|V|=2449029, eval batch size: 100000
|V|=2449029, eval batch size: 100000
|V|=2449029, eval batch size: 100000
|V|=2449029, eval batch size: 100000
|V|=2449029, eval batch size: 100000
|V|=2449029, eval batch size: 100000
|V|=2449029, eval batch size: 100000
|V|=2449029, eval batch size: 100000
|V|=2449029, eval batch size: 100000
|V|=2449029, eval batch size: 100000
|V|=2449029, eval batch size: 100000
|V|=2449029, eval batch size: 100000
|V|=2449029, eval batch size: 100000
|V|=2449029, eval batch size: 100000
|V|=2449029, eval batch size: 100000
|V|=2449029, eval batch size: 100000
|V|=2449029, eval batch size: 100000
|V|=2449029, eval batch size: 100000
|V|=2449029, eval batch size: 100000
|V|=2449029, eval batch size: 100000
|V|=2449029, eval batch size: 100000
|V|=2449029, eval batch size: 100000
|V|=2449029, eval batch size: 100000
|V|=2449029, eval batch size: 100000
|V|=2449029, eval batch size: 100000
|V|=2449029, eval batch size: 100000
|V|=2449029, eval batch size: 100000
|V|=2449029, eval batch size: 100000
|V|=2449029, eval batch size: 100000
|V|=2449029, eval batch size: 100000
|V|=2449029, eval batch size: 100000
|V|=2449029, eval batch size: 100000
|V|=2449029, eval batch size: 100000
|V|=2449029, eval batch size: 100000
|V|=2449029, eval batch size: 100000
|V|=2449029, eval batch size: 100000
|V|=2449029, eval batch size: 100000
|V|=2449029, eval batch size: 100000
|V|=2449029, eval batch size: 100000
|V|=2449029, eval batch size: 100000
|V|=2449029, eval batch size: 100000
|V|=2449029, eval batch size: 100000
|V|=2449029, eval batch size: 100000
|V|=2449029, eval batch size: 100000
|V|=2449029, eval batch size: 100000
|V|=2449029, eval batch size: 100000
|V|=2449029, eval batch size: 100000
|V|=2449029, eval batch size: 100000
|V|=2449029, eval batch size: 100000
|V|=2449029, eval batch size: 100000|V|=2449029, eval batch size: 100000

|V|=2449029, eval batch size: 100000
|V|=2449029, eval batch size: 100000
|V|=2449029, eval batch size: 100000
|V|=2449029, eval batch size: 100000
Part 20, Val Acc 0.8950, Test Acc 0.7161, time: 4.8131
Part 1, Val Acc 0.9406, Test Acc 0.7642, time: 4.8157
Part 2, Val Acc 0.9430, Test Acc 0.7598, time: 4.8160
Part 7, Val Acc 0.9422, Test Acc 0.7623, time: 4.8180
Part 0, Val Acc 0.9471, Test Acc 0.7624, time: 4.8188
Part 4, Val Acc 0.9454, Test Acc 0.7637, time: 4.8196
Part 3, Val Acc 0.9561, Test Acc 0.7638, time: 4.8201
Part 5, Val Acc 0.9341, Test Acc 0.7619, time: 4.8202
Part 6, Val Acc 0.9430, Test Acc 0.7620, time: 4.8206
Part 24, Val Acc 0.9056, Test Acc 0.7121, time: 4.8248
Part 28, Val Acc 0.9276, Test Acc 0.7124, time: 4.8252
Part 14, Val Acc 0.8731, Test Acc 0.6960, time: 4.8270
Part 25, Val Acc 0.9145, Test Acc 0.7105, time: 4.8272
Part 16, Val Acc 0.9040, Test Acc 0.7174, time: 4.8276
Part 18, Val Acc 0.8910, Test Acc 0.7174, time: 4.8279
Part 10, Val Acc 0.8828, Test Acc 0.6962, time: 4.8291
Part 22, Val Acc 0.9089, Test Acc 0.7152, time: 4.8295
Part 12, Val Acc 0.8852, Test Acc 0.6932, time: 4.8299
Part 21, Val Acc 0.8950, Test Acc 0.7139, time: 4.8312
Part 26, Val Acc 0.9235, Test Acc 0.7102, time: 4.8318
Part 31, Val Acc 0.9048, Test Acc 0.7118, time: 4.8320
Part 29, Val Acc 0.9178, Test Acc 0.7118, time: 4.8331
Part 30, Val Acc 0.9227, Test Acc 0.7120, time: 4.8339
Part 19, Val Acc 0.8910, Test Acc 0.7155, time: 4.8342
Part 27, Val Acc 0.9186, Test Acc 0.7118, time: 4.8340
Part 8, Val Acc 0.8991, Test Acc 0.6957, time: 4.8385
Part 23, Val Acc 0.9081, Test Acc 0.7137, time: 4.8402
Part 13, Val Acc 0.8950, Test Acc 0.6946, time: 4.8429
Part 9, Val Acc 0.8845, Test Acc 0.6945, time: 4.8434
Part 11, Val Acc 0.8959, Test Acc 0.6925, time: 4.8435
Part 15, Val Acc 0.8836, Test Acc 0.6978, time: 4.8478
Part 17, Val Acc 0.8788, Test Acc 0.7160, time: 4.8481
All parts avg val acc 0.9112, test acc 0.7212
Part 7 | Epoch 00009 | Step 00000 | Loss 0.0892 | Train Acc 0.9750 | Speed (samples/sec) 2779.9958 | GPU 1532.4 MB | time 0.572 sPart 5 | Epoch 00009 | Step 00000 | Loss 0.0635 | Train Acc 0.9830 | Speed (samples/sec) 2781.7532 | GPU 1546.5 MB | time 0.570 sPart 3 | Epoch 00009 | Step 00000 | Loss 0.0693 | Train Acc 0.9790 | Speed (samples/sec) 2782.5564 | GPU 1536.1 MB | time 0.570 s


Part 2 | Epoch 00009 | Step 00000 | Loss 0.0952 | Train Acc 0.9750 | Speed (samples/sec) 2772.4059 | GPU 1528.3 MB | time 0.574 s
Part 4 | Epoch 00009 | Step 00000 | Loss 0.0913 | Train Acc 0.9750 | Speed (samples/sec) 2781.0224 | GPU 1537.0 MB | time 0.570 s
Part 1 | Epoch 00009 | Step 00000 | Loss 0.0765 | Train Acc 0.9790 | Speed (samples/sec) 2781.0120 | GPU 1531.0 MB | time 0.574 s
Part 0 | Epoch 00009 | Step 00000 | Loss 0.0745 | Train Acc 0.9770 | Speed (samples/sec) 2807.7929 | GPU 1533.4 MB | time 0.541 s
Part 16 | Epoch 00009 | Step 00000 | Loss 0.2446 | Train Acc 0.9400 | Speed (samples/sec) 2785.6647 | GPU 1578.3 MB | time 0.562 s
Part 22 | Epoch 00009 | Step 00000 | Loss 0.1611 | Train Acc 0.9630 | Speed (samples/sec) 2786.0759 | GPU 1577.3 MB | time 0.561 sPart 23 | Epoch 00009 | Step 00000 | Loss 0.1708 | Train Acc 0.9540 | Speed (samples/sec) 2789.0703 | GPU 1574.9 MB | time 0.550 s

Part 18 | Epoch 00009 | Step 00000 | Loss 0.1883 | Train Acc 0.9510 | Speed (samples/sec) 2788.0430 | GPU 1564.1 MB | time 0.562 s
Part 19 | Epoch 00009 | Step 00000 | Loss 0.2109 | Train Acc 0.9480 | Speed (samples/sec) 2791.7713 | GPU 1568.7 MB | time 0.556 s
Part 17 | Epoch 00009 | Step 00000 | Loss 0.2199 | Train Acc 0.9420 | Speed (samples/sec) 2790.8514 | GPU 1568.9 MB | time 0.541 sPart 20 | Epoch 00009 | Step 00000 | Loss 0.2301 | Train Acc 0.9440 | Speed (samples/sec) 2781.5549 | GPU 1569.9 MB | time 0.577 s

Part 21 | Epoch 00009 | Step 00000 | Loss 0.2011 | Train Acc 0.9530 | Speed (samples/sec) 2792.4177 | GPU 1574.0 MB | time 0.559 s
Part 14 | Epoch 00009 | Step 00000 | Loss 0.1761 | Train Acc 0.9640 | Speed (samples/sec) 2792.3117 | GPU 1812.9 MB | time 0.563 s
Part 9 | Epoch 00009 | Step 00000 | Loss 0.1922 | Train Acc 0.9590 | Speed (samples/sec) 2789.4398 | GPU 1802.2 MB | time 0.546 s
Part 10 | Epoch 00009 | Step 00000 | Loss 0.1783 | Train Acc 0.9490 | Speed (samples/sec) 2789.9772 | GPU 1799.1 MB | time 0.561 s
Part 12 | Epoch 00009 | Step 00000 | Loss 0.1514 | Train Acc 0.9620 | Speed (samples/sec) 2798.0169 | GPU 1790.8 MB | time 0.560 s
Part 13 | Epoch 00009 | Step 00000 | Loss 0.1935 | Train Acc 0.9540 | Speed (samples/sec) 2798.0741 | GPU 1801.2 MB | time 0.547 s
Part 15 | Epoch 00009 | Step 00000 | Loss 0.1611 | Train Acc 0.9620 | Speed (samples/sec) 2795.5025 | GPU 1793.5 MB | time 0.542 s
Part 24 | Epoch 00009 | Step 00000 | Loss 0.1307 | Train Acc 0.9650 | Speed (samples/sec) 2786.7385 | GPU 1660.3 MB | time 0.565 s
Part 27 | Epoch 00009 | Step 00000 | Loss 0.1378 | Train Acc 0.9590 | Speed (samples/sec) 2789.1436 | GPU 1659.0 MB | time 0.555 s
Part 28 | Epoch 00009 | Step 00000 | Loss 0.1390 | Train Acc 0.9700 | Speed (samples/sec) 2784.5205 | GPU 1654.9 MB | time 0.565 s
Part 29 | Epoch 00009 | Step 00000 | Loss 0.1392 | Train Acc 0.9640 | Speed (samples/sec) 2794.0799 | GPU 1660.6 MB | time 0.557 sPart 25 | Epoch 00009 | Step 00000 | Loss 0.1454 | Train Acc 0.9630 | Speed (samples/sec) 2790.2902 | GPU 1657.6 MB | time 0.563 s

Part 31 | Epoch 00009 | Step 00000 | Loss 0.1618 | Train Acc 0.9580 | Speed (samples/sec) 2788.3828 | GPU 1663.6 MB | time 0.558 s
Part 30 | Epoch 00009 | Step 00000 | Loss 0.1424 | Train Acc 0.9680 | Speed (samples/sec) 2789.1623 | GPU 1671.8 MB | time 0.556 s
Part 11 | Epoch 00009 | Step 00000 | Loss 0.1601 | Train Acc 0.9570 | Speed (samples/sec) 2794.7084 | GPU 1804.4 MB | time 0.546 s
Part 8 | Epoch 00009 | Step 00000 | Loss 0.1798 | Train Acc 0.9580 | Speed (samples/sec) 2797.2996 | GPU 1801.6 MB | time 0.551 s
Part 26 | Epoch 00009 | Step 00000 | Loss 0.1569 | Train Acc 0.9650 | Speed (samples/sec) 2788.4472 | GPU 1650.0 MB | time 0.558 s
Part 6 | Epoch 00009 | Step 00000 | Loss 0.0897 | Train Acc 0.9690 | Speed (samples/sec) 2775.8291 | GPU 1538.1 MB | time 0.570 s
Avg train acc 0.9620
=====================
Part 2, Epoch Time(s): 2.4165
Sampling Time(s): 0.1394
Loading Time(s): 0.5278
Forward Time(s): 0.3264
Backward Time(s): 0.0758
Update Time(s): 0.0036
Emb Update Time(s): 1.3396
#seeds: 6144
#inputs: 922395
==========================================
Part 5, Epoch Time(s): 2.4125
Sampling Time(s): 0.1848
Loading Time(s): 0.5205
Forward Time(s): 0.2845
Backward Time(s): 0.0753
Update Time(s): 0.0040
Emb Update Time(s): 1.3395
#seeds: 6144
#inputs: 919554
==========================================
Part 1, Epoch Time(s): 2.4169
Sampling Time(s): 0.1387
Loading Time(s): 0.5305
Forward Time(s): 0.3248
Backward Time(s): 0.0760
Update Time(s): 0.0043
Emb Update Time(s): 1.3386
#seeds: 6145
#inputs: 920121
==========================================
Part 3, Epoch Time(s): 2.4126
Sampling Time(s): 0.1453
Loading Time(s): 0.6238
Forward Time(s): 0.2206
Backward Time(s): 0.0757
Update Time(s): 0.0037
Emb Update Time(s): 1.3395
#seeds: 6145
#inputs: 920085
==========================================
Part 6, Epoch Time(s): 2.4119
Sampling Time(s): 0.1441
Loading Time(s): 0.5660
Forward Time(s): 0.2783
Backward Time(s): 0.0754
Update Time(s): 0.0043
Emb Update Time(s): 1.3394
#seeds: 6144
#inputs: 920036
=====================




=====================
Part 7, Epoch Time(s): 2.4148
Sampling Time(s): 0.1299
Loading Time(s): 0.6232
Forward Time(s): 0.2388
Backward Time(s): 0.0753
Update Time(s): 0.0042
Emb Update Time(s): 1.3395
#seeds: 6144
#inputs: 915569
==========================================
Part 4, Epoch Time(s): 2.4132
Sampling Time(s): 0.1746
Loading Time(s): 0.5478
Forward Time(s): 0.2679
Backward Time(s): 0.0754
Update Time(s): 0.0042
Emb Update Time(s): 1.3394
#seeds: 6144
#inputs: 922324
=====================

=====================
Part 0, Epoch Time(s): 2.3836
Sampling Time(s): 0.1534
Loading Time(s): 0.6551
Forward Time(s): 0.1524
Backward Time(s): 0.0754
Update Time(s): 0.0043
Emb Update Time(s): 1.3383
#seeds: 6144
#inputs: 922199
=====================
=====================
Part 12, Epoch Time(s): 2.4028
Sampling Time(s): 0.1208
Loading Time(s): 0.5901
Forward Time(s): 0.2681
Backward Time(s): 0.0744
Update Time(s): 0.0036
Emb Update Time(s): 1.3419
#seeds: 6144
#inputs: 929595
==========================================
Part 9, Epoch Time(s): 2.3891
Sampling Time(s): 0.1571
Loading Time(s): 0.6664
Forward Time(s): 0.1433
Backward Time(s): 0.0739
Update Time(s): 0.0037
Emb Update Time(s): 1.3408
#seeds: 6144
#inputs: 937466
==========================================
Part 15, Epoch Time(s): 2.3847
Sampling Time(s): 0.1497
Loading Time(s): 0.6938
Forward Time(s): 0.1169
Backward Time(s): 0.0746
Update Time(s): 0.0041
Emb Update Time(s): 1.3406
#seeds: 6144
#inputs: 936810
==========================================
Part 10, Epoch Time(s): 2.4036
Sampling Time(s): 0.1634
Loading Time(s): 0.6974
Forward Time(s): 0.1258
Backward Time(s): 0.0738
Update Time(s): 0.0044
Emb Update Time(s): 1.3347
#seeds: 6144
#inputs: 934368
==========================================
Part 11, Epoch Time(s): 2.3886
Sampling Time(s): 0.1551
Loading Time(s): 0.6956
Forward Time(s): 0.1149
Backward Time(s): 0.0741
Update Time(s): 0.0040
Emb Update Time(s): 1.3409
#seeds: 6144
#inputs: 934272
==========================================
Part 8, Epoch Time(s): 2.3941
Sampling Time(s): 0.1652
Loading Time(s): 0.6980
Forward Time(s): 0.1075
Backward Time(s): 0.0752
Update Time(s): 0.0047
Emb Update Time(s): 1.3392
#seeds: 6145
#inputs: 932573
=====================
=====================
Part 14, Epoch Time(s): 2.4056
Sampling Time(s): 0.1324
Loading Time(s): 0.7269
Forward Time(s): 0.1235
Backward Time(s): 0.0742
Update Time(s): 0.0038
Emb Update Time(s): 1.3410
#seeds: 6145
#inputs: 935054
=====================



=====================
Part 13, Epoch Time(s): 2.3897
Sampling Time(s): 0.1373
Loading Time(s): 0.6493
Forward Time(s): 0.1799
Backward Time(s): 0.0744
Update Time(s): 0.0038
Emb Update Time(s): 1.3410
#seeds: 6144
#inputs: 935804
=====================


=====================
Part 30, Epoch Time(s): 2.3988
Sampling Time(s): 0.1372
Loading Time(s): 0.6973
Forward Time(s): 0.1413
Backward Time(s): 0.0739
Update Time(s): 0.0038
Emb Update Time(s): 1.3414
#seeds: 6144
#inputs: 919117
==========================================
Part 27, Epoch Time(s): 2.3974
Sampling Time(s): 0.1946
Loading Time(s): 0.6664
Forward Time(s): 0.1208
Backward Time(s): 0.0700
Update Time(s): 0.0041
Emb Update Time(s): 1.3375
#seeds: 6144
#inputs: 926451
==========================================
Part 24, Epoch Time(s): 2.4078
Sampling Time(s): 0.1505
Loading Time(s): 0.6746
Forward Time(s): 0.1619
Backward Time(s): 0.0745
Update Time(s): 0.0038
Emb Update Time(s): 1.3386
#seeds: 6144
#inputs: 922394
==========================================
Part 26, Epoch Time(s): 2.4007
Sampling Time(s): 0.1184
Loading Time(s): 0.6124
Forward Time(s): 0.2466
Backward Time(s): 0.0745
Update Time(s): 0.0039
Emb Update Time(s): 1.3408
#seeds: 6144
#inputs: 916429
=====================



=====================
Part 29, Epoch Time(s): 2.3996
Sampling Time(s): 0.1284
Loading Time(s): 0.6858
Forward Time(s): 0.1623
Backward Time(s): 0.0740
Update Time(s): 0.0038
Emb Update Time(s): 1.3414
#seeds: 6145
#inputs: 925269
==========================================
Part 25, Epoch Time(s): 2.4055
Sampling Time(s): 0.1432
Loading Time(s): 0.6794
Forward Time(s): 0.1598
Backward Time(s): 0.0748
Update Time(s): 0.0038
Emb Update Time(s): 1.3405
#seeds: 6144
#inputs: 925172
=====================

=====================
Part 31, Epoch Time(s): 2.4007
Sampling Time(s): 0.1400
Loading Time(s): 0.7181
Forward Time(s): 0.1249
Backward Time(s): 0.0711
Update Time(s): 0.0044
Emb Update Time(s): 1.3382
#seeds: 6144
#inputs: 920829
==========================================
Part 28, Epoch Time(s): 2.4076
Sampling Time(s): 0.1590
Loading Time(s): 0.6823
Forward Time(s): 0.1463
Backward Time(s): 0.0732
Update Time(s): 0.0038
Emb Update Time(s): 1.3388
#seeds: 6144
#inputs: 926300
=====================

=====================
Part 20, Epoch Time(s): 2.4193
Sampling Time(s): 0.1775
Loading Time(s): 0.6399
Forward Time(s): 0.1788
Backward Time(s): 0.0758
Update Time(s): 0.0040
Emb Update Time(s): 1.3393
#seeds: 6144
#inputs: 914728
==========================================
Part 18, Epoch Time(s): 2.4047
Sampling Time(s): 0.1442
Loading Time(s): 0.5758
Forward Time(s): 0.2617
Backward Time(s): 0.0761
Update Time(s): 0.0039
Emb Update Time(s): 1.3391
#seeds: 6144
#inputs: 919465
==========================================
Part 16, Epoch Time(s): 2.4051
Sampling Time(s): 0.1540
Loading Time(s): 0.5827
Forward Time(s): 0.2454
Backward Time(s): 0.0764
Update Time(s): 0.0037
Emb Update Time(s): 1.3390
#seeds: 6144
#inputs: 916073
==========================================
Part 19, Epoch Time(s): 2.3985
Sampling Time(s): 0.1468
Loading Time(s): 0.6411
Forward Time(s): 0.1915
Backward Time(s): 0.0753
Update Time(s): 0.0039
Emb Update Time(s): 1.3361
#seeds: 6144
#inputs: 915896
==========================================
Part 22, Epoch Time(s): 2.4031
Sampling Time(s): 0.1471
Loading Time(s): 0.5709
Forward Time(s): 0.2622
Backward Time(s): 0.0752
Update Time(s): 0.0040
Emb Update Time(s): 1.3398
#seeds: 6144
#inputs: 920886
=====================




=====================
Part 23, Epoch Time(s): 2.3924
Sampling Time(s): 0.1383
Loading Time(s): 0.6144
Forward Time(s): 0.2167
Backward Time(s): 0.0750
Update Time(s): 0.0038
Emb Update Time(s): 1.3402
#seeds: 6144
#inputs: 918423
=====================
=====================
Part 17, Epoch Time(s): 2.3839
Sampling Time(s): 0.1596
Loading Time(s): 0.6281
Forward Time(s): 0.1730
Backward Time(s): 0.0763
Update Time(s): 0.0037
Emb Update Time(s): 1.3391
#seeds: 6145
#inputs: 920482
==========================================
Part 21, Epoch Time(s): 2.4015
Sampling Time(s): 0.1510
Loading Time(s): 0.6697
Forward Time(s): 0.1574
Backward Time(s): 0.0760
Update Time(s): 0.0046
Emb Update Time(s): 1.3386
#seeds: 6145
#inputs: 913866
=====================

|V|=2449029, eval batch size: 100000
|V|=2449029, eval batch size: 100000
|V|=2449029, eval batch size: 100000
|V|=2449029, eval batch size: 100000
|V|=2449029, eval batch size: 100000
|V|=2449029, eval batch size: 100000
|V|=2449029, eval batch size: 100000
|V|=2449029, eval batch size: 100000
|V|=2449029, eval batch size: 100000
|V|=2449029, eval batch size: 100000
|V|=2449029, eval batch size: 100000
|V|=2449029, eval batch size: 100000
|V|=2449029, eval batch size: 100000
|V|=2449029, eval batch size: 100000
|V|=2449029, eval batch size: 100000
|V|=2449029, eval batch size: 100000
|V|=2449029, eval batch size: 100000
|V|=2449029, eval batch size: 100000
|V|=2449029, eval batch size: 100000
|V|=2449029, eval batch size: 100000
|V|=2449029, eval batch size: 100000
|V|=2449029, eval batch size: 100000
|V|=2449029, eval batch size: 100000
|V|=2449029, eval batch size: 100000
|V|=2449029, eval batch size: 100000
|V|=2449029, eval batch size: 100000
|V|=2449029, eval batch size: 100000
|V|=2449029, eval batch size: 100000
|V|=2449029, eval batch size: 100000
|V|=2449029, eval batch size: 100000
|V|=2449029, eval batch size: 100000
|V|=2449029, eval batch size: 100000
|V|=2449029, eval batch size: 100000
|V|=2449029, eval batch size: 100000
|V|=2449029, eval batch size: 100000
|V|=2449029, eval batch size: 100000
|V|=2449029, eval batch size: 100000
|V|=2449029, eval batch size: 100000
|V|=2449029, eval batch size: 100000
|V|=2449029, eval batch size: 100000
|V|=2449029, eval batch size: 100000
|V|=2449029, eval batch size: 100000
|V|=2449029, eval batch size: 100000
|V|=2449029, eval batch size: 100000
|V|=2449029, eval batch size: 100000
|V|=2449029, eval batch size: 100000
|V|=2449029, eval batch size: 100000|V|=2449029, eval batch size: 100000

|V|=2449029, eval batch size: 100000
|V|=2449029, eval batch size: 100000
|V|=2449029, eval batch size: 100000
|V|=2449029, eval batch size: 100000
|V|=2449029, eval batch size: 100000
|V|=2449029, eval batch size: 100000
|V|=2449029, eval batch size: 100000|V|=2449029, eval batch size: 100000

|V|=2449029, eval batch size: 100000
|V|=2449029, eval batch size: 100000
|V|=2449029, eval batch size: 100000
|V|=2449029, eval batch size: 100000
|V|=2449029, eval batch size: 100000
|V|=2449029, eval batch size: 100000
|V|=2449029, eval batch size: 100000
|V|=2449029, eval batch size: 100000
Part 2, Val Acc 0.9430, Test Acc 0.7613, time: 4.8712
Part 9, Val Acc 0.8902, Test Acc 0.6955, time: 4.8740
Part 1, Val Acc 0.9398, Test Acc 0.7653, time: 4.8755
Part 6, Val Acc 0.9455, Test Acc 0.7639, time: 4.8814
Part 22, Val Acc 0.9105, Test Acc 0.7184, time: 4.8830
Part 28, Val Acc 0.9276, Test Acc 0.7181, time: 4.8846
Part 7, Val Acc 0.9406, Test Acc 0.7637, time: 4.8867
Part 5, Val Acc 0.9341, Test Acc 0.7634, time: 4.8869
Part 3, Val Acc 0.9577, Test Acc 0.7657, time: 4.8889
Part 4, Val Acc 0.9463, Test Acc 0.7654, time: 4.8896
Part 20, Val Acc 0.8933, Test Acc 0.7197, time: 4.8903
Part 0, Val Acc 0.9487, Test Acc 0.7640, time: 4.8940
Part 18, Val Acc 0.8926, Test Acc 0.7207, time: 4.8967
Part 21, Val Acc 0.8942, Test Acc 0.7169, time: 4.8974
Part 25, Val Acc 0.9145, Test Acc 0.7160, time: 4.8979
Part 31, Val Acc 0.9064, Test Acc 0.7178, time: 4.8981
Part 27, Val Acc 0.9186, Test Acc 0.7164, time: 4.8982
Part 19, Val Acc 0.8902, Test Acc 0.7189, time: 4.8986
Part 13, Val Acc 0.8975, Test Acc 0.6951, time: 4.8985
Part 16, Val Acc 0.9015, Test Acc 0.7213, time: 4.8988
Part 15, Val Acc 0.8910, Test Acc 0.6990, time: 4.8989
Part 8, Val Acc 0.8991, Test Acc 0.6971, time: 4.8992
Part 14, Val Acc 0.8788, Test Acc 0.6965, time: 4.8998
Part 10, Val Acc 0.8893, Test Acc 0.6966, time: 4.9009
Part 12, Val Acc 0.8868, Test Acc 0.6943, time: 4.9014
Part 17, Val Acc 0.8779, Test Acc 0.7197, time: 4.9025
Part 24, Val Acc 0.9097, Test Acc 0.7179, time: 4.9059
Part 26, Val Acc 0.9226, Test Acc 0.7155, time: 4.9093
Part 30, Val Acc 0.9219, Test Acc 0.7170, time: 4.9100
Part 29, Val Acc 0.9154, Test Acc 0.7160, time: 4.9111
Part 23, Val Acc 0.9089, Test Acc 0.7161, time: 4.9160
Part 11, Val Acc 0.8950, Test Acc 0.6932, time: 4.9173
All parts avg val acc 0.9122, test acc 0.7239
Part 1 | Epoch 00010 | Step 00000 | Loss 0.0541 | Train Acc 0.9880 | Speed (samples/sec) 2775.5483 | GPU 1531.0 MB | time 0.448 s
Part 3 | Epoch 00010 | Step 00000 | Loss 0.0755 | Train Acc 0.9800 | Speed (samples/sec) 2777.9470 | GPU 1536.1 MB | time 0.434 sPart 7 | Epoch 00010 | Step 00000 | Loss 0.0599 | Train Acc 0.9870 | Speed (samples/sec) 2775.3057 | GPU 1532.4 MB | time 0.437 s

Part 2 | Epoch 00010 | Step 00000 | Loss 0.1072 | Train Acc 0.9750 | Speed (samples/sec) 2767.3567 | GPU 1528.3 MB | time 0.452 s
Part 5 | Epoch 00010 | Step 00000 | Loss 0.0814 | Train Acc 0.9790 | Speed (samples/sec) 2776.9249 | GPU 1546.5 MB | time 0.436 s
Part 6 | Epoch 00010 | Step 00000 | Loss 0.0678 | Train Acc 0.9840 | Speed (samples/sec) 2771.3399 | GPU 1538.2 MB | time 0.442 s
Part 0 | Epoch 00010 | Step 00000 | Loss 0.0878 | Train Acc 0.9800 | Speed (samples/sec) 2803.0125 | GPU 1533.4 MB | time 0.405 s
Part 18 | Epoch 00010 | Step 00000 | Loss 0.1734 | Train Acc 0.9550 | Speed (samples/sec) 2783.3725 | GPU 1564.1 MB | time 0.426 sPart 20 | Epoch 00010 | Step 00000 | Loss 0.1203 | Train Acc 0.9700 | Speed (samples/sec) 2777.0289 | GPU 1569.9 MB | time 0.433 sPart 21 | Epoch 00010 | Step 00000 | Loss 0.1755 | Train Acc 0.9590 | Speed (samples/sec) 2787.5245 | GPU 1574.0 MB | time 0.426 s


Part 22 | Epoch 00010 | Step 00000 | Loss 0.1374 | Train Acc 0.9690 | Speed (samples/sec) 2780.4956 | GPU 1577.3 MB | time 0.440 s
Part 16 | Epoch 00010 | Step 00000 | Loss 0.2161 | Train Acc 0.9600 | Speed (samples/sec) 2781.3662 | GPU 1578.3 MB | time 0.424 sPart 19 | Epoch 00010 | Step 00000 | Loss 0.1730 | Train Acc 0.9610 | Speed (samples/sec) 2786.8343 | GPU 1568.7 MB | time 0.425 s

Part 17 | Epoch 00010 | Step 00000 | Loss 0.1769 | Train Acc 0.9530 | Speed (samples/sec) 2786.5289 | GPU 1569.5 MB | time 0.421 s
Part 31 | Epoch 00010 | Step 00000 | Loss 0.1105 | Train Acc 0.9710 | Speed (samples/sec) 2783.7570 | GPU 1663.9 MB | time 0.425 sPart 25 | Epoch 00010 | Step 00000 | Loss 0.1226 | Train Acc 0.9680 | Speed (samples/sec) 2785.4638 | GPU 1657.6 MB | time 0.425 sPart 29 | Epoch 00010 | Step 00000 | Loss 0.0874 | Train Acc 0.9740 | Speed (samples/sec) 2790.1615 | GPU 1660.6 MB | time 0.412 s


Part 30 | Epoch 00010 | Step 00000 | Loss 0.0970 | Train Acc 0.9790 | Speed (samples/sec) 2785.4777 | GPU 1671.8 MB | time 0.413 s
Part 24 | Epoch 00010 | Step 00000 | Loss 0.0922 | Train Acc 0.9800 | Speed (samples/sec) 2782.9323 | GPU 1660.3 MB | time 0.417 sPart 26 | Epoch 00010 | Step 00000 | Loss 0.1081 | Train Acc 0.9740 | Speed (samples/sec) 2784.7845 | GPU 1650.0 MB | time 0.414 s

Part 28 | Epoch 00010 | Step 00000 | Loss 0.1200 | Train Acc 0.9670 | Speed (samples/sec) 2779.2282 | GPU 1654.9 MB | time 0.439 s
Part 14 | Epoch 00010 | Step 00000 | Loss 0.1292 | Train Acc 0.9680 | Speed (samples/sec) 2787.5491 | GPU 1812.9 MB | time 0.423 sPart 9 | Epoch 00010 | Step 00000 | Loss 0.1602 | Train Acc 0.9540 | Speed (samples/sec) 2782.8230 | GPU 1802.2 MB | time 0.449 s

Part 15 | Epoch 00010 | Step 00000 | Loss 0.1185 | Train Acc 0.9660 | Speed (samples/sec) 2790.5218 | GPU 1793.5 MB | time 0.424 s
Part 10 | Epoch 00010 | Step 00000 | Loss 0.1421 | Train Acc 0.9620 | Speed (samples/sec) 2785.4167 | GPU 1799.1 MB | time 0.422 s
Part 12 | Epoch 00010 | Step 00000 | Loss 0.1210 | Train Acc 0.9700 | Speed (samples/sec) 2792.6664 | GPU 1790.8 MB | time 0.422 s
Part 13 | Epoch 00010 | Step 00000 | Loss 0.1736 | Train Acc 0.9540 | Speed (samples/sec) 2792.4588 | GPU 1801.2 MB | time 0.425 s
Part 8 | Epoch 00010 | Step 00000 | Loss 0.1299 | Train Acc 0.9650 | Speed (samples/sec) 2792.0594 | GPU 1801.6 MB | time 0.424 s
Part 11 | Epoch 00010 | Step 00000 | Loss 0.1528 | Train Acc 0.9590 | Speed (samples/sec) 2791.0795 | GPU 1804.4 MB | time 0.406 s
Part 27 | Epoch 00010 | Step 00000 | Loss 0.1584 | Train Acc 0.9620 | Speed (samples/sec) 2784.4624 | GPU 1659.0 MB | time 0.425 s
Part 4 | Epoch 00010 | Step 00000 | Loss 0.0557 | Train Acc 0.9780 | Speed (samples/sec) 2776.4457 | GPU 1537.0 MB | time 0.434 s
Part 23 | Epoch 00010 | Step 00000 | Loss 0.1922 | Train Acc 0.9540 | Speed (samples/sec) 2785.9263 | GPU 1574.9 MB | time 0.407 s
Avg train acc 0.9689
=====================
Part 1, Epoch Time(s): 2.2752
Sampling Time(s): 0.1456
Loading Time(s): 0.5275
Forward Time(s): 0.3144
Backward Time(s): 0.0758
Update Time(s): 0.0035
Emb Update Time(s): 1.2045
#seeds: 6145
#inputs: 915639
==========================================
Part 2, Epoch Time(s): 2.2795
Sampling Time(s): 0.1377
Loading Time(s): 0.5683
Forward Time(s): 0.2857
Backward Time(s): 0.0755
Update Time(s): 0.0038
Emb Update Time(s): 1.2044
#seeds: 6144
#inputs: 922695
=====================

=====================
Part 3, Epoch Time(s): 2.2619
Sampling Time(s): 0.1434
Loading Time(s): 0.5967
Forward Time(s): 0.2340
Backward Time(s): 0.0753
Update Time(s): 0.0035
Emb Update Time(s): 1.2054
#seeds: 6145
#inputs: 919917
==========================================
Part 4, Epoch Time(s): 2.2610
Sampling Time(s): 0.1478
Loading Time(s): 0.5908
Forward Time(s): 0.2343
Backward Time(s): 0.0750
Update Time(s): 0.0037
Emb Update Time(s): 1.2053
#seeds: 6144
#inputs: 920914
==========================================
Part 6, Epoch Time(s): 2.2692
Sampling Time(s): 0.1330
Loading Time(s): 0.5535
Forward Time(s): 0.2949
Backward Time(s): 0.0747
Update Time(s): 0.0038
Emb Update Time(s): 1.2054
#seeds: 6144
#inputs: 920051
=====================

=====================
Part 7, Epoch Time(s): 2.2640
Sampling Time(s): 0.1266
Loading Time(s): 0.5723
Forward Time(s): 0.2772
Backward Time(s): 0.0750
Update Time(s): 0.0041
Emb Update Time(s): 1.2048
#seeds: 6144
#inputs: 919157
=====================
=====================
Part 5, Epoch Time(s): 2.2637
Sampling Time(s): 0.1654
Loading Time(s): 0.5685
Forward Time(s): 0.2420
Backward Time(s): 0.0748
Update Time(s): 0.0045
Emb Update Time(s): 1.2044
#seeds: 6144
#inputs: 919666
==========================================
Part 0, Epoch Time(s): 2.2325
Sampling Time(s): 0.2044
Loading Time(s): 0.6002
Forward Time(s): 0.1442
Backward Time(s): 0.0735
Update Time(s): 0.0045
Emb Update Time(s): 1.2007
#seeds: 6144
#inputs: 924563
=====================


=====================
Part 18, Epoch Time(s): 2.2536
Sampling Time(s): 0.1488
Loading Time(s): 0.6032
Forward Time(s): 0.2139
Backward Time(s): 0.0748
Update Time(s): 0.0036
Emb Update Time(s): 1.2053
#seeds: 6144
#inputs: 918626
==========================================
Part 21, Epoch Time(s): 2.2532
Sampling Time(s): 0.1416
Loading Time(s): 0.6380
Forward Time(s): 0.1879
Backward Time(s): 0.0743
Update Time(s): 0.0040
Emb Update Time(s): 1.2036
#seeds: 6145
#inputs: 915955
=====================

=====================
Part 20, Epoch Time(s): 2.2604
Sampling Time(s): 0.1479
Loading Time(s): 0.5526
Forward Time(s): 0.2719
Backward Time(s): 0.0744
Update Time(s): 0.0038
Emb Update Time(s): 1.2057
#seeds: 6144
#inputs: 912749
==========================================
Part 22, Epoch Time(s): 2.2676
Sampling Time(s): 0.1326
Loading Time(s): 0.6700
Forward Time(s): 0.1773
Backward Time(s): 0.0742
Update Time(s): 0.0041
Emb Update Time(s): 1.2055
#seeds: 6144
#inputs: 924894
==========================================
Part 16, Epoch Time(s): 2.2517
Sampling Time(s): 0.1366
Loading Time(s): 0.5675
Forward Time(s): 0.2593
Backward Time(s): 0.0751
Update Time(s): 0.0037
Emb Update Time(s): 1.2054
#seeds: 6144
#inputs: 918529
==========================================
Part 23, Epoch Time(s): 2.2343
Sampling Time(s): 0.1486
Loading Time(s): 0.6373
Forward Time(s): 0.1597
Backward Time(s): 0.0740
Update Time(s): 0.0048
Emb Update Time(s): 1.2053
#seeds: 6144
#inputs: 916168
=====================



=====================
Part 17, Epoch Time(s): 2.2481
Sampling Time(s): 0.1532
Loading Time(s): 0.6312
Forward Time(s): 0.1791
Backward Time(s): 0.0741
Update Time(s): 0.0042
Emb Update Time(s): 1.2021
#seeds: 6145
#inputs: 919423
==========================================
Part 19, Epoch Time(s): 2.2520
Sampling Time(s): 0.1496
Loading Time(s): 0.5835
Forward Time(s): 0.2302
Backward Time(s): 0.0747
Update Time(s): 0.0045
Emb Update Time(s): 1.2052
#seeds: 6144
#inputs: 917333
=====================

=====================
Part 24, Epoch Time(s): 2.2446
Sampling Time(s): 0.1613
Loading Time(s): 0.6538
Forward Time(s): 0.1416
Backward Time(s): 0.0743
Update Time(s): 0.0036
Emb Update Time(s): 1.2060
#seeds: 6144
#inputs: 924399
==========================================
Part 30, Epoch Time(s): 2.2406
Sampling Time(s): 0.1429
Loading Time(s): 0.6687
Forward Time(s): 0.1412
Backward Time(s): 0.0731
Update Time(s): 0.0038
Emb Update Time(s): 1.2069
#seeds: 6144
#inputs: 919677
=====================

=====================
Part 25, Epoch Time(s): 2.2527
Sampling Time(s): 0.1479
Loading Time(s): 0.6615
Forward Time(s): 0.1555
Backward Time(s): 0.0741
Update Time(s): 0.0035
Emb Update Time(s): 1.2063
#seeds: 6144
#inputs: 928526
==========================================
Part 26, Epoch Time(s): 2.2414
Sampling Time(s): 0.1524
Loading Time(s): 0.6685
Forward Time(s): 0.1387
Backward Time(s): 0.0704
Update Time(s): 0.0040
Emb Update Time(s): 1.2033
#seeds: 6144
#inputs: 918531
==========================================
Part 29, Epoch Time(s): 2.2392
Sampling Time(s): 0.1550
Loading Time(s): 0.6426
Forward Time(s): 0.1540
Backward Time(s): 0.0732
Update Time(s): 0.0039
Emb Update Time(s): 1.2067
#seeds: 6145
#inputs: 927721
==========================================
Part 31, Epoch Time(s): 2.2526
Sampling Time(s): 0.1387
Loading Time(s): 0.6427
Forward Time(s): 0.1836
Backward Time(s): 0.0732
Update Time(s): 0.0044
Emb Update Time(s): 1.2062
#seeds: 6144
#inputs: 922712
==========================================
Part 28, Epoch Time(s): 2.2660
Sampling Time(s): 0.1638
Loading Time(s): 0.6974
Forward Time(s): 0.1177
Backward Time(s): 0.0724
Update Time(s): 0.0042
Emb Update Time(s): 1.2063
#seeds: 6144
#inputs: 923808
=====================



=====================
Part 27, Epoch Time(s): 2.2525
Sampling Time(s): 0.1662
Loading Time(s): 0.6585
Forward Time(s): 0.1394
Backward Time(s): 0.0745
Update Time(s): 0.0044
Emb Update Time(s): 1.2051
#seeds: 6144
#inputs: 925121
=====================

=====================
Part 13, Epoch Time(s): 2.2521
Sampling Time(s): 0.1366
Loading Time(s): 0.6760
Forward Time(s): 0.1519
Backward Time(s): 0.0728
Update Time(s): 0.0037
Emb Update Time(s): 1.2072
#seeds: 6144
#inputs: 933942
==========================================
Part 9, Epoch Time(s): 2.2767
Sampling Time(s): 0.1518
Loading Time(s): 0.6634
Forward Time(s): 0.1753
Backward Time(s): 0.0721
Update Time(s): 0.0038
Emb Update Time(s): 1.2064
#seeds: 6144
#inputs: 937241
==========================================
Part 12, Epoch Time(s): 2.2492
Sampling Time(s): 0.1394
Loading Time(s): 0.6356
Forward Time(s): 0.1866
Backward Time(s): 0.0730
Update Time(s): 0.0035
Emb Update Time(s): 1.2072
#seeds: 6144
#inputs: 931406
==========================================
Part 11, Epoch Time(s): 2.2332
Sampling Time(s): 0.1609
Loading Time(s): 0.6803
Forward Time(s): 0.1040
Backward Time(s): 0.0731
Update Time(s): 0.0042
Emb Update Time(s): 1.2067
#seeds: 6144
#inputs: 932696
==========================================
Part 14, Epoch Time(s): 2.2508
Sampling Time(s): 0.1421
Loading Time(s): 0.6915
Forward Time(s): 0.1330
Backward Time(s): 0.0722
Update Time(s): 0.0038
Emb Update Time(s): 1.2044
#seeds: 6145
#inputs: 933468
=====================


=====================
Part 10, Epoch Time(s): 2.2496
Sampling Time(s): 0.1468
Loading Time(s): 0.6916
Forward Time(s): 0.1230
Backward Time(s): 0.0735
Update Time(s): 0.0038
Emb Update Time(s): 1.2068
#seeds: 6144
#inputs: 935487
=====================
=====================
Part 8, Epoch Time(s): 2.2515
Sampling Time(s): 0.1494
Loading Time(s): 0.6942
Forward Time(s): 0.1231
Backward Time(s): 0.0733
Update Time(s): 0.0039
Emb Update Time(s): 1.2037
#seeds: 6145
#inputs: 934901
=====================
=====================
Part 15, Epoch Time(s): 2.2517
Sampling Time(s): 0.1428
Loading Time(s): 0.7323
Forward Time(s): 0.0920
Backward Time(s): 0.0728
Update Time(s): 0.0040
Emb Update Time(s): 1.2039
#seeds: 6144
#inputs: 933548
=====================


|V|=2449029, eval batch size: 100000
|V|=2449029, eval batch size: 100000
|V|=2449029, eval batch size: 100000
|V|=2449029, eval batch size: 100000
|V|=2449029, eval batch size: 100000
|V|=2449029, eval batch size: 100000
|V|=2449029, eval batch size: 100000
|V|=2449029, eval batch size: 100000
|V|=2449029, eval batch size: 100000
|V|=2449029, eval batch size: 100000
|V|=2449029, eval batch size: 100000
|V|=2449029, eval batch size: 100000
|V|=2449029, eval batch size: 100000
|V|=2449029, eval batch size: 100000
|V|=2449029, eval batch size: 100000
|V|=2449029, eval batch size: 100000
|V|=2449029, eval batch size: 100000
|V|=2449029, eval batch size: 100000
|V|=2449029, eval batch size: 100000
|V|=2449029, eval batch size: 100000
|V|=2449029, eval batch size: 100000
|V|=2449029, eval batch size: 100000
|V|=2449029, eval batch size: 100000
|V|=2449029, eval batch size: 100000
|V|=2449029, eval batch size: 100000
|V|=2449029, eval batch size: 100000
|V|=2449029, eval batch size: 100000
|V|=2449029, eval batch size: 100000
|V|=2449029, eval batch size: 100000
|V|=2449029, eval batch size: 100000
|V|=2449029, eval batch size: 100000
|V|=2449029, eval batch size: 100000
|V|=2449029, eval batch size: 100000
|V|=2449029, eval batch size: 100000|V|=2449029, eval batch size: 100000

|V|=2449029, eval batch size: 100000
|V|=2449029, eval batch size: 100000
|V|=2449029, eval batch size: 100000
|V|=2449029, eval batch size: 100000
|V|=2449029, eval batch size: 100000
|V|=2449029, eval batch size: 100000
|V|=2449029, eval batch size: 100000|V|=2449029, eval batch size: 100000

|V|=2449029, eval batch size: 100000
|V|=2449029, eval batch size: 100000
|V|=2449029, eval batch size: 100000
|V|=2449029, eval batch size: 100000
|V|=2449029, eval batch size: 100000
|V|=2449029, eval batch size: 100000
|V|=2449029, eval batch size: 100000
|V|=2449029, eval batch size: 100000
|V|=2449029, eval batch size: 100000
|V|=2449029, eval batch size: 100000
|V|=2449029, eval batch size: 100000|V|=2449029, eval batch size: 100000

|V|=2449029, eval batch size: 100000
|V|=2449029, eval batch size: 100000
|V|=2449029, eval batch size: 100000
|V|=2449029, eval batch size: 100000
|V|=2449029, eval batch size: 100000
|V|=2449029, eval batch size: 100000
|V|=2449029, eval batch size: 100000
|V|=2449029, eval batch size: 100000
|V|=2449029, eval batch size: 100000
Part 2, Val Acc 0.9447, Test Acc 0.7622, time: 4.9483
Part 0, Val Acc 0.9487, Test Acc 0.7647, time: 4.9534
Part 7, Val Acc 0.9422, Test Acc 0.7646, time: 4.9556
Part 6, Val Acc 0.9439, Test Acc 0.7643, time: 4.9558
Part 3, Val Acc 0.9569, Test Acc 0.7662, time: 4.9568
Part 1, Val Acc 0.9414, Test Acc 0.7660, time: 4.9571
Part 4, Val Acc 0.9463, Test Acc 0.7668, time: 4.9603
Part 5, Val Acc 0.9357, Test Acc 0.7644, time: 4.9604
Part 20, Val Acc 0.8901, Test Acc 0.7242, time: 4.9637
Part 16, Val Acc 0.8999, Test Acc 0.7250, time: 4.9639
Part 28, Val Acc 0.9260, Test Acc 0.7192, time: 4.9646
Part 18, Val Acc 0.8950, Test Acc 0.7240, time: 4.9672
Part 24, Val Acc 0.9105, Test Acc 0.7188, time: 4.9682
Part 29, Val Acc 0.9203, Test Acc 0.7174, time: 4.9683
Part 31, Val Acc 0.9064, Test Acc 0.7184, time: 4.9695
Part 22, Val Acc 0.9105, Test Acc 0.7223, time: 4.9699
Part 14, Val Acc 0.8812, Test Acc 0.6975, time: 4.9697
Part 26, Val Acc 0.9259, Test Acc 0.7164, time: 4.9704
Part 12, Val Acc 0.8876, Test Acc 0.6953, time: 4.9708
Part 27, Val Acc 0.9170, Test Acc 0.7173, time: 4.9709
Part 21, Val Acc 0.8926, Test Acc 0.7216, time: 4.9711
Part 23, Val Acc 0.9089, Test Acc 0.7197, time: 4.9719
Part 30, Val Acc 0.9211, Test Acc 0.7175, time: 4.9720
Part 8, Val Acc 0.8983, Test Acc 0.6980, time: 4.9746
Part 19, Val Acc 0.8910, Test Acc 0.7225, time: 4.9757
Part 17, Val Acc 0.8820, Test Acc 0.7234, time: 4.9776
Part 25, Val Acc 0.9145, Test Acc 0.7172, time: 4.9776
Part 13, Val Acc 0.8983, Test Acc 0.6963, time: 4.9832
Part 9, Val Acc 0.8950, Test Acc 0.6958, time: 4.9871
Part 15, Val Acc 0.8918, Test Acc 0.6995, time: 4.9894
Part 11, Val Acc 0.8975, Test Acc 0.6945, time: 4.9938
Part 10, Val Acc 0.8902, Test Acc 0.6975, time: 4.9968
All parts avg val acc 0.9128, test acc 0.7256
Part 4 | Epoch 00011 | Step 00000 | Loss 0.0567 | Train Acc 0.9860 | Speed (samples/sec) 2784.1980 | GPU 1537.2 MB | time 0.386 s
Part 2 | Epoch 00011 | Step 00000 | Loss 0.0614 | Train Acc 0.9860 | Speed (samples/sec) 2774.8526 | GPU 1528.8 MB | time 0.398 sPart 1 | Epoch 00011 | Step 00000 | Loss 0.0519 | Train Acc 0.9860 | Speed (samples/sec) 2783.0592 | GPU 1531.0 MB | time 0.389 sPart 6 | Epoch 00011 | Step 00000 | Loss 0.0898 | Train Acc 0.9830 | Speed (samples/sec) 2779.0861 | GPU 1538.2 MB | time 0.390 s


Part 7 | Epoch 00011 | Step 00000 | Loss 0.0584 | Train Acc 0.9890 | Speed (samples/sec) 2782.6793 | GPU 1532.4 MB | time 0.391 s
Part 3 | Epoch 00011 | Step 00000 | Loss 0.0768 | Train Acc 0.9830 | Speed (samples/sec) 2785.2010 | GPU 1536.4 MB | time 0.389 s
Part 0 | Epoch 00011 | Step 00000 | Loss 0.0410 | Train Acc 0.9930 | Speed (samples/sec) 2812.1826 | GPU 1533.4 MB | time 0.348 s
Part 18 | Epoch 00011 | Step 00000 | Loss 0.1599 | Train Acc 0.9600 | Speed (samples/sec) 2791.0042 | GPU 1564.1 MB | time 0.379 s
Part 20 | Epoch 00011 | Step 00000 | Loss 0.1501 | Train Acc 0.9640 | Speed (samples/sec) 2785.0001 | GPU 1569.9 MB | time 0.382 s
Part 21 | Epoch 00011 | Step 00000 | Loss 0.1562 | Train Acc 0.9650 | Speed (samples/sec) 2795.2424 | GPU 1574.0 MB | time 0.375 s
Part 22 | Epoch 00011 | Step 00000 | Loss 0.1599 | Train Acc 0.9640 | Speed (samples/sec) 2788.6725 | GPU 1577.3 MB | time 0.376 s
Part 23 | Epoch 00011 | Step 00000 | Loss 0.1900 | Train Acc 0.9600 | Speed (samples/sec) 2793.9397 | GPU 1574.9 MB | time 0.374 s
Part 16 | Epoch 00011 | Step 00000 | Loss 0.1778 | Train Acc 0.9640 | Speed (samples/sec) 2788.9240 | GPU 1578.3 MB | time 0.382 s
Part 19 | Epoch 00011 | Step 00000 | Loss 0.1243 | Train Acc 0.9720 | Speed (samples/sec) 2794.9803 | GPU 1568.7 MB | time 0.370 s
Part 17 | Epoch 00011 | Step 00000 | Loss 0.0846 | Train Acc 0.9770 | Speed (samples/sec) 2794.9741 | GPU 1569.5 MB | time 0.368 s
Part 5 | Epoch 00011 | Step 00000 | Loss 0.0613 | Train Acc 0.9850 | Speed (samples/sec) 2784.5665 | GPU 1546.5 MB | time 0.386 s
Part 25 | Epoch 00011 | Step 00000 | Loss 0.1048 | Train Acc 0.9750 | Speed (samples/sec) 2793.8834 | GPU 1657.6 MB | time 0.369 sPart 29 | Epoch 00011 | Step 00000 | Loss 0.0573 | Train Acc 0.9830 | Speed (samples/sec) 2797.3028 | GPU 1660.6 MB | time 0.378 s

Part 31 | Epoch 00011 | Step 00000 | Loss 0.0685 | Train Acc 0.9860 | Speed (samples/sec) 2791.5882 | GPU 1663.9 MB | time 0.376 s
Part 30 | Epoch 00011 | Step 00000 | Loss 0.0694 | Train Acc 0.9850 | Speed (samples/sec) 2793.3574 | GPU 1671.8 MB | time 0.374 s
Part 26 | Epoch 00011 | Step 00000 | Loss 0.0960 | Train Acc 0.9780 | Speed (samples/sec) 2792.6102 | GPU 1650.0 MB | time 0.376 s
Part 14 | Epoch 00011 | Step 00000 | Loss 0.1098 | Train Acc 0.9690 | Speed (samples/sec) 2795.0904 | GPU 1812.9 MB | time 0.376 s
Part 10 | Epoch 00011 | Step 00000 | Loss 0.0846 | Train Acc 0.9790 | Speed (samples/sec) 2795.9107 | GPU 1799.1 MB | time 0.349 s
Part 12 | Epoch 00011 | Step 00000 | Loss 0.1067 | Train Acc 0.9720 | Speed (samples/sec) 2799.7927 | GPU 1790.8 MB | time 0.375 s
Part 8 | Epoch 00011 | Step 00000 | Loss 0.1309 | Train Acc 0.9710 | Speed (samples/sec) 2799.6937 | GPU 1801.6 MB | time 0.371 sPart 9 | Epoch 00011 | Step 00000 | Loss 0.1334 | Train Acc 0.9710 | Speed (samples/sec) 2792.4997 | GPU 1802.2 MB | time 0.359 s

Part 13 | Epoch 00011 | Step 00000 | Loss 0.0918 | Train Acc 0.9770 | Speed (samples/sec) 2800.8270 | GPU 1801.2 MB | time 0.363 s
Part 27 | Epoch 00011 | Step 00000 | Loss 0.0845 | Train Acc 0.9780 | Speed (samples/sec) 2792.4549 | GPU 1659.0 MB | time 0.375 s
Part 15 | Epoch 00011 | Step 00000 | Loss 0.1478 | Train Acc 0.9700 | Speed (samples/sec) 2799.7566 | GPU 1793.5 MB | time 0.357 s
Part 24 | Epoch 00011 | Step 00000 | Loss 0.0807 | Train Acc 0.9820 | Speed (samples/sec) 2790.7177 | GPU 1660.3 MB | time 0.378 s
Part 11 | Epoch 00011 | Step 00000 | Loss 0.1051 | Train Acc 0.9780 | Speed (samples/sec) 2800.7100 | GPU 1804.4 MB | time 0.352 s
Part 28 | Epoch 00011 | Step 00000 | Loss 0.0807 | Train Acc 0.9790 | Speed (samples/sec) 2787.0540 | GPU 1654.9 MB | time 0.382 s
Avg train acc 0.9766
=====================
Part 1, Epoch Time(s): 2.4663
Sampling Time(s): 0.1233
Loading Time(s): 0.5157
Forward Time(s): 0.3558
Backward Time(s): 0.0728
Update Time(s): 0.0035
Emb Update Time(s): 1.3916
#seeds: 6145
#inputs: 917648
==========================================
Part 2, Epoch Time(s): 2.4749
Sampling Time(s): 0.1527
Loading Time(s): 0.5257
Forward Time(s): 0.3250
Backward Time(s): 0.0728
Update Time(s): 0.0036
Emb Update Time(s): 1.3914
#seeds: 6144
#inputs: 923996
==========================================
Part 3, Epoch Time(s): 2.4665
Sampling Time(s): 0.1464
Loading Time(s): 0.6117
Forward Time(s): 0.2363
Backward Time(s): 0.0724
Update Time(s): 0.0053
Emb Update Time(s): 1.3904
#seeds: 6145
#inputs: 919690
==========================================
Part 4, Epoch Time(s): 2.4631
Sampling Time(s): 0.1268
Loading Time(s): 0.5228
Forward Time(s): 0.3419
Backward Time(s): 0.0722
Update Time(s): 0.0037
Emb Update Time(s): 1.3920
#seeds: 6144
#inputs: 921878
=====================

=====================
Part 7, Epoch Time(s): 2.4678
Sampling Time(s): 0.1422
Loading Time(s): 0.6132
Forward Time(s): 0.2407
Backward Time(s): 0.0717
Update Time(s): 0.0038
Emb Update Time(s): 1.3924
#seeds: 6144
#inputs: 919780
=====================
=====================
Part 6, Epoch Time(s): 2.4676
Sampling Time(s): 0.1509
Loading Time(s): 0.5597
Forward Time(s): 0.2852
Backward Time(s): 0.0718
Update Time(s): 0.0040
Emb Update Time(s): 1.3922
#seeds: 6144
#inputs: 918857
=====================

=====================
Part 5, Epoch Time(s): 2.4630
Sampling Time(s): 0.1707
Loading Time(s): 0.5745
Forward Time(s): 0.2457
Backward Time(s): 0.0722
Update Time(s): 0.0044
Emb Update Time(s): 1.3914
#seeds: 6144
#inputs: 917021
=====================
=====================
Part 0, Epoch Time(s): 2.4255
Sampling Time(s): 0.1526
Loading Time(s): 0.6098
Forward Time(s): 0.1901
Backward Time(s): 0.0734
Update Time(s): 0.0038
Emb Update Time(s): 1.3909
#seeds: 6144
#inputs: 923407
=====================

=====================
Part 16, Epoch Time(s): 2.4594
Sampling Time(s): 0.1434
Loading Time(s): 0.5805
Forward Time(s): 0.2636
Backward Time(s): 0.0726
Update Time(s): 0.0035
Emb Update Time(s): 1.3921
#seeds: 6144
#inputs: 917073
==========================================
Part 21, Epoch Time(s): 2.4518
Sampling Time(s): 0.1497
Loading Time(s): 0.6146
Forward Time(s): 0.2157
Backward Time(s): 0.0723
Update Time(s): 0.0039
Emb Update Time(s): 1.3918
#seeds: 6145
#inputs: 913558
==========================================
Part 20, Epoch Time(s): 2.4595
Sampling Time(s): 0.1701
Loading Time(s): 0.5748
Forward Time(s): 0.2428
Backward Time(s): 0.0720
Update Time(s): 0.0041
Emb Update Time(s): 1.3922
#seeds: 6144
#inputs: 915305
==========================================
Part 17, Epoch Time(s): 2.4456
Sampling Time(s): 0.1468
Loading Time(s): 0.5860
Forward Time(s): 0.2407
Backward Time(s): 0.0725
Update Time(s): 0.0041
Emb Update Time(s): 1.3915
#seeds: 6145
#inputs: 920839
==========================================
Part 22, Epoch Time(s): 2.4534
Sampling Time(s): 0.1486
Loading Time(s): 0.6292
Forward Time(s): 0.2038
Backward Time(s): 0.0717
Update Time(s): 0.0047
Emb Update Time(s): 1.3917
#seeds: 6144
#inputs: 921516
=====================

=====================
Part 18, Epoch Time(s): 2.4563
Sampling Time(s): 0.1313
Loading Time(s): 0.6189
Forward Time(s): 0.2345
Backward Time(s): 0.0727
Update Time(s): 0.0039
Emb Update Time(s): 1.3912
#seeds: 6144
#inputs: 920445
=====================
=====================
Part 23, Epoch Time(s): 2.4515
Sampling Time(s): 0.1471
Loading Time(s): 0.6556
Forward Time(s): 0.1766
Backward Time(s): 0.0716
Update Time(s): 0.0039
Emb Update Time(s): 1.3928
#seeds: 6144
#inputs: 917181
=====================


=====================
Part 19, Epoch Time(s): 2.4475
Sampling Time(s): 0.1468
Loading Time(s): 0.5913
Forward Time(s): 0.2373
Backward Time(s): 0.0726
Update Time(s): 0.0047
Emb Update Time(s): 1.3909
#seeds: 6144
#inputs: 916600
=====================

=====================
Part 25, Epoch Time(s): 2.4458
Sampling Time(s): 0.1365
Loading Time(s): 0.6662
Forward Time(s): 0.1715
Backward Time(s): 0.0717
Update Time(s): 0.0036
Emb Update Time(s): 1.3927
#seeds: 6144
#inputs: 926625
==========================================
Part 30, Epoch Time(s): 2.4515
Sampling Time(s): 0.1301
Loading Time(s): 0.6847
Forward Time(s): 0.1649
Backward Time(s): 0.0708
Update Time(s): 0.0036
Emb Update Time(s): 1.3937
#seeds: 6144
#inputs: 921035
==========================================
Part 29, Epoch Time(s): 2.4551
Sampling Time(s): 0.1398
Loading Time(s): 0.6846
Forward Time(s): 0.1593
Backward Time(s): 0.0706
Update Time(s): 0.0042
Emb Update Time(s): 1.3931
#seeds: 6145
#inputs: 924586
=====================

=====================
Part 24, Epoch Time(s): 2.4550
Sampling Time(s): 0.1322
Loading Time(s): 0.6533
Forward Time(s): 0.1972
Backward Time(s): 0.0719
Update Time(s): 0.0038
Emb Update Time(s): 1.3926
#seeds: 6144
#inputs: 923976
==========================================
Part 28, Epoch Time(s): 2.4588
Sampling Time(s): 0.1843
Loading Time(s): 0.7307
Forward Time(s): 0.0753
Backward Time(s): 0.0702
Update Time(s): 0.0035
Emb Update Time(s): 1.3907
#seeds: 6144
#inputs: 924392
==========================================
Part 31, Epoch Time(s): 2.4536
Sampling Time(s): 0.1427
Loading Time(s): 0.6528
Forward Time(s): 0.1865
Backward Time(s): 0.0707
Update Time(s): 0.0054
Emb Update Time(s): 1.3919
#seeds: 6144
#inputs: 924722
==========================================
Part 26, Epoch Time(s): 2.4529
Sampling Time(s): 0.1351
Loading Time(s): 0.6557
Forward Time(s): 0.1900
Backward Time(s): 0.0715
Update Time(s): 0.0039
Emb Update Time(s): 1.3928
#seeds: 6144
#inputs: 918230
=====================




=====================
Part 27, Epoch Time(s): 2.4519
Sampling Time(s): 0.1649
Loading Time(s): 0.6876
Forward Time(s): 0.1271
Backward Time(s): 0.0713
Update Time(s): 0.0044
Emb Update Time(s): 1.3925
#seeds: 6144
#inputs: 923505
=====================
=====================
Part 12, Epoch Time(s): 2.4525
Sampling Time(s): 0.1422
Loading Time(s): 0.6262
Forward Time(s): 0.2124
Backward Time(s): 0.0708
Update Time(s): 0.0036
Emb Update Time(s): 1.3938
#seeds: 6144
#inputs: 929340
==========================================
Part 10, Epoch Time(s): 2.4265
Sampling Time(s): 0.1791
Loading Time(s): 0.6947
Forward Time(s): 0.0906
Backward Time(s): 0.0690
Update Time(s): 0.0038
Emb Update Time(s): 1.3856
#seeds: 6144
#inputs: 936878
==========================================
Part 11, Epoch Time(s): 2.4291
Sampling Time(s): 0.1578
Loading Time(s): 0.7166
Forward Time(s): 0.0846
Backward Time(s): 0.0684
Update Time(s): 0.0038
Emb Update Time(s): 1.3939
#seeds: 6144
#inputs: 935439
==========================================
Part 13, Epoch Time(s): 2.4403
Sampling Time(s): 0.1378
Loading Time(s): 0.6552
Forward Time(s): 0.1750
Backward Time(s): 0.0709
Update Time(s): 0.0037
Emb Update Time(s): 1.3936
#seeds: 6144
#inputs: 932471
=====================
=====================
Part 8, Epoch Time(s): 2.4485
Sampling Time(s): 0.1658
Loading Time(s): 0.6828
Forward Time(s): 0.1277
Backward Time(s): 0.0712
Update Time(s): 0.0045
Emb Update Time(s): 1.3926
#seeds: 6145
#inputs: 936144
=====================

=====================
Part 15, Epoch Time(s): 2.4337
Sampling Time(s): 0.1690
Loading Time(s): 0.6928
Forward Time(s): 0.1029
Backward Time(s): 0.0705
Update Time(s): 0.0041
Emb Update Time(s): 1.3904
#seeds: 6144
#inputs: 935859
==========================================
Part 9, Epoch Time(s): 2.4359
Sampling Time(s): 0.1457
Loading Time(s): 0.7091
Forward Time(s): 0.1123
Backward Time(s): 0.0706
Update Time(s): 0.0036
Emb Update Time(s): 1.3907
#seeds: 6144
#inputs: 937061
=====================
=====================
Part 14, Epoch Time(s): 2.4536
Sampling Time(s): 0.1667
Loading Time(s): 0.7004
Forward Time(s): 0.1159
Backward Time(s): 0.0705
Update Time(s): 0.0039
Emb Update Time(s): 1.3923
#seeds: 6145
#inputs: 933432
=====================



|V|=2449029, eval batch size: 100000
|V|=2449029, eval batch size: 100000
|V|=2449029, eval batch size: 100000
|V|=2449029, eval batch size: 100000
|V|=2449029, eval batch size: 100000
|V|=2449029, eval batch size: 100000
|V|=2449029, eval batch size: 100000
|V|=2449029, eval batch size: 100000
|V|=2449029, eval batch size: 100000
|V|=2449029, eval batch size: 100000
|V|=2449029, eval batch size: 100000
|V|=2449029, eval batch size: 100000
|V|=2449029, eval batch size: 100000
|V|=2449029, eval batch size: 100000
|V|=2449029, eval batch size: 100000
|V|=2449029, eval batch size: 100000
|V|=2449029, eval batch size: 100000
|V|=2449029, eval batch size: 100000
|V|=2449029, eval batch size: 100000
|V|=2449029, eval batch size: 100000
|V|=2449029, eval batch size: 100000
|V|=2449029, eval batch size: 100000
|V|=2449029, eval batch size: 100000
|V|=2449029, eval batch size: 100000
|V|=2449029, eval batch size: 100000
|V|=2449029, eval batch size: 100000
|V|=2449029, eval batch size: 100000
|V|=2449029, eval batch size: 100000
|V|=2449029, eval batch size: 100000
|V|=2449029, eval batch size: 100000
|V|=2449029, eval batch size: 100000
|V|=2449029, eval batch size: 100000
|V|=2449029, eval batch size: 100000
|V|=2449029, eval batch size: 100000
|V|=2449029, eval batch size: 100000
|V|=2449029, eval batch size: 100000
|V|=2449029, eval batch size: 100000
|V|=2449029, eval batch size: 100000
|V|=2449029, eval batch size: 100000
|V|=2449029, eval batch size: 100000
|V|=2449029, eval batch size: 100000|V|=2449029, eval batch size: 100000

|V|=2449029, eval batch size: 100000
|V|=2449029, eval batch size: 100000
|V|=2449029, eval batch size: 100000
|V|=2449029, eval batch size: 100000
|V|=2449029, eval batch size: 100000
|V|=2449029, eval batch size: 100000
|V|=2449029, eval batch size: 100000
|V|=2449029, eval batch size: 100000
|V|=2449029, eval batch size: 100000
|V|=2449029, eval batch size: 100000
|V|=2449029, eval batch size: 100000|V|=2449029, eval batch size: 100000|V|=2449029, eval batch size: 100000


|V|=2449029, eval batch size: 100000
|V|=2449029, eval batch size: 100000
|V|=2449029, eval batch size: 100000
|V|=2449029, eval batch size: 100000
|V|=2449029, eval batch size: 100000
|V|=2449029, eval batch size: 100000
|V|=2449029, eval batch size: 100000
|V|=2449029, eval batch size: 100000
|V|=2449029, eval batch size: 100000
Part 0, Val Acc 0.9471, Test Acc 0.7661, time: 4.5340
Part 2, Val Acc 0.9447, Test Acc 0.7635, time: 4.5348
Part 9, Val Acc 0.8959, Test Acc 0.6958, time: 4.5353
Part 6, Val Acc 0.9447, Test Acc 0.7652, time: 4.5406
Part 1, Val Acc 0.9414, Test Acc 0.7673, time: 4.5408
Part 4, Val Acc 0.9471, Test Acc 0.7679, time: 4.5413
Part 5, Val Acc 0.9349, Test Acc 0.7663, time: 4.5415
Part 3, Val Acc 0.9569, Test Acc 0.7676, time: 4.5433
Part 7, Val Acc 0.9439, Test Acc 0.7656, time: 4.5437
Part 28, Val Acc 0.9260, Test Acc 0.7178, time: 4.5438
Part 31, Val Acc 0.9040, Test Acc 0.7166, time: 4.5438
Part 24, Val Acc 0.9097, Test Acc 0.7170, time: 4.5460
Part 27, Val Acc 0.9170, Test Acc 0.7157, time: 4.5492
Part 30, Val Acc 0.9203, Test Acc 0.7157, time: 4.5498
Part 20, Val Acc 0.8909, Test Acc 0.7222, time: 4.5505
Part 21, Val Acc 0.8918, Test Acc 0.7202, time: 4.5508
Part 29, Val Acc 0.9219, Test Acc 0.7154, time: 4.5512
Part 25, Val Acc 0.9153, Test Acc 0.7159, time: 4.5512
Part 26, Val Acc 0.9267, Test Acc 0.7149, time: 4.5515
Part 23, Val Acc 0.9072, Test Acc 0.7187, time: 4.5519
Part 12, Val Acc 0.8893, Test Acc 0.6951, time: 4.5551
Part 16, Val Acc 0.8999, Test Acc 0.7234, time: 4.5553
Part 10, Val Acc 0.8926, Test Acc 0.6981, time: 4.5553
Part 14, Val Acc 0.8771, Test Acc 0.6977, time: 4.5555
Part 8, Val Acc 0.9015, Test Acc 0.6985, time: 4.5556
Part 22, Val Acc 0.9138, Test Acc 0.7204, time: 4.5556
Part 15, Val Acc 0.8975, Test Acc 0.7002, time: 4.5559
Part 19, Val Acc 0.8902, Test Acc 0.7209, time: 4.5563
Part 18, Val Acc 0.8934, Test Acc 0.7232, time: 4.5597
Part 11, Val Acc 0.8975, Test Acc 0.6957, time: 4.5622
Part 17, Val Acc 0.8779, Test Acc 0.7216, time: 4.5634
Part 13, Val Acc 0.8999, Test Acc 0.6965, time: 4.5725
All parts avg val acc 0.9131, test acc 0.7252
Part 1 | Epoch 00012 | Step 00000 | Loss 0.0249 | Train Acc 0.9940 | Speed (samples/sec) 2765.1652 | GPU 1531.0 MB | time 0.410 sPart 5 | Epoch 00012 | Step 00000 | Loss 0.0389 | Train Acc 0.9880 | Speed (samples/sec) 2766.6195 | GPU 1548.6 MB | time 0.409 s

Part 2 | Epoch 00012 | Step 00000 | Loss 0.0745 | Train Acc 0.9840 | Speed (samples/sec) 2757.1940 | GPU 1528.8 MB | time 0.416 s
Part 7 | Epoch 00012 | Step 00000 | Loss 0.0437 | Train Acc 0.9900 | Speed (samples/sec) 2764.9895 | GPU 1532.4 MB | time 0.407 sPart 4 | Epoch 00012 | Step 00000 | Loss 0.0416 | Train Acc 0.9870 | Speed (samples/sec) 2766.2075 | GPU 1537.2 MB | time 0.409 sPart 6 | Epoch 00012 | Step 00000 | Loss 0.0402 | Train Acc 0.9920 | Speed (samples/sec) 2761.4967 | GPU 1538.2 MB | time 0.410 s


Part 3 | Epoch 00012 | Step 00000 | Loss 0.0390 | Train Acc 0.9900 | Speed (samples/sec) 2767.3754 | GPU 1536.4 MB | time 0.407 s
Part 0 | Epoch 00012 | Step 00000 | Loss 0.0355 | Train Acc 0.9890 | Speed (samples/sec) 2794.4733 | GPU 1533.4 MB | time 0.377 s
Part 18 | Epoch 00012 | Step 00000 | Loss 0.1032 | Train Acc 0.9740 | Speed (samples/sec) 2773.8474 | GPU 1564.1 MB | time 0.391 s
Part 22 | Epoch 00012 | Step 00000 | Loss 0.1043 | Train Acc 0.9770 | Speed (samples/sec) 2771.3819 | GPU 1577.3 MB | time 0.395 s
Part 21 | Epoch 00012 | Step 00000 | Loss 0.0891 | Train Acc 0.9720 | Speed (samples/sec) 2777.0538 | GPU 1574.0 MB | time 0.400 s
Part 19 | Epoch 00012 | Step 00000 | Loss 0.1069 | Train Acc 0.9750 | Speed (samples/sec) 2777.2342 | GPU 1568.7 MB | time 0.395 s
Part 17 | Epoch 00012 | Step 00000 | Loss 0.0911 | Train Acc 0.9790 | Speed (samples/sec) 2777.8079 | GPU 1569.5 MB | time 0.387 sPart 20 | Epoch 00012 | Step 00000 | Loss 0.0691 | Train Acc 0.9840 | Speed (samples/sec) 2767.6260 | GPU 1569.9 MB | time 0.400 s

Part 31 | Epoch 00012 | Step 00000 | Loss 0.0487 | Train Acc 0.9850 | Speed (samples/sec) 2773.1574 | GPU 1665.3 MB | time 0.407 sPart 25 | Epoch 00012 | Step 00000 | Loss 0.0724 | Train Acc 0.9780 | Speed (samples/sec) 2775.7983 | GPU 1657.6 MB | time 0.400 s

Part 28 | Epoch 00012 | Step 00000 | Loss 0.0785 | Train Acc 0.9820 | Speed (samples/sec) 2769.0661 | GPU 1654.9 MB | time 0.407 sPart 30 | Epoch 00012 | Step 00000 | Loss 0.0604 | Train Acc 0.9850 | Speed (samples/sec) 2775.2125 | GPU 1671.8 MB | time 0.401 s

Part 29 | Epoch 00012 | Step 00000 | Loss 0.0678 | Train Acc 0.9860 | Speed (samples/sec) 2778.9737 | GPU 1660.6 MB | time 0.400 s
Part 9 | Epoch 00012 | Step 00000 | Loss 0.0684 | Train Acc 0.9830 | Speed (samples/sec) 2773.3746 | GPU 1802.2 MB | time 0.415 sPart 8 | Epoch 00012 | Step 00000 | Loss 0.0847 | Train Acc 0.9770 | Speed (samples/sec) 2781.5155 | GPU 1801.6 MB | time 0.395 sPart 14 | Epoch 00012 | Step 00000 | Loss 0.0785 | Train Acc 0.9770 | Speed (samples/sec) 2777.2997 | GPU 1812.9 MB | time 0.395 sPart 10 | Epoch 00012 | Step 00000 | Loss 0.0961 | Train Acc 0.9740 | Speed (samples/sec) 2777.9645 | GPU 1799.1 MB | time 0.396 s



Part 11 | Epoch 00012 | Step 00000 | Loss 0.0746 | Train Acc 0.9790 | Speed (samples/sec) 2783.0073 | GPU 1804.6 MB | time 0.388 sPart 15 | Epoch 00012 | Step 00000 | Loss 0.0644 | Train Acc 0.9870 | Speed (samples/sec) 2781.6061 | GPU 1793.5 MB | time 0.395 s

Part 12 | Epoch 00012 | Step 00000 | Loss 0.0786 | Train Acc 0.9770 | Speed (samples/sec) 2781.5242 | GPU 1790.8 MB | time 0.396 s
Part 13 | Epoch 00012 | Step 00000 | Loss 0.0851 | Train Acc 0.9780 | Speed (samples/sec) 2783.8992 | GPU 1801.2 MB | time 0.378 s
Part 16 | Epoch 00012 | Step 00000 | Loss 0.0811 | Train Acc 0.9850 | Speed (samples/sec) 2771.5944 | GPU 1578.3 MB | time 0.395 s
Part 26 | Epoch 00012 | Step 00000 | Loss 0.0795 | Train Acc 0.9770 | Speed (samples/sec) 2774.6945 | GPU 1650.0 MB | time 0.399 s
Part 23 | Epoch 00012 | Step 00000 | Loss 0.1219 | Train Acc 0.9770 | Speed (samples/sec) 2775.9012 | GPU 1574.9 MB | time 0.399 s
Part 24 | Epoch 00012 | Step 00000 | Loss 0.0851 | Train Acc 0.9780 | Speed (samples/sec) 2772.5745 | GPU 1660.3 MB | time 0.405 s
Part 27 | Epoch 00012 | Step 00000 | Loss 0.0840 | Train Acc 0.9770 | Speed (samples/sec) 2774.4019 | GPU 1659.0 MB | time 0.401 s
Avg train acc 0.9818
=====================
Part 1, Epoch Time(s): 1.8689
Sampling Time(s): 0.1423
Loading Time(s): 0.5630
Forward Time(s): 0.2880
Backward Time(s): 0.0868
Update Time(s): 0.0039
Emb Update Time(s): 0.7812
#seeds: 6145
#inputs: 915946
=====================
=====================
Part 4, Epoch Time(s): 1.8684
Sampling Time(s): 0.1402
Loading Time(s): 0.5176
Forward Time(s): 0.3308
Backward Time(s): 0.0903
Update Time(s): 0.0035
Emb Update Time(s): 0.7822
#seeds: 6144
#inputs: 920949
==========================================
Part 2, Epoch Time(s): 1.8749
Sampling Time(s): 0.1430
Loading Time(s): 0.5270
Forward Time(s): 0.3250
Backward Time(s): 0.0908
Update Time(s): 0.0036
Emb Update Time(s): 0.7815
#seeds: 6144
#inputs: 919528
==========================================
Part 7, Epoch Time(s): 1.8661
Sampling Time(s): 0.1379
Loading Time(s): 0.6248
Forward Time(s): 0.2235
Backward Time(s): 0.0898
Update Time(s): 0.0038
Emb Update Time(s): 0.7824
#seeds: 6144
#inputs: 917426
=====================
=====================
Part 3, Epoch Time(s): 1.8663
Sampling Time(s): 0.1562
Loading Time(s): 0.5497
Forward Time(s): 0.2802
Backward Time(s): 0.0903
Update Time(s): 0.0045
Emb Update Time(s): 0.7814
#seeds: 6145
#inputs: 918229
=====================

=====================
Part 0, Epoch Time(s): 1.8367
Sampling Time(s): 0.1889
Loading Time(s): 0.6547
Forward Time(s): 0.1177
Backward Time(s): 0.0903
Update Time(s): 0.0040
Emb Update Time(s): 0.7756
#seeds: 6144
#inputs: 921088
=====================
=====================
Part 6, Epoch Time(s): 1.8691
Sampling Time(s): 0.1611
Loading Time(s): 0.5758
Forward Time(s): 0.2523
Backward Time(s): 0.0895
Update Time(s): 0.0037
Emb Update Time(s): 0.7827
#seeds: 6144
#inputs: 920665
==========================================
Part 5, Epoch Time(s): 1.8682
Sampling Time(s): 0.1664
Loading Time(s): 0.5548
Forward Time(s): 0.2670
Backward Time(s): 0.0903
Update Time(s): 0.0053
Emb Update Time(s): 0.7804
#seeds: 6144
#inputs: 919484
=====================


=====================
Part 18, Epoch Time(s): 1.8496
Sampling Time(s): 0.1511
Loading Time(s): 0.6161
Forward Time(s): 0.2023
Backward Time(s): 0.0891
Update Time(s): 0.0036
Emb Update Time(s): 0.7836
#seeds: 6144
#inputs: 920361
==========================================
Part 17, Epoch Time(s): 1.8463
Sampling Time(s): 0.1558
Loading Time(s): 0.5953
Forward Time(s): 0.2147
Backward Time(s): 0.0892
Update Time(s): 0.0038
Emb Update Time(s): 0.7834
#seeds: 6145
#inputs: 920823
==========================================
Part 21, Epoch Time(s): 1.8588
Sampling Time(s): 0.1399
Loading Time(s): 0.6139
Forward Time(s): 0.2249
Backward Time(s): 0.0884
Update Time(s): 0.0039
Emb Update Time(s): 0.7839
#seeds: 6145
#inputs: 915016
=====================
=====================
Part 23, Epoch Time(s): 1.8577
Sampling Time(s): 0.1408
Loading Time(s): 0.6148
Forward Time(s): 0.2214
Backward Time(s): 0.0886
Update Time(s): 0.0047
Emb Update Time(s): 0.7831
#seeds: 6144
#inputs: 917708
=====================

=====================
Part 16, Epoch Time(s): 1.8544
Sampling Time(s): 0.1500
Loading Time(s): 0.5699
Forward Time(s): 0.2538
Backward Time(s): 0.0891
Update Time(s): 0.0038
Emb Update Time(s): 0.7836
#seeds: 6144
#inputs: 916625
=====================
=====================
Part 22, Epoch Time(s): 1.8541
Sampling Time(s): 0.1263
Loading Time(s): 0.6017
Forward Time(s): 0.2475
Backward Time(s): 0.0877
Update Time(s): 0.0039
Emb Update Time(s): 0.7831
#seeds: 6144
#inputs: 923390
==========================================
Part 20, Epoch Time(s): 1.8591
Sampling Time(s): 0.1461
Loading Time(s): 0.5721
Forward Time(s): 0.2605
Backward Time(s): 0.0886
Update Time(s): 0.0040
Emb Update Time(s): 0.7836
#seeds: 6144
#inputs: 914511
=====================

=====================
Part 19, Epoch Time(s): 1.8534
Sampling Time(s): 0.1466
Loading Time(s): 0.5833
Forward Time(s): 0.2431
Backward Time(s): 0.0891
Update Time(s): 0.0044
Emb Update Time(s): 0.7829
#seeds: 6144
#inputs: 917693
=====================

=====================
Part 24, Epoch Time(s): 1.8635
Sampling Time(s): 0.1541
Loading Time(s): 0.6934
Forward Time(s): 0.1353
Backward Time(s): 0.0888
Update Time(s): 0.0035
Emb Update Time(s): 0.7842
#seeds: 6144
#inputs: 923305
==========================================
Part 27, Epoch Time(s): 1.8602
Sampling Time(s): 0.1575
Loading Time(s): 0.6532
Forward Time(s): 0.1685
Backward Time(s): 0.0887
Update Time(s): 0.0043
Emb Update Time(s): 0.7835
#seeds: 6144
#inputs: 928299
==========================================
Part 30, Epoch Time(s): 1.8599
Sampling Time(s): 0.1322
Loading Time(s): 0.6246
Forward Time(s): 0.2229
Backward Time(s): 0.0884
Update Time(s): 0.0038
Emb Update Time(s): 0.7842
#seeds: 6144
#inputs: 920698
==========================================
Part 25, Epoch Time(s): 1.8584
Sampling Time(s): 0.1322
Loading Time(s): 0.6861
Forward Time(s): 0.1627
Backward Time(s): 0.0886
Update Time(s): 0.0035
Emb Update Time(s): 0.7815
#seeds: 6144
#inputs: 928419
=====================



=====================
Part 31, Epoch Time(s): 1.8658
Sampling Time(s): 0.1500
Loading Time(s): 0.7022
Forward Time(s): 0.1343
Backward Time(s): 0.0876
Update Time(s): 0.0045
Emb Update Time(s): 0.7834
#seeds: 6144
#inputs: 921719
=====================
=====================
Part 26, Epoch Time(s): 1.8583
Sampling Time(s): 0.1362
Loading Time(s): 0.7146
Forward Time(s): 0.1325
Backward Time(s): 0.0863
Update Time(s): 0.0042
Emb Update Time(s): 0.7803
#seeds: 6144
#inputs: 918371
==========================================
Part 28, Epoch Time(s): 1.8659
Sampling Time(s): 0.1849
Loading Time(s): 0.7170
Forward Time(s): 0.0933
Backward Time(s): 0.0841
Update Time(s): 0.0039
Emb Update Time(s): 0.7787
#seeds: 6144
#inputs: 925750
==========================================
Part 29, Epoch Time(s): 1.8585
Sampling Time(s): 0.1332
Loading Time(s): 0.6599
Forward Time(s): 0.1855
Backward Time(s): 0.0888
Update Time(s): 0.0038
Emb Update Time(s): 0.7834
#seeds: 6145
#inputs: 926265
=====================


=====================
Part 9, Epoch Time(s): 1.8743
Sampling Time(s): 0.1416
Loading Time(s): 0.6547
Forward Time(s): 0.1978
Backward Time(s): 0.0886
Update Time(s): 0.0036
Emb Update Time(s): 0.7841
#seeds: 6144
#inputs: 936648
=====================
=====================
Part 14, Epoch Time(s): 1.8543
Sampling Time(s): 0.1318
Loading Time(s): 0.6893
Forward Time(s): 0.1529
Backward Time(s): 0.0873
Update Time(s): 0.0039
Emb Update Time(s): 0.7851
#seeds: 6145
#inputs: 936472
==========================================
Part 13, Epoch Time(s): 1.8370
Sampling Time(s): 0.1471
Loading Time(s): 0.6611
Forward Time(s): 0.1498
Backward Time(s): 0.0864
Update Time(s): 0.0045
Emb Update Time(s): 0.7841
#seeds: 6144
#inputs: 932000
==========================================
Part 12, Epoch Time(s): 1.8544
Sampling Time(s): 0.1347
Loading Time(s): 0.5800
Forward Time(s): 0.2639
Backward Time(s): 0.0831
Update Time(s): 0.0038
Emb Update Time(s): 0.7851
#seeds: 6144
#inputs: 931741
==========================================
Part 8, Epoch Time(s): 1.8543
Sampling Time(s): 0.1505
Loading Time(s): 0.7067
Forward Time(s): 0.1187
Backward Time(s): 0.0866
Update Time(s): 0.0043
Emb Update Time(s): 0.7836
#seeds: 6145
#inputs: 932088
=====================
=====================
Part 10, Epoch Time(s): 1.8544
Sampling Time(s): 0.1937
Loading Time(s): 0.6761
Forward Time(s): 0.1080
Backward Time(s): 0.0842
Update Time(s): 0.0042
Emb Update Time(s): 0.7843
#seeds: 6144
#inputs: 936997
==========================================
Part 15, Epoch Time(s): 1.8539
Sampling Time(s): 0.1377
Loading Time(s): 0.7036
Forward Time(s): 0.1386
Backward Time(s): 0.0856
Update Time(s): 0.0041
Emb Update Time(s): 0.7803
#seeds: 6144
#inputs: 937193
=====================




=====================
Part 11, Epoch Time(s): 1.8473
Sampling Time(s): 0.1547
Loading Time(s): 0.7103
Forward Time(s): 0.1019
Backward Time(s): 0.0881
Update Time(s): 0.0037
Emb Update Time(s): 0.7847
#seeds: 6144
#inputs: 935157
=====================
|V|=2449029, eval batch size: 100000
|V|=2449029, eval batch size: 100000
|V|=2449029, eval batch size: 100000
|V|=2449029, eval batch size: 100000
|V|=2449029, eval batch size: 100000
|V|=2449029, eval batch size: 100000
|V|=2449029, eval batch size: 100000
|V|=2449029, eval batch size: 100000
|V|=2449029, eval batch size: 100000
|V|=2449029, eval batch size: 100000
|V|=2449029, eval batch size: 100000
|V|=2449029, eval batch size: 100000
|V|=2449029, eval batch size: 100000
|V|=2449029, eval batch size: 100000
|V|=2449029, eval batch size: 100000
|V|=2449029, eval batch size: 100000
|V|=2449029, eval batch size: 100000
|V|=2449029, eval batch size: 100000
|V|=2449029, eval batch size: 100000|V|=2449029, eval batch size: 100000

|V|=2449029, eval batch size: 100000
|V|=2449029, eval batch size: 100000
|V|=2449029, eval batch size: 100000
|V|=2449029, eval batch size: 100000
|V|=2449029, eval batch size: 100000
|V|=2449029, eval batch size: 100000
|V|=2449029, eval batch size: 100000
|V|=2449029, eval batch size: 100000
|V|=2449029, eval batch size: 100000
|V|=2449029, eval batch size: 100000
|V|=2449029, eval batch size: 100000
|V|=2449029, eval batch size: 100000
|V|=2449029, eval batch size: 100000
|V|=2449029, eval batch size: 100000|V|=2449029, eval batch size: 100000
|V|=2449029, eval batch size: 100000

|V|=2449029, eval batch size: 100000
|V|=2449029, eval batch size: 100000
|V|=2449029, eval batch size: 100000
|V|=2449029, eval batch size: 100000
|V|=2449029, eval batch size: 100000
|V|=2449029, eval batch size: 100000
|V|=2449029, eval batch size: 100000
|V|=2449029, eval batch size: 100000
|V|=2449029, eval batch size: 100000
|V|=2449029, eval batch size: 100000
|V|=2449029, eval batch size: 100000
|V|=2449029, eval batch size: 100000|V|=2449029, eval batch size: 100000
|V|=2449029, eval batch size: 100000|V|=2449029, eval batch size: 100000

|V|=2449029, eval batch size: 100000
|V|=2449029, eval batch size: 100000|V|=2449029, eval batch size: 100000
|V|=2449029, eval batch size: 100000


|V|=2449029, eval batch size: 100000
|V|=2449029, eval batch size: 100000
|V|=2449029, eval batch size: 100000|V|=2449029, eval batch size: 100000|V|=2449029, eval batch size: 100000


|V|=2449029, eval batch size: 100000
|V|=2449029, eval batch size: 100000
|V|=2449029, eval batch size: 100000
|V|=2449029, eval batch size: 100000
Part 2, Val Acc 0.9447, Test Acc 0.7636, time: 4.6509
Part 22, Val Acc 0.9105, Test Acc 0.7199, time: 4.6606
Part 1, Val Acc 0.9422, Test Acc 0.7676, time: 4.6613
Part 6, Val Acc 0.9439, Test Acc 0.7657, time: 4.6623
Part 3, Val Acc 0.9569, Test Acc 0.7681, time: 4.6634
Part 7, Val Acc 0.9414, Test Acc 0.7657, time: 4.6642
Part 12, Val Acc 0.8876, Test Acc 0.6946, time: 4.6640
Part 4, Val Acc 0.9479, Test Acc 0.7682, time: 4.6644
Part 5, Val Acc 0.9333, Test Acc 0.7661, time: 4.6645
Part 16, Val Acc 0.8983, Test Acc 0.7229, time: 4.6664
Part 0, Val Acc 0.9496, Test Acc 0.7662, time: 4.6667
Part 8, Val Acc 0.9056, Test Acc 0.6976, time: 4.6671
Part 26, Val Acc 0.9259, Test Acc 0.7154, time: 4.6672
Part 17, Val Acc 0.8796, Test Acc 0.7215, time: 4.6714
Part 20, Val Acc 0.8876, Test Acc 0.7215, time: 4.6714
Part 13, Val Acc 0.8999, Test Acc 0.6969, time: 4.6732
Part 28, Val Acc 0.9251, Test Acc 0.7184, time: 4.6743
Part 25, Val Acc 0.9129, Test Acc 0.7163, time: 4.6749
Part 31, Val Acc 0.9056, Test Acc 0.7170, time: 4.6751
Part 30, Val Acc 0.9178, Test Acc 0.7166, time: 4.6754
Part 18, Val Acc 0.8926, Test Acc 0.7218, time: 4.6769
Part 9, Val Acc 0.8983, Test Acc 0.6953, time: 4.6776
Part 23, Val Acc 0.9072, Test Acc 0.7175, time: 4.6777
Part 15, Val Acc 0.8983, Test Acc 0.6994, time: 4.6780
Part 19, Val Acc 0.8910, Test Acc 0.7210, time: 4.6783
Part 24, Val Acc 0.9113, Test Acc 0.7174, time: 4.6797
Part 14, Val Acc 0.8763, Test Acc 0.6976, time: 4.6798
Part 21, Val Acc 0.8926, Test Acc 0.7194, time: 4.6830
Part 27, Val Acc 0.9154, Test Acc 0.7169, time: 4.6833
Part 29, Val Acc 0.9203, Test Acc 0.7161, time: 4.6836
Part 10, Val Acc 0.8950, Test Acc 0.6975, time: 4.6852
Part 11, Val Acc 0.9007, Test Acc 0.6949, time: 4.6886
All parts avg val acc 0.9130, test acc 0.7251
Part 4 | Epoch 00013 | Step 00000 | Loss 0.0522 | Train Acc 0.9850 | Speed (samples/sec) 2801.0805 | GPU 1537.6 MB | time 0.401 s
Part 2 | Epoch 00013 | Step 00000 | Loss 0.0443 | Train Acc 0.9880 | Speed (samples/sec) 2791.8656 | GPU 1528.8 MB | time 0.414 s
Part 3 | Epoch 00013 | Step 00000 | Loss 0.0474 | Train Acc 0.9900 | Speed (samples/sec) 2802.2505 | GPU 1536.4 MB | time 0.402 s
Part 6 | Epoch 00013 | Step 00000 | Loss 0.0441 | Train Acc 0.9890 | Speed (samples/sec) 2796.5966 | GPU 1538.2 MB | time 0.403 s
Part 1 | Epoch 00013 | Step 00000 | Loss 0.0641 | Train Acc 0.9850 | Speed (samples/sec) 2800.0489 | GPU 1531.0 MB | time 0.404 s
Part 7 | Epoch 00013 | Step 00000 | Loss 0.0390 | Train Acc 0.9890 | Speed (samples/sec) 2799.9512 | GPU 1532.4 MB | time 0.401 s
Part 5 | Epoch 00013 | Step 00000 | Loss 0.0486 | Train Acc 0.9910 | Speed (samples/sec) 2801.5007 | GPU 1548.6 MB | time 0.401 s
Part 0 | Epoch 00013 | Step 00000 | Loss 0.0581 | Train Acc 0.9900 | Speed (samples/sec) 2829.2166 | GPU 1533.4 MB | time 0.376 s
Part 18 | Epoch 00013 | Step 00000 | Loss 0.1188 | Train Acc 0.9690 | Speed (samples/sec) 2809.0448 | GPU 1564.1 MB | time 0.388 sPart 21 | Epoch 00013 | Step 00000 | Loss 0.0864 | Train Acc 0.9840 | Speed (samples/sec) 2812.5880 | GPU 1574.0 MB | time 0.382 s

Part 22 | Epoch 00013 | Step 00000 | Loss 0.0905 | Train Acc 0.9790 | Speed (samples/sec) 2805.6189 | GPU 1577.3 MB | time 0.405 sPart 20 | Epoch 00013 | Step 00000 | Loss 0.0797 | Train Acc 0.9820 | Speed (samples/sec) 2802.9686 | GPU 1570.1 MB | time 0.394 s

Part 19 | Epoch 00013 | Step 00000 | Loss 0.0705 | Train Acc 0.9860 | Speed (samples/sec) 2812.2984 | GPU 1568.7 MB | time 0.387 sPart 17 | Epoch 00013 | Step 00000 | Loss 0.1085 | Train Acc 0.9790 | Speed (samples/sec) 2812.4590 | GPU 1569.5 MB | time 0.394 s

Part 16 | Epoch 00013 | Step 00000 | Loss 0.1001 | Train Acc 0.9770 | Speed (samples/sec) 2806.2614 | GPU 1578.3 MB | time 0.399 s
Part 31 | Epoch 00013 | Step 00000 | Loss 0.0596 | Train Acc 0.9820 | Speed (samples/sec) 2808.2604 | GPU 1665.3 MB | time 0.390 sPart 29 | Epoch 00013 | Step 00000 | Loss 0.0571 | Train Acc 0.9870 | Speed (samples/sec) 2814.4170 | GPU 1660.6 MB | time 0.382 s

Part 30 | Epoch 00013 | Step 00000 | Loss 0.0391 | Train Acc 0.9920 | Speed (samples/sec) 2810.1839 | GPU 1671.8 MB | time 0.390 s
Part 28 | Epoch 00013 | Step 00000 | Loss 0.0697 | Train Acc 0.9830 | Speed (samples/sec) 2804.4505 | GPU 1654.9 MB | time 0.391 sPart 24 | Epoch 00013 | Step 00000 | Loss 0.0469 | Train Acc 0.9860 | Speed (samples/sec) 2808.1738 | GPU 1660.3 MB | time 0.385 s

Part 25 | Epoch 00013 | Step 00000 | Loss 0.0476 | Train Acc 0.9900 | Speed (samples/sec) 2810.6831 | GPU 1657.6 MB | time 0.390 s
Part 26 | Epoch 00013 | Step 00000 | Loss 0.0556 | Train Acc 0.9790 | Speed (samples/sec) 2809.1376 | GPU 1650.0 MB | time 0.398 sPart 27 | Epoch 00013 | Step 00000 | Loss 0.0424 | Train Acc 0.9910 | Speed (samples/sec) 2810.1694 | GPU 1659.0 MB | time 0.382 s

Part 9 | Epoch 00013 | Step 00000 | Loss 0.0546 | Train Acc 0.9890 | Speed (samples/sec) 2808.6676 | GPU 1802.2 MB | time 0.388 sPart 14 | Epoch 00013 | Step 00000 | Loss 0.0710 | Train Acc 0.9830 | Speed (samples/sec) 2812.5730 | GPU 1812.9 MB | time 0.386 s

Part 12 | Epoch 00013 | Step 00000 | Loss 0.0613 | Train Acc 0.9820 | Speed (samples/sec) 2815.1854 | GPU 1790.8 MB | time 0.401 s
Part 13 | Epoch 00013 | Step 00000 | Loss 0.0790 | Train Acc 0.9820 | Speed (samples/sec) 2818.0432 | GPU 1801.2 MB | time 0.392 sPart 15 | Epoch 00013 | Step 00000 | Loss 0.0745 | Train Acc 0.9820 | Speed (samples/sec) 2816.3065 | GPU 1793.5 MB | time 0.387 s

Part 10 | Epoch 00013 | Step 00000 | Loss 0.0573 | Train Acc 0.9840 | Speed (samples/sec) 2813.4856 | GPU 1799.1 MB | time 0.380 s
Part 11 | Epoch 00013 | Step 00000 | Loss 0.0687 | Train Acc 0.9830 | Speed (samples/sec) 2818.3824 | GPU 1804.6 MB | time 0.377 s
Part 8 | Epoch 00013 | Step 00000 | Loss 0.0802 | Train Acc 0.9820 | Speed (samples/sec) 2815.5408 | GPU 1801.6 MB | time 0.398 s
Part 23 | Epoch 00013 | Step 00000 | Loss 0.0641 | Train Acc 0.9860 | Speed (samples/sec) 2811.0534 | GPU 1574.9 MB | time 0.388 s
Avg train acc 0.9846
=====================
Part 2, Epoch Time(s): 2.0872
Sampling Time(s): 0.1435
Loading Time(s): 0.5928
Forward Time(s): 0.2906
Backward Time(s): 0.0749
Update Time(s): 0.0036
Emb Update Time(s): 0.9782
#seeds: 6144
#inputs: 924682
=====================
=====================
Part 1, Epoch Time(s): 2.0768
Sampling Time(s): 0.1336
Loading Time(s): 0.5788
Forward Time(s): 0.3040
Backward Time(s): 0.0751
Update Time(s): 0.0036
Emb Update Time(s): 0.9779
#seeds: 6145
#inputs: 920130
=====================
=====================
Part 5, Epoch Time(s): 2.0735
Sampling Time(s): 0.1578
Loading Time(s): 0.5191
Forward Time(s): 0.3342
Backward Time(s): 0.0744
Update Time(s): 0.0041
Emb Update Time(s): 0.9783
#seeds: 6144
#inputs: 916756
==========================================
Part 4, Epoch Time(s): 2.0738
Sampling Time(s): 0.1389
Loading Time(s): 0.5440
Forward Time(s): 0.3306
Backward Time(s): 0.0745
Update Time(s): 0.0034
Emb Update Time(s): 0.9787
#seeds: 6144
#inputs: 919056
==========================================
Part 3, Epoch Time(s): 2.0748
Sampling Time(s): 0.2142
Loading Time(s): 0.5480
Forward Time(s): 0.2522
Backward Time(s): 0.0747
Update Time(s): 0.0035
Emb Update Time(s): 0.9785
#seeds: 6145
#inputs: 920119
=====================


=====================
Part 6, Epoch Time(s): 2.0758
Sampling Time(s): 0.1605
Loading Time(s): 0.6043
Forward Time(s): 0.2505
Backward Time(s): 0.0741
Update Time(s): 0.0039
Emb Update Time(s): 0.9787
#seeds: 6144
#inputs: 922461
==========================================
Part 7, Epoch Time(s): 2.0740
Sampling Time(s): 0.1736
Loading Time(s): 0.5807
Forward Time(s): 0.2593
Backward Time(s): 0.0739
Update Time(s): 0.0037
Emb Update Time(s): 0.9792
#seeds: 6144
#inputs: 917560
=====================

=====================
Part 0, Epoch Time(s): 2.0488
Sampling Time(s): 0.1706
Loading Time(s): 0.6126
Forward Time(s): 0.2038
Backward Time(s): 0.0757
Update Time(s): 0.0047
Emb Update Time(s): 0.9767
#seeds: 6144
#inputs: 923182
=====================
=====================
Part 18, Epoch Time(s): 2.0612
Sampling Time(s): 0.1393
Loading Time(s): 0.5594
Forward Time(s): 0.3022
Backward Time(s): 0.0739
Update Time(s): 0.0036
Emb Update Time(s): 0.9792
#seeds: 6144
#inputs: 917902
==========================================
Part 16, Epoch Time(s): 2.0717
Sampling Time(s): 0.1414
Loading Time(s): 0.5764
Forward Time(s): 0.2933
Backward Time(s): 0.0746
Update Time(s): 0.0038
Emb Update Time(s): 0.9785
#seeds: 6144
#inputs: 917545
==========================================
Part 23, Epoch Time(s): 2.0604
Sampling Time(s): 0.1645
Loading Time(s): 0.5870
Forward Time(s): 0.2482
Backward Time(s): 0.0729
Update Time(s): 0.0042
Emb Update Time(s): 0.9796
#seeds: 6144
#inputs: 917056
==========================================
Part 21, Epoch Time(s): 2.0553
Sampling Time(s): 0.1324
Loading Time(s): 0.6123
Forward Time(s): 0.2538
Backward Time(s): 0.0728
Update Time(s): 0.0043
Emb Update Time(s): 0.9761
#seeds: 6145
#inputs: 914001
=====================


=====================
Part 20, Epoch Time(s): 2.0665
Sampling Time(s): 0.1473
Loading Time(s): 0.5977
Forward Time(s): 0.2610
Backward Time(s): 0.0736
Update Time(s): 0.0040
Emb Update Time(s): 0.9792
#seeds: 6144
#inputs: 913696
=====================
=====================
Part 19, Epoch Time(s): 2.0596
Sampling Time(s): 0.1578
Loading Time(s): 0.5861
Forward Time(s): 0.2548
Backward Time(s): 0.0738
Update Time(s): 0.0039
Emb Update Time(s): 0.9794
#seeds: 6144
#inputs: 916629
=====================

=====================
Part 17, Epoch Time(s): 2.0669
Sampling Time(s): 0.1565
Loading Time(s): 0.5944
Forward Time(s): 0.2548
Backward Time(s): 0.0742
Update Time(s): 0.0039
Emb Update Time(s): 0.9790
#seeds: 6145
#inputs: 922472
=====================
=====================
Part 22, Epoch Time(s): 2.0774
Sampling Time(s): 0.1377
Loading Time(s): 0.5870
Forward Time(s): 0.2923
Backward Time(s): 0.0732
Update Time(s): 0.0037
Emb Update Time(s): 0.9800
#seeds: 6144
#inputs: 922521
=====================
=====================
Part 24, Epoch Time(s): 2.0584
Sampling Time(s): 0.1355
Loading Time(s): 0.6656
Forward Time(s): 0.1965
Backward Time(s): 0.0730
Update Time(s): 0.0035
Emb Update Time(s): 0.9805
#seeds: 6144
#inputs: 921693
=====================
=====================
Part 30, Epoch Time(s): 2.0629
Sampling Time(s): 0.1451
Loading Time(s): 0.6638
Forward Time(s): 0.1935
Backward Time(s): 0.0723
Update Time(s): 0.0037
Emb Update Time(s): 0.9809
#seeds: 6144
#inputs: 918258
==========================================
Part 29, Epoch Time(s): 2.0545
Sampling Time(s): 0.1266
Loading Time(s): 0.6891
Forward Time(s): 0.1784
Backward Time(s): 0.0722
Update Time(s): 0.0037
Emb Update Time(s): 0.9808
#seeds: 6145
#inputs: 924437
=====================
=====================
Part 31, Epoch Time(s): 2.0632
Sampling Time(s): 0.1463
Loading Time(s): 0.6514
Forward Time(s): 0.2051
Backward Time(s): 0.0725
Update Time(s): 0.0037
Emb Update Time(s): 0.9806
#seeds: 6144
#inputs: 920940
==========================================
Part 27, Epoch Time(s): 2.0547
Sampling Time(s): 0.1558
Loading Time(s): 0.6833
Forward Time(s): 0.1583
Backward Time(s): 0.0723
Update Time(s): 0.0041
Emb Update Time(s): 0.9772
#seeds: 6144
#inputs: 925756
=====================
=====================
Part 25, Epoch Time(s): 2.0634
Sampling Time(s): 0.1390
Loading Time(s): 0.6624
Forward Time(s): 0.2014
Backward Time(s): 0.0729
Update Time(s): 0.0037
Emb Update Time(s): 0.9804
#seeds: 6144
#inputs: 929620
==========================================
Part 28, Epoch Time(s): 2.0639
Sampling Time(s): 0.1363
Loading Time(s): 0.6614
Forward Time(s): 0.2056
Backward Time(s): 0.0731
Update Time(s): 0.0037
Emb Update Time(s): 0.9801
#seeds: 6144
#inputs: 922886
==========================================
Part 26, Epoch Time(s): 2.0710
Sampling Time(s): 0.1306
Loading Time(s): 0.6583
Forward Time(s): 0.2213
Backward Time(s): 0.0727
Update Time(s): 0.0042
Emb Update Time(s): 0.9801
#seeds: 6144
#inputs: 917909
=====================




=====================
Part 8, Epoch Time(s): 2.0709
Sampling Time(s): 0.1484
Loading Time(s): 0.7220
Forward Time(s): 0.1400
Backward Time(s): 0.0727
Update Time(s): 0.0040
Emb Update Time(s): 0.9801
#seeds: 6145
#inputs: 934329
==========================================
Part 13, Epoch Time(s): 2.0649
Sampling Time(s): 0.1329
Loading Time(s): 0.6751
Forward Time(s): 0.1995
Backward Time(s): 0.0721
Update Time(s): 0.0041
Emb Update Time(s): 0.9776
#seeds: 6144
#inputs: 932406
==========================================
Part 14, Epoch Time(s): 2.0583
Sampling Time(s): 0.1445
Loading Time(s): 0.6934
Forward Time(s): 0.1641
Backward Time(s): 0.0716
Update Time(s): 0.0037
Emb Update Time(s): 0.9773
#seeds: 6145
#inputs: 931012
==========================================
Part 9, Epoch Time(s): 2.0604
Sampling Time(s): 0.1610
Loading Time(s): 0.6699
Forward Time(s): 0.1691
Backward Time(s): 0.0728
Update Time(s): 0.0043
Emb Update Time(s): 0.9798
#seeds: 6144
#inputs: 934409
==========================================
Part 10, Epoch Time(s): 2.0528
Sampling Time(s): 0.1602
Loading Time(s): 0.7141
Forward Time(s): 0.1239
Backward Time(s): 0.0698
Update Time(s): 0.0038
Emb Update Time(s): 0.9773
#seeds: 6144
#inputs: 935052
=====================




=====================
Part 11, Epoch Time(s): 2.0494
Sampling Time(s): 0.1563
Loading Time(s): 0.7480
Forward Time(s): 0.0871
Backward Time(s): 0.0696
Update Time(s): 0.0046
Emb Update Time(s): 0.9801
#seeds: 6144
#inputs: 935032
==========================================
Part 15, Epoch Time(s): 2.0602
Sampling Time(s): 0.1623
Loading Time(s): 0.7216
Forward Time(s): 0.1190
Backward Time(s): 0.0717
Update Time(s): 0.0036
Emb Update Time(s): 0.9784
#seeds: 6144
#inputs: 934971
==========================================
Part 12, Epoch Time(s): 2.0742
Sampling Time(s): 0.1270
Loading Time(s): 0.6235
Forward Time(s): 0.2649
Backward Time(s): 0.0712
Update Time(s): 0.0037
Emb Update Time(s): 0.9802
#seeds: 6144
#inputs: 930016
=====================


|V|=2449029, eval batch size: 100000
|V|=2449029, eval batch size: 100000
|V|=2449029, eval batch size: 100000
|V|=2449029, eval batch size: 100000
|V|=2449029, eval batch size: 100000
|V|=2449029, eval batch size: 100000
|V|=2449029, eval batch size: 100000
|V|=2449029, eval batch size: 100000
|V|=2449029, eval batch size: 100000
|V|=2449029, eval batch size: 100000
|V|=2449029, eval batch size: 100000
|V|=2449029, eval batch size: 100000
|V|=2449029, eval batch size: 100000
|V|=2449029, eval batch size: 100000
|V|=2449029, eval batch size: 100000
|V|=2449029, eval batch size: 100000
|V|=2449029, eval batch size: 100000
|V|=2449029, eval batch size: 100000
|V|=2449029, eval batch size: 100000
|V|=2449029, eval batch size: 100000
|V|=2449029, eval batch size: 100000
|V|=2449029, eval batch size: 100000
|V|=2449029, eval batch size: 100000
|V|=2449029, eval batch size: 100000
|V|=2449029, eval batch size: 100000
|V|=2449029, eval batch size: 100000
|V|=2449029, eval batch size: 100000
|V|=2449029, eval batch size: 100000
|V|=2449029, eval batch size: 100000
|V|=2449029, eval batch size: 100000
|V|=2449029, eval batch size: 100000
|V|=2449029, eval batch size: 100000
|V|=2449029, eval batch size: 100000|V|=2449029, eval batch size: 100000
|V|=2449029, eval batch size: 100000

|V|=2449029, eval batch size: 100000
|V|=2449029, eval batch size: 100000
|V|=2449029, eval batch size: 100000|V|=2449029, eval batch size: 100000

|V|=2449029, eval batch size: 100000
|V|=2449029, eval batch size: 100000
|V|=2449029, eval batch size: 100000
|V|=2449029, eval batch size: 100000
|V|=2449029, eval batch size: 100000
|V|=2449029, eval batch size: 100000
|V|=2449029, eval batch size: 100000
|V|=2449029, eval batch size: 100000
|V|=2449029, eval batch size: 100000
|V|=2449029, eval batch size: 100000
|V|=2449029, eval batch size: 100000
|V|=2449029, eval batch size: 100000
|V|=2449029, eval batch size: 100000
|V|=2449029, eval batch size: 100000
|V|=2449029, eval batch size: 100000
|V|=2449029, eval batch size: 100000
|V|=2449029, eval batch size: 100000
|V|=2449029, eval batch size: 100000
|V|=2449029, eval batch size: 100000
|V|=2449029, eval batch size: 100000
|V|=2449029, eval batch size: 100000
|V|=2449029, eval batch size: 100000
|V|=2449029, eval batch size: 100000
|V|=2449029, eval batch size: 100000
|V|=2449029, eval batch size: 100000
Part 2, Val Acc 0.9471, Test Acc 0.7639, time: 4.8863
Part 0, Val Acc 0.9504, Test Acc 0.7661, time: 4.8878
Part 1, Val Acc 0.9430, Test Acc 0.7678, time: 4.8959
Part 6, Val Acc 0.9455, Test Acc 0.7655, time: 4.8981
Part 4, Val Acc 0.9454, Test Acc 0.7683, time: 4.9016
Part 3, Val Acc 0.9561, Test Acc 0.7680, time: 4.9034
Part 7, Val Acc 0.9414, Test Acc 0.7656, time: 4.9038Part 5, Val Acc 0.9333, Test Acc 0.7664, time: 4.9038

Part 27, Val Acc 0.9162, Test Acc 0.7193, time: 4.9039
Part 22, Val Acc 0.9097, Test Acc 0.7210, time: 4.9046
Part 30, Val Acc 0.9170, Test Acc 0.7188, time: 4.9059
Part 12, Val Acc 0.8884, Test Acc 0.6951, time: 4.9077
Part 20, Val Acc 0.8844, Test Acc 0.7229, time: 4.9079
Part 21, Val Acc 0.8902, Test Acc 0.7211, time: 4.9127
Part 31, Val Acc 0.9056, Test Acc 0.7192, time: 4.9127
Part 18, Val Acc 0.8926, Test Acc 0.7233, time: 4.9134
Part 16, Val Acc 0.8983, Test Acc 0.7242, time: 4.9142
Part 25, Val Acc 0.9137, Test Acc 0.7187, time: 4.9143
Part 17, Val Acc 0.8788, Test Acc 0.7222, time: 4.9153
Part 23, Val Acc 0.9048, Test Acc 0.7193, time: 4.9189
Part 19, Val Acc 0.8902, Test Acc 0.7221, time: 4.9203
Part 10, Val Acc 0.8967, Test Acc 0.6980, time: 4.9202
Part 29, Val Acc 0.9203, Test Acc 0.7189, time: 4.9209
Part 28, Val Acc 0.9260, Test Acc 0.7213, time: 4.9217
Part 14, Val Acc 0.8755, Test Acc 0.6977, time: 4.9227
Part 15, Val Acc 0.8991, Test Acc 0.6996, time: 4.9260
Part 26, Val Acc 0.9267, Test Acc 0.7175, time: 4.9301
Part 24, Val Acc 0.9105, Test Acc 0.7202, time: 4.9305
Part 13, Val Acc 0.8999, Test Acc 0.6971, time: 4.9338
Part 11, Val Acc 0.9015, Test Acc 0.6948, time: 4.9372
Part 9, Val Acc 0.8999, Test Acc 0.6952, time: 4.9385
Part 8, Val Acc 0.9056, Test Acc 0.6977, time: 4.9422
All parts avg val acc 0.9129, test acc 0.7262
Part 4 | Epoch 00014 | Step 00000 | Loss 0.0443 | Train Acc 0.9890 | Speed (samples/sec) 2812.5770 | GPU 1537.6 MB | time 0.407 s
Part 7 | Epoch 00014 | Step 00000 | Loss 0.0288 | Train Acc 0.9930 | Speed (samples/sec) 2811.6814 | GPU 1532.4 MB | time 0.405 s
Part 1 | Epoch 00014 | Step 00000 | Loss 0.0384 | Train Acc 0.9930 | Speed (samples/sec) 2811.3957 | GPU 1531.0 MB | time 0.412 s
Part 6 | Epoch 00014 | Step 00000 | Loss 0.0317 | Train Acc 0.9950 | Speed (samples/sec) 2808.2399 | GPU 1538.2 MB | time 0.410 s
Part 2 | Epoch 00014 | Step 00000 | Loss 0.0376 | Train Acc 0.9900 | Speed (samples/sec) 2803.1221 | GPU 1528.8 MB | time 0.422 s
Part 5 | Epoch 00014 | Step 00000 | Loss 0.0455 | Train Acc 0.9900 | Speed (samples/sec) 2813.4105 | GPU 1548.6 MB | time 0.405 s
Part 3 | Epoch 00014 | Step 00000 | Loss 0.0529 | Train Acc 0.9890 | Speed (samples/sec) 2813.9016 | GPU 1536.4 MB | time 0.405 s
Part 18 | Epoch 00014 | Step 00000 | Loss 0.0799 | Train Acc 0.9810 | Speed (samples/sec) 2820.7346 | GPU 1564.1 MB | time 0.395 sPart 20 | Epoch 00014 | Step 00000 | Loss 0.0644 | Train Acc 0.9830 | Speed (samples/sec) 2814.7543 | GPU 1570.1 MB | time 0.400 s

Part 16 | Epoch 00014 | Step 00000 | Loss 0.0738 | Train Acc 0.9820 | Speed (samples/sec) 2818.2251 | GPU 1578.3 MB | time 0.394 sPart 22 | Epoch 00014 | Step 00000 | Loss 0.0651 | Train Acc 0.9890 | Speed (samples/sec) 2816.9942 | GPU 1577.3 MB | time 0.404 s

Part 21 | Epoch 00014 | Step 00000 | Loss 0.0442 | Train Acc 0.9900 | Speed (samples/sec) 2824.0873 | GPU 1574.0 MB | time 0.396 s
Part 19 | Epoch 00014 | Step 00000 | Loss 0.0793 | Train Acc 0.9880 | Speed (samples/sec) 2824.2578 | GPU 1568.7 MB | time 0.388 s
Part 17 | Epoch 00014 | Step 00000 | Loss 0.0799 | Train Acc 0.9830 | Speed (samples/sec) 2824.1953 | GPU 1569.5 MB | time 0.393 s
Part 31 | Epoch 00014 | Step 00000 | Loss 0.0332 | Train Acc 0.9950 | Speed (samples/sec) 2819.9516 | GPU 1665.3 MB | time 0.396 sPart 25 | Epoch 00014 | Step 00000 | Loss 0.0318 | Train Acc 0.9920 | Speed (samples/sec) 2822.3076 | GPU 1657.6 MB | time 0.394 sPart 29 | Epoch 00014 | Step 00000 | Loss 0.0511 | Train Acc 0.9890 | Speed (samples/sec) 2826.3323 | GPU 1660.6 MB | time 0.388 s


Part 30 | Epoch 00014 | Step 00000 | Loss 0.0235 | Train Acc 0.9960 | Speed (samples/sec) 2821.3004 | GPU 1671.8 MB | time 0.402 sPart 28 | Epoch 00014 | Step 00000 | Loss 0.0599 | Train Acc 0.9890 | Speed (samples/sec) 2817.0337 | GPU 1654.9 MB | time 0.387 s

Part 24 | Epoch 00014 | Step 00000 | Loss 0.0418 | Train Acc 0.9890 | Speed (samples/sec) 2821.1279 | GPU 1660.3 MB | time 0.378 s
Part 26 | Epoch 00014 | Step 00000 | Loss 0.0559 | Train Acc 0.9850 | Speed (samples/sec) 2822.0034 | GPU 1650.3 MB | time 0.378 s
Part 9 | Epoch 00014 | Step 00000 | Loss 0.0499 | Train Acc 0.9890 | Speed (samples/sec) 2822.2056 | GPU 1802.2 MB | time 0.370 sPart 14 | Epoch 00014 | Step 00000 | Loss 0.0521 | Train Acc 0.9870 | Speed (samples/sec) 2824.7904 | GPU 1812.9 MB | time 0.385 s

Part 12 | Epoch 00014 | Step 00000 | Loss 0.0618 | Train Acc 0.9850 | Speed (samples/sec) 2826.0588 | GPU 1790.8 MB | time 0.401 sPart 8 | Epoch 00014 | Step 00000 | Loss 0.0648 | Train Acc 0.9770 | Speed (samples/sec) 2828.9933 | GPU 1801.6 MB | time 0.366 sPart 15 | Epoch 00014 | Step 00000 | Loss 0.0702 | Train Acc 0.9850 | Speed (samples/sec) 2828.3477 | GPU 1793.5 MB | time 0.382 s


Part 10 | Epoch 00014 | Step 00000 | Loss 0.0768 | Train Acc 0.9770 | Speed (samples/sec) 2825.3598 | GPU 1799.1 MB | time 0.388 sPart 13 | Epoch 00014 | Step 00000 | Loss 0.0588 | Train Acc 0.9850 | Speed (samples/sec) 2830.5254 | GPU 1801.2 MB | time 0.375 s

Part 11 | Epoch 00014 | Step 00000 | Loss 0.0873 | Train Acc 0.9790 | Speed (samples/sec) 2831.1539 | GPU 1804.6 MB | time 0.370 s
Part 0 | Epoch 00014 | Step 00000 | Loss 0.0288 | Train Acc 0.9940 | Speed (samples/sec) 2841.6765 | GPU 1533.4 MB | time 0.365 s
Part 27 | Epoch 00014 | Step 00000 | Loss 0.0488 | Train Acc 0.9900 | Speed (samples/sec) 2821.1641 | GPU 1659.0 MB | time 0.404 s
Part 23 | Epoch 00014 | Step 00000 | Loss 0.0634 | Train Acc 0.9860 | Speed (samples/sec) 2822.9986 | GPU 1574.9 MB | time 0.389 s
Avg train acc 0.9876
=====================
Part 1, Epoch Time(s): 2.3222
Sampling Time(s): 0.1411
Loading Time(s): 0.5630
Forward Time(s): 0.3052
Backward Time(s): 0.0741
Update Time(s): 0.0034
Emb Update Time(s): 1.2318
#seeds: 6145
#inputs: 917011
==========================================
Part 2, Epoch Time(s): 2.3319
Sampling Time(s): 0.1457
Loading Time(s): 0.5351
Forward Time(s): 0.3380
Backward Time(s): 0.0742
Update Time(s): 0.0035
Emb Update Time(s): 1.2317
#seeds: 6144
#inputs: 921508
==========================================
Part 4, Epoch Time(s): 2.3166
Sampling Time(s): 0.1343
Loading Time(s): 0.5383
Forward Time(s): 0.3311
Backward Time(s): 0.0738
Update Time(s): 0.0035
Emb Update Time(s): 1.2320
#seeds: 6144
#inputs: 922602
==========================================
Part 0, Epoch Time(s): 2.2750
Sampling Time(s): 0.1379
Loading Time(s): 0.5972
Forward Time(s): 0.2295
Backward Time(s): 0.0710
Update Time(s): 0.0054
Emb Update Time(s): 1.2298
#seeds: 6144
#inputs: 924317
=====================

=====================
Part 3, Epoch Time(s): 2.3148
Sampling Time(s): 0.1511
Loading Time(s): 0.5874
Forward Time(s): 0.2631
Backward Time(s): 0.0747
Update Time(s): 0.0040
Emb Update Time(s): 1.2305
#seeds: 6145
#inputs: 920458
==========================================
Part 6, Epoch Time(s): 2.3198
Sampling Time(s): 0.1544
Loading Time(s): 0.6043
Forward Time(s): 0.2478
Backward Time(s): 0.0737
Update Time(s): 0.0040
Emb Update Time(s): 1.2318
#seeds: 6144
#inputs: 918508
==========================================
Part 5, Epoch Time(s): 2.3143
Sampling Time(s): 0.1874
Loading Time(s): 0.5227
Forward Time(s): 0.2904
Backward Time(s): 0.0737
Update Time(s): 0.0047
Emb Update Time(s): 1.2316
#seeds: 6144
#inputs: 918642
=====================

=====================
Part 7, Epoch Time(s): 2.3144
Sampling Time(s): 0.1284
Loading Time(s): 0.6201
Forward Time(s): 0.2528
Backward Time(s): 0.0736
Update Time(s): 0.0040
Emb Update Time(s): 1.2317
#seeds: 6144
#inputs: 919121
=====================



=====================
Part 18, Epoch Time(s): 2.3048
Sampling Time(s): 0.1421
Loading Time(s): 0.6274
Forward Time(s): 0.2222
Backward Time(s): 0.0735
Update Time(s): 0.0034
Emb Update Time(s): 1.2325
#seeds: 6144
#inputs: 919761
==========================================
Part 17, Epoch Time(s): 2.3027
Sampling Time(s): 0.1601
Loading Time(s): 0.5804
Forward Time(s): 0.2521
Backward Time(s): 0.0727
Update Time(s): 0.0062
Emb Update Time(s): 1.2273
#seeds: 6145
#inputs: 920520
=====================

=====================
Part 21, Epoch Time(s): 2.3054
Sampling Time(s): 0.1311
Loading Time(s): 0.5817
Forward Time(s): 0.2794
Backward Time(s): 0.0729
Update Time(s): 0.0039
Emb Update Time(s): 1.2327
#seeds: 6145
#inputs: 913725
=====================
=====================
Part 22, Epoch Time(s): 2.3135
Sampling Time(s): 0.1296
Loading Time(s): 0.6447
Forward Time(s): 0.2296
Backward Time(s): 0.0717
Update Time(s): 0.0034
Emb Update Time(s): 1.2308
#seeds: 6144
#inputs: 920162
==========================================
Part 19, Epoch Time(s): 2.2979
Sampling Time(s): 0.1615
Loading Time(s): 0.5955
Forward Time(s): 0.2277
Backward Time(s): 0.0739
Update Time(s): 0.0044
Emb Update Time(s): 1.2310
#seeds: 6144
#inputs: 916734
==========================================
Part 20, Epoch Time(s): 2.3102
Sampling Time(s): 0.1622
Loading Time(s): 0.5446
Forward Time(s): 0.2921
Backward Time(s): 0.0716
Update Time(s): 0.0039
Emb Update Time(s): 1.2323
#seeds: 6144
#inputs: 914020
==========================================
Part 23, Epoch Time(s): 2.2992
Sampling Time(s): 0.1405
Loading Time(s): 0.6466
Forward Time(s): 0.1991
Backward Time(s): 0.0726
Update Time(s): 0.0046
Emb Update Time(s): 1.2316
#seeds: 6144
#inputs: 919354
==========================================
Part 16, Epoch Time(s): 2.3039
Sampling Time(s): 0.1327
Loading Time(s): 0.6166
Forward Time(s): 0.2414
Backward Time(s): 0.0735
Update Time(s): 0.0036
Emb Update Time(s): 1.2325
#seeds: 6144
#inputs: 915761
=====================




=====================
Part 24, Epoch Time(s): 2.2878
Sampling Time(s): 0.1413
Loading Time(s): 0.6344
Forward Time(s): 0.1988
Backward Time(s): 0.0733
Update Time(s): 0.0035
Emb Update Time(s): 1.2326
#seeds: 6144
#inputs: 921370
==========================================
Part 30, Epoch Time(s): 2.3121
Sampling Time(s): 0.1261
Loading Time(s): 0.6357
Forward Time(s): 0.2374
Backward Time(s): 0.0717
Update Time(s): 0.0036
Emb Update Time(s): 1.2339
#seeds: 6144
#inputs: 920456
=====================

=====================
Part 26, Epoch Time(s): 2.2878
Sampling Time(s): 0.1355
Loading Time(s): 0.6942
Forward Time(s): 0.1501
Backward Time(s): 0.0700
Update Time(s): 0.0043
Emb Update Time(s): 1.2298
#seeds: 6144
#inputs: 917610
==========================================
Part 29, Epoch Time(s): 2.2973
Sampling Time(s): 0.1443
Loading Time(s): 0.6696
Forward Time(s): 0.1716
Backward Time(s): 0.0707
Update Time(s): 0.0038
Emb Update Time(s): 1.2337
#seeds: 6145
#inputs: 925874
==========================================
Part 31, Epoch Time(s): 2.3054
Sampling Time(s): 0.1455
Loading Time(s): 0.6528
Forward Time(s): 0.1941
Backward Time(s): 0.0720
Update Time(s): 0.0044
Emb Update Time(s): 1.2328
#seeds: 6144
#inputs: 923082
=====================
=====================
Part 27, Epoch Time(s): 2.3142
Sampling Time(s): 0.1513
Loading Time(s): 0.6791
Forward Time(s): 0.1704
Backward Time(s): 0.0724
Update Time(s): 0.0043
Emb Update Time(s): 1.2328
#seeds: 6144
#inputs: 926536
==========================================
Part 28, Epoch Time(s): 2.2966
Sampling Time(s): 0.1492
Loading Time(s): 0.7043
Forward Time(s): 0.1362
Backward Time(s): 0.0712
Update Time(s): 0.0035
Emb Update Time(s): 1.2285
#seeds: 6144
#inputs: 924105
==========================================
Part 25, Epoch Time(s): 2.3038
Sampling Time(s): 0.1606
Loading Time(s): 0.6899
Forward Time(s): 0.1398
Backward Time(s): 0.0729
Update Time(s): 0.0037
Emb Update Time(s): 1.2330
#seeds: 6144
#inputs: 927795
=====================




=====================
Part 8, Epoch Time(s): 2.2755
Sampling Time(s): 0.1446
Loading Time(s): 0.7161
Forward Time(s): 0.1017
Backward Time(s): 0.0728
Update Time(s): 0.0038
Emb Update Time(s): 1.2329
#seeds: 6145
#inputs: 935961
==========================================
Part 9, Epoch Time(s): 2.2793
Sampling Time(s): 0.1403
Loading Time(s): 0.6122
Forward Time(s): 0.2154
Backward Time(s): 0.0713
Update Time(s): 0.0041
Emb Update Time(s): 1.2322
#seeds: 6144
#inputs: 936237
==========================================
Part 13, Epoch Time(s): 2.2843
Sampling Time(s): 0.1370
Loading Time(s): 0.6620
Forward Time(s): 0.1720
Backward Time(s): 0.0723
Update Time(s): 0.0037
Emb Update Time(s): 1.2337
#seeds: 6144
#inputs: 935097
==========================================
Part 12, Epoch Time(s): 2.3104
Sampling Time(s): 0.1585
Loading Time(s): 0.7112
Forward Time(s): 0.1282
Backward Time(s): 0.0714
Update Time(s): 0.0036
Emb Update Time(s): 1.2339
#seeds: 6144
#inputs: 929263
==========================================
Part 15, Epoch Time(s): 2.2921
Sampling Time(s): 0.1414
Loading Time(s): 0.6811
Forward Time(s): 0.1586
Backward Time(s): 0.0700
Update Time(s): 0.0039
Emb Update Time(s): 1.2334
#seeds: 6144
#inputs: 938848
=====================

=====================
Part 14, Epoch Time(s): 2.2951
Sampling Time(s): 0.1488
Loading Time(s): 0.7135
Forward Time(s): 0.1198
Backward Time(s): 0.0718
Update Time(s): 0.0039
Emb Update Time(s): 1.2337
#seeds: 6145
#inputs: 935443
=====================
=====================
Part 11, Epoch Time(s): 2.2802
Sampling Time(s): 0.1573
Loading Time(s): 0.6745
Forward Time(s): 0.1359
Backward Time(s): 0.0713
Update Time(s): 0.0039
Emb Update Time(s): 1.2335
#seeds: 6144
#inputs: 935555
==========================================
Part 10, Epoch Time(s): 2.2973
Sampling Time(s): 0.1982
Loading Time(s): 0.7031
Forward Time(s): 0.0895
Backward Time(s): 0.0712
Update Time(s): 0.0037
Emb Update Time(s): 1.2279
#seeds: 6144
#inputs: 933904
=====================




|V|=2449029, eval batch size: 100000
|V|=2449029, eval batch size: 100000
|V|=2449029, eval batch size: 100000
|V|=2449029, eval batch size: 100000
|V|=2449029, eval batch size: 100000
|V|=2449029, eval batch size: 100000
|V|=2449029, eval batch size: 100000
|V|=2449029, eval batch size: 100000
|V|=2449029, eval batch size: 100000|V|=2449029, eval batch size: 100000

|V|=2449029, eval batch size: 100000
|V|=2449029, eval batch size: 100000
|V|=2449029, eval batch size: 100000
|V|=2449029, eval batch size: 100000
|V|=2449029, eval batch size: 100000
|V|=2449029, eval batch size: 100000
|V|=2449029, eval batch size: 100000
|V|=2449029, eval batch size: 100000
|V|=2449029, eval batch size: 100000
|V|=2449029, eval batch size: 100000
|V|=2449029, eval batch size: 100000
|V|=2449029, eval batch size: 100000
|V|=2449029, eval batch size: 100000
|V|=2449029, eval batch size: 100000
|V|=2449029, eval batch size: 100000
|V|=2449029, eval batch size: 100000
|V|=2449029, eval batch size: 100000
|V|=2449029, eval batch size: 100000
|V|=2449029, eval batch size: 100000
|V|=2449029, eval batch size: 100000
|V|=2449029, eval batch size: 100000
|V|=2449029, eval batch size: 100000
|V|=2449029, eval batch size: 100000
|V|=2449029, eval batch size: 100000
|V|=2449029, eval batch size: 100000
|V|=2449029, eval batch size: 100000
|V|=2449029, eval batch size: 100000
|V|=2449029, eval batch size: 100000
|V|=2449029, eval batch size: 100000
|V|=2449029, eval batch size: 100000
|V|=2449029, eval batch size: 100000
|V|=2449029, eval batch size: 100000
|V|=2449029, eval batch size: 100000
|V|=2449029, eval batch size: 100000
|V|=2449029, eval batch size: 100000
|V|=2449029, eval batch size: 100000
|V|=2449029, eval batch size: 100000
|V|=2449029, eval batch size: 100000
|V|=2449029, eval batch size: 100000
|V|=2449029, eval batch size: 100000
|V|=2449029, eval batch size: 100000
|V|=2449029, eval batch size: 100000|V|=2449029, eval batch size: 100000

|V|=2449029, eval batch size: 100000
|V|=2449029, eval batch size: 100000
|V|=2449029, eval batch size: 100000
|V|=2449029, eval batch size: 100000
|V|=2449029, eval batch size: 100000
|V|=2449029, eval batch size: 100000
|V|=2449029, eval batch size: 100000
|V|=2449029, eval batch size: 100000
|V|=2449029, eval batch size: 100000
|V|=2449029, eval batch size: 100000
|V|=2449029, eval batch size: 100000
Part 2, Val Acc 0.9471, Test Acc 0.7654, time: 4.9377
Part 0, Val Acc 0.9487, Test Acc 0.7671, time: 4.9465
Part 4, Val Acc 0.9454, Test Acc 0.7693, time: 4.9473
Part 1, Val Acc 0.9406, Test Acc 0.7685, time: 4.9476
Part 30, Val Acc 0.9162, Test Acc 0.7206, time: 4.9474
Part 6, Val Acc 0.9463, Test Acc 0.7669, time: 4.9484
Part 7, Val Acc 0.9439, Test Acc 0.7670, time: 4.9487
Part 22, Val Acc 0.9121, Test Acc 0.7208, time: 4.9487
Part 20, Val Acc 0.8868, Test Acc 0.7229, time: 4.9500
Part 5, Val Acc 0.9325, Test Acc 0.7664, time: 4.9502
Part 25, Val Acc 0.9137, Test Acc 0.7206, time: 4.9504
Part 3, Val Acc 0.9569, Test Acc 0.7689, time: 4.9516
Part 29, Val Acc 0.9211, Test Acc 0.7204, time: 4.9515
Part 24, Val Acc 0.9081, Test Acc 0.7215, time: 4.9530
Part 18, Val Acc 0.8910, Test Acc 0.7225, time: 4.9536
Part 16, Val Acc 0.8950, Test Acc 0.7237, time: 4.9540
Part 23, Val Acc 0.9040, Test Acc 0.7190, time: 4.9549
Part 9, Val Acc 0.8999, Test Acc 0.6956, time: 4.9548
Part 14, Val Acc 0.8747, Test Acc 0.6983, time: 4.9549
Part 21, Val Acc 0.8893, Test Acc 0.7207, time: 4.9566
Part 28, Val Acc 0.9268, Test Acc 0.7231, time: 4.9584
Part 19, Val Acc 0.8926, Test Acc 0.7213, time: 4.9598
Part 27, Val Acc 0.9146, Test Acc 0.7209, time: 4.9618
Part 17, Val Acc 0.8804, Test Acc 0.7220, time: 4.9641
Part 13, Val Acc 0.9007, Test Acc 0.6972, time: 4.9640
Part 11, Val Acc 0.8999, Test Acc 0.6953, time: 4.9644
Part 15, Val Acc 0.8999, Test Acc 0.7004, time: 4.9655
Part 26, Val Acc 0.9267, Test Acc 0.7195, time: 4.9685
Part 31, Val Acc 0.9064, Test Acc 0.7210, time: 4.9699
Part 10, Val Acc 0.8991, Test Acc 0.6990, time: 4.9749
Part 8, Val Acc 0.9064, Test Acc 0.6990, time: 4.9794
Part 12, Val Acc 0.8860, Test Acc 0.6959, time: 4.9817
All parts avg val acc 0.9129, test acc 0.7269
Part 7 | Epoch 00015 | Step 00000 | Loss 0.0322 | Train Acc 0.9950 | Speed (samples/sec) 2798.4139 | GPU 1532.4 MB | time 0.577 sPart 1 | Epoch 00015 | Step 00000 | Loss 0.0171 | Train Acc 0.9940 | Speed (samples/sec) 2798.1541 | GPU 1531.0 MB | time 0.578 s

Part 4 | Epoch 00015 | Step 00000 | Loss 0.0240 | Train Acc 0.9920 | Speed (samples/sec) 2799.2064 | GPU 1537.6 MB | time 0.578 s
Part 2 | Epoch 00015 | Step 00000 | Loss 0.0309 | Train Acc 0.9950 | Speed (samples/sec) 2790.1328 | GPU 1528.8 MB | time 0.588 s
Part 0 | Epoch 00015 | Step 00000 | Loss 0.0210 | Train Acc 0.9970 | Speed (samples/sec) 2827.5072 | GPU 1533.4 MB | time 0.543 s
Part 6 | Epoch 00015 | Step 00000 | Loss 0.0427 | Train Acc 0.9930 | Speed (samples/sec) 2795.2005 | GPU 1538.2 MB | time 0.577 s
Part 3 | Epoch 00015 | Step 00000 | Loss 0.0323 | Train Acc 0.9930 | Speed (samples/sec) 2800.6360 | GPU 1536.4 MB | time 0.574 s
Part 31 | Epoch 00015 | Step 00000 | Loss 0.0328 | Train Acc 0.9940 | Speed (samples/sec) 2806.7636 | GPU 1665.3 MB | time 0.556 sPart 25 | Epoch 00015 | Step 00000 | Loss 0.0356 | Train Acc 0.9900 | Speed (samples/sec) 2808.3948 | GPU 1657.6 MB | time 0.575 s

Part 29 | Epoch 00015 | Step 00000 | Loss 0.0347 | Train Acc 0.9910 | Speed (samples/sec) 2812.1913 | GPU 1660.6 MB | time 0.574 s
Part 30 | Epoch 00015 | Step 00000 | Loss 0.0331 | Train Acc 0.9910 | Speed (samples/sec) 2807.3494 | GPU 1671.8 MB | time 0.578 s
Part 5 | Epoch 00015 | Step 00000 | Loss 0.0301 | Train Acc 0.9950 | Speed (samples/sec) 2800.0833 | GPU 1548.6 MB | time 0.575 s
Part 21 | Epoch 00015 | Step 00000 | Loss 0.0703 | Train Acc 0.9870 | Speed (samples/sec) 2810.2482 | GPU 1574.0 MB | time 0.569 s
Part 19 | Epoch 00015 | Step 00000 | Loss 0.0390 | Train Acc 0.9930 | Speed (samples/sec) 2810.4841 | GPU 1568.7 MB | time 0.566 sPart 16 | Epoch 00015 | Step 00000 | Loss 0.0674 | Train Acc 0.9830 | Speed (samples/sec) 2804.6753 | GPU 1578.3 MB | time 0.572 s

Part 18 | Epoch 00015 | Step 00000 | Loss 0.0739 | Train Acc 0.9830 | Speed (samples/sec) 2806.9956 | GPU 1564.1 MB | time 0.572 sPart 23 | Epoch 00015 | Step 00000 | Loss 0.0596 | Train Acc 0.9830 | Speed (samples/sec) 2809.2126 | GPU 1574.9 MB | time 0.571 s

Part 20 | Epoch 00015 | Step 00000 | Loss 0.0582 | Train Acc 0.9870 | Speed (samples/sec) 2801.3253 | GPU 1570.6 MB | time 0.575 s
Part 22 | Epoch 00015 | Step 00000 | Loss 0.0311 | Train Acc 0.9960 | Speed (samples/sec) 2803.3767 | GPU 1577.3 MB | time 0.577 s
Part 9 | Epoch 00015 | Step 00000 | Loss 0.0507 | Train Acc 0.9850 | Speed (samples/sec) 2808.4058 | GPU 1802.2 MB | time 0.571 s
Part 14 | Epoch 00015 | Step 00000 | Loss 0.0436 | Train Acc 0.9880 | Speed (samples/sec) 2810.8484 | GPU 1812.9 MB | time 0.571 sPart 10 | Epoch 00015 | Step 00000 | Loss 0.0479 | Train Acc 0.9890 | Speed (samples/sec) 2811.9728 | GPU 1799.1 MB | time 0.551 s

Part 15 | Epoch 00015 | Step 00000 | Loss 0.0334 | Train Acc 0.9900 | Speed (samples/sec) 2814.4625 | GPU 1793.5 MB | time 0.560 sPart 13 | Epoch 00015 | Step 00000 | Loss 0.0523 | Train Acc 0.9870 | Speed (samples/sec) 2816.4464 | GPU 1801.2 MB | time 0.562 sPart 12 | Epoch 00015 | Step 00000 | Loss 0.0434 | Train Acc 0.9890 | Speed (samples/sec) 2812.8480 | GPU 1790.8 MB | time 0.544 s


Part 8 | Epoch 00015 | Step 00000 | Loss 0.0425 | Train Acc 0.9900 | Speed (samples/sec) 2815.5348 | GPU 1801.6 MB | time 0.546 s
Part 24 | Epoch 00015 | Step 00000 | Loss 0.0360 | Train Acc 0.9920 | Speed (samples/sec) 2807.3627 | GPU 1660.3 MB | time 0.573 s
Part 17 | Epoch 00015 | Step 00000 | Loss 0.0525 | Train Acc 0.9900 | Speed (samples/sec) 2810.5972 | GPU 1569.5 MB | time 0.561 s
Part 28 | Epoch 00015 | Step 00000 | Loss 0.0328 | Train Acc 0.9920 | Speed (samples/sec) 2803.6990 | GPU 1654.9 MB | time 0.567 s
Part 26 | Epoch 00015 | Step 00000 | Loss 0.0327 | Train Acc 0.9930 | Speed (samples/sec) 2808.6670 | GPU 1650.3 MB | time 0.557 s
Part 27 | Epoch 00015 | Step 00000 | Loss 0.0310 | Train Acc 0.9940 | Speed (samples/sec) 2807.6721 | GPU 1659.0 MB | time 0.564 s
Part 11 | Epoch 00015 | Step 00000 | Loss 0.0417 | Train Acc 0.9890 | Speed (samples/sec) 2817.0851 | GPU 1804.6 MB | time 0.560 s
Avg train acc 0.9906
=====================
Part 1, Epoch Time(s): 2.4597
Sampling Time(s): 0.1468
Loading Time(s): 0.5581
Forward Time(s): 0.2967
Backward Time(s): 0.0770
Update Time(s): 0.0033
Emb Update Time(s): 1.3736
#seeds: 6145
#inputs: 915869
==========================================
Part 2, Epoch Time(s): 2.4695
Sampling Time(s): 0.1366
Loading Time(s): 0.5741
Forward Time(s): 0.3007
Backward Time(s): 0.0764
Update Time(s): 0.0036
Emb Update Time(s): 1.3739
#seeds: 6144
#inputs: 922517
=====================

=====================
Part 5, Epoch Time(s): 2.4570
Sampling Time(s): 0.1720
Loading Time(s): 0.6275
Forward Time(s): 0.1990
Backward Time(s): 0.0759
Update Time(s): 0.0040
Emb Update Time(s): 1.3741
#seeds: 6144
#inputs: 915685
==========================================
Part 6, Epoch Time(s): 2.4589
Sampling Time(s): 0.1518
Loading Time(s): 0.5778
Forward Time(s): 0.2710
Backward Time(s): 0.0754
Update Time(s): 0.0036
Emb Update Time(s): 1.3751
#seeds: 6144
#inputs: 921346
==========================================
Part 7, Epoch Time(s): 2.4586
Sampling Time(s): 0.1413
Loading Time(s): 0.6481
Forward Time(s): 0.2146
Backward Time(s): 0.0719
Update Time(s): 0.0036
Emb Update Time(s): 1.3750
#seeds: 6144
#inputs: 919433
==========================================
Part 4, Epoch Time(s): 2.4600
Sampling Time(s): 0.1342
Loading Time(s): 0.5680
Forward Time(s): 0.2997
Backward Time(s): 0.0761
Update Time(s): 0.0048
Emb Update Time(s): 1.3731
#seeds: 6144
#inputs: 919189
=====================
=====================
Part 3, Epoch Time(s): 2.4556
Sampling Time(s): 0.1508
Loading Time(s): 0.6427
Forward Time(s): 0.2038
Backward Time(s): 0.0766
Update Time(s): 0.0042
Emb Update Time(s): 1.3732
#seeds: 6145
#inputs: 919720
=====================


=====================
Part 0, Epoch Time(s): 2.4247
Sampling Time(s): 0.1429
Loading Time(s): 0.5646
Forward Time(s): 0.2581
Backward Time(s): 0.0771
Update Time(s): 0.0036
Emb Update Time(s): 1.3734
#seeds: 6144
#inputs: 922333
=====================

=====================
Part 21, Epoch Time(s): 2.4507
Sampling Time(s): 0.1361
Loading Time(s): 0.5924
Forward Time(s): 0.2640
Backward Time(s): 0.0752
Update Time(s): 0.0038
Emb Update Time(s): 1.3751
#seeds: 6145
#inputs: 913352
==========================================
Part 18, Epoch Time(s): 2.4536
Sampling Time(s): 0.1493
Loading Time(s): 0.6147
Forward Time(s): 0.2313
Backward Time(s): 0.0756
Update Time(s): 0.0035
Emb Update Time(s): 1.3750
#seeds: 6144
#inputs: 916861
==========================================
Part 22, Epoch Time(s): 2.4584
Sampling Time(s): 0.1405
Loading Time(s): 0.6296
Forward Time(s): 0.2299
Backward Time(s): 0.0752
Update Time(s): 0.0046
Emb Update Time(s): 1.3744
#seeds: 6144
#inputs: 919577
==========================================
Part 16, Epoch Time(s): 2.4533
Sampling Time(s): 0.1357
Loading Time(s): 0.5714
Forward Time(s): 0.2876
Backward Time(s): 0.0760
Update Time(s): 0.0037
Emb Update Time(s): 1.3745
#seeds: 6144
#inputs: 915325
=====================



=====================
Part 20, Epoch Time(s): 2.4570
Sampling Time(s): 0.1446
Loading Time(s): 0.5783
Forward Time(s): 0.2752
Backward Time(s): 0.0753
Update Time(s): 0.0050
Emb Update Time(s): 1.3742
#seeds: 6144
#inputs: 915342
==========================================
Part 23, Epoch Time(s): 2.4523
Sampling Time(s): 0.1457
Loading Time(s): 0.6135
Forward Time(s): 0.2347
Backward Time(s): 0.0754
Update Time(s): 0.0042
Emb Update Time(s): 1.3746
#seeds: 6144
#inputs: 917997
==========================================
Part 19, Epoch Time(s): 2.4476
Sampling Time(s): 0.1515
Loading Time(s): 0.5694
Forward Time(s): 0.2693
Backward Time(s): 0.0715
Update Time(s): 0.0043
Emb Update Time(s): 1.3746
#seeds: 6144
#inputs: 917962
=====================
=====================
Part 17, Epoch Time(s): 2.4429
Sampling Time(s): 0.1674
Loading Time(s): 0.5487
Forward Time(s): 0.2681
Backward Time(s): 0.0757
Update Time(s): 0.0045
Emb Update Time(s): 1.3740
#seeds: 6145
#inputs: 919689
=====================


=====================
Part 30, Epoch Time(s): 2.4599
Sampling Time(s): 0.1352
Loading Time(s): 0.7010
Forward Time(s): 0.1688
Backward Time(s): 0.0736
Update Time(s): 0.0037
Emb Update Time(s): 1.3736
#seeds: 6144
#inputs: 922181
==========================================
Part 27, Epoch Time(s): 2.4453
Sampling Time(s): 0.1701
Loading Time(s): 0.6598
Forward Time(s): 0.1567
Backward Time(s): 0.0757
Update Time(s): 0.0039
Emb Update Time(s): 1.3747
#seeds: 6144
#inputs: 925731
==========================================
Part 29, Epoch Time(s): 2.4558
Sampling Time(s): 0.1333
Loading Time(s): 0.6725
Forward Time(s): 0.1918
Backward Time(s): 0.0745
Update Time(s): 0.0039
Emb Update Time(s): 1.3758
#seeds: 6145
#inputs: 924573
==========================================
Part 26, Epoch Time(s): 2.4384
Sampling Time(s): 0.1340
Loading Time(s): 0.6505
Forward Time(s): 0.1952
Backward Time(s): 0.0753
Update Time(s): 0.0036
Emb Update Time(s): 1.3754
#seeds: 6144
#inputs: 919519
==========================================
Part 31, Epoch Time(s): 2.4374
Sampling Time(s): 0.1401
Loading Time(s): 0.6720
Forward Time(s): 0.1671
Backward Time(s): 0.0745
Update Time(s): 0.0051
Emb Update Time(s): 1.3745
#seeds: 6144
#inputs: 923426
==========================================
Part 25, Epoch Time(s): 2.4568
Sampling Time(s): 0.1299
Loading Time(s): 0.6714
Forward Time(s): 0.1973
Backward Time(s): 0.0758
Update Time(s): 0.0034
Emb Update Time(s): 1.3749
#seeds: 6144
#inputs: 929265
==========================================
Part 24, Epoch Time(s): 2.4542
Sampling Time(s): 0.1365
Loading Time(s): 0.6675
Forward Time(s): 0.1952
Backward Time(s): 0.0748
Update Time(s): 0.0041
Emb Update Time(s): 1.3719
#seeds: 6144
#inputs: 921788
=====================


=====================
Part 28, Epoch Time(s): 2.4488
Sampling Time(s): 0.1500
Loading Time(s): 0.6600
Forward Time(s): 0.1802
Backward Time(s): 0.0753
Update Time(s): 0.0047
Emb Update Time(s): 1.3744
#seeds: 6144
#inputs: 925080
=====================




=====================
Part 9, Epoch Time(s): 2.4524
Sampling Time(s): 0.1228
Loading Time(s): 0.5886
Forward Time(s): 0.2829
Backward Time(s): 0.0746
Update Time(s): 0.0035
Emb Update Time(s): 1.3760
#seeds: 6144
#inputs: 936607
==========================================
Part 10, Epoch Time(s): 2.4323
Sampling Time(s): 0.1662
Loading Time(s): 0.6746
Forward Time(s): 0.1366
Backward Time(s): 0.0737
Update Time(s): 0.0036
Emb Update Time(s): 1.3735
#seeds: 6144
#inputs: 936369
==========================================
Part 8, Epoch Time(s): 2.4278
Sampling Time(s): 0.1321
Loading Time(s): 0.6879
Forward Time(s): 0.1493
Backward Time(s): 0.0744
Update Time(s): 0.0038
Emb Update Time(s): 1.3760
#seeds: 6145
#inputs: 933768
==========================================
Part 15, Epoch Time(s): 2.4415
Sampling Time(s): 0.1361
Loading Time(s): 0.6322
Forward Time(s): 0.2150
Backward Time(s): 0.0747
Update Time(s): 0.0039
Emb Update Time(s): 1.3755
#seeds: 6144
#inputs: 935194
==========================================
Part 14, Epoch Time(s): 2.4524
Sampling Time(s): 0.1492
Loading Time(s): 0.6989
Forward Time(s): 0.1494
Backward Time(s): 0.0740
Update Time(s): 0.0040
Emb Update Time(s): 1.3729
#seeds: 6145
#inputs: 934164
==========================================
Part 11, Epoch Time(s): 2.4416
Sampling Time(s): 0.1398
Loading Time(s): 0.7557
Forward Time(s): 0.0915
Backward Time(s): 0.0727
Update Time(s): 0.0038
Emb Update Time(s): 1.3736
#seeds: 6144
#inputs: 933104
=====================


=====================
Part 13, Epoch Time(s): 2.4433
Sampling Time(s): 0.1267
Loading Time(s): 0.7098
Forward Time(s): 0.1512
Backward Time(s): 0.0743
Update Time(s): 0.0041
Emb Update Time(s): 1.3728
#seeds: 6144
#inputs: 932295
==========================================
Part 12, Epoch Time(s): 2.4255
Sampling Time(s): 0.1712
Loading Time(s): 0.7130
Forward Time(s): 0.0828
Backward Time(s): 0.0738
Update Time(s): 0.0035
Emb Update Time(s): 1.3773
#seeds: 6144
#inputs: 929546
=====================




|V|=2449029, eval batch size: 100000
|V|=2449029, eval batch size: 100000
|V|=2449029, eval batch size: 100000
|V|=2449029, eval batch size: 100000
|V|=2449029, eval batch size: 100000
|V|=2449029, eval batch size: 100000
|V|=2449029, eval batch size: 100000
|V|=2449029, eval batch size: 100000
|V|=2449029, eval batch size: 100000
|V|=2449029, eval batch size: 100000
|V|=2449029, eval batch size: 100000
|V|=2449029, eval batch size: 100000
|V|=2449029, eval batch size: 100000
|V|=2449029, eval batch size: 100000
|V|=2449029, eval batch size: 100000
|V|=2449029, eval batch size: 100000
|V|=2449029, eval batch size: 100000
|V|=2449029, eval batch size: 100000
|V|=2449029, eval batch size: 100000
|V|=2449029, eval batch size: 100000
|V|=2449029, eval batch size: 100000
|V|=2449029, eval batch size: 100000
|V|=2449029, eval batch size: 100000
|V|=2449029, eval batch size: 100000
|V|=2449029, eval batch size: 100000
|V|=2449029, eval batch size: 100000
|V|=2449029, eval batch size: 100000
|V|=2449029, eval batch size: 100000
|V|=2449029, eval batch size: 100000
|V|=2449029, eval batch size: 100000
|V|=2449029, eval batch size: 100000
|V|=2449029, eval batch size: 100000
|V|=2449029, eval batch size: 100000|V|=2449029, eval batch size: 100000

|V|=2449029, eval batch size: 100000|V|=2449029, eval batch size: 100000

|V|=2449029, eval batch size: 100000
|V|=2449029, eval batch size: 100000
|V|=2449029, eval batch size: 100000
|V|=2449029, eval batch size: 100000
|V|=2449029, eval batch size: 100000
|V|=2449029, eval batch size: 100000
|V|=2449029, eval batch size: 100000
|V|=2449029, eval batch size: 100000
|V|=2449029, eval batch size: 100000
|V|=2449029, eval batch size: 100000
|V|=2449029, eval batch size: 100000
|V|=2449029, eval batch size: 100000
|V|=2449029, eval batch size: 100000
|V|=2449029, eval batch size: 100000
|V|=2449029, eval batch size: 100000
|V|=2449029, eval batch size: 100000
|V|=2449029, eval batch size: 100000|V|=2449029, eval batch size: 100000

|V|=2449029, eval batch size: 100000
|V|=2449029, eval batch size: 100000
|V|=2449029, eval batch size: 100000
|V|=2449029, eval batch size: 100000
|V|=2449029, eval batch size: 100000
|V|=2449029, eval batch size: 100000
|V|=2449029, eval batch size: 100000
|V|=2449029, eval batch size: 100000
|V|=2449029, eval batch size: 100000
|V|=2449029, eval batch size: 100000
Part 2, Val Acc 0.9496, Test Acc 0.7664, time: 4.8628
Part 0, Val Acc 0.9496, Test Acc 0.7679, time: 4.8654
Part 1, Val Acc 0.9398, Test Acc 0.7689, time: 4.8721
Part 6, Val Acc 0.9463, Test Acc 0.7680, time: 4.8733
Part 3, Val Acc 0.9577, Test Acc 0.7703, time: 4.8760
Part 4, Val Acc 0.9438, Test Acc 0.7699, time: 4.8792
Part 7, Val Acc 0.9447, Test Acc 0.7675, time: 4.8795
Part 20, Val Acc 0.8868, Test Acc 0.7230, time: 4.8792
Part 16, Val Acc 0.8975, Test Acc 0.7238, time: 4.8811
Part 26, Val Acc 0.9283, Test Acc 0.7220, time: 4.8812
Part 14, Val Acc 0.8739, Test Acc 0.6981, time: 4.8814
Part 13, Val Acc 0.8999, Test Acc 0.6972, time: 4.8822
Part 30, Val Acc 0.9146, Test Acc 0.7231, time: 4.8828
Part 28, Val Acc 0.9284, Test Acc 0.7257, time: 4.8832
Part 25, Val Acc 0.9112, Test Acc 0.7229, time: 4.8834
Part 31, Val Acc 0.9072, Test Acc 0.7236, time: 4.8844
Part 11, Val Acc 0.9015, Test Acc 0.6951, time: 4.8855
Part 27, Val Acc 0.9154, Test Acc 0.7238, time: 4.8855
Part 29, Val Acc 0.9219, Test Acc 0.7232, time: 4.8856
Part 19, Val Acc 0.8910, Test Acc 0.7215, time: 4.8873
Part 23, Val Acc 0.9040, Test Acc 0.7193, time: 4.8875
Part 8, Val Acc 0.9064, Test Acc 0.6990, time: 4.8875
Part 5, Val Acc 0.9333, Test Acc 0.7673, time: 4.8883
Part 12, Val Acc 0.8852, Test Acc 0.6958, time: 4.8901
Part 24, Val Acc 0.9105, Test Acc 0.7242, time: 4.8919
Part 22, Val Acc 0.9089, Test Acc 0.7211, time: 4.8922
Part 21, Val Acc 0.8910, Test Acc 0.7213, time: 4.8927
Part 18, Val Acc 0.8902, Test Acc 0.7223, time: 4.8927
Part 15, Val Acc 0.8975, Test Acc 0.7005, time: 4.8947
Part 10, Val Acc 0.8991, Test Acc 0.6992, time: 4.8988
Part 9, Val Acc 0.9007, Test Acc 0.6956, time: 4.9016
Part 17, Val Acc 0.8779, Test Acc 0.7224, time: 4.9081
All parts avg val acc 0.9129, test acc 0.7278
Part 4 | Epoch 00016 | Step 00000 | Loss 0.0202 | Train Acc 0.9950 | Speed (samples/sec) 2799.9421 | GPU 1537.6 MB | time 0.388 sPart 2 | Epoch 00016 | Step 00000 | Loss 0.0305 | Train Acc 0.9900 | Speed (samples/sec) 2790.5003 | GPU 1528.8 MB | time 0.405 s

Part 7 | Epoch 00016 | Step 00000 | Loss 0.0278 | Train Acc 0.9950 | Speed (samples/sec) 2799.2187 | GPU 1532.4 MB | time 0.388 sPart 6 | Epoch 00016 | Step 00000 | Loss 0.0178 | Train Acc 0.9940 | Speed (samples/sec) 2795.8615 | GPU 1538.2 MB | time 0.394 s

Part 3 | Epoch 00016 | Step 00000 | Loss 0.0138 | Train Acc 0.9970 | Speed (samples/sec) 2801.1541 | GPU 1536.4 MB | time 0.391 s
Part 1 | Epoch 00016 | Step 00000 | Loss 0.0133 | Train Acc 0.9970 | Speed (samples/sec) 2798.5632 | GPU 1531.0 MB | time 0.395 s
Part 0 | Epoch 00016 | Step 00000 | Loss 0.0264 | Train Acc 0.9970 | Speed (samples/sec) 2828.5014 | GPU 1533.4 MB | time 0.359 s
Part 5 | Epoch 00016 | Step 00000 | Loss 0.0074 | Train Acc 1.0000 | Speed (samples/sec) 2801.3895 | GPU 1548.6 MB | time 0.379 s
Part 21 | Epoch 00016 | Step 00000 | Loss 0.0505 | Train Acc 0.9900 | Speed (samples/sec) 2811.1512 | GPU 1574.0 MB | time 0.375 sPart 18 | Epoch 00016 | Step 00000 | Loss 0.0544 | Train Acc 0.9890 | Speed (samples/sec) 2808.0864 | GPU 1564.1 MB | time 0.375 s

Part 16 | Epoch 00016 | Step 00000 | Loss 0.0541 | Train Acc 0.9900 | Speed (samples/sec) 2805.1834 | GPU 1578.3 MB | time 0.386 s
Part 22 | Epoch 00016 | Step 00000 | Loss 0.0555 | Train Acc 0.9890 | Speed (samples/sec) 2804.6803 | GPU 1577.3 MB | time 0.375 s
Part 17 | Epoch 00016 | Step 00000 | Loss 0.0252 | Train Acc 0.9960 | Speed (samples/sec) 2812.5634 | GPU 1569.5 MB | time 0.359 s
Part 19 | Epoch 00016 | Step 00000 | Loss 0.0422 | Train Acc 0.9900 | Speed (samples/sec) 2811.1208 | GPU 1568.7 MB | time 0.380 s
Part 29 | Epoch 00016 | Step 00000 | Loss 0.0396 | Train Acc 0.9910 | Speed (samples/sec) 2812.5046 | GPU 1660.6 MB | time 0.382 sPart 31 | Epoch 00016 | Step 00000 | Loss 0.0199 | Train Acc 0.9970 | Speed (samples/sec) 2807.3320 | GPU 1665.3 MB | time 0.383 sPart 25 | Epoch 00016 | Step 00000 | Loss 0.0188 | Train Acc 0.9970 | Speed (samples/sec) 2808.8037 | GPU 1657.6 MB | time 0.384 s


Part 24 | Epoch 00016 | Step 00000 | Loss 0.0274 | Train Acc 0.9950 | Speed (samples/sec) 2808.3875 | GPU 1660.3 MB | time 0.375 s
Part 27 | Epoch 00016 | Step 00000 | Loss 0.0227 | Train Acc 0.9950 | Speed (samples/sec) 2808.2701 | GPU 1659.0 MB | time 0.382 s
Part 30 | Epoch 00016 | Step 00000 | Loss 0.0182 | Train Acc 0.9940 | Speed (samples/sec) 2807.7814 | GPU 1671.8 MB | time 0.385 s
Part 26 | Epoch 00016 | Step 00000 | Loss 0.0293 | Train Acc 0.9940 | Speed (samples/sec) 2808.9611 | GPU 1650.3 MB | time 0.386 s
Part 23 | Epoch 00016 | Step 00000 | Loss 0.0429 | Train Acc 0.9890 | Speed (samples/sec) 2809.8299 | GPU 1574.9 MB | time 0.380 s
Part 8 | Epoch 00016 | Step 00000 | Loss 0.0375 | Train Acc 0.9920 | Speed (samples/sec) 2815.7747 | GPU 1801.6 MB | time 0.380 sPart 14 | Epoch 00016 | Step 00000 | Loss 0.0337 | Train Acc 0.9890 | Speed (samples/sec) 2811.0030 | GPU 1812.9 MB | time 0.386 s

Part 15 | Epoch 00016 | Step 00000 | Loss 0.0422 | Train Acc 0.9900 | Speed (samples/sec) 2815.1932 | GPU 1793.5 MB | time 0.373 s
Part 9 | Epoch 00016 | Step 00000 | Loss 0.0328 | Train Acc 0.9940 | Speed (samples/sec) 2809.9851 | GPU 1802.2 MB | time 0.366 s
Part 11 | Epoch 00016 | Step 00000 | Loss 0.0395 | Train Acc 0.9930 | Speed (samples/sec) 2817.1602 | GPU 1804.6 MB | time 0.381 s
Part 12 | Epoch 00016 | Step 00000 | Loss 0.0439 | Train Acc 0.9920 | Speed (samples/sec) 2813.3990 | GPU 1790.8 MB | time 0.377 s
Part 13 | Epoch 00016 | Step 00000 | Loss 0.0258 | Train Acc 0.9930 | Speed (samples/sec) 2816.2793 | GPU 1801.2 MB | time 0.385 s
Part 28 | Epoch 00016 | Step 00000 | Loss 0.0352 | Train Acc 0.9930 | Speed (samples/sec) 2804.4449 | GPU 1654.9 MB | time 0.384 s
Part 10 | Epoch 00016 | Step 00000 | Loss 0.0329 | Train Acc 0.9950 | Speed (samples/sec) 2813.1412 | GPU 1799.1 MB | time 0.369 s
Part 20 | Epoch 00016 | Step 00000 | Loss 0.0365 | Train Acc 0.9920 | Speed (samples/sec) 2802.0028 | GPU 1570.6 MB | time 0.387 s
Avg train acc 0.9933
=====================
Part 1, Epoch Time(s): 2.1058
Sampling Time(s): 0.1409
Loading Time(s): 0.5214
Forward Time(s): 0.3634
Backward Time(s): 0.0724
Update Time(s): 0.0034
Emb Update Time(s): 1.0005
#seeds: 6145
#inputs: 917477
==========================================
Part 3, Epoch Time(s): 2.1019
Sampling Time(s): 0.1600
Loading Time(s): 0.5931
Forward Time(s): 0.2685
Backward Time(s): 0.0720
Update Time(s): 0.0037
Emb Update Time(s): 1.0006
#seeds: 6145
#inputs: 920552
=====================
=====================
Part 0, Epoch Time(s): 2.0691
Sampling Time(s): 0.1338
Loading Time(s): 0.5697
Forward Time(s): 0.2846
Backward Time(s): 0.0732
Update Time(s): 0.0041
Emb Update Time(s): 0.9991
#seeds: 6144
#inputs: 922148
==========================================
Part 2, Epoch Time(s): 2.1151
Sampling Time(s): 0.1469
Loading Time(s): 0.5386
Forward Time(s): 0.3494
Backward Time(s): 0.0735
Update Time(s): 0.0036
Emb Update Time(s): 0.9992
#seeds: 6144
#inputs: 921619
==========================================
Part 6, Epoch Time(s): 2.1046
Sampling Time(s): 0.1601
Loading Time(s): 0.5993
Forward Time(s): 0.2649
Backward Time(s): 0.0718
Update Time(s): 0.0040
Emb Update Time(s): 1.0007
#seeds: 6144
#inputs: 921359
==========================================
Part 7, Epoch Time(s): 2.0983
Sampling Time(s): 0.1201
Loading Time(s): 0.6209
Forward Time(s): 0.2772
Backward Time(s): 0.0715
Update Time(s): 0.0037
Emb Update Time(s): 1.0011
#seeds: 6144
#inputs: 915871
==========================================
Part 4, Epoch Time(s): 2.0987
Sampling Time(s): 0.1257
Loading Time(s): 0.5627
Forward Time(s): 0.3301
Backward Time(s): 0.0719
Update Time(s): 0.0037
Emb Update Time(s): 1.0009
#seeds: 6144
#inputs: 923811
=====================





=====================
Part 18, Epoch Time(s): 2.0852
Sampling Time(s): 0.1586
Loading Time(s): 0.6137
Forward Time(s): 0.2327
Backward Time(s): 0.0716
Update Time(s): 0.0036
Emb Update Time(s): 1.0012
#seeds: 6144
#inputs: 919618
==========================================
Part 21, Epoch Time(s): 2.0852
Sampling Time(s): 0.1439
Loading Time(s): 0.5544
Forward Time(s): 0.3068
Backward Time(s): 0.0709
Update Time(s): 0.0037
Emb Update Time(s): 1.0018
#seeds: 6145
#inputs: 913320
==========================================
Part 20, Epoch Time(s): 2.0977
Sampling Time(s): 0.1680
Loading Time(s): 0.5431
Forward Time(s): 0.3058
Backward Time(s): 0.0705
Update Time(s): 0.0043
Emb Update Time(s): 1.0018
#seeds: 6144
#inputs: 914528
==========================================
Part 16, Epoch Time(s): 2.0968
Sampling Time(s): 0.1390
Loading Time(s): 0.5993
Forward Time(s): 0.2781
Backward Time(s): 0.0721
Update Time(s): 0.0036
Emb Update Time(s): 1.0009
#seeds: 6144
#inputs: 917593
=====================
=====================
Part 19, Epoch Time(s): 2.0905
Sampling Time(s): 0.1601
Loading Time(s): 0.6098
Forward Time(s): 0.2401
Backward Time(s): 0.0707
Update Time(s): 0.0044
Emb Update Time(s): 1.0015
#seeds: 6144
#inputs: 915534
==========================================
Part 22, Epoch Time(s): 2.0856
Sampling Time(s): 0.1581
Loading Time(s): 0.6427
Forward Time(s): 0.2044
Backward Time(s): 0.0709
Update Time(s): 0.0036
Emb Update Time(s): 1.0021
#seeds: 6144
#inputs: 920560
=====================
=====================
Part 17, Epoch Time(s): 2.0696
Sampling Time(s): 0.1635
Loading Time(s): 0.5922
Forward Time(s): 0.2333
Backward Time(s): 0.0719
Update Time(s): 0.0043
Emb Update Time(s): 1.0004
#seeds: 6145
#inputs: 919899
=====================

=====================
Part 23, Epoch Time(s): 2.0903
Sampling Time(s): 0.1532
Loading Time(s): 0.5883
Forward Time(s): 0.2707
Backward Time(s): 0.0686
Update Time(s): 0.0039
Emb Update Time(s): 1.0016
#seeds: 6144
#inputs: 920142
=====================



=====================
Part 24, Epoch Time(s): 2.0859
Sampling Time(s): 0.1303
Loading Time(s): 0.6410
Forward Time(s): 0.2343
Backward Time(s): 0.0708
Update Time(s): 0.0037
Emb Update Time(s): 1.0019
#seeds: 6144
#inputs: 922706
==========================================
Part 26, Epoch Time(s): 2.0964
Sampling Time(s): 0.1419
Loading Time(s): 0.7022
Forward Time(s): 0.1717
Backward Time(s): 0.0706
Update Time(s): 0.0037
Emb Update Time(s): 1.0023
#seeds: 6144
#inputs: 917888
==========================================
Part 25, Epoch Time(s): 2.0942
Sampling Time(s): 0.1497
Loading Time(s): 0.6868
Forward Time(s): 0.1807
Backward Time(s): 0.0705
Update Time(s): 0.0039
Emb Update Time(s): 0.9988
#seeds: 6144
#inputs: 928697
=====================
=====================
Part 30, Epoch Time(s): 2.0950
Sampling Time(s): 0.1253
Loading Time(s): 0.6980
Forward Time(s): 0.1915
Backward Time(s): 0.0706
Update Time(s): 0.0037
Emb Update Time(s): 1.0023
#seeds: 6144
#inputs: 919948
==========================================
Part 27, Epoch Time(s): 2.0925
Sampling Time(s): 0.1661
Loading Time(s): 0.6761
Forward Time(s): 0.1697
Backward Time(s): 0.0705
Update Time(s): 0.0039
Emb Update Time(s): 1.0023
#seeds: 6144
#inputs: 923068
=====================
=====================
Part 29, Epoch Time(s): 2.0923
Sampling Time(s): 0.1535
Loading Time(s): 0.6904
Forward Time(s): 0.1717
Backward Time(s): 0.0695
Update Time(s): 0.0038
Emb Update Time(s): 0.9998
#seeds: 6145
#inputs: 926414
==========================================
Part 28, Epoch Time(s): 2.0942
Sampling Time(s): 0.1582
Loading Time(s): 0.6477
Forward Time(s): 0.2078
Backward Time(s): 0.0709
Update Time(s): 0.0051
Emb Update Time(s): 1.0008
#seeds: 6144
#inputs: 924911
=====================

=====================
Part 31, Epoch Time(s): 2.0934
Sampling Time(s): 0.1345
Loading Time(s): 0.6886
Forward Time(s): 0.1900
Backward Time(s): 0.0704
Update Time(s): 0.0037
Emb Update Time(s): 1.0025
#seeds: 6144
#inputs: 923085
=====================



=====================
Part 11, Epoch Time(s): 2.0917
Sampling Time(s): 0.1543
Loading Time(s): 0.7046
Forward Time(s): 0.1523
Backward Time(s): 0.0704
Update Time(s): 0.0037
Emb Update Time(s): 1.0025
#seeds: 6144
#inputs: 935854
==========================================
Part 13, Epoch Time(s): 2.0957
Sampling Time(s): 0.1432
Loading Time(s): 0.6876
Forward Time(s): 0.1844
Backward Time(s): 0.0708
Update Time(s): 0.0040
Emb Update Time(s): 1.0018
#seeds: 6144
#inputs: 935157
==========================================
Part 14, Epoch Time(s): 2.0965
Sampling Time(s): 0.1298
Loading Time(s): 0.7262
Forward Time(s): 0.1635
Backward Time(s): 0.0700
Update Time(s): 0.0036
Emb Update Time(s): 0.9997
#seeds: 6145
#inputs: 930755
==========================================
Part 8, Epoch Time(s): 2.0904
Sampling Time(s): 0.1521
Loading Time(s): 0.7002
Forward Time(s): 0.1607
Backward Time(s): 0.0705
Update Time(s): 0.0037
Emb Update Time(s): 0.9994
#seeds: 6145
#inputs: 932247
==========================================
Part 9, Epoch Time(s): 2.0762
Sampling Time(s): 0.1281
Loading Time(s): 0.7236
Forward Time(s): 0.1476
Backward Time(s): 0.0709
Update Time(s): 0.0037
Emb Update Time(s): 0.9985
#seeds: 6144
#inputs: 936157
==========================================
Part 10, Epoch Time(s): 2.0789
Sampling Time(s): 0.1435
Loading Time(s): 0.7277
Forward Time(s): 0.1277
Backward Time(s): 0.0710
Update Time(s): 0.0039
Emb Update Time(s): 1.0011
#seeds: 6144
#inputs: 935159
=====================





=====================
Part 15, Epoch Time(s): 2.0833
Sampling Time(s): 0.1500
Loading Time(s): 0.6738
Forward Time(s): 0.1792
Backward Time(s): 0.0707
Update Time(s): 0.0040
Emb Update Time(s): 1.0019
#seeds: 6144
#inputs: 934315
=====================
=====================
Part 12, Epoch Time(s): 2.0878
Sampling Time(s): 0.1384
Loading Time(s): 0.7064
Forward Time(s): 0.1668
Backward Time(s): 0.0686
Update Time(s): 0.0041
Emb Update Time(s): 0.9995
#seeds: 6144
#inputs: 928171
=====================
=====================
Part 5, Epoch Time(s): 2.0895
Sampling Time(s): 0.1718
Loading Time(s): 0.5925
Forward Time(s): 0.2453
Backward Time(s): 0.0718
Update Time(s): 0.0045
Emb Update Time(s): 0.9992
#seeds: 6144
#inputs: 918528
=====================
|V|=2449029, eval batch size: 100000
|V|=2449029, eval batch size: 100000
|V|=2449029, eval batch size: 100000
|V|=2449029, eval batch size: 100000
|V|=2449029, eval batch size: 100000
|V|=2449029, eval batch size: 100000
|V|=2449029, eval batch size: 100000
|V|=2449029, eval batch size: 100000
|V|=2449029, eval batch size: 100000
|V|=2449029, eval batch size: 100000
|V|=2449029, eval batch size: 100000
|V|=2449029, eval batch size: 100000
|V|=2449029, eval batch size: 100000
|V|=2449029, eval batch size: 100000
|V|=2449029, eval batch size: 100000
|V|=2449029, eval batch size: 100000
|V|=2449029, eval batch size: 100000
|V|=2449029, eval batch size: 100000
|V|=2449029, eval batch size: 100000
|V|=2449029, eval batch size: 100000
|V|=2449029, eval batch size: 100000
|V|=2449029, eval batch size: 100000
|V|=2449029, eval batch size: 100000
|V|=2449029, eval batch size: 100000
|V|=2449029, eval batch size: 100000
|V|=2449029, eval batch size: 100000
|V|=2449029, eval batch size: 100000
|V|=2449029, eval batch size: 100000
|V|=2449029, eval batch size: 100000
|V|=2449029, eval batch size: 100000
|V|=2449029, eval batch size: 100000
|V|=2449029, eval batch size: 100000
|V|=2449029, eval batch size: 100000
|V|=2449029, eval batch size: 100000
|V|=2449029, eval batch size: 100000
|V|=2449029, eval batch size: 100000
|V|=2449029, eval batch size: 100000
|V|=2449029, eval batch size: 100000
|V|=2449029, eval batch size: 100000
|V|=2449029, eval batch size: 100000
|V|=2449029, eval batch size: 100000
|V|=2449029, eval batch size: 100000
|V|=2449029, eval batch size: 100000
|V|=2449029, eval batch size: 100000
|V|=2449029, eval batch size: 100000|V|=2449029, eval batch size: 100000

|V|=2449029, eval batch size: 100000
|V|=2449029, eval batch size: 100000|V|=2449029, eval batch size: 100000|V|=2449029, eval batch size: 100000


|V|=2449029, eval batch size: 100000
|V|=2449029, eval batch size: 100000
|V|=2449029, eval batch size: 100000
|V|=2449029, eval batch size: 100000
|V|=2449029, eval batch size: 100000
|V|=2449029, eval batch size: 100000|V|=2449029, eval batch size: 100000

|V|=2449029, eval batch size: 100000
|V|=2449029, eval batch size: 100000
|V|=2449029, eval batch size: 100000
|V|=2449029, eval batch size: 100000
|V|=2449029, eval batch size: 100000
|V|=2449029, eval batch size: 100000
|V|=2449029, eval batch size: 100000
Part 1, Val Acc 0.9406, Test Acc 0.7703, time: 4.9941
Part 2, Val Acc 0.9487, Test Acc 0.7672, time: 4.9945
Part 25, Val Acc 0.9096, Test Acc 0.7246, time: 4.9990
Part 28, Val Acc 0.9300, Test Acc 0.7268, time: 5.0024
Part 20, Val Acc 0.8876, Test Acc 0.7223, time: 5.0056
Part 7, Val Acc 0.9447, Test Acc 0.7686, time: 5.0069
Part 6, Val Acc 0.9463, Test Acc 0.7688, time: 5.0071
Part 24, Val Acc 0.9113, Test Acc 0.7253, time: 5.0068
Part 0, Val Acc 0.9520, Test Acc 0.7686, time: 5.0072
Part 26, Val Acc 0.9283, Test Acc 0.7230, time: 5.0077
Part 27, Val Acc 0.9146, Test Acc 0.7245, time: 5.0088
Part 30, Val Acc 0.9138, Test Acc 0.7242, time: 5.0106
Part 31, Val Acc 0.9089, Test Acc 0.7248, time: 5.0106Part 3, Val Acc 0.9569, Test Acc 0.7716, time: 5.0109
Part 29, Val Acc 0.9227, Test Acc 0.7243, time: 5.0107
Part 4, Val Acc 0.9430, Test Acc 0.7710, time: 5.0110

Part 5, Val Acc 0.9349, Test Acc 0.7682, time: 5.0112
Part 15, Val Acc 0.8959, Test Acc 0.7004, time: 5.0132
Part 14, Val Acc 0.8771, Test Acc 0.6984, time: 5.0138
Part 9, Val Acc 0.8999, Test Acc 0.6961, time: 5.0140
Part 13, Val Acc 0.9007, Test Acc 0.6972, time: 5.0148
Part 23, Val Acc 0.9015, Test Acc 0.7190, time: 5.0157
Part 11, Val Acc 0.8983, Test Acc 0.6956, time: 5.0175
Part 19, Val Acc 0.8910, Test Acc 0.7204, time: 5.0206
Part 12, Val Acc 0.8876, Test Acc 0.6959, time: 5.0210
Part 18, Val Acc 0.8918, Test Acc 0.7214, time: 5.0221
Part 10, Val Acc 0.9007, Test Acc 0.6993, time: 5.0237
Part 21, Val Acc 0.8910, Test Acc 0.7203, time: 5.0243
Part 22, Val Acc 0.9081, Test Acc 0.7199, time: 5.0248
Part 16, Val Acc 0.8975, Test Acc 0.7224, time: 5.0253
Part 8, Val Acc 0.9081, Test Acc 0.6994, time: 5.0365
Part 17, Val Acc 0.8755, Test Acc 0.7215, time: 5.0373
All parts avg val acc 0.9131, test acc 0.7282
Part 1 | Epoch 00017 | Step 00000 | Loss 0.0183 | Train Acc 0.9960 | Speed (samples/sec) 2807.5569 | GPU 1531.0 MB | time 0.401 sPart 7 | Epoch 00017 | Step 00000 | Loss 0.0223 | Train Acc 0.9950 | Speed (samples/sec) 2808.8361 | GPU 1532.4 MB | time 0.389 sPart 0 | Epoch 00017 | Step 00000 | Loss 0.0215 | Train Acc 0.9970 | Speed (samples/sec) 2838.4181 | GPU 1533.4 MB | time 0.357 s
Part 6 | Epoch 00017 | Step 00000 | Loss 0.0129 | Train Acc 0.9970 | Speed (samples/sec) 2805.6939 | GPU 1538.8 MB | time 0.388 sPart 3 | Epoch 00017 | Step 00000 | Loss 0.0379 | Train Acc 0.9920 | Speed (samples/sec) 2810.9183 | GPU 1536.4 MB | time 0.385 s

Part 4 | Epoch 00017 | Step 00000 | Loss 0.0109 | Train Acc 0.9970 | Speed (samples/sec) 2809.7409 | GPU 1537.6 MB | time 0.385 s


Part 2 | Epoch 00017 | Step 00000 | Loss 0.0203 | Train Acc 0.9980 | Speed (samples/sec) 2799.9678 | GPU 1528.8 MB | time 0.401 s
Part 5 | Epoch 00017 | Step 00000 | Loss 0.0178 | Train Acc 0.9970 | Speed (samples/sec) 2811.2408 | GPU 1548.6 MB | time 0.383 s
Part 21 | Epoch 00017 | Step 00000 | Loss 0.0466 | Train Acc 0.9900 | Speed (samples/sec) 2821.1120 | GPU 1574.0 MB | time 0.371 sPart 18 | Epoch 00017 | Step 00000 | Loss 0.0324 | Train Acc 0.9920 | Speed (samples/sec) 2818.0729 | GPU 1564.1 MB | time 0.373 sPart 23 | Epoch 00017 | Step 00000 | Loss 0.0482 | Train Acc 0.9890 | Speed (samples/sec) 2819.3390 | GPU 1574.9 MB | time 0.380 sPart 20 | Epoch 00017 | Step 00000 | Loss 0.0416 | Train Acc 0.9900 | Speed (samples/sec) 2811.4244 | GPU 1570.6 MB | time 0.390 s



Part 16 | Epoch 00017 | Step 00000 | Loss 0.0386 | Train Acc 0.9900 | Speed (samples/sec) 2815.5586 | GPU 1578.3 MB | time 0.370 sPart 22 | Epoch 00017 | Step 00000 | Loss 0.0409 | Train Acc 0.9910 | Speed (samples/sec) 2815.0423 | GPU 1577.3 MB | time 0.371 s

Part 17 | Epoch 00017 | Step 00000 | Loss 0.0267 | Train Acc 0.9940 | Speed (samples/sec) 2823.3688 | GPU 1570.1 MB | time 0.357 s
Part 31 | Epoch 00017 | Step 00000 | Loss 0.0198 | Train Acc 0.9970 | Speed (samples/sec) 2816.6773 | GPU 1665.3 MB | time 0.385 sPart 25 | Epoch 00017 | Step 00000 | Loss 0.0214 | Train Acc 0.9960 | Speed (samples/sec) 2817.4030 | GPU 1657.6 MB | time 0.397 sPart 29 | Epoch 00017 | Step 00000 | Loss 0.0195 | Train Acc 0.9970 | Speed (samples/sec) 2821.5671 | GPU 1660.6 MB | time 0.385 s


Part 30 | Epoch 00017 | Step 00000 | Loss 0.0144 | Train Acc 0.9980 | Speed (samples/sec) 2817.1015 | GPU 1672.0 MB | time 0.385 s
Part 26 | Epoch 00017 | Step 00000 | Loss 0.0189 | Train Acc 0.9940 | Speed (samples/sec) 2818.0464 | GPU 1650.3 MB | time 0.388 s
Part 27 | Epoch 00017 | Step 00000 | Loss 0.0224 | Train Acc 0.9960 | Speed (samples/sec) 2817.4517 | GPU 1659.0 MB | time 0.387 s
Part 28 | Epoch 00017 | Step 00000 | Loss 0.0160 | Train Acc 0.9950 | Speed (samples/sec) 2813.5134 | GPU 1654.9 MB | time 0.393 s
Part 9 | Epoch 00017 | Step 00000 | Loss 0.0374 | Train Acc 0.9920 | Speed (samples/sec) 2819.3624 | GPU 1802.2 MB | time 0.382 sPart 8 | Epoch 00017 | Step 00000 | Loss 0.0396 | Train Acc 0.9900 | Speed (samples/sec) 2826.2425 | GPU 1801.6 MB | time 0.359 s

Part 15 | Epoch 00017 | Step 00000 | Loss 0.0332 | Train Acc 0.9910 | Speed (samples/sec) 2824.2044 | GPU 1793.5 MB | time 0.382 sPart 12 | Epoch 00017 | Step 00000 | Loss 0.0205 | Train Acc 0.9960 | Speed (samples/sec) 2822.9875 | GPU 1790.8 MB | time 0.375 sPart 13 | Epoch 00017 | Step 00000 | Loss 0.0250 | Train Acc 0.9930 | Speed (samples/sec) 2825.3315 | GPU 1801.2 MB | time 0.381 sPart 14 | Epoch 00017 | Step 00000 | Loss 0.0417 | Train Acc 0.9900 | Speed (samples/sec) 2820.3579 | GPU 1812.9 MB | time 0.381 s



Part 10 | Epoch 00017 | Step 00000 | Loss 0.0297 | Train Acc 0.9930 | Speed (samples/sec) 2822.9582 | GPU 1799.1 MB | time 0.372 s
Part 19 | Epoch 00017 | Step 00000 | Loss 0.0364 | Train Acc 0.9910 | Speed (samples/sec) 2820.7754 | GPU 1568.7 MB | time 0.375 s
Part 11 | Epoch 00017 | Step 00000 | Loss 0.0556 | Train Acc 0.9870 | Speed (samples/sec) 2826.3233 | GPU 1804.6 MB | time 0.378 s
Part 24 | Epoch 00017 | Step 00000 | Loss 0.0199 | Train Acc 0.9970 | Speed (samples/sec) 2817.4543 | GPU 1660.3 MB | time 0.389 s
Avg train acc 0.9937
=====================
Part 1, Epoch Time(s): 2.2292
Sampling Time(s): 0.1452
Loading Time(s): 0.5265
Forward Time(s): 0.3008
Backward Time(s): 0.0734
Update Time(s): 0.0035
Emb Update Time(s): 1.1761
#seeds: 6145
#inputs: 916517
==========================================
Part 0, Epoch Time(s): 2.1844
Sampling Time(s): 0.1700
Loading Time(s): 0.6027
Forward Time(s): 0.1577
Backward Time(s): 0.0727
Update Time(s): 0.0035
Emb Update Time(s): 1.1733
#seeds: 6144
#inputs: 922409
==========================================
Part 3, Epoch Time(s): 2.2124
Sampling Time(s): 0.1361
Loading Time(s): 0.5996
Forward Time(s): 0.2176
Backward Time(s): 0.0733
Update Time(s): 0.0046
Emb Update Time(s): 1.1774
#seeds: 6145
#inputs: 918761
=====================

=====================
Part 2, Epoch Time(s): 2.2288
Sampling Time(s): 0.1383
Loading Time(s): 0.5703
Forward Time(s): 0.2634
Backward Time(s): 0.0738
Update Time(s): 0.0036
Emb Update Time(s): 1.1755
#seeds: 6144
#inputs: 924598
=====================
=====================
Part 4, Epoch Time(s): 2.2124
Sampling Time(s): 0.1277
Loading Time(s): 0.5212
Forward Time(s): 0.3067
Backward Time(s): 0.0731
Update Time(s): 0.0035
Emb Update Time(s): 1.1764
#seeds: 6144
#inputs: 923408
==========================================
Part 7, Epoch Time(s): 2.2165
Sampling Time(s): 0.1405
Loading Time(s): 0.5895
Forward Time(s): 0.2296
Backward Time(s): 0.0728
Update Time(s): 0.0036
Emb Update Time(s): 1.1766
#seeds: 6144
#inputs: 919557
=====================


=====================
Part 6, Epoch Time(s): 2.2163
Sampling Time(s): 0.1567
Loading Time(s): 0.6132
Forward Time(s): 0.1894
Backward Time(s): 0.0729
Update Time(s): 0.0039
Emb Update Time(s): 1.1762
#seeds: 6144
#inputs: 920495
=====================
=====================
Part 5, Epoch Time(s): 2.2105
Sampling Time(s): 0.1440
Loading Time(s): 0.5945
Forward Time(s): 0.2143
Backward Time(s): 0.0729
Update Time(s): 0.0051
Emb Update Time(s): 1.1754
#seeds: 6144
#inputs: 919440
=====================
=====================
Part 20, Epoch Time(s): 2.2175
Sampling Time(s): 0.1676
Loading Time(s): 0.5703
Forward Time(s): 0.2236
Backward Time(s): 0.0718
Update Time(s): 0.0044
Emb Update Time(s): 1.1761
#seeds: 6144
#inputs: 913747
==========================================
Part 16, Epoch Time(s): 2.1977
Sampling Time(s): 0.1361
Loading Time(s): 0.5549
Forward Time(s): 0.2497
Backward Time(s): 0.0735
Update Time(s): 0.0035
Emb Update Time(s): 1.1763
#seeds: 6144
#inputs: 917125
==========================================
Part 18, Epoch Time(s): 2.2011
Sampling Time(s): 0.1539
Loading Time(s): 0.5789
Forward Time(s): 0.2115
Backward Time(s): 0.0728
Update Time(s): 0.0037
Emb Update Time(s): 1.1766
#seeds: 6144
#inputs: 919059
==========================================
Part 21, Epoch Time(s): 2.1990
Sampling Time(s): 0.1344
Loading Time(s): 0.6120
Forward Time(s): 0.1957
Backward Time(s): 0.0725
Update Time(s): 0.0040
Emb Update Time(s): 1.1766
#seeds: 6145
#inputs: 913625
==========================================
Part 22, Epoch Time(s): 2.1984
Sampling Time(s): 0.1286
Loading Time(s): 0.6387
Forward Time(s): 0.1742
Backward Time(s): 0.0723
Update Time(s): 0.0036
Emb Update Time(s): 1.1772
#seeds: 6144
#inputs: 920292
==========================================
Part 23, Epoch Time(s): 2.2077
Sampling Time(s): 0.1425
Loading Time(s): 0.6373
Forward Time(s): 0.1710
Backward Time(s): 0.0722
Update Time(s): 0.0037
Emb Update Time(s): 1.1772
#seeds: 6144
#inputs: 917531
=====================


=====================
Part 19, Epoch Time(s): 2.2025
Sampling Time(s): 0.1733
Loading Time(s): 0.6225
Forward Time(s): 0.1517
Backward Time(s): 0.0729
Update Time(s): 0.0055
Emb Update Time(s): 1.1727
#seeds: 6144
#inputs: 917300
==========================================
Part 17, Epoch Time(s): 2.1848
Sampling Time(s): 0.1353
Loading Time(s): 0.5776
Forward Time(s): 0.2147
Backward Time(s): 0.0742
Update Time(s): 0.0044
Emb Update Time(s): 1.1747
#seeds: 6145
#inputs: 920938
=====================




=====================
Part 26, Epoch Time(s): 2.2157
Sampling Time(s): 0.1303
Loading Time(s): 0.6253
Forward Time(s): 0.2030
Backward Time(s): 0.0718
Update Time(s): 0.0035
Emb Update Time(s): 1.1779
#seeds: 6144
#inputs: 919053
==========================================
Part 27, Epoch Time(s): 2.2147
Sampling Time(s): 0.1425
Loading Time(s): 0.6397
Forward Time(s): 0.1755
Backward Time(s): 0.0728
Update Time(s): 0.0037
Emb Update Time(s): 1.1768
#seeds: 6144
#inputs: 924748
==========================================
Part 24, Epoch Time(s): 2.2165
Sampling Time(s): 0.1483
Loading Time(s): 0.6307
Forward Time(s): 0.1822
Backward Time(s): 0.0704
Update Time(s): 0.0038
Emb Update Time(s): 1.1771
#seeds: 6144
#inputs: 924496
==========================================
Part 30, Epoch Time(s): 2.2127
Sampling Time(s): 0.1207
Loading Time(s): 0.6502
Forward Time(s): 0.1850
Backward Time(s): 0.0713
Update Time(s): 0.0035
Emb Update Time(s): 1.1782
#seeds: 6144
#inputs: 922338
==========================================
Part 25, Epoch Time(s): 2.2244
Sampling Time(s): 0.1330
Loading Time(s): 0.6674
Forward Time(s): 0.1675
Backward Time(s): 0.0717
Update Time(s): 0.0037
Emb Update Time(s): 1.1775
#seeds: 6144
#inputs: 927542
=====================

=====================
Part 28, Epoch Time(s): 2.2209
Sampling Time(s): 0.1570
Loading Time(s): 0.6793
Forward Time(s): 0.1312
Backward Time(s): 0.0715
Update Time(s): 0.0050
Emb Update Time(s): 1.1731
#seeds: 6144
#inputs: 924433
=====================



=====================
Part 31, Epoch Time(s): 2.2127
Sampling Time(s): 0.1330
Loading Time(s): 0.6944
Forward Time(s): 0.1319
Backward Time(s): 0.0705
Update Time(s): 0.0039
Emb Update Time(s): 1.1753
#seeds: 6144
#inputs: 920528
==========================================
Part 29, Epoch Time(s): 2.2128
Sampling Time(s): 0.1321
Loading Time(s): 0.7019
Forward Time(s): 0.1237
Backward Time(s): 0.0712
Update Time(s): 0.0040
Emb Update Time(s): 1.1762
#seeds: 6145
#inputs: 928239
=====================

=====================
Part 8, Epoch Time(s): 2.1868
Sampling Time(s): 0.1321
Loading Time(s): 0.6933
Forward Time(s): 0.1079
Backward Time(s): 0.0681
Update Time(s): 0.0039
Emb Update Time(s): 1.1778
#seeds: 6145
#inputs: 934345
==========================================
Part 13, Epoch Time(s): 2.2086
Sampling Time(s): 0.1638
Loading Time(s): 0.6989
Forward Time(s): 0.0938
Backward Time(s): 0.0707
Update Time(s): 0.0039
Emb Update Time(s): 1.1737
#seeds: 6144
#inputs: 933484
==========================================
Part 10, Epoch Time(s): 2.1994
Sampling Time(s): 0.1424
Loading Time(s): 0.6953
Forward Time(s): 0.1048
Backward Time(s): 0.0712
Update Time(s): 0.0037
Emb Update Time(s): 1.1783
#seeds: 6144
#inputs: 934722
==========================================
Part 9, Epoch Time(s): 2.2094
Sampling Time(s): 0.1335
Loading Time(s): 0.6351
Forward Time(s): 0.1839
Backward Time(s): 0.0716
Update Time(s): 0.0038
Emb Update Time(s): 1.1778
#seeds: 6144
#inputs: 936077
==========================================
Part 11, Epoch Time(s): 2.2058
Sampling Time(s): 0.1518
Loading Time(s): 0.6967
Forward Time(s): 0.0992
Backward Time(s): 0.0717
Update Time(s): 0.0040
Emb Update Time(s): 1.1777
#seeds: 6144
#inputs: 934324
=====================
=====================
Part 12, Epoch Time(s): 2.2024
Sampling Time(s): 0.1397
Loading Time(s): 0.6924
Forward Time(s): 0.1169
Backward Time(s): 0.0702
Update Time(s): 0.0041
Emb Update Time(s): 1.1753
#seeds: 6144
#inputs: 927685
==========================================
Part 14, Epoch Time(s): 2.2092
Sampling Time(s): 0.1516
Loading Time(s): 0.6787
Forward Time(s): 0.1226
Backward Time(s): 0.0707
Update Time(s): 0.0038
Emb Update Time(s): 1.1780
#seeds: 6145
#inputs: 931929
=====================

=====================
Part 15, Epoch Time(s): 2.2102
Sampling Time(s): 0.1583
Loading Time(s): 0.7538
Forward Time(s): 0.0488
Backward Time(s): 0.0704
Update Time(s): 0.0038
Emb Update Time(s): 1.1714
#seeds: 6144
#inputs: 934256
=====================




|V|=2449029, eval batch size: 100000
|V|=2449029, eval batch size: 100000
|V|=2449029, eval batch size: 100000
|V|=2449029, eval batch size: 100000
|V|=2449029, eval batch size: 100000
|V|=2449029, eval batch size: 100000
|V|=2449029, eval batch size: 100000
|V|=2449029, eval batch size: 100000
|V|=2449029, eval batch size: 100000
|V|=2449029, eval batch size: 100000
|V|=2449029, eval batch size: 100000
|V|=2449029, eval batch size: 100000
|V|=2449029, eval batch size: 100000
|V|=2449029, eval batch size: 100000
|V|=2449029, eval batch size: 100000
|V|=2449029, eval batch size: 100000
|V|=2449029, eval batch size: 100000
|V|=2449029, eval batch size: 100000
|V|=2449029, eval batch size: 100000
|V|=2449029, eval batch size: 100000
|V|=2449029, eval batch size: 100000
|V|=2449029, eval batch size: 100000
|V|=2449029, eval batch size: 100000
|V|=2449029, eval batch size: 100000
|V|=2449029, eval batch size: 100000
|V|=2449029, eval batch size: 100000
|V|=2449029, eval batch size: 100000
|V|=2449029, eval batch size: 100000
|V|=2449029, eval batch size: 100000
|V|=2449029, eval batch size: 100000
|V|=2449029, eval batch size: 100000
|V|=2449029, eval batch size: 100000
|V|=2449029, eval batch size: 100000|V|=2449029, eval batch size: 100000|V|=2449029, eval batch size: 100000|V|=2449029, eval batch size: 100000|V|=2449029, eval batch size: 100000




|V|=2449029, eval batch size: 100000
|V|=2449029, eval batch size: 100000
|V|=2449029, eval batch size: 100000
|V|=2449029, eval batch size: 100000
|V|=2449029, eval batch size: 100000
|V|=2449029, eval batch size: 100000
|V|=2449029, eval batch size: 100000
|V|=2449029, eval batch size: 100000
|V|=2449029, eval batch size: 100000|V|=2449029, eval batch size: 100000|V|=2449029, eval batch size: 100000


|V|=2449029, eval batch size: 100000
|V|=2449029, eval batch size: 100000
|V|=2449029, eval batch size: 100000|V|=2449029, eval batch size: 100000|V|=2449029, eval batch size: 100000


|V|=2449029, eval batch size: 100000
|V|=2449029, eval batch size: 100000
|V|=2449029, eval batch size: 100000
|V|=2449029, eval batch size: 100000
|V|=2449029, eval batch size: 100000
|V|=2449029, eval batch size: 100000
|V|=2449029, eval batch size: 100000
|V|=2449029, eval batch size: 100000
|V|=2449029, eval batch size: 100000
|V|=2449029, eval batch size: 100000
|V|=2449029, eval batch size: 100000
Part 2, Val Acc 0.9496, Test Acc 0.7683, time: 4.6219
Part 1, Val Acc 0.9406, Test Acc 0.7718, time: 4.6264
Part 6, Val Acc 0.9455, Test Acc 0.7697, time: 4.6315
Part 25, Val Acc 0.9088, Test Acc 0.7262, time: 4.6326
Part 26, Val Acc 0.9283, Test Acc 0.7245, time: 4.6330
Part 27, Val Acc 0.9170, Test Acc 0.7267, time: 4.6335
Part 7, Val Acc 0.9422, Test Acc 0.7697, time: 4.6347
Part 12, Val Acc 0.8884, Test Acc 0.6979, time: 4.6370
Part 29, Val Acc 0.9243, Test Acc 0.7259, time: 4.6382
Part 4, Val Acc 0.9430, Test Acc 0.7724, time: 4.6386
Part 24, Val Acc 0.9121, Test Acc 0.7271, time: 4.6387
Part 3, Val Acc 0.9569, Test Acc 0.7727, time: 4.6393
Part 5, Val Acc 0.9349, Test Acc 0.7692, time: 4.6394
Part 18, Val Acc 0.8910, Test Acc 0.7228, time: 4.6394
Part 20, Val Acc 0.8909, Test Acc 0.7237, time: 4.6401
Part 0, Val Acc 0.9504, Test Acc 0.7700, time: 4.6408
Part 22, Val Acc 0.9097, Test Acc 0.7218, time: 4.6423
Part 11, Val Acc 0.8975, Test Acc 0.6974, time: 4.6423
Part 31, Val Acc 0.9105, Test Acc 0.7265, time: 4.6432
Part 30, Val Acc 0.9154, Test Acc 0.7260, time: 4.6441
Part 17, Val Acc 0.8788, Test Acc 0.7231, time: 4.6445
Part 16, Val Acc 0.8967, Test Acc 0.7241, time: 4.6449
Part 28, Val Acc 0.9300, Test Acc 0.7284, time: 4.6450
Part 13, Val Acc 0.9040, Test Acc 0.6990, time: 4.6472
Part 23, Val Acc 0.9040, Test Acc 0.7203, time: 4.6475
Part 9, Val Acc 0.9015, Test Acc 0.6981, time: 4.6480
Part 15, Val Acc 0.8959, Test Acc 0.7020, time: 4.6481
Part 21, Val Acc 0.8926, Test Acc 0.7218, time: 4.6491
Part 14, Val Acc 0.8779, Test Acc 0.7004, time: 4.6510
Part 8, Val Acc 0.9081, Test Acc 0.7012, time: 4.6533
Part 19, Val Acc 0.8918, Test Acc 0.7222, time: 4.6575
Part 10, Val Acc 0.9015, Test Acc 0.7008, time: 4.6584
All parts avg val acc 0.9137, test acc 0.7297
Part 1 | Epoch 00018 | Step 00000 | Loss 0.0123 | Train Acc 0.9980 | Speed (samples/sec) 2808.5855 | GPU 1531.0 MB | time 0.387 sPart 2 | Epoch 00018 | Step 00000 | Loss 0.0216 | Train Acc 0.9960 | Speed (samples/sec) 2801.0952 | GPU 1528.8 MB | time 0.391 s

Part 4 | Epoch 00018 | Step 00000 | Loss 0.0136 | Train Acc 0.9970 | Speed (samples/sec) 2811.2257 | GPU 1537.6 MB | time 0.374 s
Part 3 | Epoch 00018 | Step 00000 | Loss 0.0275 | Train Acc 0.9940 | Speed (samples/sec) 2812.6643 | GPU 1536.4 MB | time 0.374 s
Part 7 | Epoch 00018 | Step 00000 | Loss 0.0139 | Train Acc 0.9960 | Speed (samples/sec) 2810.1624 | GPU 1532.4 MB | time 0.378 sPart 0 | Epoch 00018 | Step 00000 | Loss 0.0267 | Train Acc 0.9940 | Speed (samples/sec) 2839.6342 | GPU 1533.4 MB | time 0.354 s

Part 6 | Epoch 00018 | Step 00000 | Loss 0.0253 | Train Acc 0.9950 | Speed (samples/sec) 2807.0370 | GPU 1538.8 MB | time 0.381 s
Part 5 | Epoch 00018 | Step 00000 | Loss 0.0287 | Train Acc 0.9930 | Speed (samples/sec) 2812.7795 | GPU 1548.6 MB | time 0.372 s
Part 18 | Epoch 00018 | Step 00000 | Loss 0.0463 | Train Acc 0.9880 | Speed (samples/sec) 2819.1314 | GPU 1564.1 MB | time 0.374 sPart 21 | Epoch 00018 | Step 00000 | Loss 0.0332 | Train Acc 0.9920 | Speed (samples/sec) 2822.6839 | GPU 1574.0 MB | time 0.364 s

Part 16 | Epoch 00018 | Step 00000 | Loss 0.0386 | Train Acc 0.9950 | Speed (samples/sec) 2817.0834 | GPU 1578.3 MB | time 0.368 s
Part 22 | Epoch 00018 | Step 00000 | Loss 0.0480 | Train Acc 0.9900 | Speed (samples/sec) 2816.4488 | GPU 1577.3 MB | time 0.371 s
Part 17 | Epoch 00018 | Step 00000 | Loss 0.0214 | Train Acc 0.9980 | Speed (samples/sec) 2824.5719 | GPU 1570.1 MB | time 0.368 s
Part 31 | Epoch 00018 | Step 00000 | Loss 0.0121 | Train Acc 0.9990 | Speed (samples/sec) 2818.0256 | GPU 1665.3 MB | time 0.370 sPart 29 | Epoch 00018 | Step 00000 | Loss 0.0213 | Train Acc 0.9950 | Speed (samples/sec) 2822.4532 | GPU 1660.6 MB | time 0.375 sPart 25 | Epoch 00018 | Step 00000 | Loss 0.0160 | Train Acc 0.9960 | Speed (samples/sec) 2818.1229 | GPU 1657.6 MB | time 0.380 s


Part 30 | Epoch 00018 | Step 00000 | Loss 0.0256 | Train Acc 0.9950 | Speed (samples/sec) 2818.4929 | GPU 1672.3 MB | time 0.369 s
Part 26 | Epoch 00018 | Step 00000 | Loss 0.0187 | Train Acc 0.9950 | Speed (samples/sec) 2818.7520 | GPU 1650.3 MB | time 0.380 sPart 24 | Epoch 00018 | Step 00000 | Loss 0.0183 | Train Acc 0.9970 | Speed (samples/sec) 2818.5392 | GPU 1660.3 MB | time 0.374 s

Part 27 | Epoch 00018 | Step 00000 | Loss 0.0178 | Train Acc 0.9930 | Speed (samples/sec) 2818.2168 | GPU 1659.0 MB | time 0.379 s
Part 9 | Epoch 00018 | Step 00000 | Loss 0.0243 | Train Acc 0.9960 | Speed (samples/sec) 2820.8561 | GPU 1803.3 MB | time 0.365 sPart 8 | Epoch 00018 | Step 00000 | Loss 0.0378 | Train Acc 0.9920 | Speed (samples/sec) 2827.7794 | GPU 1801.6 MB | time 0.360 sPart 14 | Epoch 00018 | Step 00000 | Loss 0.0206 | Train Acc 0.9980 | Speed (samples/sec) 2822.0763 | GPU 1812.9 MB | time 0.362 s


Part 12 | Epoch 00018 | Step 00000 | Loss 0.0287 | Train Acc 0.9930 | Speed (samples/sec) 2823.6630 | GPU 1790.8 MB | time 0.376 s
Part 15 | Epoch 00018 | Step 00000 | Loss 0.0337 | Train Acc 0.9910 | Speed (samples/sec) 2825.4455 | GPU 1793.5 MB | time 0.365 sPart 13 | Epoch 00018 | Step 00000 | Loss 0.0256 | Train Acc 0.9940 | Speed (samples/sec) 2826.4914 | GPU 1801.2 MB | time 0.365 s

Part 11 | Epoch 00018 | Step 00000 | Loss 0.0326 | Train Acc 0.9930 | Speed (samples/sec) 2827.2137 | GPU 1804.6 MB | time 0.371 s
Part 10 | Epoch 00018 | Step 00000 | Loss 0.0286 | Train Acc 0.9940 | Speed (samples/sec) 2824.8920 | GPU 1799.1 MB | time 0.354 s
Part 20 | Epoch 00018 | Step 00000 | Loss 0.0249 | Train Acc 0.9940 | Speed (samples/sec) 2812.9601 | GPU 1570.6 MB | time 0.372 s
Part 19 | Epoch 00018 | Step 00000 | Loss 0.0377 | Train Acc 0.9890 | Speed (samples/sec) 2822.8412 | GPU 1568.7 MB | time 0.355 s
Part 23 | Epoch 00018 | Step 00000 | Loss 0.0257 | Train Acc 0.9950 | Speed (samples/sec) 2820.8132 | GPU 1574.9 MB | time 0.365 s
Part 28 | Epoch 00018 | Step 00000 | Loss 0.0243 | Train Acc 0.9960 | Speed (samples/sec) 2815.1653 | GPU 1654.9 MB | time 0.368 s
Avg train acc 0.9944
=====================
Part 1, Epoch Time(s): 1.9014
Sampling Time(s): 0.1445
Loading Time(s): 0.5324
Forward Time(s): 0.3665
Backward Time(s): 0.0779
Update Time(s): 0.0034
Emb Update Time(s): 0.7732
#seeds: 6145
#inputs: 915927
==========================================
Part 0, Epoch Time(s): 1.8687
Sampling Time(s): 0.1411
Loading Time(s): 0.6189
Forward Time(s): 0.2498
Backward Time(s): 0.0780
Update Time(s): 0.0035
Emb Update Time(s): 0.7730
#seeds: 6144
#inputs: 924000
==========================================
Part 2, Epoch Time(s): 1.9059
Sampling Time(s): 0.1472
Loading Time(s): 0.5773
Forward Time(s): 0.3233
Backward Time(s): 0.0777
Update Time(s): 0.0036
Emb Update Time(s): 0.7732
#seeds: 6144
#inputs: 923809
==========================================
Part 3, Epoch Time(s): 1.8884
Sampling Time(s): 0.2015
Loading Time(s): 0.5804
Forward Time(s): 0.2484
Backward Time(s): 0.0776
Update Time(s): 0.0035
Emb Update Time(s): 0.7735
#seeds: 6145
#inputs: 919730
=====================



=====================
Part 7, Epoch Time(s): 1.8931
Sampling Time(s): 0.1274
Loading Time(s): 0.5996
Forward Time(s): 0.3081
Backward Time(s): 0.0767
Update Time(s): 0.0041
Emb Update Time(s): 0.7735
#seeds: 6144
#inputs: 917776
==========================================
Part 5, Epoch Time(s): 1.8872
Sampling Time(s): 0.1744
Loading Time(s): 0.5813
Forward Time(s): 0.2730
Backward Time(s): 0.0774
Update Time(s): 0.0044
Emb Update Time(s): 0.7729
#seeds: 6144
#inputs: 917048
==========================================
Part 6, Epoch Time(s): 1.8959
Sampling Time(s): 0.1607
Loading Time(s): 0.6083
Forward Time(s): 0.2686
Backward Time(s): 0.0770
Update Time(s): 0.0037
Emb Update Time(s): 0.7738
#seeds: 6144
#inputs: 918821
==========================================
Part 4, Epoch Time(s): 1.8893
Sampling Time(s): 0.1345
Loading Time(s): 0.5664
Forward Time(s): 0.3302
Backward Time(s): 0.0774
Update Time(s): 0.0038
Emb Update Time(s): 0.7734
#seeds: 6144
#inputs: 921557
=====================



=====================
Part 24, Epoch Time(s): 1.8891
Sampling Time(s): 0.1504
Loading Time(s): 0.6157
Forward Time(s): 0.2647
Backward Time(s): 0.0775
Update Time(s): 0.0034
Emb Update Time(s): 0.7738
#seeds: 6144
#inputs: 923361
==========================================
Part 26, Epoch Time(s): 1.8948
Sampling Time(s): 0.1386
Loading Time(s): 0.6575
Forward Time(s): 0.2403
Backward Time(s): 0.0764
Update Time(s): 0.0033
Emb Update Time(s): 0.7750
#seeds: 6144
#inputs: 917060
=====================

=====================
Part 30, Epoch Time(s): 1.8837
Sampling Time(s): 0.1176
Loading Time(s): 0.7019
Forward Time(s): 0.2060
Backward Time(s): 0.0756
Update Time(s): 0.0035
Emb Update Time(s): 0.7755
#seeds: 6144
#inputs: 919281
==========================================
Part 25, Epoch Time(s): 1.8951
Sampling Time(s): 0.1372
Loading Time(s): 0.6729
Forward Time(s): 0.2269
Backward Time(s): 0.0766
Update Time(s): 0.0037
Emb Update Time(s): 0.7744
#seeds: 6144
#inputs: 927367
==========================================
Part 29, Epoch Time(s): 1.8896
Sampling Time(s): 0.1448
Loading Time(s): 0.6620
Forward Time(s): 0.2247
Backward Time(s): 0.0756
Update Time(s): 0.0037
Emb Update Time(s): 0.7753
#seeds: 6145
#inputs: 926729
==========================================
Part 27, Epoch Time(s): 1.8943
Sampling Time(s): 0.1444
Loading Time(s): 0.6891
Forward Time(s): 0.2024
Backward Time(s): 0.0788
Update Time(s): 0.0044
Emb Update Time(s): 0.7715
#seeds: 6144
#inputs: 924203
=====================


=====================
Part 31, Epoch Time(s): 1.8846
Sampling Time(s): 0.1270
Loading Time(s): 0.6722
Forward Time(s): 0.2273
Backward Time(s): 0.0758
Update Time(s): 0.0036
Emb Update Time(s): 0.7752
#seeds: 6144
#inputs: 920711
=====================

=====================
Part 28, Epoch Time(s): 1.8827
Sampling Time(s): 0.1582
Loading Time(s): 0.6908
Forward Time(s): 0.1753
Backward Time(s): 0.0754
Update Time(s): 0.0046
Emb Update Time(s): 0.7744
#seeds: 6144
#inputs: 923613
=====================
=====================
Part 16, Epoch Time(s): 1.8829
Sampling Time(s): 0.1294
Loading Time(s): 0.5733
Forward Time(s): 0.3240
Backward Time(s): 0.0753
Update Time(s): 0.0035
Emb Update Time(s): 0.7737
#seeds: 6144
#inputs: 917233
==========================================
Part 18, Epoch Time(s): 1.8883
Sampling Time(s): 0.1391
Loading Time(s): 0.5342
Forward Time(s): 0.3570
Backward Time(s): 0.0771
Update Time(s): 0.0034
Emb Update Time(s): 0.7740
#seeds: 6144
#inputs: 917482
==========================================
Part 20, Epoch Time(s): 1.8869
Sampling Time(s): 0.1567
Loading Time(s): 0.6213
Forward Time(s): 0.2504
Backward Time(s): 0.0768
Update Time(s): 0.0056
Emb Update Time(s): 0.7722
#seeds: 6144
#inputs: 916036
==========================================
Part 21, Epoch Time(s): 1.8788
Sampling Time(s): 0.1531
Loading Time(s): 0.5834
Forward Time(s): 0.2842
Backward Time(s): 0.0766
Update Time(s): 0.0041
Emb Update Time(s): 0.7738
#seeds: 6145
#inputs: 913741
==========================================
Part 17, Epoch Time(s): 1.8830
Sampling Time(s): 0.1422
Loading Time(s): 0.5947
Forward Time(s): 0.2830
Backward Time(s): 0.0774
Update Time(s): 0.0051
Emb Update Time(s): 0.7765
#seeds: 6145
#inputs: 918827
==========================================
Part 19, Epoch Time(s): 1.8698
Sampling Time(s): 0.1582
Loading Time(s): 0.5902
Forward Time(s): 0.2628
Backward Time(s): 0.0769
Update Time(s): 0.0054
Emb Update Time(s): 0.7723
#seeds: 6144
#inputs: 916945
==========================================
Part 22, Epoch Time(s): 1.8855
Sampling Time(s): 0.1309
Loading Time(s): 0.6524
Forward Time(s): 0.2440
Backward Time(s): 0.0765
Update Time(s): 0.0036
Emb Update Time(s): 0.7745
#seeds: 6144
#inputs: 922839
=====================






=====================
Part 23, Epoch Time(s): 1.8802
Sampling Time(s): 0.1597
Loading Time(s): 0.5682
Forward Time(s): 0.2938
Backward Time(s): 0.0775
Update Time(s): 0.0045
Emb Update Time(s): 0.7726
#seeds: 6144
#inputs: 918268
=====================
=====================
Part 9, Epoch Time(s): 1.8798
Sampling Time(s): 0.1316
Loading Time(s): 0.6389
Forward Time(s): 0.2510
Backward Time(s): 0.0760
Update Time(s): 0.0037
Emb Update Time(s): 0.7750
#seeds: 6144
#inputs: 936644
==========================================
Part 8, Epoch Time(s): 1.8744
Sampling Time(s): 0.1380
Loading Time(s): 0.7333
Forward Time(s): 0.1491
Backward Time(s): 0.0749
Update Time(s): 0.0052
Emb Update Time(s): 0.7703
#seeds: 6145
#inputs: 934565
==========================================
Part 14, Epoch Time(s): 1.8767
Sampling Time(s): 0.1511
Loading Time(s): 0.7116
Forward Time(s): 0.1593
Backward Time(s): 0.0747
Update Time(s): 0.0036
Emb Update Time(s): 0.7729
#seeds: 6145
#inputs: 934205
==========================================
Part 13, Epoch Time(s): 1.8799
Sampling Time(s): 0.1462
Loading Time(s): 0.6755
Forward Time(s): 0.2019
Backward Time(s): 0.0736
Update Time(s): 0.0041
Emb Update Time(s): 0.7751
#seeds: 6144
#inputs: 934141
==========================================
Part 15, Epoch Time(s): 1.8796
Sampling Time(s): 0.1342
Loading Time(s): 0.7223
Forward Time(s): 0.1648
Backward Time(s): 0.0758
Update Time(s): 0.0038
Emb Update Time(s): 0.7749
#seeds: 6144
#inputs: 936422
=====================

=====================
Part 11, Epoch Time(s): 1.8856
Sampling Time(s): 0.1499
Loading Time(s): 0.7048
Forward Time(s): 0.1769
Backward Time(s): 0.0715
Update Time(s): 0.0039
Emb Update Time(s): 0.7748
#seeds: 6144
#inputs: 931043
==========================================
Part 10, Epoch Time(s): 1.8692
Sampling Time(s): 0.1725
Loading Time(s): 0.7661
Forward Time(s): 0.0844
Backward Time(s): 0.0708
Update Time(s): 0.0045
Emb Update Time(s): 0.7673
#seeds: 6144
#inputs: 935629
=====================


=====================
Part 12, Epoch Time(s): 1.8909
Sampling Time(s): 0.1491
Loading Time(s): 0.7297
Forward Time(s): 0.1650
Backward Time(s): 0.0702
Update Time(s): 0.0040
Emb Update Time(s): 0.7693
#seeds: 6144
#inputs: 929248
=====================


|V|=2449029, eval batch size: 100000
|V|=2449029, eval batch size: 100000
|V|=2449029, eval batch size: 100000
|V|=2449029, eval batch size: 100000
|V|=2449029, eval batch size: 100000
|V|=2449029, eval batch size: 100000
|V|=2449029, eval batch size: 100000
|V|=2449029, eval batch size: 100000
|V|=2449029, eval batch size: 100000
|V|=2449029, eval batch size: 100000
|V|=2449029, eval batch size: 100000
|V|=2449029, eval batch size: 100000
|V|=2449029, eval batch size: 100000
|V|=2449029, eval batch size: 100000
|V|=2449029, eval batch size: 100000
|V|=2449029, eval batch size: 100000
|V|=2449029, eval batch size: 100000
|V|=2449029, eval batch size: 100000
|V|=2449029, eval batch size: 100000
|V|=2449029, eval batch size: 100000
|V|=2449029, eval batch size: 100000
|V|=2449029, eval batch size: 100000
|V|=2449029, eval batch size: 100000
|V|=2449029, eval batch size: 100000
|V|=2449029, eval batch size: 100000
|V|=2449029, eval batch size: 100000
|V|=2449029, eval batch size: 100000
|V|=2449029, eval batch size: 100000
|V|=2449029, eval batch size: 100000
|V|=2449029, eval batch size: 100000
|V|=2449029, eval batch size: 100000
|V|=2449029, eval batch size: 100000
|V|=2449029, eval batch size: 100000|V|=2449029, eval batch size: 100000

|V|=2449029, eval batch size: 100000
|V|=2449029, eval batch size: 100000
|V|=2449029, eval batch size: 100000
|V|=2449029, eval batch size: 100000
|V|=2449029, eval batch size: 100000|V|=2449029, eval batch size: 100000

|V|=2449029, eval batch size: 100000|V|=2449029, eval batch size: 100000

|V|=2449029, eval batch size: 100000
|V|=2449029, eval batch size: 100000
|V|=2449029, eval batch size: 100000
|V|=2449029, eval batch size: 100000|V|=2449029, eval batch size: 100000
|V|=2449029, eval batch size: 100000
|V|=2449029, eval batch size: 100000

|V|=2449029, eval batch size: 100000
|V|=2449029, eval batch size: 100000
|V|=2449029, eval batch size: 100000|V|=2449029, eval batch size: 100000|V|=2449029, eval batch size: 100000|V|=2449029, eval batch size: 100000



|V|=2449029, eval batch size: 100000
|V|=2449029, eval batch size: 100000
|V|=2449029, eval batch size: 100000
|V|=2449029, eval batch size: 100000
|V|=2449029, eval batch size: 100000
|V|=2449029, eval batch size: 100000
|V|=2449029, eval batch size: 100000|V|=2449029, eval batch size: 100000

|V|=2449029, eval batch size: 100000
Part 0, Val Acc 0.9504, Test Acc 0.7708, time: 4.7761
Part 20, Val Acc 0.8901, Test Acc 0.7243, time: 4.7778
Part 2, Val Acc 0.9487, Test Acc 0.7689, time: 4.7792
Part 30, Val Acc 0.9154, Test Acc 0.7272, time: 4.7820
Part 1, Val Acc 0.9406, Test Acc 0.7724, time: 4.7838
Part 6, Val Acc 0.9471, Test Acc 0.7709, time: 4.7852
Part 3, Val Acc 0.9569, Test Acc 0.7734, time: 4.7855
Part 7, Val Acc 0.9439, Test Acc 0.7706, time: 4.7858
Part 4, Val Acc 0.9430, Test Acc 0.7733, time: 4.7864
Part 29, Val Acc 0.9243, Test Acc 0.7272, time: 4.7864
Part 26, Val Acc 0.9292, Test Acc 0.7253, time: 4.7872
Part 5, Val Acc 0.9357, Test Acc 0.7699, time: 4.7876
Part 28, Val Acc 0.9300, Test Acc 0.7292, time: 4.7885
Part 31, Val Acc 0.9113, Test Acc 0.7273, time: 4.7899
Part 10, Val Acc 0.9007, Test Acc 0.7020, time: 4.7914
Part 22, Val Acc 0.9105, Test Acc 0.7226, time: 4.7922
Part 16, Val Acc 0.8975, Test Acc 0.7250, time: 4.7924
Part 25, Val Acc 0.9080, Test Acc 0.7269, time: 4.7947
Part 18, Val Acc 0.8910, Test Acc 0.7235, time: 4.7953
Part 27, Val Acc 0.9162, Test Acc 0.7276, time: 4.7978
Part 12, Val Acc 0.8876, Test Acc 0.6993, time: 4.7994
Part 24, Val Acc 0.9113, Test Acc 0.7280, time: 4.7999
Part 21, Val Acc 0.8934, Test Acc 0.7228, time: 4.8000
Part 19, Val Acc 0.8902, Test Acc 0.7230, time: 4.8018
Part 15, Val Acc 0.8967, Test Acc 0.7029, time: 4.8018
Part 23, Val Acc 0.9032, Test Acc 0.7213, time: 4.8027
Part 9, Val Acc 0.9015, Test Acc 0.6991, time: 4.8041
Part 17, Val Acc 0.8788, Test Acc 0.7238, time: 4.8098
Part 13, Val Acc 0.9040, Test Acc 0.7002, time: 4.8142
Part 14, Val Acc 0.8771, Test Acc 0.7013, time: 4.8149
Part 11, Val Acc 0.8991, Test Acc 0.6987, time: 4.8176
Part 8, Val Acc 0.9089, Test Acc 0.7021, time: 4.8201
All parts avg val acc 0.9138, test acc 0.7307
Part 0 | Epoch 00019 | Step 00000 | Loss 0.0164 | Train Acc 0.9970 | Speed (samples/sec) 2856.0022 | GPU 1533.4 MB | time 0.353 s
Part 2 | Epoch 00019 | Step 00000 | Loss 0.0104 | Train Acc 0.9970 | Speed (samples/sec) 2817.1787 | GPU 1528.8 MB | time 0.394 sPart 7 | Epoch 00019 | Step 00000 | Loss 0.0124 | Train Acc 0.9980 | Speed (samples/sec) 2826.0918 | GPU 1532.4 MB | time 0.388 s

Part 6 | Epoch 00019 | Step 00000 | Loss 0.0315 | Train Acc 0.9910 | Speed (samples/sec) 2823.1129 | GPU 1538.8 MB | time 0.388 s
Part 4 | Epoch 00019 | Step 00000 | Loss 0.0142 | Train Acc 0.9980 | Speed (samples/sec) 2827.1317 | GPU 1537.6 MB | time 0.387 sPart 3 | Epoch 00019 | Step 00000 | Loss 0.0093 | Train Acc 0.9990 | Speed (samples/sec) 2828.5193 | GPU 1536.4 MB | time 0.388 s

Part 5 | Epoch 00019 | Step 00000 | Loss 0.0073 | Train Acc 0.9990 | Speed (samples/sec) 2828.6889 | GPU 1548.6 MB | time 0.386 s
Part 1 | Epoch 00019 | Step 00000 | Loss 0.0089 | Train Acc 0.9970 | Speed (samples/sec) 2824.5668 | GPU 1531.0 MB | time 0.390 s
Part 21 | Epoch 00019 | Step 00000 | Loss 0.0212 | Train Acc 0.9950 | Speed (samples/sec) 2838.7666 | GPU 1574.0 MB | time 0.374 sPart 18 | Epoch 00019 | Step 00000 | Loss 0.0404 | Train Acc 0.9910 | Speed (samples/sec) 2835.0672 | GPU 1564.1 MB | time 0.378 s

Part 20 | Epoch 00019 | Step 00000 | Loss 0.0361 | Train Acc 0.9930 | Speed (samples/sec) 2828.3726 | GPU 1570.6 MB | time 0.396 s
Part 22 | Epoch 00019 | Step 00000 | Loss 0.0375 | Train Acc 0.9890 | Speed (samples/sec) 2832.3777 | GPU 1577.3 MB | time 0.381 s
Part 23 | Epoch 00019 | Step 00000 | Loss 0.0492 | Train Acc 0.9870 | Speed (samples/sec) 2837.1265 | GPU 1574.9 MB | time 0.371 s
Part 16 | Epoch 00019 | Step 00000 | Loss 0.0227 | Train Acc 0.9970 | Speed (samples/sec) 2832.9943 | GPU 1578.3 MB | time 0.381 s
Part 19 | Epoch 00019 | Step 00000 | Loss 0.0235 | Train Acc 0.9940 | Speed (samples/sec) 2838.9778 | GPU 1568.7 MB | time 0.372 s
Part 29 | Epoch 00019 | Step 00000 | Loss 0.0138 | Train Acc 0.9970 | Speed (samples/sec) 2837.8297 | GPU 1660.6 MB | time 0.387 sPart 25 | Epoch 00019 | Step 00000 | Loss 0.0154 | Train Acc 0.9970 | Speed (samples/sec) 2834.0888 | GPU 1657.6 MB | time 0.379 s

Part 31 | Epoch 00019 | Step 00000 | Loss 0.0169 | Train Acc 0.9950 | Speed (samples/sec) 2833.7343 | GPU 1665.3 MB | time 0.384 s
Part 30 | Epoch 00019 | Step 00000 | Loss 0.0225 | Train Acc 0.9940 | Speed (samples/sec) 2833.7891 | GPU 1672.3 MB | time 0.392 sPart 27 | Epoch 00019 | Step 00000 | Loss 0.0250 | Train Acc 0.9920 | Speed (samples/sec) 2834.3552 | GPU 1659.0 MB | time 0.376 sPart 26 | Epoch 00019 | Step 00000 | Loss 0.0199 | Train Acc 0.9970 | Speed (samples/sec) 2834.2912 | GPU 1650.3 MB | time 0.386 s


Part 15 | Epoch 00019 | Step 00000 | Loss 0.0207 | Train Acc 0.9940 | Speed (samples/sec) 2841.3990 | GPU 1793.5 MB | time 0.372 sPart 9 | Epoch 00019 | Step 00000 | Loss 0.0202 | Train Acc 0.9950 | Speed (samples/sec) 2837.1969 | GPU 1803.3 MB | time 0.369 sPart 8 | Epoch 00019 | Step 00000 | Loss 0.0238 | Train Acc 0.9970 | Speed (samples/sec) 2844.7713 | GPU 1801.6 MB | time 0.353 sPart 14 | Epoch 00019 | Step 00000 | Loss 0.0354 | Train Acc 0.9920 | Speed (samples/sec) 2839.0522 | GPU 1812.9 MB | time 0.359 s



Part 11 | Epoch 00019 | Step 00000 | Loss 0.0183 | Train Acc 0.9960 | Speed (samples/sec) 2844.0101 | GPU 1804.6 MB | time 0.356 s
Part 13 | Epoch 00019 | Step 00000 | Loss 0.0139 | Train Acc 0.9990 | Speed (samples/sec) 2843.1140 | GPU 1801.2 MB | time 0.359 s
Part 12 | Epoch 00019 | Step 00000 | Loss 0.0202 | Train Acc 0.9970 | Speed (samples/sec) 2839.5911 | GPU 1790.8 MB | time 0.374 s
Part 10 | Epoch 00019 | Step 00000 | Loss 0.0146 | Train Acc 0.9990 | Speed (samples/sec) 2840.3387 | GPU 1799.1 MB | time 0.382 s
Part 24 | Epoch 00019 | Step 00000 | Loss 0.0130 | Train Acc 0.9980 | Speed (samples/sec) 2834.7694 | GPU 1660.3 MB | time 0.374 s
Part 28 | Epoch 00019 | Step 00000 | Loss 0.0251 | Train Acc 0.9910 | Speed (samples/sec) 2831.0004 | GPU 1654.9 MB | time 0.385 s
Part 17 | Epoch 00019 | Step 00000 | Loss 0.0233 | Train Acc 0.9980 | Speed (samples/sec) 2841.3032 | GPU 1570.1 MB | time 0.362 s
Avg train acc 0.9953
=====================
Part 0, Epoch Time(s): 1.9757
Sampling Time(s): 0.1327
Loading Time(s): 0.5275
Forward Time(s): 0.2819
Backward Time(s): 0.0727
Update Time(s): 0.0035
Emb Update Time(s): 0.9530
#seeds: 6144
#inputs: 924714
==========================================
Part 6, Epoch Time(s): 2.0112
Sampling Time(s): 0.1564
Loading Time(s): 0.5787
Forward Time(s): 0.2430
Backward Time(s): 0.0723
Update Time(s): 0.0039
Emb Update Time(s): 0.9531
#seeds: 6144
#inputs: 918040
=====================
=====================
Part 2, Epoch Time(s): 2.0172
Sampling Time(s): 0.1461
Loading Time(s): 0.5500
Forward Time(s): 0.2881
Backward Time(s): 0.0727
Update Time(s): 0.0038
Emb Update Time(s): 0.9527
#seeds: 6144
#inputs: 920685
==========================================
Part 4, Epoch Time(s): 2.0099
Sampling Time(s): 0.1482
Loading Time(s): 0.5296
Forward Time(s): 0.2990
Backward Time(s): 0.0722
Update Time(s): 0.0036
Emb Update Time(s): 0.9534
#seeds: 6144
#inputs: 922609
==========================================
Part 1, Epoch Time(s): 2.0128
Sampling Time(s): 0.1326
Loading Time(s): 0.6080
Forward Time(s): 0.2389
Backward Time(s): 0.0725
Update Time(s): 0.0039
Emb Update Time(s): 0.9528
#seeds: 6145
#inputs: 917666
==========================================
Part 3, Epoch Time(s): 2.0110
Sampling Time(s): 0.1563
Loading Time(s): 0.5927
Forward Time(s): 0.2288
Backward Time(s): 0.0724
Update Time(s): 0.0037
Emb Update Time(s): 0.9531
#seeds: 6145
#inputs: 920222
=====================
=====================
Part 5, Epoch Time(s): 2.0087
Sampling Time(s): 0.1576
Loading Time(s): 0.5210
Forward Time(s): 0.2966
Backward Time(s): 0.0723
Update Time(s): 0.0041
Emb Update Time(s): 0.9532
#seeds: 6144
#inputs: 916872
=====================




=====================
Part 7, Epoch Time(s): 2.0106
Sampling Time(s): 0.1330
Loading Time(s): 0.6180
Forward Time(s): 0.2264
Backward Time(s): 0.0728
Update Time(s): 0.0037
Emb Update Time(s): 0.9528
#seeds: 6144
#inputs: 918900
=====================
=====================
Part 18, Epoch Time(s): 2.0011
Sampling Time(s): 0.1365
Loading Time(s): 0.5750
Forward Time(s): 0.2568
Backward Time(s): 0.0724
Update Time(s): 0.0036
Emb Update Time(s): 0.9532
#seeds: 6144
#inputs: 918774
==========================================
Part 23, Epoch Time(s): 1.9935
Sampling Time(s): 0.1294
Loading Time(s): 0.5955
Forward Time(s): 0.2353
Backward Time(s): 0.0718
Update Time(s): 0.0038
Emb Update Time(s): 0.9538
#seeds: 6144
#inputs: 916615
==========================================
Part 21, Epoch Time(s): 1.9965
Sampling Time(s): 0.1211
Loading Time(s): 0.5932
Forward Time(s): 0.2492
Backward Time(s): 0.0718
Update Time(s): 0.0037
Emb Update Time(s): 0.9538
#seeds: 6145
#inputs: 914372
==========================================
Part 16, Epoch Time(s): 2.0040
Sampling Time(s): 0.1200
Loading Time(s): 0.6137
Forward Time(s): 0.2370
Backward Time(s): 0.0731
Update Time(s): 0.0035
Emb Update Time(s): 0.9528
#seeds: 6144
#inputs: 915900
=====================


=====================
Part 17, Epoch Time(s): 1.9849
Sampling Time(s): 0.1441
Loading Time(s): 0.6097
Forward Time(s): 0.1975
Backward Time(s): 0.0726
Update Time(s): 0.0052
Emb Update Time(s): 0.9516
#seeds: 6145
#inputs: 918095
=====================
=====================
Part 20, Epoch Time(s): 2.0187
Sampling Time(s): 0.1525
Loading Time(s): 0.5870
Forward Time(s): 0.2461
Backward Time(s): 0.0721
Update Time(s): 0.0040
Emb Update Time(s): 0.9531
#seeds: 6144
#inputs: 914662
=====================

=====================
Part 19, Epoch Time(s): 1.9947
Sampling Time(s): 0.1557
Loading Time(s): 0.5860
Forward Time(s): 0.2195
Backward Time(s): 0.0723
Update Time(s): 0.0046
Emb Update Time(s): 0.9524
#seeds: 6144
#inputs: 914700
=====================
=====================
Part 22, Epoch Time(s): 2.0044
Sampling Time(s): 0.1509
Loading Time(s): 0.6205
Forward Time(s): 0.1996
Backward Time(s): 0.0715
Update Time(s): 0.0039
Emb Update Time(s): 0.9540
#seeds: 6144
#inputs: 919407
=====================
=====================
Part 11, Epoch Time(s): 1.9786
Sampling Time(s): 0.1371
Loading Time(s): 0.7256
Forward Time(s): 0.0859
Backward Time(s): 0.0712
Update Time(s): 0.0035
Emb Update Time(s): 0.9516
#seeds: 6144
#inputs: 932626
==========================================
Part 12, Epoch Time(s): 1.9969
Sampling Time(s): 0.1394
Loading Time(s): 0.6865
Forward Time(s): 0.1407
Backward Time(s): 0.0707
Update Time(s): 0.0042
Emb Update Time(s): 0.9515
#seeds: 6144
#inputs: 929061
==========================================
Part 13, Epoch Time(s): 1.9821
Sampling Time(s): 0.1519
Loading Time(s): 0.7123
Forward Time(s): 0.0908
Backward Time(s): 0.0706
Update Time(s): 0.0037
Emb Update Time(s): 0.9490
#seeds: 6144
#inputs: 934283
==========================================
Part 10, Epoch Time(s): 2.0051
Sampling Time(s): 0.1510
Loading Time(s): 0.6901
Forward Time(s): 0.1310
Backward Time(s): 0.0709
Update Time(s): 0.0056
Emb Update Time(s): 0.9525
#seeds: 6144
#inputs: 935774
==========================================
Part 8, Epoch Time(s): 1.9762
Sampling Time(s): 0.1547
Loading Time(s): 0.6989
Forward Time(s): 0.0927
Backward Time(s): 0.0713
Update Time(s): 0.0035
Emb Update Time(s): 0.9513
#seeds: 6145
#inputs: 933313
==========================================
Part 14, Epoch Time(s): 1.9814
Sampling Time(s): 0.1357
Loading Time(s): 0.7002
Forward Time(s): 0.1122
Backward Time(s): 0.0711
Update Time(s): 0.0036
Emb Update Time(s): 0.9549
#seeds: 6145
#inputs: 933752
==========================================
Part 9, Epoch Time(s): 1.9923
Sampling Time(s): 0.1554
Loading Time(s): 0.6338
Forward Time(s): 0.1697
Backward Time(s): 0.0719
Update Time(s): 0.0035
Emb Update Time(s): 0.9543
#seeds: 6144
#inputs: 934329
=====================



=====================
Part 15, Epoch Time(s): 1.9948
Sampling Time(s): 0.1253
Loading Time(s): 0.6739
Forward Time(s): 0.1634
Backward Time(s): 0.0710
Update Time(s): 0.0038
Emb Update Time(s): 0.9537
#seeds: 6144
#inputs: 936655
=====================



=====================
Part 24, Epoch Time(s): 1.9965
Sampling Time(s): 0.1307
Loading Time(s): 0.6635
Forward Time(s): 0.1693
Backward Time(s): 0.0715
Update Time(s): 0.0038
Emb Update Time(s): 0.9540
#seeds: 6144
#inputs: 923457
==========================================
Part 26, Epoch Time(s): 2.0093
Sampling Time(s): 0.1253
Loading Time(s): 0.6532
Forward Time(s): 0.1977
Backward Time(s): 0.0711
Update Time(s): 0.0035
Emb Update Time(s): 0.9548
#seeds: 6144
#inputs: 918655
==========================================
Part 30, Epoch Time(s): 2.0144
Sampling Time(s): 0.1162
Loading Time(s): 0.6576
Forward Time(s): 0.2076
Backward Time(s): 0.0704
Update Time(s): 0.0038
Emb Update Time(s): 0.9550
#seeds: 6144
#inputs: 920676
==========================================
Part 29, Epoch Time(s): 2.0101
Sampling Time(s): 0.1292
Loading Time(s): 0.6471
Forward Time(s): 0.2009
Backward Time(s): 0.0705
Update Time(s): 0.0038
Emb Update Time(s): 0.9548
#seeds: 6145
#inputs: 925886
==========================================
Part 27, Epoch Time(s): 1.9986
Sampling Time(s): 0.1432
Loading Time(s): 0.6699
Forward Time(s): 0.1524
Backward Time(s): 0.0709
Update Time(s): 0.0038
Emb Update Time(s): 0.9546
#seeds: 6144
#inputs: 925655
=====================




=====================
Part 28, Epoch Time(s): 2.0080
Sampling Time(s): 0.1507
Loading Time(s): 0.6633
Forward Time(s): 0.1609
Backward Time(s): 0.0709
Update Time(s): 0.0043
Emb Update Time(s): 0.9540
#seeds: 6144
#inputs: 925338
==========================================
Part 25, Epoch Time(s): 2.0018
Sampling Time(s): 0.1411
Loading Time(s): 0.6868
Forward Time(s): 0.1425
Backward Time(s): 0.0694
Update Time(s): 0.0036
Emb Update Time(s): 0.9543
#seeds: 6144
#inputs: 928564
=====================
=====================
Part 31, Epoch Time(s): 2.0067
Sampling Time(s): 0.1246
Loading Time(s): 0.6883
Forward Time(s): 0.1638
Backward Time(s): 0.0699
Update Time(s): 0.0042
Emb Update Time(s): 0.9520
#seeds: 6144
#inputs: 919928
=====================

|V|=2449029, eval batch size: 100000
|V|=2449029, eval batch size: 100000
|V|=2449029, eval batch size: 100000
|V|=2449029, eval batch size: 100000
|V|=2449029, eval batch size: 100000
|V|=2449029, eval batch size: 100000
|V|=2449029, eval batch size: 100000
|V|=2449029, eval batch size: 100000
|V|=2449029, eval batch size: 100000
|V|=2449029, eval batch size: 100000
|V|=2449029, eval batch size: 100000
|V|=2449029, eval batch size: 100000
|V|=2449029, eval batch size: 100000
|V|=2449029, eval batch size: 100000
|V|=2449029, eval batch size: 100000
|V|=2449029, eval batch size: 100000
|V|=2449029, eval batch size: 100000
|V|=2449029, eval batch size: 100000
|V|=2449029, eval batch size: 100000
|V|=2449029, eval batch size: 100000
|V|=2449029, eval batch size: 100000
|V|=2449029, eval batch size: 100000
|V|=2449029, eval batch size: 100000
|V|=2449029, eval batch size: 100000
|V|=2449029, eval batch size: 100000
|V|=2449029, eval batch size: 100000
|V|=2449029, eval batch size: 100000
|V|=2449029, eval batch size: 100000
|V|=2449029, eval batch size: 100000
|V|=2449029, eval batch size: 100000
|V|=2449029, eval batch size: 100000
|V|=2449029, eval batch size: 100000
|V|=2449029, eval batch size: 100000|V|=2449029, eval batch size: 100000

|V|=2449029, eval batch size: 100000
|V|=2449029, eval batch size: 100000
|V|=2449029, eval batch size: 100000
|V|=2449029, eval batch size: 100000
|V|=2449029, eval batch size: 100000
|V|=2449029, eval batch size: 100000
|V|=2449029, eval batch size: 100000
|V|=2449029, eval batch size: 100000|V|=2449029, eval batch size: 100000|V|=2449029, eval batch size: 100000


|V|=2449029, eval batch size: 100000
|V|=2449029, eval batch size: 100000
|V|=2449029, eval batch size: 100000
|V|=2449029, eval batch size: 100000
|V|=2449029, eval batch size: 100000
|V|=2449029, eval batch size: 100000
|V|=2449029, eval batch size: 100000|V|=2449029, eval batch size: 100000|V|=2449029, eval batch size: 100000


|V|=2449029, eval batch size: 100000
|V|=2449029, eval batch size: 100000
|V|=2449029, eval batch size: 100000|V|=2449029, eval batch size: 100000

|V|=2449029, eval batch size: 100000
|V|=2449029, eval batch size: 100000
|V|=2449029, eval batch size: 100000
|V|=2449029, eval batch size: 100000
|V|=2449029, eval batch size: 100000
|V|=2449029, eval batch size: 100000
|V|=2449029, eval batch size: 100000
Part 31, Val Acc 0.9121, Test Acc 0.7287, time: 4.8979
Part 28, Val Acc 0.9284, Test Acc 0.7304, time: 4.9004
Part 30, Val Acc 0.9138, Test Acc 0.7287, time: 4.9030
Part 5, Val Acc 0.9349, Test Acc 0.7701, time: 4.9034
Part 4, Val Acc 0.9422, Test Acc 0.7738, time: 4.9050
Part 7, Val Acc 0.9439, Test Acc 0.7710, time: 4.9054
Part 3, Val Acc 0.9561, Test Acc 0.7736, time: 4.9063
Part 2, Val Acc 0.9487, Test Acc 0.7689, time: 4.9071
Part 1, Val Acc 0.9406, Test Acc 0.7729, time: 4.9079
Part 0, Val Acc 0.9504, Test Acc 0.7708, time: 4.9080
Part 6, Val Acc 0.9447, Test Acc 0.7709, time: 4.9088
Part 24, Val Acc 0.9129, Test Acc 0.7296, time: 4.9090
Part 23, Val Acc 0.9015, Test Acc 0.7214, time: 4.9099
Part 22, Val Acc 0.9097, Test Acc 0.7232, time: 4.9099
Part 29, Val Acc 0.9251, Test Acc 0.7285, time: 4.9101
Part 18, Val Acc 0.8893, Test Acc 0.7241, time: 4.9107
Part 25, Val Acc 0.9080, Test Acc 0.7281, time: 4.9107
Part 26, Val Acc 0.9300, Test Acc 0.7267, time: 4.9137
Part 12, Val Acc 0.8876, Test Acc 0.6991, time: 4.9151
Part 27, Val Acc 0.9154, Test Acc 0.7289, time: 4.9162
Part 13, Val Acc 0.9040, Test Acc 0.7004, time: 4.9176
Part 17, Val Acc 0.8796, Test Acc 0.7241, time: 4.9177
Part 19, Val Acc 0.8910, Test Acc 0.7235, time: 4.9179
Part 16, Val Acc 0.8967, Test Acc 0.7255, time: 4.9191
Part 15, Val Acc 0.8975, Test Acc 0.7031, time: 4.9193
Part 21, Val Acc 0.8942, Test Acc 0.7233, time: 4.9197
Part 20, Val Acc 0.8909, Test Acc 0.7249, time: 4.9201
Part 11, Val Acc 0.8983, Test Acc 0.6988, time: 4.9263
Part 10, Val Acc 0.8999, Test Acc 0.7015, time: 4.9270
Part 14, Val Acc 0.8796, Test Acc 0.7012, time: 4.9275
Part 9, Val Acc 0.9032, Test Acc 0.6991, time: 4.9301
Part 8, Val Acc 0.9089, Test Acc 0.7018, time: 4.9319
All parts avg val acc 0.9137, test acc 0.7311
profiling epoch number: 1
Details of epoch time: tensor([4.6064, 2.3996, 2.8747, 2.0715, 2.0516, 2.0290, 2.6202, 1.8362, 1.8811,
        2.4021, 2.2541, 2.4520, 1.8585, 2.0652, 2.3021, 2.4492, 2.0915, 2.2088,
        1.8855, 2.0002], device='cuda:0')
All parts avg epoch time 2.1852 sec, throughput 89975.7452 seeds/sec, network traffic per epoch loading 6.5569 GB, updating 11.5039 GB (threshold=0.0000)
All parts avg iteration time 304.6486 ms
parent ends
Client[22] in group[0] is exiting...
parent ends
Client[29] in group[0] is exiting...
parent ends
parent ends
parent ends
parent ends
Client[37] in group[0] is exiting...
Client[36] in group[0] is exiting...
Client[5] in group[0] is exiting...
Client[14] in group[0] is exiting...
parent ends
parent ends
parent ends
Client[32] in group[0] is exiting...
Client[8] in group[0] is exiting...
Client[11] in group[0] is exiting...
parent ends
parent ends
parent ends
Client[43] in group[0] is exiting...
Client[31] in group[0] is exiting...
Client[16] in group[0] is exiting...
parent ends
parent ends
Client[40] in group[0] is exiting...
Client[48] in group[0] is exiting...
parent ends
parent ends
parent ends
Client[47] in group[0] is exiting...
parent ends
parent ends
Client[42] in group[0] is exiting...
Client[55] in group[0] is exiting...
Client[53] in group[0] is exiting...
parent ends
Client[61] in group[0] is exiting...
parent ends
parent ends
parent ends
Client[54] in group[0] is exiting...
Client[2] in group[0] is exiting...
Client[50] in group[0] is exiting...
parent ends
Client[49] in group[0] is exiting...
parent ends
Client[3] in group[0] is exiting...
parent ends
parent ends
Client[62] in group[0] is exiting...
Client[38] in group[0] is exiting...
Client[9] in group[0] is exiting...
parent ends
Client[0] in group[0] is exiting...
parent ends
parent ends
Client[23] in group[0] is exiting...
Client[17] in group[0] is exiting...
parent ends
Client[21] in group[0] is exiting...
parent ends
Client[30] in group[0] is exiting...
Namespace(cache_server_addr='127.0.0.1', cache_server_port=32451, graph_name='ogbn-products', id=None, ip_config='ip_config4.txt', part_config=None, n_classes=None, num_gpus=8, num_epochs=20, num_hidden=256, model_num_hidden=256, fan_out='10,25', batch_size=1000, batch_size_eval=100000, log_every=20, eval_every=1, lr=0.003, dropout=0.5, local_rank=None, standalone=False, sparse_lr=0.01, presampling=True, hot_threshold=None, hot_low_threshold=0.0, emb_cache_rate=0.4, optim='adam', model='sage', infer_method='layerwise', state_cache=False)
load ogbn-products
Start to create specified graph formats which may take non-trivial time.
Finished creating specified graph formats.
start graph service on server 16 for part 1
Server is waiting for connections on [172.31.25.229:30050]...
Server (16) shutdown.
Server is exiting...
Namespace(cache_server_addr='127.0.0.1', cache_server_port=32451, graph_name='ogbn-products', id=None, ip_config='ip_config4.txt', part_config=None, n_classes=None, num_gpus=8, num_epochs=20, num_hidden=256, model_num_hidden=256, fan_out='10,25', batch_size=1000, batch_size_eval=100000, log_every=20, eval_every=1, lr=0.003, dropout=0.5, local_rank=None, standalone=False, sparse_lr=0.01, presampling=True, hot_threshold=None, hot_low_threshold=0.0, emb_cache_rate=0.4, optim='adam', model='sage', infer_method='layerwise', state_cache=False)
load ogbn-products
Start to create specified graph formats which may take non-trivial time.
Finished creating specified graph formats.
start graph service on server 48 for part 3
Server is waiting for connections on [172.31.16.179:30050]...
Server (48) shutdown.
Server is exiting...
Namespace(cache_server_addr='127.0.0.1', cache_server_port=32451, graph_name='ogbn-products', id=None, ip_config='ip_config4.txt', part_config=None, n_classes=None, num_gpus=8, num_epochs=20, num_hidden=256, model_num_hidden=256, fan_out='10,25', batch_size=1000, batch_size_eval=100000, log_every=20, eval_every=1, lr=0.003, dropout=0.5, local_rank=None, standalone=False, sparse_lr=0.01, presampling=True, hot_threshold=None, hot_low_threshold=0.0, emb_cache_rate=0.4, optim='adam', model='sage', infer_method='layerwise', state_cache=False)
load ogbn-products
Start to create specified graph formats which may take non-trivial time.
Finished creating specified graph formats.
start graph service on server 0 for part 0
Server is waiting for connections on [172.31.20.34:30050]...
Server (0) shutdown.
Server is exiting...
Namespace(cache_server_addr='127.0.0.1', cache_server_port=32451, graph_name='ogbn-products', id=None, ip_config='ip_config4.txt', part_config=None, n_classes=None, num_gpus=8, num_epochs=20, num_hidden=256, model_num_hidden=256, fan_out='10,25', batch_size=1000, batch_size_eval=100000, log_every=20, eval_every=1, lr=0.003, dropout=0.5, local_rank=None, standalone=False, sparse_lr=0.01, presampling=True, hot_threshold=None, hot_low_threshold=0.0, emb_cache_rate=0.4, optim='adam', model='sage', infer_method='layerwise', state_cache=False)
load ogbn-products
Start to create specified graph formats which may take non-trivial time.
Finished creating specified graph formats.
start graph service on server 32 for part 2
Server is waiting for connections on [172.31.20.203:30050]...
Server (32) shutdown.
Server is exiting...
Namespace(cache_server_addr='127.0.0.1', cache_server_port=32451, graph_name='ogbn-products', id=None, ip_config='ip_config4.txt', part_config=None, n_classes=None, num_gpus=8, num_epochs=20, num_hidden=256, model_num_hidden=256, fan_out='10,25', batch_size=1000, batch_size_eval=100000, log_every=20, eval_every=1, lr=0.003, dropout=0.5, local_rank=None, standalone=False, sparse_lr=0.01, presampling=True, hot_threshold=None, hot_low_threshold=0.0, emb_cache_rate=0.4, optim='adam', model='sage', infer_method='layerwise', state_cache=False)
start graph service on server 4 for part 0
Server is waiting for connections on [172.31.20.34:30054]...
Server (4) shutdown.
Server is exiting...
Namespace(cache_server_addr='127.0.0.1', cache_server_port=32451, graph_name='ogbn-products', id=None, ip_config='ip_config4.txt', part_config=None, n_classes=None, num_gpus=8, num_epochs=20, num_hidden=256, model_num_hidden=256, fan_out='10,25', batch_size=1000, batch_size_eval=100000, log_every=20, eval_every=1, lr=0.003, dropout=0.5, local_rank=None, standalone=False, sparse_lr=0.01, presampling=True, hot_threshold=None, hot_low_threshold=0.0, emb_cache_rate=0.4, optim='adam', model='sage', infer_method='layerwise', state_cache=False)
start graph service on server 3 for part 0
Server is waiting for connections on [172.31.20.34:30053]...
Server (3) shutdown.
Server is exiting...
Namespace(cache_server_addr='127.0.0.1', cache_server_port=32451, graph_name='ogbn-products', id=None, ip_config='ip_config4.txt', part_config=None, n_classes=None, num_gpus=8, num_epochs=20, num_hidden=256, model_num_hidden=256, fan_out='10,25', batch_size=1000, batch_size_eval=100000, log_every=20, eval_every=1, lr=0.003, dropout=0.5, local_rank=None, standalone=False, sparse_lr=0.01, presampling=True, hot_threshold=None, hot_low_threshold=0.0, emb_cache_rate=0.4, optim='adam', model='sage', infer_method='layerwise', state_cache=False)
start graph service on server 52 for part 3
Server is waiting for connections on [172.31.16.179:30054]...
Server (52) shutdown.
Server is exiting...
Namespace(cache_server_addr='127.0.0.1', cache_server_port=32451, graph_name='ogbn-products', id=None, ip_config='ip_config4.txt', part_config=None, n_classes=None, num_gpus=8, num_epochs=20, num_hidden=256, model_num_hidden=256, fan_out='10,25', batch_size=1000, batch_size_eval=100000, log_every=20, eval_every=1, lr=0.003, dropout=0.5, local_rank=None, standalone=False, sparse_lr=0.01, presampling=True, hot_threshold=None, hot_low_threshold=0.0, emb_cache_rate=0.4, optim='adam', model='sage', infer_method='layerwise', state_cache=False)
start graph service on server 13 for part 0
Server is waiting for connections on [172.31.20.34:30063]...
Server (13) shutdown.
Server is exiting...
Namespace(cache_server_addr='127.0.0.1', cache_server_port=32451, graph_name='ogbn-products', id=None, ip_config='ip_config4.txt', part_config=None, n_classes=None, num_gpus=8, num_epochs=20, num_hidden=256, model_num_hidden=256, fan_out='10,25', batch_size=1000, batch_size_eval=100000, log_every=20, eval_every=1, lr=0.003, dropout=0.5, local_rank=None, standalone=False, sparse_lr=0.01, presampling=True, hot_threshold=None, hot_low_threshold=0.0, emb_cache_rate=0.4, optim='adam', model='sage', infer_method='layerwise', state_cache=False)
start graph service on server 11 for part 0
Server is waiting for connections on [172.31.20.34:30061]...
Server (11) shutdown.
Server is exiting...
Namespace(cache_server_addr='127.0.0.1', cache_server_port=32451, graph_name='ogbn-products', id=None, ip_config='ip_config4.txt', part_config=None, n_classes=None, num_gpus=8, num_epochs=20, num_hidden=256, model_num_hidden=256, fan_out='10,25', batch_size=1000, batch_size_eval=100000, log_every=20, eval_every=1, lr=0.003, dropout=0.5, local_rank=None, standalone=False, sparse_lr=0.01, presampling=True, hot_threshold=None, hot_low_threshold=0.0, emb_cache_rate=0.4, optim='adam', model='sage', infer_method='layerwise', state_cache=False)
start graph service on server 51 for part 3
Server is waiting for connections on [172.31.16.179:30053]...
Server (51) shutdown.
Server is exiting...
Namespace(cache_server_addr='127.0.0.1', cache_server_port=32451, graph_name='ogbn-products', id=None, ip_config='ip_config4.txt', part_config=None, n_classes=None, num_gpus=8, num_epochs=20, num_hidden=256, model_num_hidden=256, fan_out='10,25', batch_size=1000, batch_size_eval=100000, log_every=20, eval_every=1, lr=0.003, dropout=0.5, local_rank=None, standalone=False, sparse_lr=0.01, presampling=True, hot_threshold=None, hot_low_threshold=0.0, emb_cache_rate=0.4, optim='adam', model='sage', infer_method='layerwise', state_cache=False)
start graph service on server 9 for part 0
Server is waiting for connections on [172.31.20.34:30059]...
Server (9) shutdown.
Server is exiting...
Namespace(cache_server_addr='127.0.0.1', cache_server_port=32451, graph_name='ogbn-products', id=None, ip_config='ip_config4.txt', part_config=None, n_classes=None, num_gpus=8, num_epochs=20, num_hidden=256, model_num_hidden=256, fan_out='10,25', batch_size=1000, batch_size_eval=100000, log_every=20, eval_every=1, lr=0.003, dropout=0.5, local_rank=None, standalone=False, sparse_lr=0.01, presampling=True, hot_threshold=None, hot_low_threshold=0.0, emb_cache_rate=0.4, optim='adam', model='sage', infer_method='layerwise', state_cache=False)
start graph service on server 53 for part 3
Server is waiting for connections on [172.31.16.179:30055]...
Server (53) shutdown.
Server is exiting...
Namespace(cache_server_addr='127.0.0.1', cache_server_port=32451, graph_name='ogbn-products', id=None, ip_config='ip_config4.txt', part_config=None, n_classes=None, num_gpus=8, num_epochs=20, num_hidden=256, model_num_hidden=256, fan_out='10,25', batch_size=1000, batch_size_eval=100000, log_every=20, eval_every=1, lr=0.003, dropout=0.5, local_rank=None, standalone=False, sparse_lr=0.01, presampling=True, hot_threshold=None, hot_low_threshold=0.0, emb_cache_rate=0.4, optim='adam', model='sage', infer_method='layerwise', state_cache=False)
start graph service on server 49 for part 3
Server is waiting for connections on [172.31.16.179:30051]...
Server (49) shutdown.
Server is exiting...
Namespace(cache_server_addr='127.0.0.1', cache_server_port=32451, graph_name='ogbn-products', id=None, ip_config='ip_config4.txt', part_config=None, n_classes=None, num_gpus=8, num_epochs=20, num_hidden=256, model_num_hidden=256, fan_out='10,25', batch_size=1000, batch_size_eval=100000, log_every=20, eval_every=1, lr=0.003, dropout=0.5, local_rank=None, standalone=False, sparse_lr=0.01, presampling=True, hot_threshold=None, hot_low_threshold=0.0, emb_cache_rate=0.4, optim='adam', model='sage', infer_method='layerwise', state_cache=False)
start graph service on server 50 for part 3
Server is waiting for connections on [172.31.16.179:30052]...
Server (50) shutdown.
Server is exiting...
Namespace(cache_server_addr='127.0.0.1', cache_server_port=32451, graph_name='ogbn-products', id=None, ip_config='ip_config4.txt', part_config=None, n_classes=None, num_gpus=8, num_epochs=20, num_hidden=256, model_num_hidden=256, fan_out='10,25', batch_size=1000, batch_size_eval=100000, log_every=20, eval_every=1, lr=0.003, dropout=0.5, local_rank=None, standalone=False, sparse_lr=0.01, presampling=True, hot_threshold=None, hot_low_threshold=0.0, emb_cache_rate=0.4, optim='adam', model='sage', infer_method='layerwise', state_cache=False)
start graph service on server 5 for part 0
Server is waiting for connections on [172.31.20.34:30055]...
Server (5) shutdown.
Server is exiting...
Namespace(cache_server_addr='127.0.0.1', cache_server_port=32451, graph_name='ogbn-products', id=None, ip_config='ip_config4.txt', part_config=None, n_classes=None, num_gpus=8, num_epochs=20, num_hidden=256, model_num_hidden=256, fan_out='10,25', batch_size=1000, batch_size_eval=100000, log_every=20, eval_every=1, lr=0.003, dropout=0.5, local_rank=None, standalone=False, sparse_lr=0.01, presampling=True, hot_threshold=None, hot_low_threshold=0.0, emb_cache_rate=0.4, optim='adam', model='sage', infer_method='layerwise', state_cache=False)
start graph service on server 45 for part 2
Server is waiting for connections on [172.31.20.203:30063]...
Server (45) shutdown.
Server is exiting...
Namespace(cache_server_addr='127.0.0.1', cache_server_port=32451, graph_name='ogbn-products', id=None, ip_config='ip_config4.txt', part_config=None, n_classes=None, num_gpus=8, num_epochs=20, num_hidden=256, model_num_hidden=256, fan_out='10,25', batch_size=1000, batch_size_eval=100000, log_every=20, eval_every=1, lr=0.003, dropout=0.5, local_rank=None, standalone=False, sparse_lr=0.01, presampling=True, hot_threshold=None, hot_low_threshold=0.0, emb_cache_rate=0.4, optim='adam', model='sage', infer_method='layerwise', state_cache=False)
start graph service on server 41 for part 2
Server is waiting for connections on [172.31.20.203:30059]...
Server (41) shutdown.
Server is exiting...
Namespace(cache_server_addr='127.0.0.1', cache_server_port=32451, graph_name='ogbn-products', id=None, ip_config='ip_config4.txt', part_config=None, n_classes=None, num_gpus=8, num_epochs=20, num_hidden=256, model_num_hidden=256, fan_out='10,25', batch_size=1000, batch_size_eval=100000, log_every=20, eval_every=1, lr=0.003, dropout=0.5, local_rank=None, standalone=False, sparse_lr=0.01, presampling=True, hot_threshold=None, hot_low_threshold=0.0, emb_cache_rate=0.4, optim='adam', model='sage', infer_method='layerwise', state_cache=False)
start graph service on server 44 for part 2
Server is waiting for connections on [172.31.20.203:30062]...
Server (44) shutdown.
Server is exiting...
Namespace(cache_server_addr='127.0.0.1', cache_server_port=32451, graph_name='ogbn-products', id=None, ip_config='ip_config4.txt', part_config=None, n_classes=None, num_gpus=8, num_epochs=20, num_hidden=256, model_num_hidden=256, fan_out='10,25', batch_size=1000, batch_size_eval=100000, log_every=20, eval_every=1, lr=0.003, dropout=0.5, local_rank=None, standalone=False, sparse_lr=0.01, presampling=True, hot_threshold=None, hot_low_threshold=0.0, emb_cache_rate=0.4, optim='adam', model='sage', infer_method='layerwise', state_cache=False)
start graph service on server 34 for part 2
Server is waiting for connections on [172.31.20.203:30052]...
Server (34) shutdown.
Server is exiting...
Namespace(cache_server_addr='127.0.0.1', cache_server_port=32451, graph_name='ogbn-products', id=None, ip_config='ip_config4.txt', part_config=None, n_classes=None, num_gpus=8, num_epochs=20, num_hidden=256, model_num_hidden=256, fan_out='10,25', batch_size=1000, batch_size_eval=100000, log_every=20, eval_every=1, lr=0.003, dropout=0.5, local_rank=None, standalone=False, sparse_lr=0.01, presampling=True, hot_threshold=None, hot_low_threshold=0.0, emb_cache_rate=0.4, optim='adam', model='sage', infer_method='layerwise', state_cache=False)
start graph service on server 38 for part 2
Server is waiting for connections on [172.31.20.203:30056]...
Server (38) shutdown.
Server is exiting...
Namespace(cache_server_addr='127.0.0.1', cache_server_port=32451, graph_name='ogbn-products', id=None, ip_config='ip_config4.txt', part_config=None, n_classes=None, num_gpus=8, num_epochs=20, num_hidden=256, model_num_hidden=256, fan_out='10,25', batch_size=1000, batch_size_eval=100000, log_every=20, eval_every=1, lr=0.003, dropout=0.5, local_rank=None, standalone=False, sparse_lr=0.01, presampling=True, hot_threshold=None, hot_low_threshold=0.0, emb_cache_rate=0.4, optim='adam', model='sage', infer_method='layerwise', state_cache=False)
start graph service on server 33 for part 2
Server is waiting for connections on [172.31.20.203:30051]...
Server (33) shutdown.
Server is exiting...
Namespace(cache_server_addr='127.0.0.1', cache_server_port=32451, graph_name='ogbn-products', id=None, ip_config='ip_config4.txt', part_config=None, n_classes=None, num_gpus=8, num_epochs=20, num_hidden=256, model_num_hidden=256, fan_out='10,25', batch_size=1000, batch_size_eval=100000, log_every=20, eval_every=1, lr=0.003, dropout=0.5, local_rank=None, standalone=False, sparse_lr=0.01, presampling=True, hot_threshold=None, hot_low_threshold=0.0, emb_cache_rate=0.4, optim='adam', model='sage', infer_method='layerwise', state_cache=False)
start graph service on server 23 for part 1
Server is waiting for connections on [172.31.25.229:30057]...
Server (23) shutdown.
Server is exiting...
Namespace(cache_server_addr='127.0.0.1', cache_server_port=32451, graph_name='ogbn-products', id=None, ip_config='ip_config4.txt', part_config=None, n_classes=None, num_gpus=8, num_epochs=20, num_hidden=256, model_num_hidden=256, fan_out='10,25', batch_size=1000, batch_size_eval=100000, log_every=20, eval_every=1, lr=0.003, dropout=0.5, local_rank=None, standalone=False, sparse_lr=0.01, presampling=True, hot_threshold=None, hot_low_threshold=0.0, emb_cache_rate=0.4, optim='adam', model='sage', infer_method='layerwise', state_cache=False)
start graph service on server 29 for part 1
Server is waiting for connections on [172.31.25.229:30063]...
Server (29) shutdown.
Server is exiting...
Namespace(cache_server_addr='127.0.0.1', cache_server_port=32451, graph_name='ogbn-products', id=None, ip_config='ip_config4.txt', part_config=None, n_classes=None, num_gpus=8, num_epochs=20, num_hidden=256, model_num_hidden=256, fan_out='10,25', batch_size=1000, batch_size_eval=100000, log_every=20, eval_every=1, lr=0.003, dropout=0.5, local_rank=None, standalone=False, sparse_lr=0.01, presampling=True, hot_threshold=None, hot_low_threshold=0.0, emb_cache_rate=0.4, optim='adam', model='sage', infer_method='layerwise', state_cache=False)
start graph service on server 21 for part 1
Server is waiting for connections on [172.31.25.229:30055]...
Server (21) shutdown.
Server is exiting...
Namespace(cache_server_addr='127.0.0.1', cache_server_port=32451, graph_name='ogbn-products', id=None, ip_config='ip_config4.txt', part_config=None, n_classes=None, num_gpus=8, num_epochs=20, num_hidden=256, model_num_hidden=256, fan_out='10,25', batch_size=1000, batch_size_eval=100000, log_every=20, eval_every=1, lr=0.003, dropout=0.5, local_rank=None, standalone=False, sparse_lr=0.01, presampling=True, hot_threshold=None, hot_low_threshold=0.0, emb_cache_rate=0.4, optim='adam', model='sage', infer_method='layerwise', state_cache=False)
start graph service on server 31 for part 1
Server is waiting for connections on [172.31.25.229:30065]...
Server (31) shutdown.
Server is exiting...
Namespace(cache_server_addr='127.0.0.1', cache_server_port=32451, graph_name='ogbn-products', id=None, ip_config='ip_config4.txt', part_config=None, n_classes=None, num_gpus=8, num_epochs=20, num_hidden=256, model_num_hidden=256, fan_out='10,25', batch_size=1000, batch_size_eval=100000, log_every=20, eval_every=1, lr=0.003, dropout=0.5, local_rank=None, standalone=False, sparse_lr=0.01, presampling=True, hot_threshold=None, hot_low_threshold=0.0, emb_cache_rate=0.4, optim='adam', model='sage', infer_method='layerwise', state_cache=False)
start graph service on server 25 for part 1
Server is waiting for connections on [172.31.25.229:30059]...
Server (25) shutdown.
Server is exiting...
Namespace(cache_server_addr='127.0.0.1', cache_server_port=32451, graph_name='ogbn-products', id=None, ip_config='ip_config4.txt', part_config=None, n_classes=None, num_gpus=8, num_epochs=20, num_hidden=256, model_num_hidden=256, fan_out='10,25', batch_size=1000, batch_size_eval=100000, log_every=20, eval_every=1, lr=0.003, dropout=0.5, local_rank=None, standalone=False, sparse_lr=0.01, presampling=True, hot_threshold=None, hot_low_threshold=0.0, emb_cache_rate=0.4, optim='adam', model='sage', infer_method='layerwise', state_cache=False)
start graph service on server 24 for part 1
Server is waiting for connections on [172.31.25.229:30058]...
Server (24) shutdown.
Server is exiting...
Namespace(cache_server_addr='127.0.0.1', cache_server_port=32451, graph_name='ogbn-products', id=None, ip_config='ip_config4.txt', part_config=None, n_classes=None, num_gpus=8, num_epochs=20, num_hidden=256, model_num_hidden=256, fan_out='10,25', batch_size=1000, batch_size_eval=100000, log_every=20, eval_every=1, lr=0.003, dropout=0.5, local_rank=None, standalone=False, sparse_lr=0.01, presampling=True, hot_threshold=None, hot_low_threshold=0.0, emb_cache_rate=0.4, optim='adam', model='sage', infer_method='layerwise', state_cache=False)
start graph service on server 6 for part 0
Server is waiting for connections on [172.31.20.34:30056]...
Server (6) shutdown.
Server is exiting...
Namespace(cache_server_addr='127.0.0.1', cache_server_port=32451, graph_name='ogbn-products', id=None, ip_config='ip_config4.txt', part_config=None, n_classes=None, num_gpus=8, num_epochs=20, num_hidden=256, model_num_hidden=256, fan_out='10,25', batch_size=1000, batch_size_eval=100000, log_every=20, eval_every=1, lr=0.003, dropout=0.5, local_rank=None, standalone=False, sparse_lr=0.01, presampling=True, hot_threshold=None, hot_low_threshold=0.0, emb_cache_rate=0.4, optim='adam', model='sage', infer_method='layerwise', state_cache=False)
start graph service on server 22 for part 1
Server is waiting for connections on [172.31.25.229:30056]...
Server (22) shutdown.
Server is exiting...
Namespace(cache_server_addr='127.0.0.1', cache_server_port=32451, graph_name='ogbn-products', id=None, ip_config='ip_config4.txt', part_config=None, n_classes=None, num_gpus=8, num_epochs=20, num_hidden=256, model_num_hidden=256, fan_out='10,25', batch_size=1000, batch_size_eval=100000, log_every=20, eval_every=1, lr=0.003, dropout=0.5, local_rank=None, standalone=False, sparse_lr=0.01, presampling=True, hot_threshold=None, hot_low_threshold=0.0, emb_cache_rate=0.4, optim='adam', model='sage', infer_method='layerwise', state_cache=False)
start graph service on server 2 for part 0
Server is waiting for connections on [172.31.20.34:30052]...
Server (2) shutdown.
Server is exiting...
Namespace(cache_server_addr='127.0.0.1', cache_server_port=32451, graph_name='ogbn-products', id=None, ip_config='ip_config4.txt', part_config=None, n_classes=None, num_gpus=8, num_epochs=20, num_hidden=256, model_num_hidden=256, fan_out='10,25', batch_size=1000, batch_size_eval=100000, log_every=20, eval_every=1, lr=0.003, dropout=0.5, local_rank=None, standalone=False, sparse_lr=0.01, presampling=True, hot_threshold=None, hot_low_threshold=0.0, emb_cache_rate=0.4, optim='adam', model='sage', infer_method='layerwise', state_cache=False)
start graph service on server 47 for part 2
Server is waiting for connections on [172.31.20.203:30065]...
Server (47) shutdown.
Server is exiting...
Namespace(cache_server_addr='127.0.0.1', cache_server_port=32451, graph_name='ogbn-products', id=None, ip_config='ip_config4.txt', part_config=None, n_classes=None, num_gpus=8, num_epochs=20, num_hidden=256, model_num_hidden=256, fan_out='10,25', batch_size=1000, batch_size_eval=100000, log_every=20, eval_every=1, lr=0.003, dropout=0.5, local_rank=None, standalone=False, sparse_lr=0.01, presampling=True, hot_threshold=None, hot_low_threshold=0.0, emb_cache_rate=0.4, optim='adam', model='sage', infer_method='layerwise', state_cache=False)
start graph service on server 10 for part 0
Server is waiting for connections on [172.31.20.34:30060]...
Server (10) shutdown.
Server is exiting...
Namespace(cache_server_addr='127.0.0.1', cache_server_port=32451, graph_name='ogbn-products', id=None, ip_config='ip_config4.txt', part_config=None, n_classes=None, num_gpus=8, num_epochs=20, num_hidden=256, model_num_hidden=256, fan_out='10,25', batch_size=1000, batch_size_eval=100000, log_every=20, eval_every=1, lr=0.003, dropout=0.5, local_rank=None, standalone=False, sparse_lr=0.01, presampling=True, hot_threshold=None, hot_low_threshold=0.0, emb_cache_rate=0.4, optim='adam', model='sage', infer_method='layerwise', state_cache=False)
start graph service on server 43 for part 2
Server is waiting for connections on [172.31.20.203:30061]...
Server (43) shutdown.
Server is exiting...
Namespace(cache_server_addr='127.0.0.1', cache_server_port=32451, graph_name='ogbn-products', id=None, ip_config='ip_config4.txt', part_config=None, n_classes=None, num_gpus=8, num_epochs=20, num_hidden=256, model_num_hidden=256, fan_out='10,25', batch_size=1000, batch_size_eval=100000, log_every=20, eval_every=1, lr=0.003, dropout=0.5, local_rank=None, standalone=False, sparse_lr=0.01, presampling=True, hot_threshold=None, hot_low_threshold=0.0, emb_cache_rate=0.4, optim='adam', model='sage', infer_method='layerwise', state_cache=False)
start graph service on server 20 for part 1
Server is waiting for connections on [172.31.25.229:30054]...
Server (20) shutdown.
Server is exiting...
Namespace(cache_server_addr='127.0.0.1', cache_server_port=32451, graph_name='ogbn-products', id=None, ip_config='ip_config4.txt', part_config=None, n_classes=None, num_gpus=8, num_epochs=20, num_hidden=256, model_num_hidden=256, fan_out='10,25', batch_size=1000, batch_size_eval=100000, log_every=20, eval_every=1, lr=0.003, dropout=0.5, local_rank=None, standalone=False, sparse_lr=0.01, presampling=True, hot_threshold=None, hot_low_threshold=0.0, emb_cache_rate=0.4, optim='adam', model='sage', infer_method='layerwise', state_cache=False)
start graph service on server 46 for part 2
Server is waiting for connections on [172.31.20.203:30064]...
Server (46) shutdown.
Server is exiting...
Namespace(cache_server_addr='127.0.0.1', cache_server_port=32451, graph_name='ogbn-products', id=None, ip_config='ip_config4.txt', part_config=None, n_classes=None, num_gpus=8, num_epochs=20, num_hidden=256, model_num_hidden=256, fan_out='10,25', batch_size=1000, batch_size_eval=100000, log_every=20, eval_every=1, lr=0.003, dropout=0.5, local_rank=None, standalone=False, sparse_lr=0.01, presampling=True, hot_threshold=None, hot_low_threshold=0.0, emb_cache_rate=0.4, optim='adam', model='sage', infer_method='layerwise', state_cache=False)
start graph service on server 7 for part 0
Server is waiting for connections on [172.31.20.34:30057]...
Server (7) shutdown.
Server is exiting...
Namespace(cache_server_addr='127.0.0.1', cache_server_port=32451, graph_name='ogbn-products', id=None, ip_config='ip_config4.txt', part_config=None, n_classes=None, num_gpus=8, num_epochs=20, num_hidden=256, model_num_hidden=256, fan_out='10,25', batch_size=1000, batch_size_eval=100000, log_every=20, eval_every=1, lr=0.003, dropout=0.5, local_rank=None, standalone=False, sparse_lr=0.01, presampling=True, hot_threshold=None, hot_low_threshold=0.0, emb_cache_rate=0.4, optim='adam', model='sage', infer_method='layerwise', state_cache=False)
start graph service on server 26 for part 1
Server is waiting for connections on [172.31.25.229:30060]...
Server (26) shutdown.
Server is exiting...
Namespace(cache_server_addr='127.0.0.1', cache_server_port=32451, graph_name='ogbn-products', id=None, ip_config='ip_config4.txt', part_config=None, n_classes=None, num_gpus=8, num_epochs=20, num_hidden=256, model_num_hidden=256, fan_out='10,25', batch_size=1000, batch_size_eval=100000, log_every=20, eval_every=1, lr=0.003, dropout=0.5, local_rank=None, standalone=False, sparse_lr=0.01, presampling=True, hot_threshold=None, hot_low_threshold=0.0, emb_cache_rate=0.4, optim='adam', model='sage', infer_method='layerwise', state_cache=False)
start graph service on server 40 for part 2
Server is waiting for connections on [172.31.20.203:30058]...
Server (40) shutdown.
Server is exiting...
Namespace(cache_server_addr='127.0.0.1', cache_server_port=32451, graph_name='ogbn-products', id=None, ip_config='ip_config4.txt', part_config=None, n_classes=None, num_gpus=8, num_epochs=20, num_hidden=256, model_num_hidden=256, fan_out='10,25', batch_size=1000, batch_size_eval=100000, log_every=20, eval_every=1, lr=0.003, dropout=0.5, local_rank=None, standalone=False, sparse_lr=0.01, presampling=True, hot_threshold=None, hot_low_threshold=0.0, emb_cache_rate=0.4, optim='adam', model='sage', infer_method='layerwise', state_cache=False)
start graph service on server 42 for part 2
Server is waiting for connections on [172.31.20.203:30060]...
Server (42) shutdown.
Server is exiting...
Namespace(cache_server_addr='127.0.0.1', cache_server_port=32451, graph_name='ogbn-products', id=None, ip_config='ip_config4.txt', part_config=None, n_classes=None, num_gpus=8, num_epochs=20, num_hidden=256, model_num_hidden=256, fan_out='10,25', batch_size=1000, batch_size_eval=100000, log_every=20, eval_every=1, lr=0.003, dropout=0.5, local_rank=None, standalone=False, sparse_lr=0.01, presampling=True, hot_threshold=None, hot_low_threshold=0.0, emb_cache_rate=0.4, optim='adam', model='sage', infer_method='layerwise', state_cache=False)
start graph service on server 37 for part 2
Server is waiting for connections on [172.31.20.203:30055]...
Server (37) shutdown.
Server is exiting...
Namespace(cache_server_addr='127.0.0.1', cache_server_port=32451, graph_name='ogbn-products', id=None, ip_config='ip_config4.txt', part_config=None, n_classes=None, num_gpus=8, num_epochs=20, num_hidden=256, model_num_hidden=256, fan_out='10,25', batch_size=1000, batch_size_eval=100000, log_every=20, eval_every=1, lr=0.003, dropout=0.5, local_rank=None, standalone=False, sparse_lr=0.01, presampling=True, hot_threshold=None, hot_low_threshold=0.0, emb_cache_rate=0.4, optim='adam', model='sage', infer_method='layerwise', state_cache=False)
start graph service on server 39 for part 2
Server is waiting for connections on [172.31.20.203:30057]...
Server (39) shutdown.
Server is exiting...
Namespace(cache_server_addr='127.0.0.1', cache_server_port=32451, graph_name='ogbn-products', id=None, ip_config='ip_config4.txt', part_config=None, n_classes=None, num_gpus=8, num_epochs=20, num_hidden=256, model_num_hidden=256, fan_out='10,25', batch_size=1000, batch_size_eval=100000, log_every=20, eval_every=1, lr=0.003, dropout=0.5, local_rank=None, standalone=False, sparse_lr=0.01, presampling=True, hot_threshold=None, hot_low_threshold=0.0, emb_cache_rate=0.4, optim='adam', model='sage', infer_method='layerwise', state_cache=False)
start graph service on server 18 for part 1
Server is waiting for connections on [172.31.25.229:30052]...
Server (18) shutdown.
Server is exiting...
Namespace(cache_server_addr='127.0.0.1', cache_server_port=32451, graph_name='ogbn-products', id=None, ip_config='ip_config4.txt', part_config=None, n_classes=None, num_gpus=8, num_epochs=20, num_hidden=256, model_num_hidden=256, fan_out='10,25', batch_size=1000, batch_size_eval=100000, log_every=20, eval_every=1, lr=0.003, dropout=0.5, local_rank=None, standalone=False, sparse_lr=0.01, presampling=True, hot_threshold=None, hot_low_threshold=0.0, emb_cache_rate=0.4, optim='adam', model='sage', infer_method='layerwise', state_cache=False)
start graph service on server 27 for part 1
Server is waiting for connections on [172.31.25.229:30061]...
Server (27) shutdown.
Server is exiting...
Namespace(cache_server_addr='127.0.0.1', cache_server_port=32451, graph_name='ogbn-products', id=None, ip_config='ip_config4.txt', part_config=None, n_classes=None, num_gpus=8, num_epochs=20, num_hidden=256, model_num_hidden=256, fan_out='10,25', batch_size=1000, batch_size_eval=100000, log_every=20, eval_every=1, lr=0.003, dropout=0.5, local_rank=None, standalone=False, sparse_lr=0.01, presampling=True, hot_threshold=None, hot_low_threshold=0.0, emb_cache_rate=0.4, optim='adam', model='sage', infer_method='layerwise', state_cache=False)
start graph service on server 36 for part 2
Server is waiting for connections on [172.31.20.203:30054]...
Server (36) shutdown.
Server is exiting...
Namespace(cache_server_addr='127.0.0.1', cache_server_port=32451, graph_name='ogbn-products', id=None, ip_config='ip_config4.txt', part_config=None, n_classes=None, num_gpus=8, num_epochs=20, num_hidden=256, model_num_hidden=256, fan_out='10,25', batch_size=1000, batch_size_eval=100000, log_every=20, eval_every=1, lr=0.003, dropout=0.5, local_rank=None, standalone=False, sparse_lr=0.01, presampling=True, hot_threshold=None, hot_low_threshold=0.0, emb_cache_rate=0.4, optim='adam', model='sage', infer_method='layerwise', state_cache=False)
start graph service on server 19 for part 1
Server is waiting for connections on [172.31.25.229:30053]...
Server (19) shutdown.
Server is exiting...
Namespace(cache_server_addr='127.0.0.1', cache_server_port=32451, graph_name='ogbn-products', id=None, ip_config='ip_config4.txt', part_config=None, n_classes=None, num_gpus=8, num_epochs=20, num_hidden=256, model_num_hidden=256, fan_out='10,25', batch_size=1000, batch_size_eval=100000, log_every=20, eval_every=1, lr=0.003, dropout=0.5, local_rank=None, standalone=False, sparse_lr=0.01, presampling=True, hot_threshold=None, hot_low_threshold=0.0, emb_cache_rate=0.4, optim='adam', model='sage', infer_method='layerwise', state_cache=False)
start graph service on server 35 for part 2
Server is waiting for connections on [172.31.20.203:30053]...
Server (35) shutdown.
Server is exiting...
Namespace(cache_server_addr='127.0.0.1', cache_server_port=32451, graph_name='ogbn-products', id=None, ip_config='ip_config4.txt', part_config=None, n_classes=None, num_gpus=8, num_epochs=20, num_hidden=256, model_num_hidden=256, fan_out='10,25', batch_size=1000, batch_size_eval=100000, log_every=20, eval_every=1, lr=0.003, dropout=0.5, local_rank=None, standalone=False, sparse_lr=0.01, presampling=True, hot_threshold=None, hot_low_threshold=0.0, emb_cache_rate=0.4, optim='adam', model='sage', infer_method='layerwise', state_cache=False)
start graph service on server 28 for part 1
Server is waiting for connections on [172.31.25.229:30062]...
Server (28) shutdown.
Server is exiting...
Namespace(cache_server_addr='127.0.0.1', cache_server_port=32451, graph_name='ogbn-products', id=None, ip_config='ip_config4.txt', part_config=None, n_classes=None, num_gpus=8, num_epochs=20, num_hidden=256, model_num_hidden=256, fan_out='10,25', batch_size=1000, batch_size_eval=100000, log_every=20, eval_every=1, lr=0.003, dropout=0.5, local_rank=None, standalone=False, sparse_lr=0.01, presampling=True, hot_threshold=None, hot_low_threshold=0.0, emb_cache_rate=0.4, optim='adam', model='sage', infer_method='layerwise', state_cache=False)
start graph service on server 30 for part 1
Server is waiting for connections on [172.31.25.229:30064]...
Server (30) shutdown.
Server is exiting...
Namespace(cache_server_addr='127.0.0.1', cache_server_port=32451, graph_name='ogbn-products', id=None, ip_config='ip_config4.txt', part_config=None, n_classes=None, num_gpus=8, num_epochs=20, num_hidden=256, model_num_hidden=256, fan_out='10,25', batch_size=1000, batch_size_eval=100000, log_every=20, eval_every=1, lr=0.003, dropout=0.5, local_rank=None, standalone=False, sparse_lr=0.01, presampling=True, hot_threshold=None, hot_low_threshold=0.0, emb_cache_rate=0.4, optim='adam', model='sage', infer_method='layerwise', state_cache=False)
start graph service on server 17 for part 1
Server is waiting for connections on [172.31.25.229:30051]...
Server (17) shutdown.
Server is exiting...
Namespace(cache_server_addr='127.0.0.1', cache_server_port=32451, graph_name='ogbn-products', id=None, ip_config='ip_config4.txt', part_config=None, n_classes=None, num_gpus=8, num_epochs=20, num_hidden=256, model_num_hidden=256, fan_out='10,25', batch_size=1000, batch_size_eval=100000, log_every=20, eval_every=1, lr=0.003, dropout=0.5, local_rank=None, standalone=False, sparse_lr=0.01, presampling=True, hot_threshold=None, hot_low_threshold=0.0, emb_cache_rate=0.4, optim='adam', model='sage', infer_method='layerwise', state_cache=False)
start graph service on server 12 for part 0
Server is waiting for connections on [172.31.20.34:30062]...
Server (12) shutdown.
Server is exiting...
Namespace(cache_server_addr='127.0.0.1', cache_server_port=32451, graph_name='ogbn-products', id=None, ip_config='ip_config4.txt', part_config=None, n_classes=None, num_gpus=8, num_epochs=20, num_hidden=256, model_num_hidden=256, fan_out='10,25', batch_size=1000, batch_size_eval=100000, log_every=20, eval_every=1, lr=0.003, dropout=0.5, local_rank=None, standalone=False, sparse_lr=0.01, presampling=True, hot_threshold=None, hot_low_threshold=0.0, emb_cache_rate=0.4, optim='adam', model='sage', infer_method='layerwise', state_cache=False)
start graph service on server 8 for part 0
Server is waiting for connections on [172.31.20.34:30058]...
Server (8) shutdown.
Server is exiting...
Namespace(cache_server_addr='127.0.0.1', cache_server_port=32451, graph_name='ogbn-products', id=None, ip_config='ip_config4.txt', part_config=None, n_classes=None, num_gpus=8, num_epochs=20, num_hidden=256, model_num_hidden=256, fan_out='10,25', batch_size=1000, batch_size_eval=100000, log_every=20, eval_every=1, lr=0.003, dropout=0.5, local_rank=None, standalone=False, sparse_lr=0.01, presampling=True, hot_threshold=None, hot_low_threshold=0.0, emb_cache_rate=0.4, optim='adam', model='sage', infer_method='layerwise', state_cache=False)
start graph service on server 15 for part 0
Server is waiting for connections on [172.31.20.34:30065]...
Server (15) shutdown.
Server is exiting...
Namespace(cache_server_addr='127.0.0.1', cache_server_port=32451, graph_name='ogbn-products', id=None, ip_config='ip_config4.txt', part_config=None, n_classes=None, num_gpus=8, num_epochs=20, num_hidden=256, model_num_hidden=256, fan_out='10,25', batch_size=1000, batch_size_eval=100000, log_every=20, eval_every=1, lr=0.003, dropout=0.5, local_rank=None, standalone=False, sparse_lr=0.01, presampling=True, hot_threshold=None, hot_low_threshold=0.0, emb_cache_rate=0.4, optim='adam', model='sage', infer_method='layerwise', state_cache=False)
start graph service on server 1 for part 0
Server is waiting for connections on [172.31.20.34:30051]...
Server (1) shutdown.
Server is exiting...
Namespace(cache_server_addr='127.0.0.1', cache_server_port=32451, graph_name='ogbn-products', id=None, ip_config='ip_config4.txt', part_config=None, n_classes=None, num_gpus=8, num_epochs=20, num_hidden=256, model_num_hidden=256, fan_out='10,25', batch_size=1000, batch_size_eval=100000, log_every=20, eval_every=1, lr=0.003, dropout=0.5, local_rank=None, standalone=False, sparse_lr=0.01, presampling=True, hot_threshold=None, hot_low_threshold=0.0, emb_cache_rate=0.4, optim='adam', model='sage', infer_method='layerwise', state_cache=False)
start graph service on server 14 for part 0
Server is waiting for connections on [172.31.20.34:30064]...
Server (14) shutdown.
Server is exiting...
Namespace(cache_server_addr='127.0.0.1', cache_server_port=32451, graph_name='ogbn-products', id=None, ip_config='ip_config4.txt', part_config=None, n_classes=None, num_gpus=8, num_epochs=20, num_hidden=256, model_num_hidden=256, fan_out='10,25', batch_size=1000, batch_size_eval=100000, log_every=20, eval_every=1, lr=0.003, dropout=0.5, local_rank=None, standalone=False, sparse_lr=0.01, presampling=True, hot_threshold=None, hot_low_threshold=0.0, emb_cache_rate=0.4, optim='adam', model='sage', infer_method='layerwise', state_cache=False)
start graph service on server 54 for part 3
Server is waiting for connections on [172.31.16.179:30056]...
Server (54) shutdown.
Server is exiting...
Namespace(cache_server_addr='127.0.0.1', cache_server_port=32451, graph_name='ogbn-products', id=None, ip_config='ip_config4.txt', part_config=None, n_classes=None, num_gpus=8, num_epochs=20, num_hidden=256, model_num_hidden=256, fan_out='10,25', batch_size=1000, batch_size_eval=100000, log_every=20, eval_every=1, lr=0.003, dropout=0.5, local_rank=None, standalone=False, sparse_lr=0.01, presampling=True, hot_threshold=None, hot_low_threshold=0.0, emb_cache_rate=0.4, optim='adam', model='sage', infer_method='layerwise', state_cache=False)
start graph service on server 62 for part 3
Server is waiting for connections on [172.31.16.179:30064]...
Server (62) shutdown.
Server is exiting...
Namespace(cache_server_addr='127.0.0.1', cache_server_port=32451, graph_name='ogbn-products', id=None, ip_config='ip_config4.txt', part_config=None, n_classes=None, num_gpus=8, num_epochs=20, num_hidden=256, model_num_hidden=256, fan_out='10,25', batch_size=1000, batch_size_eval=100000, log_every=20, eval_every=1, lr=0.003, dropout=0.5, local_rank=None, standalone=False, sparse_lr=0.01, presampling=True, hot_threshold=None, hot_low_threshold=0.0, emb_cache_rate=0.4, optim='adam', model='sage', infer_method='layerwise', state_cache=False)
start graph service on server 63 for part 3
Server is waiting for connections on [172.31.16.179:30065]...
Server (63) shutdown.
Server is exiting...
Namespace(cache_server_addr='127.0.0.1', cache_server_port=32451, graph_name='ogbn-products', id=None, ip_config='ip_config4.txt', part_config=None, n_classes=None, num_gpus=8, num_epochs=20, num_hidden=256, model_num_hidden=256, fan_out='10,25', batch_size=1000, batch_size_eval=100000, log_every=20, eval_every=1, lr=0.003, dropout=0.5, local_rank=None, standalone=False, sparse_lr=0.01, presampling=True, hot_threshold=None, hot_low_threshold=0.0, emb_cache_rate=0.4, optim='adam', model='sage', infer_method='layerwise', state_cache=False)
start graph service on server 57 for part 3
Server is waiting for connections on [172.31.16.179:30059]...
Server (57) shutdown.
Server is exiting...
Namespace(cache_server_addr='127.0.0.1', cache_server_port=32451, graph_name='ogbn-products', id=None, ip_config='ip_config4.txt', part_config=None, n_classes=None, num_gpus=8, num_epochs=20, num_hidden=256, model_num_hidden=256, fan_out='10,25', batch_size=1000, batch_size_eval=100000, log_every=20, eval_every=1, lr=0.003, dropout=0.5, local_rank=None, standalone=False, sparse_lr=0.01, presampling=True, hot_threshold=None, hot_low_threshold=0.0, emb_cache_rate=0.4, optim='adam', model='sage', infer_method='layerwise', state_cache=False)
start graph service on server 60 for part 3
Server is waiting for connections on [172.31.16.179:30062]...
Server (60) shutdown.
Server is exiting...
Namespace(cache_server_addr='127.0.0.1', cache_server_port=32451, graph_name='ogbn-products', id=None, ip_config='ip_config4.txt', part_config=None, n_classes=None, num_gpus=8, num_epochs=20, num_hidden=256, model_num_hidden=256, fan_out='10,25', batch_size=1000, batch_size_eval=100000, log_every=20, eval_every=1, lr=0.003, dropout=0.5, local_rank=None, standalone=False, sparse_lr=0.01, presampling=True, hot_threshold=None, hot_low_threshold=0.0, emb_cache_rate=0.4, optim='adam', model='sage', infer_method='layerwise', state_cache=False)
start graph service on server 61 for part 3
Server is waiting for connections on [172.31.16.179:30063]...
Server (61) shutdown.
Server is exiting...
Namespace(cache_server_addr='127.0.0.1', cache_server_port=32451, graph_name='ogbn-products', id=None, ip_config='ip_config4.txt', part_config=None, n_classes=None, num_gpus=8, num_epochs=20, num_hidden=256, model_num_hidden=256, fan_out='10,25', batch_size=1000, batch_size_eval=100000, log_every=20, eval_every=1, lr=0.003, dropout=0.5, local_rank=None, standalone=False, sparse_lr=0.01, presampling=True, hot_threshold=None, hot_low_threshold=0.0, emb_cache_rate=0.4, optim='adam', model='sage', infer_method='layerwise', state_cache=False)
start graph service on server 58 for part 3
Server is waiting for connections on [172.31.16.179:30060]...
Server (58) shutdown.
Server is exiting...
Namespace(cache_server_addr='127.0.0.1', cache_server_port=32451, graph_name='ogbn-products', id=None, ip_config='ip_config4.txt', part_config=None, n_classes=None, num_gpus=8, num_epochs=20, num_hidden=256, model_num_hidden=256, fan_out='10,25', batch_size=1000, batch_size_eval=100000, log_every=20, eval_every=1, lr=0.003, dropout=0.5, local_rank=None, standalone=False, sparse_lr=0.01, presampling=True, hot_threshold=None, hot_low_threshold=0.0, emb_cache_rate=0.4, optim='adam', model='sage', infer_method='layerwise', state_cache=False)
start graph service on server 55 for part 3
Server is waiting for connections on [172.31.16.179:30057]...
Server (55) shutdown.
Server is exiting...
Namespace(cache_server_addr='127.0.0.1', cache_server_port=32451, graph_name='ogbn-products', id=None, ip_config='ip_config4.txt', part_config=None, n_classes=None, num_gpus=8, num_epochs=20, num_hidden=256, model_num_hidden=256, fan_out='10,25', batch_size=1000, batch_size_eval=100000, log_every=20, eval_every=1, lr=0.003, dropout=0.5, local_rank=None, standalone=False, sparse_lr=0.01, presampling=True, hot_threshold=None, hot_low_threshold=0.0, emb_cache_rate=0.4, optim='adam', model='sage', infer_method='layerwise', state_cache=False)
start graph service on server 56 for part 3
Server is waiting for connections on [172.31.16.179:30058]...
Server (56) shutdown.
Server is exiting...
Namespace(cache_server_addr='127.0.0.1', cache_server_port=32451, graph_name='ogbn-products', id=None, ip_config='ip_config4.txt', part_config=None, n_classes=None, num_gpus=8, num_epochs=20, num_hidden=256, model_num_hidden=256, fan_out='10,25', batch_size=1000, batch_size_eval=100000, log_every=20, eval_every=1, lr=0.003, dropout=0.5, local_rank=None, standalone=False, sparse_lr=0.01, presampling=True, hot_threshold=None, hot_low_threshold=0.0, emb_cache_rate=0.4, optim='adam', model='sage', infer_method='layerwise', state_cache=False)
start graph service on server 59 for part 3
Server is waiting for connections on [172.31.16.179:30061]...
Server (59) shutdown.
Server is exiting...
Client [34613] waits on 172.31.16.179:33829
Machine (3) group (0) client (1) connect to server successfuly!
Client[1] in group[0] is exiting...
Client [34602] waits on 172.31.16.179:52195
Machine (3) group (0) client (12) connect to server successfuly!
Client[12] in group[0] is exiting...
Client [34604] waits on 172.31.16.179:49781
Machine (3) group (0) client (10) connect to server successfuly!
Client[10] in group[0] is exiting...
Client [34572] waits on 172.31.16.179:39517
Machine (3) group (0) client (6) connect to server successfuly!
Client[6] in group[0] is exiting...
Client [34593] waits on 172.31.16.179:59213
Machine (3) group (0) client (13) connect to server successfuly!
Client[13] in group[0] is exiting...
Client [34571] waits on 172.31.16.179:35417
Machine (3) group (0) client (4) connect to server successfuly!
Client[4] in group[0] is exiting...
Client [34600] waits on 172.31.16.179:60187
Machine (3) group (0) client (15) connect to server successfuly!
Client[15] in group[0] is exiting...
Client [237704] waits on 172.31.20.34:37073
Machine (0) group (0) client (33) connect to server successfuly!
Client[33] in group[0] is exiting...
Client [33970] waits on 172.31.20.203:49863
Machine (2) group (0) client (24) connect to server successfuly!
Client[24] in group[0] is exiting...
Client [33935] waits on 172.31.20.203:52563
Machine (2) group (0) client (26) connect to server successfuly!
Client[26] in group[0] is exiting...
Client [33939] waits on 172.31.20.203:56187
Machine (2) group (0) client (28) connect to server successfuly!
Client[28] in group[0] is exiting...
Client [33948] waits on 172.31.20.203:43509
Machine (2) group (0) client (20) connect to server successfuly!
Client[20] in group[0] is exiting...
Client [237700] waits on 172.31.20.34:56637
Machine (0) group (0) client (46) connect to server successfuly!
Client[46] in group[0] is exiting...
Client [237689] waits on 172.31.20.34:44893
Machine (0) group (0) client (39) connect to server successfuly!
Client[39] in group[0] is exiting...
Client [33933] waits on 172.31.20.203:38415
Machine (2) group (0) client (19) connect to server successfuly!
Client[19] in group[0] is exiting...
Client [31697] waits on 172.31.25.229:51345
Machine (1) group (0) client (59) connect to server successfuly!
Client[59] in group[0] is exiting...
Client [237699] waits on 172.31.20.34:40675
Machine (0) group (0) client (35) connect to server successfuly!
Client[35] in group[0] is exiting...
Client [31706] waits on 172.31.25.229:51945
Machine (1) group (0) client (60) connect to server successfuly!
Client[60] in group[0] is exiting...
Client [33945] waits on 172.31.20.203:54089
Machine (2) group (0) client (27) connect to server successfuly!
Client[27] in group[0] is exiting...
Client [31708] waits on 172.31.25.229:49019
Machine (1) group (0) client (56) connect to server successfuly!
Client[56] in group[0] is exiting...
Client [33926] waits on 172.31.20.203:36905
Machine (2) group (0) client (18) connect to server successfuly!
Client[18] in group[0] is exiting...
Client [237675] waits on 172.31.20.34:50949
Machine (0) group (0) client (44) connect to server successfuly!
Client[44] in group[0] is exiting...
Client [31712] waits on 172.31.25.229:59985
Machine (1) group (0) client (63) connect to server successfuly!
Client[63] in group[0] is exiting...
Client [31710] waits on 172.31.25.229:39401
Machine (1) group (0) client (51) connect to server successfuly!
Client[51] in group[0] is exiting...
Client [31707] waits on 172.31.25.229:50581
Machine (1) group (0) client (58) connect to server successfuly!
Client[58] in group[0] is exiting...
Client [237702] waits on 172.31.20.34:53179
Machine (0) group (0) client (45) connect to server successfuly!
Client[45] in group[0] is exiting...
Client [237677] waits on 172.31.20.34:50137
Machine (0) group (0) client (41) connect to server successfuly!
Client[41] in group[0] is exiting...
Client [31715] waits on 172.31.25.229:49647
Machine (1) group (0) client (57) connect to server successfuly!
Client[57] in group[0] is exiting...
Client [31721] waits on 172.31.25.229:41177
Machine (1) group (0) client (52) connect to server successfuly!
Client[52] in group[0] is exiting...
Client [237698] waits on 172.31.20.34:38431
Machine (0) group (0) client (34) connect to server successfuly!
Client[34] in group[0] is exiting...
Client [34606] waits on 172.31.16.179:42469
Machine (3) group (0) client (7) connect to server successfuly!
Client[7] in group[0] is exiting...
Client [33946] waits on 172.31.20.203:50597
Machine (2) group (0) client (25) connect to server successfuly!
Client[25] in group[0] is exiting...
cleanup process runs
