The number of OMP threads per trainer is set to 6
Namespace(cache_server_addr='127.0.0.1', cache_server_port=32451, graph_name='ogbn-products', id=None, ip_config='ip_config4.txt', part_config=None, n_classes=None, num_gpus=8, num_epochs=20, num_hidden=256, model_num_hidden=256, fan_out='5,10,15', batch_size=1000, batch_size_eval=100000, log_every=20, eval_every=1, lr=0.003, dropout=0.5, local_rank=None, standalone=False, sparse_lr=0.01, presampling=True, hot_threshold=0.1, emb_cache_rate=0.2, optim='adam', model='gcn', infer_method='layerwise', state_cache=False)
Namespace(cache_server_addr='127.0.0.1', cache_server_port=32451, graph_name='ogbn-products', id=None, ip_config='ip_config4.txt', part_config=None, n_classes=None, num_gpus=8, num_epochs=20, num_hidden=256, model_num_hidden=256, fan_out='5,10,15', batch_size=1000, batch_size_eval=100000, log_every=20, eval_every=1, lr=0.003, dropout=0.5, local_rank=None, standalone=False, sparse_lr=0.01, presampling=True, hot_threshold=0.1, emb_cache_rate=0.2, optim='adam', model='gcn', infer_method='layerwise', state_cache=False)
Namespace(cache_server_addr='127.0.0.1', cache_server_port=32451, graph_name='ogbn-products', id=None, ip_config='ip_config4.txt', part_config=None, n_classes=None, num_gpus=8, num_epochs=20, num_hidden=256, model_num_hidden=256, fan_out='5,10,15', batch_size=1000, batch_size_eval=100000, log_every=20, eval_every=1, lr=0.003, dropout=0.5, local_rank=None, standalone=False, sparse_lr=0.01, presampling=True, hot_threshold=0.1, emb_cache_rate=0.2, optim='adam', model='gcn', infer_method='layerwise', state_cache=False)
Namespace(cache_server_addr='127.0.0.1', cache_server_port=32451, graph_name='ogbn-products', id=None, ip_config='ip_config4.txt', part_config=None, n_classes=None, num_gpus=8, num_epochs=20, num_hidden=256, model_num_hidden=256, fan_out='5,10,15', batch_size=1000, batch_size_eval=100000, log_every=20, eval_every=1, lr=0.003, dropout=0.5, local_rank=None, standalone=False, sparse_lr=0.01, presampling=True, hot_threshold=0.1, emb_cache_rate=0.2, optim='adam', model='gcn', infer_method='layerwise', state_cache=False)
Namespace(cache_server_addr='127.0.0.1', cache_server_port=32451, graph_name='ogbn-products', id=None, ip_config='ip_config4.txt', part_config=None, n_classes=None, num_gpus=8, num_epochs=20, num_hidden=256, model_num_hidden=256, fan_out='5,10,15', batch_size=1000, batch_size_eval=100000, log_every=20, eval_every=1, lr=0.003, dropout=0.5, local_rank=None, standalone=False, sparse_lr=0.01, presampling=True, hot_threshold=0.1, emb_cache_rate=0.2, optim='adam', model='gcn', infer_method='layerwise', state_cache=False)
Namespace(cache_server_addr='127.0.0.1', cache_server_port=32451, graph_name='ogbn-products', id=None, ip_config='ip_config4.txt', part_config=None, n_classes=None, num_gpus=8, num_epochs=20, num_hidden=256, model_num_hidden=256, fan_out='5,10,15', batch_size=1000, batch_size_eval=100000, log_every=20, eval_every=1, lr=0.003, dropout=0.5, local_rank=None, standalone=False, sparse_lr=0.01, presampling=True, hot_threshold=0.1, emb_cache_rate=0.2, optim='adam', model='gcn', infer_method='layerwise', state_cache=False)
Namespace(cache_server_addr='127.0.0.1', cache_server_port=32451, graph_name='ogbn-products', id=None, ip_config='ip_config4.txt', part_config=None, n_classes=None, num_gpus=8, num_epochs=20, num_hidden=256, model_num_hidden=256, fan_out='5,10,15', batch_size=1000, batch_size_eval=100000, log_every=20, eval_every=1, lr=0.003, dropout=0.5, local_rank=None, standalone=False, sparse_lr=0.01, presampling=True, hot_threshold=0.1, emb_cache_rate=0.2, optim='adam', model='gcn', infer_method='layerwise', state_cache=False)
Namespace(cache_server_addr='127.0.0.1', cache_server_port=32451, graph_name='ogbn-products', id=None, ip_config='ip_config4.txt', part_config=None, n_classes=None, num_gpus=8, num_epochs=20, num_hidden=256, model_num_hidden=256, fan_out='5,10,15', batch_size=1000, batch_size_eval=100000, log_every=20, eval_every=1, lr=0.003, dropout=0.5, local_rank=None, standalone=False, sparse_lr=0.01, presampling=True, hot_threshold=0.1, emb_cache_rate=0.2, optim='adam', model='gcn', infer_method='layerwise', state_cache=False)
Namespace(cache_server_addr='127.0.0.1', cache_server_port=32451, graph_name='ogbn-products', id=None, ip_config='ip_config4.txt', part_config=None, n_classes=None, num_gpus=8, num_epochs=20, num_hidden=256, model_num_hidden=256, fan_out='5,10,15', batch_size=1000, batch_size_eval=100000, log_every=20, eval_every=1, lr=0.003, dropout=0.5, local_rank=None, standalone=False, sparse_lr=0.01, presampling=True, hot_threshold=0.1, emb_cache_rate=0.2, optim='adam', model='gcn', infer_method='layerwise', state_cache=False)
Namespace(cache_server_addr='127.0.0.1', cache_server_port=32451, graph_name='ogbn-products', id=None, ip_config='ip_config4.txt', part_config=None, n_classes=None, num_gpus=8, num_epochs=20, num_hidden=256, model_num_hidden=256, fan_out='5,10,15', batch_size=1000, batch_size_eval=100000, log_every=20, eval_every=1, lr=0.003, dropout=0.5, local_rank=None, standalone=False, sparse_lr=0.01, presampling=True, hot_threshold=0.1, emb_cache_rate=0.2, optim='adam', model='gcn', infer_method='layerwise', state_cache=False)
Namespace(cache_server_addr='127.0.0.1', cache_server_port=32451, graph_name='ogbn-products', id=None, ip_config='ip_config4.txt', part_config=None, n_classes=None, num_gpus=8, num_epochs=20, num_hidden=256, model_num_hidden=256, fan_out='5,10,15', batch_size=1000, batch_size_eval=100000, log_every=20, eval_every=1, lr=0.003, dropout=0.5, local_rank=None, standalone=False, sparse_lr=0.01, presampling=True, hot_threshold=0.1, emb_cache_rate=0.2, optim='adam', model='gcn', infer_method='layerwise', state_cache=False)
Namespace(cache_server_addr='127.0.0.1', cache_server_port=32451, graph_name='ogbn-products', id=None, ip_config='ip_config4.txt', part_config=None, n_classes=None, num_gpus=8, num_epochs=20, num_hidden=256, model_num_hidden=256, fan_out='5,10,15', batch_size=1000, batch_size_eval=100000, log_every=20, eval_every=1, lr=0.003, dropout=0.5, local_rank=None, standalone=False, sparse_lr=0.01, presampling=True, hot_threshold=0.1, emb_cache_rate=0.2, optim='adam', model='gcn', infer_method='layerwise', state_cache=False)
Namespace(cache_server_addr='127.0.0.1', cache_server_port=32451, graph_name='ogbn-products', id=None, ip_config='ip_config4.txt', part_config=None, n_classes=None, num_gpus=8, num_epochs=20, num_hidden=256, model_num_hidden=256, fan_out='5,10,15', batch_size=1000, batch_size_eval=100000, log_every=20, eval_every=1, lr=0.003, dropout=0.5, local_rank=None, standalone=False, sparse_lr=0.01, presampling=True, hot_threshold=0.1, emb_cache_rate=0.2, optim='adam', model='gcn', infer_method='layerwise', state_cache=False)
Namespace(cache_server_addr='127.0.0.1', cache_server_port=32451, graph_name='ogbn-products', id=None, ip_config='ip_config4.txt', part_config=None, n_classes=None, num_gpus=8, num_epochs=20, num_hidden=256, model_num_hidden=256, fan_out='5,10,15', batch_size=1000, batch_size_eval=100000, log_every=20, eval_every=1, lr=0.003, dropout=0.5, local_rank=None, standalone=False, sparse_lr=0.01, presampling=True, hot_threshold=0.1, emb_cache_rate=0.2, optim='adam', model='gcn', infer_method='layerwise', state_cache=False)
Namespace(cache_server_addr='127.0.0.1', cache_server_port=32451, graph_name='ogbn-products', id=None, ip_config='ip_config4.txt', part_config=None, n_classes=None, num_gpus=8, num_epochs=20, num_hidden=256, model_num_hidden=256, fan_out='5,10,15', batch_size=1000, batch_size_eval=100000, log_every=20, eval_every=1, lr=0.003, dropout=0.5, local_rank=None, standalone=False, sparse_lr=0.01, presampling=True, hot_threshold=0.1, emb_cache_rate=0.2, optim='adam', model='gcn', infer_method='layerwise', state_cache=False)
Namespace(cache_server_addr='127.0.0.1', cache_server_port=32451, graph_name='ogbn-products', id=None, ip_config='ip_config4.txt', part_config=None, n_classes=None, num_gpus=8, num_epochs=20, num_hidden=256, model_num_hidden=256, fan_out='5,10,15', batch_size=1000, batch_size_eval=100000, log_every=20, eval_every=1, lr=0.003, dropout=0.5, local_rank=None, standalone=False, sparse_lr=0.01, presampling=True, hot_threshold=0.1, emb_cache_rate=0.2, optim='adam', model='gcn', infer_method='layerwise', state_cache=False)
Namespace(cache_server_addr='127.0.0.1', cache_server_port=32451, graph_name='ogbn-products', id=None, ip_config='ip_config4.txt', part_config=None, n_classes=None, num_gpus=8, num_epochs=20, num_hidden=256, model_num_hidden=256, fan_out='5,10,15', batch_size=1000, batch_size_eval=100000, log_every=20, eval_every=1, lr=0.003, dropout=0.5, local_rank=None, standalone=False, sparse_lr=0.01, presampling=True, hot_threshold=0.1, emb_cache_rate=0.2, optim='adam', model='gcn', infer_method='layerwise', state_cache=False)
Namespace(cache_server_addr='127.0.0.1', cache_server_port=32451, graph_name='ogbn-products', id=None, ip_config='ip_config4.txt', part_config=None, n_classes=None, num_gpus=8, num_epochs=20, num_hidden=256, model_num_hidden=256, fan_out='5,10,15', batch_size=1000, batch_size_eval=100000, log_every=20, eval_every=1, lr=0.003, dropout=0.5, local_rank=None, standalone=False, sparse_lr=0.01, presampling=True, hot_threshold=0.1, emb_cache_rate=0.2, optim='adam', model='gcn', infer_method='layerwise', state_cache=False)
Namespace(cache_server_addr='127.0.0.1', cache_server_port=32451, graph_name='ogbn-products', id=None, ip_config='ip_config4.txt', part_config=None, n_classes=None, num_gpus=8, num_epochs=20, num_hidden=256, model_num_hidden=256, fan_out='5,10,15', batch_size=1000, batch_size_eval=100000, log_every=20, eval_every=1, lr=0.003, dropout=0.5, local_rank=None, standalone=False, sparse_lr=0.01, presampling=True, hot_threshold=0.1, emb_cache_rate=0.2, optim='adam', model='gcn', infer_method='layerwise', state_cache=False)
Namespace(cache_server_addr='127.0.0.1', cache_server_port=32451, graph_name='ogbn-products', id=None, ip_config='ip_config4.txt', part_config=None, n_classes=None, num_gpus=8, num_epochs=20, num_hidden=256, model_num_hidden=256, fan_out='5,10,15', batch_size=1000, batch_size_eval=100000, log_every=20, eval_every=1, lr=0.003, dropout=0.5, local_rank=None, standalone=False, sparse_lr=0.01, presampling=True, hot_threshold=0.1, emb_cache_rate=0.2, optim='adam', model='gcn', infer_method='layerwise', state_cache=False)
Namespace(cache_server_addr='127.0.0.1', cache_server_port=32451, graph_name='ogbn-products', id=None, ip_config='ip_config4.txt', part_config=None, n_classes=None, num_gpus=8, num_epochs=20, num_hidden=256, model_num_hidden=256, fan_out='5,10,15', batch_size=1000, batch_size_eval=100000, log_every=20, eval_every=1, lr=0.003, dropout=0.5, local_rank=None, standalone=False, sparse_lr=0.01, presampling=True, hot_threshold=0.1, emb_cache_rate=0.2, optim='adam', model='gcn', infer_method='layerwise', state_cache=False)
Namespace(cache_server_addr='127.0.0.1', cache_server_port=32451, graph_name='ogbn-products', id=None, ip_config='ip_config4.txt', part_config=None, n_classes=None, num_gpus=8, num_epochs=20, num_hidden=256, model_num_hidden=256, fan_out='5,10,15', batch_size=1000, batch_size_eval=100000, log_every=20, eval_every=1, lr=0.003, dropout=0.5, local_rank=None, standalone=False, sparse_lr=0.01, presampling=True, hot_threshold=0.1, emb_cache_rate=0.2, optim='adam', model='gcn', infer_method='layerwise', state_cache=False)
Namespace(cache_server_addr='127.0.0.1', cache_server_port=32451, graph_name='ogbn-products', id=None, ip_config='ip_config4.txt', part_config=None, n_classes=None, num_gpus=8, num_epochs=20, num_hidden=256, model_num_hidden=256, fan_out='5,10,15', batch_size=1000, batch_size_eval=100000, log_every=20, eval_every=1, lr=0.003, dropout=0.5, local_rank=None, standalone=False, sparse_lr=0.01, presampling=True, hot_threshold=0.1, emb_cache_rate=0.2, optim='adam', model='gcn', infer_method='layerwise', state_cache=False)
Namespace(cache_server_addr='127.0.0.1', cache_server_port=32451, graph_name='ogbn-products', id=None, ip_config='ip_config4.txt', part_config=None, n_classes=None, num_gpus=8, num_epochs=20, num_hidden=256, model_num_hidden=256, fan_out='5,10,15', batch_size=1000, batch_size_eval=100000, log_every=20, eval_every=1, lr=0.003, dropout=0.5, local_rank=None, standalone=False, sparse_lr=0.01, presampling=True, hot_threshold=0.1, emb_cache_rate=0.2, optim='adam', model='gcn', infer_method='layerwise', state_cache=False)
Namespace(cache_server_addr='127.0.0.1', cache_server_port=32451, graph_name='ogbn-products', id=None, ip_config='ip_config4.txt', part_config=None, n_classes=None, num_gpus=8, num_epochs=20, num_hidden=256, model_num_hidden=256, fan_out='5,10,15', batch_size=1000, batch_size_eval=100000, log_every=20, eval_every=1, lr=0.003, dropout=0.5, local_rank=None, standalone=False, sparse_lr=0.01, presampling=True, hot_threshold=0.1, emb_cache_rate=0.2, optim='adam', model='gcn', infer_method='layerwise', state_cache=False)Namespace(cache_server_addr='127.0.0.1', cache_server_port=32451, graph_name='ogbn-products', id=None, ip_config='ip_config4.txt', part_config=None, n_classes=None, num_gpus=8, num_epochs=20, num_hidden=256, model_num_hidden=256, fan_out='5,10,15', batch_size=1000, batch_size_eval=100000, log_every=20, eval_every=1, lr=0.003, dropout=0.5, local_rank=None, standalone=False, sparse_lr=0.01, presampling=True, hot_threshold=0.1, emb_cache_rate=0.2, optim='adam', model='gcn', infer_method='layerwise', state_cache=False)

Namespace(cache_server_addr='127.0.0.1', cache_server_port=32451, graph_name='ogbn-products', id=None, ip_config='ip_config4.txt', part_config=None, n_classes=None, num_gpus=8, num_epochs=20, num_hidden=256, model_num_hidden=256, fan_out='5,10,15', batch_size=1000, batch_size_eval=100000, log_every=20, eval_every=1, lr=0.003, dropout=0.5, local_rank=None, standalone=False, sparse_lr=0.01, presampling=True, hot_threshold=0.1, emb_cache_rate=0.2, optim='adam', model='gcn', infer_method='layerwise', state_cache=False)
Namespace(cache_server_addr='127.0.0.1', cache_server_port=32451, graph_name='ogbn-products', id=None, ip_config='ip_config4.txt', part_config=None, n_classes=None, num_gpus=8, num_epochs=20, num_hidden=256, model_num_hidden=256, fan_out='5,10,15', batch_size=1000, batch_size_eval=100000, log_every=20, eval_every=1, lr=0.003, dropout=0.5, local_rank=None, standalone=False, sparse_lr=0.01, presampling=True, hot_threshold=0.1, emb_cache_rate=0.2, optim='adam', model='gcn', infer_method='layerwise', state_cache=False)
Namespace(cache_server_addr='127.0.0.1', cache_server_port=32451, graph_name='ogbn-products', id=None, ip_config='ip_config4.txt', part_config=None, n_classes=None, num_gpus=8, num_epochs=20, num_hidden=256, model_num_hidden=256, fan_out='5,10,15', batch_size=1000, batch_size_eval=100000, log_every=20, eval_every=1, lr=0.003, dropout=0.5, local_rank=None, standalone=False, sparse_lr=0.01, presampling=True, hot_threshold=0.1, emb_cache_rate=0.2, optim='adam', model='gcn', infer_method='layerwise', state_cache=False)
Namespace(cache_server_addr='127.0.0.1', cache_server_port=32451, graph_name='ogbn-products', id=None, ip_config='ip_config4.txt', part_config=None, n_classes=None, num_gpus=8, num_epochs=20, num_hidden=256, model_num_hidden=256, fan_out='5,10,15', batch_size=1000, batch_size_eval=100000, log_every=20, eval_every=1, lr=0.003, dropout=0.5, local_rank=None, standalone=False, sparse_lr=0.01, presampling=True, hot_threshold=0.1, emb_cache_rate=0.2, optim='adam', model='gcn', infer_method='layerwise', state_cache=False)
Namespace(cache_server_addr='127.0.0.1', cache_server_port=32451, graph_name='ogbn-products', id=None, ip_config='ip_config4.txt', part_config=None, n_classes=None, num_gpus=8, num_epochs=20, num_hidden=256, model_num_hidden=256, fan_out='5,10,15', batch_size=1000, batch_size_eval=100000, log_every=20, eval_every=1, lr=0.003, dropout=0.5, local_rank=None, standalone=False, sparse_lr=0.01, presampling=True, hot_threshold=0.1, emb_cache_rate=0.2, optim='adam', model='gcn', infer_method='layerwise', state_cache=False)
Namespace(cache_server_addr='127.0.0.1', cache_server_port=32451, graph_name='ogbn-products', id=None, ip_config='ip_config4.txt', part_config=None, n_classes=None, num_gpus=8, num_epochs=20, num_hidden=256, model_num_hidden=256, fan_out='5,10,15', batch_size=1000, batch_size_eval=100000, log_every=20, eval_every=1, lr=0.003, dropout=0.5, local_rank=None, standalone=False, sparse_lr=0.01, presampling=True, hot_threshold=0.1, emb_cache_rate=0.2, optim='adam', model='gcn', infer_method='layerwise', state_cache=False)
Client [192610] waits on 172.31.25.229:54941
Client [192613] waits on 172.31.25.229:58021
Machine (1) group (0) client (59) connect to server successfuly!
Machine (1) group (0) client (60) connect to server successfuly!
Client [191932] waits on 172.31.20.203:54563
Client [191952] waits on 172.31.20.203:42815
Machine (2) group (0) client (27) connect to server successfuly!
Client [371032] waits on 172.31.20.34:33649
Client [199486] waits on 172.31.16.179:34453Client [199478] waits on 172.31.16.179:33565

Client [199503] waits on 172.31.16.179:42579
Client [191931] waits on 172.31.20.203:54825
Client [199497] waits on 172.31.16.179:36269
Machine (2) group (0) client (28) connect to server successfuly!
Client [199480] waits on 172.31.16.179:59101
Client [199476] waits on 172.31.16.179:40651
Client [191935] waits on 172.31.20.203:51035
Client [191934] waits on 172.31.20.203:46183
Machine (2) group (0) client (25) connect to server successfuly!
Client [191933] waits on 172.31.20.203:43935
Client [199479] waits on 172.31.16.179:50679
Machine (2) group (0) client (22) connect to server successfuly!
Client [192609] waits on 172.31.25.229:34917
Client [371060] waits on 172.31.20.34:38837Client [371049] waits on 172.31.20.34:44917

Client [371030] waits on 172.31.20.34:39857
Client [371028] waits on 172.31.20.34:33225
Client [199477] waits on 172.31.16.179:52903
Client [371038] waits on 172.31.20.34:40147
Client [371031] waits on 172.31.20.34:59137
Client [191941] waits on 172.31.20.203:57673
Client [371029] waits on 172.31.20.34:46779
Client [191963] waits on 172.31.20.203:60243
Machine (2) group (0) client (19) connect to server successfuly!
Machine (0) group (0) client (34) connect to server successfuly!
Machine (0) group (0) client (32) connect to server successfuly!
Machine (0) group (0) client (42) connect to server successfuly!
Machine (0) group (0) client (37) connect to server successfuly!
Machine (3) group (0) client (14) connect to server successfuly!
Machine (3) group (0) client (11) connect to server successfuly!
Machine (3) group (0) client (8) connect to server successfuly!
Machine (3) group (0) client (5) connect to server successfuly!
Machine (3) group (0) client (0) connect to server successfuly!Machine (3) group (0) client (1) connect to server successfuly!

Machine (2) group (0) client (20) connect to server successfuly!
Machine (2) group (0) client (30) connect to server successfuly!
Machine (3) group (0) client (6) connect to server successfuly!
Machine (3) group (0) client (7) connect to server successfuly!
Client [192641] waits on 172.31.25.229:40495
Client [192612] waits on 172.31.25.229:42081
Client [192619] waits on 172.31.25.229:52309
Machine (1) group (0) client (52) connect to server successfuly!
Machine (1) group (0) client (53) connect to server successfuly!
Machine (1) group (0) client (56) connect to server successfuly!
Machine (0) group (0) client (47) connect to server successfuly!
Client [192611] waits on 172.31.25.229:53083
Machine (1) group (0) client (58) connect to server successfuly!
Client [192630] waits on 172.31.25.229:52511
Machine (1) group (0) client (57) connect to server successfuly!
Machine (1) group (0) client (49) connect to server successfuly!
Machine (0) group (0) client (38) connect to server successfuly!
Machine (0) group (0) client (43) connect to server successfuly!
Machine (0) group (0) client (39) connect to server successfuly!
Machine (2) group (0) client (31) connect to server successfuly!
rank: 7
rank: 10
rank: 19
rank:rank:  1311

rank: 12
rank: 27
rank: 0
rank: 1rank:
 3
rank: 4
rank: 8
rank: 28rank:
rank: 9
 29
rank: 30
rank: rank:22
 21
rank: 2
rank: 16rank: 31

rank: 20
rank: 15
rank: 6
rank: 14
rank: 25
rank: 17
rank: 26
rank: 24
rank: 23
rank: 18
rank: 5
part 6, train: 6144 (local: 6144), val: 1229 (local: 1229), test: 69159 (local: 69159)
part 5, train: 6144 (local: 6144), val: 1229 (local: 1229), test: 69159 (local: 69159)
part 2, train: 6144 (local: 6144), val: 1229 (local: 1229), test: 69159 (local: 69159)
part 0, train: 6145 (local: 6145), val: 1229 (local: 1229), test: 69160 (local: 69160)
part 7, train: 6144 (local: 6144), val: 1229 (local: 1229), test: 69159 (local: 69159)
part 4, train: 6145 (local: 6145), val: 1229 (local: 1229), test: 69159 (local: 69159)
part 1, train: 6144 (local: 6144), val: 1229 (local: 1229), test: 69159 (local: 69159)
part 3, train: 6144 (local: 6144), val: 1228 (local: 1228), test: 69159 (local: 69159)
part 8, train: 6145 (local: 5999), val: 1229 (local: 1179), test: 69160 (local: 67441)
part 14, train: 6144 (local: 5997), val: 1229 (local: 1183), test: 69159 (local: 67378)
part 10, train: 6144 (local: 5995), val: 1229 (local: 1187), test: 69159 (local: 67372)
part 9, train: 6144 (local: 6007), val: 1229 (local: 1179), test: 69159 (local: 67364)
part 15, train: 6145 (local: 5984), val: 1229 (local: 1185), test: 69159 (local: 67363)
part 13, train: 6144 (local: 5992), val: 1229 (local: 1188), test: 69159 (local: 67368)
part 12, train: 6144 (local: 6014), val: 1228 (local: 1178), test: 69159 (local: 67487)
part 11, train: 6144 (local: 5989), val: 1229 (local: 1192), test: 69159 (local: 67473)
part 25, train: 6144 (local: 5939), val: 1228 (local: 1202), test: 69159 (local: 67328)
part 26, train: 6145 (local: 5929), val: 1229 (local: 1204), test: 69159 (local: 67382)
part 30, train: 6144 (local: 5952), val: 1229 (local: 1200), test: 69159 (local: 67348)
part 27, train: 6144 (local: 5925), val: 1229 (local: 1199), test: 69159 (local: 67341)
part 29, train: 6144 (local: 5933), val: 1229 (local: 1201), test: 69159 (local: 67290)
part 18, train: 6145 (local: 6050), val: 1229 (local: 1203), test: 69159 (local: 68985)
part 22, train: 6145 (local: 6005), val: 1229 (local: 1212), test: 69160 (local: 68995)
part 31, train: 6144 (local: 5950), val: 1229 (local: 1200), test: 69159 (local: 67401)
part 24, train: 6144 (local: 5958), val: 1229 (local: 1203), test: 69159 (local: 67364)
part 20, train: 6144 (local: 6031), val: 1229 (local: 1204), test: 69159 (local: 68977)
part 28, train: 6144 (local: 5946), val: 1228 (local: 1204), test: 69159 (local: 67407)
#labels: 47
part 23, train: 6144 (local: 6057), val: 1228 (local: 1206), test: 69159 (local: 68995)
part 19, train: 6144 (local: 6054), val: 1229 (local: 1208), test: 69159 (local: 69004)
part 21, train: 6144 (local: 6038), val: 1229 (local: 1211), test: 69159 (local: 68973)
part 17, train: 6144 (local: 6041), val: 1229 (local: 1212), test: 69159 (local: 68985)
part 16, train: 6144 (local: 6034), val: 1229 (local: 1216), test: 69159 (local: 69009)
#labels: 47
#labels: 47
#labels: 47
#labels: 47
#labels: 47
#labels: 47
#labels: 47
#labels: 47
#labels: 47
#labels: 47
#labels: 47
#labels: 47
#labels: 47
#labels: 47
#labels: 47
#labels: 47
#labels: 47
#labels: 47
#labels: 47
#labels: 47
#labels: 47
#labels: 47
#labels: 47
#labels: 47
#labels: 47
#labels: 47
#labels: 47
#labels: 47
#labels: 47
#labels: 47
#labels: 47
Presampling done, max: 1.000 min: 0.004 avg: 0.126
Presampling done, max: 1.000 min: 0.004 avg: 0.126
Presampling done, max: 1.000 min: 0.004 avg: 0.126
Presampling done, max: 1.000 min: 0.004 avg: 0.126
Presampling done, max: 1.000 min: 0.004 avg: 0.126
Presampling done, max: 1.000 min: 0.004 avg: 0.126
Presampling done, max: 1.000 min: 0.004 avg: 0.126
Presampling done, max: 1.000 min: 0.004 avg: 0.126
Presampling done, max: 1.000 min: 0.004 avg: 0.126
Presampling done, max: 1.000 min: 0.004 avg: 0.126
Presampling done, max: 1.000 min: 0.004 avg: 0.126
Presampling done, max: 1.000 min: 0.004 avg: 0.126
Presampling done, max: 1.000 min: 0.004 avg: 0.126
Presampling done, max: 1.000 min: 0.004 avg: 0.126
Presampling done, max: 1.000 min: 0.004 avg: 0.126
Presampling done, max: 1.000 min: 0.004 avg: 0.126
Presampling done, max: 1.000 min: 0.004 avg: 0.126
Presampling done, max: 1.000 min: 0.004 avg: 0.126
#hot_nodes = 1038238
Create distemb
#hot_nodes = 1038238
Create distemb
Presampling done, max: 1.000 min: 0.004 avg: 0.126
Presampling done, max: 1.000 min: 0.004 avg: 0.126
Presampling done, max: 1.000 min: 0.004 avg: 0.126
#hot_nodes = 1038238
Create distemb
Presampling done, max: 1.000 min: 0.004 avg: 0.126
Presampling done, max: 1.000 min: 0.004 avg: 0.126
#hot_nodes = 1038238
Create distemb
#hot_nodes = 1038238
Create distemb
#hot_nodes = 1038238
Create distemb
#hot_nodes = 1038238
Create distemb
#hot_nodes = 1038238
Create distemb
Presampling done, max: 1.000 min: 0.004 avg: 0.126
Presampling done, max: 1.000 min: 0.004 avg: 0.126
#hot_nodes = 1038238
Create distemb
#hot_nodes = 1038238
Create distemb
#hot_nodes = 1038238
Create distemb
#hot_nodes = 1038238
Create distemb
#hot_nodes = 1038238
Create distemb
#hot_nodes = 1038238
Create distemb
#hot_nodes = 1038238
Create distemb
#hot_nodes = 1038238
Create distemb
#hot_nodes = 1038238
Create distemb
Presampling done, max: 1.000 min: 0.004 avg: 0.126
Presampling done, max: 1.000 min: 0.004 avg: 0.126
Presampling done, max: 1.000 min: 0.004 avg: 0.126
Presampling done, max: 1.000 min: 0.004 avg: 0.126
#hot_nodes = 1038238
Create distemb
Presampling done, max: 1.000 min: 0.004 avg: 0.126
#hot_nodes = 1038238
Create distemb
Presampling done, max: 1.000 min: 0.004 avg: 0.126
#hot_nodes = 1038238
Create distemb
#hot_nodes = 1038238
Create distemb
#hot_nodes = 1038238
Create distemb
Presampling done, max: 1.000 min: 0.004 avg: 0.126
#hot_nodes = 1038238
Create distemb
#hot_nodes = 1038238
Create distemb
#hot_nodes = 1038238
Create distemb
#hot_nodes = 1038238
Create distemb
#hot_nodes = 1038238
Create distemb
#hot_nodes = 1038238
Create distemb
#hot_nodes = 1038238
Create distemb
#hot_nodes = 1038238
Create distemb
#hot_nodes = 1038238
Create distemb
#hot_nodes = 1038238
Create distemb
Client 5 build_connection start.
Client 5 build_connection succeed.
Client 0 build_connection start.
Client 0 build_connection succeed.
Client 4 build_connection start.
Client 4 build_connection succeed.
Client 1 build_connection start.
Client 1 build_connection succeed.
Client 3 build_connection start.
Client 6 build_connection start.
Client 3 build_connection succeed.
Client 6 build_connection succeed.
Client 5 build_connection start.
Client 5 build_connection succeed.
Client 4 build_connection start.
Client 4 build_connection succeed.
Client 7 build_connection start.
Client 7 build_connection succeed.
Client 5 build_connection start.
Client 4 build_connection start.
Client 5 build_connection succeed.
Client 4 build_connection succeed.
Client 2 build_connection start.
Client 2 build_connection succeed.
Client 7 build_connection start.
Client 3 build_connection start.Client 7 build_connection succeed.

Client 3 build_connection succeed.
Client 1 build_connection start.
Client 1 build_connection succeed.
Client 3 build_connection start.
Client 3 build_connection succeed.
Client 6 build_connection start.
Client 6 build_connection succeed.
Client 0 build_connection start.
Client 0 build_connection succeed.
Client 2 build_connection start.
Client 2 build_connection succeed.
Client 0 build_connection start.
Client 0 build_connection succeed.
Client 6 build_connection start.
Client 6 build_connection succeed.
Client 7 build_connection start.
Client 7 build_connection succeed.
Client 1 build_connection start.
Client 1 build_connection succeed.
Client 2 build_connection start.
Client 2 build_connection succeed.
Client 0 build_connection start.
Client 0 build_connection succeed.
Client 6 build_connection start.
Client 6 build_connection succeed.
Client 3 build_connection start.
Client 3 build_connection succeed.
Client 1 build_connection start.
Client 1 build_connection succeed.
Client 7 build_connection start.
Client 7 build_connection succeed.
Client 4 build_connection start.
Client 4 build_connection succeed.
Client 5 build_connection start.
Client 5 build_connection succeed.
Client 2 build_connection start.
Client 2 build_connection succeed.
Client register_cache succeed.
Client register_cache succeed.
Client register_cache succeed.
Client register_cache succeed.
Create model
Client register_cache succeed.
Client register_cache succeed.
Create model
Client register_cache succeed.
Client register_cache succeed.Create model

Create model
Create model
Create model
Create model
Create model
Client register_cache succeed.
Client register_cache succeed.
Client register_cache succeed.
Client register_cache succeed.
Client register_cache succeed.
Create model
Client register_cache succeed.
Create model
Create model
Client register_cache succeed.
Client register_cache succeed.Create model

Create model
Create model
Create model
Create model
Client register_cache succeed.
Client register_cache succeed.
Client register_cache succeed.
Create modelClient register_cache succeed.

Create model
Client register_cache succeed.
Create model
Client register_cache succeed.Client register_cache succeed.

Create model
Client register_cache succeed.Create model

Create model
Create model
Create model
Client register_cache succeed.Client register_cache succeed.

Create model
Client register_cache succeed.Client register_cache succeed.

Client register_cache succeed.Client register_cache succeed.

Client register_cache succeed.
Create model
Client register_cache succeed.Create model
Create model

Create model
Create model
Create model
Create model
Create model optimizer
Create emb optimizer
Create model optimizer
Create model optimizer
Create model optimizer
Create model optimizer
Create model optimizer
Create model optimizer
Create model optimizer
Create model optimizer
Create model optimizer
Create model optimizer
Create emb optimizer
Create model optimizer
Create model optimizer
Create emb optimizer
Create emb optimizer
Create emb optimizer
Create model optimizer
Create emb optimizer
Create model optimizerCreate emb optimizer

Create emb optimizer
Create emb optimizer
Create model optimizer
Create emb optimizer
Create model optimizerCreate emb optimizer
Create emb optimizer
Create emb optimizer

Create model optimizer
Create model optimizer
Create emb optimizer
Create emb optimizer
Create emb optimizer
Create model optimizerCreate emb optimizer

Create emb optimizer
Create emb optimizer
Create emb optimizer
Create model optimizer
Create model optimizer
Create model optimizer
Create model optimizer
Create model optimizer
Create emb optimizer
Create model optimizer
Create emb optimizer
Create emb optimizer
Create model optimizer
Create emb optimizer
Create emb optimizer
Create emb optimizer
Create model optimizer
Create emb optimizer
Create emb optimizer
Create model optimizer
Create model optimizer
Create model optimizer
Create emb optimizer
Create emb optimizer
Create emb optimizer
Create model optimizer
Create emb optimizer
Start train
Start train
Start train
Start train
Start train
Start train
Start train
Start train
Start train
Start train
Start train
Start trainStart train

Start train
Start train
Start train
Start trainStart train

Start train
Start train
Start trainStart train

Start train
Start train
Start train
Start train
Start train
Start train
Start trainStart train

Start train
Start train
Part 27 | Epoch 00000 | Step 00000 | Loss 5.1927 | Train Acc 0.0360 | Speed (samples/sec) nan | GPU 1382.6 MB | time 3.303 s
Part 9 | Epoch 00000 | Step 00000 | Loss 5.0168 | Train Acc 0.0070 | Speed (samples/sec) nan | GPU 1406.9 MB | time 3.303 s
Part 24 | Epoch 00000 | Step 00000 | Loss 5.1185 | Train Acc 0.0520 | Speed (samples/sec) nan | GPU 1365.8 MB | time 3.302 s
Part 30 | Epoch 00000 | Step 00000 | Loss 5.0055 | Train Acc 0.0560 | Speed (samples/sec) nan | GPU 1346.2 MB | time 3.303 s
Part 26 | Epoch 00000 | Step 00000 | Loss 5.1355 | Train Acc 0.0470 | Speed (samples/sec) nan | GPU 1380.5 MB | time 3.302 sPart 31 | Epoch 00000 | Step 00000 | Loss 5.1812 | Train Acc 0.0370 | Speed (samples/sec) nan | GPU 1367.6 MB | time 3.303 s

Part 1 | Epoch 00000 | Step 00000 | Loss 5.2615 | Train Acc 0.0030 | Speed (samples/sec) nan | GPU 1322.8 MB | time 3.302 s
Part 3 | Epoch 00000 | Step 00000 | Loss 5.2470 | Train Acc 0.0050 | Speed (samples/sec) nan | GPU 1315.0 MB | time 3.303 s
Part 7 | Epoch 00000 | Step 00000 | Loss 5.3016 | Train Acc 0.0030 | Speed (samples/sec) nan | GPU 1344.3 MB | time 3.303 s
Part 29 | Epoch 00000 | Step 00000 | Loss 5.1127 | Train Acc 0.0510 | Speed (samples/sec) nan | GPU 1364.8 MB | time 3.303 s
Part 25 | Epoch 00000 | Step 00000 | Loss 5.1273 | Train Acc 0.0390 | Speed (samples/sec) nan | GPU 1380.8 MB | time 3.303 s
Part 28 | Epoch 00000 | Step 00000 | Loss 5.1355 | Train Acc 0.0370 | Speed (samples/sec) nan | GPU 1364.0 MB | time 3.303 s
Part 17 | Epoch 00000 | Step 00000 | Loss 5.3385 | Train Acc 0.0130 | Speed (samples/sec) nan | GPU 1346.1 MB | time 3.302 s
Part 23 | Epoch 00000 | Step 00000 | Loss 5.4161 | Train Acc 0.0040 | Speed (samples/sec) nan | GPU 1321.4 MB | time 3.302 s
Part 19 | Epoch 00000 | Step 00000 | Loss 5.4000 | Train Acc 0.0090 | Speed (samples/sec) nan | GPU 1346.2 MB | time 3.303 s
Part 10 | Epoch 00000 | Step 00000 | Loss 5.0195 | Train Acc 0.0050 | Speed (samples/sec) nan | GPU 1392.5 MB | time 3.303 s
Part 5 | Epoch 00000 | Step 00000 | Loss 5.3607 | Train Acc 0.0030 | Speed (samples/sec) nan | GPU 1337.9 MB | time 3.302 s
Part 6 | Epoch 00000 | Step 00000 | Loss 5.3409 | Train Acc 0.0050 | Speed (samples/sec) nan | GPU 1358.2 MB | time 3.303 s
Part 13 | Epoch 00000 | Step 00000 | Loss 5.0940 | Train Acc 0.0070 | Speed (samples/sec) nan | GPU 1433.1 MB | time 3.303 s
Part 11 | Epoch 00000 | Step 00000 | Loss 4.9406 | Train Acc 0.0100 | Speed (samples/sec) nan | GPU 1397.8 MB | time 3.303 s
Part 16 | Epoch 00000 | Step 00000 | Loss 5.3202 | Train Acc 0.0090 | Speed (samples/sec) nan | GPU 1338.0 MB | time 3.303 s
Part 15 | Epoch 00000 | Step 00000 | Loss 4.9870 | Train Acc 0.0140 | Speed (samples/sec) nan | GPU 1407.4 MB | time 3.303 s
Part 8 | Epoch 00000 | Step 00000 | Loss 4.9982 | Train Acc 0.0100 | Speed (samples/sec) nan | GPU 1406.4 MB | time 3.303 s
Part 12 | Epoch 00000 | Step 00000 | Loss 5.0116 | Train Acc 0.0070 | Speed (samples/sec) nan | GPU 1407.0 MB | time 3.303 s
Part 21 | Epoch 00000 | Step 00000 | Loss 5.3662 | Train Acc 0.0060 | Speed (samples/sec) nan | GPU 1329.5 MB | time 3.303 s
Part 14 | Epoch 00000 | Step 00000 | Loss 4.9919 | Train Acc 0.0050 | Speed (samples/sec) nan | GPU 1407.4 MB | time 3.303 s
Part 20 | Epoch 00000 | Step 00000 | Loss 5.4019 | Train Acc 0.0090 | Speed (samples/sec) nan | GPU 1340.2 MB | time 3.302 s
Part 4 | Epoch 00000 | Step 00000 | Loss 5.2847 | Train Acc 0.0040 | Speed (samples/sec) nan | GPU 1325.4 MB | time 3.303 s
Part 18 | Epoch 00000 | Step 00000 | Loss 5.4165 | Train Acc 0.0110 | Speed (samples/sec) nan | GPU 1332.0 MB | time 3.302 s
Part 22 | Epoch 00000 | Step 00000 | Loss 5.3814 | Train Acc 0.0060 | Speed (samples/sec) nan | GPU 1317.3 MB | time 3.303 s
Part 2 | Epoch 00000 | Step 00000 | Loss 5.2389 | Train Acc 0.0050 | Speed (samples/sec) nan | GPU 1313.0 MB | time 3.302 s
Part 0 | Epoch 00000 | Step 00000 | Loss 5.2805 | Train Acc 0.0030 | Speed (samples/sec) nan | GPU 1320.4 MB | time 3.303 s
Avg train acc 0.0162
=====================
Part 5, Epoch Time(s): 7.5222
Sampling Time(s): 0.3082
Loading Time(s): 1.2737
Forward Time(s): 0.8970
Backward Time(s): 0.2527
Update Time(s): 0.0530
Emb Update Time(s): 4.7215
#seeds: 6144
#inputs: 1931735
==========================================
Part 6, Epoch Time(s): 7.5223
Sampling Time(s): 0.3755
Loading Time(s): 1.3054
Forward Time(s): 0.8098
Backward Time(s): 0.2404
Update Time(s): 0.0444
Emb Update Time(s): 4.7304
#seeds: 6144
#inputs: 1933045
==========================================
Part 3, Epoch Time(s): 7.5226
Sampling Time(s): 0.3260
Loading Time(s): 1.2519
Forward Time(s): 0.9011
Backward Time(s): 0.2560
Update Time(s): 0.0419
Emb Update Time(s): 4.7324
#seeds: 6144
#inputs: 1920325
==========================================
Part 4, Epoch Time(s): 7.5225
Sampling Time(s): 0.3554
Loading Time(s): 1.2926
Forward Time(s): 0.8252
Backward Time(s): 0.2563
Update Time(s): 0.0555
Emb Update Time(s): 4.7189
#seeds: 6145
#inputs: 1916036
==========================================
Part 2, Epoch Time(s): 7.5222
Sampling Time(s): 0.3021
Loading Time(s): 1.2457
Forward Time(s): 0.9165
Backward Time(s): 0.2640
Update Time(s): 0.0553
Emb Update Time(s): 4.7189
#seeds: 6144
#inputs: 1924639
=====================




=====================
Part 7, Epoch Time(s): 7.5230
Sampling Time(s): 0.3752
Loading Time(s): 1.3093
Forward Time(s): 0.7968
Backward Time(s): 0.2531
Update Time(s): 0.0564
Emb Update Time(s): 4.7182
#seeds: 6144
#inputs: 1938670
=====================
=====================
Part 0, Epoch Time(s): 7.5231
Sampling Time(s): 0.3351
Loading Time(s): 1.2551
Forward Time(s): 0.8954
Backward Time(s): 0.2418
Update Time(s): 0.0543
Emb Update Time(s): 4.7202
#seeds: 6145
#inputs: 1927074
==========================================
Part 1, Epoch Time(s): 7.5226
Sampling Time(s): 0.3317
Loading Time(s): 1.3062
Forward Time(s): 0.8542
Backward Time(s): 0.2428
Update Time(s): 0.0618
Emb Update Time(s): 4.7122
#seeds: 6144
#inputs: 1940412
=====================

=====================
Part 22, Epoch Time(s): 7.5223
Sampling Time(s): 0.3069
Loading Time(s): 1.3395
Forward Time(s): 0.8341
Backward Time(s): 0.2447
Update Time(s): 0.0605
Emb Update Time(s): 4.7172
#seeds: 6145
#inputs: 1925519
==========================================
Part 20, Epoch Time(s): 7.5221
Sampling Time(s): 0.3152
Loading Time(s): 1.3300
Forward Time(s): 0.8404
Backward Time(s): 0.2400
Update Time(s): 0.0458
Emb Update Time(s): 4.7324
#seeds: 6144
#inputs: 1935707
==========================================
Part 18, Epoch Time(s): 7.5221
Sampling Time(s): 0.3080
Loading Time(s): 1.3326
Forward Time(s): 0.8376
Backward Time(s): 0.2488
Update Time(s): 0.0465
Emb Update Time(s): 4.7305
#seeds: 6145
#inputs: 1937417
==========================================
Part 16, Epoch Time(s): 7.5224
Sampling Time(s): 0.3030
Loading Time(s): 1.3302
Forward Time(s): 0.8592
Backward Time(s): 0.2368
Update Time(s): 0.0427
Emb Update Time(s): 4.7341
#seeds: 6144
#inputs: 1945336
==========================================
Part 21, Epoch Time(s): 7.5224
Sampling Time(s): 0.2976
Loading Time(s): 1.2769
Forward Time(s): 0.9107
Backward Time(s): 0.2419
Update Time(s): 0.0574
Emb Update Time(s): 4.7205
#seeds: 6144
#inputs: 1929447
==========================================
Part 19, Epoch Time(s): 7.5230
Sampling Time(s): 0.2957
Loading Time(s): 1.1838
Forward Time(s): 0.9945
Backward Time(s): 0.2562
Update Time(s): 0.0547
Emb Update Time(s): 4.7226
#seeds: 6144
#inputs: 1935112
=====================





=====================
Part 23, Epoch Time(s): 7.5222
Sampling Time(s): 0.3272
Loading Time(s): 1.2823
Forward Time(s): 0.8834
Backward Time(s): 0.2363
Update Time(s): 0.0474
Emb Update Time(s): 4.7308
#seeds: 6144
#inputs: 1916309
==========================================
Part 17, Epoch Time(s): 7.5223
Sampling Time(s): 0.3152
Loading Time(s): 1.3268
Forward Time(s): 0.8496
Backward Time(s): 0.2385
Update Time(s): 0.0577
Emb Update Time(s): 4.7194
#seeds: 6144
#inputs: 1927654
=====================

=====================
Part 31, Epoch Time(s): 7.5226
Sampling Time(s): 0.2934
Loading Time(s): 1.4386
Forward Time(s): 0.7659
Backward Time(s): 0.2342
Update Time(s): 0.0558
Emb Update Time(s): 4.7226
#seeds: 6144
#inputs: 1974451
==========================================
Part 28, Epoch Time(s): 7.5226
Sampling Time(s): 0.3015
Loading Time(s): 1.6321
Forward Time(s): 0.5436
Backward Time(s): 0.2535
Update Time(s): 0.0581
Emb Update Time(s): 4.7200
#seeds: 6144
#inputs: 1958169
==========================================
Part 25, Epoch Time(s): 7.5226
Sampling Time(s): 0.3199
Loading Time(s): 1.4697
Forward Time(s): 0.7080
Backward Time(s): 0.2344
Update Time(s): 0.0516
Emb Update Time(s): 4.7256
#seeds: 6144
#inputs: 1980045
=====================


=====================
Part 26, Epoch Time(s): 7.5229
Sampling Time(s): 0.3159
Loading Time(s): 1.4676
Forward Time(s): 0.7008
Backward Time(s): 0.2483
Update Time(s): 0.0568
Emb Update Time(s): 4.7209
#seeds: 6145
#inputs: 1975771
==========================================
Part 27, Epoch Time(s): 7.5234
Sampling Time(s): 0.3130
Loading Time(s): 1.4638
Forward Time(s): 0.7207
Backward Time(s): 0.2363
Update Time(s): 0.0510
Emb Update Time(s): 4.7270
#seeds: 6144
#inputs: 1977729
=====================

=====================
Part 24, Epoch Time(s): 7.5225
Sampling Time(s): 0.3337
Loading Time(s): 1.4630
Forward Time(s): 0.6771
Backward Time(s): 0.2594
Update Time(s): 0.0508
Emb Update Time(s): 4.7266
#seeds: 6144
#inputs: 1969973
==========================================
Part 30, Epoch Time(s): 7.5234
Sampling Time(s): 0.3021
Loading Time(s): 1.3531
Forward Time(s): 0.8344
Backward Time(s): 0.2431
Update Time(s): 0.0518
Emb Update Time(s): 4.7264
#seeds: 6144
#inputs: 1962891
=====================

=====================
Part 29, Epoch Time(s): 7.5235
Sampling Time(s): 0.3546
Loading Time(s): 1.3448
Forward Time(s): 0.7973
Backward Time(s): 0.2345
Update Time(s): 0.0583
Emb Update Time(s): 4.7202
#seeds: 6144
#inputs: 1963658
=====================
=====================
Part 12, Epoch Time(s): 7.5227
Sampling Time(s): 0.3506
Loading Time(s): 1.5242
Forward Time(s): 0.6263
Backward Time(s): 0.2307
Update Time(s): 0.0548
Emb Update Time(s): 4.7188
#seeds: 6144
#inputs: 2025563
==========================================
Part 8, Epoch Time(s): 7.5228
Sampling Time(s): 0.3233
Loading Time(s): 1.5271
Forward Time(s): 0.6273
Backward Time(s): 0.2556
Update Time(s): 0.0528
Emb Update Time(s): 4.7200
#seeds: 6145
#inputs: 2035430
==========================================
Part 10, Epoch Time(s): 7.5230
Sampling Time(s): 0.3305
Loading Time(s): 1.5529
Forward Time(s): 0.5809
Backward Time(s): 0.2673
Update Time(s): 0.0478
Emb Update Time(s): 4.7283
#seeds: 6144
#inputs: 2034520
==========================================
Part 11, Epoch Time(s): 7.5227
Sampling Time(s): 0.3264
Loading Time(s): 1.5516
Forward Time(s): 0.6174
Backward Time(s): 0.2341
Update Time(s): 0.0487
Emb Update Time(s): 4.7280
#seeds: 6144
#inputs: 2038041
==========================================
Part 9, Epoch Time(s): 7.5224
Sampling Time(s): 0.3118
Loading Time(s): 1.5454
Forward Time(s): 0.6809
Backward Time(s): 0.2033
Update Time(s): 0.0456
Emb Update Time(s): 4.7240
#seeds: 6144
#inputs: 2042851
==========================================
Part 13, Epoch Time(s): 7.5228
Sampling Time(s): 0.3397
Loading Time(s): 1.5177
Forward Time(s): 0.6248
Backward Time(s): 0.2477
Update Time(s): 0.0527
Emb Update Time(s): 4.7241
#seeds: 6144
#inputs: 2045637
=====================





=====================
Part 15, Epoch Time(s): 7.5225
Sampling Time(s): 0.3274
Loading Time(s): 1.6040
Forward Time(s): 0.6064
Backward Time(s): 0.2005
Update Time(s): 0.0534
Emb Update Time(s): 4.7142
#seeds: 6145
#inputs: 2047420
==========================================
Part 14, Epoch Time(s): 7.5226
Sampling Time(s): 0.3215
Loading Time(s): 1.5180
Forward Time(s): 0.6456
Backward Time(s): 0.2482
Update Time(s): 0.0573
Emb Update Time(s): 4.7147
#seeds: 6144
#inputs: 2038955
=====================

|V|=2449029, eval batch size: 100000
|V|=2449029, eval batch size: 100000
|V|=2449029, eval batch size: 100000
|V|=2449029, eval batch size: 100000
|V|=2449029, eval batch size: 100000
|V|=2449029, eval batch size: 100000
|V|=2449029, eval batch size: 100000
|V|=2449029, eval batch size: 100000
|V|=2449029, eval batch size: 100000
|V|=2449029, eval batch size: 100000
|V|=2449029, eval batch size: 100000
|V|=2449029, eval batch size: 100000
|V|=2449029, eval batch size: 100000
|V|=2449029, eval batch size: 100000
|V|=2449029, eval batch size: 100000
|V|=2449029, eval batch size: 100000
|V|=2449029, eval batch size: 100000|V|=2449029, eval batch size: 100000

|V|=2449029, eval batch size: 100000|V|=2449029, eval batch size: 100000

|V|=2449029, eval batch size: 100000
|V|=2449029, eval batch size: 100000
|V|=2449029, eval batch size: 100000
|V|=2449029, eval batch size: 100000
|V|=2449029, eval batch size: 100000
|V|=2449029, eval batch size: 100000|V|=2449029, eval batch size: 100000
|V|=2449029, eval batch size: 100000

|V|=2449029, eval batch size: 100000
|V|=2449029, eval batch size: 100000
|V|=2449029, eval batch size: 100000
|V|=2449029, eval batch size: 100000
|V|=2449029, eval batch size: 100000
|V|=2449029, eval batch size: 100000
|V|=2449029, eval batch size: 100000
|V|=2449029, eval batch size: 100000
|V|=2449029, eval batch size: 100000|V|=2449029, eval batch size: 100000

|V|=2449029, eval batch size: 100000
|V|=2449029, eval batch size: 100000
|V|=2449029, eval batch size: 100000|V|=2449029, eval batch size: 100000|V|=2449029, eval batch size: 100000|V|=2449029, eval batch size: 100000



|V|=2449029, eval batch size: 100000|V|=2449029, eval batch size: 100000

|V|=2449029, eval batch size: 100000
|V|=2449029, eval batch size: 100000
|V|=2449029, eval batch size: 100000
|V|=2449029, eval batch size: 100000
|V|=2449029, eval batch size: 100000
|V|=2449029, eval batch size: 100000
|V|=2449029, eval batch size: 100000
|V|=2449029, eval batch size: 100000|V|=2449029, eval batch size: 100000
|V|=2449029, eval batch size: 100000
|V|=2449029, eval batch size: 100000|V|=2449029, eval batch size: 100000|V|=2449029, eval batch size: 100000


|V|=2449029, eval batch size: 100000
|V|=2449029, eval batch size: 100000

|V|=2449029, eval batch size: 100000
|V|=2449029, eval batch size: 100000
|V|=2449029, eval batch size: 100000
|V|=2449029, eval batch size: 100000
|V|=2449029, eval batch size: 100000
|V|=2449029, eval batch size: 100000
|V|=2449029, eval batch size: 100000
|V|=2449029, eval batch size: 100000
|V|=2449029, eval batch size: 100000
|V|=2449029, eval batch size: 100000
|V|=2449029, eval batch size: 100000
|V|=2449029, eval batch size: 100000
|V|=2449029, eval batch size: 100000
|V|=2449029, eval batch size: 100000
|V|=2449029, eval batch size: 100000
|V|=2449029, eval batch size: 100000
|V|=2449029, eval batch size: 100000
|V|=2449029, eval batch size: 100000
|V|=2449029, eval batch size: 100000
|V|=2449029, eval batch size: 100000|V|=2449029, eval batch size: 100000

|V|=2449029, eval batch size: 100000
|V|=2449029, eval batch size: 100000
|V|=2449029, eval batch size: 100000
|V|=2449029, eval batch size: 100000
|V|=2449029, eval batch size: 100000|V|=2449029, eval batch size: 100000
|V|=2449029, eval batch size: 100000
|V|=2449029, eval batch size: 100000

|V|=2449029, eval batch size: 100000
|V|=2449029, eval batch size: 100000
|V|=2449029, eval batch size: 100000
|V|=2449029, eval batch size: 100000
|V|=2449029, eval batch size: 100000
|V|=2449029, eval batch size: 100000
Part 5, Val Acc 0.7502, Test Acc 0.6161, time: 9.2437
Part 17, Val Acc 0.4825, Test Acc 0.2558, time: 9.2468
Part 27, Val Acc 0.7046, Test Acc 0.4729, time: 9.2468
Part 21, Val Acc 0.4483, Test Acc 0.2562, time: 9.2476
Part 7, Val Acc 0.7714, Test Acc 0.6141, time: 9.2480
Part 16, Val Acc 0.4459, Test Acc 0.2538, time: 9.2480
Part 4, Val Acc 0.7632, Test Acc 0.6168, time: 9.2491
Part 3, Val Acc 0.7671, Test Acc 0.6176, time: 9.2492
Part 6, Val Acc 0.7551, Test Acc 0.6180, time: 9.2494
Part 0, Val Acc 0.7583, Test Acc 0.6176, time: 9.2497
Part 2, Val Acc 0.7665, Test Acc 0.6209, time: 9.2498
Part 1, Val Acc 0.7754, Test Acc 0.6188, time: 9.2507
Part 29, Val Acc 0.6941, Test Acc 0.4728, time: 9.2514
Part 30, Val Acc 0.6697, Test Acc 0.4759, time: 9.2527
Part 18, Val Acc 0.4614, Test Acc 0.2553, time: 9.2537
Part 22, Val Acc 0.4524, Test Acc 0.2538, time: 9.2565
Part 8, Val Acc 0.6021, Test Acc 0.3912, time: 9.2564
Part 19, Val Acc 0.4703, Test Acc 0.2553, time: 9.2568
Part 13, Val Acc 0.5850, Test Acc 0.3918, time: 9.2568
Part 25, Val Acc 0.6735, Test Acc 0.4706, time: 9.2570
Part 28, Val Acc 0.6726, Test Acc 0.4708, time: 9.2574
Part 24, Val Acc 0.6469, Test Acc 0.4709, time: 9.2584
Part 23, Val Acc 0.4617, Test Acc 0.2517, time: 9.2590
Part 12, Val Acc 0.6221, Test Acc 0.3880, time: 9.2591
Part 26, Val Acc 0.6566, Test Acc 0.4749, time: 9.2598
Part 9, Val Acc 0.5883, Test Acc 0.3877, time: 9.2611
Part 20, Val Acc 0.4557, Test Acc 0.2516, time: 9.2615
Part 15, Val Acc 0.6127, Test Acc 0.3912, time: 9.2622
Part 14, Val Acc 0.6029, Test Acc 0.3865, time: 9.2639
Part 11, Val Acc 0.6029, Test Acc 0.3873, time: 9.2700
Part 31, Val Acc 0.6526, Test Acc 0.4734, time: 9.2738
Part 10, Val Acc 0.5989, Test Acc 0.3886, time: 9.2752
All parts avg val acc 0.6241, test acc 0.4334
Part 2 | Epoch 00001 | Step 00000 | Loss 1.9002 | Train Acc 0.4530 | Speed (samples/sec) 1094.6551 | GPU 1935.1 MB | time 0.810 sPart 7 | Epoch 00001 | Step 00000 | Loss 1.7931 | Train Acc 0.4930 | Speed (samples/sec) 1094.1234 | GPU 1915.8 MB | time 0.812 s

Part 3 | Epoch 00001 | Step 00000 | Loss 1.8161 | Train Acc 0.4840 | Speed (samples/sec) 1094.4784 | GPU 1923.4 MB | time 0.811 s
Part 5 | Epoch 00001 | Step 00000 | Loss 1.8366 | Train Acc 0.4590 | Speed (samples/sec) 1092.8916 | GPU 1921.0 MB | time 0.816 s
Part 0 | Epoch 00001 | Step 00000 | Loss 1.8791 | Train Acc 0.4790 | Speed (samples/sec) 1103.1206 | GPU 1932.8 MB | time 0.784 s
Part 6 | Epoch 00001 | Step 00000 | Loss 1.9303 | Train Acc 0.4410 | Speed (samples/sec) 1094.6162 | GPU 1924.1 MB | time 0.811 s
Part 22 | Epoch 00001 | Step 00000 | Loss 3.0021 | Train Acc 0.1080 | Speed (samples/sec) 1097.3042 | GPU 1971.6 MB | time 0.804 s
Part 16 | Epoch 00001 | Step 00000 | Loss 3.0517 | Train Acc 0.0980 | Speed (samples/sec) 1094.0252 | GPU 1972.5 MB | time 0.812 s
Part 19 | Epoch 00001 | Step 00000 | Loss 3.0776 | Train Acc 0.1100 | Speed (samples/sec) 1096.8375 | GPU 1957.2 MB | time 0.803 sPart 17 | Epoch 00001 | Step 00000 | Loss 2.9629 | Train Acc 0.1200 | Speed (samples/sec) 1093.8429 | GPU 1967.8 MB | time 0.813 s

Part 20 | Epoch 00001 | Step 00000 | Loss 3.0103 | Train Acc 0.1100 | Speed (samples/sec) 1098.4287 | GPU 1964.6 MB | time 0.799 s
Part 23 | Epoch 00001 | Step 00000 | Loss 3.0054 | Train Acc 0.1040 | Speed (samples/sec) 1097.4516 | GPU 1964.7 MB | time 0.801 s
Part 18 | Epoch 00001 | Step 00000 | Loss 2.9805 | Train Acc 0.1030 | Speed (samples/sec) 1096.1088 | GPU 1962.7 MB | time 0.807 s
Part 25 | Epoch 00001 | Step 00000 | Loss 2.5611 | Train Acc 0.5380 | Speed (samples/sec) 1096.7681 | GPU 2048.2 MB | time 0.803 s
Part 24 | Epoch 00001 | Step 00000 | Loss 2.7216 | Train Acc 0.4880 | Speed (samples/sec) 1097.2314 | GPU 2063.1 MB | time 0.802 s
Part 4 | Epoch 00001 | Step 00000 | Loss 1.8294 | Train Acc 0.4770 | Speed (samples/sec) 1094.7810 | GPU 1916.1 MB | time 0.811 s
Part 1 | Epoch 00001 | Step 00000 | Loss 1.8442 | Train Acc 0.4870 | Speed (samples/sec) 1094.9808 | GPU 1922.9 MB | time 0.809 s
Part 10 | Epoch 00001 | Step 00000 | Loss 2.4517 | Train Acc 0.2020 | Speed (samples/sec) 1102.5863 | GPU 2218.3 MB | time 0.785 s
Part 14 | Epoch 00001 | Step 00000 | Loss 2.4786 | Train Acc 0.2070 | Speed (samples/sec) 1099.0529 | GPU 2224.7 MB | time 0.796 s
Part 28 | Epoch 00001 | Step 00000 | Loss 2.5702 | Train Acc 0.5350 | Speed (samples/sec) 1096.8907 | GPU 2049.5 MB | time 0.803 s
Part 27 | Epoch 00001 | Step 00000 | Loss 2.5860 | Train Acc 0.5110 | Speed (samples/sec) 1093.6311 | GPU 2054.2 MB | time 0.813 s
Part 30 | Epoch 00001 | Step 00000 | Loss 2.6213 | Train Acc 0.5150 | Speed (samples/sec) 1095.4550 | GPU 2060.2 MB | time 0.808 s
Part 31 | Epoch 00001 | Step 00000 | Loss 2.6178 | Train Acc 0.5060 | Speed (samples/sec) 1102.1351 | GPU 2058.1 MB | time 0.786 s
Part 11 | Epoch 00001 | Step 00000 | Loss 2.4422 | Train Acc 0.2050 | Speed (samples/sec) 1100.8614 | GPU 2216.3 MB | time 0.790 s
Part 12 | Epoch 00001 | Step 00000 | Loss 2.5302 | Train Acc 0.1830 | Speed (samples/sec) 1097.5052 | GPU 2202.9 MB | time 0.801 s
Part 21 | Epoch 00001 | Step 00000 | Loss 2.9904 | Train Acc 0.1320 | Speed (samples/sec) 1094.1290 | GPU 1967.3 MB | time 0.813 s
Part 15 | Epoch 00001 | Step 00000 | Loss 2.5055 | Train Acc 0.1660 | Speed (samples/sec) 1098.7191 | GPU 2229.4 MB | time 0.798 s
Part 13 | Epoch 00001 | Step 00000 | Loss 2.4967 | Train Acc 0.1840 | Speed (samples/sec) 1096.7002 | GPU 2211.4 MB | time 0.803 s
Part 29 | Epoch 00001 | Step 00000 | Loss 2.4964 | Train Acc 0.5570 | Speed (samples/sec) 1095.0825 | GPU 2078.2 MB | time 0.809 s
Part 26 | Epoch 00001 | Step 00000 | Loss 2.6812 | Train Acc 0.5160 | Speed (samples/sec) 1098.0759 | GPU 2055.1 MB | time 0.800 s
Part 9 | Epoch 00001 | Step 00000 | Loss 2.5271 | Train Acc 0.2020 | Speed (samples/sec) 1097.9309 | GPU 2216.1 MB | time 0.799 s
Part 8 | Epoch 00001 | Step 00000 | Loss 2.4264 | Train Acc 0.2050 | Speed (samples/sec) 1096.8647 | GPU 2214.8 MB | time 0.804 s
Avg train acc 0.3243
=====================
Part 0, Epoch Time(s): 5.4456
Sampling Time(s): 0.2891
Loading Time(s): 1.0736
Forward Time(s): 0.4702
Backward Time(s): 0.2438
Update Time(s): 0.0065
Emb Update Time(s): 3.3559
#seeds: 6145
#inputs: 1933337
==========================================
Part 1, Epoch Time(s): 5.4704
Sampling Time(s): 0.2941
Loading Time(s): 1.1305
Forward Time(s): 0.4511
Backward Time(s): 0.2298
Update Time(s): 0.0098
Emb Update Time(s): 3.3487
#seeds: 6144
#inputs: 1936315
==========================================
Part 3, Epoch Time(s): 5.4722
Sampling Time(s): 0.2781
Loading Time(s): 1.1604
Forward Time(s): 0.4230
Backward Time(s): 0.2430
Update Time(s): 0.0071
Emb Update Time(s): 3.3556
#seeds: 6144
#inputs: 1923423
=====================
=====================
Part 4, Epoch Time(s): 5.4721
Sampling Time(s): 0.2912
Loading Time(s): 1.1316
Forward Time(s): 0.4378
Backward Time(s): 0.2429
Update Time(s): 0.0085
Emb Update Time(s): 3.3545
#seeds: 6145
#inputs: 1915257
==========================================
Part 6, Epoch Time(s): 5.4718
Sampling Time(s): 0.2900
Loading Time(s): 1.0998
Forward Time(s): 0.4706
Backward Time(s): 0.2427
Update Time(s): 0.0095
Emb Update Time(s): 3.3538
#seeds: 6144
#inputs: 1938364
==========================================
Part 2, Epoch Time(s): 5.4715
Sampling Time(s): 0.2761
Loading Time(s): 1.1734
Forward Time(s): 0.4168
Backward Time(s): 0.2377
Update Time(s): 0.0063
Emb Update Time(s): 3.3563
#seeds: 6144
#inputs: 1923357
=====================
=====================
Part 5, Epoch Time(s): 5.4773
Sampling Time(s): 0.2891
Loading Time(s): 1.1749
Forward Time(s): 0.4026
Backward Time(s): 0.2428
Update Time(s): 0.0072
Emb Update Time(s): 3.3557
#seeds: 6144
#inputs: 1931993
==========================================
Part 7, Epoch Time(s): 5.4733
Sampling Time(s): 0.2832
Loading Time(s): 1.1134
Forward Time(s): 0.4659
Backward Time(s): 0.2424
Update Time(s): 0.0078
Emb Update Time(s): 3.3557
#seeds: 6144
#inputs: 1935612
=====================





=====================
Part 16, Epoch Time(s): 5.4733
Sampling Time(s): 0.2978
Loading Time(s): 1.0938
Forward Time(s): 0.4693
Backward Time(s): 0.2425
Update Time(s): 0.0047
Emb Update Time(s): 3.3597
#seeds: 6144
#inputs: 1947384
==========================================
Part 21, Epoch Time(s): 5.4736
Sampling Time(s): 0.2741
Loading Time(s): 1.1278
Forward Time(s): 0.4590
Backward Time(s): 0.2417
Update Time(s): 0.0057
Emb Update Time(s): 3.3591
#seeds: 6144
#inputs: 1924820
==========================================
Part 17, Epoch Time(s): 5.4744
Sampling Time(s): 0.2788
Loading Time(s): 1.1176
Forward Time(s): 0.4656
Backward Time(s): 0.2424
Update Time(s): 0.0048
Emb Update Time(s): 3.3598
#seeds: 6144
#inputs: 1928013
==========================================
Part 23, Epoch Time(s): 5.4623
Sampling Time(s): 0.2824
Loading Time(s): 1.1023
Forward Time(s): 0.4643
Backward Time(s): 0.2415
Update Time(s): 0.0057
Emb Update Time(s): 3.3595
#seeds: 6144
#inputs: 1915992
==========================================
Part 18, Epoch Time(s): 5.4677
Sampling Time(s): 0.2841
Loading Time(s): 1.0797
Forward Time(s): 0.4917
Backward Time(s): 0.2421
Update Time(s): 0.0049
Emb Update Time(s): 3.3598
#seeds: 6145
#inputs: 1936941
==========================================
Part 19, Epoch Time(s): 5.4644
Sampling Time(s): 0.2490
Loading Time(s): 1.0117
Forward Time(s): 0.5916
Backward Time(s): 0.2419
Update Time(s): 0.0055
Emb Update Time(s): 3.3588
#seeds: 6144
#inputs: 1929579
==========================================
Part 22, Epoch Time(s): 5.4648
Sampling Time(s): 0.2735
Loading Time(s): 1.1136
Forward Time(s): 0.4655
Backward Time(s): 0.2417
Update Time(s): 0.0052
Emb Update Time(s): 3.3600
#seeds: 6145
#inputs: 1935152
==========================================
Part 20, Epoch Time(s): 5.4598
Sampling Time(s): 0.2649
Loading Time(s): 1.1293
Forward Time(s): 0.4544
Backward Time(s): 0.2418
Update Time(s): 0.0054
Emb Update Time(s): 3.3587
#seeds: 6144
#inputs: 1940259
=====================







=====================
Part 12, Epoch Time(s): 5.4620
Sampling Time(s): 0.2846
Loading Time(s): 1.1849
Forward Time(s): 0.3801
Backward Time(s): 0.2414
Update Time(s): 0.0070
Emb Update Time(s): 3.3584
#seeds: 6144
#inputs: 2022524
==========================================
Part 8, Epoch Time(s): 5.4648
Sampling Time(s): 0.2931
Loading Time(s): 1.3289
Forward Time(s): 0.2577
Backward Time(s): 0.2163
Update Time(s): 0.0088
Emb Update Time(s): 3.3540
#seeds: 6145
#inputs: 2034152
==========================================
Part 11, Epoch Time(s): 5.4512
Sampling Time(s): 0.2917
Loading Time(s): 1.3844
Forward Time(s): 0.1936
Backward Time(s): 0.2178
Update Time(s): 0.0086
Emb Update Time(s): 3.3495
#seeds: 6144
#inputs: 2039184
==========================================
Part 10, Epoch Time(s): 5.4458
Sampling Time(s): 0.3069
Loading Time(s): 1.3973
Forward Time(s): 0.1761
Backward Time(s): 0.2067
Update Time(s): 0.0070
Emb Update Time(s): 3.3468
#seeds: 6144
#inputs: 2029617
==========================================
Part 13, Epoch Time(s): 5.4643
Sampling Time(s): 0.2770
Loading Time(s): 1.3246
Forward Time(s): 0.2724
Backward Time(s): 0.2254
Update Time(s): 0.0068
Emb Update Time(s): 3.3528
#seeds: 6144
#inputs: 2048230
==========================================
Part 15, Epoch Time(s): 5.4590
Sampling Time(s): 0.2920
Loading Time(s): 1.3198
Forward Time(s): 0.2436
Backward Time(s): 0.2322
Update Time(s): 0.0067
Emb Update Time(s): 3.3592
#seeds: 6145
#inputs: 2034424
==========================================
Part 14, Epoch Time(s): 5.4571
Sampling Time(s): 0.2956
Loading Time(s): 1.3274
Forward Time(s): 0.2250
Backward Time(s): 0.2384
Update Time(s): 0.0063
Emb Update Time(s): 3.3594
#seeds: 6144
#inputs: 2049669
=====================



=====================
Part 9, Epoch Time(s): 5.4601
Sampling Time(s): 0.2806
Loading Time(s): 1.3905
Forward Time(s): 0.2000
Backward Time(s): 0.2227
Update Time(s): 0.0075
Emb Update Time(s): 3.3529
#seeds: 6144
#inputs: 2043098
=====================



=====================
Part 27, Epoch Time(s): 5.4744
Sampling Time(s): 0.3061
Loading Time(s): 1.2723
Forward Time(s): 0.2955
Backward Time(s): 0.2308
Update Time(s): 0.0051
Emb Update Time(s): 3.3594
#seeds: 6144
#inputs: 1976166
==========================================
Part 28, Epoch Time(s): 5.4638
Sampling Time(s): 0.2883
Loading Time(s): 1.3190
Forward Time(s): 0.2549
Backward Time(s): 0.2320
Update Time(s): 0.0052
Emb Update Time(s): 3.3592
#seeds: 6144
#inputs: 1963841
==========================================
Part 30, Epoch Time(s): 5.4685
Sampling Time(s): 0.2916
Loading Time(s): 1.2994
Forward Time(s): 0.2760
Backward Time(s): 0.2316
Update Time(s): 0.0054
Emb Update Time(s): 3.3593
#seeds: 6144
#inputs: 1961133
==========================================
Part 25, Epoch Time(s): 5.4643
Sampling Time(s): 0.2679
Loading Time(s): 1.2890
Forward Time(s): 0.2969
Backward Time(s): 0.2412
Update Time(s): 0.0052
Emb Update Time(s): 3.3592
#seeds: 6144
#inputs: 1976116
==========================================
Part 26, Epoch Time(s): 5.4611
Sampling Time(s): 0.2712
Loading Time(s): 1.1898
Forward Time(s): 0.3978
Backward Time(s): 0.2319
Update Time(s): 0.0061
Emb Update Time(s): 3.3584
#seeds: 6145
#inputs: 1973653
==========================================
Part 31, Epoch Time(s): 5.4472
Sampling Time(s): 0.3011
Loading Time(s): 1.2979
Forward Time(s): 0.2465
Backward Time(s): 0.2319
Update Time(s): 0.0053
Emb Update Time(s): 3.3593
#seeds: 6144
#inputs: 1980766
==========================================
Part 29, Epoch Time(s): 5.4698
Sampling Time(s): 0.2957
Loading Time(s): 1.2814
Forward Time(s): 0.2812
Backward Time(s): 0.2410
Update Time(s): 0.0060
Emb Update Time(s): 3.3589
#seeds: 6144
#inputs: 1960029
=====================






=====================
Part 24, Epoch Time(s): 5.4631
Sampling Time(s): 0.2640
Loading Time(s): 1.1750
Forward Time(s): 0.4131
Backward Time(s): 0.2411
Update Time(s): 0.0054
Emb Update Time(s): 3.3592
#seeds: 6144
#inputs: 1969488
=====================
|V|=2449029, eval batch size: 100000
|V|=2449029, eval batch size: 100000
|V|=2449029, eval batch size: 100000
|V|=2449029, eval batch size: 100000
|V|=2449029, eval batch size: 100000
|V|=2449029, eval batch size: 100000
|V|=2449029, eval batch size: 100000
|V|=2449029, eval batch size: 100000
|V|=2449029, eval batch size: 100000
|V|=2449029, eval batch size: 100000
|V|=2449029, eval batch size: 100000
|V|=2449029, eval batch size: 100000
|V|=2449029, eval batch size: 100000
|V|=2449029, eval batch size: 100000
|V|=2449029, eval batch size: 100000
|V|=2449029, eval batch size: 100000
|V|=2449029, eval batch size: 100000
|V|=2449029, eval batch size: 100000
|V|=2449029, eval batch size: 100000
|V|=2449029, eval batch size: 100000
|V|=2449029, eval batch size: 100000
|V|=2449029, eval batch size: 100000
|V|=2449029, eval batch size: 100000
|V|=2449029, eval batch size: 100000
|V|=2449029, eval batch size: 100000
|V|=2449029, eval batch size: 100000
|V|=2449029, eval batch size: 100000
|V|=2449029, eval batch size: 100000
|V|=2449029, eval batch size: 100000
|V|=2449029, eval batch size: 100000
|V|=2449029, eval batch size: 100000
|V|=2449029, eval batch size: 100000
|V|=2449029, eval batch size: 100000|V|=2449029, eval batch size: 100000|V|=2449029, eval batch size: 100000


|V|=2449029, eval batch size: 100000
|V|=2449029, eval batch size: 100000
|V|=2449029, eval batch size: 100000
|V|=2449029, eval batch size: 100000
|V|=2449029, eval batch size: 100000
|V|=2449029, eval batch size: 100000
|V|=2449029, eval batch size: 100000|V|=2449029, eval batch size: 100000|V|=2449029, eval batch size: 100000|V|=2449029, eval batch size: 100000



|V|=2449029, eval batch size: 100000
|V|=2449029, eval batch size: 100000
|V|=2449029, eval batch size: 100000
|V|=2449029, eval batch size: 100000|V|=2449029, eval batch size: 100000

|V|=2449029, eval batch size: 100000
|V|=2449029, eval batch size: 100000|V|=2449029, eval batch size: 100000

|V|=2449029, eval batch size: 100000|V|=2449029, eval batch size: 100000|V|=2449029, eval batch size: 100000|V|=2449029, eval batch size: 100000



|V|=2449029, eval batch size: 100000
|V|=2449029, eval batch size: 100000
|V|=2449029, eval batch size: 100000
|V|=2449029, eval batch size: 100000
|V|=2449029, eval batch size: 100000
|V|=2449029, eval batch size: 100000
|V|=2449029, eval batch size: 100000
|V|=2449029, eval batch size: 100000
|V|=2449029, eval batch size: 100000
|V|=2449029, eval batch size: 100000|V|=2449029, eval batch size: 100000

|V|=2449029, eval batch size: 100000
|V|=2449029, eval batch size: 100000
|V|=2449029, eval batch size: 100000|V|=2449029, eval batch size: 100000

|V|=2449029, eval batch size: 100000
|V|=2449029, eval batch size: 100000
|V|=2449029, eval batch size: 100000
|V|=2449029, eval batch size: 100000
|V|=2449029, eval batch size: 100000
|V|=2449029, eval batch size: 100000|V|=2449029, eval batch size: 100000

|V|=2449029, eval batch size: 100000|V|=2449029, eval batch size: 100000
|V|=2449029, eval batch size: 100000
|V|=2449029, eval batch size: 100000

|V|=2449029, eval batch size: 100000
|V|=2449029, eval batch size: 100000
|V|=2449029, eval batch size: 100000|V|=2449029, eval batch size: 100000
|V|=2449029, eval batch size: 100000
|V|=2449029, eval batch size: 100000

|V|=2449029, eval batch size: 100000
|V|=2449029, eval batch size: 100000
|V|=2449029, eval batch size: 100000
|V|=2449029, eval batch size: 100000
|V|=2449029, eval batch size: 100000
|V|=2449029, eval batch size: 100000
|V|=2449029, eval batch size: 100000
Part 5, Val Acc 0.8365, Test Acc 0.7208, time: 7.1050
Part 4, Val Acc 0.8405, Test Acc 0.7194, time: 7.1139
Part 7, Val Acc 0.8462, Test Acc 0.7175, time: 7.1141
Part 1, Val Acc 0.8413, Test Acc 0.7209, time: 7.1156
Part 28, Val Acc 0.7679, Test Acc 0.5646, time: 7.1167
Part 21, Val Acc 0.7876, Test Acc 0.5183, time: 7.1169
Part 2, Val Acc 0.8186, Test Acc 0.7211, time: 7.1176
Part 6, Val Acc 0.8332, Test Acc 0.7207, time: 7.1183
Part 18, Val Acc 0.7705, Test Acc 0.5155, time: 7.1184
Part 16, Val Acc 0.8055, Test Acc 0.5159, time: 7.1184
Part 0, Val Acc 0.8275, Test Acc 0.7206, time: 7.1187
Part 25, Val Acc 0.7679, Test Acc 0.5635, time: 7.1196
Part 3, Val Acc 0.8510, Test Acc 0.7193, time: 7.1198
Part 24, Val Acc 0.7665, Test Acc 0.5650, time: 7.1202
Part 20, Val Acc 0.7787, Test Acc 0.5129, time: 7.1204
Part 26, Val Acc 0.7657, Test Acc 0.5658, time: 7.1228
Part 23, Val Acc 0.7940, Test Acc 0.5142, time: 7.1234
Part 27, Val Acc 0.8072, Test Acc 0.5649, time: 7.1244
Part 17, Val Acc 0.7917, Test Acc 0.5165, time: 7.1246
Part 31, Val Acc 0.7738, Test Acc 0.5682, time: 7.1247
Part 22, Val Acc 0.7795, Test Acc 0.5123, time: 7.1250
Part 12, Val Acc 0.8127, Test Acc 0.5963, time: 7.1249
Part 19, Val Acc 0.7828, Test Acc 0.5169, time: 7.1262
Part 15, Val Acc 0.7998, Test Acc 0.5975, time: 7.1266
Part 29, Val Acc 0.7844, Test Acc 0.5679, time: 7.1271
Part 30, Val Acc 0.7860, Test Acc 0.5687, time: 7.1308
Part 9, Val Acc 0.8055, Test Acc 0.5948, time: 7.1328
Part 10, Val Acc 0.8259, Test Acc 0.5946, time: 7.1383
Part 13, Val Acc 0.7941, Test Acc 0.5971, time: 7.1386
Part 8, Val Acc 0.8137, Test Acc 0.5970, time: 7.1392
Part 14, Val Acc 0.7901, Test Acc 0.5942, time: 7.1406
Part 11, Val Acc 0.8137, Test Acc 0.5954, time: 7.1408
All parts avg val acc 0.8019, test acc 0.5993
Part 3 | Epoch 00002 | Step 00000 | Loss 1.0306 | Train Acc 0.8040 | Speed (samples/sec) 1108.0651 | GPU 1923.4 MB | time 0.804 s
Part 2 | Epoch 00002 | Step 00000 | Loss 1.0703 | Train Acc 0.7870 | Speed (samples/sec) 1107.9007 | GPU 1935.1 MB | time 0.806 s
Part 7 | Epoch 00002 | Step 00000 | Loss 1.0585 | Train Acc 0.7800 | Speed (samples/sec) 1107.2441 | GPU 1924.4 MB | time 0.809 s
Part 1 | Epoch 00002 | Step 00000 | Loss 1.0161 | Train Acc 0.8030 | Speed (samples/sec) 1107.8711 | GPU 1925.1 MB | time 0.808 s
Part 5 | Epoch 00002 | Step 00000 | Loss 1.0927 | Train Acc 0.7890 | Speed (samples/sec) 1105.5889 | GPU 1921.0 MB | time 0.818 s
Part 0 | Epoch 00002 | Step 00000 | Loss 1.1294 | Train Acc 0.7710 | Speed (samples/sec) 1114.7908 | GPU 1932.8 MB | time 0.782 s
Part 4 | Epoch 00002 | Step 00000 | Loss 1.1164 | Train Acc 0.7720 | Speed (samples/sec) 1107.6334 | GPU 1916.1 MB | time 0.809 s
Part 6 | Epoch 00002 | Step 00000 | Loss 1.0937 | Train Acc 0.7940 | Speed (samples/sec) 1107.9959 | GPU 1929.3 MB | time 0.805 s
Part 18 | Epoch 00002 | Step 00000 | Loss 1.7403 | Train Acc 0.6330 | Speed (samples/sec) 1108.8292 | GPU 1962.7 MB | time 0.805 s
Part 16 | Epoch 00002 | Step 00000 | Loss 1.7853 | Train Acc 0.6240 | Speed (samples/sec) 1107.8275 | GPU 1973.8 MB | time 0.805 s
Part 25 | Epoch 00002 | Step 00000 | Loss 1.4720 | Train Acc 0.6750 | Speed (samples/sec) 1108.9821 | GPU 2055.5 MB | time 0.804 s
Part 17 | Epoch 00002 | Step 00000 | Loss 1.7779 | Train Acc 0.6410 | Speed (samples/sec) 1108.5463 | GPU 1971.1 MB | time 0.799 s
Part 28 | Epoch 00002 | Step 00000 | Loss 1.5280 | Train Acc 0.6730 | Speed (samples/sec) 1108.7299 | GPU 2055.1 MB | time 0.807 sPart 27 | Epoch 00002 | Step 00000 | Loss 1.4102 | Train Acc 0.6920 | Speed (samples/sec) 1108.3307 | GPU 2058.4 MB | time 0.799 sPart 31 | Epoch 00002 | Step 00000 | Loss 1.4812 | Train Acc 0.6850 | Speed (samples/sec) 1111.9064 | GPU 2062.0 MB | time 0.799 sPart 26 | Epoch 00002 | Step 00000 | Loss 1.5402 | Train Acc 0.6800 | Speed (samples/sec) 1110.1740 | GPU 2058.5 MB | time 0.801 sPart 29 | Epoch 00002 | Step 00000 | Loss 1.4647 | Train Acc 0.6940 | Speed (samples/sec) 1109.3318 | GPU 2078.2 MB | time 0.797 s




Part 23 | Epoch 00002 | Step 00000 | Loss 1.7718 | Train Acc 0.6190 | Speed (samples/sec) 1109.9131 | GPU 1964.7 MB | time 0.800 s
Part 24 | Epoch 00002 | Step 00000 | Loss 1.5247 | Train Acc 0.6690 | Speed (samples/sec) 1109.2828 | GPU 2068.8 MB | time 0.803 s
Part 30 | Epoch 00002 | Step 00000 | Loss 1.5125 | Train Acc 0.6750 | Speed (samples/sec) 1110.0238 | GPU 2067.7 MB | time 0.792 s
Part 21 | Epoch 00002 | Step 00000 | Loss 1.8136 | Train Acc 0.6230 | Speed (samples/sec) 1107.7237 | GPU 1967.3 MB | time 0.807 s
Part 22 | Epoch 00002 | Step 00000 | Loss 1.7925 | Train Acc 0.6110 | Speed (samples/sec) 1110.1535 | GPU 1971.6 MB | time 0.799 s
Part 19 | Epoch 00002 | Step 00000 | Loss 1.7413 | Train Acc 0.6260 | Speed (samples/sec) 1109.9520 | GPU 1957.2 MB | time 0.797 s
Part 20 | Epoch 00002 | Step 00000 | Loss 1.7305 | Train Acc 0.6350 | Speed (samples/sec) 1109.8096 | GPU 1966.8 MB | time 0.803 s
Part 14 | Epoch 00002 | Step 00000 | Loss 1.3486 | Train Acc 0.7550 | Speed (samples/sec) 1112.7180 | GPU 2224.7 MB | time 0.783 s
Part 10 | Epoch 00002 | Step 00000 | Loss 1.3608 | Train Acc 0.7540 | Speed (samples/sec) 1113.9035 | GPU 2219.9 MB | time 0.785 s
Part 13 | Epoch 00002 | Step 00000 | Loss 1.4112 | Train Acc 0.7370 | Speed (samples/sec) 1111.4747 | GPU 2211.5 MB | time 0.786 s
Part 9 | Epoch 00002 | Step 00000 | Loss 1.5036 | Train Acc 0.7240 | Speed (samples/sec) 1111.2666 | GPU 2217.6 MB | time 0.791 s
Part 12 | Epoch 00002 | Step 00000 | Loss 1.4055 | Train Acc 0.7320 | Speed (samples/sec) 1109.9213 | GPU 2204.6 MB | time 0.800 s
Part 8 | Epoch 00002 | Step 00000 | Loss 1.3442 | Train Acc 0.7710 | Speed (samples/sec) 1111.7441 | GPU 2224.0 MB | time 0.785 s
Part 15 | Epoch 00002 | Step 00000 | Loss 1.3702 | Train Acc 0.7660 | Speed (samples/sec) 1110.8630 | GPU 2229.4 MB | time 0.797 s
Part 11 | Epoch 00002 | Step 00000 | Loss 1.3668 | Train Acc 0.7610 | Speed (samples/sec) 1113.3497 | GPU 2216.3 MB | time 0.784 s
Avg train acc 0.7111
=====================
Part 0, Epoch Time(s): 5.4504
Sampling Time(s): 0.2886
Loading Time(s): 1.1519
Forward Time(s): 0.3066
Backward Time(s): 0.2489
Update Time(s): 0.0079
Emb Update Time(s): 3.4386
#seeds: 6145
#inputs: 1930924
==========================================
Part 1, Epoch Time(s): 5.4760
Sampling Time(s): 0.3356
Loading Time(s): 1.0930
Forward Time(s): 0.3486
Backward Time(s): 0.2465
Update Time(s): 0.0090
Emb Update Time(s): 3.4378
#seeds: 6144
#inputs: 1940496
=====================

=====================
Part 5, Epoch Time(s): 5.4863
Sampling Time(s): 0.3121
Loading Time(s): 1.1533
Forward Time(s): 0.3217
Backward Time(s): 0.2473
Update Time(s): 0.0066
Emb Update Time(s): 3.4405
#seeds: 6144
#inputs: 1924110
==========================================
Part 3, Epoch Time(s): 5.4719
Sampling Time(s): 0.3108
Loading Time(s): 1.0683
Forward Time(s): 0.3938
Backward Time(s): 0.2480
Update Time(s): 0.0065
Emb Update Time(s): 3.4398
#seeds: 6144
#inputs: 1922970
==========================================
Part 4, Epoch Time(s): 5.4776
Sampling Time(s): 0.3249
Loading Time(s): 1.0571
Forward Time(s): 0.3948
Backward Time(s): 0.2475
Update Time(s): 0.0088
Emb Update Time(s): 3.4391
#seeds: 6145
#inputs: 1922340
==========================================
Part 2, Epoch Time(s): 5.4740
Sampling Time(s): 0.2898
Loading Time(s): 1.0806
Forward Time(s): 0.4045
Backward Time(s): 0.2481
Update Time(s): 0.0063
Emb Update Time(s): 3.4398
#seeds: 6144
#inputs: 1921899
==========================================
Part 7, Epoch Time(s): 5.4773
Sampling Time(s): 0.3108
Loading Time(s): 1.1329
Forward Time(s): 0.3341
Backward Time(s): 0.2468
Update Time(s): 0.0082
Emb Update Time(s): 3.4395
#seeds: 6144
#inputs: 1941434
=====================
=====================
Part 6, Epoch Time(s): 5.4732
Sampling Time(s): 0.2867
Loading Time(s): 1.0703
Forward Time(s): 0.4168
Backward Time(s): 0.2469
Update Time(s): 0.0073
Emb Update Time(s): 3.4403
#seeds: 6144
#inputs: 1928017
=====================




=====================
Part 24, Epoch Time(s): 5.4712
Sampling Time(s): 0.3116
Loading Time(s): 1.1522
Forward Time(s): 0.3074
Backward Time(s): 0.2444
Update Time(s): 0.0075
Emb Update Time(s): 3.4435
#seeds: 6144
#inputs: 1974457
==========================================
Part 26, Epoch Time(s): 5.4688
Sampling Time(s): 0.2666
Loading Time(s): 1.1482
Forward Time(s): 0.3541
Backward Time(s): 0.2441
Update Time(s): 0.0084
Emb Update Time(s): 3.4427
#seeds: 6145
#inputs: 1977478
==========================================
Part 28, Epoch Time(s): 5.4746
Sampling Time(s): 0.2983
Loading Time(s): 1.2788
Forward Time(s): 0.2064
Backward Time(s): 0.2355
Update Time(s): 0.0103
Emb Update Time(s): 3.4406
#seeds: 6144
#inputs: 1955104
==========================================
Part 30, Epoch Time(s): 5.4602
Sampling Time(s): 0.2918
Loading Time(s): 1.2553
Forward Time(s): 0.2265
Backward Time(s): 0.2309
Update Time(s): 0.0112
Emb Update Time(s): 3.4397
#seeds: 6144
#inputs: 1965665
==========================================
Part 25, Epoch Time(s): 5.4719
Sampling Time(s): 0.3182
Loading Time(s): 1.2084
Forward Time(s): 0.2463
Backward Time(s): 0.2436
Update Time(s): 0.0083
Emb Update Time(s): 3.4425
#seeds: 6144
#inputs: 1980561
==========================================
Part 27, Epoch Time(s): 5.4672
Sampling Time(s): 0.3925
Loading Time(s): 1.2501
Forward Time(s): 0.1565
Backward Time(s): 0.2196
Update Time(s): 0.0109
Emb Update Time(s): 3.4332
#seeds: 6144
#inputs: 1974829
==========================================
Part 31, Epoch Time(s): 5.4669
Sampling Time(s): 0.2931
Loading Time(s): 1.2130
Forward Time(s): 0.2684
Backward Time(s): 0.2371
Update Time(s): 0.0099
Emb Update Time(s): 3.4407
#seeds: 6144
#inputs: 1974228
=====================

=====================
Part 29, Epoch Time(s): 5.4645
Sampling Time(s): 0.2914
Loading Time(s): 1.1426
Forward Time(s): 0.3305
Backward Time(s): 0.2444
Update Time(s): 0.0098
Emb Update Time(s): 3.4413
#seeds: 6144
#inputs: 1968276
=====================





=====================
Part 16, Epoch Time(s): 5.4732
Sampling Time(s): 0.3078
Loading Time(s): 1.0774
Forward Time(s): 0.3904
Backward Time(s): 0.2439
Update Time(s): 0.0087
Emb Update Time(s): 3.4402
#seeds: 6144
#inputs: 1943842
==========================================
Part 17, Epoch Time(s): 5.4669
Sampling Time(s): 0.3162
Loading Time(s): 1.0863
Forward Time(s): 0.3700
Backward Time(s): 0.2401
Update Time(s): 0.0062
Emb Update Time(s): 3.4433
#seeds: 6144
#inputs: 1927620
==========================================
Part 21, Epoch Time(s): 5.4745
Sampling Time(s): 0.2958
Loading Time(s): 1.1052
Forward Time(s): 0.3749
Backward Time(s): 0.2432
Update Time(s): 0.0086
Emb Update Time(s): 3.4419
#seeds: 6144
#inputs: 1926058
==========================================
Part 23, Epoch Time(s): 5.4680
Sampling Time(s): 0.3033
Loading Time(s): 1.0501
Forward Time(s): 0.4152
Backward Time(s): 0.2435
Update Time(s): 0.0085
Emb Update Time(s): 3.4424
#seeds: 6144
#inputs: 1914855
==========================================
Part 22, Epoch Time(s): 5.4666
Sampling Time(s): 0.2886
Loading Time(s): 1.1066
Forward Time(s): 0.3770
Backward Time(s): 0.2386
Update Time(s): 0.0081
Emb Update Time(s): 3.4424
#seeds: 6145
#inputs: 1929812
==========================================
Part 18, Epoch Time(s): 5.4732
Sampling Time(s): 0.3011
Loading Time(s): 1.0859
Forward Time(s): 0.3914
Backward Time(s): 0.2405
Update Time(s): 0.0071
Emb Update Time(s): 3.4424
#seeds: 6145
#inputs: 1940625
=====================




=====================
Part 20, Epoch Time(s): 5.4713
Sampling Time(s): 0.3624
Loading Time(s): 1.0588
Forward Time(s): 0.3493
Backward Time(s): 0.2446
Update Time(s): 0.0098
Emb Update Time(s): 3.4405
#seeds: 6144
#inputs: 1939854
==========================================
Part 19, Epoch Time(s): 5.4651
Sampling Time(s): 0.2858
Loading Time(s): 0.9811
Forward Time(s): 0.4982
Backward Time(s): 0.2446
Update Time(s): 0.0082
Emb Update Time(s): 3.4419
#seeds: 6144
#inputs: 1938459
=====================


=====================
Part 12, Epoch Time(s): 5.4666
Sampling Time(s): 0.2912
Loading Time(s): 1.0983
Forward Time(s): 0.3748
Backward Time(s): 0.2448
Update Time(s): 0.0069
Emb Update Time(s): 3.4450
#seeds: 6144
#inputs: 2025550
==========================================
Part 10, Epoch Time(s): 5.4529
Sampling Time(s): 0.2852
Loading Time(s): 1.2857
Forward Time(s): 0.2132
Backward Time(s): 0.2147
Update Time(s): 0.0065
Emb Update Time(s): 3.4420
#seeds: 6144
#inputs: 2034602
==========================================
Part 11, Epoch Time(s): 5.4509
Sampling Time(s): 0.2955
Loading Time(s): 1.3516
Forward Time(s): 0.1593
Backward Time(s): 0.1938
Update Time(s): 0.0055
Emb Update Time(s): 3.4400
#seeds: 6144
#inputs: 2050117
==========================================
Part 15, Epoch Time(s): 5.4642
Sampling Time(s): 0.2870
Loading Time(s): 1.3140
Forward Time(s): 0.1811
Backward Time(s): 0.2245
Update Time(s): 0.0060
Emb Update Time(s): 3.4458
#seeds: 6145
#inputs: 2038933
==========================================
Part 13, Epoch Time(s): 5.4530
Sampling Time(s): 0.2889
Loading Time(s): 1.3380
Forward Time(s): 0.1732
Backward Time(s): 0.2008
Update Time(s): 0.0057
Emb Update Time(s): 3.4405
#seeds: 6144
#inputs: 2045685
==========================================
Part 9, Epoch Time(s): 5.4587
Sampling Time(s): 0.3136
Loading Time(s): 1.3623
Forward Time(s): 0.1531
Backward Time(s): 0.1797
Update Time(s): 0.0057
Emb Update Time(s): 3.4387
#seeds: 6144
#inputs: 2044213
==========================================
Part 14, Epoch Time(s): 5.4509
Sampling Time(s): 0.3114
Loading Time(s): 1.3115
Forward Time(s): 0.1686
Backward Time(s): 0.2075
Update Time(s): 0.0069
Emb Update Time(s): 3.4390
#seeds: 6144
#inputs: 2047990
==========================================
Part 8, Epoch Time(s): 5.4522
Sampling Time(s): 0.2801
Loading Time(s): 1.3420
Forward Time(s): 0.1859
Backward Time(s): 0.1923
Update Time(s): 0.0058
Emb Update Time(s): 3.4400
#seeds: 6145
#inputs: 2033419
=====================







|V|=2449029, eval batch size: 100000
|V|=2449029, eval batch size: 100000
|V|=2449029, eval batch size: 100000
|V|=2449029, eval batch size: 100000
|V|=2449029, eval batch size: 100000
|V|=2449029, eval batch size: 100000
|V|=2449029, eval batch size: 100000
|V|=2449029, eval batch size: 100000
|V|=2449029, eval batch size: 100000
|V|=2449029, eval batch size: 100000
|V|=2449029, eval batch size: 100000
|V|=2449029, eval batch size: 100000
|V|=2449029, eval batch size: 100000
|V|=2449029, eval batch size: 100000
|V|=2449029, eval batch size: 100000
|V|=2449029, eval batch size: 100000
|V|=2449029, eval batch size: 100000
|V|=2449029, eval batch size: 100000
|V|=2449029, eval batch size: 100000
|V|=2449029, eval batch size: 100000
|V|=2449029, eval batch size: 100000
|V|=2449029, eval batch size: 100000
|V|=2449029, eval batch size: 100000
|V|=2449029, eval batch size: 100000
|V|=2449029, eval batch size: 100000
|V|=2449029, eval batch size: 100000
|V|=2449029, eval batch size: 100000
|V|=2449029, eval batch size: 100000
|V|=2449029, eval batch size: 100000
|V|=2449029, eval batch size: 100000
|V|=2449029, eval batch size: 100000
|V|=2449029, eval batch size: 100000
|V|=2449029, eval batch size: 100000|V|=2449029, eval batch size: 100000

|V|=2449029, eval batch size: 100000
|V|=2449029, eval batch size: 100000
|V|=2449029, eval batch size: 100000
|V|=2449029, eval batch size: 100000
|V|=2449029, eval batch size: 100000|V|=2449029, eval batch size: 100000

|V|=2449029, eval batch size: 100000
|V|=2449029, eval batch size: 100000|V|=2449029, eval batch size: 100000

|V|=2449029, eval batch size: 100000
|V|=2449029, eval batch size: 100000
|V|=2449029, eval batch size: 100000|V|=2449029, eval batch size: 100000

|V|=2449029, eval batch size: 100000
|V|=2449029, eval batch size: 100000|V|=2449029, eval batch size: 100000

|V|=2449029, eval batch size: 100000
|V|=2449029, eval batch size: 100000
|V|=2449029, eval batch size: 100000|V|=2449029, eval batch size: 100000

|V|=2449029, eval batch size: 100000|V|=2449029, eval batch size: 100000

|V|=2449029, eval batch size: 100000
|V|=2449029, eval batch size: 100000
|V|=2449029, eval batch size: 100000
|V|=2449029, eval batch size: 100000
|V|=2449029, eval batch size: 100000
|V|=2449029, eval batch size: 100000
|V|=2449029, eval batch size: 100000
|V|=2449029, eval batch size: 100000
|V|=2449029, eval batch size: 100000
|V|=2449029, eval batch size: 100000
|V|=2449029, eval batch size: 100000
|V|=2449029, eval batch size: 100000
|V|=2449029, eval batch size: 100000
|V|=2449029, eval batch size: 100000
|V|=2449029, eval batch size: 100000
|V|=2449029, eval batch size: 100000
|V|=2449029, eval batch size: 100000|V|=2449029, eval batch size: 100000

|V|=2449029, eval batch size: 100000
|V|=2449029, eval batch size: 100000
|V|=2449029, eval batch size: 100000
|V|=2449029, eval batch size: 100000
|V|=2449029, eval batch size: 100000
|V|=2449029, eval batch size: 100000
|V|=2449029, eval batch size: 100000
|V|=2449029, eval batch size: 100000
|V|=2449029, eval batch size: 100000
|V|=2449029, eval batch size: 100000
|V|=2449029, eval batch size: 100000|V|=2449029, eval batch size: 100000

|V|=2449029, eval batch size: 100000
|V|=2449029, eval batch size: 100000
|V|=2449029, eval batch size: 100000
|V|=2449029, eval batch size: 100000
|V|=2449029, eval batch size: 100000
|V|=2449029, eval batch size: 100000
|V|=2449029, eval batch size: 100000
|V|=2449029, eval batch size: 100000
|V|=2449029, eval batch size: 100000
|V|=2449029, eval batch size: 100000
Part 7, Val Acc 0.8845, Test Acc 0.7356, time: 7.4428
Part 5, Val Acc 0.8869, Test Acc 0.7365, time: 7.4481
Part 23, Val Acc 0.8396, Test Acc 0.6178, time: 7.4542
Part 6, Val Acc 0.8893, Test Acc 0.7350, time: 7.4548
Part 22, Val Acc 0.8242, Test Acc 0.6152, time: 7.4557
Part 31, Val Acc 0.8023, Test Acc 0.6058, time: 7.4590
Part 26, Val Acc 0.7990, Test Acc 0.6041, time: 7.4596
Part 17, Val Acc 0.8381, Test Acc 0.6172, time: 7.4606
Part 0, Val Acc 0.8788, Test Acc 0.7380, time: 7.4612
Part 1, Val Acc 0.8893, Test Acc 0.7361, time: 7.4616
Part 18, Val Acc 0.8137, Test Acc 0.6171, time: 7.4623
Part 16, Val Acc 0.8413, Test Acc 0.6151, time: 7.4629
Part 4, Val Acc 0.8926, Test Acc 0.7367, time: 7.4663
Part 30, Val Acc 0.8161, Test Acc 0.6065, time: 7.4664
Part 9, Val Acc 0.8348, Test Acc 0.6538, time: 7.4667
Part 19, Val Acc 0.8120, Test Acc 0.6180, time: 7.4670
Part 20, Val Acc 0.8186, Test Acc 0.6146, time: 7.4673
Part 3, Val Acc 0.8925, Test Acc 0.7371, time: 7.4675
Part 2, Val Acc 0.8739, Test Acc 0.7359, time: 7.4683
Part 14, Val Acc 0.8202, Test Acc 0.6535, time: 7.4704
Part 24, Val Acc 0.8039, Test Acc 0.6026, time: 7.4710
Part 27, Val Acc 0.8389, Test Acc 0.6033, time: 7.4719
Part 13, Val Acc 0.8202, Test Acc 0.6533, time: 7.4730
Part 25, Val Acc 0.8078, Test Acc 0.6013, time: 7.4731
Part 21, Val Acc 0.8267, Test Acc 0.6184, time: 7.4732
Part 29, Val Acc 0.8194, Test Acc 0.6038, time: 7.4743
Part 10, Val Acc 0.8487, Test Acc 0.6504, time: 7.4746
Part 28, Val Acc 0.8062, Test Acc 0.6029, time: 7.4788
Part 12, Val Acc 0.8388, Test Acc 0.6550, time: 7.4807
Part 11, Val Acc 0.8308, Test Acc 0.6533, time: 7.4849
Part 15, Val Acc 0.8234, Test Acc 0.6552, time: 7.4866
Part 8, Val Acc 0.8446, Test Acc 0.6532, time: 7.4883
All parts avg val acc 0.8393, test acc 0.6526
Part 26 | Epoch 00003 | Step 00000 | Loss 0.8641 | Train Acc 0.7820 | Speed (samples/sec) 1116.0114 | GPU 2059.9 MB | time 0.794 s
Part 29 | Epoch 00003 | Step 00000 | Loss 0.8937 | Train Acc 0.7640 | Speed (samples/sec) 1116.6549 | GPU 2078.2 MB | time 0.779 s
Part 7 | Epoch 00003 | Step 00000 | Loss 0.5433 | Train Acc 0.8800 | Speed (samples/sec) 1112.7485 | GPU 1924.4 MB | time 0.811 s
Part 5 | Epoch 00003 | Step 00000 | Loss 0.5402 | Train Acc 0.8870 | Speed (samples/sec) 1112.1077 | GPU 1921.0 MB | time 0.805 s
Part 3 | Epoch 00003 | Step 00000 | Loss 0.5645 | Train Acc 0.8820 | Speed (samples/sec) 1115.2655 | GPU 1923.4 MB | time 0.786 s
Part 2 | Epoch 00003 | Step 00000 | Loss 0.5179 | Train Acc 0.8820 | Speed (samples/sec) 1115.2435 | GPU 1935.1 MB | time 0.785 s
Part 25 | Epoch 00003 | Step 00000 | Loss 0.8386 | Train Acc 0.7930 | Speed (samples/sec) 1116.3159 | GPU 2056.5 MB | time 0.781 s
Part 24 | Epoch 00003 | Step 00000 | Loss 0.7784 | Train Acc 0.8020 | Speed (samples/sec) 1116.3744 | GPU 2068.8 MB | time 0.782 s
Part 31 | Epoch 00003 | Step 00000 | Loss 0.8032 | Train Acc 0.7890 | Speed (samples/sec) 1116.9596 | GPU 2062.0 MB | time 0.795 s
Part 28 | Epoch 00003 | Step 00000 | Loss 0.8312 | Train Acc 0.7840 | Speed (samples/sec) 1116.6677 | GPU 2055.1 MB | time 0.775 s
Part 14 | Epoch 00003 | Step 00000 | Loss 0.7056 | Train Acc 0.8420 | Speed (samples/sec) 1118.5926 | GPU 2224.7 MB | time 0.783 s
Part 12 | Epoch 00003 | Step 00000 | Loss 0.8296 | Train Acc 0.8170 | Speed (samples/sec) 1117.7757 | GPU 2212.0 MB | time 0.773 sPart 8 | Epoch 00003 | Step 00000 | Loss 0.7997 | Train Acc 0.8160 | Speed (samples/sec) 1119.6764 | GPU 2224.0 MB | time 0.765 s

Part 30 | Epoch 00003 | Step 00000 | Loss 0.7691 | Train Acc 0.8080 | Speed (samples/sec) 1116.4239 | GPU 2069.5 MB | time 0.787 s
Part 10 | Epoch 00003 | Step 00000 | Loss 0.7825 | Train Acc 0.8300 | Speed (samples/sec) 1119.6868 | GPU 2225.2 MB | time 0.779 s
Part 13 | Epoch 00003 | Step 00000 | Loss 0.8246 | Train Acc 0.8120 | Speed (samples/sec) 1118.0942 | GPU 2214.8 MB | time 0.780 s
Part 0 | Epoch 00003 | Step 00000 | Loss 0.4842 | Train Acc 0.9020 | Speed (samples/sec) 1121.7355 | GPU 1932.8 MB | time 0.765 sPart 4 | Epoch 00003 | Step 00000 | Loss 0.5043 | Train Acc 0.8800 | Speed (samples/sec) 1115.0542 | GPU 1917.6 MB | time 0.787 s

Part 1 | Epoch 00003 | Step 00000 | Loss 0.4566 | Train Acc 0.9070 | Speed (samples/sec) 1114.7535 | GPU 1925.1 MB | time 0.792 s
Part 22 | Epoch 00003 | Step 00000 | Loss 0.9427 | Train Acc 0.8170 | Speed (samples/sec) 1115.6735 | GPU 1971.6 MB | time 0.798 sPart 17 | Epoch 00003 | Step 00000 | Loss 0.9143 | Train Acc 0.8080 | Speed (samples/sec) 1114.9834 | GPU 1974.5 MB | time 0.793 s

Part 19 | Epoch 00003 | Step 00000 | Loss 1.0048 | Train Acc 0.7900 | Speed (samples/sec) 1116.4391 | GPU 1957.2 MB | time 0.787 sPart 18 | Epoch 00003 | Step 00000 | Loss 0.9171 | Train Acc 0.7980 | Speed (samples/sec) 1115.3744 | GPU 1964.8 MB | time 0.791 s

Part 16 | Epoch 00003 | Step 00000 | Loss 0.9595 | Train Acc 0.7950 | Speed (samples/sec) 1114.7049 | GPU 1975.3 MB | time 0.791 s
Part 27 | Epoch 00003 | Step 00000 | Loss 0.8396 | Train Acc 0.7920 | Speed (samples/sec) 1115.7880 | GPU 2058.4 MB | time 0.782 s
Part 15 | Epoch 00003 | Step 00000 | Loss 0.7821 | Train Acc 0.8290 | Speed (samples/sec) 1119.0337 | GPU 2235.6 MB | time 0.766 s
Part 11 | Epoch 00003 | Step 00000 | Loss 0.7297 | Train Acc 0.8330 | Speed (samples/sec) 1120.3233 | GPU 2216.3 MB | time 0.769 s
Part 9 | Epoch 00003 | Step 00000 | Loss 0.8325 | Train Acc 0.8190 | Speed (samples/sec) 1117.3627 | GPU 2217.6 MB | time 0.787 s
Part 20 | Epoch 00003 | Step 00000 | Loss 0.9578 | Train Acc 0.7920 | Speed (samples/sec) 1116.4174 | GPU 1972.6 MB | time 0.787 s
Part 21 | Epoch 00003 | Step 00000 | Loss 0.9437 | Train Acc 0.8070 | Speed (samples/sec) 1115.5810 | GPU 1967.3 MB | time 0.780 s
Part 23 | Epoch 00003 | Step 00000 | Loss 0.8717 | Train Acc 0.8120 | Speed (samples/sec) 1115.3185 | GPU 1966.5 MB | time 0.800 s
Part 6 | Epoch 00003 | Step 00000 | Loss 0.5579 | Train Acc 0.8780 | Speed (samples/sec) 1114.2089 | GPU 1929.3 MB | time 0.798 s
Avg train acc 0.8259
=====================
Part 3, Epoch Time(s): 5.3221
Sampling Time(s): 0.3334
Loading Time(s): 1.0639
Forward Time(s): 0.3574
Backward Time(s): 0.2253
Update Time(s): 0.0066
Emb Update Time(s): 3.3285
#seeds: 6144
#inputs: 1926024
==========================================
Part 6, Epoch Time(s): 5.3347
Sampling Time(s): 0.3299
Loading Time(s): 1.0987
Forward Time(s): 0.3429
Backward Time(s): 0.2175
Update Time(s): 0.0102
Emb Update Time(s): 3.3262
#seeds: 6144
#inputs: 1933952
==========================================
Part 5, Epoch Time(s): 5.3414
Sampling Time(s): 0.3512
Loading Time(s): 1.0581
Forward Time(s): 0.3650
Backward Time(s): 0.2248
Update Time(s): 0.0066
Emb Update Time(s): 3.3289
#seeds: 6144
#inputs: 1930528
==========================================
Part 2, Epoch Time(s): 5.3212
Sampling Time(s): 0.3041
Loading Time(s): 1.0709
Forward Time(s): 0.3783
Backward Time(s): 0.2255
Update Time(s): 0.0071
Emb Update Time(s): 3.3281
#seeds: 6144
#inputs: 1919924
==========================================
Part 0, Epoch Time(s): 5.3017
Sampling Time(s): 0.3049
Loading Time(s): 1.0760
Forward Time(s): 0.3492
Backward Time(s): 0.2263
Update Time(s): 0.0099
Emb Update Time(s): 3.3256
#seeds: 6145
#inputs: 1931108
=====================


=====================
Part 1, Epoch Time(s): 5.3288
Sampling Time(s): 0.3550
Loading Time(s): 1.0999
Forward Time(s): 0.3062
Backward Time(s): 0.2240
Update Time(s): 0.0089
Emb Update Time(s): 3.3267
#seeds: 6144
#inputs: 1935046
=====================
=====================
Part 4, Epoch Time(s): 5.3243
Sampling Time(s): 0.3277
Loading Time(s): 1.0716
Forward Time(s): 0.3618
Backward Time(s): 0.2187
Update Time(s): 0.0110
Emb Update Time(s): 3.3252
#seeds: 6145
#inputs: 1914861
=====================


=====================
Part 7, Epoch Time(s): 5.3472
Sampling Time(s): 0.3118
Loading Time(s): 1.1307
Forward Time(s): 0.3362
Backward Time(s): 0.2243
Update Time(s): 0.0091
Emb Update Time(s): 3.3276
#seeds: 6144
#inputs: 1938029
=====================
=====================
Part 18, Epoch Time(s): 5.3272
Sampling Time(s): 0.2777
Loading Time(s): 1.0911
Forward Time(s): 0.3901
Backward Time(s): 0.2238
Update Time(s): 0.0078
Emb Update Time(s): 3.3297
#seeds: 6145
#inputs: 1935037
=====================
=====================
Part 16, Epoch Time(s): 5.3269
Sampling Time(s): 0.2972
Loading Time(s): 1.0722
Forward Time(s): 0.3884
Backward Time(s): 0.2241
Update Time(s): 0.0082
Emb Update Time(s): 3.3295
#seeds: 6144
#inputs: 1937260
==========================================
Part 19, Epoch Time(s): 5.3228
Sampling Time(s): 0.2648
Loading Time(s): 1.0844
Forward Time(s): 0.4056
Backward Time(s): 0.2237
Update Time(s): 0.0090
Emb Update Time(s): 3.3283
#seeds: 6144
#inputs: 1931302
=====================

=====================
Part 20, Epoch Time(s): 5.3225
Sampling Time(s): 0.3393
Loading Time(s): 1.0852
Forward Time(s): 0.3298
Backward Time(s): 0.2235
Update Time(s): 0.0095
Emb Update Time(s): 3.3282
#seeds: 6144
#inputs: 1936339
==========================================
Part 23, Epoch Time(s): 5.3355
Sampling Time(s): 0.2877
Loading Time(s): 1.0242
Forward Time(s): 0.4552
Backward Time(s): 0.2231
Update Time(s): 0.0081
Emb Update Time(s): 3.3299
#seeds: 6144
#inputs: 1911970
=====================

=====================
Part 17, Epoch Time(s): 5.3291
Sampling Time(s): 0.2812
Loading Time(s): 1.0442
Forward Time(s): 0.4347
Backward Time(s): 0.2239
Update Time(s): 0.0083
Emb Update Time(s): 3.3296
#seeds: 6144
#inputs: 1932183
=====================
=====================
Part 21, Epoch Time(s): 5.3162
Sampling Time(s): 0.2886
Loading Time(s): 1.1290
Forward Time(s): 0.3291
Backward Time(s): 0.2234
Update Time(s): 0.0100
Emb Update Time(s): 3.3287
#seeds: 6144
#inputs: 1928950
==========================================
Part 22, Epoch Time(s): 5.3341
Sampling Time(s): 0.2849
Loading Time(s): 1.1104
Forward Time(s): 0.3696
Backward Time(s): 0.2232
Update Time(s): 0.0075
Emb Update Time(s): 3.3314
#seeds: 6145
#inputs: 1934419
=====================

=====================
Part 28, Epoch Time(s): 5.3108
Sampling Time(s): 0.2809
Loading Time(s): 1.2154
Forward Time(s): 0.2496
Backward Time(s): 0.2209
Update Time(s): 0.0064
Emb Update Time(s): 3.3309
#seeds: 6144
#inputs: 1958730
==========================================
Part 25, Epoch Time(s): 5.3167
Sampling Time(s): 0.2869
Loading Time(s): 1.2502
Forward Time(s): 0.2211
Backward Time(s): 0.2146
Update Time(s): 0.0063
Emb Update Time(s): 3.3309
#seeds: 6144
#inputs: 1980623
==========================================
Part 24, Epoch Time(s): 5.3184
Sampling Time(s): 0.2922
Loading Time(s): 1.1479
Forward Time(s): 0.3108
Backward Time(s): 0.2238
Update Time(s): 0.0068
Emb Update Time(s): 3.3302
#seeds: 6144
#inputs: 1964514
==========================================
Part 29, Epoch Time(s): 5.3155
Sampling Time(s): 0.3057
Loading Time(s): 1.1862
Forward Time(s): 0.2605
Backward Time(s): 0.2193
Update Time(s): 0.0065
Emb Update Time(s): 3.3307
#seeds: 6144
#inputs: 1965859
=====================

=====================
Part 27, Epoch Time(s): 5.3179
Sampling Time(s): 0.3634
Loading Time(s): 1.2484
Forward Time(s): 0.1732
Backward Time(s): 0.1996
Update Time(s): 0.0072
Emb Update Time(s): 3.3192
#seeds: 6144
#inputs: 1979159
=====================


=====================
Part 31, Epoch Time(s): 5.3310
Sampling Time(s): 0.3006
Loading Time(s): 1.2469
Forward Time(s): 0.2189
Backward Time(s): 0.2204
Update Time(s): 0.0080
Emb Update Time(s): 3.3293
#seeds: 6144
#inputs: 1976410
==========================================
Part 30, Epoch Time(s): 5.3233
Sampling Time(s): 0.2981
Loading Time(s): 1.2527
Forward Time(s): 0.2049
Backward Time(s): 0.2235
Update Time(s): 0.0084
Emb Update Time(s): 3.3291
#seeds: 6144
#inputs: 1959797
=====================
=====================
Part 26, Epoch Time(s): 5.3303
Sampling Time(s): 0.2981
Loading Time(s): 1.1989
Forward Time(s): 0.2659
Backward Time(s): 0.2236
Update Time(s): 0.0069
Emb Update Time(s): 3.3304
#seeds: 6145
#inputs: 1981224
=====================

=====================
Part 8, Epoch Time(s): 5.3011
Sampling Time(s): 0.2909
Loading Time(s): 1.3162
Forward Time(s): 0.1728
Backward Time(s): 0.1884
Update Time(s): 0.0068
Emb Update Time(s): 3.3198
#seeds: 6145
#inputs: 2033379
==========================================
Part 11, Epoch Time(s): 5.3043
Sampling Time(s): 0.3001
Loading Time(s): 1.3158
Forward Time(s): 0.1754
Backward Time(s): 0.1786
Update Time(s): 0.0055
Emb Update Time(s): 3.3227
#seeds: 6144
#inputs: 2039285
==========================================
Part 9, Epoch Time(s): 5.3230
Sampling Time(s): 0.3048
Loading Time(s): 1.2970
Forward Time(s): 0.1844
Backward Time(s): 0.1970
Update Time(s): 0.0083
Emb Update Time(s): 3.3246
#seeds: 6144
#inputs: 2032696
=====================


=====================
Part 15, Epoch Time(s): 5.3020
Sampling Time(s): 0.2821
Loading Time(s): 1.3510
Forward Time(s): 0.1542
Backward Time(s): 0.1773
Update Time(s): 0.0088
Emb Update Time(s): 3.3220
#seeds: 6145
#inputs: 2035549
==========================================
Part 12, Epoch Time(s): 5.3088
Sampling Time(s): 0.3088
Loading Time(s): 1.2006
Forward Time(s): 0.2326
Backward Time(s): 0.2212
Update Time(s): 0.0085
Emb Update Time(s): 3.3303
#seeds: 6144
#inputs: 2026448
=====================

=====================
Part 10, Epoch Time(s): 5.3151
Sampling Time(s): 0.3019
Loading Time(s): 1.2881
Forward Time(s): 0.1879
Backward Time(s): 0.1983
Update Time(s): 0.0065
Emb Update Time(s): 3.3259
#seeds: 6144
#inputs: 2033464
==========================================
Part 13, Epoch Time(s): 5.3160
Sampling Time(s): 0.2995
Loading Time(s): 1.3455
Forward Time(s): 0.1563
Backward Time(s): 0.1820
Update Time(s): 0.0084
Emb Update Time(s): 3.3180
#seeds: 6144
#inputs: 2048081
=====================

=====================
Part 14, Epoch Time(s): 5.3196
Sampling Time(s): 0.3286
Loading Time(s): 1.3222
Forward Time(s): 0.1641
Backward Time(s): 0.1714
Update Time(s): 0.0076
Emb Update Time(s): 3.3188
#seeds: 6144
#inputs: 2048399
=====================
|V|=2449029, eval batch size: 100000
|V|=2449029, eval batch size: 100000
|V|=2449029, eval batch size: 100000
|V|=2449029, eval batch size: 100000
|V|=2449029, eval batch size: 100000
|V|=2449029, eval batch size: 100000
|V|=2449029, eval batch size: 100000
|V|=2449029, eval batch size: 100000
|V|=2449029, eval batch size: 100000
|V|=2449029, eval batch size: 100000
|V|=2449029, eval batch size: 100000
|V|=2449029, eval batch size: 100000
|V|=2449029, eval batch size: 100000
|V|=2449029, eval batch size: 100000
|V|=2449029, eval batch size: 100000
|V|=2449029, eval batch size: 100000
|V|=2449029, eval batch size: 100000
|V|=2449029, eval batch size: 100000
|V|=2449029, eval batch size: 100000
|V|=2449029, eval batch size: 100000
|V|=2449029, eval batch size: 100000
|V|=2449029, eval batch size: 100000
|V|=2449029, eval batch size: 100000
|V|=2449029, eval batch size: 100000
|V|=2449029, eval batch size: 100000
|V|=2449029, eval batch size: 100000
|V|=2449029, eval batch size: 100000
|V|=2449029, eval batch size: 100000
|V|=2449029, eval batch size: 100000
|V|=2449029, eval batch size: 100000
|V|=2449029, eval batch size: 100000
|V|=2449029, eval batch size: 100000
|V|=2449029, eval batch size: 100000
|V|=2449029, eval batch size: 100000
|V|=2449029, eval batch size: 100000
|V|=2449029, eval batch size: 100000|V|=2449029, eval batch size: 100000

|V|=2449029, eval batch size: 100000
|V|=2449029, eval batch size: 100000
|V|=2449029, eval batch size: 100000
|V|=2449029, eval batch size: 100000
|V|=2449029, eval batch size: 100000
|V|=2449029, eval batch size: 100000
|V|=2449029, eval batch size: 100000
|V|=2449029, eval batch size: 100000
|V|=2449029, eval batch size: 100000
|V|=2449029, eval batch size: 100000
|V|=2449029, eval batch size: 100000
|V|=2449029, eval batch size: 100000
|V|=2449029, eval batch size: 100000
|V|=2449029, eval batch size: 100000
|V|=2449029, eval batch size: 100000
|V|=2449029, eval batch size: 100000
|V|=2449029, eval batch size: 100000|V|=2449029, eval batch size: 100000
|V|=2449029, eval batch size: 100000
|V|=2449029, eval batch size: 100000

|V|=2449029, eval batch size: 100000
|V|=2449029, eval batch size: 100000
|V|=2449029, eval batch size: 100000
|V|=2449029, eval batch size: 100000
|V|=2449029, eval batch size: 100000
|V|=2449029, eval batch size: 100000
|V|=2449029, eval batch size: 100000
|V|=2449029, eval batch size: 100000
|V|=2449029, eval batch size: 100000
|V|=2449029, eval batch size: 100000
|V|=2449029, eval batch size: 100000
|V|=2449029, eval batch size: 100000
|V|=2449029, eval batch size: 100000|V|=2449029, eval batch size: 100000

|V|=2449029, eval batch size: 100000
|V|=2449029, eval batch size: 100000
|V|=2449029, eval batch size: 100000|V|=2449029, eval batch size: 100000

|V|=2449029, eval batch size: 100000
|V|=2449029, eval batch size: 100000
|V|=2449029, eval batch size: 100000
|V|=2449029, eval batch size: 100000
|V|=2449029, eval batch size: 100000
|V|=2449029, eval batch size: 100000
|V|=2449029, eval batch size: 100000
|V|=2449029, eval batch size: 100000|V|=2449029, eval batch size: 100000
|V|=2449029, eval batch size: 100000
|V|=2449029, eval batch size: 100000

|V|=2449029, eval batch size: 100000
|V|=2449029, eval batch size: 100000
|V|=2449029, eval batch size: 100000
|V|=2449029, eval batch size: 100000
|V|=2449029, eval batch size: 100000
|V|=2449029, eval batch size: 100000
|V|=2449029, eval batch size: 100000
|V|=2449029, eval batch size: 100000
|V|=2449029, eval batch size: 100000
|V|=2449029, eval batch size: 100000
Part 7, Val Acc 0.9129, Test Acc 0.7360, time: 7.4532
Part 6, Val Acc 0.9113, Test Acc 0.7359, time: 7.4547
Part 5, Val Acc 0.9072, Test Acc 0.7374, time: 7.4554
Part 17, Val Acc 0.8625, Test Acc 0.6636, time: 7.4626
Part 0, Val Acc 0.9178, Test Acc 0.7386, time: 7.4629
Part 4, Val Acc 0.9178, Test Acc 0.7387, time: 7.4645
Part 14, Val Acc 0.8413, Test Acc 0.6733, time: 7.4652
Part 3, Val Acc 0.9251, Test Acc 0.7383, time: 7.4666
Part 2, Val Acc 0.9007, Test Acc 0.7362, time: 7.4667
Part 18, Val Acc 0.8584, Test Acc 0.6618, time: 7.4668
Part 1, Val Acc 0.9154, Test Acc 0.7359, time: 7.4670
Part 13, Val Acc 0.8389, Test Acc 0.6752, time: 7.4684
Part 20, Val Acc 0.8584, Test Acc 0.6615, time: 7.4686
Part 12, Val Acc 0.8567, Test Acc 0.6744, time: 7.4706
Part 15, Val Acc 0.8316, Test Acc 0.6762, time: 7.4714
Part 8, Val Acc 0.8633, Test Acc 0.6750, time: 7.4725
Part 23, Val Acc 0.8616, Test Acc 0.6625, time: 7.4739
Part 16, Val Acc 0.8666, Test Acc 0.6606, time: 7.4740
Part 28, Val Acc 0.9055, Test Acc 0.6676, time: 7.4747
Part 25, Val Acc 0.9007, Test Acc 0.6664, time: 7.4754
Part 24, Val Acc 0.8877, Test Acc 0.6664, time: 7.4765
Part 19, Val Acc 0.8519, Test Acc 0.6620, time: 7.4773
Part 11, Val Acc 0.8470, Test Acc 0.6738, time: 7.4773
Part 30, Val Acc 0.8739, Test Acc 0.6693, time: 7.4776
Part 26, Val Acc 0.8918, Test Acc 0.6689, time: 7.4783
Part 22, Val Acc 0.8544, Test Acc 0.6588, time: 7.4794
Part 21, Val Acc 0.8560, Test Acc 0.6637, time: 7.4795
Part 10, Val Acc 0.8552, Test Acc 0.6717, time: 7.4828
Part 9, Val Acc 0.8446, Test Acc 0.6747, time: 7.4878
Part 27, Val Acc 0.9015, Test Acc 0.6683, time: 7.4936
Part 31, Val Acc 0.8902, Test Acc 0.6690, time: 7.4969
Part 29, Val Acc 0.9007, Test Acc 0.6670, time: 7.4988
All parts avg val acc 0.8784, test acc 0.6853
Part 21 | Epoch 00004 | Step 00000 | Loss 0.6405 | Train Acc 0.8530 | Speed (samples/sec) 1116.5332 | GPU 1967.3 MB | time 0.808 s
Part 0 | Epoch 00004 | Step 00000 | Loss 0.4698 | Train Acc 0.9060 | Speed (samples/sec) 1122.3537 | GPU 1932.8 MB | time 0.789 sPart 6 | Epoch 00004 | Step 00000 | Loss 0.3867 | Train Acc 0.9210 | Speed (samples/sec) 1114.1709 | GPU 1930.7 MB | time 0.833 s

Part 3 | Epoch 00004 | Step 00000 | Loss 0.4414 | Train Acc 0.9110 | Speed (samples/sec) 1115.5085 | GPU 1925.2 MB | time 0.821 s
Part 2 | Epoch 00004 | Step 00000 | Loss 0.4150 | Train Acc 0.9090 | Speed (samples/sec) 1115.5074 | GPU 1938.7 MB | time 0.821 s
Part 23 | Epoch 00004 | Step 00000 | Loss 0.6174 | Train Acc 0.8830 | Speed (samples/sec) 1115.9890 | GPU 1966.5 MB | time 0.814 s
Part 24 | Epoch 00004 | Step 00000 | Loss 0.4935 | Train Acc 0.8990 | Speed (samples/sec) 1116.8742 | GPU 2068.8 MB | time 0.811 s
Part 25 | Epoch 00004 | Step 00000 | Loss 0.6003 | Train Acc 0.8760 | Speed (samples/sec) 1116.7654 | GPU 2056.5 MB | time 0.812 s
Part 17 | Epoch 00004 | Step 00000 | Loss 0.6984 | Train Acc 0.8470 | Speed (samples/sec) 1115.0979 | GPU 1974.5 MB | time 0.825 s
Part 16 | Epoch 00004 | Step 00000 | Loss 0.7100 | Train Acc 0.8420 | Speed (samples/sec) 1115.5644 | GPU 1975.3 MB | time 0.814 s
Part 29 | Epoch 00004 | Step 00000 | Loss 0.4718 | Train Acc 0.8940 | Speed (samples/sec) 1118.4083 | GPU 2078.2 MB | time 0.789 sPart 28 | Epoch 00004 | Step 00000 | Loss 0.4714 | Train Acc 0.9020 | Speed (samples/sec) 1116.9700 | GPU 2055.7 MB | time 0.813 s
Part 26 | Epoch 00004 | Step 00000 | Loss 0.5585 | Train Acc 0.8950 | Speed (samples/sec) 1116.7429 | GPU 2067.4 MB | time 0.810 sPart 22 | Epoch 00004 | Step 00000 | Loss 0.6886 | Train Acc 0.8550 | Speed (samples/sec) 1116.6235 | GPU 1971.9 MB | time 0.809 s

Part 30 | Epoch 00004 | Step 00000 | Loss 0.4502 | Train Acc 0.8920 | Speed (samples/sec) 1116.9708 | GPU 2069.5 MB | time 0.810 s

Part 15 | Epoch 00004 | Step 00000 | Loss 0.7989 | Train Acc 0.8400 | Speed (samples/sec) 1118.5880 | GPU 2235.6 MB | time 0.817 s
Part 8 | Epoch 00004 | Step 00000 | Loss 0.7694 | Train Acc 0.8430 | Speed (samples/sec) 1119.1759 | GPU 2224.0 MB | time 0.815 s
Part 27 | Epoch 00004 | Step 00000 | Loss 0.4924 | Train Acc 0.8970 | Speed (samples/sec) 1117.4796 | GPU 2058.4 MB | time 0.794 s
Part 18 | Epoch 00004 | Step 00000 | Loss 0.6635 | Train Acc 0.8710 | Speed (samples/sec) 1115.6821 | GPU 1964.8 MB | time 0.821 s
Part 5 | Epoch 00004 | Step 00000 | Loss 0.4412 | Train Acc 0.9010 | Speed (samples/sec) 1112.5532 | GPU 1921.0 MB | time 0.832 s
Part 1 | Epoch 00004 | Step 00000 | Loss 0.3897 | Train Acc 0.9060 | Speed (samples/sec) 1115.1826 | GPU 1925.1 MB | time 0.821 s
Part 4 | Epoch 00004 | Step 00000 | Loss 0.3676 | Train Acc 0.9260 | Speed (samples/sec) 1115.3376 | GPU 1918.9 MB | time 0.823 s
Part 19 | Epoch 00004 | Step 00000 | Loss 0.7177 | Train Acc 0.8590 | Speed (samples/sec) 1116.9727 | GPU 1957.2 MB | time 0.811 sPart 20 | Epoch 00004 | Step 00000 | Loss 0.6856 | Train Acc 0.8440 | Speed (samples/sec) 1116.4609 | GPU 1972.6 MB | time 0.819 s

Part 9 | Epoch 00004 | Step 00000 | Loss 0.6745 | Train Acc 0.8520 | Speed (samples/sec) 1118.2892 | GPU 2217.6 MB | time 0.800 sPart 10 | Epoch 00004 | Step 00000 | Loss 0.7549 | Train Acc 0.8510 | Speed (samples/sec) 1119.6566 | GPU 2225.2 MB | time 0.805 s

Part 14 | Epoch 00004 | Step 00000 | Loss 0.7448 | Train Acc 0.8340 | Speed (samples/sec) 1117.8625 | GPU 2224.7 MB | time 0.823 s
Part 11 | Epoch 00004 | Step 00000 | Loss 0.7236 | Train Acc 0.8440 | Speed (samples/sec) 1119.8380 | GPU 2219.0 MB | time 0.810 sPart 13 | Epoch 00004 | Step 00000 | Loss 0.6563 | Train Acc 0.8500 | Speed (samples/sec) 1117.6657 | GPU 2214.8 MB | time 0.820 s

Part 12 | Epoch 00004 | Step 00000 | Loss 0.6846 | Train Acc 0.8460 | Speed (samples/sec) 1117.6166 | GPU 2212.0 MB | time 0.817 s
Part 7 | Epoch 00004 | Step 00000 | Loss 0.4926 | Train Acc 0.9040 | Speed (samples/sec) 1112.9290 | GPU 1924.4 MB | time 0.835 s
Part 31 | Epoch 00004 | Step 00000 | Loss 0.5344 | Train Acc 0.8790 | Speed (samples/sec) 1118.5120 | GPU 2066.4 MB | time 0.791 s
Avg train acc 0.8760
=====================
Part 1, Epoch Time(s): 5.4423
Sampling Time(s): 0.3207
Loading Time(s): 1.1868
Forward Time(s): 0.3278
Backward Time(s): 0.2337
Update Time(s): 0.0066
Emb Update Time(s): 3.3612
#seeds: 6144
#inputs: 1937497
==========================================
Part 4, Epoch Time(s): 5.4446
Sampling Time(s): 0.3592
Loading Time(s): 1.0815
Forward Time(s): 0.3934
Backward Time(s): 0.2356
Update Time(s): 0.0071
Emb Update Time(s): 3.3619
#seeds: 6145
#inputs: 1920906
==========================================
Part 0, Epoch Time(s): 5.4100
Sampling Time(s): 0.3116
Loading Time(s): 1.0280
Forward Time(s): 0.4560
Backward Time(s): 0.2396
Update Time(s): 0.0064
Emb Update Time(s): 3.3617
#seeds: 6145
#inputs: 1929352
==========================================
Part 3, Epoch Time(s): 5.4427
Sampling Time(s): 0.3019
Loading Time(s): 1.1127
Forward Time(s): 0.4142
Backward Time(s): 0.2398
Update Time(s): 0.0054
Emb Update Time(s): 3.3633
#seeds: 6144
#inputs: 1930040
==========================================
Part 2, Epoch Time(s): 5.4425
Sampling Time(s): 0.2889
Loading Time(s): 1.0925
Forward Time(s): 0.4420
Backward Time(s): 0.2454
Update Time(s): 0.0056
Emb Update Time(s): 3.3627
#seeds: 6144
#inputs: 1926251
=====================
=====================
Part 5, Epoch Time(s): 5.4538
Sampling Time(s): 0.3113
Loading Time(s): 1.0911
Forward Time(s): 0.4411
Backward Time(s): 0.2360
Update Time(s): 0.0057
Emb Update Time(s): 3.3632
#seeds: 6144
#inputs: 1935568
=====================




=====================
Part 6, Epoch Time(s): 5.4546
Sampling Time(s): 0.3266
Loading Time(s): 1.0345
Forward Time(s): 0.4740
Backward Time(s): 0.2440
Update Time(s): 0.0068
Emb Update Time(s): 3.3631
#seeds: 6144
#inputs: 1932743
=====================
=====================
Part 7, Epoch Time(s): 5.4558
Sampling Time(s): 0.3056
Loading Time(s): 1.0995
Forward Time(s): 0.4301
Backward Time(s): 0.2441
Update Time(s): 0.0084
Emb Update Time(s): 3.3617
#seeds: 6144
#inputs: 1936530
=====================
=====================
Part 21, Epoch Time(s): 5.4296
Sampling Time(s): 0.3270
Loading Time(s): 1.0948
Forward Time(s): 0.3895
Backward Time(s): 0.2423
Update Time(s): 0.0074
Emb Update Time(s): 3.3636
#seeds: 6144
#inputs: 1929273
==========================================
Part 22, Epoch Time(s): 5.4300
Sampling Time(s): 0.3231
Loading Time(s): 1.0651
Forward Time(s): 0.4230
Backward Time(s): 0.2423
Update Time(s): 0.0064
Emb Update Time(s): 3.3648
#seeds: 6145
#inputs: 1927606
==========================================
Part 23, Epoch Time(s): 5.4353
Sampling Time(s): 0.2698
Loading Time(s): 1.0604
Forward Time(s): 0.4863
Backward Time(s): 0.2423
Update Time(s): 0.0065
Emb Update Time(s): 3.3650
#seeds: 6144
#inputs: 1915941
==========================================
Part 17, Epoch Time(s): 5.4465
Sampling Time(s): 0.2787
Loading Time(s): 1.0040
Forward Time(s): 0.5451
Backward Time(s): 0.2434
Update Time(s): 0.0070
Emb Update Time(s): 3.3633
#seeds: 6144
#inputs: 1927988
=====================

=====================
Part 16, Epoch Time(s): 5.4349
Sampling Time(s): 0.2895
Loading Time(s): 1.1210
Forward Time(s): 0.4054
Backward Time(s): 0.2437
Update Time(s): 0.0076
Emb Update Time(s): 3.3624
#seeds: 6144
#inputs: 1947032
==========================================
Part 20, Epoch Time(s): 5.4406
Sampling Time(s): 0.3137
Loading Time(s): 1.0686
Forward Time(s): 0.4386
Backward Time(s): 0.2425
Update Time(s): 0.0070
Emb Update Time(s): 3.3644
#seeds: 6144
#inputs: 1939559
=====================


=====================
Part 18, Epoch Time(s): 5.4426
Sampling Time(s): 0.2841
Loading Time(s): 1.1577
Forward Time(s): 0.3807
Backward Time(s): 0.2429
Update Time(s): 0.0076
Emb Update Time(s): 3.3642
#seeds: 6145
#inputs: 1937734
==========================================
Part 19, Epoch Time(s): 5.4322
Sampling Time(s): 0.2869
Loading Time(s): 1.1009
Forward Time(s): 0.4242
Backward Time(s): 0.2425
Update Time(s): 0.0072
Emb Update Time(s): 3.3647
#seeds: 6144
#inputs: 1929388
=====================


=====================
Part 26, Epoch Time(s): 5.4310
Sampling Time(s): 0.2949
Loading Time(s): 1.2503
Forward Time(s): 0.2706
Backward Time(s): 0.2400
Update Time(s): 0.0069
Emb Update Time(s): 3.3630
#seeds: 6145
#inputs: 1972788
==========================================
Part 24, Epoch Time(s): 5.4325
Sampling Time(s): 0.2836
Loading Time(s): 1.2287
Forward Time(s): 0.3260
Backward Time(s): 0.2190
Update Time(s): 0.0064
Emb Update Time(s): 3.3636
#seeds: 6144
#inputs: 1959908
=====================

=====================
Part 29, Epoch Time(s): 5.4102
Sampling Time(s): 0.3238
Loading Time(s): 1.1732
Forward Time(s): 0.3133
Backward Time(s): 0.2293
Update Time(s): 0.0060
Emb Update Time(s): 3.3593
#seeds: 6144
#inputs: 1964623
==========================================
Part 28, Epoch Time(s): 5.4344
Sampling Time(s): 0.2882
Loading Time(s): 1.2294
Forward Time(s): 0.3035
Backward Time(s): 0.2384
Update Time(s): 0.0074
Emb Update Time(s): 3.3623
#seeds: 6144
#inputs: 1959303
==========================================
Part 27, Epoch Time(s): 5.4155
Sampling Time(s): 0.3195
Loading Time(s): 1.2804
Forward Time(s): 0.2173
Backward Time(s): 0.2231
Update Time(s): 0.0077
Emb Update Time(s): 3.3622
#seeds: 6144
#inputs: 1973494
==========================================
Part 30, Epoch Time(s): 5.4315
Sampling Time(s): 0.2901
Loading Time(s): 1.2924
Forward Time(s): 0.2353
Backward Time(s): 0.2385
Update Time(s): 0.0076
Emb Update Time(s): 3.3623
#seeds: 6144
#inputs: 1966666
==========================================
Part 25, Epoch Time(s): 5.4336
Sampling Time(s): 0.2997
Loading Time(s): 1.2508
Forward Time(s): 0.2705
Backward Time(s): 0.2371
Update Time(s): 0.0078
Emb Update Time(s): 3.3624
#seeds: 6144
#inputs: 1983010
=====================



=====================
Part 31, Epoch Time(s): 5.4123
Sampling Time(s): 0.2794
Loading Time(s): 1.2683
Forward Time(s): 0.2605
Backward Time(s): 0.2268
Update Time(s): 0.0079
Emb Update Time(s): 3.3629
#seeds: 6144
#inputs: 1971294
=====================

=====================
Part 13, Epoch Time(s): 5.4409
Sampling Time(s): 0.2750
Loading Time(s): 1.3316
Forward Time(s): 0.2521
Backward Time(s): 0.2122
Update Time(s): 0.0082
Emb Update Time(s): 3.3562
#seeds: 6144
#inputs: 2052496
==========================================
Part 10, Epoch Time(s): 5.4265
Sampling Time(s): 0.2977
Loading Time(s): 1.3111
Forward Time(s): 0.2301
Backward Time(s): 0.2166
Update Time(s): 0.0076
Emb Update Time(s): 3.3576
#seeds: 6144
#inputs: 2032112
==========================================
Part 11, Epoch Time(s): 5.4317
Sampling Time(s): 0.2956
Loading Time(s): 1.3077
Forward Time(s): 0.2333
Backward Time(s): 0.2208
Update Time(s): 0.0087
Emb Update Time(s): 3.3600
#seeds: 6144
#inputs: 2047766
==========================================
Part 12, Epoch Time(s): 5.4378
Sampling Time(s): 0.2718
Loading Time(s): 1.2219
Forward Time(s): 0.3409
Backward Time(s): 0.2246
Update Time(s): 0.0098
Emb Update Time(s): 3.3629
#seeds: 6144
#inputs: 2029646
==========================================
Part 8, Epoch Time(s): 5.4363
Sampling Time(s): 0.2704
Loading Time(s): 1.3001
Forward Time(s): 0.2671
Backward Time(s): 0.2288
Update Time(s): 0.0082
Emb Update Time(s): 3.3563
#seeds: 6145
#inputs: 2034183
==========================================
Part 9, Epoch Time(s): 5.4213
Sampling Time(s): 0.3041
Loading Time(s): 1.2821
Forward Time(s): 0.2499
Backward Time(s): 0.2179
Update Time(s): 0.0075
Emb Update Time(s): 3.3541
#seeds: 6144
#inputs: 2039301
=====================





=====================
Part 14, Epoch Time(s): 5.4445
Sampling Time(s): 0.3049
Loading Time(s): 1.2811
Forward Time(s): 0.2726
Backward Time(s): 0.2084
Update Time(s): 0.0086
Emb Update Time(s): 3.3626
#seeds: 6144
#inputs: 2040500
==========================================
Part 15, Epoch Time(s): 5.4380
Sampling Time(s): 0.2784
Loading Time(s): 1.3694
Forward Time(s): 0.2296
Backward Time(s): 0.1910
Update Time(s): 0.0092
Emb Update Time(s): 3.3551
#seeds: 6145
#inputs: 2041783
=====================

|V|=2449029, eval batch size: 100000
|V|=2449029, eval batch size: 100000
|V|=2449029, eval batch size: 100000
|V|=2449029, eval batch size: 100000
|V|=2449029, eval batch size: 100000
|V|=2449029, eval batch size: 100000
|V|=2449029, eval batch size: 100000
|V|=2449029, eval batch size: 100000
|V|=2449029, eval batch size: 100000
|V|=2449029, eval batch size: 100000
|V|=2449029, eval batch size: 100000
|V|=2449029, eval batch size: 100000
|V|=2449029, eval batch size: 100000
|V|=2449029, eval batch size: 100000
|V|=2449029, eval batch size: 100000
|V|=2449029, eval batch size: 100000
|V|=2449029, eval batch size: 100000
|V|=2449029, eval batch size: 100000
|V|=2449029, eval batch size: 100000
|V|=2449029, eval batch size: 100000
|V|=2449029, eval batch size: 100000
|V|=2449029, eval batch size: 100000
|V|=2449029, eval batch size: 100000
|V|=2449029, eval batch size: 100000
|V|=2449029, eval batch size: 100000
|V|=2449029, eval batch size: 100000
|V|=2449029, eval batch size: 100000
|V|=2449029, eval batch size: 100000
|V|=2449029, eval batch size: 100000
|V|=2449029, eval batch size: 100000
|V|=2449029, eval batch size: 100000
|V|=2449029, eval batch size: 100000
|V|=2449029, eval batch size: 100000
|V|=2449029, eval batch size: 100000
|V|=2449029, eval batch size: 100000
|V|=2449029, eval batch size: 100000
|V|=2449029, eval batch size: 100000
|V|=2449029, eval batch size: 100000
|V|=2449029, eval batch size: 100000
|V|=2449029, eval batch size: 100000|V|=2449029, eval batch size: 100000

|V|=2449029, eval batch size: 100000
|V|=2449029, eval batch size: 100000
|V|=2449029, eval batch size: 100000
|V|=2449029, eval batch size: 100000
|V|=2449029, eval batch size: 100000|V|=2449029, eval batch size: 100000

|V|=2449029, eval batch size: 100000
|V|=2449029, eval batch size: 100000
|V|=2449029, eval batch size: 100000|V|=2449029, eval batch size: 100000|V|=2449029, eval batch size: 100000

|V|=2449029, eval batch size: 100000

|V|=2449029, eval batch size: 100000
|V|=2449029, eval batch size: 100000
|V|=2449029, eval batch size: 100000|V|=2449029, eval batch size: 100000

|V|=2449029, eval batch size: 100000
|V|=2449029, eval batch size: 100000
|V|=2449029, eval batch size: 100000
|V|=2449029, eval batch size: 100000
|V|=2449029, eval batch size: 100000
|V|=2449029, eval batch size: 100000
|V|=2449029, eval batch size: 100000
|V|=2449029, eval batch size: 100000
|V|=2449029, eval batch size: 100000|V|=2449029, eval batch size: 100000

|V|=2449029, eval batch size: 100000
|V|=2449029, eval batch size: 100000
|V|=2449029, eval batch size: 100000
|V|=2449029, eval batch size: 100000
|V|=2449029, eval batch size: 100000
|V|=2449029, eval batch size: 100000
|V|=2449029, eval batch size: 100000
|V|=2449029, eval batch size: 100000
|V|=2449029, eval batch size: 100000
|V|=2449029, eval batch size: 100000
|V|=2449029, eval batch size: 100000
|V|=2449029, eval batch size: 100000
|V|=2449029, eval batch size: 100000
|V|=2449029, eval batch size: 100000
|V|=2449029, eval batch size: 100000
|V|=2449029, eval batch size: 100000
|V|=2449029, eval batch size: 100000
|V|=2449029, eval batch size: 100000
|V|=2449029, eval batch size: 100000
|V|=2449029, eval batch size: 100000
|V|=2449029, eval batch size: 100000
|V|=2449029, eval batch size: 100000
|V|=2449029, eval batch size: 100000
|V|=2449029, eval batch size: 100000|V|=2449029, eval batch size: 100000

|V|=2449029, eval batch size: 100000
|V|=2449029, eval batch size: 100000
|V|=2449029, eval batch size: 100000
|V|=2449029, eval batch size: 100000
Part 7, Val Acc 0.9186, Test Acc 0.7638, time: 7.3118
Part 6, Val Acc 0.9162, Test Acc 0.7642, time: 7.3189
Part 4, Val Acc 0.9243, Test Acc 0.7648, time: 7.3204
Part 16, Val Acc 0.8755, Test Acc 0.6954, time: 7.3256
Part 5, Val Acc 0.9146, Test Acc 0.7647, time: 7.3290
Part 0, Val Acc 0.9243, Test Acc 0.7665, time: 7.3299
Part 2, Val Acc 0.9024, Test Acc 0.7634, time: 7.3305
Part 25, Val Acc 0.9055, Test Acc 0.6983, time: 7.3312
Part 28, Val Acc 0.9112, Test Acc 0.6998, time: 7.3319
Part 13, Val Acc 0.8495, Test Acc 0.6911, time: 7.3321
Part 20, Val Acc 0.8657, Test Acc 0.6980, time: 7.3339
Part 3, Val Acc 0.9251, Test Acc 0.7646, time: 7.3347
Part 11, Val Acc 0.8511, Test Acc 0.6883, time: 7.3348
Part 9, Val Acc 0.8503, Test Acc 0.6904, time: 7.3358
Part 10, Val Acc 0.8641, Test Acc 0.6878, time: 7.3380
Part 22, Val Acc 0.8633, Test Acc 0.6965, time: 7.3382
Part 1, Val Acc 0.9203, Test Acc 0.7628, time: 7.3384
Part 12, Val Acc 0.8632, Test Acc 0.6893, time: 7.3385
Part 30, Val Acc 0.8869, Test Acc 0.7003, time: 7.3400
Part 19, Val Acc 0.8584, Test Acc 0.6979, time: 7.3406
Part 23, Val Acc 0.8640, Test Acc 0.6992, time: 7.3409
Part 21, Val Acc 0.8633, Test Acc 0.6982, time: 7.3412
Part 18, Val Acc 0.8584, Test Acc 0.6974, time: 7.3423
Part 17, Val Acc 0.8739, Test Acc 0.6990, time: 7.3426
Part 8, Val Acc 0.8666, Test Acc 0.6910, time: 7.3430
Part 26, Val Acc 0.9089, Test Acc 0.6989, time: 7.3431
Part 15, Val Acc 0.8365, Test Acc 0.6916, time: 7.3448
Part 29, Val Acc 0.9056, Test Acc 0.6969, time: 7.3453
Part 31, Val Acc 0.8991, Test Acc 0.7007, time: 7.3481
Part 14, Val Acc 0.8544, Test Acc 0.6887, time: 7.3541
Part 24, Val Acc 0.8950, Test Acc 0.6980, time: 7.3588
Part 27, Val Acc 0.9113, Test Acc 0.6995, time: 7.3624
All parts avg val acc 0.8852, test acc 0.7127
Part 5 | Epoch 00005 | Step 00000 | Loss 0.3302 | Train Acc 0.9300 | Speed (samples/sec) 1116.7017 | GPU 1927.3 MB | time 0.785 s
Part 1 | Epoch 00005 | Step 00000 | Loss 0.3643 | Train Acc 0.9170 | Speed (samples/sec) 1119.2481 | GPU 1925.1 MB | time 0.776 sPart 4 | Epoch 00005 | Step 00000 | Loss 0.4304 | Train Acc 0.9180 | Speed (samples/sec) 1118.5211 | GPU 1925.6 MB | time 0.794 s

Part 0 | Epoch 00005 | Step 00000 | Loss 0.4469 | Train Acc 0.9130 | Speed (samples/sec) 1126.2529 | GPU 1932.8 MB | time 0.752 s
Part 3 | Epoch 00005 | Step 00000 | Loss 0.3341 | Train Acc 0.9220 | Speed (samples/sec) 1119.3118 | GPU 1925.6 MB | time 0.780 s
Part 22 | Epoch 00005 | Step 00000 | Loss 0.6440 | Train Acc 0.8670 | Speed (samples/sec) 1120.4262 | GPU 1971.9 MB | time 0.776 s
Part 23 | Epoch 00005 | Step 00000 | Loss 0.5638 | Train Acc 0.8680 | Speed (samples/sec) 1119.9995 | GPU 1966.5 MB | time 0.773 s
Part 19 | Epoch 00005 | Step 00000 | Loss 0.6291 | Train Acc 0.8590 | Speed (samples/sec) 1120.7702 | GPU 1957.2 MB | time 0.774 sPart 21 | Epoch 00005 | Step 00000 | Loss 0.6404 | Train Acc 0.8740 | Speed (samples/sec) 1120.4269 | GPU 1967.3 MB | time 0.773 s

Part 6 | Epoch 00005 | Step 00000 | Loss 0.3943 | Train Acc 0.9130 | Speed (samples/sec) 1117.4790 | GPU 1930.8 MB | time 0.796 s
Part 2 | Epoch 00005 | Step 00000 | Loss 0.3841 | Train Acc 0.9160 | Speed (samples/sec) 1119.0938 | GPU 1938.7 MB | time 0.784 s
Part 16 | Epoch 00005 | Step 00000 | Loss 0.6192 | Train Acc 0.8750 | Speed (samples/sec) 1118.8896 | GPU 1975.3 MB | time 0.789 s
Part 30 | Epoch 00005 | Step 00000 | Loss 0.5046 | Train Acc 0.8900 | Speed (samples/sec) 1120.7118 | GPU 2075.0 MB | time 0.775 s
Part 25 | Epoch 00005 | Step 00000 | Loss 0.4892 | Train Acc 0.8980 | Speed (samples/sec) 1120.1058 | GPU 2059.5 MB | time 0.783 s
Part 26 | Epoch 00005 | Step 00000 | Loss 0.4001 | Train Acc 0.9200 | Speed (samples/sec) 1120.7291 | GPU 2067.4 MB | time 0.772 s
Part 31 | Epoch 00005 | Step 00000 | Loss 0.5683 | Train Acc 0.8880 | Speed (samples/sec) 1122.4132 | GPU 2066.4 MB | time 0.766 s
Part 29 | Epoch 00005 | Step 00000 | Loss 0.4302 | Train Acc 0.9040 | Speed (samples/sec) 1122.1305 | GPU 2078.2 MB | time 0.769 s
Part 27 | Epoch 00005 | Step 00000 | Loss 0.5432 | Train Acc 0.8860 | Speed (samples/sec) 1122.2979 | GPU 2059.4 MB | time 0.752 s
Part 24 | Epoch 00005 | Step 00000 | Loss 0.4435 | Train Acc 0.8960 | Speed (samples/sec) 1121.6298 | GPU 2068.8 MB | time 0.755 s
Part 11 | Epoch 00005 | Step 00000 | Loss 0.7022 | Train Acc 0.8420 | Speed (samples/sec) 1122.7277 | GPU 2221.1 MB | time 0.780 sPart 9 | Epoch 00005 | Step 00000 | Loss 0.7582 | Train Acc 0.8520 | Speed (samples/sec) 1121.5546 | GPU 2217.6 MB | time 0.779 sPart 8 | Epoch 00005 | Step 00000 | Loss 0.5961 | Train Acc 0.8530 | Speed (samples/sec) 1122.6396 | GPU 2224.0 MB | time 0.771 s


Part 13 | Epoch 00005 | Step 00000 | Loss 0.6739 | Train Acc 0.8560 | Speed (samples/sec) 1120.8904 | GPU 2215.1 MB | time 0.782 s
Part 14 | Epoch 00005 | Step 00000 | Loss 0.7188 | Train Acc 0.8500 | Speed (samples/sec) 1122.1730 | GPU 2224.7 MB | time 0.760 s
Part 17 | Epoch 00005 | Step 00000 | Loss 0.5729 | Train Acc 0.8680 | Speed (samples/sec) 1119.3675 | GPU 1974.5 MB | time 0.772 s
Part 20 | Epoch 00005 | Step 00000 | Loss 0.7002 | Train Acc 0.8490 | Speed (samples/sec) 1120.0295 | GPU 1972.6 MB | time 0.781 s
Part 12 | Epoch 00005 | Step 00000 | Loss 0.5785 | Train Acc 0.8640 | Speed (samples/sec) 1121.1683 | GPU 2212.0 MB | time 0.776 s
Part 18 | Epoch 00005 | Step 00000 | Loss 0.7660 | Train Acc 0.8360 | Speed (samples/sec) 1119.8547 | GPU 1964.8 MB | time 0.772 s
Part 15 | Epoch 00005 | Step 00000 | Loss 0.7568 | Train Acc 0.8340 | Speed (samples/sec) 1122.2983 | GPU 2235.6 MB | time 0.769 s
Part 28 | Epoch 00005 | Step 00000 | Loss 0.4932 | Train Acc 0.9000 | Speed (samples/sec) 1120.2997 | GPU 2055.7 MB | time 0.783 s
Part 7 | Epoch 00005 | Step 00000 | Loss 0.3552 | Train Acc 0.9230 | Speed (samples/sec) 1116.2166 | GPU 1924.4 MB | time 0.803 s
Part 10 | Epoch 00005 | Step 00000 | Loss 0.6919 | Train Acc 0.8470 | Speed (samples/sec) 1122.7588 | GPU 2225.2 MB | time 0.776 s
Avg train acc 0.8821
=====================
Part 0, Epoch Time(s): 5.5473
Sampling Time(s): 0.3125
Loading Time(s): 1.0373
Forward Time(s): 0.4927
Backward Time(s): 0.2196
Update Time(s): 0.0069
Emb Update Time(s): 3.4702
#seeds: 6145
#inputs: 1923972
==========================================
Part 6, Epoch Time(s): 5.5914
Sampling Time(s): 0.3021
Loading Time(s): 1.0615
Forward Time(s): 0.5293
Backward Time(s): 0.2112
Update Time(s): 0.0072
Emb Update Time(s): 3.4723
#seeds: 6144
#inputs: 1934395
==========================================
Part 3, Epoch Time(s): 5.5753
Sampling Time(s): 0.2904
Loading Time(s): 1.0292
Forward Time(s): 0.5518
Backward Time(s): 0.2207
Update Time(s): 0.0060
Emb Update Time(s): 3.4708
#seeds: 6144
#inputs: 1925954
==========================================
Part 4, Epoch Time(s): 5.5898
Sampling Time(s): 0.3367
Loading Time(s): 0.9861
Forward Time(s): 0.5643
Backward Time(s): 0.2172
Update Time(s): 0.0066
Emb Update Time(s): 3.4716
#seeds: 6145
#inputs: 1916859
==========================================
Part 2, Epoch Time(s): 5.5796
Sampling Time(s): 0.2879
Loading Time(s): 1.0389
Forward Time(s): 0.5473
Backward Time(s): 0.2210
Update Time(s): 0.0060
Emb Update Time(s): 3.4715
#seeds: 6144
#inputs: 1920514
=====================

=====================
Part 7, Epoch Time(s): 5.5983
Sampling Time(s): 0.3061
Loading Time(s): 1.0814
Forward Time(s): 0.5060
Backward Time(s): 0.2195
Update Time(s): 0.0070
Emb Update Time(s): 3.4713
#seeds: 6144
#inputs: 1935490
=====================


=====================
Part 1, Epoch Time(s): 5.5716
Sampling Time(s): 0.2985
Loading Time(s): 1.0615
Forward Time(s): 0.5084
Backward Time(s): 0.2194
Update Time(s): 0.0067
Emb Update Time(s): 3.4707
#seeds: 6144
#inputs: 1934130
==========================================
Part 5, Epoch Time(s): 5.5811
Sampling Time(s): 0.3314
Loading Time(s): 1.0984
Forward Time(s): 0.4495
Backward Time(s): 0.2172
Update Time(s): 0.0064
Emb Update Time(s): 3.4715
#seeds: 6144
#inputs: 1930245
=====================


=====================
Part 22, Epoch Time(s): 5.5714
Sampling Time(s): 0.2923
Loading Time(s): 1.0519
Forward Time(s): 0.5237
Backward Time(s): 0.2179
Update Time(s): 0.0062
Emb Update Time(s): 3.4728
#seeds: 6145
#inputs: 1935306
==========================================
Part 20, Epoch Time(s): 5.5763
Sampling Time(s): 0.2751
Loading Time(s): 0.9651
Forward Time(s): 0.6308
Backward Time(s): 0.2199
Update Time(s): 0.0089
Emb Update Time(s): 3.4689
#seeds: 6144
#inputs: 1939465
==========================================
Part 19, Epoch Time(s): 5.5695
Sampling Time(s): 0.2960
Loading Time(s): 1.0325
Forward Time(s): 0.5371
Backward Time(s): 0.2186
Update Time(s): 0.0065
Emb Update Time(s): 3.4722
#seeds: 6144
#inputs: 1932353
==========================================
Part 17, Epoch Time(s): 5.5675
Sampling Time(s): 0.2915
Loading Time(s): 1.0343
Forward Time(s): 0.5356
Backward Time(s): 0.2190
Update Time(s): 0.0078
Emb Update Time(s): 3.4715
#seeds: 6144
#inputs: 1926601
==========================================
Part 16, Epoch Time(s): 5.5846
Sampling Time(s): 0.3105
Loading Time(s): 1.0961
Forward Time(s): 0.4647
Backward Time(s): 0.2192
Update Time(s): 0.0071
Emb Update Time(s): 3.4716
#seeds: 6144
#inputs: 1949533
==========================================
Part 23, Epoch Time(s): 5.5690
Sampling Time(s): 0.3122
Loading Time(s): 1.0663
Forward Time(s): 0.4857
Backward Time(s): 0.2172
Update Time(s): 0.0076
Emb Update Time(s): 3.4726
#seeds: 6144
#inputs: 1913427
=====================

=====================
Part 18, Epoch Time(s): 5.5680
Sampling Time(s): 0.3249
Loading Time(s): 1.1097
Forward Time(s): 0.4261
Backward Time(s): 0.2188
Update Time(s): 0.0113
Emb Update Time(s): 3.4689
#seeds: 6145
#inputs: 1940144
==========================================
Part 21, Epoch Time(s): 5.5690
Sampling Time(s): 0.3038
Loading Time(s): 1.0218
Forward Time(s): 0.5389
Backward Time(s): 0.2180
Update Time(s): 0.0077
Emb Update Time(s): 3.4717
#seeds: 6144
#inputs: 1926288
=====================





=====================
Part 24, Epoch Time(s): 5.5511
Sampling Time(s): 0.3094
Loading Time(s): 1.1510
Forward Time(s): 0.4036
Backward Time(s): 0.2007
Update Time(s): 0.0059
Emb Update Time(s): 3.4739
#seeds: 6144
#inputs: 1963705
==========================================
Part 29, Epoch Time(s): 5.5648
Sampling Time(s): 0.2921
Loading Time(s): 1.2840
Forward Time(s): 0.3034
Backward Time(s): 0.2035
Update Time(s): 0.0060
Emb Update Time(s): 3.4696
#seeds: 6144
#inputs: 1962712
==========================================
Part 26, Epoch Time(s): 5.5671
Sampling Time(s): 0.2999
Loading Time(s): 1.0946
Forward Time(s): 0.4680
Backward Time(s): 0.2181
Update Time(s): 0.0055
Emb Update Time(s): 3.4747
#seeds: 6145
#inputs: 1973856
==========================================
Part 27, Epoch Time(s): 5.5474
Sampling Time(s): 0.3080
Loading Time(s): 1.2802
Forward Time(s): 0.2844
Backward Time(s): 0.1960
Update Time(s): 0.0064
Emb Update Time(s): 3.4662
#seeds: 6144
#inputs: 1976962
==========================================
Part 30, Epoch Time(s): 5.5702
Sampling Time(s): 0.3145
Loading Time(s): 1.2621
Forward Time(s): 0.2989
Backward Time(s): 0.2086
Update Time(s): 0.0065
Emb Update Time(s): 3.4734
#seeds: 6144
#inputs: 1966633
==========================================
Part 28, Epoch Time(s): 5.5784
Sampling Time(s): 0.3062
Loading Time(s): 1.2517
Forward Time(s): 0.3267
Backward Time(s): 0.2075
Update Time(s): 0.0058
Emb Update Time(s): 3.4740
#seeds: 6144
#inputs: 1958443
=====================
=====================
Part 25, Epoch Time(s): 5.5790
Sampling Time(s): 0.3149
Loading Time(s): 1.2794
Forward Time(s): 0.3111
Backward Time(s): 0.1881
Update Time(s): 0.0058
Emb Update Time(s): 3.4733
#seeds: 6144
#inputs: 1982591
=====================





=====================
Part 31, Epoch Time(s): 5.5619
Sampling Time(s): 0.3147
Loading Time(s): 1.1888
Forward Time(s): 0.3561
Backward Time(s): 0.2144
Update Time(s): 0.0057
Emb Update Time(s): 3.4757
#seeds: 6144
#inputs: 1976412
=====================
=====================
Part 12, Epoch Time(s): 5.5715
Sampling Time(s): 0.2987
Loading Time(s): 1.2481
Forward Time(s): 0.3195
Backward Time(s): 0.2185
Update Time(s): 0.0077
Emb Update Time(s): 3.4725
#seeds: 6144
#inputs: 2024125
==========================================
Part 14, Epoch Time(s): 5.5559
Sampling Time(s): 0.3002
Loading Time(s): 1.3133
Forward Time(s): 0.2920
Backward Time(s): 0.1811
Update Time(s): 0.0066
Emb Update Time(s): 3.4560
#seeds: 6144
#inputs: 2053974
==========================================
Part 10, Epoch Time(s): 5.5717
Sampling Time(s): 0.3031
Loading Time(s): 1.3347
Forward Time(s): 0.2531
Backward Time(s): 0.1940
Update Time(s): 0.0064
Emb Update Time(s): 3.4736
#seeds: 6144
#inputs: 2035253
==========================================
Part 13, Epoch Time(s): 5.5780
Sampling Time(s): 0.3297
Loading Time(s): 1.3575
Forward Time(s): 0.2441
Backward Time(s): 0.1678
Update Time(s): 0.0061
Emb Update Time(s): 3.4664
#seeds: 6144
#inputs: 2050290
==========================================
Part 9, Epoch Time(s): 5.5745
Sampling Time(s): 0.3220
Loading Time(s): 1.3791
Forward Time(s): 0.2388
Backward Time(s): 0.1648
Update Time(s): 0.0069
Emb Update Time(s): 3.4563
#seeds: 6144
#inputs: 2044316
==========================================
Part 8, Epoch Time(s): 5.5674
Sampling Time(s): 0.2664
Loading Time(s): 1.3390
Forward Time(s): 0.2933
Backward Time(s): 0.1935
Update Time(s): 0.0058
Emb Update Time(s): 3.4633
#seeds: 6145
#inputs: 2033077
==========================================
Part 11, Epoch Time(s): 5.5756
Sampling Time(s): 0.2911
Loading Time(s): 1.3541
Forward Time(s): 0.2528
Backward Time(s): 0.1946
Update Time(s): 0.0054
Emb Update Time(s): 3.4713
#seeds: 6144
#inputs: 2042007
=====================
=====================
Part 15, Epoch Time(s): 5.5648
Sampling Time(s): 0.2890
Loading Time(s): 1.3462
Forward Time(s): 0.2684
Backward Time(s): 0.1844
Update Time(s): 0.0074
Emb Update Time(s): 3.4626
#seeds: 6145
#inputs: 2040920
=====================






|V|=2449029, eval batch size: 100000
|V|=2449029, eval batch size: 100000
|V|=2449029, eval batch size: 100000|V|=2449029, eval batch size: 100000

|V|=2449029, eval batch size: 100000
|V|=2449029, eval batch size: 100000
|V|=2449029, eval batch size: 100000
|V|=2449029, eval batch size: 100000
|V|=2449029, eval batch size: 100000
|V|=2449029, eval batch size: 100000
|V|=2449029, eval batch size: 100000
|V|=2449029, eval batch size: 100000
|V|=2449029, eval batch size: 100000
|V|=2449029, eval batch size: 100000
|V|=2449029, eval batch size: 100000|V|=2449029, eval batch size: 100000

|V|=2449029, eval batch size: 100000
|V|=2449029, eval batch size: 100000
|V|=2449029, eval batch size: 100000
|V|=2449029, eval batch size: 100000
|V|=2449029, eval batch size: 100000
|V|=2449029, eval batch size: 100000
|V|=2449029, eval batch size: 100000
|V|=2449029, eval batch size: 100000
|V|=2449029, eval batch size: 100000
|V|=2449029, eval batch size: 100000
|V|=2449029, eval batch size: 100000
|V|=2449029, eval batch size: 100000
|V|=2449029, eval batch size: 100000
|V|=2449029, eval batch size: 100000
|V|=2449029, eval batch size: 100000
|V|=2449029, eval batch size: 100000
|V|=2449029, eval batch size: 100000
|V|=2449029, eval batch size: 100000|V|=2449029, eval batch size: 100000

|V|=2449029, eval batch size: 100000|V|=2449029, eval batch size: 100000

|V|=2449029, eval batch size: 100000
|V|=2449029, eval batch size: 100000|V|=2449029, eval batch size: 100000

|V|=2449029, eval batch size: 100000
|V|=2449029, eval batch size: 100000
|V|=2449029, eval batch size: 100000
|V|=2449029, eval batch size: 100000|V|=2449029, eval batch size: 100000

|V|=2449029, eval batch size: 100000
|V|=2449029, eval batch size: 100000
|V|=2449029, eval batch size: 100000
|V|=2449029, eval batch size: 100000|V|=2449029, eval batch size: 100000

|V|=2449029, eval batch size: 100000
|V|=2449029, eval batch size: 100000
|V|=2449029, eval batch size: 100000
|V|=2449029, eval batch size: 100000
|V|=2449029, eval batch size: 100000
|V|=2449029, eval batch size: 100000
|V|=2449029, eval batch size: 100000|V|=2449029, eval batch size: 100000|V|=2449029, eval batch size: 100000


|V|=2449029, eval batch size: 100000
|V|=2449029, eval batch size: 100000
|V|=2449029, eval batch size: 100000
|V|=2449029, eval batch size: 100000
|V|=2449029, eval batch size: 100000
|V|=2449029, eval batch size: 100000
|V|=2449029, eval batch size: 100000
|V|=2449029, eval batch size: 100000
|V|=2449029, eval batch size: 100000
|V|=2449029, eval batch size: 100000
|V|=2449029, eval batch size: 100000
|V|=2449029, eval batch size: 100000
|V|=2449029, eval batch size: 100000|V|=2449029, eval batch size: 100000

|V|=2449029, eval batch size: 100000
|V|=2449029, eval batch size: 100000
|V|=2449029, eval batch size: 100000|V|=2449029, eval batch size: 100000

|V|=2449029, eval batch size: 100000
|V|=2449029, eval batch size: 100000
|V|=2449029, eval batch size: 100000
|V|=2449029, eval batch size: 100000
|V|=2449029, eval batch size: 100000
|V|=2449029, eval batch size: 100000
|V|=2449029, eval batch size: 100000
|V|=2449029, eval batch size: 100000
|V|=2449029, eval batch size: 100000
|V|=2449029, eval batch size: 100000
|V|=2449029, eval batch size: 100000
|V|=2449029, eval batch size: 100000
|V|=2449029, eval batch size: 100000
|V|=2449029, eval batch size: 100000
|V|=2449029, eval batch size: 100000
|V|=2449029, eval batch size: 100000
|V|=2449029, eval batch size: 100000
|V|=2449029, eval batch size: 100000
|V|=2449029, eval batch size: 100000
Part 3, Val Acc 0.9283, Test Acc 0.7873, time: 6.8415
Part 4, Val Acc 0.9260, Test Acc 0.7884, time: 6.8443
Part 2, Val Acc 0.9089, Test Acc 0.7858, time: 6.8456
Part 7, Val Acc 0.9186, Test Acc 0.7870, time: 6.8459
Part 30, Val Acc 0.8926, Test Acc 0.7371, time: 6.8460
Part 6, Val Acc 0.9186, Test Acc 0.7871, time: 6.8464
Part 0, Val Acc 0.9292, Test Acc 0.7882, time: 6.8477
Part 1, Val Acc 0.9194, Test Acc 0.7865, time: 6.8488
Part 5, Val Acc 0.9138, Test Acc 0.7877, time: 6.8496
Part 16, Val Acc 0.8804, Test Acc 0.7165, time: 6.8502
Part 20, Val Acc 0.8739, Test Acc 0.7177, time: 6.8514
Part 15, Val Acc 0.8397, Test Acc 0.7017, time: 6.8513
Part 13, Val Acc 0.8519, Test Acc 0.7017, time: 6.8521
Part 29, Val Acc 0.9097, Test Acc 0.7339, time: 6.8525
Part 24, Val Acc 0.8942, Test Acc 0.7361, time: 6.8528
Part 9, Val Acc 0.8527, Test Acc 0.7010, time: 6.8538
Part 23, Val Acc 0.8705, Test Acc 0.7180, time: 6.8542
Part 22, Val Acc 0.8739, Test Acc 0.7150, time: 6.8552
Part 31, Val Acc 0.9007, Test Acc 0.7370, time: 6.8555
Part 19, Val Acc 0.8706, Test Acc 0.7177, time: 6.8568
Part 17, Val Acc 0.8779, Test Acc 0.7201, time: 6.8571
Part 21, Val Acc 0.8641, Test Acc 0.7171, time: 6.8580
Part 25, Val Acc 0.9047, Test Acc 0.7349, time: 6.8587
Part 11, Val Acc 0.8552, Test Acc 0.7009, time: 6.8601
Part 10, Val Acc 0.8552, Test Acc 0.6988, time: 6.8620
Part 27, Val Acc 0.9081, Test Acc 0.7366, time: 6.8623
Part 8, Val Acc 0.8714, Test Acc 0.7021, time: 6.8627
Part 18, Val Acc 0.8682, Test Acc 0.7170, time: 6.8636
Part 14, Val Acc 0.8544, Test Acc 0.7004, time: 6.8651
Part 26, Val Acc 0.9146, Test Acc 0.7355, time: 6.8660
Part 28, Val Acc 0.9169, Test Acc 0.7361, time: 6.8673
Part 12, Val Acc 0.8616, Test Acc 0.7003, time: 6.8727
All parts avg val acc 0.8883, test acc 0.7354
Part 4 | Epoch 00006 | Step 00000 | Loss 0.3544 | Train Acc 0.9220 | Speed (samples/sec) 1115.4861 | GPU 1925.6 MB | time 0.811 s
Part 7 | Epoch 00006 | Step 00000 | Loss 0.3603 | Train Acc 0.9260 | Speed (samples/sec) 1113.5933 | GPU 1924.4 MB | time 0.809 s
Part 0 | Epoch 00006 | Step 00000 | Loss 0.3593 | Train Acc 0.9240 | Speed (samples/sec) 1123.0254 | GPU 1932.8 MB | time 0.782 s
Part 2 | Epoch 00006 | Step 00000 | Loss 0.3859 | Train Acc 0.9150 | Speed (samples/sec) 1115.9612 | GPU 1938.7 MB | time 0.809 s
Part 1 | Epoch 00006 | Step 00000 | Loss 0.3769 | Train Acc 0.9160 | Speed (samples/sec) 1116.1935 | GPU 1925.1 MB | time 0.806 s
Part 22 | Epoch 00006 | Step 00000 | Loss 0.5915 | Train Acc 0.8580 | Speed (samples/sec) 1117.4451 | GPU 1971.9 MB | time 0.800 s
Part 20 | Epoch 00006 | Step 00000 | Loss 0.6222 | Train Acc 0.8650 | Speed (samples/sec) 1116.9879 | GPU 1972.6 MB | time 0.804 s
Part 24 | Epoch 00006 | Step 00000 | Loss 0.4573 | Train Acc 0.9010 | Speed (samples/sec) 1118.2991 | GPU 2068.8 MB | time 0.803 sPart 26 | Epoch 00006 | Step 00000 | Loss 0.4033 | Train Acc 0.9040 | Speed (samples/sec) 1118.1040 | GPU 2067.4 MB | time 0.789 sPart 29 | Epoch 00006 | Step 00000 | Loss 0.3613 | Train Acc 0.9180 | Speed (samples/sec) 1118.6845 | GPU 2078.2 MB | time 0.803 s


Part 31 | Epoch 00006 | Step 00000 | Loss 0.4197 | Train Acc 0.9080 | Speed (samples/sec) 1119.0257 | GPU 2066.4 MB | time 0.800 s
Part 16 | Epoch 00006 | Step 00000 | Loss 0.5872 | Train Acc 0.8560 | Speed (samples/sec) 1116.4828 | GPU 1975.3 MB | time 0.805 s
Part 17 | Epoch 00006 | Step 00000 | Loss 0.6033 | Train Acc 0.8670 | Speed (samples/sec) 1116.6737 | GPU 1974.5 MB | time 0.798 s
Part 21 | Epoch 00006 | Step 00000 | Loss 0.5324 | Train Acc 0.8870 | Speed (samples/sec) 1117.5327 | GPU 1967.3 MB | time 0.797 s
Part 19 | Epoch 00006 | Step 00000 | Loss 0.5781 | Train Acc 0.8620 | Speed (samples/sec) 1117.7543 | GPU 1957.2 MB | time 0.798 s
Part 27 | Epoch 00006 | Step 00000 | Loss 0.4222 | Train Acc 0.8960 | Speed (samples/sec) 1119.1983 | GPU 2059.4 MB | time 0.793 s
Part 25 | Epoch 00006 | Step 00000 | Loss 0.4358 | Train Acc 0.9030 | Speed (samples/sec) 1117.2834 | GPU 2059.5 MB | time 0.797 s
Part 23 | Epoch 00006 | Step 00000 | Loss 0.5368 | Train Acc 0.8740 | Speed (samples/sec) 1117.0928 | GPU 1966.5 MB | time 0.801 s
Part 30 | Epoch 00006 | Step 00000 | Loss 0.4620 | Train Acc 0.9030 | Speed (samples/sec) 1117.2404 | GPU 2075.0 MB | time 0.810 sPart 28 | Epoch 00006 | Step 00000 | Loss 0.3811 | Train Acc 0.9100 | Speed (samples/sec) 1117.7658 | GPU 2055.7 MB | time 0.788 s

Part 13 | Epoch 00006 | Step 00000 | Loss 0.6261 | Train Acc 0.8640 | Speed (samples/sec) 1117.6731 | GPU 2215.1 MB | time 0.803 s
Part 9 | Epoch 00006 | Step 00000 | Loss 0.5476 | Train Acc 0.8800 | Speed (samples/sec) 1118.2948 | GPU 2221.4 MB | time 0.801 s
Part 18 | Epoch 00006 | Step 00000 | Loss 0.6302 | Train Acc 0.8650 | Speed (samples/sec) 1117.4020 | GPU 1964.8 MB | time 0.791 s
Part 10 | Epoch 00006 | Step 00000 | Loss 0.7402 | Train Acc 0.8530 | Speed (samples/sec) 1119.6329 | GPU 2225.2 MB | time 0.793 s
Part 14 | Epoch 00006 | Step 00000 | Loss 0.6074 | Train Acc 0.8670 | Speed (samples/sec) 1119.2588 | GPU 2224.7 MB | time 0.790 s
Part 15 | Epoch 00006 | Step 00000 | Loss 0.6663 | Train Acc 0.8560 | Speed (samples/sec) 1118.8531 | GPU 2235.6 MB | time 0.804 s
Part 12 | Epoch 00006 | Step 00000 | Loss 0.5928 | Train Acc 0.8550 | Speed (samples/sec) 1118.7480 | GPU 2212.0 MB | time 0.782 s
Part 8 | Epoch 00006 | Step 00000 | Loss 0.5820 | Train Acc 0.8700 | Speed (samples/sec) 1119.5390 | GPU 2224.0 MB | time 0.792 s
Part 11 | Epoch 00006 | Step 00000 | Loss 0.6354 | Train Acc 0.8720 | Speed (samples/sec) 1119.5033 | GPU 2221.1 MB | time 0.795 s
Part 6 | Epoch 00006 | Step 00000 | Loss 0.3985 | Train Acc 0.9200 | Speed (samples/sec) 1114.6860 | GPU 1930.8 MB | time 0.809 s
Part 5 | Epoch 00006 | Step 00000 | Loss 0.2595 | Train Acc 0.9360 | Speed (samples/sec) 1114.1266 | GPU 1927.3 MB | time 0.805 s
Part 3 | Epoch 00006 | Step 00000 | Loss 0.3431 | Train Acc 0.9310 | Speed (samples/sec) 1115.9526 | GPU 1925.9 MB | time 0.813 s
Avg train acc 0.8901
=====================
Part 4, Epoch Time(s): 5.6012
Sampling Time(s): 0.2976
Loading Time(s): 1.1066
Forward Time(s): 0.4139
Backward Time(s): 0.2354
Update Time(s): 0.0069
Emb Update Time(s): 3.5346
#seeds: 6145
#inputs: 1922524
==========================================
Part 6, Epoch Time(s): 5.5992
Sampling Time(s): 0.3021
Loading Time(s): 1.0067
Forward Time(s): 0.5067
Backward Time(s): 0.2350
Update Time(s): 0.0094
Emb Update Time(s): 3.5326
#seeds: 6144
#inputs: 1930234
==========================================
Part 2, Epoch Time(s): 5.6001
Sampling Time(s): 0.2839
Loading Time(s): 1.0891
Forward Time(s): 0.4436
Backward Time(s): 0.2361
Update Time(s): 0.0069
Emb Update Time(s): 3.5340
#seeds: 6144
#inputs: 1923613
=====================

=====================
Part 7, Epoch Time(s): 5.5995
Sampling Time(s): 0.2792
Loading Time(s): 1.1191
Forward Time(s): 0.4180
Backward Time(s): 0.2348
Update Time(s): 0.0111
Emb Update Time(s): 3.5309
#seeds: 6144
#inputs: 1938387
=====================
=====================
Part 5, Epoch Time(s): 5.5959
Sampling Time(s): 0.2936
Loading Time(s): 1.1542
Forward Time(s): 0.3639
Backward Time(s): 0.2351
Update Time(s): 0.0072
Emb Update Time(s): 3.5349
#seeds: 6144
#inputs: 1935316
=====================

=====================
Part 1, Epoch Time(s): 5.5969
Sampling Time(s): 0.2887
Loading Time(s): 1.1345
Forward Time(s): 0.3888
Backward Time(s): 0.2363
Update Time(s): 0.0094
Emb Update Time(s): 3.5323
#seeds: 6144
#inputs: 1935233
=====================
=====================
Part 0, Epoch Time(s): 5.5726
Sampling Time(s): 0.2948
Loading Time(s): 1.0478
Forward Time(s): 0.4431
Backward Time(s): 0.2374
Update Time(s): 0.0077
Emb Update Time(s): 3.5328
#seeds: 6145
#inputs: 1928105
=====================
=====================
Part 17, Epoch Time(s): 5.5883
Sampling Time(s): 0.2935
Loading Time(s): 1.0981
Forward Time(s): 0.4130
Backward Time(s): 0.2338
Update Time(s): 0.0080
Emb Update Time(s): 3.5350
#seeds: 6144
#inputs: 1930772
==========================================
Part 23, Epoch Time(s): 5.5912
Sampling Time(s): 0.3254
Loading Time(s): 1.0294
Forward Time(s): 0.4512
Backward Time(s): 0.2332
Update Time(s): 0.0085
Emb Update Time(s): 3.5359
#seeds: 6144
#inputs: 1916476
==========================================
Part 16, Epoch Time(s): 5.5954
Sampling Time(s): 0.2857
Loading Time(s): 1.1378
Forward Time(s): 0.3894
Backward Time(s): 0.2324
Update Time(s): 0.0076
Emb Update Time(s): 3.5355
#seeds: 6144
#inputs: 1946534
=====================
=====================
Part 19, Epoch Time(s): 5.5887
Sampling Time(s): 0.2875
Loading Time(s): 1.0232
Forward Time(s): 0.4935
Backward Time(s): 0.2336
Update Time(s): 0.0082
Emb Update Time(s): 3.5353
#seeds: 6144
#inputs: 1935599
=====================

=====================
Part 21, Epoch Time(s): 5.5874
Sampling Time(s): 0.2938
Loading Time(s): 1.1288
Forward Time(s): 0.3806
Backward Time(s): 0.2334
Update Time(s): 0.0080
Emb Update Time(s): 3.5355
#seeds: 6144
#inputs: 1930611
==========================================
Part 22, Epoch Time(s): 5.5903
Sampling Time(s): 0.2866
Loading Time(s): 1.1292
Forward Time(s): 0.3941
Backward Time(s): 0.2301
Update Time(s): 0.0073
Emb Update Time(s): 3.5362
#seeds: 6145
#inputs: 1930751
=====================
=====================
Part 20, Epoch Time(s): 5.5941
Sampling Time(s): 0.2927
Loading Time(s): 1.0998
Forward Time(s): 0.4191
Backward Time(s): 0.2315
Update Time(s): 0.0072
Emb Update Time(s): 3.5367
#seeds: 6144
#inputs: 1942726
=====================


=====================
Part 18, Epoch Time(s): 5.5829
Sampling Time(s): 0.2977
Loading Time(s): 1.0423
Forward Time(s): 0.4631
Backward Time(s): 0.2274
Update Time(s): 0.0083
Emb Update Time(s): 3.5350
#seeds: 6145
#inputs: 1933584
=====================
=====================
Part 8, Epoch Time(s): 5.5830
Sampling Time(s): 0.3010
Loading Time(s): 1.3473
Forward Time(s): 0.1910
Backward Time(s): 0.1970
Update Time(s): 0.0083
Emb Update Time(s): 3.5297
#seeds: 6145
#inputs: 2031580
==========================================
Part 9, Epoch Time(s): 5.5919
Sampling Time(s): 0.2994
Loading Time(s): 1.4028
Forward Time(s): 0.1473
Backward Time(s): 0.1928
Update Time(s): 0.0078
Emb Update Time(s): 3.5335
#seeds: 6144
#inputs: 2034812
==========================================
Part 11, Epoch Time(s): 5.5856
Sampling Time(s): 0.3079
Loading Time(s): 1.4373
Forward Time(s): 0.1367
Backward Time(s): 0.1669
Update Time(s): 0.0091
Emb Update Time(s): 3.5184
#seeds: 6144
#inputs: 2035446
==========================================
Part 12, Epoch Time(s): 5.5727
Sampling Time(s): 0.2848
Loading Time(s): 1.2607
Forward Time(s): 0.2517
Backward Time(s): 0.2217
Update Time(s): 0.0087
Emb Update Time(s): 3.5366
#seeds: 6144
#inputs: 2028559
==========================================
Part 13, Epoch Time(s): 5.5936
Sampling Time(s): 0.3035
Loading Time(s): 1.4069
Forward Time(s): 0.1682
Backward Time(s): 0.1684
Update Time(s): 0.0078
Emb Update Time(s): 3.5303
#seeds: 6144
#inputs: 2051408
==========================================
Part 15, Epoch Time(s): 5.5943
Sampling Time(s): 0.3029
Loading Time(s): 1.2652
Forward Time(s): 0.2620
Backward Time(s): 0.2097
Update Time(s): 0.0082
Emb Update Time(s): 3.5375
#seeds: 6145
#inputs: 2039292
==========================================
Part 10, Epoch Time(s): 5.5835
Sampling Time(s): 0.3029
Loading Time(s): 1.3971
Forward Time(s): 0.1462
Backward Time(s): 0.1897
Update Time(s): 0.0088
Emb Update Time(s): 3.5303
#seeds: 6144
#inputs: 2037540
=====================

=====================
Part 14, Epoch Time(s): 5.5805
Sampling Time(s): 0.3236
Loading Time(s): 1.3252
Forward Time(s): 0.1947
Backward Time(s): 0.1903
Update Time(s): 0.0112
Emb Update Time(s): 3.5253
#seeds: 6144
#inputs: 2048158
=====================





=====================
Part 29, Epoch Time(s): 5.5930
Sampling Time(s): 0.2882
Loading Time(s): 1.1839
Forward Time(s): 0.3374
Backward Time(s): 0.2341
Update Time(s): 0.0054
Emb Update Time(s): 3.5377
#seeds: 6144
#inputs: 1965693
==========================================
Part 24, Epoch Time(s): 5.5928
Sampling Time(s): 0.2740
Loading Time(s): 1.1638
Forward Time(s): 0.3758
Backward Time(s): 0.2287
Update Time(s): 0.0067
Emb Update Time(s): 3.5372
#seeds: 6144
#inputs: 1969119
==========================================
Part 26, Epoch Time(s): 5.5796
Sampling Time(s): 0.2695
Loading Time(s): 1.1943
Forward Time(s): 0.3317
Backward Time(s): 0.2340
Update Time(s): 0.0066
Emb Update Time(s): 3.5371
#seeds: 6145
#inputs: 1978972
=====================


=====================
Part 28, Epoch Time(s): 5.5780
Sampling Time(s): 0.2761
Loading Time(s): 1.3271
Forward Time(s): 0.2046
Backward Time(s): 0.2202
Update Time(s): 0.0070
Emb Update Time(s): 3.5364
#seeds: 6144
#inputs: 1958148
==========================================
Part 27, Epoch Time(s): 5.5831
Sampling Time(s): 0.2781
Loading Time(s): 1.2770
Forward Time(s): 0.2665
Backward Time(s): 0.2180
Update Time(s): 0.0074
Emb Update Time(s): 3.5293
#seeds: 6144
#inputs: 1975221
=====================

=====================
Part 31, Epoch Time(s): 5.5901
Sampling Time(s): 0.2973
Loading Time(s): 1.1565
Forward Time(s): 0.3522
Backward Time(s): 0.2345
Update Time(s): 0.0068
Emb Update Time(s): 3.5366
#seeds: 6144
#inputs: 1976253
=====================
=====================
Part 30, Epoch Time(s): 5.5999
Sampling Time(s): 0.2999
Loading Time(s): 1.2705
Forward Time(s): 0.2437
Backward Time(s): 0.2347
Update Time(s): 0.0070
Emb Update Time(s): 3.5365
#seeds: 6144
#inputs: 1963119
==========================================
Part 25, Epoch Time(s): 5.5873
Sampling Time(s): 0.3052
Loading Time(s): 1.2770
Forward Time(s): 0.2229
Backward Time(s): 0.2312
Update Time(s): 0.0070
Emb Update Time(s): 3.5373
#seeds: 6144
#inputs: 1986485
=====================

=====================
Part 3, Epoch Time(s): 5.6038
Sampling Time(s): 0.2779
Loading Time(s): 1.0792
Forward Time(s): 0.4629
Backward Time(s): 0.2358
Update Time(s): 0.0109
Emb Update Time(s): 3.5304
#seeds: 6144
#inputs: 1920801
=====================
|V|=2449029, eval batch size: 100000
|V|=2449029, eval batch size: 100000
|V|=2449029, eval batch size: 100000
|V|=2449029, eval batch size: 100000
|V|=2449029, eval batch size: 100000
|V|=2449029, eval batch size: 100000
|V|=2449029, eval batch size: 100000
|V|=2449029, eval batch size: 100000
|V|=2449029, eval batch size: 100000
|V|=2449029, eval batch size: 100000
|V|=2449029, eval batch size: 100000
|V|=2449029, eval batch size: 100000
|V|=2449029, eval batch size: 100000
|V|=2449029, eval batch size: 100000
|V|=2449029, eval batch size: 100000
|V|=2449029, eval batch size: 100000
|V|=2449029, eval batch size: 100000
|V|=2449029, eval batch size: 100000
|V|=2449029, eval batch size: 100000
|V|=2449029, eval batch size: 100000
|V|=2449029, eval batch size: 100000
|V|=2449029, eval batch size: 100000
|V|=2449029, eval batch size: 100000
|V|=2449029, eval batch size: 100000
|V|=2449029, eval batch size: 100000
|V|=2449029, eval batch size: 100000
|V|=2449029, eval batch size: 100000
|V|=2449029, eval batch size: 100000
|V|=2449029, eval batch size: 100000
|V|=2449029, eval batch size: 100000
|V|=2449029, eval batch size: 100000
|V|=2449029, eval batch size: 100000
|V|=2449029, eval batch size: 100000
|V|=2449029, eval batch size: 100000
|V|=2449029, eval batch size: 100000
|V|=2449029, eval batch size: 100000
|V|=2449029, eval batch size: 100000|V|=2449029, eval batch size: 100000

|V|=2449029, eval batch size: 100000
|V|=2449029, eval batch size: 100000
|V|=2449029, eval batch size: 100000
|V|=2449029, eval batch size: 100000
|V|=2449029, eval batch size: 100000
|V|=2449029, eval batch size: 100000
|V|=2449029, eval batch size: 100000
|V|=2449029, eval batch size: 100000|V|=2449029, eval batch size: 100000

|V|=2449029, eval batch size: 100000
|V|=2449029, eval batch size: 100000|V|=2449029, eval batch size: 100000|V|=2449029, eval batch size: 100000|V|=2449029, eval batch size: 100000



|V|=2449029, eval batch size: 100000
|V|=2449029, eval batch size: 100000
|V|=2449029, eval batch size: 100000
|V|=2449029, eval batch size: 100000
|V|=2449029, eval batch size: 100000
|V|=2449029, eval batch size: 100000
|V|=2449029, eval batch size: 100000|V|=2449029, eval batch size: 100000|V|=2449029, eval batch size: 100000


|V|=2449029, eval batch size: 100000
|V|=2449029, eval batch size: 100000
|V|=2449029, eval batch size: 100000
|V|=2449029, eval batch size: 100000
|V|=2449029, eval batch size: 100000
|V|=2449029, eval batch size: 100000
|V|=2449029, eval batch size: 100000
|V|=2449029, eval batch size: 100000
|V|=2449029, eval batch size: 100000
|V|=2449029, eval batch size: 100000
|V|=2449029, eval batch size: 100000
|V|=2449029, eval batch size: 100000
|V|=2449029, eval batch size: 100000
|V|=2449029, eval batch size: 100000
|V|=2449029, eval batch size: 100000
|V|=2449029, eval batch size: 100000
|V|=2449029, eval batch size: 100000
|V|=2449029, eval batch size: 100000|V|=2449029, eval batch size: 100000

|V|=2449029, eval batch size: 100000
|V|=2449029, eval batch size: 100000
|V|=2449029, eval batch size: 100000
|V|=2449029, eval batch size: 100000
|V|=2449029, eval batch size: 100000
|V|=2449029, eval batch size: 100000
|V|=2449029, eval batch size: 100000|V|=2449029, eval batch size: 100000
|V|=2449029, eval batch size: 100000

|V|=2449029, eval batch size: 100000
|V|=2449029, eval batch size: 100000
|V|=2449029, eval batch size: 100000
|V|=2449029, eval batch size: 100000
|V|=2449029, eval batch size: 100000
|V|=2449029, eval batch size: 100000
|V|=2449029, eval batch size: 100000
Part 5, Val Acc 0.9138, Test Acc 0.7944, time: 6.8211
Part 3, Val Acc 0.9357, Test Acc 0.7954, time: 6.8234
Part 2, Val Acc 0.9097, Test Acc 0.7929, time: 6.8239
Part 4, Val Acc 0.9243, Test Acc 0.7949, time: 6.8282
Part 0, Val Acc 0.9390, Test Acc 0.7955, time: 6.8283
Part 7, Val Acc 0.9235, Test Acc 0.7936, time: 6.8285
Part 1, Val Acc 0.9170, Test Acc 0.7929, time: 6.8287
Part 6, Val Acc 0.9260, Test Acc 0.7937, time: 6.8290
Part 21, Val Acc 0.8706, Test Acc 0.7280, time: 6.8360
Part 27, Val Acc 0.9089, Test Acc 0.7168, time: 6.8366
Part 30, Val Acc 0.8893, Test Acc 0.7180, time: 6.8368
Part 20, Val Acc 0.8755, Test Acc 0.7290, time: 6.8374
Part 17, Val Acc 0.8771, Test Acc 0.7308, time: 6.8399
Part 22, Val Acc 0.8698, Test Acc 0.7262, time: 6.8404
Part 8, Val Acc 0.8820, Test Acc 0.7062, time: 6.8415
Part 23, Val Acc 0.8713, Test Acc 0.7286, time: 6.8418
Part 13, Val Acc 0.8552, Test Acc 0.7060, time: 6.8438
Part 9, Val Acc 0.8576, Test Acc 0.7059, time: 6.8445
Part 19, Val Acc 0.8739, Test Acc 0.7285, time: 6.8446
Part 16, Val Acc 0.8836, Test Acc 0.7276, time: 6.8458
Part 31, Val Acc 0.9048, Test Acc 0.7171, time: 6.8460Part 24, Val Acc 0.8967, Test Acc 0.7163, time: 6.8461

Part 29, Val Acc 0.9081, Test Acc 0.7153, time: 6.8464
Part 11, Val Acc 0.8657, Test Acc 0.7048, time: 6.8472
Part 18, Val Acc 0.8666, Test Acc 0.7289, time: 6.8472
Part 15, Val Acc 0.8470, Test Acc 0.7060, time: 6.8477
Part 12, Val Acc 0.8640, Test Acc 0.7045, time: 6.8487
Part 28, Val Acc 0.9121, Test Acc 0.7178, time: 6.8489
Part 10, Val Acc 0.8617, Test Acc 0.7036, time: 6.8500
Part 26, Val Acc 0.9138, Test Acc 0.7160, time: 6.8502
Part 14, Val Acc 0.8568, Test Acc 0.7037, time: 6.8508
Part 25, Val Acc 0.9080, Test Acc 0.7165, time: 6.8550
All parts avg val acc 0.8909, test acc 0.7361
Part 2 | Epoch 00007 | Step 00000 | Loss 0.3787 | Train Acc 0.9220 | Speed (samples/sec) 1113.3391 | GPU 1938.7 MB | time 0.819 s
Part 20 | Epoch 00007 | Step 00000 | Loss 0.5683 | Train Acc 0.8790 | Speed (samples/sec) 1114.6592 | GPU 1972.6 MB | time 0.806 s
Part 18 | Epoch 00007 | Step 00000 | Loss 0.4969 | Train Acc 0.8860 | Speed (samples/sec) 1115.4131 | GPU 1966.8 MB | time 0.795 s
Part 16 | Epoch 00007 | Step 00000 | Loss 0.4796 | Train Acc 0.8820 | Speed (samples/sec) 1114.5028 | GPU 1975.3 MB | time 0.797 s
Part 28 | Epoch 00007 | Step 00000 | Loss 0.3725 | Train Acc 0.9160 | Speed (samples/sec) 1115.7106 | GPU 2055.7 MB | time 0.794 s
Part 31 | Epoch 00007 | Step 00000 | Loss 0.4102 | Train Acc 0.9090 | Speed (samples/sec) 1116.6746 | GPU 2066.4 MB | time 0.797 sPart 25 | Epoch 00007 | Step 00000 | Loss 0.4655 | Train Acc 0.8920 | Speed (samples/sec) 1115.5146 | GPU 2059.5 MB | time 0.788 s

Part 29 | Epoch 00007 | Step 00000 | Loss 0.3601 | Train Acc 0.9240 | Speed (samples/sec) 1116.3891 | GPU 2078.2 MB | time 0.797 s
Part 30 | Epoch 00007 | Step 00000 | Loss 0.4601 | Train Acc 0.8980 | Speed (samples/sec) 1114.8915 | GPU 2075.0 MB | time 0.806 s
Part 27 | Epoch 00007 | Step 00000 | Loss 0.3745 | Train Acc 0.9160 | Speed (samples/sec) 1116.5229 | GPU 2059.4 MB | time 0.806 s
Part 4 | Epoch 00007 | Step 00000 | Loss 0.3030 | Train Acc 0.9370 | Speed (samples/sec) 1113.0777 | GPU 1925.6 MB | time 0.815 sPart 5 | Epoch 00007 | Step 00000 | Loss 0.3047 | Train Acc 0.9220 | Speed (samples/sec) 1111.6952 | GPU 1927.3 MB | time 0.822 sPart 0 | Epoch 00007 | Step 00000 | Loss 0.3122 | Train Acc 0.9370 | Speed (samples/sec) 1120.4600 | GPU 1932.8 MB | time 0.788 s


Part 1 | Epoch 00007 | Step 00000 | Loss 0.3131 | Train Acc 0.9240 | Speed (samples/sec) 1113.6828 | GPU 1925.1 MB | time 0.814 s
Part 7 | Epoch 00007 | Step 00000 | Loss 0.3367 | Train Acc 0.9280 | Speed (samples/sec) 1111.4584 | GPU 1924.4 MB | time 0.815 s
Part 21 | Epoch 00007 | Step 00000 | Loss 0.5743 | Train Acc 0.8650 | Speed (samples/sec) 1115.0848 | GPU 1967.3 MB | time 0.807 sPart 17 | Epoch 00007 | Step 00000 | Loss 0.5168 | Train Acc 0.8780 | Speed (samples/sec) 1114.4682 | GPU 1975.2 MB | time 0.803 s

Part 23 | Epoch 00007 | Step 00000 | Loss 0.5460 | Train Acc 0.8680 | Speed (samples/sec) 1114.9047 | GPU 1966.5 MB | time 0.801 s
Part 6 | Epoch 00007 | Step 00000 | Loss 0.3191 | Train Acc 0.9330 | Speed (samples/sec) 1112.4141 | GPU 1930.8 MB | time 0.814 s
Part 19 | Epoch 00007 | Step 00000 | Loss 0.5097 | Train Acc 0.8770 | Speed (samples/sec) 1115.5764 | GPU 1959.8 MB | time 0.798 s
Part 26 | Epoch 00007 | Step 00000 | Loss 0.3679 | Train Acc 0.9100 | Speed (samples/sec) 1116.0518 | GPU 2067.4 MB | time 0.793 s
Part 24 | Epoch 00007 | Step 00000 | Loss 0.4068 | Train Acc 0.9070 | Speed (samples/sec) 1116.0519 | GPU 2068.8 MB | time 0.797 s
Part 3 | Epoch 00007 | Step 00000 | Loss 0.3502 | Train Acc 0.9300 | Speed (samples/sec) 1113.3288 | GPU 1925.9 MB | time 0.819 sPart 8 | Epoch 00007 | Step 00000 | Loss 0.5781 | Train Acc 0.8570 | Speed (samples/sec) 1117.0102 | GPU 2224.0 MB | time 0.801 s
Part 10 | Epoch 00007 | Step 00000 | Loss 0.4877 | Train Acc 0.8700 | Speed (samples/sec) 1117.3396 | GPU 2225.2 MB | time 0.793 s
Part 9 | Epoch 00007 | Step 00000 | Loss 0.5363 | Train Acc 0.8760 | Speed (samples/sec) 1116.0115 | GPU 2221.4 MB | time 0.798 s
Part 12 | Epoch 00007 | Step 00000 | Loss 0.5650 | Train Acc 0.8640 | Speed (samples/sec) 1116.5435 | GPU 2212.0 MB | time 0.794 s

Part 22 | Epoch 00007 | Step 00000 | Loss 0.5197 | Train Acc 0.8850 | Speed (samples/sec) 1115.1572 | GPU 1974.0 MB | time 0.803 s
Part 14 | Epoch 00007 | Step 00000 | Loss 0.4860 | Train Acc 0.8880 | Speed (samples/sec) 1117.0960 | GPU 2224.7 MB | time 0.792 sPart 11 | Epoch 00007 | Step 00000 | Loss 0.5892 | Train Acc 0.8670 | Speed (samples/sec) 1117.1335 | GPU 2221.1 MB | time 0.796 s

Part 13 | Epoch 00007 | Step 00000 | Loss 0.5759 | Train Acc 0.8590 | Speed (samples/sec) 1115.4470 | GPU 2215.1 MB | time 0.799 s
Part 15 | Epoch 00007 | Step 00000 | Loss 0.5689 | Train Acc 0.8670 | Speed (samples/sec) 1116.6276 | GPU 2235.6 MB | time 0.795 s
Avg train acc 0.8960
=====================
Part 6, Epoch Time(s): 5.5223
Sampling Time(s): 0.2953
Loading Time(s): 0.9935
Forward Time(s): 0.5847
Backward Time(s): 0.2357
Update Time(s): 0.0082
Emb Update Time(s): 3.3998
#seeds: 6144
#inputs: 1930365
=====================
=====================
Part 5, Epoch Time(s): 5.5303
Sampling Time(s): 0.3127
Loading Time(s): 1.1368
Forward Time(s): 0.4316
Backward Time(s): 0.2358
Update Time(s): 0.0064
Emb Update Time(s): 3.4019
#seeds: 6144
#inputs: 1929398
==========================================
Part 2, Epoch Time(s): 5.5275
Sampling Time(s): 0.2864
Loading Time(s): 1.0603
Forward Time(s): 0.5320
Backward Time(s): 0.2368
Update Time(s): 0.0059
Emb Update Time(s): 3.4012
#seeds: 6144
#inputs: 1922492
==========================================
Part 7, Epoch Time(s): 5.5229
Sampling Time(s): 0.3145
Loading Time(s): 1.0743
Forward Time(s): 0.4851
Backward Time(s): 0.2355
Update Time(s): 0.0067
Emb Update Time(s): 3.4019
#seeds: 6144
#inputs: 1937870
=====================
=====================
Part 3, Epoch Time(s): 5.5276
Sampling Time(s): 0.2883
Loading Time(s): 1.1408
Forward Time(s): 0.4489
Backward Time(s): 0.2368
Update Time(s): 0.0078
Emb Update Time(s): 3.3996
#seeds: 6144
#inputs: 1924774
=====================


=====================
Part 1, Epoch Time(s): 5.5229
Sampling Time(s): 0.3240
Loading Time(s): 1.0995
Forward Time(s): 0.4500
Backward Time(s): 0.2375
Update Time(s): 0.0077
Emb Update Time(s): 3.3990
#seeds: 6144
#inputs: 1937386
==========================================
Part 0, Epoch Time(s): 5.4961
Sampling Time(s): 0.2976
Loading Time(s): 1.1485
Forward Time(s): 0.4218
Backward Time(s): 0.2222
Update Time(s): 0.0089
Emb Update Time(s): 3.3915
#seeds: 6145
#inputs: 1926978
=====================

=====================
Part 4, Epoch Time(s): 5.5233
Sampling Time(s): 0.3173
Loading Time(s): 1.0442
Forward Time(s): 0.5125
Backward Time(s): 0.2364
Update Time(s): 0.0089
Emb Update Time(s): 3.3985
#seeds: 6145
#inputs: 1920603
=====================
=====================
Part 8, Epoch Time(s): 5.5095
Sampling Time(s): 0.2916
Loading Time(s): 1.3086
Forward Time(s): 0.2666
Backward Time(s): 0.2283
Update Time(s): 0.0048
Emb Update Time(s): 3.4048
#seeds: 6145
#inputs: 2027802
==========================================
Part 11, Epoch Time(s): 5.5043
Sampling Time(s): 0.2906
Loading Time(s): 1.3643
Forward Time(s): 0.2380
Backward Time(s): 0.2013
Update Time(s): 0.0055
Emb Update Time(s): 3.3996
#seeds: 6144
#inputs: 2038305
==========================================
Part 10, Epoch Time(s): 5.5012
Sampling Time(s): 0.2767
Loading Time(s): 1.3499
Forward Time(s): 0.2449
Backward Time(s): 0.2208
Update Time(s): 0.0059
Emb Update Time(s): 3.3985
#seeds: 6144
#inputs: 2030563
==========================================
Part 15, Epoch Time(s): 5.5035
Sampling Time(s): 0.2905
Loading Time(s): 1.2463
Forward Time(s): 0.3200
Backward Time(s): 0.2297
Update Time(s): 0.0055
Emb Update Time(s): 3.4063
#seeds: 6145
#inputs: 2042042
==========================================
Part 14, Epoch Time(s): 5.5001
Sampling Time(s): 0.3214
Loading Time(s): 1.2715
Forward Time(s): 0.2578
Backward Time(s): 0.2327
Update Time(s): 0.0053
Emb Update Time(s): 3.4063
#seeds: 6144
#inputs: 2046620
==========================================
Part 12, Epoch Time(s): 5.5026
Sampling Time(s): 0.3064
Loading Time(s): 1.2334
Forward Time(s): 0.3220
Backward Time(s): 0.2245
Update Time(s): 0.0057
Emb Update Time(s): 3.4055
#seeds: 6144
#inputs: 2026262
==========================================
Part 9, Epoch Time(s): 5.5067
Sampling Time(s): 0.3059
Loading Time(s): 1.3725
Forward Time(s): 0.2187
Backward Time(s): 0.1974
Update Time(s): 0.0059
Emb Update Time(s): 3.4011
#seeds: 6144
#inputs: 2047240
==========================================
Part 13, Epoch Time(s): 5.5075
Sampling Time(s): 0.3341
Loading Time(s): 1.4818
Forward Time(s): 0.1401
Backward Time(s): 0.1600
Update Time(s): 0.0069
Emb Update Time(s): 3.3794
#seeds: 6144
#inputs: 2048004
=====================







=====================
Part 24, Epoch Time(s): 5.5053
Sampling Time(s): 0.2885
Loading Time(s): 1.1616
Forward Time(s): 0.4065
Backward Time(s): 0.2356
Update Time(s): 0.0060
Emb Update Time(s): 3.4023
#seeds: 6144
#inputs: 1967566
==========================================
Part 31, Epoch Time(s): 5.5052
Sampling Time(s): 0.3091
Loading Time(s): 1.1523
Forward Time(s): 0.3957
Backward Time(s): 0.2344
Update Time(s): 0.0062
Emb Update Time(s): 3.4030
#seeds: 6144
#inputs: 1974954
==========================================
Part 26, Epoch Time(s): 5.5012
Sampling Time(s): 0.2733
Loading Time(s): 1.1137
Forward Time(s): 0.4656
Backward Time(s): 0.2355
Update Time(s): 0.0058
Emb Update Time(s): 3.4025
#seeds: 6145
#inputs: 1972146
==========================================
Part 29, Epoch Time(s): 5.5050
Sampling Time(s): 0.3031
Loading Time(s): 1.1676
Forward Time(s): 0.3857
Backward Time(s): 0.2353
Update Time(s): 0.0064
Emb Update Time(s): 3.4022
#seeds: 6144
#inputs: 1964811
=====================



=====================
Part 28, Epoch Time(s): 5.5024
Sampling Time(s): 0.2839
Loading Time(s): 1.2474
Forward Time(s): 0.3244
Backward Time(s): 0.2333
Update Time(s): 0.0071
Emb Update Time(s): 3.4013
#seeds: 6144
#inputs: 1959234
=====================
=====================
Part 25, Epoch Time(s): 5.4961
Sampling Time(s): 0.3633
Loading Time(s): 1.2513
Forward Time(s): 0.2530
Backward Time(s): 0.2196
Update Time(s): 0.0071
Emb Update Time(s): 3.3970
#seeds: 6144
#inputs: 1986401
=====================
=====================
Part 30, Epoch Time(s): 5.5145
Sampling Time(s): 0.3050
Loading Time(s): 1.2530
Forward Time(s): 0.3079
Backward Time(s): 0.2347
Update Time(s): 0.0084
Emb Update Time(s): 3.4007
#seeds: 6144
#inputs: 1966775
=====================
=====================
Part 27, Epoch Time(s): 5.5154
Sampling Time(s): 0.3061
Loading Time(s): 1.1537
Forward Time(s): 0.4045
Backward Time(s): 0.2366
Update Time(s): 0.0090
Emb Update Time(s): 3.3989
#seeds: 6144
#inputs: 1978398
=====================
=====================
Part 16, Epoch Time(s): 5.5056
Sampling Time(s): 0.3138
Loading Time(s): 1.1511
Forward Time(s): 0.3914
Backward Time(s): 0.2352
Update Time(s): 0.0060
Emb Update Time(s): 3.4031
#seeds: 6144
#inputs: 1947725
==========================================
Part 22, Epoch Time(s): 5.5111
Sampling Time(s): 0.2888
Loading Time(s): 1.1171
Forward Time(s): 0.4555
Backward Time(s): 0.2351
Update Time(s): 0.0059
Emb Update Time(s): 3.4035
#seeds: 6145
#inputs: 1931996
==========================================
Part 23, Epoch Time(s): 5.5098
Sampling Time(s): 0.3119
Loading Time(s): 1.0412
Forward Time(s): 0.5080
Backward Time(s): 0.2346
Update Time(s): 0.0064
Emb Update Time(s): 3.4026
#seeds: 6144
#inputs: 1914138
==========================================
Part 18, Epoch Time(s): 5.5034
Sampling Time(s): 0.3134
Loading Time(s): 1.0122
Forward Time(s): 0.5286
Backward Time(s): 0.2352
Update Time(s): 0.0067
Emb Update Time(s): 3.4023
#seeds: 6145
#inputs: 1933415
==========================================
Part 19, Epoch Time(s): 5.5062
Sampling Time(s): 0.2912
Loading Time(s): 1.0828
Forward Time(s): 0.4831
Backward Time(s): 0.2352
Update Time(s): 0.0073
Emb Update Time(s): 3.4015
#seeds: 6144
#inputs: 1936069
==========================================
Part 20, Epoch Time(s): 5.5141
Sampling Time(s): 0.2819
Loading Time(s): 1.0418
Forward Time(s): 0.5413
Backward Time(s): 0.2353
Update Time(s): 0.0068
Emb Update Time(s): 3.4020
#seeds: 6144
#inputs: 1936313
==========================================
Part 17, Epoch Time(s): 5.5115
Sampling Time(s): 0.2985
Loading Time(s): 1.0310
Forward Time(s): 0.5325
Backward Time(s): 0.2351
Update Time(s): 0.0064
Emb Update Time(s): 3.4030
#seeds: 6144
#inputs: 1924323
=====================






=====================
Part 21, Epoch Time(s): 5.5151
Sampling Time(s): 0.3124
Loading Time(s): 1.0891
Forward Time(s): 0.4644
Backward Time(s): 0.2352
Update Time(s): 0.0065
Emb Update Time(s): 3.4026
#seeds: 6144
#inputs: 1926186
=====================
|V|=2449029, eval batch size: 100000
|V|=2449029, eval batch size: 100000|V|=2449029, eval batch size: 100000

|V|=2449029, eval batch size: 100000
|V|=2449029, eval batch size: 100000
|V|=2449029, eval batch size: 100000
|V|=2449029, eval batch size: 100000
|V|=2449029, eval batch size: 100000
|V|=2449029, eval batch size: 100000
|V|=2449029, eval batch size: 100000
|V|=2449029, eval batch size: 100000
|V|=2449029, eval batch size: 100000
|V|=2449029, eval batch size: 100000
|V|=2449029, eval batch size: 100000|V|=2449029, eval batch size: 100000

|V|=2449029, eval batch size: 100000
|V|=2449029, eval batch size: 100000
|V|=2449029, eval batch size: 100000
|V|=2449029, eval batch size: 100000
|V|=2449029, eval batch size: 100000
|V|=2449029, eval batch size: 100000
|V|=2449029, eval batch size: 100000
|V|=2449029, eval batch size: 100000
|V|=2449029, eval batch size: 100000
|V|=2449029, eval batch size: 100000
|V|=2449029, eval batch size: 100000
|V|=2449029, eval batch size: 100000
|V|=2449029, eval batch size: 100000
|V|=2449029, eval batch size: 100000
|V|=2449029, eval batch size: 100000
|V|=2449029, eval batch size: 100000
|V|=2449029, eval batch size: 100000
|V|=2449029, eval batch size: 100000
|V|=2449029, eval batch size: 100000|V|=2449029, eval batch size: 100000

|V|=2449029, eval batch size: 100000
|V|=2449029, eval batch size: 100000
|V|=2449029, eval batch size: 100000
|V|=2449029, eval batch size: 100000
|V|=2449029, eval batch size: 100000|V|=2449029, eval batch size: 100000

|V|=2449029, eval batch size: 100000|V|=2449029, eval batch size: 100000

|V|=2449029, eval batch size: 100000
|V|=2449029, eval batch size: 100000
|V|=2449029, eval batch size: 100000|V|=2449029, eval batch size: 100000

|V|=2449029, eval batch size: 100000
|V|=2449029, eval batch size: 100000
|V|=2449029, eval batch size: 100000|V|=2449029, eval batch size: 100000|V|=2449029, eval batch size: 100000

|V|=2449029, eval batch size: 100000
|V|=2449029, eval batch size: 100000|V|=2449029, eval batch size: 100000


|V|=2449029, eval batch size: 100000
|V|=2449029, eval batch size: 100000
|V|=2449029, eval batch size: 100000
|V|=2449029, eval batch size: 100000
|V|=2449029, eval batch size: 100000
|V|=2449029, eval batch size: 100000
|V|=2449029, eval batch size: 100000
|V|=2449029, eval batch size: 100000
|V|=2449029, eval batch size: 100000
|V|=2449029, eval batch size: 100000
|V|=2449029, eval batch size: 100000
|V|=2449029, eval batch size: 100000
|V|=2449029, eval batch size: 100000
|V|=2449029, eval batch size: 100000
|V|=2449029, eval batch size: 100000
|V|=2449029, eval batch size: 100000
|V|=2449029, eval batch size: 100000
|V|=2449029, eval batch size: 100000|V|=2449029, eval batch size: 100000

|V|=2449029, eval batch size: 100000
|V|=2449029, eval batch size: 100000
|V|=2449029, eval batch size: 100000
|V|=2449029, eval batch size: 100000
|V|=2449029, eval batch size: 100000|V|=2449029, eval batch size: 100000

|V|=2449029, eval batch size: 100000
|V|=2449029, eval batch size: 100000
|V|=2449029, eval batch size: 100000
|V|=2449029, eval batch size: 100000
|V|=2449029, eval batch size: 100000
|V|=2449029, eval batch size: 100000
|V|=2449029, eval batch size: 100000
|V|=2449029, eval batch size: 100000
|V|=2449029, eval batch size: 100000
|V|=2449029, eval batch size: 100000
|V|=2449029, eval batch size: 100000
|V|=2449029, eval batch size: 100000
|V|=2449029, eval batch size: 100000
|V|=2449029, eval batch size: 100000
|V|=2449029, eval batch size: 100000
|V|=2449029, eval batch size: 100000
Part 6, Val Acc 0.9260, Test Acc 0.7983, time: 6.9690
Part 4, Val Acc 0.9268, Test Acc 0.8001, time: 6.9701
Part 7, Val Acc 0.9260, Test Acc 0.7980, time: 6.9714
Part 8, Val Acc 0.8877, Test Acc 0.7085, time: 6.9757
Part 0, Val Acc 0.9406, Test Acc 0.8011, time: 6.9769
Part 3, Val Acc 0.9357, Test Acc 0.8007, time: 6.9776
Part 2, Val Acc 0.9146, Test Acc 0.7982, time: 6.9781
Part 1, Val Acc 0.9251, Test Acc 0.7981, time: 6.9784
Part 5, Val Acc 0.9219, Test Acc 0.7991, time: 6.9806
Part 10, Val Acc 0.8633, Test Acc 0.7068, time: 6.9806
Part 14, Val Acc 0.8609, Test Acc 0.7074, time: 6.9812
Part 24, Val Acc 0.8959, Test Acc 0.7111, time: 6.9814
Part 25, Val Acc 0.9080, Test Acc 0.7114, time: 6.9818
Part 28, Val Acc 0.9169, Test Acc 0.7124, time: 6.9831
Part 18, Val Acc 0.8714, Test Acc 0.7275, time: 6.9832
Part 22, Val Acc 0.8755, Test Acc 0.7250, time: 6.9850
Part 31, Val Acc 0.9081, Test Acc 0.7122, time: 6.9862
Part 20, Val Acc 0.8828, Test Acc 0.7267, time: 6.9866
Part 12, Val Acc 0.8689, Test Acc 0.7080, time: 6.9868
Part 16, Val Acc 0.8845, Test Acc 0.7260, time: 6.9885
Part 23, Val Acc 0.8779, Test Acc 0.7283, time: 6.9890
Part 17, Val Acc 0.8779, Test Acc 0.7288, time: 6.9899
Part 30, Val Acc 0.8918, Test Acc 0.7131, time: 6.9900
Part 9, Val Acc 0.8584, Test Acc 0.7089, time: 6.9903
Part 19, Val Acc 0.8714, Test Acc 0.7263, time: 6.9907
Part 15, Val Acc 0.8446, Test Acc 0.7105, time: 6.9907
Part 11, Val Acc 0.8641, Test Acc 0.7082, time: 6.9938
Part 21, Val Acc 0.8755, Test Acc 0.7275, time: 6.9953
Part 26, Val Acc 0.9162, Test Acc 0.7119, time: 6.9979
Part 29, Val Acc 0.9048, Test Acc 0.7111, time: 6.9979
Part 27, Val Acc 0.9105, Test Acc 0.7126, time: 6.9986
Part 13, Val Acc 0.8560, Test Acc 0.7090, time: 7.0026
All parts avg val acc 0.8934, test acc 0.7367
Part 6 | Epoch 00008 | Step 00000 | Loss 0.2816 | Train Acc 0.9320 | Speed (samples/sec) 1111.1158 | GPU 1930.8 MB | time 0.843 s
Part 7 | Epoch 00008 | Step 00000 | Loss 0.2814 | Train Acc 0.9380 | Speed (samples/sec) 1110.3452 | GPU 1924.4 MB | time 0.840 s
Part 8 | Epoch 00008 | Step 00000 | Loss 0.5111 | Train Acc 0.8670 | Speed (samples/sec) 1115.3133 | GPU 2224.0 MB | time 0.836 s
Part 10 | Epoch 00008 | Step 00000 | Loss 0.5251 | Train Acc 0.8650 | Speed (samples/sec) 1115.7012 | GPU 2225.2 MB | time 0.831 s
Part 23 | Epoch 00008 | Step 00000 | Loss 0.4580 | Train Acc 0.8860 | Speed (samples/sec) 1113.8202 | GPU 1966.5 MB | time 0.823 sPart 19 | Epoch 00008 | Step 00000 | Loss 0.5350 | Train Acc 0.8620 | Speed (samples/sec) 1114.4547 | GPU 1959.8 MB | time 0.821 s

Part 24 | Epoch 00008 | Step 00000 | Loss 0.3572 | Train Acc 0.9170 | Speed (samples/sec) 1114.6032 | GPU 2068.8 MB | time 0.830 s
Part 29 | Epoch 00008 | Step 00000 | Loss 0.3783 | Train Acc 0.9090 | Speed (samples/sec) 1115.3490 | GPU 2078.2 MB | time 0.814 sPart 31 | Epoch 00008 | Step 00000 | Loss 0.3636 | Train Acc 0.9140 | Speed (samples/sec) 1115.2684 | GPU 2066.4 MB | time 0.826 s

Part 26 | Epoch 00008 | Step 00000 | Loss 0.4296 | Train Acc 0.8930 | Speed (samples/sec) 1115.0860 | GPU 2067.8 MB | time 0.814 s
Part 27 | Epoch 00008 | Step 00000 | Loss 0.3557 | Train Acc 0.9130 | Speed (samples/sec) 1115.5359 | GPU 2059.4 MB | time 0.812 s
Part 15 | Epoch 00008 | Step 00000 | Loss 0.5136 | Train Acc 0.8630 | Speed (samples/sec) 1115.4008 | GPU 2235.6 MB | time 0.821 sPart 14 | Epoch 00008 | Step 00000 | Loss 0.5306 | Train Acc 0.8630 | Speed (samples/sec) 1115.5196 | GPU 2224.7 MB | time 0.830 s

Part 11 | Epoch 00008 | Step 00000 | Loss 0.5091 | Train Acc 0.8720 | Speed (samples/sec) 1115.8942 | GPU 2221.1 MB | time 0.818 s
Part 13 | Epoch 00008 | Step 00000 | Loss 0.4938 | Train Acc 0.8720 | Speed (samples/sec) 1114.6784 | GPU 2215.1 MB | time 0.809 s
Part 12 | Epoch 00008 | Step 00000 | Loss 0.5279 | Train Acc 0.8800 | Speed (samples/sec) 1115.1806 | GPU 2212.0 MB | time 0.825 s
Part 2 | Epoch 00008 | Step 00000 | Loss 0.3126 | Train Acc 0.9310 | Speed (samples/sec) 1112.1496 | GPU 1938.7 MB | time 0.834 s
Part 5 | Epoch 00008 | Step 00000 | Loss 0.3211 | Train Acc 0.9250 | Speed (samples/sec) 1110.7909 | GPU 1927.3 MB | time 0.831 s
Part 3 | Epoch 00008 | Step 00000 | Loss 0.2892 | Train Acc 0.9350 | Speed (samples/sec) 1112.1453 | GPU 1925.9 MB | time 0.834 s
Part 28 | Epoch 00008 | Step 00000 | Loss 0.3380 | Train Acc 0.9100 | Speed (samples/sec) 1114.3533 | GPU 2055.7 MB | time 0.829 sPart 25 | Epoch 00008 | Step 00000 | Loss 0.4000 | Train Acc 0.9020 | Speed (samples/sec) 1114.1471 | GPU 2059.5 MB | time 0.830 s

Part 30 | Epoch 00008 | Step 00000 | Loss 0.3939 | Train Acc 0.9100 | Speed (samples/sec) 1113.8242 | GPU 2075.0 MB | time 0.822 s
Part 9 | Epoch 00008 | Step 00000 | Loss 0.4887 | Train Acc 0.8720 | Speed (samples/sec) 1114.8441 | GPU 2221.4 MB | time 0.820 s
Part 16 | Epoch 00008 | Step 00000 | Loss 0.5074 | Train Acc 0.8700 | Speed (samples/sec) 1113.4561 | GPU 1976.6 MB | time 0.823 sPart 21 | Epoch 00008 | Step 00000 | Loss 0.4947 | Train Acc 0.8800 | Speed (samples/sec) 1114.1460 | GPU 1967.3 MB | time 0.817 s

Part 22 | Epoch 00008 | Step 00000 | Loss 0.4991 | Train Acc 0.8790 | Speed (samples/sec) 1113.9605 | GPU 1974.0 MB | time 0.827 s
Part 17 | Epoch 00008 | Step 00000 | Loss 0.5500 | Train Acc 0.8640 | Speed (samples/sec) 1113.4547 | GPU 1975.2 MB | time 0.822 s
Part 18 | Epoch 00008 | Step 00000 | Loss 0.5133 | Train Acc 0.8780 | Speed (samples/sec) 1114.1231 | GPU 1966.8 MB | time 0.829 s
Part 20 | Epoch 00008 | Step 00000 | Loss 0.5727 | Train Acc 0.8710 | Speed (samples/sec) 1113.5433 | GPU 1972.6 MB | time 0.825 s
Part 4 | Epoch 00008 | Step 00000 | Loss 0.2681 | Train Acc 0.9360 | Speed (samples/sec) 1111.7468 | GPU 1925.6 MB | time 0.842 s
Part 1 | Epoch 00008 | Step 00000 | Loss 0.2551 | Train Acc 0.9390 | Speed (samples/sec) 1112.4661 | GPU 1925.1 MB | time 0.834 s
Part 0 | Epoch 00008 | Step 00000 | Loss 0.2711 | Train Acc 0.9390 | Speed (samples/sec) 1119.0800 | GPU 1932.8 MB | time 0.809 s
Avg train acc 0.8965
=====================
Part 7, Epoch Time(s): 5.4034
Sampling Time(s): 0.3067
Loading Time(s): 1.1178
Forward Time(s): 0.4353
Backward Time(s): 0.2338
Update Time(s): 0.0058
Emb Update Time(s): 3.2985
#seeds: 6144
#inputs: 1937729
==========================================
Part 2, Epoch Time(s): 5.3968
Sampling Time(s): 0.3310
Loading Time(s): 1.0818
Forward Time(s): 0.4396
Backward Time(s): 0.2361
Update Time(s): 0.0060
Emb Update Time(s): 3.2962
#seeds: 6144
#inputs: 1926527
==========================================
Part 4, Epoch Time(s): 5.4050
Sampling Time(s): 0.3007
Loading Time(s): 1.0399
Forward Time(s): 0.5194
Backward Time(s): 0.2356
Update Time(s): 0.0069
Emb Update Time(s): 3.2963
#seeds: 6145
#inputs: 1915247
==========================================
Part 3, Epoch Time(s): 5.3973
Sampling Time(s): 0.3607
Loading Time(s): 1.1159
Forward Time(s): 0.3760
Backward Time(s): 0.2359
Update Time(s): 0.0055
Emb Update Time(s): 3.2971
#seeds: 6144
#inputs: 1926432
=====================

=====================
Part 5, Epoch Time(s): 5.3944
Sampling Time(s): 0.2798
Loading Time(s): 1.1509
Forward Time(s): 0.4276
Backward Time(s): 0.2263
Update Time(s): 0.0054
Emb Update Time(s): 3.2984
#seeds: 6144
#inputs: 1931876
=====================

=====================
Part 6, Epoch Time(s): 5.4059
Sampling Time(s): 0.2964
Loading Time(s): 0.9807
Forward Time(s): 0.5845
Backward Time(s): 0.2339
Update Time(s): 0.0067
Emb Update Time(s): 3.2979
#seeds: 6144
#inputs: 1926966
=====================

=====================
Part 1, Epoch Time(s): 5.3966
Sampling Time(s): 0.3293
Loading Time(s): 1.1223
Forward Time(s): 0.4006
Backward Time(s): 0.2355
Update Time(s): 0.0066
Emb Update Time(s): 3.2961
#seeds: 6144
#inputs: 1941523
=====================
=====================
Part 16, Epoch Time(s): 5.3862
Sampling Time(s): 0.3110
Loading Time(s): 1.0329
Forward Time(s): 0.4983
Backward Time(s): 0.2346
Update Time(s): 0.0099
Emb Update Time(s): 3.2940
#seeds: 6144
#inputs: 1950363
==========================================
Part 22, Epoch Time(s): 5.3898
Sampling Time(s): 0.2839
Loading Time(s): 1.1776
Forward Time(s): 0.3841
Backward Time(s): 0.2328
Update Time(s): 0.0084
Emb Update Time(s): 3.2972
#seeds: 6145
#inputs: 1932427
==========================================
Part 19, Epoch Time(s): 5.3843
Sampling Time(s): 0.2766
Loading Time(s): 1.0761
Forward Time(s): 0.4875
Backward Time(s): 0.2328
Update Time(s): 0.0089
Emb Update Time(s): 3.2956
#seeds: 6144
#inputs: 1937995
==========================================
Part 18, Epoch Time(s): 5.3917
Sampling Time(s): 0.3275
Loading Time(s): 1.0700
Forward Time(s): 0.4490
Backward Time(s): 0.2343
Update Time(s): 0.0087
Emb Update Time(s): 3.2961
#seeds: 6145
#inputs: 1940753
==========================================
Part 23, Epoch Time(s): 5.3859
Sampling Time(s): 0.4550
Loading Time(s): 1.0013
Forward Time(s): 0.4083
Backward Time(s): 0.2156
Update Time(s): 0.0094
Emb Update Time(s): 3.2905
#seeds: 6144
#inputs: 1916134
==========================================
Part 20, Epoch Time(s): 5.3879
Sampling Time(s): 0.3245
Loading Time(s): 1.0351
Forward Time(s): 0.4834
Backward Time(s): 0.2342
Update Time(s): 0.0096
Emb Update Time(s): 3.2950
#seeds: 6144
#inputs: 1937463
=====================


=====================
Part 17, Epoch Time(s): 5.3850
Sampling Time(s): 0.3230
Loading Time(s): 1.0453
Forward Time(s): 0.4723
Backward Time(s): 0.2344
Update Time(s): 0.0088
Emb Update Time(s): 3.2953
#seeds: 6144
#inputs: 1922851
=====================
=====================
Part 21, Epoch Time(s): 5.3796
Sampling Time(s): 0.3045
Loading Time(s): 1.0448
Forward Time(s): 0.4891
Backward Time(s): 0.2305
Update Time(s): 0.0103
Emb Update Time(s): 3.2946
#seeds: 6144
#inputs: 1930141
=====================



=====================
Part 0, Epoch Time(s): 5.3720
Sampling Time(s): 0.3229
Loading Time(s): 1.0636
Forward Time(s): 0.4402
Backward Time(s): 0.2366
Update Time(s): 0.0065
Emb Update Time(s): 3.2957
#seeds: 6145
#inputs: 1928612
=====================
=====================
Part 15, Epoch Time(s): 5.3840
Sampling Time(s): 0.3000
Loading Time(s): 1.2998
Forward Time(s): 0.2460
Backward Time(s): 0.2250
Update Time(s): 0.0069
Emb Update Time(s): 3.3008
#seeds: 6145
#inputs: 2040458
==========================================
Part 9, Epoch Time(s): 5.3835
Sampling Time(s): 0.2864
Loading Time(s): 1.4064
Forward Time(s): 0.2122
Backward Time(s): 0.1811
Update Time(s): 0.0077
Emb Update Time(s): 3.2839
#seeds: 6144
#inputs: 2039980
==========================================
Part 12, Epoch Time(s): 5.3882
Sampling Time(s): 0.2909
Loading Time(s): 1.2056
Forward Time(s): 0.3479
Backward Time(s): 0.2318
Update Time(s): 0.0066
Emb Update Time(s): 3.2997
#seeds: 6144
#inputs: 2024905
==========================================
Part 14, Epoch Time(s): 5.3936
Sampling Time(s): 0.3047
Loading Time(s): 1.3652
Forward Time(s): 0.2060
Backward Time(s): 0.2105
Update Time(s): 0.0076
Emb Update Time(s): 3.2937
#seeds: 6144
#inputs: 2045742
==========================================
Part 11, Epoch Time(s): 5.3809
Sampling Time(s): 0.2916
Loading Time(s): 1.4011
Forward Time(s): 0.1971
Backward Time(s): 0.1904
Update Time(s): 0.0057
Emb Update Time(s): 3.2894
#seeds: 6144
#inputs: 2042281
=====================
=====================
Part 10, Epoch Time(s): 5.3943
Sampling Time(s): 0.2800
Loading Time(s): 1.3805
Forward Time(s): 0.2226
Backward Time(s): 0.2071
Update Time(s): 0.0074
Emb Update Time(s): 3.2912
#seeds: 6144
#inputs: 2031205
==========================================
Part 13, Epoch Time(s): 5.3719
Sampling Time(s): 0.3092
Loading Time(s): 1.4032
Forward Time(s): 0.1642
Backward Time(s): 0.1925
Update Time(s): 0.0065
Emb Update Time(s): 3.2907
#seeds: 6144
#inputs: 2046363
=====================





=====================
Part 8, Epoch Time(s): 5.3993
Sampling Time(s): 0.3053
Loading Time(s): 1.3337
Forward Time(s): 0.2320
Backward Time(s): 0.2177
Update Time(s): 0.0056
Emb Update Time(s): 3.2995
#seeds: 6145
#inputs: 2037171
=====================
=====================
Part 24, Epoch Time(s): 5.3935
Sampling Time(s): 0.2810
Loading Time(s): 1.1652
Forward Time(s): 0.4048
Backward Time(s): 0.2326
Update Time(s): 0.0065
Emb Update Time(s): 3.2977
#seeds: 6144
#inputs: 1969325
==========================================
Part 29, Epoch Time(s): 5.3769
Sampling Time(s): 0.2971
Loading Time(s): 1.2063
Forward Time(s): 0.3300
Backward Time(s): 0.2336
Update Time(s): 0.0071
Emb Update Time(s): 3.2974
#seeds: 6144
#inputs: 1966259
==========================================
Part 31, Epoch Time(s): 5.3887
Sampling Time(s): 0.3004
Loading Time(s): 1.1035
Forward Time(s): 0.4402
Backward Time(s): 0.2345
Update Time(s): 0.0066
Emb Update Time(s): 3.2980
#seeds: 6144
#inputs: 1979163
==========================================
Part 26, Epoch Time(s): 5.3769
Sampling Time(s): 0.3114
Loading Time(s): 1.0888
Forward Time(s): 0.4319
Backward Time(s): 0.2347
Update Time(s): 0.0081
Emb Update Time(s): 3.2962
#seeds: 6145
#inputs: 1979619
=====================



=====================
Part 28, Epoch Time(s): 5.3918
Sampling Time(s): 0.2622
Loading Time(s): 1.2075
Forward Time(s): 0.3786
Backward Time(s): 0.2332
Update Time(s): 0.0081
Emb Update Time(s): 3.2964
#seeds: 6144
#inputs: 1958587
==========================================
Part 27, Epoch Time(s): 5.3756
Sampling Time(s): 0.2911
Loading Time(s): 1.2927
Forward Time(s): 0.2534
Backward Time(s): 0.2283
Update Time(s): 0.0080
Emb Update Time(s): 3.2965
#seeds: 6144
#inputs: 1980235
=====================

=====================
Part 25, Epoch Time(s): 5.3944
Sampling Time(s): 0.2895
Loading Time(s): 1.1389
Forward Time(s): 0.4200
Backward Time(s): 0.2347
Update Time(s): 0.0072
Emb Update Time(s): 3.2973
#seeds: 6144
#inputs: 1982879
==========================================
Part 30, Epoch Time(s): 5.3853
Sampling Time(s): 0.2943
Loading Time(s): 1.2090
Forward Time(s): 0.3368
Backward Time(s): 0.2348
Update Time(s): 0.0110
Emb Update Time(s): 3.2932
#seeds: 6144
#inputs: 1963506
=====================

|V|=2449029, eval batch size: 100000
|V|=2449029, eval batch size: 100000
|V|=2449029, eval batch size: 100000
|V|=2449029, eval batch size: 100000
|V|=2449029, eval batch size: 100000
|V|=2449029, eval batch size: 100000
|V|=2449029, eval batch size: 100000
|V|=2449029, eval batch size: 100000
|V|=2449029, eval batch size: 100000
|V|=2449029, eval batch size: 100000
|V|=2449029, eval batch size: 100000
|V|=2449029, eval batch size: 100000
|V|=2449029, eval batch size: 100000
|V|=2449029, eval batch size: 100000
|V|=2449029, eval batch size: 100000
|V|=2449029, eval batch size: 100000
|V|=2449029, eval batch size: 100000|V|=2449029, eval batch size: 100000

|V|=2449029, eval batch size: 100000
|V|=2449029, eval batch size: 100000
|V|=2449029, eval batch size: 100000
|V|=2449029, eval batch size: 100000
|V|=2449029, eval batch size: 100000
|V|=2449029, eval batch size: 100000
|V|=2449029, eval batch size: 100000
|V|=2449029, eval batch size: 100000
|V|=2449029, eval batch size: 100000
|V|=2449029, eval batch size: 100000
|V|=2449029, eval batch size: 100000
|V|=2449029, eval batch size: 100000
|V|=2449029, eval batch size: 100000
|V|=2449029, eval batch size: 100000
|V|=2449029, eval batch size: 100000
|V|=2449029, eval batch size: 100000
|V|=2449029, eval batch size: 100000
|V|=2449029, eval batch size: 100000
|V|=2449029, eval batch size: 100000
|V|=2449029, eval batch size: 100000
|V|=2449029, eval batch size: 100000
|V|=2449029, eval batch size: 100000|V|=2449029, eval batch size: 100000

|V|=2449029, eval batch size: 100000
|V|=2449029, eval batch size: 100000
|V|=2449029, eval batch size: 100000
|V|=2449029, eval batch size: 100000
|V|=2449029, eval batch size: 100000
|V|=2449029, eval batch size: 100000
|V|=2449029, eval batch size: 100000
|V|=2449029, eval batch size: 100000
|V|=2449029, eval batch size: 100000|V|=2449029, eval batch size: 100000|V|=2449029, eval batch size: 100000|V|=2449029, eval batch size: 100000



|V|=2449029, eval batch size: 100000
|V|=2449029, eval batch size: 100000
|V|=2449029, eval batch size: 100000
|V|=2449029, eval batch size: 100000
|V|=2449029, eval batch size: 100000|V|=2449029, eval batch size: 100000

|V|=2449029, eval batch size: 100000
|V|=2449029, eval batch size: 100000
|V|=2449029, eval batch size: 100000
|V|=2449029, eval batch size: 100000
|V|=2449029, eval batch size: 100000
|V|=2449029, eval batch size: 100000
|V|=2449029, eval batch size: 100000
|V|=2449029, eval batch size: 100000
|V|=2449029, eval batch size: 100000
|V|=2449029, eval batch size: 100000
|V|=2449029, eval batch size: 100000
|V|=2449029, eval batch size: 100000
|V|=2449029, eval batch size: 100000
|V|=2449029, eval batch size: 100000
|V|=2449029, eval batch size: 100000|V|=2449029, eval batch size: 100000

|V|=2449029, eval batch size: 100000
|V|=2449029, eval batch size: 100000
|V|=2449029, eval batch size: 100000|V|=2449029, eval batch size: 100000

|V|=2449029, eval batch size: 100000|V|=2449029, eval batch size: 100000|V|=2449029, eval batch size: 100000


|V|=2449029, eval batch size: 100000
|V|=2449029, eval batch size: 100000|V|=2449029, eval batch size: 100000
|V|=2449029, eval batch size: 100000|V|=2449029, eval batch size: 100000

|V|=2449029, eval batch size: 100000

|V|=2449029, eval batch size: 100000
|V|=2449029, eval batch size: 100000
|V|=2449029, eval batch size: 100000
|V|=2449029, eval batch size: 100000
|V|=2449029, eval batch size: 100000
|V|=2449029, eval batch size: 100000
|V|=2449029, eval batch size: 100000
|V|=2449029, eval batch size: 100000
Part 7, Val Acc 0.9284, Test Acc 0.8087, time: 6.9668
Part 4, Val Acc 0.9268, Test Acc 0.8096, time: 6.9682
Part 25, Val Acc 0.9112, Test Acc 0.7358, time: 6.9682
Part 9, Val Acc 0.8731, Test Acc 0.7169, time: 6.9728
Part 0, Val Acc 0.9439, Test Acc 0.8105, time: 6.9735
Part 6, Val Acc 0.9292, Test Acc 0.8075, time: 6.9737
Part 8, Val Acc 0.8950, Test Acc 0.7178, time: 6.9767
Part 5, Val Acc 0.9260, Test Acc 0.8081, time: 6.9771
Part 19, Val Acc 0.8779, Test Acc 0.7502, time: 6.9777
Part 2, Val Acc 0.9138, Test Acc 0.8079, time: 6.9786
Part 3, Val Acc 0.9397, Test Acc 0.8105, time: 6.9786
Part 13, Val Acc 0.8609, Test Acc 0.7174, time: 6.9789
Part 27, Val Acc 0.9178, Test Acc 0.7350, time: 6.9810
Part 1, Val Acc 0.9268, Test Acc 0.8073, time: 6.9815
Part 21, Val Acc 0.8812, Test Acc 0.7496, time: 6.9827
Part 28, Val Acc 0.9226, Test Acc 0.7356, time: 6.9839
Part 17, Val Acc 0.8796, Test Acc 0.7514, time: 6.9841
Part 16, Val Acc 0.8893, Test Acc 0.7492, time: 6.9856
Part 20, Val Acc 0.8877, Test Acc 0.7498, time: 6.9862
Part 24, Val Acc 0.8967, Test Acc 0.7353, time: 6.9863
Part 31, Val Acc 0.9056, Test Acc 0.7353, time: 6.9872
Part 30, Val Acc 0.8991, Test Acc 0.7366, time: 6.9877
Part 22, Val Acc 0.8747, Test Acc 0.7476, time: 6.9879
Part 23, Val Acc 0.8762, Test Acc 0.7489, time: 6.9887
Part 26, Val Acc 0.9178, Test Acc 0.7352, time: 6.9886
Part 14, Val Acc 0.8788, Test Acc 0.7155, time: 6.9899
Part 29, Val Acc 0.9097, Test Acc 0.7348, time: 6.9916
Part 12, Val Acc 0.8738, Test Acc 0.7161, time: 6.9934
Part 18, Val Acc 0.8714, Test Acc 0.7495, time: 6.9967
Part 15, Val Acc 0.8535, Test Acc 0.7180, time: 7.0048
Part 10, Val Acc 0.8796, Test Acc 0.7147, time: 7.0055
Part 11, Val Acc 0.8698, Test Acc 0.7158, time: 7.0060
All parts avg val acc 0.8981, test acc 0.7526
Part 24 | Epoch 00009 | Step 00000 | Loss 0.3342 | Train Acc 0.9150 | Speed (samples/sec) 1115.9435 | GPU 2068.8 MB | time 0.837 s
Part 25 | Epoch 00009 | Step 00000 | Loss 0.4063 | Train Acc 0.9050 | Speed (samples/sec) 1115.1227 | GPU 2059.5 MB | time 0.855 s
Part 28 | Epoch 00009 | Step 00000 | Loss 0.3835 | Train Acc 0.9050 | Speed (samples/sec) 1115.6734 | GPU 2055.7 MB | time 0.839 s
Part 20 | Epoch 00009 | Step 00000 | Loss 0.4499 | Train Acc 0.8940 | Speed (samples/sec) 1115.0171 | GPU 1972.6 MB | time 0.837 s
Part 17 | Epoch 00009 | Step 00000 | Loss 0.4630 | Train Acc 0.8890 | Speed (samples/sec) 1114.8820 | GPU 1975.2 MB | time 0.839 sPart 18 | Epoch 00009 | Step 00000 | Loss 0.4488 | Train Acc 0.8890 | Speed (samples/sec) 1115.8048 | GPU 1967.8 MB | time 0.826 s

Part 2 | Epoch 00009 | Step 00000 | Loss 0.2767 | Train Acc 0.9360 | Speed (samples/sec) 1113.6025 | GPU 1942.8 MB | time 0.844 s
Part 3 | Epoch 00009 | Step 00000 | Loss 0.2510 | Train Acc 0.9310 | Speed (samples/sec) 1113.6040 | GPU 1927.5 MB | time 0.844 s
Part 7 | Epoch 00009 | Step 00000 | Loss 0.3314 | Train Acc 0.9220 | Speed (samples/sec) 1111.7325 | GPU 1924.4 MB | time 0.856 s
Part 0 | Epoch 00009 | Step 00000 | Loss 0.2634 | Train Acc 0.9390 | Speed (samples/sec) 1120.4412 | GPU 1932.8 MB | time 0.817 s
Part 29 | Epoch 00009 | Step 00000 | Loss 0.3539 | Train Acc 0.9230 | Speed (samples/sec) 1116.7218 | GPU 2078.2 MB | time 0.832 s
Part 5 | Epoch 00009 | Step 00000 | Loss 0.3039 | Train Acc 0.9240 | Speed (samples/sec) 1112.3594 | GPU 1927.3 MB | time 0.846 s
Part 27 | Epoch 00009 | Step 00000 | Loss 0.3325 | Train Acc 0.9170 | Speed (samples/sec) 1116.6442 | GPU 2059.4 MB | time 0.842 sPart 31 | Epoch 00009 | Step 00000 | Loss 0.3416 | Train Acc 0.9090 | Speed (samples/sec) 1116.5499 | GPU 2066.4 MB | time 0.836 s

Part 23 | Epoch 00009 | Step 00000 | Loss 0.4710 | Train Acc 0.8810 | Speed (samples/sec) 1115.3026 | GPU 1966.5 MB | time 0.835 sPart 21 | Epoch 00009 | Step 00000 | Loss 0.4725 | Train Acc 0.8900 | Speed (samples/sec) 1115.4493 | GPU 1967.3 MB | time 0.841 s

Part 19 | Epoch 00009 | Step 00000 | Loss 0.4989 | Train Acc 0.8710 | Speed (samples/sec) 1115.6282 | GPU 1960.1 MB | time 0.846 s
Part 26 | Epoch 00009 | Step 00000 | Loss 0.3260 | Train Acc 0.9140 | Speed (samples/sec) 1116.4487 | GPU 2067.8 MB | time 0.835 s
Part 16 | Epoch 00009 | Step 00000 | Loss 0.4650 | Train Acc 0.8760 | Speed (samples/sec) 1114.9028 | GPU 1976.9 MB | time 0.838 s
Part 30 | Epoch 00009 | Step 00000 | Loss 0.3529 | Train Acc 0.9240 | Speed (samples/sec) 1115.2891 | GPU 2075.0 MB | time 0.835 s
Part 4 | Epoch 00009 | Step 00000 | Loss 0.2818 | Train Acc 0.9290 | Speed (samples/sec) 1113.0369 | GPU 1925.6 MB | time 0.855 s
Part 6 | Epoch 00009 | Step 00000 | Loss 0.2856 | Train Acc 0.9320 | Speed (samples/sec) 1112.5677 | GPU 1930.8 MB | time 0.849 s
Part 1 | Epoch 00009 | Step 00000 | Loss 0.2477 | Train Acc 0.9280 | Speed (samples/sec) 1113.9615 | GPU 1925.1 MB | time 0.842 s
Part 22 | Epoch 00009 | Step 00000 | Loss 0.4615 | Train Acc 0.8860 | Speed (samples/sec) 1115.4329 | GPU 1974.0 MB | time 0.835 s
Part 8 | Epoch 00009 | Step 00000 | Loss 0.4922 | Train Acc 0.8820 | Speed (samples/sec) 1116.3584 | GPU 2224.0 MB | time 0.847 s
Part 10 | Epoch 00009 | Step 00000 | Loss 0.4870 | Train Acc 0.8790 | Speed (samples/sec) 1117.3635 | GPU 2225.2 MB | time 0.818 s
Part 11 | Epoch 00009 | Step 00000 | Loss 0.4329 | Train Acc 0.8750 | Speed (samples/sec) 1117.5543 | GPU 2221.1 MB | time 0.817 s
Part 13 | Epoch 00009 | Step 00000 | Loss 0.4448 | Train Acc 0.8800 | Speed (samples/sec) 1115.8270 | GPU 2215.1 MB | time 0.845 s
Part 14 | Epoch 00009 | Step 00000 | Loss 0.4428 | Train Acc 0.8780 | Speed (samples/sec) 1116.8222 | GPU 2224.7 MB | time 0.834 sPart 15 | Epoch 00009 | Step 00000 | Loss 0.5010 | Train Acc 0.8760 | Speed (samples/sec) 1117.0889 | GPU 2235.6 MB | time 0.819 sPart 12 | Epoch 00009 | Step 00000 | Loss 0.4681 | Train Acc 0.8790 | Speed (samples/sec) 1116.6003 | GPU 2212.0 MB | time 0.831 s


Part 9 | Epoch 00009 | Step 00000 | Loss 0.4997 | Train Acc 0.8610 | Speed (samples/sec) 1115.8322 | GPU 2221.4 MB | time 0.851 s
Avg train acc 0.9012
=====================
Part 0, Epoch Time(s): 5.4905
Sampling Time(s): 0.3206
Loading Time(s): 1.0497
Forward Time(s): 0.5366
Backward Time(s): 0.2215
Update Time(s): 0.0059
Emb Update Time(s): 3.3489
#seeds: 6145
#inputs: 1927261
==========================================
Part 6, Epoch Time(s): 5.5233
Sampling Time(s): 0.3107
Loading Time(s): 0.9939
Forward Time(s): 0.6355
Backward Time(s): 0.2200
Update Time(s): 0.0062
Emb Update Time(s): 3.3506
#seeds: 6144
#inputs: 1931598
==========================================
Part 2, Epoch Time(s): 5.5184
Sampling Time(s): 0.2721
Loading Time(s): 1.0629
Forward Time(s): 0.6019
Backward Time(s): 0.2214
Update Time(s): 0.0049
Emb Update Time(s): 3.3493
#seeds: 6144
#inputs: 1923511
==========================================
Part 7, Epoch Time(s): 5.5299
Sampling Time(s): 0.3277
Loading Time(s): 1.0983
Forward Time(s): 0.5223
Backward Time(s): 0.2200
Update Time(s): 0.0057
Emb Update Time(s): 3.3500
#seeds: 6144
#inputs: 1936066
==========================================
Part 5, Epoch Time(s): 5.5198
Sampling Time(s): 0.2763
Loading Time(s): 1.0822
Forward Time(s): 0.5802
Backward Time(s): 0.2202
Update Time(s): 0.0052
Emb Update Time(s): 3.3502
#seeds: 6144
#inputs: 1924304
==========================================
Part 3, Epoch Time(s): 5.5183
Sampling Time(s): 0.2934
Loading Time(s): 1.1421
Forward Time(s): 0.5078
Backward Time(s): 0.2152
Update Time(s): 0.0049
Emb Update Time(s): 3.3492
#seeds: 6144
#inputs: 1916698
=====================
=====================
Part 4, Epoch Time(s): 5.5288
Sampling Time(s): 0.3062
Loading Time(s): 0.9690
Forward Time(s): 0.6703
Backward Time(s): 0.2209
Update Time(s): 0.0058
Emb Update Time(s): 3.3499
#seeds: 6145
#inputs: 1914876
=====================

=====================
Part 1, Epoch Time(s): 5.5155
Sampling Time(s): 0.2921
Loading Time(s): 1.0722
Forward Time(s): 0.5688
Backward Time(s): 0.2214
Update Time(s): 0.0056
Emb Update Time(s): 3.3495
#seeds: 6144
#inputs: 1936112
=====================




=====================
Part 19, Epoch Time(s): 5.5192
Sampling Time(s): 0.2922
Loading Time(s): 1.0358
Forward Time(s): 0.6094
Backward Time(s): 0.2220
Update Time(s): 0.0080
Emb Update Time(s): 3.3462
#seeds: 6144
#inputs: 1933624
==========================================
Part 23, Epoch Time(s): 5.5083
Sampling Time(s): 0.3145
Loading Time(s): 0.9972
Forward Time(s): 0.6148
Backward Time(s): 0.2211
Update Time(s): 0.0089
Emb Update Time(s): 3.3462
#seeds: 6144
#inputs: 1914172
==========================================
Part 18, Epoch Time(s): 5.4999
Sampling Time(s): 0.3548
Loading Time(s): 1.0534
Forward Time(s): 0.5185
Backward Time(s): 0.2123
Update Time(s): 0.0088
Emb Update Time(s): 3.3459
#seeds: 6145
#inputs: 1933364
==========================================
Part 16, Epoch Time(s): 5.5114
Sampling Time(s): 0.2862
Loading Time(s): 1.0705
Forward Time(s): 0.5729
Backward Time(s): 0.2221
Update Time(s): 0.0063
Emb Update Time(s): 3.3479
#seeds: 6144
#inputs: 1947872
==========================================
Part 20, Epoch Time(s): 5.5107
Sampling Time(s): 0.2827
Loading Time(s): 1.0031
Forward Time(s): 0.6467
Backward Time(s): 0.2168
Update Time(s): 0.0082
Emb Update Time(s): 3.3473
#seeds: 6144
#inputs: 1946008
=====================

=====================
Part 21, Epoch Time(s): 5.5142
Sampling Time(s): 0.2929
Loading Time(s): 1.0457
Forward Time(s): 0.5939
Backward Time(s): 0.2209
Update Time(s): 0.0066
Emb Update Time(s): 3.3487
#seeds: 6144
#inputs: 1925882
=====================
=====================
Part 17, Epoch Time(s): 5.5130
Sampling Time(s): 0.2906
Loading Time(s): 1.0928
Forward Time(s): 0.5481
Backward Time(s): 0.2217
Update Time(s): 0.0057
Emb Update Time(s): 3.3486
#seeds: 6144
#inputs: 1927329
==========================================
Part 22, Epoch Time(s): 5.5088
Sampling Time(s): 0.2803
Loading Time(s): 1.0891
Forward Time(s): 0.5578
Backward Time(s): 0.2207
Update Time(s): 0.0065
Emb Update Time(s): 3.3490
#seeds: 6145
#inputs: 1931537
=====================




=====================
Part 24, Epoch Time(s): 5.5107
Sampling Time(s): 0.2793
Loading Time(s): 1.0928
Forward Time(s): 0.5577
Backward Time(s): 0.2200
Update Time(s): 0.0052
Emb Update Time(s): 3.3502
#seeds: 6144
#inputs: 1960605
==========================================
Part 27, Epoch Time(s): 5.5160
Sampling Time(s): 0.3336
Loading Time(s): 1.1886
Forward Time(s): 0.4160
Backward Time(s): 0.2152
Update Time(s): 0.0059
Emb Update Time(s): 3.3509
#seeds: 6144
#inputs: 1981758
=====================
=====================
Part 26, Epoch Time(s): 5.5083
Sampling Time(s): 0.2685
Loading Time(s): 1.1550
Forward Time(s): 0.5031
Backward Time(s): 0.2200
Update Time(s): 0.0052
Emb Update Time(s): 3.3506
#seeds: 6145
#inputs: 1979458
==========================================
Part 29, Epoch Time(s): 5.5054
Sampling Time(s): 0.2754
Loading Time(s): 1.3209
Forward Time(s): 0.3473
Backward Time(s): 0.2054
Update Time(s): 0.0049
Emb Update Time(s): 3.3457
#seeds: 6144
#inputs: 1957972
=====================
=====================
Part 31, Epoch Time(s): 5.5098
Sampling Time(s): 0.2821
Loading Time(s): 1.1651
Forward Time(s): 0.4924
Backward Time(s): 0.2078
Update Time(s): 0.0059
Emb Update Time(s): 3.3508
#seeds: 6144
#inputs: 1977293
=====================

=====================
Part 28, Epoch Time(s): 5.5129
Sampling Time(s): 0.2688
Loading Time(s): 1.2527
Forward Time(s): 0.4132
Backward Time(s): 0.2163
Update Time(s): 0.0056
Emb Update Time(s): 3.3507
#seeds: 6144
#inputs: 1955879
==========================================
Part 30, Epoch Time(s): 5.5091
Sampling Time(s): 0.2998
Loading Time(s): 1.3214
Forward Time(s): 0.3276
Backward Time(s): 0.2013
Update Time(s): 0.0060
Emb Update Time(s): 3.3467
#seeds: 6144
#inputs: 1965152
=====================


=====================
Part 25, Epoch Time(s): 5.5288
Sampling Time(s): 0.2970
Loading Time(s): 1.2549
Forward Time(s): 0.3969
Backward Time(s): 0.2181
Update Time(s): 0.0065
Emb Update Time(s): 3.3495
#seeds: 6144
#inputs: 1985625
=====================
=====================
Part 14, Epoch Time(s): 5.5072
Sampling Time(s): 0.2856
Loading Time(s): 1.3397
Forward Time(s): 0.3377
Backward Time(s): 0.1867
Update Time(s): 0.0054
Emb Update Time(s): 3.3465
#seeds: 6144
#inputs: 2046366
==========================================
Part 13, Epoch Time(s): 5.5181
Sampling Time(s): 0.3259
Loading Time(s): 1.3437
Forward Time(s): 0.3126
Backward Time(s): 0.1865
Update Time(s): 0.0050
Emb Update Time(s): 3.3389
#seeds: 6144
#inputs: 2050054
==========================================
Part 8, Epoch Time(s): 5.5203
Sampling Time(s): 0.2982
Loading Time(s): 1.3099
Forward Time(s): 0.3623
Backward Time(s): 0.1991
Update Time(s): 0.0068
Emb Update Time(s): 3.3385
#seeds: 6145
#inputs: 2036033
==========================================
Part 10, Epoch Time(s): 5.4913
Sampling Time(s): 0.3171
Loading Time(s): 1.3149
Forward Time(s): 0.3061
Backward Time(s): 0.1955
Update Time(s): 0.0051
Emb Update Time(s): 3.3470
#seeds: 6144
#inputs: 2032670
==========================================
Part 11, Epoch Time(s): 5.4908
Sampling Time(s): 0.3332
Loading Time(s): 1.3620
Forward Time(s): 0.2665
Backward Time(s): 0.1731
Update Time(s): 0.0060
Emb Update Time(s): 3.3443
#seeds: 6144
#inputs: 2037129
=====================




=====================
Part 12, Epoch Time(s): 5.5040
Sampling Time(s): 0.2667
Loading Time(s): 1.1510
Forward Time(s): 0.5039
Backward Time(s): 0.2198
Update Time(s): 0.0058
Emb Update Time(s): 3.3510
#seeds: 6144
#inputs: 2023659
=====================
=====================
Part 9, Epoch Time(s): 5.5245
Sampling Time(s): 0.3044
Loading Time(s): 1.2838
Forward Time(s): 0.3846
Backward Time(s): 0.1942
Update Time(s): 0.0065
Emb Update Time(s): 3.3452
#seeds: 6144
#inputs: 2046526
==========================================
Part 15, Epoch Time(s): 5.4925
Sampling Time(s): 0.3162
Loading Time(s): 1.2591
Forward Time(s): 0.3403
Backward Time(s): 0.2139
Update Time(s): 0.0059
Emb Update Time(s): 3.3512
#seeds: 6145
#inputs: 2036809
=====================

|V|=2449029, eval batch size: 100000|V|=2449029, eval batch size: 100000

|V|=2449029, eval batch size: 100000
|V|=2449029, eval batch size: 100000
|V|=2449029, eval batch size: 100000
|V|=2449029, eval batch size: 100000
|V|=2449029, eval batch size: 100000
|V|=2449029, eval batch size: 100000
|V|=2449029, eval batch size: 100000
|V|=2449029, eval batch size: 100000
|V|=2449029, eval batch size: 100000
|V|=2449029, eval batch size: 100000
|V|=2449029, eval batch size: 100000
|V|=2449029, eval batch size: 100000
|V|=2449029, eval batch size: 100000
|V|=2449029, eval batch size: 100000
|V|=2449029, eval batch size: 100000
|V|=2449029, eval batch size: 100000
|V|=2449029, eval batch size: 100000
|V|=2449029, eval batch size: 100000
|V|=2449029, eval batch size: 100000
|V|=2449029, eval batch size: 100000
|V|=2449029, eval batch size: 100000
|V|=2449029, eval batch size: 100000
|V|=2449029, eval batch size: 100000
|V|=2449029, eval batch size: 100000
|V|=2449029, eval batch size: 100000
|V|=2449029, eval batch size: 100000
|V|=2449029, eval batch size: 100000
|V|=2449029, eval batch size: 100000
|V|=2449029, eval batch size: 100000
|V|=2449029, eval batch size: 100000
|V|=2449029, eval batch size: 100000
|V|=2449029, eval batch size: 100000
|V|=2449029, eval batch size: 100000
|V|=2449029, eval batch size: 100000
|V|=2449029, eval batch size: 100000
|V|=2449029, eval batch size: 100000
|V|=2449029, eval batch size: 100000
|V|=2449029, eval batch size: 100000
|V|=2449029, eval batch size: 100000|V|=2449029, eval batch size: 100000
|V|=2449029, eval batch size: 100000

|V|=2449029, eval batch size: 100000|V|=2449029, eval batch size: 100000

|V|=2449029, eval batch size: 100000
|V|=2449029, eval batch size: 100000
|V|=2449029, eval batch size: 100000
|V|=2449029, eval batch size: 100000
|V|=2449029, eval batch size: 100000
|V|=2449029, eval batch size: 100000
|V|=2449029, eval batch size: 100000|V|=2449029, eval batch size: 100000
|V|=2449029, eval batch size: 100000
|V|=2449029, eval batch size: 100000

|V|=2449029, eval batch size: 100000
|V|=2449029, eval batch size: 100000
|V|=2449029, eval batch size: 100000
|V|=2449029, eval batch size: 100000
|V|=2449029, eval batch size: 100000
|V|=2449029, eval batch size: 100000
|V|=2449029, eval batch size: 100000
|V|=2449029, eval batch size: 100000
|V|=2449029, eval batch size: 100000
|V|=2449029, eval batch size: 100000|V|=2449029, eval batch size: 100000

|V|=2449029, eval batch size: 100000
|V|=2449029, eval batch size: 100000
|V|=2449029, eval batch size: 100000
|V|=2449029, eval batch size: 100000
|V|=2449029, eval batch size: 100000
|V|=2449029, eval batch size: 100000
|V|=2449029, eval batch size: 100000
|V|=2449029, eval batch size: 100000
|V|=2449029, eval batch size: 100000
|V|=2449029, eval batch size: 100000
|V|=2449029, eval batch size: 100000
|V|=2449029, eval batch size: 100000|V|=2449029, eval batch size: 100000

|V|=2449029, eval batch size: 100000
|V|=2449029, eval batch size: 100000|V|=2449029, eval batch size: 100000

|V|=2449029, eval batch size: 100000
|V|=2449029, eval batch size: 100000
|V|=2449029, eval batch size: 100000|V|=2449029, eval batch size: 100000|V|=2449029, eval batch size: 100000


|V|=2449029, eval batch size: 100000
|V|=2449029, eval batch size: 100000
|V|=2449029, eval batch size: 100000
|V|=2449029, eval batch size: 100000
|V|=2449029, eval batch size: 100000
|V|=2449029, eval batch size: 100000
|V|=2449029, eval batch size: 100000
|V|=2449029, eval batch size: 100000
|V|=2449029, eval batch size: 100000
Part 6, Val Acc 0.9260, Test Acc 0.8136, time: 6.9995
Part 4, Val Acc 0.9317, Test Acc 0.8148, time: 7.0036
Part 0, Val Acc 0.9406, Test Acc 0.8166, time: 7.0064
Part 25, Val Acc 0.9072, Test Acc 0.7598, time: 7.0106
Part 7, Val Acc 0.9284, Test Acc 0.8138, time: 7.0110
Part 22, Val Acc 0.8747, Test Acc 0.7585, time: 7.0112
Part 1, Val Acc 0.9308, Test Acc 0.8136, time: 7.0145
Part 5, Val Acc 0.9219, Test Acc 0.8138, time: 7.0160
Part 3, Val Acc 0.9406, Test Acc 0.8165, time: 7.0163
Part 2, Val Acc 0.9186, Test Acc 0.8135, time: 7.0164
Part 29, Val Acc 0.9154, Test Acc 0.7584, time: 7.0163
Part 12, Val Acc 0.8803, Test Acc 0.7228, time: 7.0177
Part 10, Val Acc 0.8820, Test Acc 0.7211, time: 7.0178
Part 27, Val Acc 0.9186, Test Acc 0.7606, time: 7.0192
Part 15, Val Acc 0.8600, Test Acc 0.7244, time: 7.0194
Part 28, Val Acc 0.9259, Test Acc 0.7594, time: 7.0199
Part 26, Val Acc 0.9211, Test Acc 0.7599, time: 7.0221
Part 11, Val Acc 0.8747, Test Acc 0.7226, time: 7.0220
Part 30, Val Acc 0.9015, Test Acc 0.7596, time: 7.0238
Part 31, Val Acc 0.9113, Test Acc 0.7602, time: 7.0243
Part 19, Val Acc 0.8853, Test Acc 0.7610, time: 7.0260
Part 18, Val Acc 0.8788, Test Acc 0.7597, time: 7.0266
Part 13, Val Acc 0.8714, Test Acc 0.7241, time: 7.0267
Part 20, Val Acc 0.8926, Test Acc 0.7591, time: 7.0275
Part 17, Val Acc 0.8731, Test Acc 0.7607, time: 7.0279
Part 9, Val Acc 0.8779, Test Acc 0.7231, time: 7.0280
Part 23, Val Acc 0.8836, Test Acc 0.7594, time: 7.0283
Part 16, Val Acc 0.8918, Test Acc 0.7597, time: 7.0283
Part 14, Val Acc 0.8779, Test Acc 0.7222, time: 7.0285
Part 21, Val Acc 0.8820, Test Acc 0.7591, time: 7.0299
Part 8, Val Acc 0.9056, Test Acc 0.7240, time: 7.0311
Part 24, Val Acc 0.8942, Test Acc 0.7609, time: 7.0361
All parts avg val acc 0.9008, test acc 0.7643
Part 2 | Epoch 00010 | Step 00000 | Loss 0.1790 | Train Acc 0.9520 | Speed (samples/sec) 1114.5733 | GPU 1942.8 MB | time 0.790 sPart 5 | Epoch 00010 | Step 00000 | Loss 0.2516 | Train Acc 0.9370 | Speed (samples/sec) 1113.4441 | GPU 1927.3 MB | time 0.791 sPart 3 | Epoch 00010 | Step 00000 | Loss 0.2367 | Train Acc 0.9340 | Speed (samples/sec) 1114.5686 | GPU 1927.5 MB | time 0.791 s


Part 0 | Epoch 00010 | Step 00000 | Loss 0.2698 | Train Acc 0.9280 | Speed (samples/sec) 1121.2461 | GPU 1932.8 MB | time 0.770 s
Part 6 | Epoch 00010 | Step 00000 | Loss 0.2969 | Train Acc 0.9300 | Speed (samples/sec) 1113.2737 | GPU 1930.8 MB | time 0.807 s
Part 4 | Epoch 00010 | Step 00000 | Loss 0.3342 | Train Acc 0.9110 | Speed (samples/sec) 1113.8160 | GPU 1925.6 MB | time 0.803 s
Part 8 | Epoch 00010 | Step 00000 | Loss 0.4816 | Train Acc 0.8750 | Speed (samples/sec) 1117.4139 | GPU 2224.0 MB | time 0.776 sPart 13 | Epoch 00010 | Step 00000 | Loss 0.4902 | Train Acc 0.8700 | Speed (samples/sec) 1116.8192 | GPU 2215.1 MB | time 0.780 sPart 10 | Epoch 00010 | Step 00000 | Loss 0.4559 | Train Acc 0.8790 | Speed (samples/sec) 1117.9803 | GPU 2225.2 MB | time 0.789 s


Part 23 | Epoch 00010 | Step 00000 | Loss 0.4326 | Train Acc 0.8950 | Speed (samples/sec) 1116.3821 | GPU 1966.5 MB | time 0.778 s
Part 19 | Epoch 00010 | Step 00000 | Loss 0.4712 | Train Acc 0.8820 | Speed (samples/sec) 1116.6148 | GPU 1960.1 MB | time 0.781 s
Part 24 | Epoch 00010 | Step 00000 | Loss 0.3284 | Train Acc 0.9270 | Speed (samples/sec) 1117.1396 | GPU 2068.8 MB | time 0.771 s
Part 26 | Epoch 00010 | Step 00000 | Loss 0.2983 | Train Acc 0.9330 | Speed (samples/sec) 1117.2864 | GPU 2067.8 MB | time 0.785 s
Part 28 | Epoch 00010 | Step 00000 | Loss 0.3186 | Train Acc 0.9150 | Speed (samples/sec) 1116.5065 | GPU 2055.7 MB | time 0.787 s
Part 25 | Epoch 00010 | Step 00000 | Loss 0.2951 | Train Acc 0.9230 | Speed (samples/sec) 1115.8037 | GPU 2059.5 MB | time 0.796 s
Part 29 | Epoch 00010 | Step 00000 | Loss 0.2768 | Train Acc 0.9250 | Speed (samples/sec) 1117.3650 | GPU 2078.2 MB | time 0.791 s
Part 15 | Epoch 00010 | Step 00000 | Loss 0.4363 | Train Acc 0.8890 | Speed (samples/sec) 1117.7959 | GPU 2235.6 MB | time 0.788 s
Part 12 | Epoch 00010 | Step 00000 | Loss 0.3776 | Train Acc 0.9050 | Speed (samples/sec) 1117.3085 | GPU 2212.0 MB | time 0.789 sPart 14 | Epoch 00010 | Step 00000 | Loss 0.4656 | Train Acc 0.8790 | Speed (samples/sec) 1117.7582 | GPU 2224.7 MB | time 0.778 s

Part 1 | Epoch 00010 | Step 00000 | Loss 0.2126 | Train Acc 0.9410 | Speed (samples/sec) 1114.8601 | GPU 1925.1 MB | time 0.792 s
Part 11 | Epoch 00010 | Step 00000 | Loss 0.4981 | Train Acc 0.8730 | Speed (samples/sec) 1118.2519 | GPU 2221.1 MB | time 0.785 s
Part 31 | Epoch 00010 | Step 00000 | Loss 0.3515 | Train Acc 0.9130 | Speed (samples/sec) 1117.4476 | GPU 2066.4 MB | time 0.781 s
Part 7 | Epoch 00010 | Step 00000 | Loss 0.2579 | Train Acc 0.9380 | Speed (samples/sec) 1112.7863 | GPU 1924.4 MB | time 0.795 s
Part 9 | Epoch 00010 | Step 00000 | Loss 0.4735 | Train Acc 0.8840 | Speed (samples/sec) 1116.8562 | GPU 2221.4 MB | time 0.779 s
Part 22 | Epoch 00010 | Step 00000 | Loss 0.3970 | Train Acc 0.8880 | Speed (samples/sec) 1116.1147 | GPU 1974.0 MB | time 0.796 s
Part 20 | Epoch 00010 | Step 00000 | Loss 0.4114 | Train Acc 0.8950 | Speed (samples/sec) 1116.1003 | GPU 1972.6 MB | time 0.780 sPart 21 | Epoch 00010 | Step 00000 | Loss 0.4474 | Train Acc 0.8850 | Speed (samples/sec) 1116.5485 | GPU 1967.3 MB | time 0.777 s

Part 16 | Epoch 00010 | Step 00000 | Loss 0.4645 | Train Acc 0.8790 | Speed (samples/sec) 1116.0274 | GPU 1976.9 MB | time 0.779 s
Part 18 | Epoch 00010 | Step 00000 | Loss 0.4181 | Train Acc 0.8970 | Speed (samples/sec) 1116.8015 | GPU 1967.8 MB | time 0.780 s
Part 17 | Epoch 00010 | Step 00000 | Loss 0.4457 | Train Acc 0.8780 | Speed (samples/sec) 1115.9949 | GPU 1978.0 MB | time 0.779 s
Part 30 | Epoch 00010 | Step 00000 | Loss 0.3315 | Train Acc 0.9210 | Speed (samples/sec) 1116.2746 | GPU 2075.0 MB | time 0.783 s
Part 27 | Epoch 00010 | Step 00000 | Loss 0.3478 | Train Acc 0.9090 | Speed (samples/sec) 1117.3617 | GPU 2059.4 MB | time 0.788 s
Avg train acc 0.9059
=====================
Part 6, Epoch Time(s): 5.7465
Sampling Time(s): 0.2993
Loading Time(s): 0.9747
Forward Time(s): 0.5022
Backward Time(s): 0.2363
Update Time(s): 0.0069
Emb Update Time(s): 3.7220
#seeds: 6144
#inputs: 1923278
==========================================
Part 1, Epoch Time(s): 5.7315
Sampling Time(s): 0.3421
Loading Time(s): 1.0923
Forward Time(s): 0.3259
Backward Time(s): 0.2375
Update Time(s): 0.0078
Emb Update Time(s): 3.7202
#seeds: 6144
#inputs: 1937541
==========================================
Part 4, Epoch Time(s): 5.7422
Sampling Time(s): 0.2861
Loading Time(s): 1.0938
Forward Time(s): 0.3919
Backward Time(s): 0.2367
Update Time(s): 0.0077
Emb Update Time(s): 3.7207
#seeds: 6145
#inputs: 1918683
=====================
=====================
Part 3, Epoch Time(s): 5.7298
Sampling Time(s): 0.2789
Loading Time(s): 1.1218
Forward Time(s): 0.3587
Backward Time(s): 0.2369
Update Time(s): 0.0068
Emb Update Time(s): 3.7216
#seeds: 6144
#inputs: 1924517
==========================================
Part 0, Epoch Time(s): 5.7095
Sampling Time(s): 0.3101
Loading Time(s): 1.0313
Forward Time(s): 0.3962
Backward Time(s): 0.2376
Update Time(s): 0.0059
Emb Update Time(s): 3.7221
#seeds: 6145
#inputs: 1931991
=====================
=====================
Part 2, Epoch Time(s): 5.7297
Sampling Time(s): 0.3186
Loading Time(s): 1.0428
Forward Time(s): 0.3978
Backward Time(s): 0.2374
Update Time(s): 0.0084
Emb Update Time(s): 3.7196
#seeds: 6144
#inputs: 1915827
=====================



=====================
Part 5, Epoch Time(s): 5.7302
Sampling Time(s): 0.2861
Loading Time(s): 1.0890
Forward Time(s): 0.3865
Backward Time(s): 0.2347
Update Time(s): 0.0059
Emb Update Time(s): 3.7230
#seeds: 6144
#inputs: 1927333
=====================
=====================
Part 7, Epoch Time(s): 5.7345
Sampling Time(s): 0.3109
Loading Time(s): 1.1457
Forward Time(s): 0.3181
Backward Time(s): 0.2220
Update Time(s): 0.0075
Emb Update Time(s): 3.7234
#seeds: 6144
#inputs: 1940442
=====================
=====================
Part 23, Epoch Time(s): 5.7175
Sampling Time(s): 0.3392
Loading Time(s): 1.0565
Forward Time(s): 0.3514
Backward Time(s): 0.2355
Update Time(s): 0.0065
Emb Update Time(s): 3.7232
#seeds: 6144
#inputs: 1915061
==========================================
Part 16, Epoch Time(s): 5.7175
Sampling Time(s): 0.3133
Loading Time(s): 1.0865
Forward Time(s): 0.3470
Backward Time(s): 0.2366
Update Time(s): 0.0070
Emb Update Time(s): 3.7219
#seeds: 6144
#inputs: 1939425
==========================================
Part 22, Epoch Time(s): 5.7347
Sampling Time(s): 0.2713
Loading Time(s): 1.1275
Forward Time(s): 0.3716
Backward Time(s): 0.2297
Update Time(s): 0.0072
Emb Update Time(s): 3.7223
#seeds: 6145
#inputs: 1931966
==========================================
Part 19, Epoch Time(s): 5.7200
Sampling Time(s): 0.3351
Loading Time(s): 1.0532
Forward Time(s): 0.3607
Backward Time(s): 0.2358
Update Time(s): 0.0068
Emb Update Time(s): 3.7229
#seeds: 6144
#inputs: 1931417
==========================================
Part 17, Epoch Time(s): 5.7179
Sampling Time(s): 0.2821
Loading Time(s): 1.0550
Forward Time(s): 0.4098
Backward Time(s): 0.2363
Update Time(s): 0.0073
Emb Update Time(s): 3.7218
#seeds: 6144
#inputs: 1926893
=====================




=====================
Part 18, Epoch Time(s): 5.7194
Sampling Time(s): 0.3105
Loading Time(s): 1.0753
Forward Time(s): 0.3623
Backward Time(s): 0.2358
Update Time(s): 0.0068
Emb Update Time(s): 3.7231
#seeds: 6145
#inputs: 1941106
=====================
=====================
Part 21, Epoch Time(s): 5.7161
Sampling Time(s): 0.3119
Loading Time(s): 0.9795
Forward Time(s): 0.4537
Backward Time(s): 0.2358
Update Time(s): 0.0079
Emb Update Time(s): 3.7221
#seeds: 6144
#inputs: 1927189
=====================
=====================
Part 20, Epoch Time(s): 5.7186
Sampling Time(s): 0.2918
Loading Time(s): 1.0485
Forward Time(s): 0.4099
Backward Time(s): 0.2331
Update Time(s): 0.0067
Emb Update Time(s): 3.7230
#seeds: 6144
#inputs: 1936063
=====================
=====================
Part 8, Epoch Time(s): 5.7150
Sampling Time(s): 0.2886
Loading Time(s): 1.3316
Forward Time(s): 0.1834
Backward Time(s): 0.1838
Update Time(s): 0.0074
Emb Update Time(s): 3.7153
#seeds: 6145
#inputs: 2033054
==========================================
Part 10, Epoch Time(s): 5.7282
Sampling Time(s): 0.2714
Loading Time(s): 1.3402
Forward Time(s): 0.1695
Backward Time(s): 0.2122
Update Time(s): 0.0077
Emb Update Time(s): 3.7222
#seeds: 6144
#inputs: 2036968
==========================================
Part 13, Epoch Time(s): 5.7191
Sampling Time(s): 0.3197
Loading Time(s): 1.3070
Forward Time(s): 0.1598
Backward Time(s): 0.2068
Update Time(s): 0.0073
Emb Update Time(s): 3.7136
#seeds: 6144
#inputs: 2048017
==========================================
Part 11, Epoch Time(s): 5.7239
Sampling Time(s): 0.3110
Loading Time(s): 1.3639
Forward Time(s): 0.1467
Backward Time(s): 0.1710
Update Time(s): 0.0082
Emb Update Time(s): 3.7177
#seeds: 6144
#inputs: 2032876
==========================================
Part 12, Epoch Time(s): 5.7281
Sampling Time(s): 0.3189
Loading Time(s): 1.2153
Forward Time(s): 0.2382
Backward Time(s): 0.2185
Update Time(s): 0.0078
Emb Update Time(s): 3.7242
#seeds: 6144
#inputs: 2030668
=====================

=====================
Part 15, Epoch Time(s): 5.7268
Sampling Time(s): 0.3061
Loading Time(s): 1.2552
Forward Time(s): 0.2280
Backward Time(s): 0.2043
Update Time(s): 0.0078
Emb Update Time(s): 3.7201
#seeds: 6145
#inputs: 2036639
=====================


=====================
Part 9, Epoch Time(s): 5.7181
Sampling Time(s): 0.3158
Loading Time(s): 1.2623
Forward Time(s): 0.2057
Backward Time(s): 0.2018
Update Time(s): 0.0079
Emb Update Time(s): 3.7191
#seeds: 6144
#inputs: 2043919
=====================

=====================
Part 14, Epoch Time(s): 5.7175
Sampling Time(s): 0.3231
Loading Time(s): 1.2317
Forward Time(s): 0.2077
Backward Time(s): 0.2173
Update Time(s): 0.0081
Emb Update Time(s): 3.7242
#seeds: 6144
#inputs: 2048017
=====================
=====================
Part 24, Epoch Time(s): 5.7100
Sampling Time(s): 0.2884
Loading Time(s): 1.1685
Forward Time(s): 0.2830
Backward Time(s): 0.2357
Update Time(s): 0.0065
Emb Update Time(s): 3.7228
#seeds: 6144
#inputs: 1969883
=====================
=====================
Part 29, Epoch Time(s): 5.7298
Sampling Time(s): 0.2841
Loading Time(s): 1.1798
Forward Time(s): 0.3153
Backward Time(s): 0.2204
Update Time(s): 0.0064
Emb Update Time(s): 3.7186
#seeds: 6144
#inputs: 1966836
=====================
=====================
Part 26, Epoch Time(s): 5.7240
Sampling Time(s): 0.2777
Loading Time(s): 1.0794
Forward Time(s): 0.3993
Backward Time(s): 0.2327
Update Time(s): 0.0066
Emb Update Time(s): 3.7230
#seeds: 6145
#inputs: 1975990
=====================
=====================
Part 28, Epoch Time(s): 5.7263
Sampling Time(s): 0.2771
Loading Time(s): 1.2474
Forward Time(s): 0.2382
Backward Time(s): 0.2281
Update Time(s): 0.0066
Emb Update Time(s): 3.7233
#seeds: 6144
#inputs: 1957871
==========================================
Part 27, Epoch Time(s): 5.7268
Sampling Time(s): 0.3227
Loading Time(s): 1.1948
Forward Time(s): 0.2476
Backward Time(s): 0.2263
Update Time(s): 0.0072
Emb Update Time(s): 3.7224
#seeds: 6144
#inputs: 1981357
==========================================
Part 25, Epoch Time(s): 5.7362
Sampling Time(s): 0.3033
Loading Time(s): 1.2221
Forward Time(s): 0.2402
Backward Time(s): 0.2351
Update Time(s): 0.0067
Emb Update Time(s): 3.7227
#seeds: 6144
#inputs: 1984827
=====================
=====================
Part 31, Epoch Time(s): 5.7200
Sampling Time(s): 0.3129
Loading Time(s): 1.1971
Forward Time(s): 0.2420
Backward Time(s): 0.2321
Update Time(s): 0.0076
Emb Update Time(s): 3.7225
#seeds: 6144
#inputs: 1971728
==========================================
Part 30, Epoch Time(s): 5.7221
Sampling Time(s): 0.2765
Loading Time(s): 1.1925
Forward Time(s): 0.3015
Backward Time(s): 0.2158
Update Time(s): 0.0083
Emb Update Time(s): 3.7218
#seeds: 6144
#inputs: 1962224
=====================



|V|=2449029, eval batch size: 100000
|V|=2449029, eval batch size: 100000
|V|=2449029, eval batch size: 100000
|V|=2449029, eval batch size: 100000
|V|=2449029, eval batch size: 100000
|V|=2449029, eval batch size: 100000
|V|=2449029, eval batch size: 100000
|V|=2449029, eval batch size: 100000
|V|=2449029, eval batch size: 100000
|V|=2449029, eval batch size: 100000
|V|=2449029, eval batch size: 100000
|V|=2449029, eval batch size: 100000
|V|=2449029, eval batch size: 100000
|V|=2449029, eval batch size: 100000
|V|=2449029, eval batch size: 100000
|V|=2449029, eval batch size: 100000
|V|=2449029, eval batch size: 100000
|V|=2449029, eval batch size: 100000
|V|=2449029, eval batch size: 100000
|V|=2449029, eval batch size: 100000
|V|=2449029, eval batch size: 100000
|V|=2449029, eval batch size: 100000
|V|=2449029, eval batch size: 100000
|V|=2449029, eval batch size: 100000
|V|=2449029, eval batch size: 100000
|V|=2449029, eval batch size: 100000
|V|=2449029, eval batch size: 100000
|V|=2449029, eval batch size: 100000
|V|=2449029, eval batch size: 100000
|V|=2449029, eval batch size: 100000
|V|=2449029, eval batch size: 100000
|V|=2449029, eval batch size: 100000
|V|=2449029, eval batch size: 100000
|V|=2449029, eval batch size: 100000
|V|=2449029, eval batch size: 100000
|V|=2449029, eval batch size: 100000
|V|=2449029, eval batch size: 100000|V|=2449029, eval batch size: 100000

|V|=2449029, eval batch size: 100000|V|=2449029, eval batch size: 100000

|V|=2449029, eval batch size: 100000|V|=2449029, eval batch size: 100000

|V|=2449029, eval batch size: 100000
|V|=2449029, eval batch size: 100000
|V|=2449029, eval batch size: 100000
|V|=2449029, eval batch size: 100000
|V|=2449029, eval batch size: 100000|V|=2449029, eval batch size: 100000|V|=2449029, eval batch size: 100000|V|=2449029, eval batch size: 100000



|V|=2449029, eval batch size: 100000
|V|=2449029, eval batch size: 100000
|V|=2449029, eval batch size: 100000
|V|=2449029, eval batch size: 100000
|V|=2449029, eval batch size: 100000
|V|=2449029, eval batch size: 100000
|V|=2449029, eval batch size: 100000
|V|=2449029, eval batch size: 100000
|V|=2449029, eval batch size: 100000
|V|=2449029, eval batch size: 100000
|V|=2449029, eval batch size: 100000
|V|=2449029, eval batch size: 100000
|V|=2449029, eval batch size: 100000|V|=2449029, eval batch size: 100000

|V|=2449029, eval batch size: 100000
|V|=2449029, eval batch size: 100000
|V|=2449029, eval batch size: 100000
|V|=2449029, eval batch size: 100000
|V|=2449029, eval batch size: 100000
|V|=2449029, eval batch size: 100000|V|=2449029, eval batch size: 100000

|V|=2449029, eval batch size: 100000
|V|=2449029, eval batch size: 100000
|V|=2449029, eval batch size: 100000
|V|=2449029, eval batch size: 100000
|V|=2449029, eval batch size: 100000
|V|=2449029, eval batch size: 100000
|V|=2449029, eval batch size: 100000
|V|=2449029, eval batch size: 100000
|V|=2449029, eval batch size: 100000|V|=2449029, eval batch size: 100000

|V|=2449029, eval batch size: 100000
|V|=2449029, eval batch size: 100000
|V|=2449029, eval batch size: 100000
|V|=2449029, eval batch size: 100000
|V|=2449029, eval batch size: 100000
|V|=2449029, eval batch size: 100000
|V|=2449029, eval batch size: 100000
|V|=2449029, eval batch size: 100000
|V|=2449029, eval batch size: 100000
|V|=2449029, eval batch size: 100000|V|=2449029, eval batch size: 100000|V|=2449029, eval batch size: 100000


|V|=2449029, eval batch size: 100000
|V|=2449029, eval batch size: 100000
|V|=2449029, eval batch size: 100000
Part 0, Val Acc 0.9422, Test Acc 0.8228, time: 7.2051
Part 4, Val Acc 0.9325, Test Acc 0.8211, time: 7.2060
Part 6, Val Acc 0.9260, Test Acc 0.8195, time: 7.2060
Part 7, Val Acc 0.9268, Test Acc 0.8207, time: 7.2095
Part 12, Val Acc 0.8770, Test Acc 0.7265, time: 7.2103
Part 1, Val Acc 0.9276, Test Acc 0.8205, time: 7.2164
Part 5, Val Acc 0.9300, Test Acc 0.8194, time: 7.2170
Part 3, Val Acc 0.9397, Test Acc 0.8229, time: 7.2193
Part 2, Val Acc 0.9211, Test Acc 0.8218, time: 7.2194
Part 23, Val Acc 0.8795, Test Acc 0.7674, time: 7.2196
Part 22, Val Acc 0.8739, Test Acc 0.7656, time: 7.2199
Part 20, Val Acc 0.8902, Test Acc 0.7668, time: 7.2211
Part 24, Val Acc 0.8950, Test Acc 0.7738, time: 7.2212
Part 19, Val Acc 0.8861, Test Acc 0.7680, time: 7.2216
Part 16, Val Acc 0.8902, Test Acc 0.7674, time: 7.2226
Part 26, Val Acc 0.9203, Test Acc 0.7735, time: 7.2226
Part 13, Val Acc 0.8723, Test Acc 0.7273, time: 7.2227
Part 11, Val Acc 0.8779, Test Acc 0.7261, time: 7.2251
Part 10, Val Acc 0.8861, Test Acc 0.7249, time: 7.2254
Part 9, Val Acc 0.8796, Test Acc 0.7275, time: 7.2288
Part 8, Val Acc 0.9024, Test Acc 0.7276, time: 7.2310
Part 21, Val Acc 0.8739, Test Acc 0.7661, time: 7.2311
Part 18, Val Acc 0.8763, Test Acc 0.7670, time: 7.2320
Part 25, Val Acc 0.9064, Test Acc 0.7736, time: 7.2319
Part 28, Val Acc 0.9243, Test Acc 0.7726, time: 7.2321
Part 17, Val Acc 0.8788, Test Acc 0.7675, time: 7.2325
Part 14, Val Acc 0.8828, Test Acc 0.7258, time: 7.2325
Part 15, Val Acc 0.8625, Test Acc 0.7281, time: 7.2329
Part 27, Val Acc 0.9170, Test Acc 0.7749, time: 7.2332
Part 31, Val Acc 0.9146, Test Acc 0.7736, time: 7.2353
Part 29, Val Acc 0.9178, Test Acc 0.7714, time: 7.2357
Part 30, Val Acc 0.9032, Test Acc 0.7725, time: 7.2407
All parts avg val acc 0.9011, test acc 0.7720
Part 7 | Epoch 00011 | Step 00000 | Loss 0.2190 | Train Acc 0.9440 | Speed (samples/sec) 1107.9783 | GPU 1924.4 MB | time 0.844 sPart 2 | Epoch 00011 | Step 00000 | Loss 0.2302 | Train Acc 0.9380 | Speed (samples/sec) 1109.7482 | GPU 1942.8 MB | time 0.835 s

Part 10 | Epoch 00011 | Step 00000 | Loss 0.3621 | Train Acc 0.9010 | Speed (samples/sec) 1112.9438 | GPU 2225.2 MB | time 0.829 sPart 11 | Epoch 00011 | Step 00000 | Loss 0.4504 | Train Acc 0.8730 | Speed (samples/sec) 1113.1932 | GPU 2221.1 MB | time 0.829 s

Part 14 | Epoch 00011 | Step 00000 | Loss 0.4024 | Train Acc 0.8900 | Speed (samples/sec) 1112.8902 | GPU 2224.7 MB | time 0.822 s
Part 15 | Epoch 00011 | Step 00000 | Loss 0.4830 | Train Acc 0.8690 | Speed (samples/sec) 1112.9571 | GPU 2235.6 MB | time 0.821 s
Part 19 | Epoch 00011 | Step 00000 | Loss 0.4600 | Train Acc 0.8850 | Speed (samples/sec) 1111.6394 | GPU 1960.1 MB | time 0.833 s
Part 18 | Epoch 00011 | Step 00000 | Loss 0.4620 | Train Acc 0.8820 | Speed (samples/sec) 1112.0366 | GPU 1967.8 MB | time 0.822 s
Part 21 | Epoch 00011 | Step 00000 | Loss 0.5273 | Train Acc 0.8530 | Speed (samples/sec) 1111.7732 | GPU 1967.3 MB | time 0.823 s
Part 16 | Epoch 00011 | Step 00000 | Loss 0.4391 | Train Acc 0.8850 | Speed (samples/sec) 1111.1302 | GPU 1976.9 MB | time 0.832 s
Part 23 | Epoch 00011 | Step 00000 | Loss 0.4095 | Train Acc 0.8930 | Speed (samples/sec) 1111.3915 | GPU 1966.5 MB | time 0.834 s
Part 22 | Epoch 00011 | Step 00000 | Loss 0.5205 | Train Acc 0.8760 | Speed (samples/sec) 1111.1734 | GPU 1974.0 MB | time 0.834 s
Part 12 | Epoch 00011 | Step 00000 | Loss 0.4565 | Train Acc 0.8790 | Speed (samples/sec) 1112.0532 | GPU 2212.0 MB | time 0.844 s
Part 17 | Epoch 00011 | Step 00000 | Loss 0.4643 | Train Acc 0.8800 | Speed (samples/sec) 1111.2935 | GPU 1978.0 MB | time 0.822 s
Part 4 | Epoch 00011 | Step 00000 | Loss 0.2815 | Train Acc 0.9320 | Speed (samples/sec) 1108.8226 | GPU 1925.6 MB | time 0.848 s
Part 5 | Epoch 00011 | Step 00000 | Loss 0.2773 | Train Acc 0.9270 | Speed (samples/sec) 1108.6746 | GPU 1927.3 MB | time 0.837 s
Part 8 | Epoch 00011 | Step 00000 | Loss 0.4000 | Train Acc 0.8880 | Speed (samples/sec) 1112.5657 | GPU 2224.0 MB | time 0.823 s
Part 20 | Epoch 00011 | Step 00000 | Loss 0.4405 | Train Acc 0.8910 | Speed (samples/sec) 1111.1648 | GPU 1972.6 MB | time 0.833 s
Part 13 | Epoch 00011 | Step 00000 | Loss 0.3728 | Train Acc 0.8990 | Speed (samples/sec) 1111.8403 | GPU 2215.2 MB | time 0.832 s
Part 3 | Epoch 00011 | Step 00000 | Loss 0.2300 | Train Acc 0.9430 | Speed (samples/sec) 1109.7396 | GPU 1929.8 MB | time 0.835 s
Part 6 | Epoch 00011 | Step 00000 | Loss 0.2633 | Train Acc 0.9340 | Speed (samples/sec) 1108.3104 | GPU 1930.8 MB | time 0.848 s
Part 30 | Epoch 00011 | Step 00000 | Loss 0.3463 | Train Acc 0.9000 | Speed (samples/sec) 1111.7136 | GPU 2076.1 MB | time 0.814 s
Part 25 | Epoch 00011 | Step 00000 | Loss 0.3553 | Train Acc 0.9050 | Speed (samples/sec) 1111.1099 | GPU 2059.5 MB | time 0.822 s
Part 0 | Epoch 00011 | Step 00000 | Loss 0.2198 | Train Acc 0.9440 | Speed (samples/sec) 1116.2506 | GPU 1932.8 MB | time 0.813 s
Part 9 | Epoch 00011 | Step 00000 | Loss 0.3634 | Train Acc 0.8940 | Speed (samples/sec) 1111.9971 | GPU 2221.4 MB | time 0.826 s
Part 1 | Epoch 00011 | Step 00000 | Loss 0.1923 | Train Acc 0.9450 | Speed (samples/sec) 1109.9496 | GPU 1925.1 MB | time 0.838 s
Part 26 | Epoch 00011 | Step 00000 | Loss 0.3528 | Train Acc 0.9090 | Speed (samples/sec) 1112.2765 | GPU 2067.8 MB | time 0.832 sPart 31 | Epoch 00011 | Step 00000 | Loss 0.3538 | Train Acc 0.9090 | Speed (samples/sec) 1112.6687 | GPU 2066.4 MB | time 0.819 s

Part 27 | Epoch 00011 | Step 00000 | Loss 0.3343 | Train Acc 0.9130 | Speed (samples/sec) 1112.5516 | GPU 2059.4 MB | time 0.821 s
Part 24 | Epoch 00011 | Step 00000 | Loss 0.3680 | Train Acc 0.9080 | Speed (samples/sec) 1112.1048 | GPU 2068.8 MB | time 0.833 s
Part 28 | Epoch 00011 | Step 00000 | Loss 0.3007 | Train Acc 0.9090 | Speed (samples/sec) 1111.7391 | GPU 2055.7 MB | time 0.822 s
Part 29 | Epoch 00011 | Step 00000 | Loss 0.2717 | Train Acc 0.9440 | Speed (samples/sec) 1112.5936 | GPU 2081.6 MB | time 0.818 s
Avg train acc 0.9044
=====================
Part 4, Epoch Time(s): 5.7141
Sampling Time(s): 0.2855
Loading Time(s): 1.0761
Forward Time(s): 0.4679
Backward Time(s): 0.2352
Update Time(s): 0.0059
Emb Update Time(s): 3.6386
#seeds: 6145
#inputs: 1916735
==========================================
Part 0, Epoch Time(s): 5.6791
Sampling Time(s): 0.2785
Loading Time(s): 1.0860
Forward Time(s): 0.4257
Backward Time(s): 0.2358
Update Time(s): 0.0047
Emb Update Time(s): 3.6423
#seeds: 6145
#inputs: 1927884
=====================

=====================
Part 6, Epoch Time(s): 5.7141
Sampling Time(s): 0.2843
Loading Time(s): 1.0735
Forward Time(s): 0.4750
Backward Time(s): 0.2280
Update Time(s): 0.0061
Emb Update Time(s): 3.6419
#seeds: 6144
#inputs: 1930896
=====================
=====================
Part 3, Epoch Time(s): 5.7007
Sampling Time(s): 0.3046
Loading Time(s): 1.1125
Forward Time(s): 0.3956
Backward Time(s): 0.2352
Update Time(s): 0.0052
Emb Update Time(s): 3.6424
#seeds: 6144
#inputs: 1923724
==========================================
Part 5, Epoch Time(s): 5.7030
Sampling Time(s): 0.2668
Loading Time(s): 1.0751
Forward Time(s): 0.4739
Backward Time(s): 0.2348
Update Time(s): 0.0052
Emb Update Time(s): 3.6424
#seeds: 6144
#inputs: 1932713
==========================================
Part 2, Epoch Time(s): 5.7006
Sampling Time(s): 0.2587
Loading Time(s): 1.0542
Forward Time(s): 0.4997
Backward Time(s): 0.2355
Update Time(s): 0.0058
Emb Update Time(s): 3.6414
#seeds: 6144
#inputs: 1923974
=====================


=====================
Part 7, Epoch Time(s): 5.7100
Sampling Time(s): 0.2998
Loading Time(s): 1.1163
Forward Time(s): 0.4074
Backward Time(s): 0.2331
Update Time(s): 0.0064
Emb Update Time(s): 3.6421
#seeds: 6144
#inputs: 1938631
=====================
=====================
Part 1, Epoch Time(s): 5.7039
Sampling Time(s): 0.2842
Loading Time(s): 1.1199
Forward Time(s): 0.4110
Backward Time(s): 0.2356
Update Time(s): 0.0062
Emb Update Time(s): 3.6413
#seeds: 6144
#inputs: 1931288
=====================
=====================
Part 20, Epoch Time(s): 5.6988
Sampling Time(s): 0.3066
Loading Time(s): 1.0751
Forward Time(s): 0.4297
Backward Time(s): 0.2339
Update Time(s): 0.0094
Emb Update Time(s): 3.6391
#seeds: 6144
#inputs: 1937816
==========================================
Part 23, Epoch Time(s): 5.7003
Sampling Time(s): 0.3067
Loading Time(s): 0.9527
Forward Time(s): 0.5539
Backward Time(s): 0.2335
Update Time(s): 0.0075
Emb Update Time(s): 3.6412
#seeds: 6144
#inputs: 1914961
==========================================
Part 19, Epoch Time(s): 5.6984
Sampling Time(s): 0.2831
Loading Time(s): 1.0332
Forward Time(s): 0.4947
Backward Time(s): 0.2340
Update Time(s): 0.0079
Emb Update Time(s): 3.6406
#seeds: 6144
#inputs: 1937254
=====================


=====================
Part 21, Epoch Time(s): 5.6889
Sampling Time(s): 0.3256
Loading Time(s): 0.9891
Forward Time(s): 0.4873
Backward Time(s): 0.2338
Update Time(s): 0.0069
Emb Update Time(s): 3.6416
#seeds: 6144
#inputs: 1924611
==========================================
Part 16, Epoch Time(s): 5.6974
Sampling Time(s): 0.2916
Loading Time(s): 1.0484
Forward Time(s): 0.4696
Backward Time(s): 0.2342
Update Time(s): 0.0066
Emb Update Time(s): 3.6421
#seeds: 6144
#inputs: 1945956
==========================================
Part 22, Epoch Time(s): 5.7002
Sampling Time(s): 0.2777
Loading Time(s): 1.1137
Forward Time(s): 0.4217
Backward Time(s): 0.2334
Update Time(s): 0.0084
Emb Update Time(s): 3.6405
#seeds: 6145
#inputs: 1924611
==========================================
Part 17, Epoch Time(s): 5.6877
Sampling Time(s): 0.2928
Loading Time(s): 1.0343
Forward Time(s): 0.4730
Backward Time(s): 0.2341
Update Time(s): 0.0084
Emb Update Time(s): 3.6404
#seeds: 6144
#inputs: 1926959
=====================

=====================
Part 18, Epoch Time(s): 5.6880
Sampling Time(s): 0.3212
Loading Time(s): 1.0310
Forward Time(s): 0.4477
Backward Time(s): 0.2340
Update Time(s): 0.0102
Emb Update Time(s): 3.6389
#seeds: 6145
#inputs: 1938630
=====================


=====================
Part 15, Epoch Time(s): 5.6869
Sampling Time(s): 0.4418
Loading Time(s): 1.2383
Forward Time(s): 0.1661
Backward Time(s): 0.1955
Update Time(s): 0.0064
Emb Update Time(s): 3.6343
#seeds: 6145
#inputs: 2034383
==========================================
Part 8, Epoch Time(s): 5.6885
Sampling Time(s): 0.2880
Loading Time(s): 1.3152
Forward Time(s): 0.2428
Backward Time(s): 0.1939
Update Time(s): 0.0060
Emb Update Time(s): 3.6380
#seeds: 6145
#inputs: 2036076
==========================================
Part 11, Epoch Time(s): 5.6949
Sampling Time(s): 0.3127
Loading Time(s): 1.3189
Forward Time(s): 0.2020
Backward Time(s): 0.2143
Update Time(s): 0.0061
Emb Update Time(s): 3.6361
#seeds: 6144
#inputs: 2046431
==========================================
Part 10, Epoch Time(s): 5.6946
Sampling Time(s): 0.2703
Loading Time(s): 1.3257
Forward Time(s): 0.2393
Backward Time(s): 0.2125
Update Time(s): 0.0059
Emb Update Time(s): 3.6363
#seeds: 6144
#inputs: 2036344
==========================================
Part 13, Epoch Time(s): 5.6973
Sampling Time(s): 0.2885
Loading Time(s): 1.3102
Forward Time(s): 0.2424
Backward Time(s): 0.2078
Update Time(s): 0.0065
Emb Update Time(s): 3.6370
#seeds: 6144
#inputs: 2050124
=====================
=====================
Part 12, Epoch Time(s): 5.7098
Sampling Time(s): 0.2815
Loading Time(s): 1.1579
Forward Time(s): 0.3835
Backward Time(s): 0.2327
Update Time(s): 0.0061
Emb Update Time(s): 3.6433
#seeds: 6144
#inputs: 2018944
=====================




=====================
Part 9, Epoch Time(s): 5.6919
Sampling Time(s): 0.3080
Loading Time(s): 1.2346
Forward Time(s): 0.2694
Backward Time(s): 0.2244
Update Time(s): 0.0058
Emb Update Time(s): 3.6440
#seeds: 6144
#inputs: 2039606
=====================
=====================
Part 14, Epoch Time(s): 5.6875
Sampling Time(s): 0.2752
Loading Time(s): 1.2717
Forward Time(s): 0.2744
Backward Time(s): 0.2189
Update Time(s): 0.0056
Emb Update Time(s): 3.6370
#seeds: 6144
#inputs: 2045661
=====================
=====================
Part 24, Epoch Time(s): 5.6988
Sampling Time(s): 0.2733
Loading Time(s): 1.1233
Forward Time(s): 0.4187
Backward Time(s): 0.2300
Update Time(s): 0.0057
Emb Update Time(s): 3.6421
#seeds: 6144
#inputs: 1967196
==========================================
Part 26, Epoch Time(s): 5.6975
Sampling Time(s): 0.2891
Loading Time(s): 1.1973
Forward Time(s): 0.3330
Backward Time(s): 0.2244
Update Time(s): 0.0060
Emb Update Time(s): 3.6419
#seeds: 6145
#inputs: 1978700
==========================================
Part 29, Epoch Time(s): 5.6842
Sampling Time(s): 0.2755
Loading Time(s): 1.1234
Forward Time(s): 0.3974
Backward Time(s): 0.2339
Update Time(s): 0.0059
Emb Update Time(s): 3.6422
#seeds: 6144
#inputs: 1962300
==========================================
Part 28, Epoch Time(s): 5.6878
Sampling Time(s): 0.2874
Loading Time(s): 1.2273
Forward Time(s): 0.2957
Backward Time(s): 0.2233
Update Time(s): 0.0057
Emb Update Time(s): 3.6427
#seeds: 6144
#inputs: 1956432
==========================================
Part 27, Epoch Time(s): 5.6876
Sampling Time(s): 0.2858
Loading Time(s): 1.3459
Forward Time(s): 0.2206
Backward Time(s): 0.1897
Update Time(s): 0.0051
Emb Update Time(s): 3.6342
#seeds: 6144
#inputs: 1971936
=====================
=====================
Part 25, Epoch Time(s): 5.6880
Sampling Time(s): 0.2971
Loading Time(s): 1.2432
Forward Time(s): 0.2762
Backward Time(s): 0.2182
Update Time(s): 0.0058
Emb Update Time(s): 3.6422
#seeds: 6144
#inputs: 1973915
=====================

=====================
Part 30, Epoch Time(s): 5.6795
Sampling Time(s): 0.2799
Loading Time(s): 1.2595
Forward Time(s): 0.2643
Backward Time(s): 0.2220
Update Time(s): 0.0056
Emb Update Time(s): 3.6429
#seeds: 6144
#inputs: 1958814
=====================


=====================
Part 31, Epoch Time(s): 5.6847
Sampling Time(s): 0.3061
Loading Time(s): 1.1585
Forward Time(s): 0.3427
Backward Time(s): 0.2243
Update Time(s): 0.0064
Emb Update Time(s): 3.6408
#seeds: 6144
#inputs: 1971603
=====================

|V|=2449029, eval batch size: 100000
|V|=2449029, eval batch size: 100000
|V|=2449029, eval batch size: 100000
|V|=2449029, eval batch size: 100000
|V|=2449029, eval batch size: 100000
|V|=2449029, eval batch size: 100000
|V|=2449029, eval batch size: 100000
|V|=2449029, eval batch size: 100000
|V|=2449029, eval batch size: 100000
|V|=2449029, eval batch size: 100000
|V|=2449029, eval batch size: 100000
|V|=2449029, eval batch size: 100000
|V|=2449029, eval batch size: 100000
|V|=2449029, eval batch size: 100000
|V|=2449029, eval batch size: 100000
|V|=2449029, eval batch size: 100000
|V|=2449029, eval batch size: 100000
|V|=2449029, eval batch size: 100000
|V|=2449029, eval batch size: 100000
|V|=2449029, eval batch size: 100000
|V|=2449029, eval batch size: 100000
|V|=2449029, eval batch size: 100000
|V|=2449029, eval batch size: 100000
|V|=2449029, eval batch size: 100000
|V|=2449029, eval batch size: 100000
|V|=2449029, eval batch size: 100000
|V|=2449029, eval batch size: 100000
|V|=2449029, eval batch size: 100000
|V|=2449029, eval batch size: 100000
|V|=2449029, eval batch size: 100000
|V|=2449029, eval batch size: 100000
|V|=2449029, eval batch size: 100000
|V|=2449029, eval batch size: 100000
|V|=2449029, eval batch size: 100000
|V|=2449029, eval batch size: 100000|V|=2449029, eval batch size: 100000
|V|=2449029, eval batch size: 100000

|V|=2449029, eval batch size: 100000
|V|=2449029, eval batch size: 100000
|V|=2449029, eval batch size: 100000
|V|=2449029, eval batch size: 100000
|V|=2449029, eval batch size: 100000
|V|=2449029, eval batch size: 100000
|V|=2449029, eval batch size: 100000|V|=2449029, eval batch size: 100000

|V|=2449029, eval batch size: 100000
|V|=2449029, eval batch size: 100000|V|=2449029, eval batch size: 100000

|V|=2449029, eval batch size: 100000
|V|=2449029, eval batch size: 100000|V|=2449029, eval batch size: 100000

|V|=2449029, eval batch size: 100000
|V|=2449029, eval batch size: 100000
|V|=2449029, eval batch size: 100000
|V|=2449029, eval batch size: 100000|V|=2449029, eval batch size: 100000|V|=2449029, eval batch size: 100000


|V|=2449029, eval batch size: 100000
|V|=2449029, eval batch size: 100000|V|=2449029, eval batch size: 100000|V|=2449029, eval batch size: 100000


|V|=2449029, eval batch size: 100000
|V|=2449029, eval batch size: 100000
|V|=2449029, eval batch size: 100000
|V|=2449029, eval batch size: 100000
|V|=2449029, eval batch size: 100000|V|=2449029, eval batch size: 100000

|V|=2449029, eval batch size: 100000
|V|=2449029, eval batch size: 100000
|V|=2449029, eval batch size: 100000
|V|=2449029, eval batch size: 100000
|V|=2449029, eval batch size: 100000|V|=2449029, eval batch size: 100000|V|=2449029, eval batch size: 100000

|V|=2449029, eval batch size: 100000|V|=2449029, eval batch size: 100000


|V|=2449029, eval batch size: 100000
|V|=2449029, eval batch size: 100000
|V|=2449029, eval batch size: 100000|V|=2449029, eval batch size: 100000|V|=2449029, eval batch size: 100000


|V|=2449029, eval batch size: 100000
|V|=2449029, eval batch size: 100000
|V|=2449029, eval batch size: 100000
|V|=2449029, eval batch size: 100000
|V|=2449029, eval batch size: 100000
|V|=2449029, eval batch size: 100000
|V|=2449029, eval batch size: 100000
|V|=2449029, eval batch size: 100000
|V|=2449029, eval batch size: 100000
|V|=2449029, eval batch size: 100000
|V|=2449029, eval batch size: 100000
|V|=2449029, eval batch size: 100000
|V|=2449029, eval batch size: 100000
|V|=2449029, eval batch size: 100000
|V|=2449029, eval batch size: 100000
Part 6, Val Acc 0.9251, Test Acc 0.8182, time: 6.8425
Part 0, Val Acc 0.9414, Test Acc 0.8201, time: 6.8440
Part 14, Val Acc 0.8869, Test Acc 0.7266, time: 6.8496
Part 1, Val Acc 0.9300, Test Acc 0.8186, time: 6.8525
Part 7, Val Acc 0.9235, Test Acc 0.8189, time: 6.8529
Part 2, Val Acc 0.9227, Test Acc 0.8198, time: 6.8543
Part 3, Val Acc 0.9389, Test Acc 0.8204, time: 6.8549
Part 5, Val Acc 0.9243, Test Acc 0.8173, time: 6.8556
Part 4, Val Acc 0.9260, Test Acc 0.8193, time: 6.8562
Part 9, Val Acc 0.8853, Test Acc 0.7282, time: 6.8571
Part 22, Val Acc 0.8755, Test Acc 0.7672, time: 6.8631
Part 16, Val Acc 0.8926, Test Acc 0.7686, time: 6.8640
Part 20, Val Acc 0.8893, Test Acc 0.7688, time: 6.8655
Part 31, Val Acc 0.9146, Test Acc 0.7774, time: 6.8655
Part 12, Val Acc 0.8811, Test Acc 0.7276, time: 6.8656
Part 15, Val Acc 0.8625, Test Acc 0.7289, time: 6.8675
Part 28, Val Acc 0.9226, Test Acc 0.7761, time: 6.8674
Part 10, Val Acc 0.8845, Test Acc 0.7261, time: 6.8690
Part 11, Val Acc 0.8812, Test Acc 0.7274, time: 6.8692
Part 21, Val Acc 0.8796, Test Acc 0.7675, time: 6.8711
Part 13, Val Acc 0.8755, Test Acc 0.7287, time: 6.8714
Part 25, Val Acc 0.9055, Test Acc 0.7773, time: 6.8714
Part 17, Val Acc 0.8845, Test Acc 0.7697, time: 6.8724
Part 29, Val Acc 0.9170, Test Acc 0.7748, time: 6.8726
Part 8, Val Acc 0.9024, Test Acc 0.7286, time: 6.8732
Part 26, Val Acc 0.9178, Test Acc 0.7776, time: 6.8742
Part 23, Val Acc 0.8787, Test Acc 0.7688, time: 6.8744
Part 30, Val Acc 0.9056, Test Acc 0.7768, time: 6.8749
Part 18, Val Acc 0.8820, Test Acc 0.7691, time: 6.8751
Part 19, Val Acc 0.8853, Test Acc 0.7700, time: 6.8756
Part 27, Val Acc 0.9170, Test Acc 0.7784, time: 6.8758
Part 24, Val Acc 0.8934, Test Acc 0.7776, time: 6.8770
All parts avg val acc 0.9016, test acc 0.7731
Part 0 | Epoch 00012 | Step 00000 | Loss 0.2515 | Train Acc 0.9390 | Speed (samples/sec) 1113.5733 | GPU 1932.8 MB | time 0.789 s
Part 1 | Epoch 00012 | Step 00000 | Loss 0.2723 | Train Acc 0.9280 | Speed (samples/sec) 1107.3161 | GPU 1925.1 MB | time 0.814 s
Part 11 | Epoch 00012 | Step 00000 | Loss 0.4893 | Train Acc 0.8750 | Speed (samples/sec) 1110.5743 | GPU 2221.1 MB | time 0.797 sPart 9 | Epoch 00012 | Step 00000 | Loss 0.4988 | Train Acc 0.8790 | Speed (samples/sec) 1109.2623 | GPU 2221.4 MB | time 0.809 sPart 13 | Epoch 00012 | Step 00000 | Loss 0.3896 | Train Acc 0.8910 | Speed (samples/sec) 1109.3831 | GPU 2221.3 MB | time 0.795 s


Part 10 | Epoch 00012 | Step 00000 | Loss 0.4235 | Train Acc 0.8810 | Speed (samples/sec) 1110.3409 | GPU 2225.4 MB | time 0.797 s
Part 22 | Epoch 00012 | Step 00000 | Loss 0.4428 | Train Acc 0.8960 | Speed (samples/sec) 1108.6348 | GPU 1974.0 MB | time 0.803 sPart 21 | Epoch 00012 | Step 00000 | Loss 0.4108 | Train Acc 0.8950 | Speed (samples/sec) 1109.3154 | GPU 1967.3 MB | time 0.795 s

Part 16 | Epoch 00012 | Step 00000 | Loss 0.4153 | Train Acc 0.8800 | Speed (samples/sec) 1108.5897 | GPU 1976.9 MB | time 0.802 s
Part 17 | Epoch 00012 | Step 00000 | Loss 0.4556 | Train Acc 0.8750 | Speed (samples/sec) 1108.9062 | GPU 1978.0 MB | time 0.794 s
Part 23 | Epoch 00012 | Step 00000 | Loss 0.4438 | Train Acc 0.8820 | Speed (samples/sec) 1109.0316 | GPU 1966.5 MB | time 0.792 s
Part 19 | Epoch 00012 | Step 00000 | Loss 0.3858 | Train Acc 0.8910 | Speed (samples/sec) 1109.2779 | GPU 1960.1 MB | time 0.791 s
Part 8 | Epoch 00012 | Step 00000 | Loss 0.4065 | Train Acc 0.8940 | Speed (samples/sec) 1110.0921 | GPU 2224.0 MB | time 0.793 s
Part 3 | Epoch 00012 | Step 00000 | Loss 0.2638 | Train Acc 0.9330 | Speed (samples/sec) 1107.1530 | GPU 1929.8 MB | time 0.811 s
Part 5 | Epoch 00012 | Step 00000 | Loss 0.1925 | Train Acc 0.9450 | Speed (samples/sec) 1106.1923 | GPU 1927.3 MB | time 0.811 sPart 4 | Epoch 00012 | Step 00000 | Loss 0.2454 | Train Acc 0.9330 | Speed (samples/sec) 1106.3479 | GPU 1925.6 MB | time 0.810 s

Part 6 | Epoch 00012 | Step 00000 | Loss 0.2812 | Train Acc 0.9250 | Speed (samples/sec) 1105.6277 | GPU 1930.8 MB | time 0.824 s
Part 14 | Epoch 00012 | Step 00000 | Loss 0.4651 | Train Acc 0.8760 | Speed (samples/sec) 1109.9319 | GPU 2224.7 MB | time 0.817 s
Part 18 | Epoch 00012 | Step 00000 | Loss 0.4148 | Train Acc 0.9070 | Speed (samples/sec) 1109.6594 | GPU 1967.8 MB | time 0.791 s
Part 28 | Epoch 00012 | Step 00000 | Loss 0.3010 | Train Acc 0.9230 | Speed (samples/sec) 1109.2294 | GPU 2055.7 MB | time 0.799 sPart 31 | Epoch 00012 | Step 00000 | Loss 0.3026 | Train Acc 0.9150 | Speed (samples/sec) 1110.0413 | GPU 2066.4 MB | time 0.801 sPart 24 | Epoch 00012 | Step 00000 | Loss 0.3365 | Train Acc 0.9160 | Speed (samples/sec) 1109.7523 | GPU 2068.8 MB | time 0.789 sPart 27 | Epoch 00012 | Step 00000 | Loss 0.3781 | Train Acc 0.8940 | Speed (samples/sec) 1110.1270 | GPU 2061.3 MB | time 0.791 s



Part 29 | Epoch 00012 | Step 00000 | Loss 0.2613 | Train Acc 0.9190 | Speed (samples/sec) 1110.1221 | GPU 2081.6 MB | time 0.793 s
Part 30 | Epoch 00012 | Step 00000 | Loss 0.3044 | Train Acc 0.9110 | Speed (samples/sec) 1109.3438 | GPU 2076.1 MB | time 0.791 s
Part 25 | Epoch 00012 | Step 00000 | Loss 0.3417 | Train Acc 0.9130 | Speed (samples/sec) 1108.7249 | GPU 2059.5 MB | time 0.795 s
Part 26 | Epoch 00012 | Step 00000 | Loss 0.3064 | Train Acc 0.9260 | Speed (samples/sec) 1109.8678 | GPU 2067.8 MB | time 0.792 s
Part 12 | Epoch 00012 | Step 00000 | Loss 0.4609 | Train Acc 0.8780 | Speed (samples/sec) 1109.4687 | GPU 2212.0 MB | time 0.800 s
Part 7 | Epoch 00012 | Step 00000 | Loss 0.2139 | Train Acc 0.9450 | Speed (samples/sec) 1105.4986 | GPU 1924.4 MB | time 0.813 s
Part 2 | Epoch 00012 | Step 00000 | Loss 0.2134 | Train Acc 0.9480 | Speed (samples/sec) 1107.1476 | GPU 1942.8 MB | time 0.812 s
Part 20 | Epoch 00012 | Step 00000 | Loss 0.4626 | Train Acc 0.8850 | Speed (samples/sec) 1108.6598 | GPU 1972.6 MB | time 0.801 s
Part 15 | Epoch 00012 | Step 00000 | Loss 0.4642 | Train Acc 0.8740 | Speed (samples/sec) 1110.3365 | GPU 2235.6 MB | time 0.799 s
Avg train acc 0.9054
=====================
Part 0, Epoch Time(s): 5.7609
Sampling Time(s): 0.3041
Loading Time(s): 0.9771
Forward Time(s): 0.5207
Backward Time(s): 0.2312
Update Time(s): 0.0061
Emb Update Time(s): 3.7151
#seeds: 6145
#inputs: 1931648
==========================================
Part 4, Epoch Time(s): 5.7822
Sampling Time(s): 0.2776
Loading Time(s): 0.9464
Forward Time(s): 0.6000
Backward Time(s): 0.2304
Update Time(s): 0.0065
Emb Update Time(s): 3.7153
#seeds: 6145
#inputs: 1919666
=====================

=====================
Part 2, Epoch Time(s): 5.7841
Sampling Time(s): 0.2816
Loading Time(s): 1.0922
Forward Time(s): 0.4515
Backward Time(s): 0.2309
Update Time(s): 0.0056
Emb Update Time(s): 3.7161
#seeds: 6144
#inputs: 1914028
==========================================
Part 3, Epoch Time(s): 5.7834
Sampling Time(s): 0.2904
Loading Time(s): 1.1072
Forward Time(s): 0.4278
Backward Time(s): 0.2306
Update Time(s): 0.0055
Emb Update Time(s): 3.7161
#seeds: 6144
#inputs: 1929836
==========================================
Part 5, Epoch Time(s): 5.7827
Sampling Time(s): 0.2655
Loading Time(s): 1.0864
Forward Time(s): 0.4726
Backward Time(s): 0.2303
Update Time(s): 0.0061
Emb Update Time(s): 3.7160
#seeds: 6144
#inputs: 1933043
=====================


=====================
Part 7, Epoch Time(s): 5.7854
Sampling Time(s): 0.2898
Loading Time(s): 1.0943
Forward Time(s): 0.4473
Backward Time(s): 0.2251
Update Time(s): 0.0064
Emb Update Time(s): 3.7164
#seeds: 6144
#inputs: 1930035
=====================
=====================
Part 1, Epoch Time(s): 5.7858
Sampling Time(s): 0.3002
Loading Time(s): 1.1059
Forward Time(s): 0.4211
Backward Time(s): 0.2311
Update Time(s): 0.0065
Emb Update Time(s): 3.7150
#seeds: 6144
#inputs: 1941282
==========================================
Part 6, Epoch Time(s): 5.7958
Sampling Time(s): 0.2862
Loading Time(s): 0.9771
Forward Time(s): 0.5742
Backward Time(s): 0.2298
Update Time(s): 0.0112
Emb Update Time(s): 3.7113
#seeds: 6144
#inputs: 1930824
=====================

=====================
Part 20, Epoch Time(s): 5.7724
Sampling Time(s): 0.3017
Loading Time(s): 1.0433
Forward Time(s): 0.4687
Backward Time(s): 0.2289
Update Time(s): 0.0076
Emb Update Time(s): 3.7163
#seeds: 6144
#inputs: 1941374
==========================================
Part 16, Epoch Time(s): 5.7744
Sampling Time(s): 0.3018
Loading Time(s): 1.1269
Forward Time(s): 0.3882
Backward Time(s): 0.2288
Update Time(s): 0.0072
Emb Update Time(s): 3.7158
#seeds: 6144
#inputs: 1945080
==========================================
Part 19, Epoch Time(s): 5.7628
Sampling Time(s): 0.2761
Loading Time(s): 0.9818
Forward Time(s): 0.5455
Backward Time(s): 0.2290
Update Time(s): 0.0067
Emb Update Time(s): 3.7176
#seeds: 6144
#inputs: 1934107
=====================
=====================
Part 21, Epoch Time(s): 5.7672
Sampling Time(s): 0.2956
Loading Time(s): 1.0866
Forward Time(s): 0.4257
Backward Time(s): 0.2285
Update Time(s): 0.0075
Emb Update Time(s): 3.7171
#seeds: 6144
#inputs: 1922236
==========================================
Part 17, Epoch Time(s): 5.7658
Sampling Time(s): 0.2834
Loading Time(s): 1.0604
Forward Time(s): 0.4636
Backward Time(s): 0.2293
Update Time(s): 0.0069
Emb Update Time(s): 3.7164
#seeds: 6144
#inputs: 1922604
=====================
=====================
Part 22, Epoch Time(s): 5.7750
Sampling Time(s): 0.2776
Loading Time(s): 1.0578
Forward Time(s): 0.4815
Backward Time(s): 0.2285
Update Time(s): 0.0070
Emb Update Time(s): 3.7171
#seeds: 6145
#inputs: 1932270
=====================

=====================
Part 23, Epoch Time(s): 5.7639
Sampling Time(s): 0.3013
Loading Time(s): 0.9620
Forward Time(s): 0.5422
Backward Time(s): 0.2283
Update Time(s): 0.0076
Emb Update Time(s): 3.7168
#seeds: 6144
#inputs: 1921685
=====================

=====================
Part 18, Epoch Time(s): 5.7637
Sampling Time(s): 0.3205
Loading Time(s): 1.0620
Forward Time(s): 0.4274
Backward Time(s): 0.2228
Update Time(s): 0.0069
Emb Update Time(s): 3.7173
#seeds: 6145
#inputs: 1939378
=====================

=====================
Part 9, Epoch Time(s): 5.7811
Sampling Time(s): 0.2749
Loading Time(s): 1.2031
Forward Time(s): 0.3452
Backward Time(s): 0.2285
Update Time(s): 0.0072
Emb Update Time(s): 3.7165
#seeds: 6144
#inputs: 2045177
==========================================
Part 10, Epoch Time(s): 5.7693
Sampling Time(s): 0.2722
Loading Time(s): 1.3581
Forward Time(s): 0.2115
Backward Time(s): 0.2025
Update Time(s): 0.0056
Emb Update Time(s): 3.7139
#seeds: 6144
#inputs: 2038599
=====================
=====================
Part 15, Epoch Time(s): 5.7710
Sampling Time(s): 0.3371
Loading Time(s): 1.2918
Forward Time(s): 0.2246
Backward Time(s): 0.1920
Update Time(s): 0.0070
Emb Update Time(s): 3.7124
#seeds: 6145
#inputs: 2040036
==========================================
Part 8, Epoch Time(s): 5.7651
Sampling Time(s): 0.2680
Loading Time(s): 1.2914
Forward Time(s): 0.2639
Backward Time(s): 0.2128
Update Time(s): 0.0069
Emb Update Time(s): 3.7166
#seeds: 6145
#inputs: 2033326
=====================

=====================
Part 11, Epoch Time(s): 5.7691
Sampling Time(s): 0.2908
Loading Time(s): 1.3365
Forward Time(s): 0.2185
Backward Time(s): 0.2065
Update Time(s): 0.0088
Emb Update Time(s): 3.7026
#seeds: 6144
#inputs: 2041523
==========================================
Part 14, Epoch Time(s): 5.7886
Sampling Time(s): 0.2825
Loading Time(s): 1.2953
Forward Time(s): 0.2728
Backward Time(s): 0.2138
Update Time(s): 0.0069
Emb Update Time(s): 3.7117
#seeds: 6144
#inputs: 2048883
==========================================
Part 12, Epoch Time(s): 5.7724
Sampling Time(s): 0.2964
Loading Time(s): 1.2053
Forward Time(s): 0.3199
Backward Time(s): 0.2209
Update Time(s): 0.0057
Emb Update Time(s): 3.7186
#seeds: 6144
#inputs: 2018089
=====================



=====================
Part 13, Epoch Time(s): 5.7670
Sampling Time(s): 0.2825
Loading Time(s): 1.3702
Forward Time(s): 0.1963
Backward Time(s): 0.1971
Update Time(s): 0.0072
Emb Update Time(s): 3.7080
#seeds: 6144
#inputs: 2045777
=====================
=====================
Part 24, Epoch Time(s): 5.7612
Sampling Time(s): 0.2882
Loading Time(s): 1.1491
Forward Time(s): 0.3655
Backward Time(s): 0.2286
Update Time(s): 0.0053
Emb Update Time(s): 3.7188
#seeds: 6144
#inputs: 1969748
==========================================
Part 27, Epoch Time(s): 5.7626
Sampling Time(s): 0.2782
Loading Time(s): 1.2735
Forward Time(s): 0.2604
Backward Time(s): 0.2206
Update Time(s): 0.0048
Emb Update Time(s): 3.7196
#seeds: 6144
#inputs: 1973803
==========================================
Part 25, Epoch Time(s): 5.7667
Sampling Time(s): 0.2875
Loading Time(s): 1.1546
Forward Time(s): 0.3749
Backward Time(s): 0.2181
Update Time(s): 0.0047
Emb Update Time(s): 3.7211
#seeds: 6144
#inputs: 1983037
=====================
=====================
Part 28, Epoch Time(s): 5.7708
Sampling Time(s): 0.2870
Loading Time(s): 1.1950
Forward Time(s): 0.3307
Backward Time(s): 0.2283
Update Time(s): 0.0050
Emb Update Time(s): 3.7191
#seeds: 6144
#inputs: 1960457
=====================
=====================
Part 31, Epoch Time(s): 5.7727
Sampling Time(s): 0.3022
Loading Time(s): 1.1444
Forward Time(s): 0.3716
Backward Time(s): 0.2243
Update Time(s): 0.0058
Emb Update Time(s): 3.7187
#seeds: 6144
#inputs: 1976654
=====================

=====================
Part 29, Epoch Time(s): 5.7653
Sampling Time(s): 0.2811
Loading Time(s): 1.1328
Forward Time(s): 0.3931
Backward Time(s): 0.2283
Update Time(s): 0.0057
Emb Update Time(s): 3.7188
#seeds: 6144
#inputs: 1961411
=====================
=====================
Part 30, Epoch Time(s): 5.7633
Sampling Time(s): 0.3063
Loading Time(s): 1.2649
Forward Time(s): 0.2832
Backward Time(s): 0.1939
Update Time(s): 0.0066
Emb Update Time(s): 3.7029
#seeds: 6144
#inputs: 1962435
=====================

=====================
Part 26, Epoch Time(s): 5.7645
Sampling Time(s): 0.2624
Loading Time(s): 1.1442
Forward Time(s): 0.3988
Backward Time(s): 0.2284
Update Time(s): 0.0052
Emb Update Time(s): 3.7199
#seeds: 6145
#inputs: 1974006
=====================
|V|=2449029, eval batch size: 100000
|V|=2449029, eval batch size: 100000
|V|=2449029, eval batch size: 100000
|V|=2449029, eval batch size: 100000
|V|=2449029, eval batch size: 100000
|V|=2449029, eval batch size: 100000
|V|=2449029, eval batch size: 100000
|V|=2449029, eval batch size: 100000
|V|=2449029, eval batch size: 100000
|V|=2449029, eval batch size: 100000
|V|=2449029, eval batch size: 100000
|V|=2449029, eval batch size: 100000
|V|=2449029, eval batch size: 100000
|V|=2449029, eval batch size: 100000
|V|=2449029, eval batch size: 100000
|V|=2449029, eval batch size: 100000
|V|=2449029, eval batch size: 100000
|V|=2449029, eval batch size: 100000
|V|=2449029, eval batch size: 100000
|V|=2449029, eval batch size: 100000
|V|=2449029, eval batch size: 100000
|V|=2449029, eval batch size: 100000
|V|=2449029, eval batch size: 100000
|V|=2449029, eval batch size: 100000
|V|=2449029, eval batch size: 100000
|V|=2449029, eval batch size: 100000
|V|=2449029, eval batch size: 100000
|V|=2449029, eval batch size: 100000
|V|=2449029, eval batch size: 100000
|V|=2449029, eval batch size: 100000
|V|=2449029, eval batch size: 100000
|V|=2449029, eval batch size: 100000
|V|=2449029, eval batch size: 100000
|V|=2449029, eval batch size: 100000
|V|=2449029, eval batch size: 100000|V|=2449029, eval batch size: 100000

|V|=2449029, eval batch size: 100000
|V|=2449029, eval batch size: 100000
|V|=2449029, eval batch size: 100000
|V|=2449029, eval batch size: 100000
|V|=2449029, eval batch size: 100000
|V|=2449029, eval batch size: 100000|V|=2449029, eval batch size: 100000

|V|=2449029, eval batch size: 100000|V|=2449029, eval batch size: 100000
|V|=2449029, eval batch size: 100000

|V|=2449029, eval batch size: 100000
|V|=2449029, eval batch size: 100000
|V|=2449029, eval batch size: 100000
|V|=2449029, eval batch size: 100000
|V|=2449029, eval batch size: 100000
|V|=2449029, eval batch size: 100000
|V|=2449029, eval batch size: 100000
|V|=2449029, eval batch size: 100000|V|=2449029, eval batch size: 100000
|V|=2449029, eval batch size: 100000|V|=2449029, eval batch size: 100000

|V|=2449029, eval batch size: 100000|V|=2449029, eval batch size: 100000

|V|=2449029, eval batch size: 100000

|V|=2449029, eval batch size: 100000
|V|=2449029, eval batch size: 100000
|V|=2449029, eval batch size: 100000
|V|=2449029, eval batch size: 100000
|V|=2449029, eval batch size: 100000
|V|=2449029, eval batch size: 100000|V|=2449029, eval batch size: 100000

|V|=2449029, eval batch size: 100000
|V|=2449029, eval batch size: 100000
|V|=2449029, eval batch size: 100000
|V|=2449029, eval batch size: 100000
|V|=2449029, eval batch size: 100000
|V|=2449029, eval batch size: 100000|V|=2449029, eval batch size: 100000

|V|=2449029, eval batch size: 100000
|V|=2449029, eval batch size: 100000
|V|=2449029, eval batch size: 100000
|V|=2449029, eval batch size: 100000
|V|=2449029, eval batch size: 100000
|V|=2449029, eval batch size: 100000
|V|=2449029, eval batch size: 100000|V|=2449029, eval batch size: 100000
|V|=2449029, eval batch size: 100000

|V|=2449029, eval batch size: 100000
|V|=2449029, eval batch size: 100000
|V|=2449029, eval batch size: 100000
|V|=2449029, eval batch size: 100000
|V|=2449029, eval batch size: 100000
|V|=2449029, eval batch size: 100000
|V|=2449029, eval batch size: 100000
|V|=2449029, eval batch size: 100000
|V|=2449029, eval batch size: 100000
|V|=2449029, eval batch size: 100000
|V|=2449029, eval batch size: 100000
|V|=2449029, eval batch size: 100000
|V|=2449029, eval batch size: 100000
Part 12, Val Acc 0.8787, Test Acc 0.7268, time: 7.0445
Part 6, Val Acc 0.9349, Test Acc 0.8211, time: 7.0509
Part 3, Val Acc 0.9389, Test Acc 0.8242, time: 7.0516
Part 7, Val Acc 0.9300, Test Acc 0.8223, time: 7.0517
Part 5, Val Acc 0.9292, Test Acc 0.8212, time: 7.0519
Part 0, Val Acc 0.9406, Test Acc 0.8231, time: 7.0521
Part 4, Val Acc 0.9268, Test Acc 0.8221, time: 7.0522
Part 2, Val Acc 0.9284, Test Acc 0.8237, time: 7.0528
Part 29, Val Acc 0.9194, Test Acc 0.7803, time: 7.0541
Part 1, Val Acc 0.9333, Test Acc 0.8219, time: 7.0566
Part 22, Val Acc 0.8755, Test Acc 0.7729, time: 7.0565
Part 11, Val Acc 0.8853, Test Acc 0.7265, time: 7.0591
Part 15, Val Acc 0.8674, Test Acc 0.7281, time: 7.0616
Part 23, Val Acc 0.8827, Test Acc 0.7743, time: 7.0618
Part 16, Val Acc 0.8902, Test Acc 0.7748, time: 7.0620
Part 18, Val Acc 0.8845, Test Acc 0.7751, time: 7.0621
Part 17, Val Acc 0.8836, Test Acc 0.7754, time: 7.0626
Part 9, Val Acc 0.8804, Test Acc 0.7281, time: 7.0638
Part 24, Val Acc 0.8991, Test Acc 0.7829, time: 7.0643
Part 19, Val Acc 0.8877, Test Acc 0.7761, time: 7.0647
Part 21, Val Acc 0.8788, Test Acc 0.7736, time: 7.0654
Part 20, Val Acc 0.8902, Test Acc 0.7747, time: 7.0659
Part 26, Val Acc 0.9194, Test Acc 0.7818, time: 7.0669
Part 30, Val Acc 0.9032, Test Acc 0.7803, time: 7.0675
Part 14, Val Acc 0.8861, Test Acc 0.7262, time: 7.0676
Part 25, Val Acc 0.9104, Test Acc 0.7820, time: 7.0677
Part 13, Val Acc 0.8747, Test Acc 0.7274, time: 7.0739
Part 8, Val Acc 0.9040, Test Acc 0.7276, time: 7.0765
Part 31, Val Acc 0.9138, Test Acc 0.7822, time: 7.0796
Part 27, Val Acc 0.9170, Test Acc 0.7835, time: 7.0807
Part 10, Val Acc 0.8845, Test Acc 0.7257, time: 7.0824
Part 28, Val Acc 0.9202, Test Acc 0.7807, time: 7.0893
All parts avg val acc 0.9031, test acc 0.7765
Part 6 | Epoch 00013 | Step 00000 | Loss 0.2744 | Train Acc 0.9290 | Speed (samples/sec) 1102.4345 | GPU 1930.8 MB | time 0.798 sPart 0 | Epoch 00013 | Step 00000 | Loss 0.2539 | Train Acc 0.9330 | Speed (samples/sec) 1110.4976 | GPU 1932.8 MB | time 0.759 sPart 5 | Epoch 00013 | Step 00000 | Loss 0.2515 | Train Acc 0.9320 | Speed (samples/sec) 1102.9680 | GPU 1927.3 MB | time 0.797 s


Part 3 | Epoch 00013 | Step 00000 | Loss 0.1968 | Train Acc 0.9370 | Speed (samples/sec) 1103.8506 | GPU 1929.8 MB | time 0.797 sPart 2 | Epoch 00013 | Step 00000 | Loss 0.3043 | Train Acc 0.9230 | Speed (samples/sec) 1103.8739 | GPU 1942.8 MB | time 0.796 s

Part 4 | Epoch 00013 | Step 00000 | Loss 0.2179 | Train Acc 0.9430 | Speed (samples/sec) 1103.1344 | GPU 1925.6 MB | time 0.797 s
Part 16 | Epoch 00013 | Step 00000 | Loss 0.3949 | Train Acc 0.8990 | Speed (samples/sec) 1105.3568 | GPU 1976.9 MB | time 0.787 s
Part 21 | Epoch 00013 | Step 00000 | Loss 0.3851 | Train Acc 0.8990 | Speed (samples/sec) 1106.0944 | GPU 1967.3 MB | time 0.784 s
Part 18 | Epoch 00013 | Step 00000 | Loss 0.4103 | Train Acc 0.8960 | Speed (samples/sec) 1106.3621 | GPU 1967.8 MB | time 0.787 s
Part 19 | Epoch 00013 | Step 00000 | Loss 0.4660 | Train Acc 0.8800 | Speed (samples/sec) 1106.0416 | GPU 1960.1 MB | time 0.784 s
Part 23 | Epoch 00013 | Step 00000 | Loss 0.3788 | Train Acc 0.8920 | Speed (samples/sec) 1105.7618 | GPU 1966.5 MB | time 0.787 s
Part 29 | Epoch 00013 | Step 00000 | Loss 0.2914 | Train Acc 0.9270 | Speed (samples/sec) 1106.6266 | GPU 2081.6 MB | time 0.795 s
Part 31 | Epoch 00013 | Step 00000 | Loss 0.2891 | Train Acc 0.9220 | Speed (samples/sec) 1107.0273 | GPU 2066.4 MB | time 0.769 s
Part 24 | Epoch 00013 | Step 00000 | Loss 0.3297 | Train Acc 0.9220 | Speed (samples/sec) 1106.4716 | GPU 2068.8 MB | time 0.785 s
Part 1 | Epoch 00013 | Step 00000 | Loss 0.2870 | Train Acc 0.9200 | Speed (samples/sec) 1104.0883 | GPU 1925.1 MB | time 0.792 s
Part 13 | Epoch 00013 | Step 00000 | Loss 0.4624 | Train Acc 0.8800 | Speed (samples/sec) 1106.3048 | GPU 2221.3 MB | time 0.775 sPart 8 | Epoch 00013 | Step 00000 | Loss 0.3940 | Train Acc 0.8940 | Speed (samples/sec) 1107.0233 | GPU 2224.0 MB | time 0.772 sPart 10 | Epoch 00013 | Step 00000 | Loss 0.3993 | Train Acc 0.8840 | Speed (samples/sec) 1107.3290 | GPU 2225.4 MB | time 0.767 s


Part 9 | Epoch 00013 | Step 00000 | Loss 0.4032 | Train Acc 0.8970 | Speed (samples/sec) 1106.0087 | GPU 2221.4 MB | time 0.785 sPart 14 | Epoch 00013 | Step 00000 | Loss 0.3661 | Train Acc 0.8900 | Speed (samples/sec) 1106.6948 | GPU 2224.7 MB | time 0.781 sPart 12 | Epoch 00013 | Step 00000 | Loss 0.4069 | Train Acc 0.8920 | Speed (samples/sec) 1105.8544 | GPU 2212.0 MB | time 0.805 s


Part 15 | Epoch 00013 | Step 00000 | Loss 0.4544 | Train Acc 0.8790 | Speed (samples/sec) 1106.9755 | GPU 2235.6 MB | time 0.788 s
Part 11 | Epoch 00013 | Step 00000 | Loss 0.4067 | Train Acc 0.8890 | Speed (samples/sec) 1107.1309 | GPU 2221.1 MB | time 0.790 s
Part 27 | Epoch 00013 | Step 00000 | Loss 0.3403 | Train Acc 0.9100 | Speed (samples/sec) 1107.1175 | GPU 2061.3 MB | time 0.768 sPart 26 | Epoch 00013 | Step 00000 | Loss 0.2997 | Train Acc 0.9320 | Speed (samples/sec) 1106.6386 | GPU 2067.8 MB | time 0.782 s

Part 28 | Epoch 00013 | Step 00000 | Loss 0.3049 | Train Acc 0.9270 | Speed (samples/sec) 1106.4630 | GPU 2055.7 MB | time 0.760 s
Part 20 | Epoch 00013 | Step 00000 | Loss 0.4294 | Train Acc 0.8780 | Speed (samples/sec) 1105.4978 | GPU 1972.6 MB | time 0.783 sPart 22 | Epoch 00013 | Step 00000 | Loss 0.3872 | Train Acc 0.8940 | Speed (samples/sec) 1105.3097 | GPU 1974.0 MB | time 0.793 s
Part 25 | Epoch 00013 | Step 00000 | Loss 0.3547 | Train Acc 0.9070 | Speed (samples/sec) 1105.5856 | GPU 2059.5 MB | time 0.781 s
Part 30 | Epoch 00013 | Step 00000 | Loss 0.3130 | Train Acc 0.9100 | Speed (samples/sec) 1106.1496 | GPU 2076.1 MB | time 0.782 s

Part 7 | Epoch 00013 | Step 00000 | Loss 0.2692 | Train Acc 0.9170 | Speed (samples/sec) 1102.3384 | GPU 1924.4 MB | time 0.797 s
Part 17 | Epoch 00013 | Step 00000 | Loss 0.4255 | Train Acc 0.8790 | Speed (samples/sec) 1105.6543 | GPU 1978.0 MB | time 0.787 s
Avg train acc 0.9067
=====================
Part 4, Epoch Time(s): 5.6572
Sampling Time(s): 0.3073
Loading Time(s): 0.9892
Forward Time(s): 0.6287
Backward Time(s): 0.2210
Update Time(s): 0.0070
Emb Update Time(s): 3.4979
#seeds: 6145
#inputs: 1918954
==========================================
Part 6, Epoch Time(s): 5.6584
Sampling Time(s): 0.2977
Loading Time(s): 0.9996
Forward Time(s): 0.6292
Backward Time(s): 0.2207
Update Time(s): 0.0066
Emb Update Time(s): 3.4984
#seeds: 6144
#inputs: 1932122
==========================================
Part 3, Epoch Time(s): 5.6577
Sampling Time(s): 0.2802
Loading Time(s): 1.1565
Forward Time(s): 0.4892
Backward Time(s): 0.2212
Update Time(s): 0.0058
Emb Update Time(s): 3.4987
#seeds: 6144
#inputs: 1926781
==========================================
Part 0, Epoch Time(s): 5.6197
Sampling Time(s): 0.3098
Loading Time(s): 1.0390
Forward Time(s): 0.5380
Backward Time(s): 0.2221
Update Time(s): 0.0064
Emb Update Time(s): 3.4976
#seeds: 6145
#inputs: 1922518
=====================

=====================
Part 7, Epoch Time(s): 5.6572
Sampling Time(s): 0.2984
Loading Time(s): 1.1037
Forward Time(s): 0.5227
Backward Time(s): 0.2203
Update Time(s): 0.0067
Emb Update Time(s): 3.4987
#seeds: 6144
#inputs: 1934538
=====================


=====================
Part 2, Epoch Time(s): 5.6565
Sampling Time(s): 0.2915
Loading Time(s): 1.0800
Forward Time(s): 0.5527
Backward Time(s): 0.2213
Update Time(s): 0.0057
Emb Update Time(s): 3.4992
#seeds: 6144
#inputs: 1923180
==========================================
Part 5, Epoch Time(s): 5.6575
Sampling Time(s): 0.2974
Loading Time(s): 1.0914
Forward Time(s): 0.5364
Backward Time(s): 0.2209
Update Time(s): 0.0067
Emb Update Time(s): 3.4984
#seeds: 6144
#inputs: 1926059
==========================================
Part 1, Epoch Time(s): 5.6528
Sampling Time(s): 0.3185
Loading Time(s): 1.1394
Forward Time(s): 0.4623
Backward Time(s): 0.2211
Update Time(s): 0.0065
Emb Update Time(s): 3.4982
#seeds: 6144
#inputs: 1947850
=====================


=====================
Part 22, Epoch Time(s): 5.6529
Sampling Time(s): 0.2953
Loading Time(s): 1.1058
Forward Time(s): 0.5197
Backward Time(s): 0.2217
Update Time(s): 0.0098
Emb Update Time(s): 3.4944
#seeds: 6145
#inputs: 1934629
==========================================
Part 16, Epoch Time(s): 5.6474
Sampling Time(s): 0.2732
Loading Time(s): 1.1035
Forward Time(s): 0.5389
Backward Time(s): 0.2224
Update Time(s): 0.0084
Emb Update Time(s): 3.4951
#seeds: 6144
#inputs: 1945984
==========================================
Part 23, Epoch Time(s): 5.6474
Sampling Time(s): 0.2999
Loading Time(s): 0.9892
Forward Time(s): 0.6260
Backward Time(s): 0.2217
Update Time(s): 0.0081
Emb Update Time(s): 3.4965
#seeds: 6144
#inputs: 1907271
==========================================
Part 20, Epoch Time(s): 5.6434
Sampling Time(s): 0.2993
Loading Time(s): 1.0270
Forward Time(s): 0.5846
Backward Time(s): 0.2216
Update Time(s): 0.0089
Emb Update Time(s): 3.4956
#seeds: 6144
#inputs: 1940290
==========================================
Part 21, Epoch Time(s): 5.6440
Sampling Time(s): 0.3089
Loading Time(s): 1.1063
Forward Time(s): 0.4969
Backward Time(s): 0.2213
Update Time(s): 0.0090
Emb Update Time(s): 3.4954
#seeds: 6144
#inputs: 1931045
=====================

=====================
Part 17, Epoch Time(s): 5.6469
Sampling Time(s): 0.2992
Loading Time(s): 1.0879
Forward Time(s): 0.5269
Backward Time(s): 0.2224
Update Time(s): 0.0096
Emb Update Time(s): 3.4945
#seeds: 6144
#inputs: 1927362
=====================
=====================
Part 19, Epoch Time(s): 5.6447
Sampling Time(s): 0.2738
Loading Time(s): 0.9833
Forward Time(s): 0.6556
Backward Time(s): 0.2219
Update Time(s): 0.0076
Emb Update Time(s): 3.4964
#seeds: 6144
#inputs: 1932550
=====================



=====================
Part 18, Epoch Time(s): 5.6473
Sampling Time(s): 0.2933
Loading Time(s): 1.0694
Forward Time(s): 0.5511
Backward Time(s): 0.2197
Update Time(s): 0.0096
Emb Update Time(s): 3.4949
#seeds: 6145
#inputs: 1937868
=====================
=====================
Part 8, Epoch Time(s): 5.6327
Sampling Time(s): 0.3032
Loading Time(s): 1.4671
Forward Time(s): 0.1710
Backward Time(s): 0.1878
Update Time(s): 0.0087
Emb Update Time(s): 3.4888
#seeds: 6145
#inputs: 2030796
==========================================
Part 15, Epoch Time(s): 5.6478
Sampling Time(s): 0.3167
Loading Time(s): 1.2982
Forward Time(s): 0.3178
Backward Time(s): 0.2015
Update Time(s): 0.0082
Emb Update Time(s): 3.4993
#seeds: 6145
#inputs: 2038386
==========================================
Part 14, Epoch Time(s): 5.6417
Sampling Time(s): 0.2841
Loading Time(s): 1.2972
Forward Time(s): 0.3473
Backward Time(s): 0.2062
Update Time(s): 0.0062
Emb Update Time(s): 3.4946
#seeds: 6144
#inputs: 2039380
==========================================
Part 9, Epoch Time(s): 5.6455
Sampling Time(s): 0.3078
Loading Time(s): 1.3302
Forward Time(s): 0.3349
Backward Time(s): 0.1740
Update Time(s): 0.0060
Emb Update Time(s): 3.4864
#seeds: 6144
#inputs: 2047225
=====================



=====================
Part 10, Epoch Time(s): 5.6270
Sampling Time(s): 0.2771
Loading Time(s): 1.3239
Forward Time(s): 0.3049
Backward Time(s): 0.2092
Update Time(s): 0.0091
Emb Update Time(s): 3.4969
#seeds: 6144
#inputs: 2035713
==========================================
Part 12, Epoch Time(s): 5.6649
Sampling Time(s): 0.2651
Loading Time(s): 1.2553
Forward Time(s): 0.4277
Backward Time(s): 0.2065
Update Time(s): 0.0065
Emb Update Time(s): 3.4978
#seeds: 6144
#inputs: 2024551
==========================================
Part 13, Epoch Time(s): 5.6355
Sampling Time(s): 0.3183
Loading Time(s): 1.3639
Forward Time(s): 0.2702
Backward Time(s): 0.1823
Update Time(s): 0.0089
Emb Update Time(s): 3.4857
#seeds: 6144
#inputs: 2044282
=====================


=====================
Part 11, Epoch Time(s): 5.6502
Sampling Time(s): 0.2855
Loading Time(s): 1.3114
Forward Time(s): 0.3255
Backward Time(s): 0.2154
Update Time(s): 0.0099
Emb Update Time(s): 3.4965
#seeds: 6144
#inputs: 2035183
=====================
=====================
Part 24, Epoch Time(s): 5.6449
Sampling Time(s): 0.2990
Loading Time(s): 1.1620
Forward Time(s): 0.4514
Backward Time(s): 0.2220
Update Time(s): 0.0073
Emb Update Time(s): 3.4972
#seeds: 6144
#inputs: 1961867
==========================================
Part 26, Epoch Time(s): 5.6422
Sampling Time(s): 0.2947
Loading Time(s): 1.2202
Forward Time(s): 0.3945
Backward Time(s): 0.2211
Update Time(s): 0.0087
Emb Update Time(s): 3.4968
#seeds: 6145
#inputs: 1975885
==========================================
Part 29, Epoch Time(s): 5.6552
Sampling Time(s): 0.2799
Loading Time(s): 1.1603
Forward Time(s): 0.4830
Backward Time(s): 0.2199
Update Time(s): 0.0131
Emb Update Time(s): 3.4927
#seeds: 6144
#inputs: 1963601
=====================
=====================
Part 25, Epoch Time(s): 5.6416
Sampling Time(s): 0.3052
Loading Time(s): 1.2960
Forward Time(s): 0.3356
Backward Time(s): 0.1939
Update Time(s): 0.0084
Emb Update Time(s): 3.4963
#seeds: 6144
#inputs: 1978099
==========================================
Part 31, Epoch Time(s): 5.6295
Sampling Time(s): 0.3190
Loading Time(s): 1.1428
Forward Time(s): 0.4350
Backward Time(s): 0.2193
Update Time(s): 0.0065
Emb Update Time(s): 3.5006
#seeds: 6144
#inputs: 1973771
=====================

=====================
Part 27, Epoch Time(s): 5.6288
Sampling Time(s): 0.2863
Loading Time(s): 1.1661
Forward Time(s): 0.4439
Backward Time(s): 0.2206
Update Time(s): 0.0100
Emb Update Time(s): 3.4958
#seeds: 6144
#inputs: 1979890
=====================
=====================
Part 28, Epoch Time(s): 5.6199
Sampling Time(s): 0.2658
Loading Time(s): 1.2021
Forward Time(s): 0.4194
Backward Time(s): 0.2205
Update Time(s): 0.0099
Emb Update Time(s): 3.4961
#seeds: 6144
#inputs: 1962346
==========================================
Part 30, Epoch Time(s): 5.6420
Sampling Time(s): 0.2890
Loading Time(s): 1.2041
Forward Time(s): 0.4166
Backward Time(s): 0.2199
Update Time(s): 0.0108
Emb Update Time(s): 3.4972
#seeds: 6144
#inputs: 1960223
=====================



|V|=2449029, eval batch size: 100000
|V|=2449029, eval batch size: 100000
|V|=2449029, eval batch size: 100000
|V|=2449029, eval batch size: 100000
|V|=2449029, eval batch size: 100000
|V|=2449029, eval batch size: 100000
|V|=2449029, eval batch size: 100000
|V|=2449029, eval batch size: 100000
|V|=2449029, eval batch size: 100000
|V|=2449029, eval batch size: 100000
|V|=2449029, eval batch size: 100000
|V|=2449029, eval batch size: 100000
|V|=2449029, eval batch size: 100000
|V|=2449029, eval batch size: 100000
|V|=2449029, eval batch size: 100000
|V|=2449029, eval batch size: 100000
|V|=2449029, eval batch size: 100000
|V|=2449029, eval batch size: 100000
|V|=2449029, eval batch size: 100000
|V|=2449029, eval batch size: 100000
|V|=2449029, eval batch size: 100000
|V|=2449029, eval batch size: 100000
|V|=2449029, eval batch size: 100000
|V|=2449029, eval batch size: 100000
|V|=2449029, eval batch size: 100000
|V|=2449029, eval batch size: 100000
|V|=2449029, eval batch size: 100000
|V|=2449029, eval batch size: 100000
|V|=2449029, eval batch size: 100000
|V|=2449029, eval batch size: 100000
|V|=2449029, eval batch size: 100000
|V|=2449029, eval batch size: 100000
|V|=2449029, eval batch size: 100000
|V|=2449029, eval batch size: 100000|V|=2449029, eval batch size: 100000

|V|=2449029, eval batch size: 100000|V|=2449029, eval batch size: 100000

|V|=2449029, eval batch size: 100000
|V|=2449029, eval batch size: 100000
|V|=2449029, eval batch size: 100000
|V|=2449029, eval batch size: 100000
|V|=2449029, eval batch size: 100000|V|=2449029, eval batch size: 100000

|V|=2449029, eval batch size: 100000
|V|=2449029, eval batch size: 100000
|V|=2449029, eval batch size: 100000|V|=2449029, eval batch size: 100000

|V|=2449029, eval batch size: 100000
|V|=2449029, eval batch size: 100000|V|=2449029, eval batch size: 100000

|V|=2449029, eval batch size: 100000|V|=2449029, eval batch size: 100000

|V|=2449029, eval batch size: 100000
|V|=2449029, eval batch size: 100000
|V|=2449029, eval batch size: 100000
|V|=2449029, eval batch size: 100000|V|=2449029, eval batch size: 100000

|V|=2449029, eval batch size: 100000
|V|=2449029, eval batch size: 100000
|V|=2449029, eval batch size: 100000
|V|=2449029, eval batch size: 100000
|V|=2449029, eval batch size: 100000
|V|=2449029, eval batch size: 100000
|V|=2449029, eval batch size: 100000
|V|=2449029, eval batch size: 100000
|V|=2449029, eval batch size: 100000|V|=2449029, eval batch size: 100000

|V|=2449029, eval batch size: 100000
|V|=2449029, eval batch size: 100000
|V|=2449029, eval batch size: 100000
|V|=2449029, eval batch size: 100000|V|=2449029, eval batch size: 100000

|V|=2449029, eval batch size: 100000
|V|=2449029, eval batch size: 100000
|V|=2449029, eval batch size: 100000
|V|=2449029, eval batch size: 100000|V|=2449029, eval batch size: 100000

|V|=2449029, eval batch size: 100000|V|=2449029, eval batch size: 100000|V|=2449029, eval batch size: 100000
|V|=2449029, eval batch size: 100000|V|=2449029, eval batch size: 100000

|V|=2449029, eval batch size: 100000
|V|=2449029, eval batch size: 100000
|V|=2449029, eval batch size: 100000
|V|=2449029, eval batch size: 100000


|V|=2449029, eval batch size: 100000
|V|=2449029, eval batch size: 100000
|V|=2449029, eval batch size: 100000
|V|=2449029, eval batch size: 100000
|V|=2449029, eval batch size: 100000
|V|=2449029, eval batch size: 100000
|V|=2449029, eval batch size: 100000
|V|=2449029, eval batch size: 100000|V|=2449029, eval batch size: 100000

|V|=2449029, eval batch size: 100000
Part 26, Val Acc 0.9211, Test Acc 0.7907, time: 6.7497
Part 0, Val Acc 0.9439, Test Acc 0.8256, time: 6.7556
Part 4, Val Acc 0.9300, Test Acc 0.8245, time: 6.7557
Part 7, Val Acc 0.9300, Test Acc 0.8243, time: 6.7559
Part 11, Val Acc 0.8828, Test Acc 0.7274, time: 6.7561
Part 3, Val Acc 0.9406, Test Acc 0.8264, time: 6.7564
Part 5, Val Acc 0.9268, Test Acc 0.8232, time: 6.7564
Part 10, Val Acc 0.8861, Test Acc 0.7260, time: 6.7564
Part 13, Val Acc 0.8723, Test Acc 0.7285, time: 6.7564
Part 6, Val Acc 0.9317, Test Acc 0.8237, time: 6.7566
Part 9, Val Acc 0.8845, Test Acc 0.7284, time: 6.7566
Part 1, Val Acc 0.9349, Test Acc 0.8237, time: 6.7577
Part 15, Val Acc 0.8714, Test Acc 0.7285, time: 6.7581
Part 2, Val Acc 0.9276, Test Acc 0.8259, time: 6.7605
Part 14, Val Acc 0.8869, Test Acc 0.7261, time: 6.7625
Part 23, Val Acc 0.8827, Test Acc 0.7783, time: 6.7629
Part 18, Val Acc 0.8828, Test Acc 0.7794, time: 6.7637
Part 20, Val Acc 0.8959, Test Acc 0.7789, time: 6.7643
Part 24, Val Acc 0.8967, Test Acc 0.7919, time: 6.7645
Part 27, Val Acc 0.9113, Test Acc 0.7930, time: 6.7657
Part 16, Val Acc 0.8910, Test Acc 0.7788, time: 6.7658
Part 22, Val Acc 0.8755, Test Acc 0.7777, time: 6.7665
Part 30, Val Acc 0.9032, Test Acc 0.7891, time: 6.7668
Part 19, Val Acc 0.8853, Test Acc 0.7794, time: 6.7685
Part 21, Val Acc 0.8812, Test Acc 0.7767, time: 6.7704
Part 28, Val Acc 0.9235, Test Acc 0.7895, time: 6.7703
Part 25, Val Acc 0.9080, Test Acc 0.7912, time: 6.7721
Part 31, Val Acc 0.9154, Test Acc 0.7908, time: 6.7748
Part 29, Val Acc 0.9194, Test Acc 0.7892, time: 6.7783
Part 17, Val Acc 0.8845, Test Acc 0.7789, time: 6.7791
Part 8, Val Acc 0.9024, Test Acc 0.7290, time: 6.7804
Part 12, Val Acc 0.8787, Test Acc 0.7274, time: 6.7828
All parts avg val acc 0.9034, test acc 0.7804
Part 16 | Epoch 00014 | Step 00000 | Loss 0.4137 | Train Acc 0.8830 | Speed (samples/sec) 1104.2486 | GPU 1976.9 MB | time 0.780 s
Part 22 | Epoch 00014 | Step 00000 | Loss 0.4098 | Train Acc 0.8990 | Speed (samples/sec) 1104.2344 | GPU 1974.0 MB | time 0.780 sPart 20 | Epoch 00014 | Step 00000 | Loss 0.4535 | Train Acc 0.8850 | Speed (samples/sec) 1104.3585 | GPU 1972.6 MB | time 0.782 s

Part 17 | Epoch 00014 | Step 00000 | Loss 0.4179 | Train Acc 0.8820 | Speed (samples/sec) 1104.7704 | GPU 1978.0 MB | time 0.767 s
Part 23 | Epoch 00014 | Step 00000 | Loss 0.4526 | Train Acc 0.8870 | Speed (samples/sec) 1104.5816 | GPU 1966.5 MB | time 0.783 s
Part 15 | Epoch 00014 | Step 00000 | Loss 0.4457 | Train Acc 0.8810 | Speed (samples/sec) 1105.6337 | GPU 2235.6 MB | time 0.788 sPart 14 | Epoch 00014 | Step 00000 | Loss 0.3940 | Train Acc 0.8900 | Speed (samples/sec) 1105.4366 | GPU 2224.7 MB | time 0.784 s

Part 8 | Epoch 00014 | Step 00000 | Loss 0.4108 | Train Acc 0.8900 | Speed (samples/sec) 1106.0671 | GPU 2224.0 MB | time 0.766 sPart 10 | Epoch 00014 | Step 00000 | Loss 0.4274 | Train Acc 0.8900 | Speed (samples/sec) 1105.9207 | GPU 2225.4 MB | time 0.790 s

Part 13 | Epoch 00014 | Step 00000 | Loss 0.4037 | Train Acc 0.8910 | Speed (samples/sec) 1104.9728 | GPU 2221.3 MB | time 0.790 s
Part 12 | Epoch 00014 | Step 00000 | Loss 0.3641 | Train Acc 0.8990 | Speed (samples/sec) 1105.0223 | GPU 2212.0 MB | time 0.763 s
Part 9 | Epoch 00014 | Step 00000 | Loss 0.4703 | Train Acc 0.8730 | Speed (samples/sec) 1104.6996 | GPU 2221.4 MB | time 0.790 s
Part 11 | Epoch 00014 | Step 00000 | Loss 0.4089 | Train Acc 0.8990 | Speed (samples/sec) 1105.7332 | GPU 2221.1 MB | time 0.790 s
Part 21 | Epoch 00014 | Step 00000 | Loss 0.4638 | Train Acc 0.8840 | Speed (samples/sec) 1105.0126 | GPU 1967.3 MB | time 0.776 s
Part 18 | Epoch 00014 | Step 00000 | Loss 0.4335 | Train Acc 0.8790 | Speed (samples/sec) 1105.2214 | GPU 1967.8 MB | time 0.782 s
Part 19 | Epoch 00014 | Step 00000 | Loss 0.4142 | Train Acc 0.8950 | Speed (samples/sec) 1104.9390 | GPU 1960.1 MB | time 0.777 s
Part 24 | Epoch 00014 | Step 00000 | Loss 0.2349 | Train Acc 0.9320 | Speed (samples/sec) 1105.2648 | GPU 2068.8 MB | time 0.781 s
Part 5 | Epoch 00014 | Step 00000 | Loss 0.1771 | Train Acc 0.9480 | Speed (samples/sec) 1101.8806 | GPU 1927.3 MB | time 0.790 s
Part 3 | Epoch 00014 | Step 00000 | Loss 0.1922 | Train Acc 0.9500 | Speed (samples/sec) 1102.6934 | GPU 1929.8 MB | time 0.790 s
Part 29 | Epoch 00014 | Step 00000 | Loss 0.2979 | Train Acc 0.9180 | Speed (samples/sec) 1105.6539 | GPU 2081.6 MB | time 0.767 sPart 6 | Epoch 00014 | Step 00000 | Loss 0.2054 | Train Acc 0.9320 | Speed (samples/sec) 1101.3857 | GPU 1930.8 MB | time 0.790 s

Part 26 | Epoch 00014 | Step 00000 | Loss 0.3375 | Train Acc 0.9050 | Speed (samples/sec) 1105.1864 | GPU 2067.8 MB | time 0.796 s
Part 28 | Epoch 00014 | Step 00000 | Loss 0.3107 | Train Acc 0.9190 | Speed (samples/sec) 1105.3698 | GPU 2055.7 MB | time 0.775 s
Part 0 | Epoch 00014 | Step 00000 | Loss 0.2466 | Train Acc 0.9350 | Speed (samples/sec) 1109.3502 | GPU 1932.8 MB | time 0.763 sPart 4 | Epoch 00014 | Step 00000 | Loss 0.2020 | Train Acc 0.9510 | Speed (samples/sec) 1102.0369 | GPU 1925.6 MB | time 0.790 s

Part 2 | Epoch 00014 | Step 00000 | Loss 0.2484 | Train Acc 0.9310 | Speed (samples/sec) 1102.7865 | GPU 1942.8 MB | time 0.786 s
Part 1 | Epoch 00014 | Step 00000 | Loss 0.2697 | Train Acc 0.9390 | Speed (samples/sec) 1102.9424 | GPU 1925.1 MB | time 0.788 sPart 7 | Epoch 00014 | Step 00000 | Loss 0.2605 | Train Acc 0.9380 | Speed (samples/sec) 1101.2918 | GPU 1924.4 MB | time 0.790 s

Part 27 | Epoch 00014 | Step 00000 | Loss 0.3504 | Train Acc 0.9090 | Speed (samples/sec) 1105.8829 | GPU 2061.3 MB | time 0.780 s
Part 31 | Epoch 00014 | Step 00000 | Loss 0.2696 | Train Acc 0.9260 | Speed (samples/sec) 1105.9847 | GPU 2066.4 MB | time 0.770 s
Part 25 | Epoch 00014 | Step 00000 | Loss 0.2932 | Train Acc 0.9190 | Speed (samples/sec) 1104.5739 | GPU 2059.5 MB | time 0.774 s
Part 30 | Epoch 00014 | Step 00000 | Loss 0.3218 | Train Acc 0.9150 | Speed (samples/sec) 1105.0035 | GPU 2076.1 MB | time 0.779 s
Avg train acc 0.9086
=====================
Part 0, Epoch Time(s): 5.5548
Sampling Time(s): 0.4363
Loading Time(s): 1.0412
Forward Time(s): 0.4889
Backward Time(s): 0.2302
Update Time(s): 0.0068
Emb Update Time(s): 3.3443
#seeds: 6145
#inputs: 1927387
==========================================
Part 2, Epoch Time(s): 5.5777
Sampling Time(s): 0.3897
Loading Time(s): 1.1208
Forward Time(s): 0.4923
Backward Time(s): 0.2180
Update Time(s): 0.0058
Emb Update Time(s): 3.3452
#seeds: 6144
#inputs: 1926819
==========================================
Part 7, Epoch Time(s): 5.5822
Sampling Time(s): 0.4101
Loading Time(s): 1.0984
Forward Time(s): 0.4870
Backward Time(s): 0.2283
Update Time(s): 0.0061
Emb Update Time(s): 3.3463
#seeds: 6144
#inputs: 1940871
=====================
=====================
Part 3, Epoch Time(s): 5.5820
Sampling Time(s): 0.4258
Loading Time(s): 1.0850
Forward Time(s): 0.4850
Backward Time(s): 0.2292
Update Time(s): 0.0053
Emb Update Time(s): 3.3458
#seeds: 6144
#inputs: 1923802
==========================================
Part 4, Epoch Time(s): 5.5826
Sampling Time(s): 0.3670
Loading Time(s): 0.9638
Forward Time(s): 0.6650
Backward Time(s): 0.2289
Update Time(s): 0.0068
Emb Update Time(s): 3.3452
#seeds: 6145
#inputs: 1917429
=====================
=====================
Part 1, Epoch Time(s): 5.5808
Sampling Time(s): 0.5179
Loading Time(s): 0.9962
Forward Time(s): 0.4791
Backward Time(s): 0.2300
Update Time(s): 0.0060
Emb Update Time(s): 3.3456
#seeds: 6144
#inputs: 1940029
==========================================
Part 6, Epoch Time(s): 5.5817
Sampling Time(s): 0.3822
Loading Time(s): 0.9856
Forward Time(s): 0.6312
Backward Time(s): 0.2243
Update Time(s): 0.0066
Emb Update Time(s): 3.3459
#seeds: 6144
#inputs: 1933037
==========================================
Part 5, Epoch Time(s): 5.5820
Sampling Time(s): 0.3581
Loading Time(s): 1.0870
Forward Time(s): 0.5507
Backward Time(s): 0.2288
Update Time(s): 0.0059
Emb Update Time(s): 3.3455
#seeds: 6144
#inputs: 1930755
=====================





=====================
Part 19, Epoch Time(s): 5.5694
Sampling Time(s): 0.3978
Loading Time(s): 1.0265
Forward Time(s): 0.5587
Backward Time(s): 0.2283
Update Time(s): 0.0061
Emb Update Time(s): 3.3464
#seeds: 6144
#inputs: 1933260
==========================================
Part 20, Epoch Time(s): 5.5740
Sampling Time(s): 0.3963
Loading Time(s): 0.9862
Forward Time(s): 0.6056
Backward Time(s): 0.2283
Update Time(s): 0.0064
Emb Update Time(s): 3.3462
#seeds: 6144
#inputs: 1937742
==========================================
Part 23, Epoch Time(s): 5.5751
Sampling Time(s): 0.4115
Loading Time(s): 1.0487
Forward Time(s): 0.5291
Backward Time(s): 0.2281
Update Time(s): 0.0074
Emb Update Time(s): 3.3452
#seeds: 6144
#inputs: 1914647
=====================


=====================
Part 18, Epoch Time(s): 5.5756
Sampling Time(s): 0.3962
Loading Time(s): 1.0300
Forward Time(s): 0.5609
Backward Time(s): 0.2285
Update Time(s): 0.0089
Emb Update Time(s): 3.3439
#seeds: 6145
#inputs: 1936493
=====================
=====================
Part 21, Epoch Time(s): 5.5679
Sampling Time(s): 0.3717
Loading Time(s): 1.0401
Forward Time(s): 0.5699
Backward Time(s): 0.2282
Update Time(s): 0.0068
Emb Update Time(s): 3.3458
#seeds: 6144
#inputs: 1928899
==========================================
Part 22, Epoch Time(s): 5.5718
Sampling Time(s): 0.3805
Loading Time(s): 1.1023
Forward Time(s): 0.5030
Backward Time(s): 0.2282
Update Time(s): 0.0082
Emb Update Time(s): 3.3446
#seeds: 6145
#inputs: 1927942
=====================

=====================
Part 17, Epoch Time(s): 5.5590
Sampling Time(s): 0.3826
Loading Time(s): 1.0710
Forward Time(s): 0.5236
Backward Time(s): 0.2243
Update Time(s): 0.0064
Emb Update Time(s): 3.3464
#seeds: 6144
#inputs: 1926612
=====================
=====================
Part 16, Epoch Time(s): 5.5725
Sampling Time(s): 0.3658
Loading Time(s): 1.1455
Forward Time(s): 0.4775
Backward Time(s): 0.2265
Update Time(s): 0.0060
Emb Update Time(s): 3.3461
#seeds: 6144
#inputs: 1947875
=====================
=====================
Part 24, Epoch Time(s): 5.5737
Sampling Time(s): 0.3424
Loading Time(s): 1.1740
Forward Time(s): 0.4867
Backward Time(s): 0.2146
Update Time(s): 0.0049
Emb Update Time(s): 3.3462
#seeds: 6144
#inputs: 1965938
==========================================
Part 30, Epoch Time(s): 5.5714
Sampling Time(s): 0.4245
Loading Time(s): 1.1631
Forward Time(s): 0.3985
Backward Time(s): 0.2252
Update Time(s): 0.0062
Emb Update Time(s): 3.3470
#seeds: 6144
#inputs: 1958624
==========================================
Part 26, Epoch Time(s): 5.5886
Sampling Time(s): 0.3476
Loading Time(s): 1.3535
Forward Time(s): 0.3199
Backward Time(s): 0.2151
Update Time(s): 0.0058
Emb Update Time(s): 3.3407
#seeds: 6145
#inputs: 1975662
==========================================
Part 31, Epoch Time(s): 5.5619
Sampling Time(s): 0.3848
Loading Time(s): 1.1767
Forward Time(s): 0.4162
Backward Time(s): 0.2247
Update Time(s): 0.0059
Emb Update Time(s): 3.3472
#seeds: 6144
#inputs: 1974796
=====================


=====================
Part 28, Epoch Time(s): 5.5673
Sampling Time(s): 0.3936
Loading Time(s): 1.2021
Forward Time(s): 0.3854
Backward Time(s): 0.2275
Update Time(s): 0.0059
Emb Update Time(s): 3.3467
#seeds: 6144
#inputs: 1955738
==========================================
Part 27, Epoch Time(s): 5.5728
Sampling Time(s): 0.3574
Loading Time(s): 1.1961
Forward Time(s): 0.4323
Backward Time(s): 0.2275
Update Time(s): 0.0060
Emb Update Time(s): 3.3469
#seeds: 6144
#inputs: 1978403
==========================================
Part 29, Epoch Time(s): 5.5598
Sampling Time(s): 0.3532
Loading Time(s): 1.0724
Forward Time(s): 0.5480
Backward Time(s): 0.2274
Update Time(s): 0.0052
Emb Update Time(s): 3.3477
#seeds: 6144
#inputs: 1970224
=====================
=====================
Part 25, Epoch Time(s): 5.5662
Sampling Time(s): 0.3808
Loading Time(s): 1.2075
Forward Time(s): 0.3934
Backward Time(s): 0.2248
Update Time(s): 0.0054
Emb Update Time(s): 3.3476
#seeds: 6144
#inputs: 1979689
=====================



=====================
Part 11, Epoch Time(s): 5.5821
Sampling Time(s): 0.3947
Loading Time(s): 1.3493
Forward Time(s): 0.2722
Backward Time(s): 0.2183
Update Time(s): 0.0050
Emb Update Time(s): 3.3376
#seeds: 6144
#inputs: 2039484
==========================================
Part 14, Epoch Time(s): 5.5759
Sampling Time(s): 0.3693
Loading Time(s): 1.2945
Forward Time(s): 0.3360
Backward Time(s): 0.2169
Update Time(s): 0.0073
Emb Update Time(s): 3.3468
#seeds: 6144
#inputs: 2043968
==========================================
Part 10, Epoch Time(s): 5.5819
Sampling Time(s): 0.3594
Loading Time(s): 1.3603
Forward Time(s): 0.3068
Backward Time(s): 0.2024
Update Time(s): 0.0067
Emb Update Time(s): 3.3413
#seeds: 6144
#inputs: 2032329
==========================================
Part 15, Epoch Time(s): 5.5804
Sampling Time(s): 0.3793
Loading Time(s): 1.2644
Forward Time(s): 0.3595
Backward Time(s): 0.2183
Update Time(s): 0.0074
Emb Update Time(s): 3.3467
#seeds: 6145
#inputs: 2038027
==========================================
Part 13, Epoch Time(s): 5.5819
Sampling Time(s): 0.3629
Loading Time(s): 1.2432
Forward Time(s): 0.4346
Backward Time(s): 0.1942
Update Time(s): 0.0068
Emb Update Time(s): 3.3352
#seeds: 6144
#inputs: 2039068
==========================================
Part 8, Epoch Time(s): 5.5578
Sampling Time(s): 0.3723
Loading Time(s): 1.2694
Forward Time(s): 0.3543
Backward Time(s): 0.2091
Update Time(s): 0.0061
Emb Update Time(s): 3.3416
#seeds: 6145
#inputs: 2036344
=====================




=====================
Part 12, Epoch Time(s): 5.5549
Sampling Time(s): 0.3995
Loading Time(s): 1.2288
Forward Time(s): 0.3476
Backward Time(s): 0.2196
Update Time(s): 0.0075
Emb Update Time(s): 3.3467
#seeds: 6144
#inputs: 2023367
=====================
=====================
Part 9, Epoch Time(s): 5.5819
Sampling Time(s): 0.3868
Loading Time(s): 1.2786
Forward Time(s): 0.3532
Backward Time(s): 0.2104
Update Time(s): 0.0060
Emb Update Time(s): 3.3416
#seeds: 6144
#inputs: 2047999
=====================

|V|=2449029, eval batch size: 100000
|V|=2449029, eval batch size: 100000
|V|=2449029, eval batch size: 100000
|V|=2449029, eval batch size: 100000
|V|=2449029, eval batch size: 100000
|V|=2449029, eval batch size: 100000
|V|=2449029, eval batch size: 100000
|V|=2449029, eval batch size: 100000
|V|=2449029, eval batch size: 100000
|V|=2449029, eval batch size: 100000
|V|=2449029, eval batch size: 100000
|V|=2449029, eval batch size: 100000
|V|=2449029, eval batch size: 100000
|V|=2449029, eval batch size: 100000
|V|=2449029, eval batch size: 100000
|V|=2449029, eval batch size: 100000
|V|=2449029, eval batch size: 100000
|V|=2449029, eval batch size: 100000
|V|=2449029, eval batch size: 100000
|V|=2449029, eval batch size: 100000
|V|=2449029, eval batch size: 100000
|V|=2449029, eval batch size: 100000
|V|=2449029, eval batch size: 100000
|V|=2449029, eval batch size: 100000
|V|=2449029, eval batch size: 100000
|V|=2449029, eval batch size: 100000
|V|=2449029, eval batch size: 100000
|V|=2449029, eval batch size: 100000
|V|=2449029, eval batch size: 100000
|V|=2449029, eval batch size: 100000
|V|=2449029, eval batch size: 100000|V|=2449029, eval batch size: 100000

|V|=2449029, eval batch size: 100000
|V|=2449029, eval batch size: 100000
|V|=2449029, eval batch size: 100000|V|=2449029, eval batch size: 100000|V|=2449029, eval batch size: 100000


|V|=2449029, eval batch size: 100000
|V|=2449029, eval batch size: 100000
|V|=2449029, eval batch size: 100000
|V|=2449029, eval batch size: 100000|V|=2449029, eval batch size: 100000

|V|=2449029, eval batch size: 100000
|V|=2449029, eval batch size: 100000
|V|=2449029, eval batch size: 100000
|V|=2449029, eval batch size: 100000
|V|=2449029, eval batch size: 100000
|V|=2449029, eval batch size: 100000|V|=2449029, eval batch size: 100000|V|=2449029, eval batch size: 100000

|V|=2449029, eval batch size: 100000|V|=2449029, eval batch size: 100000


|V|=2449029, eval batch size: 100000
|V|=2449029, eval batch size: 100000|V|=2449029, eval batch size: 100000

|V|=2449029, eval batch size: 100000
|V|=2449029, eval batch size: 100000
|V|=2449029, eval batch size: 100000
|V|=2449029, eval batch size: 100000
|V|=2449029, eval batch size: 100000
|V|=2449029, eval batch size: 100000
|V|=2449029, eval batch size: 100000
|V|=2449029, eval batch size: 100000
|V|=2449029, eval batch size: 100000
|V|=2449029, eval batch size: 100000
|V|=2449029, eval batch size: 100000
|V|=2449029, eval batch size: 100000
|V|=2449029, eval batch size: 100000
|V|=2449029, eval batch size: 100000
|V|=2449029, eval batch size: 100000
|V|=2449029, eval batch size: 100000
|V|=2449029, eval batch size: 100000
|V|=2449029, eval batch size: 100000|V|=2449029, eval batch size: 100000

|V|=2449029, eval batch size: 100000
|V|=2449029, eval batch size: 100000
|V|=2449029, eval batch size: 100000
|V|=2449029, eval batch size: 100000|V|=2449029, eval batch size: 100000
|V|=2449029, eval batch size: 100000|V|=2449029, eval batch size: 100000

|V|=2449029, eval batch size: 100000
|V|=2449029, eval batch size: 100000|V|=2449029, eval batch size: 100000


|V|=2449029, eval batch size: 100000|V|=2449029, eval batch size: 100000

|V|=2449029, eval batch size: 100000
|V|=2449029, eval batch size: 100000
|V|=2449029, eval batch size: 100000
|V|=2449029, eval batch size: 100000
|V|=2449029, eval batch size: 100000
|V|=2449029, eval batch size: 100000
|V|=2449029, eval batch size: 100000|V|=2449029, eval batch size: 100000

|V|=2449029, eval batch size: 100000
|V|=2449029, eval batch size: 100000
Part 0, Val Acc 0.9455, Test Acc 0.8264, time: 6.8529
Part 4, Val Acc 0.9292, Test Acc 0.8256, time: 6.8554
Part 8, Val Acc 0.9064, Test Acc 0.7307, time: 6.8575
Part 6, Val Acc 0.9357, Test Acc 0.8250, time: 6.8578
Part 7, Val Acc 0.9308, Test Acc 0.8259, time: 6.8581
Part 16, Val Acc 0.8918, Test Acc 0.7780, time: 6.8606
Part 17, Val Acc 0.8828, Test Acc 0.7783, time: 6.8629
Part 14, Val Acc 0.8877, Test Acc 0.7284, time: 6.8629
Part 19, Val Acc 0.8902, Test Acc 0.7788, time: 6.8630
Part 5, Val Acc 0.9300, Test Acc 0.8250, time: 6.8631
Part 12, Val Acc 0.8811, Test Acc 0.7294, time: 6.8634
Part 3, Val Acc 0.9430, Test Acc 0.8273, time: 6.8644
Part 1, Val Acc 0.9333, Test Acc 0.8257, time: 6.8656
Part 21, Val Acc 0.8820, Test Acc 0.7772, time: 6.8659
Part 20, Val Acc 0.8975, Test Acc 0.7788, time: 6.8664
Part 15, Val Acc 0.8690, Test Acc 0.7310, time: 6.8665
Part 25, Val Acc 0.9080, Test Acc 0.7942, time: 6.8670
Part 2, Val Acc 0.9268, Test Acc 0.8263, time: 6.8673
Part 22, Val Acc 0.8796, Test Acc 0.7772, time: 6.8678
Part 9, Val Acc 0.8820, Test Acc 0.7299, time: 6.8698
Part 18, Val Acc 0.8836, Test Acc 0.7781, time: 6.8705
Part 26, Val Acc 0.9235, Test Acc 0.7942, time: 6.8708
Part 10, Val Acc 0.8861, Test Acc 0.7284, time: 6.8760
Part 29, Val Acc 0.9203, Test Acc 0.7925, time: 6.8762
Part 13, Val Acc 0.8714, Test Acc 0.7304, time: 6.8765
Part 24, Val Acc 0.8983, Test Acc 0.7949, time: 6.8766
Part 11, Val Acc 0.8902, Test Acc 0.7294, time: 6.8776
Part 23, Val Acc 0.8868, Test Acc 0.7775, time: 6.8780
Part 30, Val Acc 0.9024, Test Acc 0.7921, time: 6.8805
Part 31, Val Acc 0.9105, Test Acc 0.7938, time: 6.8818
Part 27, Val Acc 0.9170, Test Acc 0.7957, time: 6.8825
Part 28, Val Acc 0.9235, Test Acc 0.7932, time: 6.8835
All parts avg val acc 0.9046, test acc 0.7819
Part 1 | Epoch 00015 | Step 00000 | Loss 0.2542 | Train Acc 0.9360 | Speed (samples/sec) 1102.4800 | GPU 1925.1 MB | time 0.833 sPart 0 | Epoch 00015 | Step 00000 | Loss 0.2365 | Train Acc 0.9360 | Speed (samples/sec) 1108.7387 | GPU 1932.8 MB | time 0.815 s

Part 4 | Epoch 00015 | Step 00000 | Loss 0.2328 | Train Acc 0.9360 | Speed (samples/sec) 1101.5060 | GPU 1925.6 MB | time 0.843 s
Part 6 | Epoch 00015 | Step 00000 | Loss 0.2569 | Train Acc 0.9300 | Speed (samples/sec) 1100.9205 | GPU 1930.8 MB | time 0.841 s
Part 3 | Epoch 00015 | Step 00000 | Loss 0.2105 | Train Acc 0.9450 | Speed (samples/sec) 1102.2326 | GPU 1929.8 MB | time 0.834 sPart 2 | Epoch 00015 | Step 00000 | Loss 0.2453 | Train Acc 0.9380 | Speed (samples/sec) 1102.3616 | GPU 1942.8 MB | time 0.831 s

Part 10 | Epoch 00015 | Step 00000 | Loss 0.4417 | Train Acc 0.8800 | Speed (samples/sec) 1105.3916 | GPU 2225.4 MB | time 0.822 sPart 11 | Epoch 00015 | Step 00000 | Loss 0.3904 | Train Acc 0.8880 | Speed (samples/sec) 1105.2409 | GPU 2221.1 MB | time 0.821 s

Part 12 | Epoch 00015 | Step 00000 | Loss 0.3433 | Train Acc 0.9030 | Speed (samples/sec) 1104.3800 | GPU 2212.0 MB | time 0.835 s
Part 14 | Epoch 00015 | Step 00000 | Loss 0.4373 | Train Acc 0.8740 | Speed (samples/sec) 1104.7543 | GPU 2224.7 MB | time 0.836 s
Part 22 | Epoch 00015 | Step 00000 | Loss 0.4203 | Train Acc 0.8990 | Speed (samples/sec) 1103.7105 | GPU 1974.0 MB | time 0.831 sPart 16 | Epoch 00015 | Step 00000 | Loss 0.3712 | Train Acc 0.8970 | Speed (samples/sec) 1103.6131 | GPU 1976.9 MB | time 0.838 s

Part 24 | Epoch 00015 | Step 00000 | Loss 0.2710 | Train Acc 0.9200 | Speed (samples/sec) 1104.7855 | GPU 2068.8 MB | time 0.822 s
Part 9 | Epoch 00015 | Step 00000 | Loss 0.4268 | Train Acc 0.8810 | Speed (samples/sec) 1104.1641 | GPU 2221.4 MB | time 0.829 s
Part 28 | Epoch 00015 | Step 00000 | Loss 0.2984 | Train Acc 0.9260 | Speed (samples/sec) 1104.9941 | GPU 2055.7 MB | time 0.815 sPart 31 | Epoch 00015 | Step 00000 | Loss 0.2727 | Train Acc 0.9230 | Speed (samples/sec) 1105.5642 | GPU 2066.4 MB | time 0.816 s

Part 30 | Epoch 00015 | Step 00000 | Loss 0.2834 | Train Acc 0.9340 | Speed (samples/sec) 1104.6184 | GPU 2076.1 MB | time 0.818 s
Part 19 | Epoch 00015 | Step 00000 | Loss 0.4066 | Train Acc 0.8890 | Speed (samples/sec) 1104.2983 | GPU 1960.1 MB | time 0.835 sPart 18 | Epoch 00015 | Step 00000 | Loss 0.4362 | Train Acc 0.8850 | Speed (samples/sec) 1104.6840 | GPU 1967.8 MB | time 0.828 sPart 20 | Epoch 00015 | Step 00000 | Loss 0.4162 | Train Acc 0.8880 | Speed (samples/sec) 1103.7945 | GPU 1972.6 MB | time 0.832 s


Part 29 | Epoch 00015 | Step 00000 | Loss 0.2668 | Train Acc 0.9330 | Speed (samples/sec) 1105.1563 | GPU 2081.6 MB | time 0.822 sPart 25 | Epoch 00015 | Step 00000 | Loss 0.2981 | Train Acc 0.9200 | Speed (samples/sec) 1104.0291 | GPU 2059.5 MB | time 0.831 s
Part 8 | Epoch 00015 | Step 00000 | Loss 0.3943 | Train Acc 0.8900 | Speed (samples/sec) 1105.2782 | GPU 2224.0 MB | time 0.841 s
Part 7 | Epoch 00015 | Step 00000 | Loss 0.2480 | Train Acc 0.9340 | Speed (samples/sec) 1100.8479 | GPU 1924.4 MB | time 0.840 s
Part 21 | Epoch 00015 | Step 00000 | Loss 0.3495 | Train Acc 0.9080 | Speed (samples/sec) 1104.4001 | GPU 1967.3 MB | time 0.833 s

Part 15 | Epoch 00015 | Step 00000 | Loss 0.3821 | Train Acc 0.8910 | Speed (samples/sec) 1104.9966 | GPU 2235.6 MB | time 0.832 s
Part 23 | Epoch 00015 | Step 00000 | Loss 0.4268 | Train Acc 0.8890 | Speed (samples/sec) 1104.1726 | GPU 1966.5 MB | time 0.820 s
Part 13 | Epoch 00015 | Step 00000 | Loss 0.4128 | Train Acc 0.8880 | Speed (samples/sec) 1104.5135 | GPU 2221.3 MB | time 0.822 s
Part 26 | Epoch 00015 | Step 00000 | Loss 0.3052 | Train Acc 0.9230 | Speed (samples/sec) 1104.6574 | GPU 2067.8 MB | time 0.827 sPart 27 | Epoch 00015 | Step 00000 | Loss 0.3724 | Train Acc 0.9010 | Speed (samples/sec) 1105.4714 | GPU 2061.6 MB | time 0.816 s

Part 5 | Epoch 00015 | Step 00000 | Loss 0.2210 | Train Acc 0.9390 | Speed (samples/sec) 1101.4532 | GPU 1927.3 MB | time 0.835 s
Part 17 | Epoch 00015 | Step 00000 | Loss 0.4464 | Train Acc 0.8800 | Speed (samples/sec) 1104.1343 | GPU 1978.0 MB | time 0.835 s
Avg train acc 0.9095
=====================
Part 1, Epoch Time(s): 5.7564
Sampling Time(s): 0.3128
Loading Time(s): 1.0716
Forward Time(s): 0.7059
Backward Time(s): 0.2267
Update Time(s): 0.0078
Emb Update Time(s): 3.4268
#seeds: 6144
#inputs: 1940066
==========================================
Part 4, Epoch Time(s): 5.7665
Sampling Time(s): 0.2947
Loading Time(s): 1.0822
Forward Time(s): 0.7232
Backward Time(s): 0.2261
Update Time(s): 0.0084
Emb Update Time(s): 3.4268
#seeds: 6145
#inputs: 1922424
==========================================
Part 0, Epoch Time(s): 5.7381
Sampling Time(s): 0.3028
Loading Time(s): 1.0573
Forward Time(s): 0.7103
Backward Time(s): 0.2269
Update Time(s): 0.0087
Emb Update Time(s): 3.4262
#seeds: 6145
#inputs: 1925636
=====================

=====================
Part 6, Epoch Time(s): 5.7641
Sampling Time(s): 0.2801
Loading Time(s): 1.2047
Forward Time(s): 0.6320
Backward Time(s): 0.2134
Update Time(s): 0.0088
Emb Update Time(s): 3.4199
#seeds: 6144
#inputs: 1929931
==========================================
Part 7, Epoch Time(s): 5.7633
Sampling Time(s): 0.2967
Loading Time(s): 1.0766
Forward Time(s): 0.7236
Backward Time(s): 0.2258
Update Time(s): 0.0071
Emb Update Time(s): 3.4283
#seeds: 6144
#inputs: 1941561
=====================


=====================
Part 2, Epoch Time(s): 5.7545
Sampling Time(s): 0.2814
Loading Time(s): 1.0601
Forward Time(s): 0.7466
Backward Time(s): 0.2262
Update Time(s): 0.0072
Emb Update Time(s): 3.4277
#seeds: 6144
#inputs: 1926874
==========================================
Part 3, Epoch Time(s): 5.7575
Sampling Time(s): 0.3126
Loading Time(s): 1.1424
Forward Time(s): 0.6363
Backward Time(s): 0.2261
Update Time(s): 0.0066
Emb Update Time(s): 3.4285
#seeds: 6144
#inputs: 1925168
==========================================
Part 5, Epoch Time(s): 5.7588
Sampling Time(s): 0.2764
Loading Time(s): 1.1435
Forward Time(s): 0.6725
Backward Time(s): 0.2260
Update Time(s): 0.0066
Emb Update Time(s): 3.4288
#seeds: 6144
#inputs: 1927357
=====================


=====================
Part 16, Epoch Time(s): 5.7611
Sampling Time(s): 0.2731
Loading Time(s): 1.0713
Forward Time(s): 0.7572
Backward Time(s): 0.2190
Update Time(s): 0.0080
Emb Update Time(s): 3.4278
#seeds: 6144
#inputs: 1947598
==========================================
Part 22, Epoch Time(s): 5.7541
Sampling Time(s): 0.2795
Loading Time(s): 1.0691
Forward Time(s): 0.7459
Backward Time(s): 0.2174
Update Time(s): 0.0092
Emb Update Time(s): 3.4282
#seeds: 6145
#inputs: 1929762
==========================================
Part 20, Epoch Time(s): 5.7556
Sampling Time(s): 0.2927
Loading Time(s): 1.0708
Forward Time(s): 0.7324
Backward Time(s): 0.2175
Update Time(s): 0.0091
Emb Update Time(s): 3.4283
#seeds: 6144
#inputs: 1941577
=====================


=====================
Part 18, Epoch Time(s): 5.7516
Sampling Time(s): 0.2979
Loading Time(s): 1.0332
Forward Time(s): 0.7607
Backward Time(s): 0.2176
Update Time(s): 0.0080
Emb Update Time(s): 3.4294
#seeds: 6145
#inputs: 1940460
==========================================
Part 23, Epoch Time(s): 5.7438
Sampling Time(s): 0.2920
Loading Time(s): 1.0064
Forward Time(s): 0.7854
Backward Time(s): 0.2168
Update Time(s): 0.0086
Emb Update Time(s): 3.4292
#seeds: 6144
#inputs: 1919141
=====================
=====================
Part 17, Epoch Time(s): 5.7584
Sampling Time(s): 0.2847
Loading Time(s): 1.0425
Forward Time(s): 0.7715
Backward Time(s): 0.2189
Update Time(s): 0.0092
Emb Update Time(s): 3.4268
#seeds: 6144
#inputs: 1927093
=====================

=====================
Part 19, Epoch Time(s): 5.7589
Sampling Time(s): 0.2957
Loading Time(s): 1.0592
Forward Time(s): 0.7436
Backward Time(s): 0.2174
Update Time(s): 0.0090
Emb Update Time(s): 3.4289
#seeds: 6144
#inputs: 1937895
=====================
=====================
Part 21, Epoch Time(s): 5.7561
Sampling Time(s): 0.2983
Loading Time(s): 0.9518
Forward Time(s): 0.8464
Backward Time(s): 0.2174
Update Time(s): 0.0087
Emb Update Time(s): 3.4291
#seeds: 6144
#inputs: 1925090
=====================
=====================
Part 12, Epoch Time(s): 5.7585
Sampling Time(s): 0.3023
Loading Time(s): 1.2630
Forward Time(s): 0.5334
Backward Time(s): 0.2182
Update Time(s): 0.0063
Emb Update Time(s): 3.4306
#seeds: 6144
#inputs: 2024446
==========================================
Part 14, Epoch Time(s): 5.7590
Sampling Time(s): 0.2684
Loading Time(s): 1.3156
Forward Time(s): 0.5315
Backward Time(s): 0.2013
Update Time(s): 0.0073
Emb Update Time(s): 3.4301
#seeds: 6144
#inputs: 2046983
==========================================
Part 10, Epoch Time(s): 5.7459
Sampling Time(s): 0.2897
Loading Time(s): 1.3355
Forward Time(s): 0.4908
Backward Time(s): 0.1942
Update Time(s): 0.0066
Emb Update Time(s): 3.4246
#seeds: 6144
#inputs: 2034353
==========================================
Part 9, Epoch Time(s): 5.7522
Sampling Time(s): 0.2876
Loading Time(s): 1.2411
Forward Time(s): 0.5630
Backward Time(s): 0.2194
Update Time(s): 0.0070
Emb Update Time(s): 3.4293
#seeds: 6144
#inputs: 2046688
=====================
=====================
Part 15, Epoch Time(s): 5.7555
Sampling Time(s): 0.2890
Loading Time(s): 1.2325
Forward Time(s): 0.5739
Backward Time(s): 0.2174
Update Time(s): 0.0078
Emb Update Time(s): 3.4298
#seeds: 6145
#inputs: 2038533
==========================================
Part 8, Epoch Time(s): 5.7644
Sampling Time(s): 0.2848
Loading Time(s): 1.3669
Forward Time(s): 0.4701
Backward Time(s): 0.2082
Update Time(s): 0.0066
Emb Update Time(s): 3.4230
#seeds: 6145
#inputs: 2034550
=====================
=====================
Part 11, Epoch Time(s): 5.7443
Sampling Time(s): 0.2888
Loading Time(s): 1.5313
Forward Time(s): 0.3015
Backward Time(s): 0.1937
Update Time(s): 0.0067
Emb Update Time(s): 3.4178
#seeds: 6144
#inputs: 2036821
=====================



=====================
Part 13, Epoch Time(s): 5.7455
Sampling Time(s): 0.2788
Loading Time(s): 1.3466
Forward Time(s): 0.4802
Backward Time(s): 0.2047
Update Time(s): 0.0066
Emb Update Time(s): 3.4238
#seeds: 6144
#inputs: 2037768
=====================

=====================
Part 27, Epoch Time(s): 5.7391
Sampling Time(s): 0.3119
Loading Time(s): 1.2832
Forward Time(s): 0.5106
Backward Time(s): 0.1975
Update Time(s): 0.0057
Emb Update Time(s): 3.4255
#seeds: 6144
#inputs: 1973941
==========================================
Part 30, Epoch Time(s): 5.7414
Sampling Time(s): 0.2664
Loading Time(s): 1.1977
Forward Time(s): 0.6205
Backward Time(s): 0.2133
Update Time(s): 0.0062
Emb Update Time(s): 3.4325
#seeds: 6144
#inputs: 1964963
==========================================
Part 24, Epoch Time(s): 5.7454
Sampling Time(s): 0.2649
Loading Time(s): 1.2275
Forward Time(s): 0.5987
Backward Time(s): 0.2115
Update Time(s): 0.0051
Emb Update Time(s): 3.4329
#seeds: 6144
#inputs: 1962428
==========================================
Part 26, Epoch Time(s): 5.7509
Sampling Time(s): 0.2807
Loading Time(s): 1.2381
Forward Time(s): 0.5725
Backward Time(s): 0.2170
Update Time(s): 0.0055
Emb Update Time(s): 3.4323
#seeds: 6145
#inputs: 1979379
==========================================
Part 25, Epoch Time(s): 5.7548
Sampling Time(s): 0.3045
Loading Time(s): 1.3125
Forward Time(s): 0.4956
Backward Time(s): 0.2016
Update Time(s): 0.0054
Emb Update Time(s): 3.4303
#seeds: 6144
#inputs: 1982566
==========================================
Part 31, Epoch Time(s): 5.7393
Sampling Time(s): 0.2901
Loading Time(s): 1.2291
Forward Time(s): 0.5573
Backward Time(s): 0.2164
Update Time(s): 0.0057
Emb Update Time(s): 3.4336
#seeds: 6144
#inputs: 1975943
=====================


=====================
Part 28, Epoch Time(s): 5.7385
Sampling Time(s): 0.2777
Loading Time(s): 1.2386
Forward Time(s): 0.5662
Backward Time(s): 0.2131
Update Time(s): 0.0069
Emb Update Time(s): 3.4314
#seeds: 6144
#inputs: 1958295
==========================================
Part 29, Epoch Time(s): 5.7455
Sampling Time(s): 0.2674
Loading Time(s): 1.1810
Forward Time(s): 0.6375
Backward Time(s): 0.2164
Update Time(s): 0.0058
Emb Update Time(s): 3.4327
#seeds: 6144
#inputs: 1970798
=====================




|V|=2449029, eval batch size: 100000
|V|=2449029, eval batch size: 100000
|V|=2449029, eval batch size: 100000
|V|=2449029, eval batch size: 100000
|V|=2449029, eval batch size: 100000
|V|=2449029, eval batch size: 100000
|V|=2449029, eval batch size: 100000
|V|=2449029, eval batch size: 100000
|V|=2449029, eval batch size: 100000
|V|=2449029, eval batch size: 100000
|V|=2449029, eval batch size: 100000
|V|=2449029, eval batch size: 100000
|V|=2449029, eval batch size: 100000
|V|=2449029, eval batch size: 100000
|V|=2449029, eval batch size: 100000
|V|=2449029, eval batch size: 100000
|V|=2449029, eval batch size: 100000
|V|=2449029, eval batch size: 100000
|V|=2449029, eval batch size: 100000
|V|=2449029, eval batch size: 100000
|V|=2449029, eval batch size: 100000
|V|=2449029, eval batch size: 100000
|V|=2449029, eval batch size: 100000
|V|=2449029, eval batch size: 100000
|V|=2449029, eval batch size: 100000
|V|=2449029, eval batch size: 100000
|V|=2449029, eval batch size: 100000
|V|=2449029, eval batch size: 100000
|V|=2449029, eval batch size: 100000
|V|=2449029, eval batch size: 100000
|V|=2449029, eval batch size: 100000
|V|=2449029, eval batch size: 100000
|V|=2449029, eval batch size: 100000
|V|=2449029, eval batch size: 100000|V|=2449029, eval batch size: 100000

|V|=2449029, eval batch size: 100000|V|=2449029, eval batch size: 100000

|V|=2449029, eval batch size: 100000
|V|=2449029, eval batch size: 100000
|V|=2449029, eval batch size: 100000
|V|=2449029, eval batch size: 100000
|V|=2449029, eval batch size: 100000
|V|=2449029, eval batch size: 100000
|V|=2449029, eval batch size: 100000|V|=2449029, eval batch size: 100000

|V|=2449029, eval batch size: 100000
|V|=2449029, eval batch size: 100000|V|=2449029, eval batch size: 100000|V|=2449029, eval batch size: 100000
|V|=2449029, eval batch size: 100000


|V|=2449029, eval batch size: 100000|V|=2449029, eval batch size: 100000

|V|=2449029, eval batch size: 100000
|V|=2449029, eval batch size: 100000
|V|=2449029, eval batch size: 100000
|V|=2449029, eval batch size: 100000|V|=2449029, eval batch size: 100000

|V|=2449029, eval batch size: 100000
|V|=2449029, eval batch size: 100000
|V|=2449029, eval batch size: 100000
|V|=2449029, eval batch size: 100000
|V|=2449029, eval batch size: 100000
|V|=2449029, eval batch size: 100000
|V|=2449029, eval batch size: 100000
|V|=2449029, eval batch size: 100000
|V|=2449029, eval batch size: 100000
|V|=2449029, eval batch size: 100000
|V|=2449029, eval batch size: 100000
|V|=2449029, eval batch size: 100000
|V|=2449029, eval batch size: 100000
|V|=2449029, eval batch size: 100000
|V|=2449029, eval batch size: 100000
|V|=2449029, eval batch size: 100000|V|=2449029, eval batch size: 100000

|V|=2449029, eval batch size: 100000
|V|=2449029, eval batch size: 100000|V|=2449029, eval batch size: 100000

|V|=2449029, eval batch size: 100000
|V|=2449029, eval batch size: 100000
|V|=2449029, eval batch size: 100000|V|=2449029, eval batch size: 100000|V|=2449029, eval batch size: 100000|V|=2449029, eval batch size: 100000


|V|=2449029, eval batch size: 100000

|V|=2449029, eval batch size: 100000
|V|=2449029, eval batch size: 100000|V|=2449029, eval batch size: 100000

|V|=2449029, eval batch size: 100000
|V|=2449029, eval batch size: 100000
|V|=2449029, eval batch size: 100000
|V|=2449029, eval batch size: 100000
|V|=2449029, eval batch size: 100000
|V|=2449029, eval batch size: 100000
|V|=2449029, eval batch size: 100000
|V|=2449029, eval batch size: 100000
|V|=2449029, eval batch size: 100000
Part 0, Val Acc 0.9471, Test Acc 0.8263, time: 6.7284
Part 4, Val Acc 0.9300, Test Acc 0.8249, time: 6.7332
Part 7, Val Acc 0.9333, Test Acc 0.8245, time: 6.7336
Part 18, Val Acc 0.8853, Test Acc 0.7807, time: 6.7394
Part 19, Val Acc 0.8893, Test Acc 0.7805, time: 6.7394
Part 22, Val Acc 0.8828, Test Acc 0.7803, time: 6.7405
Part 6, Val Acc 0.9398, Test Acc 0.8244, time: 6.7410
Part 14, Val Acc 0.8902, Test Acc 0.7290, time: 6.7412
Part 17, Val Acc 0.8902, Test Acc 0.7810, time: 6.7417
Part 20, Val Acc 0.9015, Test Acc 0.7812, time: 6.7424Part 23, Val Acc 0.8901, Test Acc 0.7796, time: 6.7424

Part 16, Val Acc 0.8910, Test Acc 0.7796, time: 6.7443
Part 3, Val Acc 0.9422, Test Acc 0.8268, time: 6.7447
Part 21, Val Acc 0.8845, Test Acc 0.7790, time: 6.7453
Part 10, Val Acc 0.8893, Test Acc 0.7290, time: 6.7456
Part 29, Val Acc 0.9170, Test Acc 0.7939, time: 6.7462
Part 2, Val Acc 0.9325, Test Acc 0.8259, time: 6.7470
Part 1, Val Acc 0.9349, Test Acc 0.8247, time: 6.7472
Part 5, Val Acc 0.9308, Test Acc 0.8241, time: 6.7492
Part 9, Val Acc 0.8877, Test Acc 0.7303, time: 6.7490
Part 27, Val Acc 0.9113, Test Acc 0.7964, time: 6.7522
Part 12, Val Acc 0.8811, Test Acc 0.7303, time: 6.7542
Part 31, Val Acc 0.9129, Test Acc 0.7950, time: 6.7547
Part 28, Val Acc 0.9243, Test Acc 0.7946, time: 6.7550
Part 26, Val Acc 0.9235, Test Acc 0.7953, time: 6.7554
Part 24, Val Acc 0.8999, Test Acc 0.7961, time: 6.7556
Part 30, Val Acc 0.9048, Test Acc 0.7937, time: 6.7575
Part 11, Val Acc 0.8967, Test Acc 0.7304, time: 6.7616
Part 8, Val Acc 0.9064, Test Acc 0.7316, time: 6.7625
Part 13, Val Acc 0.8747, Test Acc 0.7306, time: 6.7636
Part 15, Val Acc 0.8714, Test Acc 0.7321, time: 6.7641
Part 25, Val Acc 0.9080, Test Acc 0.7954, time: 6.7688
All parts avg val acc 0.9064, test acc 0.7827
Part 3 | Epoch 00016 | Step 00000 | Loss 0.2114 | Train Acc 0.9330 | Speed (samples/sec) 1100.0753 | GPU 1929.8 MB | time 0.838 sPart 5 | Epoch 00016 | Step 00000 | Loss 0.2291 | Train Acc 0.9290 | Speed (samples/sec) 1099.4054 | GPU 1927.3 MB | time 0.834 s

Part 4 | Epoch 00016 | Step 00000 | Loss 0.2474 | Train Acc 0.9290 | Speed (samples/sec) 1099.2640 | GPU 1925.6 MB | time 0.850 s
Part 0 | Epoch 00016 | Step 00000 | Loss 0.2425 | Train Acc 0.9300 | Speed (samples/sec) 1106.5157 | GPU 1932.8 MB | time 0.814 sPart 1 | Epoch 00016 | Step 00000 | Loss 0.2145 | Train Acc 0.9380 | Speed (samples/sec) 1100.3356 | GPU 1925.1 MB | time 0.836 s
Part 2 | Epoch 00016 | Step 00000 | Loss 0.2254 | Train Acc 0.9400 | Speed (samples/sec) 1100.2305 | GPU 1942.8 MB | time 0.836 s
Part 6 | Epoch 00016 | Step 00000 | Loss 0.2419 | Train Acc 0.9320 | Speed (samples/sec) 1098.7978 | GPU 1930.8 MB | time 0.842 s

Part 7 | Epoch 00016 | Step 00000 | Loss 0.2559 | Train Acc 0.9290 | Speed (samples/sec) 1098.6415 | GPU 1924.4 MB | time 0.849 s
Part 22 | Epoch 00016 | Step 00000 | Loss 0.4066 | Train Acc 0.8880 | Speed (samples/sec) 1101.4094 | GPU 1974.0 MB | time 0.843 s
Part 16 | Epoch 00016 | Step 00000 | Loss 0.4045 | Train Acc 0.8820 | Speed (samples/sec) 1101.3586 | GPU 1976.9 MB | time 0.839 s
Part 17 | Epoch 00016 | Step 00000 | Loss 0.3598 | Train Acc 0.8970 | Speed (samples/sec) 1101.8122 | GPU 1978.0 MB | time 0.842 s
Part 26 | Epoch 00016 | Step 00000 | Loss 0.2824 | Train Acc 0.9130 | Speed (samples/sec) 1102.4931 | GPU 2067.8 MB | time 0.828 s
Part 12 | Epoch 00016 | Step 00000 | Loss 0.3656 | Train Acc 0.8940 | Speed (samples/sec) 1102.2005 | GPU 2212.0 MB | time 0.829 sPart 15 | Epoch 00016 | Step 00000 | Loss 0.4139 | Train Acc 0.8840 | Speed (samples/sec) 1102.9301 | GPU 2235.6 MB | time 0.819 s

Part 10 | Epoch 00016 | Step 00000 | Loss 0.3781 | Train Acc 0.8970 | Speed (samples/sec) 1103.0345 | GPU 2225.4 MB | time 0.838 s
Part 13 | Epoch 00016 | Step 00000 | Loss 0.3782 | Train Acc 0.8930 | Speed (samples/sec) 1102.4518 | GPU 2221.3 MB | time 0.820 s
Part 23 | Epoch 00016 | Step 00000 | Loss 0.3747 | Train Acc 0.8960 | Speed (samples/sec) 1101.8634 | GPU 1966.5 MB | time 0.841 sPart 18 | Epoch 00016 | Step 00000 | Loss 0.3819 | Train Acc 0.8930 | Speed (samples/sec) 1102.3057 | GPU 1967.8 MB | time 0.844 sPart 19 | Epoch 00016 | Step 00000 | Loss 0.4453 | Train Acc 0.8850 | Speed (samples/sec) 1101.9406 | GPU 1960.1 MB | time 0.844 sPart 21 | Epoch 00016 | Step 00000 | Loss 0.4126 | Train Acc 0.8880 | Speed (samples/sec) 1102.1060 | GPU 1967.3 MB | time 0.838 s



Part 20 | Epoch 00016 | Step 00000 | Loss 0.3894 | Train Acc 0.9080 | Speed (samples/sec) 1101.5036 | GPU 1972.6 MB | time 0.841 s
Part 8 | Epoch 00016 | Step 00000 | Loss 0.3874 | Train Acc 0.8870 | Speed (samples/sec) 1103.1638 | GPU 2224.0 MB | time 0.821 s
Part 24 | Epoch 00016 | Step 00000 | Loss 0.2222 | Train Acc 0.9430 | Speed (samples/sec) 1102.5966 | GPU 2068.8 MB | time 0.828 sPart 29 | Epoch 00016 | Step 00000 | Loss 0.3249 | Train Acc 0.9300 | Speed (samples/sec) 1102.8258 | GPU 2081.6 MB | time 0.837 s
Part 14 | Epoch 00016 | Step 00000 | Loss 0.3890 | Train Acc 0.9060 | Speed (samples/sec) 1102.3823 | GPU 2224.7 MB | time 0.842 s
Part 11 | Epoch 00016 | Step 00000 | Loss 0.3891 | Train Acc 0.8980 | Speed (samples/sec) 1103.1025 | GPU 2221.1 MB | time 0.822 s

Part 9 | Epoch 00016 | Step 00000 | Loss 0.4220 | Train Acc 0.8850 | Speed (samples/sec) 1101.9278 | GPU 2221.4 MB | time 0.834 s
Part 27 | Epoch 00016 | Step 00000 | Loss 0.2687 | Train Acc 0.9240 | Speed (samples/sec) 1103.2001 | GPU 2061.6 MB | time 0.831 s
Part 31 | Epoch 00016 | Step 00000 | Loss 0.3562 | Train Acc 0.9180 | Speed (samples/sec) 1103.3183 | GPU 2066.4 MB | time 0.829 s
Part 28 | Epoch 00016 | Step 00000 | Loss 0.2685 | Train Acc 0.9170 | Speed (samples/sec) 1102.7865 | GPU 2055.7 MB | time 0.828 sPart 25 | Epoch 00016 | Step 00000 | Loss 0.2697 | Train Acc 0.9210 | Speed (samples/sec) 1102.0774 | GPU 2059.5 MB | time 0.814 s

Part 30 | Epoch 00016 | Step 00000 | Loss 0.2765 | Train Acc 0.9220 | Speed (samples/sec) 1102.4652 | GPU 2076.1 MB | time 0.826 s
Avg train acc 0.9103
=====================
Part 1, Epoch Time(s): 5.7329
Sampling Time(s): 0.3711
Loading Time(s): 1.0362
Forward Time(s): 0.3893
Backward Time(s): 0.2212
Update Time(s): 0.0060
Emb Update Time(s): 3.7043
#seeds: 6144
#inputs: 1935084
==========================================
Part 0, Epoch Time(s): 5.7108
Sampling Time(s): 0.3426
Loading Time(s): 0.9580
Forward Time(s): 0.4676
Backward Time(s): 0.2262
Update Time(s): 0.0051
Emb Update Time(s): 3.7050
#seeds: 6145
#inputs: 1929774
==========================================
Part 4, Epoch Time(s): 5.7469
Sampling Time(s): 0.3499
Loading Time(s): 0.9773
Forward Time(s): 0.4832
Backward Time(s): 0.2205
Update Time(s): 0.0055
Emb Update Time(s): 3.7055
#seeds: 6145
#inputs: 1918417
==========================================
Part 6, Epoch Time(s): 5.7391
Sampling Time(s): 0.3707
Loading Time(s): 1.0204
Forward Time(s): 0.4073
Backward Time(s): 0.2245
Update Time(s): 0.0060
Emb Update Time(s): 3.7055
#seeds: 6144
#inputs: 1927769
=====================



=====================
Part 3, Epoch Time(s): 5.7354
Sampling Time(s): 0.3546
Loading Time(s): 1.1259
Forward Time(s): 0.3151
Backward Time(s): 0.2244
Update Time(s): 0.0056
Emb Update Time(s): 3.7049
#seeds: 6144
#inputs: 1926269
==========================================
Part 5, Epoch Time(s): 5.7310
Sampling Time(s): 0.3549
Loading Time(s): 1.1258
Forward Time(s): 0.3096
Backward Time(s): 0.2251
Update Time(s): 0.0061
Emb Update Time(s): 3.7048
#seeds: 6144
#inputs: 1928835
==========================================
Part 2, Epoch Time(s): 5.7331
Sampling Time(s): 0.3511
Loading Time(s): 1.1162
Forward Time(s): 0.3247
Backward Time(s): 0.2256
Update Time(s): 0.0058
Emb Update Time(s): 3.7046
#seeds: 6144
#inputs: 1920177
==========================================
Part 7, Epoch Time(s): 5.7462
Sampling Time(s): 0.3815
Loading Time(s): 1.0946
Forward Time(s): 0.3289
Backward Time(s): 0.2243
Update Time(s): 0.0065
Emb Update Time(s): 3.7053
#seeds: 6144
#inputs: 1940523
=====================



=====================
Part 24, Epoch Time(s): 5.7246
Sampling Time(s): 0.3491
Loading Time(s): 1.1272
Forward Time(s): 0.3069
Backward Time(s): 0.2243
Update Time(s): 0.0064
Emb Update Time(s): 3.7054
#seeds: 6144
#inputs: 1964647
==========================================
Part 29, Epoch Time(s): 5.7338
Sampling Time(s): 0.3632
Loading Time(s): 1.1401
Forward Time(s): 0.2913
Backward Time(s): 0.2219
Update Time(s): 0.0059
Emb Update Time(s): 3.7065
#seeds: 6144
#inputs: 1958240
==========================================
Part 27, Epoch Time(s): 5.7278
Sampling Time(s): 0.3778
Loading Time(s): 1.2072
Forward Time(s): 0.2192
Backward Time(s): 0.2060
Update Time(s): 0.0076
Emb Update Time(s): 3.7045
#seeds: 6144
#inputs: 1978918
==========================================
Part 26, Epoch Time(s): 5.7246
Sampling Time(s): 0.3735
Loading Time(s): 1.0330
Forward Time(s): 0.3769
Backward Time(s): 0.2240
Update Time(s): 0.0063
Emb Update Time(s): 3.7057
#seeds: 6145
#inputs: 1975870
=====================


=====================
Part 30, Epoch Time(s): 5.7227
Sampling Time(s): 0.3521
Loading Time(s): 1.2082
Forward Time(s): 0.2341
Backward Time(s): 0.2100
Update Time(s): 0.0076
Emb Update Time(s): 3.7047
#seeds: 6144
#inputs: 1968019
==========================================
Part 28, Epoch Time(s): 5.7249
Sampling Time(s): 0.3682
Loading Time(s): 1.2471
Forward Time(s): 0.1919
Backward Time(s): 0.2050
Update Time(s): 0.0074
Emb Update Time(s): 3.6995
#seeds: 6144
#inputs: 1959219
==========================================
Part 31, Epoch Time(s): 5.7253
Sampling Time(s): 0.4014
Loading Time(s): 1.0960
Forward Time(s): 0.2952
Backward Time(s): 0.2149
Update Time(s): 0.0067
Emb Update Time(s): 3.7056
#seeds: 6144
#inputs: 1974030
=====================
=====================
Part 25, Epoch Time(s): 5.7110
Sampling Time(s): 0.3819
Loading Time(s): 1.1887
Forward Time(s): 0.2174
Backward Time(s): 0.2050
Update Time(s): 0.0085
Emb Update Time(s): 3.7038
#seeds: 6144
#inputs: 1983278
=====================



=====================
Part 11, Epoch Time(s): 5.7184
Sampling Time(s): 0.4002
Loading Time(s): 1.2891
Forward Time(s): 0.1534
Backward Time(s): 0.1735
Update Time(s): 0.0076
Emb Update Time(s): 3.6895
#seeds: 6144
#inputs: 2044074
==========================================
Part 10, Epoch Time(s): 5.7345
Sampling Time(s): 0.3892
Loading Time(s): 1.2587
Forward Time(s): 0.1880
Backward Time(s): 0.1904
Update Time(s): 0.0065
Emb Update Time(s): 3.6964
#seeds: 6144
#inputs: 2031424
==========================================
Part 13, Epoch Time(s): 5.7166
Sampling Time(s): 0.3719
Loading Time(s): 1.3000
Forward Time(s): 0.1557
Backward Time(s): 0.1778
Update Time(s): 0.0073
Emb Update Time(s): 3.6990
#seeds: 6144
#inputs: 2044765
=====================


=====================
Part 8, Epoch Time(s): 5.7177
Sampling Time(s): 0.3422
Loading Time(s): 1.2589
Forward Time(s): 0.2087
Backward Time(s): 0.2013
Update Time(s): 0.0067
Emb Update Time(s): 3.6949
#seeds: 6145
#inputs: 2028909
==========================================
Part 9, Epoch Time(s): 5.7312
Sampling Time(s): 0.3651
Loading Time(s): 1.2158
Forward Time(s): 0.2179
Backward Time(s): 0.2146
Update Time(s): 0.0091
Emb Update Time(s): 3.7035
#seeds: 6144
#inputs: 2034792
=====================

=====================
Part 14, Epoch Time(s): 5.7392
Sampling Time(s): 0.3579
Loading Time(s): 1.2848
Forward Time(s): 0.1761
Backward Time(s): 0.2072
Update Time(s): 0.0069
Emb Update Time(s): 3.7009
#seeds: 6144
#inputs: 2041547
=====================
=====================
Part 15, Epoch Time(s): 5.7159
Sampling Time(s): 0.3591
Loading Time(s): 1.2151
Forward Time(s): 0.2065
Backward Time(s): 0.2170
Update Time(s): 0.0094
Emb Update Time(s): 3.7038
#seeds: 6145
#inputs: 2034802
==========================================
Part 12, Epoch Time(s): 5.7261
Sampling Time(s): 0.3407
Loading Time(s): 1.2392
Forward Time(s): 0.2323
Backward Time(s): 0.2006
Update Time(s): 0.0068
Emb Update Time(s): 3.7017
#seeds: 6144
#inputs: 2024410
=====================

=====================
Part 18, Epoch Time(s): 5.7407
Sampling Time(s): 0.3543
Loading Time(s): 1.0202
Forward Time(s): 0.4232
Backward Time(s): 0.2244
Update Time(s): 0.0089
Emb Update Time(s): 3.7034
#seeds: 6145
#inputs: 1939572
==========================================
Part 23, Epoch Time(s): 5.7377
Sampling Time(s): 0.3815
Loading Time(s): 1.0399
Forward Time(s): 0.3733
Backward Time(s): 0.2234
Update Time(s): 0.0119
Emb Update Time(s): 3.7018
#seeds: 6144
#inputs: 1913961
==========================================
Part 20, Epoch Time(s): 5.7377
Sampling Time(s): 0.3796
Loading Time(s): 1.0230
Forward Time(s): 0.3958
Backward Time(s): 0.2212
Update Time(s): 0.0069
Emb Update Time(s): 3.7060
#seeds: 6144
#inputs: 1933465
==========================================
Part 17, Epoch Time(s): 5.7384
Sampling Time(s): 0.3533
Loading Time(s): 1.0832
Forward Time(s): 0.3643
Backward Time(s): 0.2211
Update Time(s): 0.0079
Emb Update Time(s): 3.7035
#seeds: 6144
#inputs: 1930951
==========================================
Part 16, Epoch Time(s): 5.7356
Sampling Time(s): 0.3452
Loading Time(s): 1.0258
Forward Time(s): 0.4275
Backward Time(s): 0.2188
Update Time(s): 0.0079
Emb Update Time(s): 3.7045
#seeds: 6144
#inputs: 1946538
=====================
=====================
Part 21, Epoch Time(s): 5.7348
Sampling Time(s): 0.4091
Loading Time(s): 1.0682
Forward Time(s): 0.3211
Backward Time(s): 0.2185
Update Time(s): 0.0077
Emb Update Time(s): 3.7051
#seeds: 6144
#inputs: 1921857
=====================


=====================
Part 19, Epoch Time(s): 5.7407
Sampling Time(s): 0.3525
Loading Time(s): 1.0282
Forward Time(s): 0.4184
Backward Time(s): 0.2216
Update Time(s): 0.0091
Emb Update Time(s): 3.7041
#seeds: 6144
#inputs: 1929835
=====================
=====================
Part 22, Epoch Time(s): 5.7396
Sampling Time(s): 0.3525
Loading Time(s): 1.1123
Forward Time(s): 0.3373
Backward Time(s): 0.2192
Update Time(s): 0.0081
Emb Update Time(s): 3.7050
#seeds: 6145
#inputs: 1929235
=====================


|V|=2449029, eval batch size: 100000
|V|=2449029, eval batch size: 100000
|V|=2449029, eval batch size: 100000
|V|=2449029, eval batch size: 100000
|V|=2449029, eval batch size: 100000
|V|=2449029, eval batch size: 100000
|V|=2449029, eval batch size: 100000
|V|=2449029, eval batch size: 100000
|V|=2449029, eval batch size: 100000
|V|=2449029, eval batch size: 100000
|V|=2449029, eval batch size: 100000
|V|=2449029, eval batch size: 100000
|V|=2449029, eval batch size: 100000
|V|=2449029, eval batch size: 100000
|V|=2449029, eval batch size: 100000
|V|=2449029, eval batch size: 100000
|V|=2449029, eval batch size: 100000|V|=2449029, eval batch size: 100000

|V|=2449029, eval batch size: 100000
|V|=2449029, eval batch size: 100000
|V|=2449029, eval batch size: 100000
|V|=2449029, eval batch size: 100000
|V|=2449029, eval batch size: 100000
|V|=2449029, eval batch size: 100000
|V|=2449029, eval batch size: 100000
|V|=2449029, eval batch size: 100000
|V|=2449029, eval batch size: 100000
|V|=2449029, eval batch size: 100000
|V|=2449029, eval batch size: 100000
|V|=2449029, eval batch size: 100000
|V|=2449029, eval batch size: 100000
|V|=2449029, eval batch size: 100000
|V|=2449029, eval batch size: 100000|V|=2449029, eval batch size: 100000|V|=2449029, eval batch size: 100000


|V|=2449029, eval batch size: 100000
|V|=2449029, eval batch size: 100000
|V|=2449029, eval batch size: 100000
|V|=2449029, eval batch size: 100000
|V|=2449029, eval batch size: 100000|V|=2449029, eval batch size: 100000
|V|=2449029, eval batch size: 100000
|V|=2449029, eval batch size: 100000|V|=2449029, eval batch size: 100000


|V|=2449029, eval batch size: 100000
|V|=2449029, eval batch size: 100000|V|=2449029, eval batch size: 100000|V|=2449029, eval batch size: 100000
|V|=2449029, eval batch size: 100000
|V|=2449029, eval batch size: 100000
|V|=2449029, eval batch size: 100000|V|=2449029, eval batch size: 100000
|V|=2449029, eval batch size: 100000|V|=2449029, eval batch size: 100000


|V|=2449029, eval batch size: 100000

|V|=2449029, eval batch size: 100000|V|=2449029, eval batch size: 100000


|V|=2449029, eval batch size: 100000
|V|=2449029, eval batch size: 100000
|V|=2449029, eval batch size: 100000|V|=2449029, eval batch size: 100000

|V|=2449029, eval batch size: 100000
|V|=2449029, eval batch size: 100000
|V|=2449029, eval batch size: 100000
|V|=2449029, eval batch size: 100000
|V|=2449029, eval batch size: 100000|V|=2449029, eval batch size: 100000

|V|=2449029, eval batch size: 100000
|V|=2449029, eval batch size: 100000|V|=2449029, eval batch size: 100000

|V|=2449029, eval batch size: 100000
|V|=2449029, eval batch size: 100000
|V|=2449029, eval batch size: 100000
|V|=2449029, eval batch size: 100000|V|=2449029, eval batch size: 100000|V|=2449029, eval batch size: 100000|V|=2449029, eval batch size: 100000



|V|=2449029, eval batch size: 100000
|V|=2449029, eval batch size: 100000
|V|=2449029, eval batch size: 100000|V|=2449029, eval batch size: 100000

|V|=2449029, eval batch size: 100000
|V|=2449029, eval batch size: 100000
|V|=2449029, eval batch size: 100000
|V|=2449029, eval batch size: 100000
|V|=2449029, eval batch size: 100000
|V|=2449029, eval batch size: 100000
|V|=2449029, eval batch size: 100000
|V|=2449029, eval batch size: 100000
|V|=2449029, eval batch size: 100000
|V|=2449029, eval batch size: 100000
|V|=2449029, eval batch size: 100000
|V|=2449029, eval batch size: 100000
|V|=2449029, eval batch size: 100000
|V|=2449029, eval batch size: 100000
|V|=2449029, eval batch size: 100000
Part 7, Val Acc 0.9341, Test Acc 0.8253, time: 6.6001
Part 0, Val Acc 0.9455, Test Acc 0.8269, time: 6.6015
Part 4, Val Acc 0.9292, Test Acc 0.8254, time: 6.6067
Part 6, Val Acc 0.9422, Test Acc 0.8249, time: 6.6071
Part 12, Val Acc 0.8836, Test Acc 0.7291, time: 6.6132
Part 9, Val Acc 0.8836, Test Acc 0.7295, time: 6.6140
Part 23, Val Acc 0.8860, Test Acc 0.7765, time: 6.6155
Part 3, Val Acc 0.9438, Test Acc 0.8272, time: 6.6179
Part 29, Val Acc 0.9170, Test Acc 0.7913, time: 6.6184
Part 22, Val Acc 0.8861, Test Acc 0.7769, time: 6.6199
Part 21, Val Acc 0.8812, Test Acc 0.7760, time: 6.6201
Part 18, Val Acc 0.8845, Test Acc 0.7776, time: 6.6203
Part 17, Val Acc 0.8853, Test Acc 0.7782, time: 6.6203
Part 5, Val Acc 0.9292, Test Acc 0.8246, time: 6.6205
Part 2, Val Acc 0.9317, Test Acc 0.8263, time: 6.6208
Part 13, Val Acc 0.8779, Test Acc 0.7299, time: 6.6229
Part 24, Val Acc 0.9032, Test Acc 0.7936, time: 6.6241
Part 14, Val Acc 0.8902, Test Acc 0.7278, time: 6.6242
Part 28, Val Acc 0.9267, Test Acc 0.7917, time: 6.6244
Part 20, Val Acc 0.9040, Test Acc 0.7781, time: 6.6250
Part 30, Val Acc 0.9056, Test Acc 0.7909, time: 6.6255
Part 15, Val Acc 0.8714, Test Acc 0.7300, time: 6.6255
Part 16, Val Acc 0.8926, Test Acc 0.7763, time: 6.6258
Part 1, Val Acc 0.9308, Test Acc 0.8253, time: 6.6271
Part 27, Val Acc 0.9178, Test Acc 0.7934, time: 6.6277
Part 31, Val Acc 0.9170, Test Acc 0.7913, time: 6.6333
Part 26, Val Acc 0.9251, Test Acc 0.7925, time: 6.6338
Part 11, Val Acc 0.8950, Test Acc 0.7295, time: 6.6343
Part 19, Val Acc 0.8926, Test Acc 0.7780, time: 6.6356
Part 25, Val Acc 0.9121, Test Acc 0.7933, time: 6.6389
Part 10, Val Acc 0.8893, Test Acc 0.7274, time: 6.6418
Part 8, Val Acc 0.9097, Test Acc 0.7301, time: 6.6423
All parts avg val acc 0.9070, test acc 0.7811
Part 0 | Epoch 00017 | Step 00000 | Loss 0.2204 | Train Acc 0.9370 | Speed (samples/sec) 1105.1854 | GPU 1932.8 MB | time 0.785 s
Part 3 | Epoch 00017 | Step 00000 | Loss 0.2525 | Train Acc 0.9390 | Speed (samples/sec) 1098.7679 | GPU 1929.8 MB | time 0.810 s
Part 1 | Epoch 00017 | Step 00000 | Loss 0.2335 | Train Acc 0.9390 | Speed (samples/sec) 1099.1353 | GPU 1925.1 MB | time 0.801 s
Part 5 | Epoch 00017 | Step 00000 | Loss 0.2085 | Train Acc 0.9350 | Speed (samples/sec) 1098.1707 | GPU 1927.3 MB | time 0.808 s
Part 2 | Epoch 00017 | Step 00000 | Loss 0.2259 | Train Acc 0.9470 | Speed (samples/sec) 1098.9529 | GPU 1942.8 MB | time 0.807 s
Part 4 | Epoch 00017 | Step 00000 | Loss 0.2257 | Train Acc 0.9320 | Speed (samples/sec) 1097.8695 | GPU 1925.6 MB | time 0.822 s
Part 7 | Epoch 00017 | Step 00000 | Loss 0.1937 | Train Acc 0.9460 | Speed (samples/sec) 1097.1946 | GPU 1924.4 MB | time 0.828 s
Part 19 | Epoch 00017 | Step 00000 | Loss 0.4307 | Train Acc 0.8740 | Speed (samples/sec) 1100.7843 | GPU 1960.1 MB | time 0.793 s
Part 23 | Epoch 00017 | Step 00000 | Loss 0.4630 | Train Acc 0.8740 | Speed (samples/sec) 1100.4321 | GPU 1966.5 MB | time 0.813 s
Part 20 | Epoch 00017 | Step 00000 | Loss 0.4003 | Train Acc 0.8860 | Speed (samples/sec) 1100.2099 | GPU 1972.6 MB | time 0.803 s
Part 16 | Epoch 00017 | Step 00000 | Loss 0.4391 | Train Acc 0.8790 | Speed (samples/sec) 1100.0907 | GPU 1976.9 MB | time 0.802 sPart 21 | Epoch 00017 | Step 00000 | Loss 0.4428 | Train Acc 0.8960 | Speed (samples/sec) 1100.7112 | GPU 1967.3 MB | time 0.808 sPart 22 | Epoch 00017 | Step 00000 | Loss 0.3768 | Train Acc 0.8920 | Speed (samples/sec) 1100.0658 | GPU 1974.0 MB | time 0.808 s


Part 6 | Epoch 00017 | Step 00000 | Loss 0.2420 | Train Acc 0.9330 | Speed (samples/sec) 1097.4257 | GPU 1930.8 MB | time 0.821 s
Part 18 | Epoch 00017 | Step 00000 | Loss 0.3840 | Train Acc 0.9040 | Speed (samples/sec) 1100.9252 | GPU 1967.8 MB | time 0.808 s
Part 17 | Epoch 00017 | Step 00000 | Loss 0.4182 | Train Acc 0.8790 | Speed (samples/sec) 1100.4380 | GPU 1978.0 MB | time 0.808 s
Part 8 | Epoch 00017 | Step 00000 | Loss 0.3489 | Train Acc 0.9100 | Speed (samples/sec) 1102.0131 | GPU 2224.0 MB | time 0.786 s
Part 14 | Epoch 00017 | Step 00000 | Loss 0.3731 | Train Acc 0.8860 | Speed (samples/sec) 1101.0258 | GPU 2224.7 MB | time 0.804 s
Part 15 | Epoch 00017 | Step 00000 | Loss 0.4367 | Train Acc 0.8700 | Speed (samples/sec) 1101.5631 | GPU 2235.6 MB | time 0.803 s
Part 11 | Epoch 00017 | Step 00000 | Loss 0.3853 | Train Acc 0.8940 | Speed (samples/sec) 1101.8415 | GPU 2221.1 MB | time 0.794 s
Part 12 | Epoch 00017 | Step 00000 | Loss 0.3556 | Train Acc 0.8910 | Speed (samples/sec) 1100.7076 | GPU 2212.0 MB | time 0.815 s
Part 10 | Epoch 00017 | Step 00000 | Loss 0.3996 | Train Acc 0.8870 | Speed (samples/sec) 1101.8702 | GPU 2225.4 MB | time 0.786 s
Part 9 | Epoch 00017 | Step 00000 | Loss 0.3429 | Train Acc 0.9060 | Speed (samples/sec) 1100.4629 | GPU 2221.4 MB | time 0.814 s
Part 13 | Epoch 00017 | Step 00000 | Loss 0.4774 | Train Acc 0.8780 | Speed (samples/sec) 1101.0699 | GPU 2221.3 MB | time 0.805 s
Part 24 | Epoch 00017 | Step 00000 | Loss 0.2843 | Train Acc 0.9280 | Speed (samples/sec) 1101.2269 | GPU 2068.8 MB | time 0.804 s
Part 27 | Epoch 00017 | Step 00000 | Loss 0.3149 | Train Acc 0.9120 | Speed (samples/sec) 1101.8428 | GPU 2062.9 MB | time 0.800 s
Part 29 | Epoch 00017 | Step 00000 | Loss 0.2820 | Train Acc 0.9300 | Speed (samples/sec) 1101.3640 | GPU 2081.6 MB | time 0.810 s
Part 26 | Epoch 00017 | Step 00000 | Loss 0.3047 | Train Acc 0.9140 | Speed (samples/sec) 1101.2636 | GPU 2067.8 MB | time 0.794 s
Part 31 | Epoch 00017 | Step 00000 | Loss 0.2781 | Train Acc 0.9190 | Speed (samples/sec) 1102.0265 | GPU 2066.4 MB | time 0.795 s
Part 25 | Epoch 00017 | Step 00000 | Loss 0.3067 | Train Acc 0.9060 | Speed (samples/sec) 1100.9370 | GPU 2059.5 MB | time 0.790 s
Part 30 | Epoch 00017 | Step 00000 | Loss 0.2738 | Train Acc 0.9260 | Speed (samples/sec) 1101.1258 | GPU 2076.1 MB | time 0.803 s
Part 28 | Epoch 00017 | Step 00000 | Loss 0.2726 | Train Acc 0.9260 | Speed (samples/sec) 1101.4133 | GPU 2055.7 MB | time 0.804 s
Avg train acc 0.9086
=====================
Part 4, Epoch Time(s): 5.9004
Sampling Time(s): 0.2794
Loading Time(s): 1.0003
Forward Time(s): 0.5351
Backward Time(s): 0.2289
Update Time(s): 0.0091
Emb Update Time(s): 3.8415
#seeds: 6145
#inputs: 1924234
==========================================
Part 7, Epoch Time(s): 5.9069
Sampling Time(s): 0.3037
Loading Time(s): 1.1380
Forward Time(s): 0.3793
Backward Time(s): 0.2284
Update Time(s): 0.0097
Emb Update Time(s): 3.8416
#seeds: 6144
#inputs: 1942778
==========================================
Part 1, Epoch Time(s): 5.8798
Sampling Time(s): 0.2914
Loading Time(s): 1.0520
Forward Time(s): 0.4560
Backward Time(s): 0.2250
Update Time(s): 0.0082
Emb Update Time(s): 3.8418
#seeds: 6144
#inputs: 1937120
=====================

=====================
Part 3, Epoch Time(s): 5.8891
Sampling Time(s): 0.2929
Loading Time(s): 1.1252
Forward Time(s): 0.3904
Backward Time(s): 0.2247
Update Time(s): 0.0082
Emb Update Time(s): 3.8421
#seeds: 6144
#inputs: 1923472
=====================
=====================
Part 5, Epoch Time(s): 5.8865
Sampling Time(s): 0.2839
Loading Time(s): 1.1899
Forward Time(s): 0.3350
Backward Time(s): 0.2209
Update Time(s): 0.0099
Emb Update Time(s): 3.8408
#seeds: 6144
#inputs: 1926757
==========================================
Part 2, Epoch Time(s): 5.8862
Sampling Time(s): 0.2944
Loading Time(s): 1.1354
Forward Time(s): 0.3701
Backward Time(s): 0.2295
Update Time(s): 0.0079
Emb Update Time(s): 3.8426
#seeds: 6144
#inputs: 1924084
=====================

=====================
Part 6, Epoch Time(s): 5.9001
Sampling Time(s): 0.2974
Loading Time(s): 1.0537
Forward Time(s): 0.4633
Backward Time(s): 0.2285
Update Time(s): 0.0078
Emb Update Time(s): 3.8432
#seeds: 6144
#inputs: 1931635
=====================
=====================
Part 0, Epoch Time(s): 5.8646
Sampling Time(s): 0.2959
Loading Time(s): 1.1346
Forward Time(s): 0.3471
Backward Time(s): 0.2297
Update Time(s): 0.0074
Emb Update Time(s): 3.8429
#seeds: 6145
#inputs: 1935338
=====================

=====================
Part 20, Epoch Time(s): 5.8820
Sampling Time(s): 0.3071
Loading Time(s): 0.9994
Forward Time(s): 0.4903
Backward Time(s): 0.2276
Update Time(s): 0.0082
Emb Update Time(s): 3.8440
#seeds: 6144
#inputs: 1940158
==========================================
Part 18, Epoch Time(s): 5.8867
Sampling Time(s): 0.2828
Loading Time(s): 1.0351
Forward Time(s): 0.4834
Backward Time(s): 0.2277
Update Time(s): 0.0093
Emb Update Time(s): 3.8428
#seeds: 6145
#inputs: 1935545
=====================

=====================
Part 22, Epoch Time(s): 5.8869
Sampling Time(s): 0.2821
Loading Time(s): 1.0968
Forward Time(s): 0.4243
Backward Time(s): 0.2265
Update Time(s): 0.0086
Emb Update Time(s): 3.8431
#seeds: 6145
#inputs: 1930559
==========================================
Part 17, Epoch Time(s): 5.8866
Sampling Time(s): 0.2835
Loading Time(s): 1.1369
Forward Time(s): 0.3804
Backward Time(s): 0.2279
Update Time(s): 0.0081
Emb Update Time(s): 3.8440
#seeds: 6144
#inputs: 1927963
==========================================
Part 16, Epoch Time(s): 5.8811
Sampling Time(s): 0.2974
Loading Time(s): 1.0782
Forward Time(s): 0.4202
Backward Time(s): 0.2280
Update Time(s): 0.0068
Emb Update Time(s): 3.8450
#seeds: 6144
#inputs: 1948366
==========================================
Part 19, Epoch Time(s): 5.8713
Sampling Time(s): 0.2621
Loading Time(s): 1.0842
Forward Time(s): 0.4401
Backward Time(s): 0.2275
Update Time(s): 0.0067
Emb Update Time(s): 3.8452
#seeds: 6144
#inputs: 1934588
=====================
=====================
Part 23, Epoch Time(s): 5.8915
Sampling Time(s): 0.2943
Loading Time(s): 0.9745
Forward Time(s): 0.5407
Backward Time(s): 0.2245
Update Time(s): 0.0093
Emb Update Time(s): 3.8429
#seeds: 6144
#inputs: 1914763
=====================



=====================
Part 21, Epoch Time(s): 5.8869
Sampling Time(s): 0.3149
Loading Time(s): 1.0978
Forward Time(s): 0.3888
Backward Time(s): 0.2276
Update Time(s): 0.0081
Emb Update Time(s): 3.8439
#seeds: 6144
#inputs: 1922391
=====================
=====================
Part 24, Epoch Time(s): 5.8827
Sampling Time(s): 0.2639
Loading Time(s): 1.1367
Forward Time(s): 0.3967
Backward Time(s): 0.2278
Update Time(s): 0.0052
Emb Update Time(s): 3.8469
#seeds: 6144
#inputs: 1967855
==========================================
Part 26, Epoch Time(s): 5.8731
Sampling Time(s): 0.2742
Loading Time(s): 1.1627
Forward Time(s): 0.3616
Backward Time(s): 0.2165
Update Time(s): 0.0057
Emb Update Time(s): 3.8467
#seeds: 6145
#inputs: 1973314
=====================

=====================
Part 29, Epoch Time(s): 5.8885
Sampling Time(s): 0.3071
Loading Time(s): 1.1553
Forward Time(s): 0.3406
Backward Time(s): 0.2277
Update Time(s): 0.0051
Emb Update Time(s): 3.8471
#seeds: 6144
#inputs: 1957325
==========================================
Part 28, Epoch Time(s): 5.8825
Sampling Time(s): 0.2987
Loading Time(s): 1.2093
Forward Time(s): 0.2895
Backward Time(s): 0.2264
Update Time(s): 0.0059
Emb Update Time(s): 3.8466
#seeds: 6144
#inputs: 1960931
=====================
=====================
Part 30, Epoch Time(s): 5.8817
Sampling Time(s): 0.3103
Loading Time(s): 1.2010
Forward Time(s): 0.2832
Backward Time(s): 0.2278
Update Time(s): 0.0057
Emb Update Time(s): 3.8468
#seeds: 6144
#inputs: 1957129
=====================
=====================
Part 25, Epoch Time(s): 5.8683
Sampling Time(s): 0.2756
Loading Time(s): 1.1955
Forward Time(s): 0.3134
Backward Time(s): 0.2251
Update Time(s): 0.0060
Emb Update Time(s): 3.8465
#seeds: 6144
#inputs: 1980440
==========================================
Part 31, Epoch Time(s): 5.8737
Sampling Time(s): 0.2877
Loading Time(s): 1.2080
Forward Time(s): 0.3108
Backward Time(s): 0.2131
Update Time(s): 0.0059
Emb Update Time(s): 3.8424
#seeds: 6144
#inputs: 1973970
=====================

=====================
Part 27, Epoch Time(s): 5.8802
Sampling Time(s): 0.2802
Loading Time(s): 1.2185
Forward Time(s): 0.2953
Backward Time(s): 0.2273
Update Time(s): 0.0060
Emb Update Time(s): 3.8464
#seeds: 6144
#inputs: 1976360
=====================

=====================
Part 12, Epoch Time(s): 5.8937
Sampling Time(s): 0.3485
Loading Time(s): 1.2357
Forward Time(s): 0.2453
Backward Time(s): 0.2053
Update Time(s): 0.0080
Emb Update Time(s): 3.8455
#seeds: 6144
#inputs: 2026709
==========================================
Part 8, Epoch Time(s): 5.8647
Sampling Time(s): 0.2884
Loading Time(s): 1.3261
Forward Time(s): 0.2117
Backward Time(s): 0.1910
Update Time(s): 0.0078
Emb Update Time(s): 3.8345
#seeds: 6145
#inputs: 2038408
==========================================
Part 9, Epoch Time(s): 5.8929
Sampling Time(s): 0.3465
Loading Time(s): 1.1849
Forward Time(s): 0.2852
Backward Time(s): 0.2182
Update Time(s): 0.0072
Emb Update Time(s): 3.8455
#seeds: 6144
#inputs: 2039042
==========================================
Part 15, Epoch Time(s): 5.8815
Sampling Time(s): 0.2872
Loading Time(s): 1.3586
Forward Time(s): 0.2005
Backward Time(s): 0.1847
Update Time(s): 0.0078
Emb Update Time(s): 3.8373
#seeds: 6145
#inputs: 2030655
==========================================
Part 10, Epoch Time(s): 5.8651
Sampling Time(s): 0.3094
Loading Time(s): 1.3284
Forward Time(s): 0.1826
Backward Time(s): 0.1906
Update Time(s): 0.0088
Emb Update Time(s): 3.8399
#seeds: 6144
#inputs: 2032621
==========================================
Part 14, Epoch Time(s): 5.8826
Sampling Time(s): 0.2648
Loading Time(s): 1.2342
Forward Time(s): 0.3158
Backward Time(s): 0.2141
Update Time(s): 0.0080
Emb Update Time(s): 3.8402
#seeds: 6144
#inputs: 2044789
==========================================
Part 13, Epoch Time(s): 5.8840
Sampling Time(s): 0.2898
Loading Time(s): 1.3270
Forward Time(s): 0.2057
Backward Time(s): 0.2041
Update Time(s): 0.0079
Emb Update Time(s): 3.8441
#seeds: 6144
#inputs: 2052496
==========================================
Part 11, Epoch Time(s): 5.8723
Sampling Time(s): 0.2932
Loading Time(s): 1.2717
Forward Time(s): 0.2408
Backward Time(s): 0.2080
Update Time(s): 0.0067
Emb Update Time(s): 3.8465
#seeds: 6144
#inputs: 2040621
=====================







|V|=2449029, eval batch size: 100000
|V|=2449029, eval batch size: 100000
|V|=2449029, eval batch size: 100000
|V|=2449029, eval batch size: 100000
|V|=2449029, eval batch size: 100000
|V|=2449029, eval batch size: 100000
|V|=2449029, eval batch size: 100000
|V|=2449029, eval batch size: 100000
|V|=2449029, eval batch size: 100000
|V|=2449029, eval batch size: 100000
|V|=2449029, eval batch size: 100000
|V|=2449029, eval batch size: 100000
|V|=2449029, eval batch size: 100000
|V|=2449029, eval batch size: 100000
|V|=2449029, eval batch size: 100000
|V|=2449029, eval batch size: 100000
|V|=2449029, eval batch size: 100000
|V|=2449029, eval batch size: 100000
|V|=2449029, eval batch size: 100000
|V|=2449029, eval batch size: 100000
|V|=2449029, eval batch size: 100000
|V|=2449029, eval batch size: 100000
|V|=2449029, eval batch size: 100000
|V|=2449029, eval batch size: 100000
|V|=2449029, eval batch size: 100000
|V|=2449029, eval batch size: 100000
|V|=2449029, eval batch size: 100000
|V|=2449029, eval batch size: 100000
|V|=2449029, eval batch size: 100000
|V|=2449029, eval batch size: 100000
|V|=2449029, eval batch size: 100000
|V|=2449029, eval batch size: 100000
|V|=2449029, eval batch size: 100000|V|=2449029, eval batch size: 100000
|V|=2449029, eval batch size: 100000

|V|=2449029, eval batch size: 100000
|V|=2449029, eval batch size: 100000
|V|=2449029, eval batch size: 100000
|V|=2449029, eval batch size: 100000
|V|=2449029, eval batch size: 100000
|V|=2449029, eval batch size: 100000
|V|=2449029, eval batch size: 100000
|V|=2449029, eval batch size: 100000|V|=2449029, eval batch size: 100000

|V|=2449029, eval batch size: 100000
|V|=2449029, eval batch size: 100000|V|=2449029, eval batch size: 100000
|V|=2449029, eval batch size: 100000

|V|=2449029, eval batch size: 100000|V|=2449029, eval batch size: 100000

|V|=2449029, eval batch size: 100000
|V|=2449029, eval batch size: 100000|V|=2449029, eval batch size: 100000
|V|=2449029, eval batch size: 100000|V|=2449029, eval batch size: 100000
|V|=2449029, eval batch size: 100000


|V|=2449029, eval batch size: 100000
|V|=2449029, eval batch size: 100000
|V|=2449029, eval batch size: 100000
|V|=2449029, eval batch size: 100000
|V|=2449029, eval batch size: 100000
|V|=2449029, eval batch size: 100000
|V|=2449029, eval batch size: 100000|V|=2449029, eval batch size: 100000

|V|=2449029, eval batch size: 100000
|V|=2449029, eval batch size: 100000
|V|=2449029, eval batch size: 100000
|V|=2449029, eval batch size: 100000
|V|=2449029, eval batch size: 100000
|V|=2449029, eval batch size: 100000
|V|=2449029, eval batch size: 100000|V|=2449029, eval batch size: 100000

|V|=2449029, eval batch size: 100000
|V|=2449029, eval batch size: 100000
|V|=2449029, eval batch size: 100000|V|=2449029, eval batch size: 100000

|V|=2449029, eval batch size: 100000
|V|=2449029, eval batch size: 100000
|V|=2449029, eval batch size: 100000
|V|=2449029, eval batch size: 100000|V|=2449029, eval batch size: 100000

|V|=2449029, eval batch size: 100000
|V|=2449029, eval batch size: 100000
|V|=2449029, eval batch size: 100000
|V|=2449029, eval batch size: 100000|V|=2449029, eval batch size: 100000
|V|=2449029, eval batch size: 100000

|V|=2449029, eval batch size: 100000
|V|=2449029, eval batch size: 100000
|V|=2449029, eval batch size: 100000
|V|=2449029, eval batch size: 100000
|V|=2449029, eval batch size: 100000
|V|=2449029, eval batch size: 100000
|V|=2449029, eval batch size: 100000
|V|=2449029, eval batch size: 100000
|V|=2449029, eval batch size: 100000
Part 8, Val Acc 0.9097, Test Acc 0.7303, time: 6.8018
Part 10, Val Acc 0.8893, Test Acc 0.7279, time: 6.8026
Part 11, Val Acc 0.8991, Test Acc 0.7291, time: 6.8050
Part 3, Val Acc 0.9430, Test Acc 0.8306, time: 6.8097
Part 4, Val Acc 0.9341, Test Acc 0.8286, time: 6.8100
Part 0, Val Acc 0.9496, Test Acc 0.8308, time: 6.8106
Part 5, Val Acc 0.9308, Test Acc 0.8286, time: 6.8108
Part 2, Val Acc 0.9365, Test Acc 0.8299, time: 6.8115
Part 13, Val Acc 0.8739, Test Acc 0.7294, time: 6.8115
Part 7, Val Acc 0.9333, Test Acc 0.8291, time: 6.8122
Part 22, Val Acc 0.8788, Test Acc 0.7794, time: 6.8123
Part 14, Val Acc 0.8885, Test Acc 0.7276, time: 6.8127
Part 12, Val Acc 0.8787, Test Acc 0.7282, time: 6.8128
Part 25, Val Acc 0.9047, Test Acc 0.7960, time: 6.8134
Part 17, Val Acc 0.8885, Test Acc 0.7806, time: 6.8153
Part 1, Val Acc 0.9300, Test Acc 0.8289, time: 6.8163
Part 26, Val Acc 0.9251, Test Acc 0.7957, time: 6.8166
Part 6, Val Acc 0.9414, Test Acc 0.8284, time: 6.8181
Part 18, Val Acc 0.8796, Test Acc 0.7798, time: 6.8183
Part 24, Val Acc 0.8999, Test Acc 0.7968, time: 6.8198
Part 27, Val Acc 0.9178, Test Acc 0.7967, time: 6.8220
Part 16, Val Acc 0.8910, Test Acc 0.7792, time: 6.8224
Part 29, Val Acc 0.9235, Test Acc 0.7940, time: 6.8232
Part 20, Val Acc 0.8975, Test Acc 0.7803, time: 6.8241
Part 30, Val Acc 0.9048, Test Acc 0.7948, time: 6.8259
Part 23, Val Acc 0.8884, Test Acc 0.7790, time: 6.8276
Part 19, Val Acc 0.8910, Test Acc 0.7804, time: 6.8303
Part 21, Val Acc 0.8828, Test Acc 0.7786, time: 6.8309
Part 28, Val Acc 0.9300, Test Acc 0.7950, time: 6.8309
Part 9, Val Acc 0.8820, Test Acc 0.7291, time: 6.8309
Part 15, Val Acc 0.8763, Test Acc 0.7297, time: 6.8370
Part 31, Val Acc 0.9138, Test Acc 0.7956, time: 6.8401
All parts avg val acc 0.9067, test acc 0.7834
Part 16 | Epoch 00018 | Step 00000 | Loss 0.4582 | Train Acc 0.8750 | Speed (samples/sec) 1097.4017 | GPU 1976.9 MB | time 0.775 s
Part 18 | Epoch 00018 | Step 00000 | Loss 0.3893 | Train Acc 0.8940 | Speed (samples/sec) 1098.1449 | GPU 1967.8 MB | time 0.780 s
Part 22 | Epoch 00018 | Step 00000 | Loss 0.3675 | Train Acc 0.9040 | Speed (samples/sec) 1097.2550 | GPU 1974.0 MB | time 0.786 s
Part 2 | Epoch 00018 | Step 00000 | Loss 0.2175 | Train Acc 0.9530 | Speed (samples/sec) 1096.1932 | GPU 1942.8 MB | time 0.786 s
Part 7 | Epoch 00018 | Step 00000 | Loss 0.2230 | Train Acc 0.9550 | Speed (samples/sec) 1094.5406 | GPU 1924.4 MB | time 0.786 s
Part 6 | Epoch 00018 | Step 00000 | Loss 0.1987 | Train Acc 0.9430 | Speed (samples/sec) 1094.8365 | GPU 1930.8 MB | time 0.780 sPart 0 | Epoch 00018 | Step 00000 | Loss 0.2027 | Train Acc 0.9410 | Speed (samples/sec) 1102.4803 | GPU 1932.8 MB | time 0.757 s

Part 3 | Epoch 00018 | Step 00000 | Loss 0.1993 | Train Acc 0.9510 | Speed (samples/sec) 1095.9906 | GPU 1929.8 MB | time 0.788 s
Part 1 | Epoch 00018 | Step 00000 | Loss 0.1897 | Train Acc 0.9460 | Speed (samples/sec) 1096.4182 | GPU 1925.1 MB | time 0.782 s
Part 8 | Epoch 00018 | Step 00000 | Loss 0.4077 | Train Acc 0.8810 | Speed (samples/sec) 1098.9553 | GPU 2224.0 MB | time 0.796 s
Part 5 | Epoch 00018 | Step 00000 | Loss 0.2406 | Train Acc 0.9340 | Speed (samples/sec) 1095.4409 | GPU 1927.3 MB | time 0.787 s
Part 9 | Epoch 00018 | Step 00000 | Loss 0.2976 | Train Acc 0.9230 | Speed (samples/sec) 1097.8734 | GPU 2221.4 MB | time 0.767 s
Part 13 | Epoch 00018 | Step 00000 | Loss 0.3261 | Train Acc 0.9010 | Speed (samples/sec) 1098.1807 | GPU 2221.3 MB | time 0.787 s
Part 10 | Epoch 00018 | Step 00000 | Loss 0.4433 | Train Acc 0.8710 | Speed (samples/sec) 1098.8206 | GPU 2225.4 MB | time 0.795 s
Part 17 | Epoch 00018 | Step 00000 | Loss 0.3743 | Train Acc 0.8950 | Speed (samples/sec) 1097.6366 | GPU 1978.0 MB | time 0.783 s
Part 4 | Epoch 00018 | Step 00000 | Loss 0.2457 | Train Acc 0.9420 | Speed (samples/sec) 1095.1573 | GPU 1925.6 MB | time 0.788 s
Part 23 | Epoch 00018 | Step 00000 | Loss 0.3719 | Train Acc 0.9050 | Speed (samples/sec) 1097.7937 | GPU 1967.7 MB | time 0.770 s
Part 21 | Epoch 00018 | Step 00000 | Loss 0.3756 | Train Acc 0.8880 | Speed (samples/sec) 1098.1136 | GPU 1967.3 MB | time 0.767 s
Part 19 | Epoch 00018 | Step 00000 | Loss 0.4730 | Train Acc 0.8680 | Speed (samples/sec) 1098.1645 | GPU 1960.1 MB | time 0.767 s
Part 11 | Epoch 00018 | Step 00000 | Loss 0.3750 | Train Acc 0.8940 | Speed (samples/sec) 1098.8259 | GPU 2221.1 MB | time 0.793 s
Part 12 | Epoch 00018 | Step 00000 | Loss 0.4018 | Train Acc 0.8990 | Speed (samples/sec) 1097.8558 | GPU 2212.0 MB | time 0.785 s
Part 14 | Epoch 00018 | Step 00000 | Loss 0.3883 | Train Acc 0.8920 | Speed (samples/sec) 1098.1534 | GPU 2224.7 MB | time 0.785 s
Part 30 | Epoch 00018 | Step 00000 | Loss 0.2833 | Train Acc 0.9240 | Speed (samples/sec) 1098.4440 | GPU 2076.1 MB | time 0.772 s
Part 31 | Epoch 00018 | Step 00000 | Loss 0.2703 | Train Acc 0.9350 | Speed (samples/sec) 1099.4768 | GPU 2066.4 MB | time 0.758 sPart 24 | Epoch 00018 | Step 00000 | Loss 0.2491 | Train Acc 0.9270 | Speed (samples/sec) 1098.4345 | GPU 2068.8 MB | time 0.778 s

Part 26 | Epoch 00018 | Step 00000 | Loss 0.3549 | Train Acc 0.9140 | Speed (samples/sec) 1098.4404 | GPU 2067.8 MB | time 0.781 s
Part 29 | Epoch 00018 | Step 00000 | Loss 0.2604 | Train Acc 0.9300 | Speed (samples/sec) 1098.6124 | GPU 2081.6 MB | time 0.775 s
Part 20 | Epoch 00018 | Step 00000 | Loss 0.3772 | Train Acc 0.8930 | Speed (samples/sec) 1097.5370 | GPU 1972.6 MB | time 0.774 s
Part 28 | Epoch 00018 | Step 00000 | Loss 0.2880 | Train Acc 0.9230 | Speed (samples/sec) 1098.7686 | GPU 2055.7 MB | time 0.767 s
Part 25 | Epoch 00018 | Step 00000 | Loss 0.2769 | Train Acc 0.9320 | Speed (samples/sec) 1098.0811 | GPU 2059.5 MB | time 0.785 s
Part 27 | Epoch 00018 | Step 00000 | Loss 0.2748 | Train Acc 0.9280 | Speed (samples/sec) 1099.0503 | GPU 2062.9 MB | time 0.776 s
Part 15 | Epoch 00018 | Step 00000 | Loss 0.4153 | Train Acc 0.8860 | Speed (samples/sec) 1099.0032 | GPU 2235.6 MB | time 0.761 s
Avg train acc 0.9140
=====================
Part 7, Epoch Time(s): 5.5871
Sampling Time(s): 0.2923
Loading Time(s): 1.1281
Forward Time(s): 0.3330
Backward Time(s): 0.2256
Update Time(s): 0.0074
Emb Update Time(s): 3.5914
#seeds: 6144
#inputs: 1940275
==========================================
Part 2, Epoch Time(s): 5.5877
Sampling Time(s): 0.2948
Loading Time(s): 1.1027
Forward Time(s): 0.3566
Backward Time(s): 0.2267
Update Time(s): 0.0060
Emb Update Time(s): 3.5917
#seeds: 6144
#inputs: 1919713
==========================================
Part 3, Epoch Time(s): 5.5894
Sampling Time(s): 0.3090
Loading Time(s): 1.0854
Forward Time(s): 0.3687
Backward Time(s): 0.2189
Update Time(s): 0.0056
Emb Update Time(s): 3.5923
#seeds: 6144
#inputs: 1923777
=====================


=====================
Part 4, Epoch Time(s): 5.5892
Sampling Time(s): 0.2966
Loading Time(s): 1.0138
Forward Time(s): 0.4449
Backward Time(s): 0.2263
Update Time(s): 0.0068
Emb Update Time(s): 3.5915
#seeds: 6145
#inputs: 1914458
==========================================
Part 1, Epoch Time(s): 5.5829
Sampling Time(s): 0.3414
Loading Time(s): 1.0379
Forward Time(s): 0.3704
Backward Time(s): 0.2260
Update Time(s): 0.0069
Emb Update Time(s): 3.5909
#seeds: 6144
#inputs: 1941853
=====================

=====================
Part 5, Epoch Time(s): 5.5886
Sampling Time(s): 0.2791
Loading Time(s): 1.0819
Forward Time(s): 0.3931
Backward Time(s): 0.2261
Update Time(s): 0.0063
Emb Update Time(s): 3.5927
#seeds: 6144
#inputs: 1924111
=====================
=====================
Part 6, Epoch Time(s): 5.5812
Sampling Time(s): 0.2981
Loading Time(s): 0.9975
Forward Time(s): 0.4577
Backward Time(s): 0.2198
Update Time(s): 0.0077
Emb Update Time(s): 3.5910
#seeds: 6144
#inputs: 1933999
=====================
=====================
Part 0, Epoch Time(s): 5.5585
Sampling Time(s): 0.3089
Loading Time(s): 1.0353
Forward Time(s): 0.3786
Backward Time(s): 0.2271
Update Time(s): 0.0068
Emb Update Time(s): 3.5912
#seeds: 6145
#inputs: 1931154
=====================
=====================
Part 22, Epoch Time(s): 5.5869
Sampling Time(s): 0.2824
Loading Time(s): 1.1244
Forward Time(s): 0.3457
Backward Time(s): 0.2237
Update Time(s): 0.0058
Emb Update Time(s): 3.5957
#seeds: 6145
#inputs: 1934814
==========================================
Part 17, Epoch Time(s): 5.5840
Sampling Time(s): 0.2718
Loading Time(s): 1.1168
Forward Time(s): 0.3608
Backward Time(s): 0.2244
Update Time(s): 0.0056
Emb Update Time(s): 3.5953
#seeds: 6144
#inputs: 1920907
=====================

=====================
Part 16, Epoch Time(s): 5.5769
Sampling Time(s): 0.2861
Loading Time(s): 1.1285
Forward Time(s): 0.3283
Backward Time(s): 0.2244
Update Time(s): 0.0052
Emb Update Time(s): 3.5952
#seeds: 6144
#inputs: 1951097
==========================================
Part 18, Epoch Time(s): 5.5810
Sampling Time(s): 0.2697
Loading Time(s): 1.0151
Forward Time(s): 0.4646
Backward Time(s): 0.2218
Update Time(s): 0.0056
Emb Update Time(s): 3.5952
#seeds: 6145
#inputs: 1941323
=====================

=====================
Part 23, Epoch Time(s): 5.5716
Sampling Time(s): 0.2863
Loading Time(s): 0.9951
Forward Time(s): 0.4557
Backward Time(s): 0.2229
Update Time(s): 0.0058
Emb Update Time(s): 3.5965
#seeds: 6144
#inputs: 1917519
=====================
=====================
Part 21, Epoch Time(s): 5.5681
Sampling Time(s): 0.3014
Loading Time(s): 1.0586
Forward Time(s): 0.3738
Backward Time(s): 0.2239
Update Time(s): 0.0061
Emb Update Time(s): 3.5948
#seeds: 6144
#inputs: 1928910
==========================================
Part 19, Epoch Time(s): 5.5688
Sampling Time(s): 0.2913
Loading Time(s): 1.0387
Forward Time(s): 0.4068
Backward Time(s): 0.2217
Update Time(s): 0.0054
Emb Update Time(s): 3.5957
#seeds: 6144
#inputs: 1927154
=====================

=====================
Part 20, Epoch Time(s): 5.5752
Sampling Time(s): 0.2933
Loading Time(s): 1.1181
Forward Time(s): 0.3282
Backward Time(s): 0.2238
Update Time(s): 0.0067
Emb Update Time(s): 3.5986
#seeds: 6144
#inputs: 1940387
=====================
=====================
Part 9, Epoch Time(s): 5.5681
Sampling Time(s): 0.2981
Loading Time(s): 1.2044
Forward Time(s): 0.2389
Backward Time(s): 0.2170
Update Time(s): 0.0057
Emb Update Time(s): 3.5948
#seeds: 6144
#inputs: 2037748
==========================================
Part 12, Epoch Time(s): 5.5872
Sampling Time(s): 0.2924
Loading Time(s): 1.1676
Forward Time(s): 0.3094
Backward Time(s): 0.2119
Update Time(s): 0.0061
Emb Update Time(s): 3.5901
#seeds: 6144
#inputs: 2025938
=====================
=====================
Part 15, Epoch Time(s): 5.5622
Sampling Time(s): 0.3033
Loading Time(s): 1.3166
Forward Time(s): 0.1686
Backward Time(s): 0.1710
Update Time(s): 0.0052
Emb Update Time(s): 3.5873
#seeds: 6145
#inputs: 2040761
=====================
=====================
Part 10, Epoch Time(s): 5.5975
Sampling Time(s): 0.2607
Loading Time(s): 1.3122
Forward Time(s): 0.2205
Backward Time(s): 0.1975
Update Time(s): 0.0063
Emb Update Time(s): 3.5907
#seeds: 6144
#inputs: 2037264
==========================================
Part 13, Epoch Time(s): 5.5886
Sampling Time(s): 0.2979
Loading Time(s): 1.3401
Forward Time(s): 0.1804
Backward Time(s): 0.1739
Update Time(s): 0.0059
Emb Update Time(s): 3.5807
#seeds: 6144
#inputs: 2048143
==========================================
Part 11, Epoch Time(s): 5.5946
Sampling Time(s): 0.2771
Loading Time(s): 1.3441
Forward Time(s): 0.1851
Backward Time(s): 0.1867
Update Time(s): 0.0062
Emb Update Time(s): 3.5859
#seeds: 6144
#inputs: 2043795
=====================
=====================
Part 8, Epoch Time(s): 5.5981
Sampling Time(s): 0.2772
Loading Time(s): 1.3340
Forward Time(s): 0.1858
Backward Time(s): 0.1971
Update Time(s): 0.0051
Emb Update Time(s): 3.5893
#seeds: 6145
#inputs: 2035487
=====================



=====================
Part 14, Epoch Time(s): 5.5870
Sampling Time(s): 0.2832
Loading Time(s): 1.2441
Forward Time(s): 0.2304
Backward Time(s): 0.2187
Update Time(s): 0.0062
Emb Update Time(s): 3.5948
#seeds: 6144
#inputs: 2048614
=====================
=====================
Part 30, Epoch Time(s): 5.5738
Sampling Time(s): 0.2972
Loading Time(s): 1.2138
Forward Time(s): 0.2290
Backward Time(s): 0.2237
Update Time(s): 0.0072
Emb Update Time(s): 3.5931
#seeds: 6144
#inputs: 1968854
=====================
=====================
Part 27, Epoch Time(s): 5.5777
Sampling Time(s): 0.3100
Loading Time(s): 1.1671
Forward Time(s): 0.2667
Backward Time(s): 0.2229
Update Time(s): 0.0066
Emb Update Time(s): 3.5941
#seeds: 6144
#inputs: 1970070
=====================
=====================
Part 29, Epoch Time(s): 5.5770
Sampling Time(s): 0.2813
Loading Time(s): 1.1326
Forward Time(s): 0.3290
Backward Time(s): 0.2235
Update Time(s): 0.0056
Emb Update Time(s): 3.5949
#seeds: 6144
#inputs: 1963539
==========================================
Part 24, Epoch Time(s): 5.5804
Sampling Time(s): 0.2703
Loading Time(s): 1.1061
Forward Time(s): 0.3694
Backward Time(s): 0.2243
Update Time(s): 0.0065
Emb Update Time(s): 3.5938
#seeds: 6144
#inputs: 1966476
==========================================
Part 31, Epoch Time(s): 5.5596
Sampling Time(s): 0.2923
Loading Time(s): 1.2333
Forward Time(s): 0.2013
Backward Time(s): 0.2220
Update Time(s): 0.0074
Emb Update Time(s): 3.5932
#seeds: 6144
#inputs: 1973706
==========================================
Part 25, Epoch Time(s): 5.5869
Sampling Time(s): 0.3410
Loading Time(s): 1.1558
Forward Time(s): 0.2752
Backward Time(s): 0.2111
Update Time(s): 0.0088
Emb Update Time(s): 3.5846
#seeds: 6144
#inputs: 1988342
==========================================
Part 28, Epoch Time(s): 5.5694
Sampling Time(s): 0.2816
Loading Time(s): 1.2710
Forward Time(s): 0.1920
Backward Time(s): 0.2140
Update Time(s): 0.0067
Emb Update Time(s): 3.5936
#seeds: 6144
#inputs: 1962561
==========================================
Part 26, Epoch Time(s): 5.5835
Sampling Time(s): 0.2867
Loading Time(s): 1.1322
Forward Time(s): 0.3301
Backward Time(s): 0.2241
Update Time(s): 0.0053
Emb Update Time(s): 3.5949
#seeds: 6145
#inputs: 1974368
=====================





|V|=2449029, eval batch size: 100000
|V|=2449029, eval batch size: 100000
|V|=2449029, eval batch size: 100000
|V|=2449029, eval batch size: 100000
|V|=2449029, eval batch size: 100000
|V|=2449029, eval batch size: 100000
|V|=2449029, eval batch size: 100000
|V|=2449029, eval batch size: 100000
|V|=2449029, eval batch size: 100000
|V|=2449029, eval batch size: 100000
|V|=2449029, eval batch size: 100000
|V|=2449029, eval batch size: 100000
|V|=2449029, eval batch size: 100000
|V|=2449029, eval batch size: 100000
|V|=2449029, eval batch size: 100000
|V|=2449029, eval batch size: 100000
|V|=2449029, eval batch size: 100000
|V|=2449029, eval batch size: 100000
|V|=2449029, eval batch size: 100000
|V|=2449029, eval batch size: 100000
|V|=2449029, eval batch size: 100000
|V|=2449029, eval batch size: 100000
|V|=2449029, eval batch size: 100000
|V|=2449029, eval batch size: 100000
|V|=2449029, eval batch size: 100000
|V|=2449029, eval batch size: 100000
|V|=2449029, eval batch size: 100000
|V|=2449029, eval batch size: 100000
|V|=2449029, eval batch size: 100000
|V|=2449029, eval batch size: 100000
|V|=2449029, eval batch size: 100000
|V|=2449029, eval batch size: 100000
|V|=2449029, eval batch size: 100000
|V|=2449029, eval batch size: 100000
|V|=2449029, eval batch size: 100000
|V|=2449029, eval batch size: 100000
|V|=2449029, eval batch size: 100000
|V|=2449029, eval batch size: 100000
|V|=2449029, eval batch size: 100000
|V|=2449029, eval batch size: 100000
|V|=2449029, eval batch size: 100000|V|=2449029, eval batch size: 100000

|V|=2449029, eval batch size: 100000
|V|=2449029, eval batch size: 100000
|V|=2449029, eval batch size: 100000
|V|=2449029, eval batch size: 100000
|V|=2449029, eval batch size: 100000
|V|=2449029, eval batch size: 100000
|V|=2449029, eval batch size: 100000
|V|=2449029, eval batch size: 100000
|V|=2449029, eval batch size: 100000
|V|=2449029, eval batch size: 100000
|V|=2449029, eval batch size: 100000|V|=2449029, eval batch size: 100000

|V|=2449029, eval batch size: 100000
|V|=2449029, eval batch size: 100000
|V|=2449029, eval batch size: 100000
|V|=2449029, eval batch size: 100000
|V|=2449029, eval batch size: 100000
|V|=2449029, eval batch size: 100000
|V|=2449029, eval batch size: 100000
|V|=2449029, eval batch size: 100000
|V|=2449029, eval batch size: 100000
|V|=2449029, eval batch size: 100000
|V|=2449029, eval batch size: 100000
|V|=2449029, eval batch size: 100000
|V|=2449029, eval batch size: 100000|V|=2449029, eval batch size: 100000

|V|=2449029, eval batch size: 100000
|V|=2449029, eval batch size: 100000
|V|=2449029, eval batch size: 100000
|V|=2449029, eval batch size: 100000
|V|=2449029, eval batch size: 100000|V|=2449029, eval batch size: 100000

|V|=2449029, eval batch size: 100000
|V|=2449029, eval batch size: 100000
|V|=2449029, eval batch size: 100000
|V|=2449029, eval batch size: 100000
|V|=2449029, eval batch size: 100000
|V|=2449029, eval batch size: 100000
|V|=2449029, eval batch size: 100000
|V|=2449029, eval batch size: 100000
|V|=2449029, eval batch size: 100000
|V|=2449029, eval batch size: 100000|V|=2449029, eval batch size: 100000|V|=2449029, eval batch size: 100000


|V|=2449029, eval batch size: 100000
|V|=2449029, eval batch size: 100000
|V|=2449029, eval batch size: 100000
|V|=2449029, eval batch size: 100000
|V|=2449029, eval batch size: 100000
|V|=2449029, eval batch size: 100000
|V|=2449029, eval batch size: 100000|V|=2449029, eval batch size: 100000

|V|=2449029, eval batch size: 100000
|V|=2449029, eval batch size: 100000
Part 4, Val Acc 0.9365, Test Acc 0.8310, time: 6.8830
Part 5, Val Acc 0.9325, Test Acc 0.8301, time: 6.8833
Part 3, Val Acc 0.9446, Test Acc 0.8327, time: 6.8837
Part 6, Val Acc 0.9430, Test Acc 0.8307, time: 6.8837
Part 17, Val Acc 0.8893, Test Acc 0.7773, time: 6.8843
Part 0, Val Acc 0.9479, Test Acc 0.8320, time: 6.8846
Part 20, Val Acc 0.8999, Test Acc 0.7785, time: 6.8847
Part 7, Val Acc 0.9365, Test Acc 0.8311, time: 6.8852
Part 2, Val Acc 0.9382, Test Acc 0.8319, time: 6.8854
Part 1, Val Acc 0.9333, Test Acc 0.8311, time: 6.8864
Part 18, Val Acc 0.8812, Test Acc 0.7773, time: 6.8888
Part 26, Val Acc 0.9260, Test Acc 0.7931, time: 6.8887
Part 31, Val Acc 0.9121, Test Acc 0.7936, time: 6.8888
Part 23, Val Acc 0.8925, Test Acc 0.7758, time: 6.8895
Part 30, Val Acc 0.9064, Test Acc 0.7926, time: 6.8897
Part 28, Val Acc 0.9292, Test Acc 0.7923, time: 6.8897
Part 22, Val Acc 0.8845, Test Acc 0.7765, time: 6.8904
Part 19, Val Acc 0.8975, Test Acc 0.7777, time: 6.8917
Part 12, Val Acc 0.8795, Test Acc 0.7303, time: 6.8938
Part 24, Val Acc 0.9007, Test Acc 0.7942, time: 6.8941
Part 21, Val Acc 0.8820, Test Acc 0.7754, time: 6.8947
Part 27, Val Acc 0.9203, Test Acc 0.7950, time: 6.8975
Part 16, Val Acc 0.8983, Test Acc 0.7761, time: 6.8993
Part 8, Val Acc 0.9097, Test Acc 0.7324, time: 6.9022
Part 14, Val Acc 0.8910, Test Acc 0.7297, time: 6.9036
Part 29, Val Acc 0.9186, Test Acc 0.7922, time: 6.9055
Part 9, Val Acc 0.8836, Test Acc 0.7314, time: 6.9063
Part 25, Val Acc 0.9104, Test Acc 0.7945, time: 6.9067
Part 15, Val Acc 0.8796, Test Acc 0.7320, time: 6.9072
Part 13, Val Acc 0.8796, Test Acc 0.7312, time: 6.9086
Part 10, Val Acc 0.8902, Test Acc 0.7300, time: 6.9142
Part 11, Val Acc 0.9040, Test Acc 0.7311, time: 6.9165
All parts avg val acc 0.9087, test acc 0.7832
Part 21 | Epoch 00019 | Step 00000 | Loss 0.3390 | Train Acc 0.9100 | Speed (samples/sec) 1096.0077 | GPU 1967.3 MB | time 0.816 sPart 16 | Epoch 00019 | Step 00000 | Loss 0.3900 | Train Acc 0.8930 | Speed (samples/sec) 1095.3869 | GPU 1976.9 MB | time 0.811 sPart 17 | Epoch 00019 | Step 00000 | Loss 0.3616 | Train Acc 0.8930 | Speed (samples/sec) 1095.4447 | GPU 1978.0 MB | time 0.826 sPart 19 | Epoch 00019 | Step 00000 | Loss 0.4114 | Train Acc 0.8720 | Speed (samples/sec) 1096.0194 | GPU 1960.1 MB | time 0.819 s



Part 18 | Epoch 00019 | Step 00000 | Loss 0.3377 | Train Acc 0.9080 | Speed (samples/sec) 1095.9802 | GPU 1967.8 MB | time 0.822 s
Part 24 | Epoch 00019 | Step 00000 | Loss 0.2339 | Train Acc 0.9340 | Speed (samples/sec) 1096.3026 | GPU 2068.8 MB | time 0.816 s
Part 28 | Epoch 00019 | Step 00000 | Loss 0.3127 | Train Acc 0.9160 | Speed (samples/sec) 1096.5715 | GPU 2055.7 MB | time 0.821 sPart 25 | Epoch 00019 | Step 00000 | Loss 0.2672 | Train Acc 0.9290 | Speed (samples/sec) 1096.1212 | GPU 2059.5 MB | time 0.803 sPart 30 | Epoch 00019 | Step 00000 | Loss 0.2199 | Train Acc 0.9420 | Speed (samples/sec) 1096.2596 | GPU 2076.1 MB | time 0.821 s


Part 27 | Epoch 00019 | Step 00000 | Loss 0.3214 | Train Acc 0.9150 | Speed (samples/sec) 1096.9285 | GPU 2062.9 MB | time 0.813 s
Part 29 | Epoch 00019 | Step 00000 | Loss 0.2673 | Train Acc 0.9240 | Speed (samples/sec) 1096.6048 | GPU 2081.6 MB | time 0.805 s
Part 20 | Epoch 00019 | Step 00000 | Loss 0.4463 | Train Acc 0.8810 | Speed (samples/sec) 1095.3459 | GPU 1972.6 MB | time 0.826 s
Part 31 | Epoch 00019 | Step 00000 | Loss 0.3374 | Train Acc 0.9130 | Speed (samples/sec) 1097.2297 | GPU 2066.4 MB | time 0.822 s
Part 26 | Epoch 00019 | Step 00000 | Loss 0.2567 | Train Acc 0.9320 | Speed (samples/sec) 1096.2598 | GPU 2067.8 MB | time 0.822 s
Part 22 | Epoch 00019 | Step 00000 | Loss 0.4166 | Train Acc 0.8850 | Speed (samples/sec) 1095.1603 | GPU 1974.0 MB | time 0.820 s
Part 23 | Epoch 00019 | Step 00000 | Loss 0.3565 | Train Acc 0.9050 | Speed (samples/sec) 1095.6420 | GPU 1967.7 MB | time 0.821 s
Part 14 | Epoch 00019 | Step 00000 | Loss 0.3762 | Train Acc 0.8880 | Speed (samples/sec) 1096.1439 | GPU 2224.7 MB | time 0.807 s
Part 11 | Epoch 00019 | Step 00000 | Loss 0.3302 | Train Acc 0.9060 | Speed (samples/sec) 1096.9320 | GPU 2221.1 MB | time 0.794 sPart 13 | Epoch 00019 | Step 00000 | Loss 0.3156 | Train Acc 0.9060 | Speed (samples/sec) 1096.2260 | GPU 2221.3 MB | time 0.802 s

Part 9 | Epoch 00019 | Step 00000 | Loss 0.4216 | Train Acc 0.8860 | Speed (samples/sec) 1095.9080 | GPU 2221.4 MB | time 0.804 s
Part 12 | Epoch 00019 | Step 00000 | Loss 0.3680 | Train Acc 0.9000 | Speed (samples/sec) 1095.7463 | GPU 2212.0 MB | time 0.817 s
Part 10 | Epoch 00019 | Step 00000 | Loss 0.3377 | Train Acc 0.8860 | Speed (samples/sec) 1096.9015 | GPU 2225.4 MB | time 0.796 s
Part 15 | Epoch 00019 | Step 00000 | Loss 0.3348 | Train Acc 0.9000 | Speed (samples/sec) 1097.0065 | GPU 2237.5 MB | time 0.803 s
Part 8 | Epoch 00019 | Step 00000 | Loss 0.4153 | Train Acc 0.8910 | Speed (samples/sec) 1096.8973 | GPU 2224.0 MB | time 0.808 s
Part 6 | Epoch 00019 | Step 00000 | Loss 0.2316 | Train Acc 0.9390 | Speed (samples/sec) 1092.7787 | GPU 1930.8 MB | time 0.827 s
Part 3 | Epoch 00019 | Step 00000 | Loss 0.1968 | Train Acc 0.9430 | Speed (samples/sec) 1093.8712 | GPU 1929.8 MB | time 0.827 s
Part 5 | Epoch 00019 | Step 00000 | Loss 0.2124 | Train Acc 0.9360 | Speed (samples/sec) 1093.3500 | GPU 1927.3 MB | time 0.827 s
Part 0 | Epoch 00019 | Step 00000 | Loss 0.2353 | Train Acc 0.9360 | Speed (samples/sec) 1100.4233 | GPU 1932.8 MB | time 0.794 sPart 4 | Epoch 00019 | Step 00000 | Loss 0.2170 | Train Acc 0.9520 | Speed (samples/sec) 1093.0901 | GPU 1925.6 MB | time 0.827 sPart 1 | Epoch 00019 | Step 00000 | Loss 0.2430 | Train Acc 0.9330 | Speed (samples/sec) 1094.3052 | GPU 1926.0 MB | time 0.824 s

Part 2 | Epoch 00019 | Step 00000 | Loss 0.2205 | Train Acc 0.9440 | Speed (samples/sec) 1094.0792 | GPU 1942.8 MB | time 0.825 s

Part 7 | Epoch 00019 | Step 00000 | Loss 0.2484 | Train Acc 0.9290 | Speed (samples/sec) 1092.5188 | GPU 1924.4 MB | time 0.825 s
Avg train acc 0.9133
=====================
Part 1, Epoch Time(s): 5.7688
Sampling Time(s): 0.3150
Loading Time(s): 1.0334
Forward Time(s): 0.5993
Backward Time(s): 0.2296
Update Time(s): 0.0062
Emb Update Time(s): 3.5787
#seeds: 6144
#inputs: 1934878
==========================================
Part 6, Epoch Time(s): 5.7715
Sampling Time(s): 0.3055
Loading Time(s): 0.9242
Forward Time(s): 0.7215
Backward Time(s): 0.2288
Update Time(s): 0.0062
Emb Update Time(s): 3.5792
#seeds: 6144
#inputs: 1933395
==========================================
Part 0, Epoch Time(s): 5.7384
Sampling Time(s): 0.3051
Loading Time(s): 1.0057
Forward Time(s): 0.6064
Backward Time(s): 0.2299
Update Time(s): 0.0049
Emb Update Time(s): 3.5797
#seeds: 6145
#inputs: 1932263
==========================================
Part 4, Epoch Time(s): 5.7721
Sampling Time(s): 0.2698
Loading Time(s): 0.8940
Forward Time(s): 0.7876
Backward Time(s): 0.2292
Update Time(s): 0.0054
Emb Update Time(s): 3.5795
#seeds: 6145
#inputs: 1918596
=====================


=====================
Part 3, Epoch Time(s): 5.7715
Sampling Time(s): 0.3023
Loading Time(s): 1.1281
Forward Time(s): 0.5202
Backward Time(s): 0.2294
Update Time(s): 0.0050
Emb Update Time(s): 3.5800
#seeds: 6144
#inputs: 1924000
=====================
=====================
Part 2, Epoch Time(s): 5.7699
Sampling Time(s): 0.2914
Loading Time(s): 1.0824
Forward Time(s): 0.5751
Backward Time(s): 0.2296
Update Time(s): 0.0057
Emb Update Time(s): 3.5793
#seeds: 6144
#inputs: 1923590
==========================================
Part 7, Epoch Time(s): 5.7697
Sampling Time(s): 0.2975
Loading Time(s): 1.1036
Forward Time(s): 0.5475
Backward Time(s): 0.2291
Update Time(s): 0.0055
Emb Update Time(s): 3.5797
#seeds: 6144
#inputs: 1935314
=====================
=====================
Part 5, Epoch Time(s): 5.7718
Sampling Time(s): 0.2816
Loading Time(s): 1.0784
Forward Time(s): 0.5911
Backward Time(s): 0.2290
Update Time(s): 0.0056
Emb Update Time(s): 3.5795
#seeds: 6144
#inputs: 1934431
=====================


=====================
Part 19, Epoch Time(s): 5.7635
Sampling Time(s): 0.2868
Loading Time(s): 1.0120
Forward Time(s): 0.6450
Backward Time(s): 0.2285
Update Time(s): 0.0053
Emb Update Time(s): 3.5808
#seeds: 6144
#inputs: 1927260
==========================================
Part 21, Epoch Time(s): 5.7604
Sampling Time(s): 0.3113
Loading Time(s): 1.0856
Forward Time(s): 0.5440
Backward Time(s): 0.2281
Update Time(s): 0.0062
Emb Update Time(s): 3.5798
#seeds: 6144
#inputs: 1928644
==========================================
Part 16, Epoch Time(s): 5.7556
Sampling Time(s): 0.2844
Loading Time(s): 1.0945
Forward Time(s): 0.5571
Backward Time(s): 0.2289
Update Time(s): 0.0053
Emb Update Time(s): 3.5802
#seeds: 6144
#inputs: 1942400
==========================================
Part 23, Epoch Time(s): 5.7657
Sampling Time(s): 0.3588
Loading Time(s): 0.9891
Forward Time(s): 0.5979
Backward Time(s): 0.2274
Update Time(s): 0.0060
Emb Update Time(s): 3.5809
#seeds: 6144
#inputs: 1915490
==========================================
Part 17, Epoch Time(s): 5.7703
Sampling Time(s): 0.2746
Loading Time(s): 1.1067
Forward Time(s): 0.5690
Backward Time(s): 0.2288
Update Time(s): 0.0056
Emb Update Time(s): 3.5802
#seeds: 6144
#inputs: 1922049
==========================================
Part 22, Epoch Time(s): 5.7644
Sampling Time(s): 0.2880
Loading Time(s): 1.1422
Forward Time(s): 0.5140
Backward Time(s): 0.2279
Update Time(s): 0.0054
Emb Update Time(s): 3.5813
#seeds: 6145
#inputs: 1930965
=====================





=====================
Part 18, Epoch Time(s): 5.7663
Sampling Time(s): 0.2961
Loading Time(s): 1.0473
Forward Time(s): 0.6035
Backward Time(s): 0.2286
Update Time(s): 0.0054
Emb Update Time(s): 3.5803
#seeds: 6145
#inputs: 1933499
==========================================
Part 20, Epoch Time(s): 5.7704
Sampling Time(s): 0.2914
Loading Time(s): 1.0174
Forward Time(s): 0.6418
Backward Time(s): 0.2282
Update Time(s): 0.0056
Emb Update Time(s): 3.5807
#seeds: 6144
#inputs: 1941238
=====================

=====================
Part 24, Epoch Time(s): 5.7611
Sampling Time(s): 0.2592
Loading Time(s): 1.3968
Forward Time(s): 0.2993
Backward Time(s): 0.2143
Update Time(s): 0.0058
Emb Update Time(s): 3.5805
#seeds: 6144
#inputs: 1970064
==========================================
Part 27, Epoch Time(s): 5.7576
Sampling Time(s): 0.2706
Loading Time(s): 1.1295
Forward Time(s): 0.5381
Backward Time(s): 0.2279
Update Time(s): 0.0060
Emb Update Time(s): 3.5805
#seeds: 6144
#inputs: 1973269
==========================================
Part 29, Epoch Time(s): 5.7496
Sampling Time(s): 0.2693
Loading Time(s): 1.2195
Forward Time(s): 0.4740
Backward Time(s): 0.2015
Update Time(s): 0.0064
Emb Update Time(s): 3.5738
#seeds: 6144
#inputs: 1963559
==========================================
Part 26, Epoch Time(s): 5.7664
Sampling Time(s): 0.2823
Loading Time(s): 1.2058
Forward Time(s): 0.4586
Backward Time(s): 0.2280
Update Time(s): 0.0064
Emb Update Time(s): 3.5801
#seeds: 6145
#inputs: 1975592
=====================



=====================
Part 31, Epoch Time(s): 5.7662
Sampling Time(s): 0.2972
Loading Time(s): 1.2082
Forward Time(s): 0.4408
Backward Time(s): 0.2278
Update Time(s): 0.0071
Emb Update Time(s): 3.5797
#seeds: 6144
#inputs: 1973044
==========================================
Part 30, Epoch Time(s): 5.7654
Sampling Time(s): 0.2825
Loading Time(s): 1.1725
Forward Time(s): 0.4910
Backward Time(s): 0.2278
Update Time(s): 0.0064
Emb Update Time(s): 3.5799
#seeds: 6144
#inputs: 1959983
=====================
=====================
Part 28, Epoch Time(s): 5.7655
Sampling Time(s): 0.3043
Loading Time(s): 1.2844
Forward Time(s): 0.3770
Backward Time(s): 0.2088
Update Time(s): 0.0065
Emb Update Time(s): 3.5794
#seeds: 6144
#inputs: 1962132
==========================================
Part 25, Epoch Time(s): 5.7482
Sampling Time(s): 0.2927
Loading Time(s): 1.2579
Forward Time(s): 0.4043
Backward Time(s): 0.2017
Update Time(s): 0.0071
Emb Update Time(s): 3.5792
#seeds: 6144
#inputs: 1982756
=====================


=====================
Part 9, Epoch Time(s): 5.7487
Sampling Time(s): 0.2997
Loading Time(s): 1.1702
Forward Time(s): 0.4582
Backward Time(s): 0.2284
Update Time(s): 0.0065
Emb Update Time(s): 3.5801
#seeds: 6144
#inputs: 2041337
==========================================
Part 12, Epoch Time(s): 5.7613
Sampling Time(s): 0.2761
Loading Time(s): 1.1397
Forward Time(s): 0.5253
Backward Time(s): 0.2278
Update Time(s): 0.0074
Emb Update Time(s): 3.5794
#seeds: 6144
#inputs: 2020056
=====================

=====================
Part 10, Epoch Time(s): 5.7406
Sampling Time(s): 0.2720
Loading Time(s): 1.2649
Forward Time(s): 0.3950
Backward Time(s): 0.2171
Update Time(s): 0.0079
Emb Update Time(s): 3.5783
#seeds: 6144
#inputs: 2036104
==========================================
Part 14, Epoch Time(s): 5.7515
Sampling Time(s): 0.2779
Loading Time(s): 1.2549
Forward Time(s): 0.4250
Backward Time(s): 0.2079
Update Time(s): 0.0062
Emb Update Time(s): 3.5742
#seeds: 6144
#inputs: 2042882
==========================================
Part 11, Epoch Time(s): 5.7388
Sampling Time(s): 0.2814
Loading Time(s): 1.3242
Forward Time(s): 0.3509
Backward Time(s): 0.1989
Update Time(s): 0.0072
Emb Update Time(s): 3.5706
#seeds: 6144
#inputs: 2038431
==========================================
Part 8, Epoch Time(s): 5.7528
Sampling Time(s): 0.2765
Loading Time(s): 1.3323
Forward Time(s): 0.3768
Backward Time(s): 0.1916
Update Time(s): 0.0058
Emb Update Time(s): 3.5642
#seeds: 6145
#inputs: 2038581
=====================



=====================
Part 13, Epoch Time(s): 5.7467
Sampling Time(s): 0.3168
Loading Time(s): 1.3084
Forward Time(s): 0.3655
Backward Time(s): 0.1809
Update Time(s): 0.0062
Emb Update Time(s): 3.5633
#seeds: 6144
#inputs: 2048825
=====================
=====================
Part 15, Epoch Time(s): 5.7483
Sampling Time(s): 0.2852
Loading Time(s): 1.2105
Forward Time(s): 0.4369
Backward Time(s): 0.2219
Update Time(s): 0.0089
Emb Update Time(s): 3.5789
#seeds: 6145
#inputs: 2040883
=====================
|V|=2449029, eval batch size: 100000
|V|=2449029, eval batch size: 100000
|V|=2449029, eval batch size: 100000
|V|=2449029, eval batch size: 100000
|V|=2449029, eval batch size: 100000
|V|=2449029, eval batch size: 100000
|V|=2449029, eval batch size: 100000
|V|=2449029, eval batch size: 100000
|V|=2449029, eval batch size: 100000
|V|=2449029, eval batch size: 100000
|V|=2449029, eval batch size: 100000
|V|=2449029, eval batch size: 100000
|V|=2449029, eval batch size: 100000
|V|=2449029, eval batch size: 100000
|V|=2449029, eval batch size: 100000
|V|=2449029, eval batch size: 100000
|V|=2449029, eval batch size: 100000
|V|=2449029, eval batch size: 100000
|V|=2449029, eval batch size: 100000
|V|=2449029, eval batch size: 100000
|V|=2449029, eval batch size: 100000
|V|=2449029, eval batch size: 100000
|V|=2449029, eval batch size: 100000
|V|=2449029, eval batch size: 100000
|V|=2449029, eval batch size: 100000
|V|=2449029, eval batch size: 100000
|V|=2449029, eval batch size: 100000
|V|=2449029, eval batch size: 100000
|V|=2449029, eval batch size: 100000
|V|=2449029, eval batch size: 100000|V|=2449029, eval batch size: 100000

|V|=2449029, eval batch size: 100000
|V|=2449029, eval batch size: 100000
|V|=2449029, eval batch size: 100000|V|=2449029, eval batch size: 100000

|V|=2449029, eval batch size: 100000
|V|=2449029, eval batch size: 100000
|V|=2449029, eval batch size: 100000
|V|=2449029, eval batch size: 100000
|V|=2449029, eval batch size: 100000|V|=2449029, eval batch size: 100000

|V|=2449029, eval batch size: 100000
|V|=2449029, eval batch size: 100000
|V|=2449029, eval batch size: 100000
|V|=2449029, eval batch size: 100000
|V|=2449029, eval batch size: 100000
|V|=2449029, eval batch size: 100000
|V|=2449029, eval batch size: 100000
|V|=2449029, eval batch size: 100000
|V|=2449029, eval batch size: 100000
|V|=2449029, eval batch size: 100000|V|=2449029, eval batch size: 100000

|V|=2449029, eval batch size: 100000
|V|=2449029, eval batch size: 100000
|V|=2449029, eval batch size: 100000
|V|=2449029, eval batch size: 100000|V|=2449029, eval batch size: 100000

|V|=2449029, eval batch size: 100000
|V|=2449029, eval batch size: 100000
|V|=2449029, eval batch size: 100000
|V|=2449029, eval batch size: 100000
|V|=2449029, eval batch size: 100000
|V|=2449029, eval batch size: 100000
|V|=2449029, eval batch size: 100000
|V|=2449029, eval batch size: 100000|V|=2449029, eval batch size: 100000

|V|=2449029, eval batch size: 100000
|V|=2449029, eval batch size: 100000
|V|=2449029, eval batch size: 100000
|V|=2449029, eval batch size: 100000
|V|=2449029, eval batch size: 100000
|V|=2449029, eval batch size: 100000
|V|=2449029, eval batch size: 100000|V|=2449029, eval batch size: 100000|V|=2449029, eval batch size: 100000
|V|=2449029, eval batch size: 100000
|V|=2449029, eval batch size: 100000

|V|=2449029, eval batch size: 100000
|V|=2449029, eval batch size: 100000

|V|=2449029, eval batch size: 100000
|V|=2449029, eval batch size: 100000|V|=2449029, eval batch size: 100000

|V|=2449029, eval batch size: 100000
|V|=2449029, eval batch size: 100000
|V|=2449029, eval batch size: 100000
|V|=2449029, eval batch size: 100000|V|=2449029, eval batch size: 100000

|V|=2449029, eval batch size: 100000
|V|=2449029, eval batch size: 100000
|V|=2449029, eval batch size: 100000
|V|=2449029, eval batch size: 100000
|V|=2449029, eval batch size: 100000
|V|=2449029, eval batch size: 100000
|V|=2449029, eval batch size: 100000
|V|=2449029, eval batch size: 100000
|V|=2449029, eval batch size: 100000
Part 29, Val Acc 0.9211, Test Acc 0.7955, time: 6.8319
Rank 29, Avg Epoch Time(s): 5.6013
Part 19, Val Acc 0.8967, Test Acc 0.7838, time: 6.8386
Rank 19, Avg Epoch Time(s): 5.6048
Part 3, Val Acc 0.9446, Test Acc 0.8346, time: 6.8435
Part 27, Val Acc 0.9194, Test Acc 0.7986, time: 6.8435
Rank 3, Avg Epoch Time(s): 5.6142
Part 21, Val Acc 0.8877, Test Acc 0.7811, time: 6.8440
Rank 27, Avg Epoch Time(s): 5.6000
Rank 21, Avg Epoch Time(s): 5.6042
Part 7, Val Acc 0.9317, Test Acc 0.8331, time: 6.8447
Rank 7, Avg Epoch Time(s): 5.6209
Part 15, Val Acc 0.8779, Test Acc 0.7343, time: 6.8455
Part 4, Val Acc 0.9349, Test Acc 0.8335, time: 6.8459
Rank 15, Avg Epoch Time(s): 5.6011
Part 1, Val Acc 0.9349, Test Acc 0.8336, time: 6.8461
Part 0, Val Acc 0.9455, Test Acc 0.8344, time: 6.8462
Part 5, Val Acc 0.9308, Test Acc 0.8331, time: 6.8462Part 6, Val Acc 0.9471, Test Acc 0.8326, time: 6.8463

Rank 4, Avg Epoch Time(s): 5.6193
Rank 1, Avg Epoch Time(s): 5.6126
Part 2, Val Acc 0.9398, Test Acc 0.8345, time: 6.8466
Rank 6, Avg Epoch Time(s): 5.6198
Rank 5, Avg Epoch Time(s): 5.6164
Rank 2, Avg Epoch Time(s): 5.6134
Part 16, Val Acc 0.8926, Test Acc 0.7827, time: 6.8482
Rank 16, Avg Epoch Time(s): 5.6076
Part 10, Val Acc 0.8934, Test Acc 0.7313, time: 6.8486
Part 30, Val Acc 0.9064, Test Acc 0.7954, time: 6.8488
Rank 10, Avg Epoch Time(s): 5.6012
Rank 30, Avg Epoch Time(s): 5.6032
Part 11, Val Acc 0.9015, Test Acc 0.7334, time: 6.8494
Part 26, Val Acc 0.9260, Test Acc 0.7972, time: 6.8497
Rank 11, Avg Epoch Time(s): 5.6007
Rank 26, Avg Epoch Time(s): 5.6044
Part 20, Val Acc 0.9024, Test Acc 0.7839, time: 6.8505
Rank 20, Avg Epoch Time(s): 5.6081
Part 24, Val Acc 0.8991, Test Acc 0.7980, time: 6.8536
Rank 24, Avg Epoch Time(s): 5.6032
Part 14, Val Acc 0.8902, Test Acc 0.7315, time: 6.8543
Part 18, Val Acc 0.8828, Test Acc 0.7829, time: 6.8545
Rank 14, Avg Epoch Time(s): 5.6046
Rank 18, Avg Epoch Time(s): 5.6061
Part 31, Val Acc 0.9162, Test Acc 0.7974, time: 6.8556
Part 22, Val Acc 0.8885, Test Acc 0.7825, time: 6.8563
Rank 31, Avg Epoch Time(s): 5.5999
Rank 22, Avg Epoch Time(s): 5.6094
Part 17, Val Acc 0.8950, Test Acc 0.7844, time: 6.8590
Rank 17, Avg Epoch Time(s): 5.6068
Part 23, Val Acc 0.8925, Test Acc 0.7828, time: 6.8599
Rank 23, Avg Epoch Time(s): 5.6065
Part 13, Val Acc 0.8812, Test Acc 0.7333, time: 6.8628
Part 8, Val Acc 0.9056, Test Acc 0.7343, time: 6.8630
Part 28, Val Acc 0.9283, Test Acc 0.7960, time: 6.8631
Rank 8, Avg Epoch Time(s): 5.6014
Part 25, Val Acc 0.9072, Test Acc 0.7980, time: 6.8634
Rank 13, Avg Epoch Time(s): 5.6034
Rank 28, Avg Epoch Time(s): 5.6020
Rank 25, Avg Epoch Time(s): 5.6042
Part 9, Val Acc 0.8796, Test Acc 0.7336, time: 6.8648
Rank 9, Avg Epoch Time(s): 5.6053
Part 12, Val Acc 0.8836, Test Acc 0.7326, time: 6.8771
All parts avg val acc 0.9089, test acc 0.7867
Rank 12, Avg Epoch Time(s): 5.6061
Rank 0, Avg Epoch Time(s): 5.5875
All parts avg epoch time 5.6062 sec, throughput 35070.7476 seeds/sec
parent ends
parent ends
parent ends
Client[11] in group[0] is exiting...
Client[22] in group[0] is exiting...
parent ends
Client[20] in group[0] is exiting...
parent ends
parent ends
Client[7] in group[0] is exiting...
parent ends
parent ends
parent ends
parent ends
Client[37] in group[0] is exiting...
parent ends
Client[1] in group[0] is exiting...
Client[8] in group[0] is exiting...
parent ends
Client[0] in group[0] is exiting...
Client[5] in group[0] is exiting...
parent ends
Client[31] in group[0] is exiting...
parent ends
Client[38] in group[0] is exiting...
parent ends
Client[14] in group[0] is exiting...
parent ends
Client[59] in group[0] is exiting...
Client[42] in group[0] is exiting...
parent ends
Client[58] in group[0] is exiting...
parent ends
Client[53] in group[0] is exiting...
parent ends
parent ends
parent ends
Client[52] in group[0] is exiting...
Client[6] in group[0] is exiting...
Client[39] in group[0] is exiting...
Client[49] in group[0] is exiting...
parent ends
Client[25] in group[0] is exiting...
parent ends
parent ends
Client[34] in group[0] is exiting...
parent ends
parent ends
Client[56] in group[0] is exiting...
parent ends
parent ends
parent ends
Client[32] in group[0] is exiting...
parent ends
Client[19] in group[0] is exiting...
Client[30] in group[0] is exiting...
Client[57] in group[0] is exiting...
Client[60] in group[0] is exiting...
Client[27] in group[0] is exiting...Client[28] in group[0] is exiting...

parent ends
Client[47] in group[0] is exiting...
parent ends
Client[43] in group[0] is exiting...
Namespace(cache_server_addr='127.0.0.1', cache_server_port=32451, graph_name='ogbn-products', id=None, ip_config='ip_config4.txt', part_config=None, n_classes=None, num_gpus=8, num_epochs=20, num_hidden=256, model_num_hidden=256, fan_out='5,10,15', batch_size=1000, batch_size_eval=100000, log_every=20, eval_every=1, lr=0.003, dropout=0.5, local_rank=None, standalone=False, sparse_lr=0.01, presampling=True, hot_threshold=0.1, emb_cache_rate=0.2, optim='adam', model='gcn', infer_method='layerwise', state_cache=False)
load ogbn-products
Start to create specified graph formats which may take non-trivial time.
Finished creating specified graph formats.
start graph service on server 16 for part 1
Server is waiting for connections on [172.31.25.229:30050]...
Server (16) shutdown.
Server is exiting...
Namespace(cache_server_addr='127.0.0.1', cache_server_port=32451, graph_name='ogbn-products', id=None, ip_config='ip_config4.txt', part_config=None, n_classes=None, num_gpus=8, num_epochs=20, num_hidden=256, model_num_hidden=256, fan_out='5,10,15', batch_size=1000, batch_size_eval=100000, log_every=20, eval_every=1, lr=0.003, dropout=0.5, local_rank=None, standalone=False, sparse_lr=0.01, presampling=True, hot_threshold=0.1, emb_cache_rate=0.2, optim='adam', model='gcn', infer_method='layerwise', state_cache=False)
load ogbn-products
Start to create specified graph formats which may take non-trivial time.
Finished creating specified graph formats.
start graph service on server 48 for part 3
Server is waiting for connections on [172.31.16.179:30050]...
Server (48) shutdown.
Server is exiting...
Namespace(cache_server_addr='127.0.0.1', cache_server_port=32451, graph_name='ogbn-products', id=None, ip_config='ip_config4.txt', part_config=None, n_classes=None, num_gpus=8, num_epochs=20, num_hidden=256, model_num_hidden=256, fan_out='5,10,15', batch_size=1000, batch_size_eval=100000, log_every=20, eval_every=1, lr=0.003, dropout=0.5, local_rank=None, standalone=False, sparse_lr=0.01, presampling=True, hot_threshold=0.1, emb_cache_rate=0.2, optim='adam', model='gcn', infer_method='layerwise', state_cache=False)
load ogbn-products
Start to create specified graph formats which may take non-trivial time.
Finished creating specified graph formats.
start graph service on server 0 for part 0
Server is waiting for connections on [172.31.20.34:30050]...
Server (0) shutdown.
Server is exiting...
Namespace(cache_server_addr='127.0.0.1', cache_server_port=32451, graph_name='ogbn-products', id=None, ip_config='ip_config4.txt', part_config=None, n_classes=None, num_gpus=8, num_epochs=20, num_hidden=256, model_num_hidden=256, fan_out='5,10,15', batch_size=1000, batch_size_eval=100000, log_every=20, eval_every=1, lr=0.003, dropout=0.5, local_rank=None, standalone=False, sparse_lr=0.01, presampling=True, hot_threshold=0.1, emb_cache_rate=0.2, optim='adam', model='gcn', infer_method='layerwise', state_cache=False)
load ogbn-products
Start to create specified graph formats which may take non-trivial time.
Finished creating specified graph formats.
start graph service on server 32 for part 2
Server is waiting for connections on [172.31.20.203:30050]...
Server (32) shutdown.
Server is exiting...
Namespace(cache_server_addr='127.0.0.1', cache_server_port=32451, graph_name='ogbn-products', id=None, ip_config='ip_config4.txt', part_config=None, n_classes=None, num_gpus=8, num_epochs=20, num_hidden=256, model_num_hidden=256, fan_out='5,10,15', batch_size=1000, batch_size_eval=100000, log_every=20, eval_every=1, lr=0.003, dropout=0.5, local_rank=None, standalone=False, sparse_lr=0.01, presampling=True, hot_threshold=0.1, emb_cache_rate=0.2, optim='adam', model='gcn', infer_method='layerwise', state_cache=False)
start graph service on server 14 for part 0
Server is waiting for connections on [172.31.20.34:30064]...
Server (14) shutdown.
Server is exiting...
Namespace(cache_server_addr='127.0.0.1', cache_server_port=32451, graph_name='ogbn-products', id=None, ip_config='ip_config4.txt', part_config=None, n_classes=None, num_gpus=8, num_epochs=20, num_hidden=256, model_num_hidden=256, fan_out='5,10,15', batch_size=1000, batch_size_eval=100000, log_every=20, eval_every=1, lr=0.003, dropout=0.5, local_rank=None, standalone=False, sparse_lr=0.01, presampling=True, hot_threshold=0.1, emb_cache_rate=0.2, optim='adam', model='gcn', infer_method='layerwise', state_cache=False)
start graph service on server 4 for part 0
Server is waiting for connections on [172.31.20.34:30054]...
Server (4) shutdown.
Server is exiting...
Namespace(cache_server_addr='127.0.0.1', cache_server_port=32451, graph_name='ogbn-products', id=None, ip_config='ip_config4.txt', part_config=None, n_classes=None, num_gpus=8, num_epochs=20, num_hidden=256, model_num_hidden=256, fan_out='5,10,15', batch_size=1000, batch_size_eval=100000, log_every=20, eval_every=1, lr=0.003, dropout=0.5, local_rank=None, standalone=False, sparse_lr=0.01, presampling=True, hot_threshold=0.1, emb_cache_rate=0.2, optim='adam', model='gcn', infer_method='layerwise', state_cache=False)
start graph service on server 11 for part 0
Server is waiting for connections on [172.31.20.34:30061]...
Server (11) shutdown.
Server is exiting...
Namespace(cache_server_addr='127.0.0.1', cache_server_port=32451, graph_name='ogbn-products', id=None, ip_config='ip_config4.txt', part_config=None, n_classes=None, num_gpus=8, num_epochs=20, num_hidden=256, model_num_hidden=256, fan_out='5,10,15', batch_size=1000, batch_size_eval=100000, log_every=20, eval_every=1, lr=0.003, dropout=0.5, local_rank=None, standalone=False, sparse_lr=0.01, presampling=True, hot_threshold=0.1, emb_cache_rate=0.2, optim='adam', model='gcn', infer_method='layerwise', state_cache=False)
start graph service on server 1 for part 0
Server is waiting for connections on [172.31.20.34:30051]...
Server (1) shutdown.
Server is exiting...
Namespace(cache_server_addr='127.0.0.1', cache_server_port=32451, graph_name='ogbn-products', id=None, ip_config='ip_config4.txt', part_config=None, n_classes=None, num_gpus=8, num_epochs=20, num_hidden=256, model_num_hidden=256, fan_out='5,10,15', batch_size=1000, batch_size_eval=100000, log_every=20, eval_every=1, lr=0.003, dropout=0.5, local_rank=None, standalone=False, sparse_lr=0.01, presampling=True, hot_threshold=0.1, emb_cache_rate=0.2, optim='adam', model='gcn', infer_method='layerwise', state_cache=False)
start graph service on server 3 for part 0
Server is waiting for connections on [172.31.20.34:30053]...
Server (3) shutdown.
Server is exiting...
Namespace(cache_server_addr='127.0.0.1', cache_server_port=32451, graph_name='ogbn-products', id=None, ip_config='ip_config4.txt', part_config=None, n_classes=None, num_gpus=8, num_epochs=20, num_hidden=256, model_num_hidden=256, fan_out='5,10,15', batch_size=1000, batch_size_eval=100000, log_every=20, eval_every=1, lr=0.003, dropout=0.5, local_rank=None, standalone=False, sparse_lr=0.01, presampling=True, hot_threshold=0.1, emb_cache_rate=0.2, optim='adam', model='gcn', infer_method='layerwise', state_cache=False)
start graph service on server 15 for part 0
Server is waiting for connections on [172.31.20.34:30065]...
Server (15) shutdown.
Server is exiting...
Namespace(cache_server_addr='127.0.0.1', cache_server_port=32451, graph_name='ogbn-products', id=None, ip_config='ip_config4.txt', part_config=None, n_classes=None, num_gpus=8, num_epochs=20, num_hidden=256, model_num_hidden=256, fan_out='5,10,15', batch_size=1000, batch_size_eval=100000, log_every=20, eval_every=1, lr=0.003, dropout=0.5, local_rank=None, standalone=False, sparse_lr=0.01, presampling=True, hot_threshold=0.1, emb_cache_rate=0.2, optim='adam', model='gcn', infer_method='layerwise', state_cache=False)
start graph service on server 55 for part 3
Server is waiting for connections on [172.31.16.179:30057]...
Server (55) shutdown.
Server is exiting...
Namespace(cache_server_addr='127.0.0.1', cache_server_port=32451, graph_name='ogbn-products', id=None, ip_config='ip_config4.txt', part_config=None, n_classes=None, num_gpus=8, num_epochs=20, num_hidden=256, model_num_hidden=256, fan_out='5,10,15', batch_size=1000, batch_size_eval=100000, log_every=20, eval_every=1, lr=0.003, dropout=0.5, local_rank=None, standalone=False, sparse_lr=0.01, presampling=True, hot_threshold=0.1, emb_cache_rate=0.2, optim='adam', model='gcn', infer_method='layerwise', state_cache=False)
start graph service on server 23 for part 1
Server is waiting for connections on [172.31.25.229:30057]...
Server (23) shutdown.
Server is exiting...
Namespace(cache_server_addr='127.0.0.1', cache_server_port=32451, graph_name='ogbn-products', id=None, ip_config='ip_config4.txt', part_config=None, n_classes=None, num_gpus=8, num_epochs=20, num_hidden=256, model_num_hidden=256, fan_out='5,10,15', batch_size=1000, batch_size_eval=100000, log_every=20, eval_every=1, lr=0.003, dropout=0.5, local_rank=None, standalone=False, sparse_lr=0.01, presampling=True, hot_threshold=0.1, emb_cache_rate=0.2, optim='adam', model='gcn', infer_method='layerwise', state_cache=False)
start graph service on server 30 for part 1
Server is waiting for connections on [172.31.25.229:30064]...
Server (30) shutdown.
Server is exiting...
Namespace(cache_server_addr='127.0.0.1', cache_server_port=32451, graph_name='ogbn-products', id=None, ip_config='ip_config4.txt', part_config=None, n_classes=None, num_gpus=8, num_epochs=20, num_hidden=256, model_num_hidden=256, fan_out='5,10,15', batch_size=1000, batch_size_eval=100000, log_every=20, eval_every=1, lr=0.003, dropout=0.5, local_rank=None, standalone=False, sparse_lr=0.01, presampling=True, hot_threshold=0.1, emb_cache_rate=0.2, optim='adam', model='gcn', infer_method='layerwise', state_cache=False)
start graph service on server 26 for part 1
Server is waiting for connections on [172.31.25.229:30060]...
Server (26) shutdown.
Server is exiting...
Namespace(cache_server_addr='127.0.0.1', cache_server_port=32451, graph_name='ogbn-products', id=None, ip_config='ip_config4.txt', part_config=None, n_classes=None, num_gpus=8, num_epochs=20, num_hidden=256, model_num_hidden=256, fan_out='5,10,15', batch_size=1000, batch_size_eval=100000, log_every=20, eval_every=1, lr=0.003, dropout=0.5, local_rank=None, standalone=False, sparse_lr=0.01, presampling=True, hot_threshold=0.1, emb_cache_rate=0.2, optim='adam', model='gcn', infer_method='layerwise', state_cache=False)
start graph service on server 22 for part 1
Server is waiting for connections on [172.31.25.229:30056]...
Server (22) shutdown.
Server is exiting...
Namespace(cache_server_addr='127.0.0.1', cache_server_port=32451, graph_name='ogbn-products', id=None, ip_config='ip_config4.txt', part_config=None, n_classes=None, num_gpus=8, num_epochs=20, num_hidden=256, model_num_hidden=256, fan_out='5,10,15', batch_size=1000, batch_size_eval=100000, log_every=20, eval_every=1, lr=0.003, dropout=0.5, local_rank=None, standalone=False, sparse_lr=0.01, presampling=True, hot_threshold=0.1, emb_cache_rate=0.2, optim='adam', model='gcn', infer_method='layerwise', state_cache=False)
start graph service on server 18 for part 1
Server is waiting for connections on [172.31.25.229:30052]...
Server (18) shutdown.
Server is exiting...
Namespace(cache_server_addr='127.0.0.1', cache_server_port=32451, graph_name='ogbn-products', id=None, ip_config='ip_config4.txt', part_config=None, n_classes=None, num_gpus=8, num_epochs=20, num_hidden=256, model_num_hidden=256, fan_out='5,10,15', batch_size=1000, batch_size_eval=100000, log_every=20, eval_every=1, lr=0.003, dropout=0.5, local_rank=None, standalone=False, sparse_lr=0.01, presampling=True, hot_threshold=0.1, emb_cache_rate=0.2, optim='adam', model='gcn', infer_method='layerwise', state_cache=False)
start graph service on server 27 for part 1
Server is waiting for connections on [172.31.25.229:30061]...
Server (27) shutdown.
Server is exiting...
Namespace(cache_server_addr='127.0.0.1', cache_server_port=32451, graph_name='ogbn-products', id=None, ip_config='ip_config4.txt', part_config=None, n_classes=None, num_gpus=8, num_epochs=20, num_hidden=256, model_num_hidden=256, fan_out='5,10,15', batch_size=1000, batch_size_eval=100000, log_every=20, eval_every=1, lr=0.003, dropout=0.5, local_rank=None, standalone=False, sparse_lr=0.01, presampling=True, hot_threshold=0.1, emb_cache_rate=0.2, optim='adam', model='gcn', infer_method='layerwise', state_cache=False)
start graph service on server 25 for part 1
Server is waiting for connections on [172.31.25.229:30059]...
Server (25) shutdown.
Server is exiting...
Namespace(cache_server_addr='127.0.0.1', cache_server_port=32451, graph_name='ogbn-products', id=None, ip_config='ip_config4.txt', part_config=None, n_classes=None, num_gpus=8, num_epochs=20, num_hidden=256, model_num_hidden=256, fan_out='5,10,15', batch_size=1000, batch_size_eval=100000, log_every=20, eval_every=1, lr=0.003, dropout=0.5, local_rank=None, standalone=False, sparse_lr=0.01, presampling=True, hot_threshold=0.1, emb_cache_rate=0.2, optim='adam', model='gcn', infer_method='layerwise', state_cache=False)
start graph service on server 36 for part 2
Server is waiting for connections on [172.31.20.203:30054]...
Server (36) shutdown.
Server is exiting...
Namespace(cache_server_addr='127.0.0.1', cache_server_port=32451, graph_name='ogbn-products', id=None, ip_config='ip_config4.txt', part_config=None, n_classes=None, num_gpus=8, num_epochs=20, num_hidden=256, model_num_hidden=256, fan_out='5,10,15', batch_size=1000, batch_size_eval=100000, log_every=20, eval_every=1, lr=0.003, dropout=0.5, local_rank=None, standalone=False, sparse_lr=0.01, presampling=True, hot_threshold=0.1, emb_cache_rate=0.2, optim='adam', model='gcn', infer_method='layerwise', state_cache=False)
start graph service on server 6 for part 0
Server is waiting for connections on [172.31.20.34:30056]...
Server (6) shutdown.
Server is exiting...
Namespace(cache_server_addr='127.0.0.1', cache_server_port=32451, graph_name='ogbn-products', id=None, ip_config='ip_config4.txt', part_config=None, n_classes=None, num_gpus=8, num_epochs=20, num_hidden=256, model_num_hidden=256, fan_out='5,10,15', batch_size=1000, batch_size_eval=100000, log_every=20, eval_every=1, lr=0.003, dropout=0.5, local_rank=None, standalone=False, sparse_lr=0.01, presampling=True, hot_threshold=0.1, emb_cache_rate=0.2, optim='adam', model='gcn', infer_method='layerwise', state_cache=False)
start graph service on server 52 for part 3
Server is waiting for connections on [172.31.16.179:30054]...
Server (52) shutdown.
Server is exiting...
Namespace(cache_server_addr='127.0.0.1', cache_server_port=32451, graph_name='ogbn-products', id=None, ip_config='ip_config4.txt', part_config=None, n_classes=None, num_gpus=8, num_epochs=20, num_hidden=256, model_num_hidden=256, fan_out='5,10,15', batch_size=1000, batch_size_eval=100000, log_every=20, eval_every=1, lr=0.003, dropout=0.5, local_rank=None, standalone=False, sparse_lr=0.01, presampling=True, hot_threshold=0.1, emb_cache_rate=0.2, optim='adam', model='gcn', infer_method='layerwise', state_cache=False)
start graph service on server 2 for part 0
Server is waiting for connections on [172.31.20.34:30052]...
Server (2) shutdown.
Server is exiting...
Namespace(cache_server_addr='127.0.0.1', cache_server_port=32451, graph_name='ogbn-products', id=None, ip_config='ip_config4.txt', part_config=None, n_classes=None, num_gpus=8, num_epochs=20, num_hidden=256, model_num_hidden=256, fan_out='5,10,15', batch_size=1000, batch_size_eval=100000, log_every=20, eval_every=1, lr=0.003, dropout=0.5, local_rank=None, standalone=False, sparse_lr=0.01, presampling=True, hot_threshold=0.1, emb_cache_rate=0.2, optim='adam', model='gcn', infer_method='layerwise', state_cache=False)
start graph service on server 51 for part 3
Server is waiting for connections on [172.31.16.179:30053]...
Server (51) shutdown.
Server is exiting...
Namespace(cache_server_addr='127.0.0.1', cache_server_port=32451, graph_name='ogbn-products', id=None, ip_config='ip_config4.txt', part_config=None, n_classes=None, num_gpus=8, num_epochs=20, num_hidden=256, model_num_hidden=256, fan_out='5,10,15', batch_size=1000, batch_size_eval=100000, log_every=20, eval_every=1, lr=0.003, dropout=0.5, local_rank=None, standalone=False, sparse_lr=0.01, presampling=True, hot_threshold=0.1, emb_cache_rate=0.2, optim='adam', model='gcn', infer_method='layerwise', state_cache=False)
start graph service on server 49 for part 3
Server is waiting for connections on [172.31.16.179:30051]...
Server (49) shutdown.
Server is exiting...
Namespace(cache_server_addr='127.0.0.1', cache_server_port=32451, graph_name='ogbn-products', id=None, ip_config='ip_config4.txt', part_config=None, n_classes=None, num_gpus=8, num_epochs=20, num_hidden=256, model_num_hidden=256, fan_out='5,10,15', batch_size=1000, batch_size_eval=100000, log_every=20, eval_every=1, lr=0.003, dropout=0.5, local_rank=None, standalone=False, sparse_lr=0.01, presampling=True, hot_threshold=0.1, emb_cache_rate=0.2, optim='adam', model='gcn', infer_method='layerwise', state_cache=False)
start graph service on server 58 for part 3
Server is waiting for connections on [172.31.16.179:30060]...
Server (58) shutdown.
Server is exiting...
Namespace(cache_server_addr='127.0.0.1', cache_server_port=32451, graph_name='ogbn-products', id=None, ip_config='ip_config4.txt', part_config=None, n_classes=None, num_gpus=8, num_epochs=20, num_hidden=256, model_num_hidden=256, fan_out='5,10,15', batch_size=1000, batch_size_eval=100000, log_every=20, eval_every=1, lr=0.003, dropout=0.5, local_rank=None, standalone=False, sparse_lr=0.01, presampling=True, hot_threshold=0.1, emb_cache_rate=0.2, optim='adam', model='gcn', infer_method='layerwise', state_cache=False)
start graph service on server 10 for part 0
Server is waiting for connections on [172.31.20.34:30060]...
Server (10) shutdown.
Server is exiting...
Namespace(cache_server_addr='127.0.0.1', cache_server_port=32451, graph_name='ogbn-products', id=None, ip_config='ip_config4.txt', part_config=None, n_classes=None, num_gpus=8, num_epochs=20, num_hidden=256, model_num_hidden=256, fan_out='5,10,15', batch_size=1000, batch_size_eval=100000, log_every=20, eval_every=1, lr=0.003, dropout=0.5, local_rank=None, standalone=False, sparse_lr=0.01, presampling=True, hot_threshold=0.1, emb_cache_rate=0.2, optim='adam', model='gcn', infer_method='layerwise', state_cache=False)
start graph service on server 57 for part 3
Server is waiting for connections on [172.31.16.179:30059]...
Server (57) shutdown.
Server is exiting...
Namespace(cache_server_addr='127.0.0.1', cache_server_port=32451, graph_name='ogbn-products', id=None, ip_config='ip_config4.txt', part_config=None, n_classes=None, num_gpus=8, num_epochs=20, num_hidden=256, model_num_hidden=256, fan_out='5,10,15', batch_size=1000, batch_size_eval=100000, log_every=20, eval_every=1, lr=0.003, dropout=0.5, local_rank=None, standalone=False, sparse_lr=0.01, presampling=True, hot_threshold=0.1, emb_cache_rate=0.2, optim='adam', model='gcn', infer_method='layerwise', state_cache=False)
start graph service on server 12 for part 0
Server is waiting for connections on [172.31.20.34:30062]...
Server (12) shutdown.
Server is exiting...
Namespace(cache_server_addr='127.0.0.1', cache_server_port=32451, graph_name='ogbn-products', id=None, ip_config='ip_config4.txt', part_config=None, n_classes=None, num_gpus=8, num_epochs=20, num_hidden=256, model_num_hidden=256, fan_out='5,10,15', batch_size=1000, batch_size_eval=100000, log_every=20, eval_every=1, lr=0.003, dropout=0.5, local_rank=None, standalone=False, sparse_lr=0.01, presampling=True, hot_threshold=0.1, emb_cache_rate=0.2, optim='adam', model='gcn', infer_method='layerwise', state_cache=False)
start graph service on server 9 for part 0
Server is waiting for connections on [172.31.20.34:30059]...
Server (9) shutdown.
Server is exiting...
Namespace(cache_server_addr='127.0.0.1', cache_server_port=32451, graph_name='ogbn-products', id=None, ip_config='ip_config4.txt', part_config=None, n_classes=None, num_gpus=8, num_epochs=20, num_hidden=256, model_num_hidden=256, fan_out='5,10,15', batch_size=1000, batch_size_eval=100000, log_every=20, eval_every=1, lr=0.003, dropout=0.5, local_rank=None, standalone=False, sparse_lr=0.01, presampling=True, hot_threshold=0.1, emb_cache_rate=0.2, optim='adam', model='gcn', infer_method='layerwise', state_cache=False)
start graph service on server 50 for part 3
Server is waiting for connections on [172.31.16.179:30052]...
Server (50) shutdown.
Server is exiting...
Namespace(cache_server_addr='127.0.0.1', cache_server_port=32451, graph_name='ogbn-products', id=None, ip_config='ip_config4.txt', part_config=None, n_classes=None, num_gpus=8, num_epochs=20, num_hidden=256, model_num_hidden=256, fan_out='5,10,15', batch_size=1000, batch_size_eval=100000, log_every=20, eval_every=1, lr=0.003, dropout=0.5, local_rank=None, standalone=False, sparse_lr=0.01, presampling=True, hot_threshold=0.1, emb_cache_rate=0.2, optim='adam', model='gcn', infer_method='layerwise', state_cache=False)
start graph service on server 13 for part 0
Server is waiting for connections on [172.31.20.34:30063]...
Server (13) shutdown.
Server is exiting...
Namespace(cache_server_addr='127.0.0.1', cache_server_port=32451, graph_name='ogbn-products', id=None, ip_config='ip_config4.txt', part_config=None, n_classes=None, num_gpus=8, num_epochs=20, num_hidden=256, model_num_hidden=256, fan_out='5,10,15', batch_size=1000, batch_size_eval=100000, log_every=20, eval_every=1, lr=0.003, dropout=0.5, local_rank=None, standalone=False, sparse_lr=0.01, presampling=True, hot_threshold=0.1, emb_cache_rate=0.2, optim='adam', model='gcn', infer_method='layerwise', state_cache=False)
start graph service on server 5 for part 0
Server is waiting for connections on [172.31.20.34:30055]...
Server (5) shutdown.
Server is exiting...
Namespace(cache_server_addr='127.0.0.1', cache_server_port=32451, graph_name='ogbn-products', id=None, ip_config='ip_config4.txt', part_config=None, n_classes=None, num_gpus=8, num_epochs=20, num_hidden=256, model_num_hidden=256, fan_out='5,10,15', batch_size=1000, batch_size_eval=100000, log_every=20, eval_every=1, lr=0.003, dropout=0.5, local_rank=None, standalone=False, sparse_lr=0.01, presampling=True, hot_threshold=0.1, emb_cache_rate=0.2, optim='adam', model='gcn', infer_method='layerwise', state_cache=False)
start graph service on server 7 for part 0
Server is waiting for connections on [172.31.20.34:30057]...
Server (7) shutdown.
Server is exiting...
Namespace(cache_server_addr='127.0.0.1', cache_server_port=32451, graph_name='ogbn-products', id=None, ip_config='ip_config4.txt', part_config=None, n_classes=None, num_gpus=8, num_epochs=20, num_hidden=256, model_num_hidden=256, fan_out='5,10,15', batch_size=1000, batch_size_eval=100000, log_every=20, eval_every=1, lr=0.003, dropout=0.5, local_rank=None, standalone=False, sparse_lr=0.01, presampling=True, hot_threshold=0.1, emb_cache_rate=0.2, optim='adam', model='gcn', infer_method='layerwise', state_cache=False)
start graph service on server 8 for part 0
Server is waiting for connections on [172.31.20.34:30058]...
Server (8) shutdown.
Server is exiting...
Namespace(cache_server_addr='127.0.0.1', cache_server_port=32451, graph_name='ogbn-products', id=None, ip_config='ip_config4.txt', part_config=None, n_classes=None, num_gpus=8, num_epochs=20, num_hidden=256, model_num_hidden=256, fan_out='5,10,15', batch_size=1000, batch_size_eval=100000, log_every=20, eval_every=1, lr=0.003, dropout=0.5, local_rank=None, standalone=False, sparse_lr=0.01, presampling=True, hot_threshold=0.1, emb_cache_rate=0.2, optim='adam', model='gcn', infer_method='layerwise', state_cache=False)
start graph service on server 17 for part 1
Server is waiting for connections on [172.31.25.229:30051]...
Server (17) shutdown.
Server is exiting...
Namespace(cache_server_addr='127.0.0.1', cache_server_port=32451, graph_name='ogbn-products', id=None, ip_config='ip_config4.txt', part_config=None, n_classes=None, num_gpus=8, num_epochs=20, num_hidden=256, model_num_hidden=256, fan_out='5,10,15', batch_size=1000, batch_size_eval=100000, log_every=20, eval_every=1, lr=0.003, dropout=0.5, local_rank=None, standalone=False, sparse_lr=0.01, presampling=True, hot_threshold=0.1, emb_cache_rate=0.2, optim='adam', model='gcn', infer_method='layerwise', state_cache=False)
start graph service on server 24 for part 1
Server is waiting for connections on [172.31.25.229:30058]...
Server (24) shutdown.
Server is exiting...
Namespace(cache_server_addr='127.0.0.1', cache_server_port=32451, graph_name='ogbn-products', id=None, ip_config='ip_config4.txt', part_config=None, n_classes=None, num_gpus=8, num_epochs=20, num_hidden=256, model_num_hidden=256, fan_out='5,10,15', batch_size=1000, batch_size_eval=100000, log_every=20, eval_every=1, lr=0.003, dropout=0.5, local_rank=None, standalone=False, sparse_lr=0.01, presampling=True, hot_threshold=0.1, emb_cache_rate=0.2, optim='adam', model='gcn', infer_method='layerwise', state_cache=False)
start graph service on server 20 for part 1
Server is waiting for connections on [172.31.25.229:30054]...
Server (20) shutdown.
Server is exiting...
Namespace(cache_server_addr='127.0.0.1', cache_server_port=32451, graph_name='ogbn-products', id=None, ip_config='ip_config4.txt', part_config=None, n_classes=None, num_gpus=8, num_epochs=20, num_hidden=256, model_num_hidden=256, fan_out='5,10,15', batch_size=1000, batch_size_eval=100000, log_every=20, eval_every=1, lr=0.003, dropout=0.5, local_rank=None, standalone=False, sparse_lr=0.01, presampling=True, hot_threshold=0.1, emb_cache_rate=0.2, optim='adam', model='gcn', infer_method='layerwise', state_cache=False)
start graph service on server 31 for part 1
Server is waiting for connections on [172.31.25.229:30065]...
Server (31) shutdown.
Server is exiting...
Namespace(cache_server_addr='127.0.0.1', cache_server_port=32451, graph_name='ogbn-products', id=None, ip_config='ip_config4.txt', part_config=None, n_classes=None, num_gpus=8, num_epochs=20, num_hidden=256, model_num_hidden=256, fan_out='5,10,15', batch_size=1000, batch_size_eval=100000, log_every=20, eval_every=1, lr=0.003, dropout=0.5, local_rank=None, standalone=False, sparse_lr=0.01, presampling=True, hot_threshold=0.1, emb_cache_rate=0.2, optim='adam', model='gcn', infer_method='layerwise', state_cache=False)
start graph service on server 54 for part 3
Server is waiting for connections on [172.31.16.179:30056]...
Server (54) shutdown.
Server is exiting...
Namespace(cache_server_addr='127.0.0.1', cache_server_port=32451, graph_name='ogbn-products', id=None, ip_config='ip_config4.txt', part_config=None, n_classes=None, num_gpus=8, num_epochs=20, num_hidden=256, model_num_hidden=256, fan_out='5,10,15', batch_size=1000, batch_size_eval=100000, log_every=20, eval_every=1, lr=0.003, dropout=0.5, local_rank=None, standalone=False, sparse_lr=0.01, presampling=True, hot_threshold=0.1, emb_cache_rate=0.2, optim='adam', model='gcn', infer_method='layerwise', state_cache=False)
start graph service on server 60 for part 3
Server is waiting for connections on [172.31.16.179:30062]...
Server (60) shutdown.
Server is exiting...
Namespace(cache_server_addr='127.0.0.1', cache_server_port=32451, graph_name='ogbn-products', id=None, ip_config='ip_config4.txt', part_config=None, n_classes=None, num_gpus=8, num_epochs=20, num_hidden=256, model_num_hidden=256, fan_out='5,10,15', batch_size=1000, batch_size_eval=100000, log_every=20, eval_every=1, lr=0.003, dropout=0.5, local_rank=None, standalone=False, sparse_lr=0.01, presampling=True, hot_threshold=0.1, emb_cache_rate=0.2, optim='adam', model='gcn', infer_method='layerwise', state_cache=False)
start graph service on server 61 for part 3
Server is waiting for connections on [172.31.16.179:30063]...
Server (61) shutdown.
Server is exiting...
Namespace(cache_server_addr='127.0.0.1', cache_server_port=32451, graph_name='ogbn-products', id=None, ip_config='ip_config4.txt', part_config=None, n_classes=None, num_gpus=8, num_epochs=20, num_hidden=256, model_num_hidden=256, fan_out='5,10,15', batch_size=1000, batch_size_eval=100000, log_every=20, eval_every=1, lr=0.003, dropout=0.5, local_rank=None, standalone=False, sparse_lr=0.01, presampling=True, hot_threshold=0.1, emb_cache_rate=0.2, optim='adam', model='gcn', infer_method='layerwise', state_cache=False)
start graph service on server 56 for part 3
Server is waiting for connections on [172.31.16.179:30058]...
Server (56) shutdown.
Server is exiting...
Namespace(cache_server_addr='127.0.0.1', cache_server_port=32451, graph_name='ogbn-products', id=None, ip_config='ip_config4.txt', part_config=None, n_classes=None, num_gpus=8, num_epochs=20, num_hidden=256, model_num_hidden=256, fan_out='5,10,15', batch_size=1000, batch_size_eval=100000, log_every=20, eval_every=1, lr=0.003, dropout=0.5, local_rank=None, standalone=False, sparse_lr=0.01, presampling=True, hot_threshold=0.1, emb_cache_rate=0.2, optim='adam', model='gcn', infer_method='layerwise', state_cache=False)
start graph service on server 62 for part 3
Server is waiting for connections on [172.31.16.179:30064]...
Server (62) shutdown.
Server is exiting...
Namespace(cache_server_addr='127.0.0.1', cache_server_port=32451, graph_name='ogbn-products', id=None, ip_config='ip_config4.txt', part_config=None, n_classes=None, num_gpus=8, num_epochs=20, num_hidden=256, model_num_hidden=256, fan_out='5,10,15', batch_size=1000, batch_size_eval=100000, log_every=20, eval_every=1, lr=0.003, dropout=0.5, local_rank=None, standalone=False, sparse_lr=0.01, presampling=True, hot_threshold=0.1, emb_cache_rate=0.2, optim='adam', model='gcn', infer_method='layerwise', state_cache=False)
start graph service on server 53 for part 3
Server is waiting for connections on [172.31.16.179:30055]...
Server (53) shutdown.
Server is exiting...
Namespace(cache_server_addr='127.0.0.1', cache_server_port=32451, graph_name='ogbn-products', id=None, ip_config='ip_config4.txt', part_config=None, n_classes=None, num_gpus=8, num_epochs=20, num_hidden=256, model_num_hidden=256, fan_out='5,10,15', batch_size=1000, batch_size_eval=100000, log_every=20, eval_every=1, lr=0.003, dropout=0.5, local_rank=None, standalone=False, sparse_lr=0.01, presampling=True, hot_threshold=0.1, emb_cache_rate=0.2, optim='adam', model='gcn', infer_method='layerwise', state_cache=False)
start graph service on server 63 for part 3
Server is waiting for connections on [172.31.16.179:30065]...
Server (63) shutdown.
Server is exiting...
Namespace(cache_server_addr='127.0.0.1', cache_server_port=32451, graph_name='ogbn-products', id=None, ip_config='ip_config4.txt', part_config=None, n_classes=None, num_gpus=8, num_epochs=20, num_hidden=256, model_num_hidden=256, fan_out='5,10,15', batch_size=1000, batch_size_eval=100000, log_every=20, eval_every=1, lr=0.003, dropout=0.5, local_rank=None, standalone=False, sparse_lr=0.01, presampling=True, hot_threshold=0.1, emb_cache_rate=0.2, optim='adam', model='gcn', infer_method='layerwise', state_cache=False)
start graph service on server 21 for part 1
Server is waiting for connections on [172.31.25.229:30055]...
Server (21) shutdown.
Server is exiting...
Namespace(cache_server_addr='127.0.0.1', cache_server_port=32451, graph_name='ogbn-products', id=None, ip_config='ip_config4.txt', part_config=None, n_classes=None, num_gpus=8, num_epochs=20, num_hidden=256, model_num_hidden=256, fan_out='5,10,15', batch_size=1000, batch_size_eval=100000, log_every=20, eval_every=1, lr=0.003, dropout=0.5, local_rank=None, standalone=False, sparse_lr=0.01, presampling=True, hot_threshold=0.1, emb_cache_rate=0.2, optim='adam', model='gcn', infer_method='layerwise', state_cache=False)
start graph service on server 19 for part 1
Server is waiting for connections on [172.31.25.229:30053]...
Server (19) shutdown.
Server is exiting...
Namespace(cache_server_addr='127.0.0.1', cache_server_port=32451, graph_name='ogbn-products', id=None, ip_config='ip_config4.txt', part_config=None, n_classes=None, num_gpus=8, num_epochs=20, num_hidden=256, model_num_hidden=256, fan_out='5,10,15', batch_size=1000, batch_size_eval=100000, log_every=20, eval_every=1, lr=0.003, dropout=0.5, local_rank=None, standalone=False, sparse_lr=0.01, presampling=True, hot_threshold=0.1, emb_cache_rate=0.2, optim='adam', model='gcn', infer_method='layerwise', state_cache=False)
start graph service on server 59 for part 3
Server is waiting for connections on [172.31.16.179:30061]...
Server (59) shutdown.
Server is exiting...
Namespace(cache_server_addr='127.0.0.1', cache_server_port=32451, graph_name='ogbn-products', id=None, ip_config='ip_config4.txt', part_config=None, n_classes=None, num_gpus=8, num_epochs=20, num_hidden=256, model_num_hidden=256, fan_out='5,10,15', batch_size=1000, batch_size_eval=100000, log_every=20, eval_every=1, lr=0.003, dropout=0.5, local_rank=None, standalone=False, sparse_lr=0.01, presampling=True, hot_threshold=0.1, emb_cache_rate=0.2, optim='adam', model='gcn', infer_method='layerwise', state_cache=False)
start graph service on server 40 for part 2
Server is waiting for connections on [172.31.20.203:30058]...
Server (40) shutdown.
Server is exiting...
Namespace(cache_server_addr='127.0.0.1', cache_server_port=32451, graph_name='ogbn-products', id=None, ip_config='ip_config4.txt', part_config=None, n_classes=None, num_gpus=8, num_epochs=20, num_hidden=256, model_num_hidden=256, fan_out='5,10,15', batch_size=1000, batch_size_eval=100000, log_every=20, eval_every=1, lr=0.003, dropout=0.5, local_rank=None, standalone=False, sparse_lr=0.01, presampling=True, hot_threshold=0.1, emb_cache_rate=0.2, optim='adam', model='gcn', infer_method='layerwise', state_cache=False)
start graph service on server 47 for part 2
Server is waiting for connections on [172.31.20.203:30065]...
Server (47) shutdown.
Server is exiting...
Namespace(cache_server_addr='127.0.0.1', cache_server_port=32451, graph_name='ogbn-products', id=None, ip_config='ip_config4.txt', part_config=None, n_classes=None, num_gpus=8, num_epochs=20, num_hidden=256, model_num_hidden=256, fan_out='5,10,15', batch_size=1000, batch_size_eval=100000, log_every=20, eval_every=1, lr=0.003, dropout=0.5, local_rank=None, standalone=False, sparse_lr=0.01, presampling=True, hot_threshold=0.1, emb_cache_rate=0.2, optim='adam', model='gcn', infer_method='layerwise', state_cache=False)
start graph service on server 33 for part 2
Server is waiting for connections on [172.31.20.203:30051]...
Server (33) shutdown.
Server is exiting...
Namespace(cache_server_addr='127.0.0.1', cache_server_port=32451, graph_name='ogbn-products', id=None, ip_config='ip_config4.txt', part_config=None, n_classes=None, num_gpus=8, num_epochs=20, num_hidden=256, model_num_hidden=256, fan_out='5,10,15', batch_size=1000, batch_size_eval=100000, log_every=20, eval_every=1, lr=0.003, dropout=0.5, local_rank=None, standalone=False, sparse_lr=0.01, presampling=True, hot_threshold=0.1, emb_cache_rate=0.2, optim='adam', model='gcn', infer_method='layerwise', state_cache=False)
start graph service on server 42 for part 2
Server is waiting for connections on [172.31.20.203:30060]...
Server (42) shutdown.
Server is exiting...
Namespace(cache_server_addr='127.0.0.1', cache_server_port=32451, graph_name='ogbn-products', id=None, ip_config='ip_config4.txt', part_config=None, n_classes=None, num_gpus=8, num_epochs=20, num_hidden=256, model_num_hidden=256, fan_out='5,10,15', batch_size=1000, batch_size_eval=100000, log_every=20, eval_every=1, lr=0.003, dropout=0.5, local_rank=None, standalone=False, sparse_lr=0.01, presampling=True, hot_threshold=0.1, emb_cache_rate=0.2, optim='adam', model='gcn', infer_method='layerwise', state_cache=False)
start graph service on server 41 for part 2
Server is waiting for connections on [172.31.20.203:30059]...
Server (41) shutdown.
Server is exiting...
Namespace(cache_server_addr='127.0.0.1', cache_server_port=32451, graph_name='ogbn-products', id=None, ip_config='ip_config4.txt', part_config=None, n_classes=None, num_gpus=8, num_epochs=20, num_hidden=256, model_num_hidden=256, fan_out='5,10,15', batch_size=1000, batch_size_eval=100000, log_every=20, eval_every=1, lr=0.003, dropout=0.5, local_rank=None, standalone=False, sparse_lr=0.01, presampling=True, hot_threshold=0.1, emb_cache_rate=0.2, optim='adam', model='gcn', infer_method='layerwise', state_cache=False)
start graph service on server 38 for part 2
Server is waiting for connections on [172.31.20.203:30056]...
Server (38) shutdown.
Server is exiting...
Namespace(cache_server_addr='127.0.0.1', cache_server_port=32451, graph_name='ogbn-products', id=None, ip_config='ip_config4.txt', part_config=None, n_classes=None, num_gpus=8, num_epochs=20, num_hidden=256, model_num_hidden=256, fan_out='5,10,15', batch_size=1000, batch_size_eval=100000, log_every=20, eval_every=1, lr=0.003, dropout=0.5, local_rank=None, standalone=False, sparse_lr=0.01, presampling=True, hot_threshold=0.1, emb_cache_rate=0.2, optim='adam', model='gcn', infer_method='layerwise', state_cache=False)
start graph service on server 28 for part 1
Server is waiting for connections on [172.31.25.229:30062]...
Server (28) shutdown.
Server is exiting...
Namespace(cache_server_addr='127.0.0.1', cache_server_port=32451, graph_name='ogbn-products', id=None, ip_config='ip_config4.txt', part_config=None, n_classes=None, num_gpus=8, num_epochs=20, num_hidden=256, model_num_hidden=256, fan_out='5,10,15', batch_size=1000, batch_size_eval=100000, log_every=20, eval_every=1, lr=0.003, dropout=0.5, local_rank=None, standalone=False, sparse_lr=0.01, presampling=True, hot_threshold=0.1, emb_cache_rate=0.2, optim='adam', model='gcn', infer_method='layerwise', state_cache=False)
start graph service on server 29 for part 1
Server is waiting for connections on [172.31.25.229:30063]...
Server (29) shutdown.
Server is exiting...
Namespace(cache_server_addr='127.0.0.1', cache_server_port=32451, graph_name='ogbn-products', id=None, ip_config='ip_config4.txt', part_config=None, n_classes=None, num_gpus=8, num_epochs=20, num_hidden=256, model_num_hidden=256, fan_out='5,10,15', batch_size=1000, batch_size_eval=100000, log_every=20, eval_every=1, lr=0.003, dropout=0.5, local_rank=None, standalone=False, sparse_lr=0.01, presampling=True, hot_threshold=0.1, emb_cache_rate=0.2, optim='adam', model='gcn', infer_method='layerwise', state_cache=False)
start graph service on server 37 for part 2
Server is waiting for connections on [172.31.20.203:30055]...
Server (37) shutdown.
Server is exiting...
Namespace(cache_server_addr='127.0.0.1', cache_server_port=32451, graph_name='ogbn-products', id=None, ip_config='ip_config4.txt', part_config=None, n_classes=None, num_gpus=8, num_epochs=20, num_hidden=256, model_num_hidden=256, fan_out='5,10,15', batch_size=1000, batch_size_eval=100000, log_every=20, eval_every=1, lr=0.003, dropout=0.5, local_rank=None, standalone=False, sparse_lr=0.01, presampling=True, hot_threshold=0.1, emb_cache_rate=0.2, optim='adam', model='gcn', infer_method='layerwise', state_cache=False)
start graph service on server 44 for part 2
Server is waiting for connections on [172.31.20.203:30062]...
Server (44) shutdown.
Server is exiting...
Namespace(cache_server_addr='127.0.0.1', cache_server_port=32451, graph_name='ogbn-products', id=None, ip_config='ip_config4.txt', part_config=None, n_classes=None, num_gpus=8, num_epochs=20, num_hidden=256, model_num_hidden=256, fan_out='5,10,15', batch_size=1000, batch_size_eval=100000, log_every=20, eval_every=1, lr=0.003, dropout=0.5, local_rank=None, standalone=False, sparse_lr=0.01, presampling=True, hot_threshold=0.1, emb_cache_rate=0.2, optim='adam', model='gcn', infer_method='layerwise', state_cache=False)
start graph service on server 34 for part 2
Server is waiting for connections on [172.31.20.203:30052]...
Server (34) shutdown.
Server is exiting...
Namespace(cache_server_addr='127.0.0.1', cache_server_port=32451, graph_name='ogbn-products', id=None, ip_config='ip_config4.txt', part_config=None, n_classes=None, num_gpus=8, num_epochs=20, num_hidden=256, model_num_hidden=256, fan_out='5,10,15', batch_size=1000, batch_size_eval=100000, log_every=20, eval_every=1, lr=0.003, dropout=0.5, local_rank=None, standalone=False, sparse_lr=0.01, presampling=True, hot_threshold=0.1, emb_cache_rate=0.2, optim='adam', model='gcn', infer_method='layerwise', state_cache=False)
start graph service on server 39 for part 2
Server is waiting for connections on [172.31.20.203:30057]...
Server (39) shutdown.
Server is exiting...
Namespace(cache_server_addr='127.0.0.1', cache_server_port=32451, graph_name='ogbn-products', id=None, ip_config='ip_config4.txt', part_config=None, n_classes=None, num_gpus=8, num_epochs=20, num_hidden=256, model_num_hidden=256, fan_out='5,10,15', batch_size=1000, batch_size_eval=100000, log_every=20, eval_every=1, lr=0.003, dropout=0.5, local_rank=None, standalone=False, sparse_lr=0.01, presampling=True, hot_threshold=0.1, emb_cache_rate=0.2, optim='adam', model='gcn', infer_method='layerwise', state_cache=False)
start graph service on server 45 for part 2
Server is waiting for connections on [172.31.20.203:30063]...
Server (45) shutdown.
Server is exiting...
Namespace(cache_server_addr='127.0.0.1', cache_server_port=32451, graph_name='ogbn-products', id=None, ip_config='ip_config4.txt', part_config=None, n_classes=None, num_gpus=8, num_epochs=20, num_hidden=256, model_num_hidden=256, fan_out='5,10,15', batch_size=1000, batch_size_eval=100000, log_every=20, eval_every=1, lr=0.003, dropout=0.5, local_rank=None, standalone=False, sparse_lr=0.01, presampling=True, hot_threshold=0.1, emb_cache_rate=0.2, optim='adam', model='gcn', infer_method='layerwise', state_cache=False)
start graph service on server 43 for part 2
Server is waiting for connections on [172.31.20.203:30061]...
Server (43) shutdown.
Server is exiting...
Namespace(cache_server_addr='127.0.0.1', cache_server_port=32451, graph_name='ogbn-products', id=None, ip_config='ip_config4.txt', part_config=None, n_classes=None, num_gpus=8, num_epochs=20, num_hidden=256, model_num_hidden=256, fan_out='5,10,15', batch_size=1000, batch_size_eval=100000, log_every=20, eval_every=1, lr=0.003, dropout=0.5, local_rank=None, standalone=False, sparse_lr=0.01, presampling=True, hot_threshold=0.1, emb_cache_rate=0.2, optim='adam', model='gcn', infer_method='layerwise', state_cache=False)
start graph service on server 35 for part 2
Server is waiting for connections on [172.31.20.203:30053]...
Server (35) shutdown.
Server is exiting...
Namespace(cache_server_addr='127.0.0.1', cache_server_port=32451, graph_name='ogbn-products', id=None, ip_config='ip_config4.txt', part_config=None, n_classes=None, num_gpus=8, num_epochs=20, num_hidden=256, model_num_hidden=256, fan_out='5,10,15', batch_size=1000, batch_size_eval=100000, log_every=20, eval_every=1, lr=0.003, dropout=0.5, local_rank=None, standalone=False, sparse_lr=0.01, presampling=True, hot_threshold=0.1, emb_cache_rate=0.2, optim='adam', model='gcn', infer_method='layerwise', state_cache=False)
start graph service on server 46 for part 2
Server is waiting for connections on [172.31.20.203:30064]...
Server (46) shutdown.
Server is exiting...
Client [199895] waits on 172.31.16.179:34691
Machine (3) group (0) client (2) connect to server successfuly!
Client[2] in group[0] is exiting...
Client [199569] waits on 172.31.16.179:58643
Machine (3) group (0) client (13) connect to server successfuly!
Client[13] in group[0] is exiting...
Client [199763] waits on 172.31.16.179:36185
Machine (3) group (0) client (4) connect to server successfuly!
Client[4] in group[0] is exiting...
Client [199829] waits on 172.31.16.179:58315
Machine (3) group (0) client (12) connect to server successfuly!
Client[12] in group[0] is exiting...
Client [199976] waits on 172.31.16.179:51943
Machine (3) group (0) client (10) connect to server successfuly!
Client[10] in group[0] is exiting...
Client [199567] waits on 172.31.16.179:51397
Machine (3) group (0) client (9) connect to server successfuly!
Client[9] in group[0] is exiting...
Client [371201] waits on 172.31.20.34:40251
Machine (0) group (0) client (40) connect to server successfuly!
Client[40] in group[0] is exiting...
Client [199568] waits on 172.31.16.179:36107
Machine (3) group (0) client (3) connect to server successfuly!
Client[3] in group[0] is exiting...
Client [192020] waits on 172.31.20.203:50187
Machine (2) group (0) client (24) connect to server successfuly!
Client[24] in group[0] is exiting...
Client [371449] waits on 172.31.20.34:54277
Machine (0) group (0) client (44) connect to server successfuly!
Client[44] in group[0] is exiting...
Client [371118] waits on 172.31.20.34:33461
Machine (0) group (0) client (33) connect to server successfuly!
Client[33] in group[0] is exiting...
Client [192158] waits on 172.31.20.203:47269
Machine (2) group (0) client (23) connect to server successfuly!
Client[23] in group[0] is exiting...
Client [371448] waits on 172.31.20.34:37779
Machine (0) group (0) client (35) connect to server successfuly!
Client[35] in group[0] is exiting...
Client [192088] waits on 172.31.20.203:42469
Machine (2) group (0) client (17) connect to server successfuly!
Client[17] in group[0] is exiting...
Client [371253] waits on 172.31.20.34:56677
Machine (0) group (0) client (46) connect to server successfuly!
Client[46] in group[0] is exiting...
Client [192125] waits on 172.31.20.203:39489
Machine (2) group (0) client (16) connect to server successfuly!
Client[16] in group[0] is exiting...
Client [192834] waits on 172.31.25.229:37849
Machine (1) group (0) client (50) connect to server successfuly!
Client[50] in group[0] is exiting...
Client [192764] waits on 172.31.25.229:60757
Machine (1) group (0) client (63) connect to server successfuly!
Client[63] in group[0] is exiting...
Client [371604] waits on 172.31.20.34:37955
Machine (0) group (0) client (36) connect to server successfuly!
Client[36] in group[0] is exiting...
Client [371121] waits on 172.31.20.34:42595
Machine (0) group (0) client (41) connect to server successfuly!
Client[41] in group[0] is exiting...
Client [192091] waits on 172.31.20.203:54405
Machine (2) group (0) client (26) connect to server successfuly!
Client[26] in group[0] is exiting...
Client [192421] waits on 172.31.20.203:44209
Machine (2) group (0) client (21) connect to server successfuly!
Client[21] in group[0] is exiting...
Client [193190] waits on 172.31.25.229:33401
Machine (1) group (0) client (48) connect to server successfuly!
Client[48] in group[0] is exiting...
Client [192157] waits on 172.31.20.203:42605
Machine (2) group (0) client (18) connect to server successfuly!
Client[18] in group[0] is exiting...
Client [192784] waits on 172.31.25.229:47261
Machine (1) group (0) client (55) connect to server successfuly!
Client[55] in group[0] is exiting...
Client [193119] waits on 172.31.25.229:43023
Machine (1) group (0) client (54) connect to server successfuly!
Client[54] in group[0] is exiting...
Client [192835] waits on 172.31.25.229:39917
Machine (1) group (0) client (51) connect to server successfuly!
Client[51] in group[0] is exiting...
Client [192927] waits on 172.31.25.229:59947
Machine (1) group (0) client (62) connect to server successfuly!
Client[62] in group[0] is exiting...
Client [200057] waits on 172.31.16.179:59641
Machine (3) group (0) client (15) connect to server successfuly!
Client[15] in group[0] is exiting...
Client [371187] waits on 172.31.20.34:56231
Machine (0) group (0) client (45) connect to server successfuly!
Client[45] in group[0] is exiting...
Client [192517] waits on 172.31.20.203:55969
Machine (2) group (0) client (29) connect to server successfuly!
Client[29] in group[0] is exiting...
Client [192699] waits on 172.31.25.229:59185
Machine (1) group (0) client (61) connect to server successfuly!
Client[61] in group[0] is exiting...
cleanup process runs
